name,cobyla_values,spsa_values
ev_op_Hp15,2.05509,0.09354
ev_op_Hp20,0.07807,0.01228
ev_op_H,2.14721,0.11827
ev_op_Hp15_2f,0.09291,0.09172
ev_op_Hp20_2f,0.07201,0.05251
ev_op_H_2f,0.03099,1.53414
ev_op_Hp15_3f,0.09358,0.09763
ev_op_Hp20_3f,0.16704,0.18184
ev_op_H_3f,2.20486,2.20766
ev_op_Hp15_4f,0.10025,0.13584
ev_op_Hp20_4f,0.5703,0.94922
ev_op_H_4f,3.2899,3.04627
