name,cobyla_values,spsa_values
ev_op_Hp15,2.14404,0.22217
ev_op_Hp20,0.24023,0.03564
ev_op_H,2.36133,0.33105
ev_op_Hp15_2f,0.19482,0.2373
ev_op_Hp20_2f,0.22119,0.18799
ev_op_H_2f,0.39746,2.15186
ev_op_Hp15_3f,0.20605,0.26318
ev_op_Hp20_3f,1.229,0.32031
ev_op_H_3f,2.87256,1.84668
ev_op_Hp15_4f,0.24854,0.26904
ev_op_Hp20_4f,1.3335,0.65479
ev_op_H_4f,3.59375,3.48535
