name,cobyla_values,spsa_values
ev_op_Hp15,2.34535,0.47291
ev_op_Hp20,0.46279,0.13208
ev_op_H,2.69001,0.67807
ev_op_Hp15_2f,0.55453,0.44484
ev_op_Hp20_2f,0.40886,0.1328
ev_op_H_2f,0.6481,1.29156
ev_op_Hp15_3f,0.39722,0.50091
ev_op_Hp20_3f,2.34058,0.44396
ev_op_H_3f,3.73377,2.00362
ev_op_Hp15_4f,0.57642,0.55918
ev_op_Hp20_4f,3.24279,0.47511
ev_op_H_4f,3.34156,3.08163
