name,cobyla_values,spsa_values
ev_op_Hp15,2.87744,0.87207
ev_op_Hp20,0.67041,0.20508
ev_op_H,3.51416,1.40527
ev_op_Hp15_2f,0.92383,0.88135
ev_op_Hp20_2f,3.04639,0.41748
ev_op_H_2f,3.05371,1.17822
ev_op_Hp15_3f,0.88379,0.90771
ev_op_Hp20_3f,0.625,0.82568
ev_op_H_3f,3.80322,2.17969
ev_op_Hp15_4f,0.95947,0.93457
ev_op_Hp20_4f,2.89307,1.25342
ev_op_H_4f,2.73145,2.16602
