name,cobyla_values,spsa_values
ev_op_Hp15,3.12106,3.19377
ev_op_Hp20,3.11756,3.15612
ev_op_Hp25,3.17782,3.14337
ev_op_Hp30,3.32965,3.16268
ev_op_Hp15_2f,3.13053,3.12846
ev_op_Hp20_2f,3.23598,3.19462
ev_op_Hp25_2f,3.33135,3.12774
ev_op_Hp30_2f,3.47127,3.1316
