name,cobyla_values,spsa_values
ev_op_Hp15,3.62082,3.75863
ev_op_Hp20,3.84073,3.50884
ev_op_Hp25,3.35342,3.48718
ev_op_Hp30,3.36268,3.54551
ev_op_Hp15_2f,4.35314,3.71765
ev_op_Hp20_2f,3.75998,3.45539
ev_op_Hp25_2f,4.92616,3.76259
ev_op_Hp30_2f,4.75916,3.71206
