name,cobyla_values,spsa_values
ev_op_Hp15,5.18872,5.26024
ev_op_Hp20,4.48164,4.82453
ev_op_Hp25,6.16766,4.63808
ev_op_Hp30,4.88188,4.26867
ev_op_Hp15_2f,3.8333,4.12574
ev_op_Hp20_2f,5.55726,4.1024
ev_op_Hp25_2f,7.39414,4.52611
ev_op_Hp30_2f,6.01181,4.76864
