,ev_op_Hp15,ev_op_Hp20,ev_op_Hp25,ev_op_Hp30,ev_op_Hp15_2f,ev_op_Hp20_2f,ev_op_Hp25_2f,ev_op_Hp30_2f
0,26.983647759809813,33.32210155033796,27.42139519166882,25.54072373423884,23.17814716913361,22.82040623857561,24.9297972729992,27.153817133822866
1,18.06597957074374,31.34484191639181,27.9521848709534,27.26781386141566,31.42537450274491,20.37186907720955,24.781205307995783,21.7667885346709
2,22.328176950825515,32.45060657211442,24.621004703231694,29.13950750501112,28.574491087329164,20.357543987924377,25.394588506561703,26.22510872678153
3,24.573404336724305,29.451048015708228,33.696793749586526,26.715415829085583,28.97706832732425,23.140500015885397,28.268861313565985,25.23132519412641
4,25.010698391350115,29.86847767432968,24.37572524945313,27.11743176242934,27.611132352423265,23.00327936118499,24.01093689799207,26.487231973774907
5,21.20354649381094,33.27119366875068,28.389479817303155,27.944115586123367,25.900913713662764,25.316610538766756,31.368537547059525,24.521001466520524
6,18.929044598409824,31.448095808367583,29.535595892160988,29.270077072516013,30.22776554884513,24.43793697279972,27.771504047850605,22.60325084565312
7,26.26220881794628,33.105805443067446,25.1182759375874,26.877141404088164,29.13791499516473,19.937640985332585,23.86860945274644,25.0808157830294
8,21.260184227247148,33.8179758505292,26.929277969047533,27.55660791939738,30.225344178320416,25.848816696665505,24.1118710756422,23.96568475400423
9,24.352495635780247,32.14230833699793,26.119849306660537,25.61906777964901,24.084351316166497,23.19871707681476,28.594214081533035,26.681571722781484
10,19.81699439605299,32.147459732587286,25.241130743316265,22.522003276990283,29.48244767433057,23.213582973321746,24.611071590265084,26.432914132857515
11,26.03761016659883,31.77616515109881,29.58054195605361,28.717569474863776,26.11619247208675,26.494349634908005,26.97587464765718,23.55336770198216
12,29.404426681943644,32.355286363967096,29.24788070671847,26.003643506344243,21.636463698206,28.04710840695924,22.893080910120183,24.898321596501702
13,16.880368859359393,29.855204864287224,24.5428690276462,27.95912521801547,33.36925641739578,20.30905349765121,25.638665480763848,24.522896610949328
14,28.238525022946455,33.20771316478921,30.260683986553573,24.29076881329875,30.80709994525029,21.560950895400943,24.1296273274485,25.353959219524576
15,18.369029670816023,31.71674858338408,23.59494056070236,31.38189060022479,27.554356901855225,24.191757063719923,28.593975887976143,23.80627135422087
16,26.24829840968049,31.79597544878682,24.29424805777453,27.04725033962252,29.377419530474867,23.17407717500245,27.83363759750272,27.44096630722843
17,21.05359813011288,32.82340442362039,31.84090397015697,27.69814585954481,27.25861380169857,23.153268213453792,25.940833509200505,24.976931881554325
18,20.720329509268023,31.018833485387795,28.20214893554409,30.29629629488492,25.93509135731062,23.625643725116426,27.11235990217334,23.373492739557097
19,25.76103340052474,31.78979802043725,26.454822731370385,25.70080380020387,32.078410312171826,19.403524584337013,27.71129702894379,28.458826016625835
20,29.18648921104856,30.00590523432419,27.46548153793831,25.14351797337697,33.25271924216023,16.936217443622702,22.64606306714551,24.947139195131303
21,16.935941878094393,34.61463236998771,24.85215247477202,29.339916051700467,24.735896171521773,21.36436562977104,22.41992802586757,25.40499347950228
22,21.69382420115625,31.62427376349821,29.86109529603655,27.71660041371868,25.78492680939462,18.579734104323425,23.01404223776967,25.57856517624561
23,25.607460218526096,31.08354619843227,27.87871161904192,26.287235446414847,24.659487077256063,24.777730098704936,24.32227534298462,24.419706628839936
24,24.09106195608485,30.823305488764262,27.6587352871938,26.984011993849236,27.160995521113197,21.63345055577144,22.662905812750218,22.76608450114106
25,22.066178202539767,32.753729889444045,28.70748401538352,26.26024743919603,29.53855078512525,23.82374129456509,24.6471214478418,21.908302278371917
26,20.47710819740788,31.06117821925538,26.11820710255656,27.308754932268503,28.143288835159364,21.45969775397135,24.01290045580197,25.14989803108228
27,27.227973204670597,34.486404613240225,26.83556815113221,27.08698497603225,30.046471872852983,25.502655442950683,26.72531019376682,26.615699757067105
28,25.98648816422609,33.17999370198295,27.15719424019653,28.95446618442189,30.956606209080505,23.41145926160945,26.799091694646595,23.73513784399233
29,20.023749546728254,29.523862215783417,28.764157537082603,25.169035391806457,25.43766261667933,20.341251695372133,24.366207553917857,26.68954983451227
30,22.48367621903872,30.274489790052684,27.874305928002357,27.027720158161507,27.631503514577243,21.7754356859535,25.61187959839037,27.15548394287361
31,24.077808016000706,33.934489693612875,25.948071989432872,28.18912285769295,27.548441757034997,26.917076985502977,27.99589592767737,23.0428785723824
32,29.61057718049227,30.53707982103265,27.97435414516892,26.37452433768637,24.116048053711825,18.713123574331966,26.119669421756853,24.678058832236115
33,15.556414585341098,34.95974493129159,26.28619543189285,26.14959903205976,32.8436662158704,28.047172829266056,30.045955866450687,25.97924932011312
34,20.700181902393336,33.92397925003684,24.08803708452212,28.21189111940384,26.528806759520958,28.636096788779145,21.806942024128507,24.933181476670764
35,25.481451665695435,31.573601360792537,30.633805305495677,25.89638622294507,32.737837210971726,17.73229244590504,25.78533522726537,26.805387230743555
36,22.24910558503368,34.92864260210475,24.83315263751175,27.18933890445307,22.253158600816864,22.7186072355668,24.00289022456094,25.99422304961835
37,23.060866841550105,27.60300434057287,31.688930314195957,25.889159564278504,35.22107640439592,22.579784634890743,23.99301293138427,24.772003286505928
38,29.015219739361736,30.328567202415044,24.74633164742464,28.29686529081181,31.007987338781337,25.457571603575044,25.914488678016188,26.121230065339976
39,17.39904722582089,32.192873408711115,32.625325443401046,26.53865343613858,29.65561862545771,19.472233876567373,25.429349594308867,23.09707604763695
40,26.70461558872392,35.10245844503779,28.78710135077649,29.2695748290689,25.39107540681631,23.490771753763003,27.27963825549062,25.64633467901061
41,19.84751005292499,28.143137017415924,23.23087049164838,25.73621069408196,26.09391323889228,23.432467065807188,28.02096047129412,24.13843498587913
42,22.10670162887909,32.53668019187926,30.19835827924392,25.61396278857372,21.16634765290936,24.2520039006874,24.29158636732384,25.831573620237933
43,25.12604945156861,33.83842749041343,24.681619602081145,30.514831120827605,34.78570307218058,21.745141335803805,25.485423774555688,26.419208027879105
44,21.03857803860901,31.3340139802233,29.05663126327753,28.09919141464536,26.855526697602773,25.55041366199284,26.550658595820323,28.709097208334
45,24.397353451249373,32.985743104297875,26.870044004374567,23.52493756627983,27.46176880441332,19.70404226874517,23.37967368805341,24.58564149960725
46,21.610890963593768,31.426767255998836,24.53852262749437,26.711035484108773,24.99363063867968,18.429937212251403,24.82639709312653,26.617348793301367
47,23.844804792506224,33.62762023714402,27.951267308863635,28.068909523325903,31.63599695572882,26.529296134585863,25.16264683503429,26.02349988032364
48,17.79236927854072,32.621374302596024,24.364879106594564,25.180085704622886,29.072224261109103,22.595161751598805,23.08525525350832,26.100024144779976
49,26.752760878064944,32.71778586006769,32.187049835412004,28.61839154644636,24.97680489149512,24.571652571809864,26.116565668066954,22.80704201818151
50,26.935393623202373,32.06278232614361,29.608696831944965,27.670607882035288,27.274240530700965,21.61695181219721,24.979179495355396,26.95372265323399
51,22.2644651040066,32.99861846864718,23.838536518872683,28.11806839342664,27.753317996399456,22.79792531105938,25.02496014390503,24.66435052312996
52,24.182599441049945,33.66418681317192,26.06646139820285,25.14749834954466,23.71253856788475,24.79686132804827,25.509836211883275,25.36002429551222
53,20.167744620459867,29.506182708657423,28.86794132528417,28.25709872642405,32.81793522232971,18.60159193159462,28.04223516235677,23.957813874551924
54,20.012471921689063,20.980644584889003,24.64171020433344,25.602443080597624,32.414710582570585,25.47141311146796,30.350332400091315,24.858228941576314
55,19.54550388138281,21.81431378822006,24.411651203412728,24.803554941332397,30.93976082086213,19.4183328386484,25.62747929765269,24.13376004214508
56,17.064218119969418,17.86242035976901,26.039989418688624,23.71030096319454,30.172910404091493,17.36566223936357,24.80253922613302,23.37191630518086
57,20.93091353270116,25.43251860429385,24.471906420372147,27.56067223767177,31.775238481785248,22.337724429455243,26.847240922455978,24.23211992061296
58,18.903331909795863,16.220391517013386,21.83590185291548,26.9123810759636,33.18489872918704,21.13925141596729,23.68584048723786,24.167148141028942
59,16.565816530833555,20.51111598756455,27.631825257488885,28.406129474617227,27.311535132558003,15.04117529609595,23.616883725064227,24.79889307980814
60,17.639035851409876,17.663479706260972,25.520762097703702,27.972512310642983,22.837050940647647,24.678574653153536,27.854342078155,23.730614170701607
61,15.415305716788856,15.8223127233825,21.276214905357055,26.14354437893705,21.96751962758009,20.77581401126747,23.660905389064837,24.45401867163633
62,15.257007136757794,16.726881214908754,23.230550948483067,24.497407666041696,25.487269926070898,16.34204249455898,29.236078027706032,23.13287022864451
63,18.50990696496897,15.82903629829975,20.04502750612892,25.50477705814768,20.177417633545968,24.702498874383988,29.63994304518992,22.67072740110865
64,15.25777242768049,14.378523863231354,17.851805669992235,23.01353706078597,20.671241424466174,17.863688933262726,30.17695026157357,24.14597579980697
65,14.661800017760752,18.944030334284086,24.5187940677755,27.031402920241472,20.30436803787634,21.717057490527463,27.763259350625948,23.10266406629423
66,15.833344501381337,15.11201532531456,19.46239999175599,25.218103813481356,23.108834281327567,21.821004591185723,24.77876196475485,23.54552506291256
67,15.35664895179973,17.328327229458193,22.332656407318463,22.47645711919656,21.29101188501292,15.67239023223335,25.15169809901852,25.299730015186444
68,13.587493674410482,14.529578751365118,25.437154512916617,24.29899401134174,20.49448068315616,17.195592587896684,27.31713028441463,25.794892769797904
69,16.221998187043855,16.929168516594935,16.660708979963363,23.64225328587957,19.76611650703544,19.412797730320403,25.92156444089812,25.61743443719517
70,15.679315708517787,14.141267150347916,20.406390363562544,23.469502259672296,21.255979940065014,16.064228944986883,27.327611358279796,23.63956347936079
71,15.795151318438526,16.416106157124762,18.82119919677009,23.931997340610177,21.539550693917317,18.064898144303832,26.620697621565032,23.636936479836624
72,12.746210449902522,13.923850278174042,22.34616391464893,25.85769811751084,23.8532122208308,19.67733710127351,24.957035067321463,28.332245546849087
73,16.451283103229844,14.758083344502335,16.84188645079812,20.616375403609428,19.32890683692448,14.0033216400115,26.66212845264174,24.0675062140892
74,15.530580315613705,14.692184665863303,17.845136479574382,19.807166952197534,22.24304540692391,15.925194319308623,28.31265386305881,24.61741657539294
75,13.226352448634357,12.68073167427235,17.630243401741915,20.957596687992485,19.888234717791395,17.441702734086366,22.11586117776517,24.14394323688146
76,14.682290228374333,13.51285469821958,17.96442346871536,22.754466238724945,17.04302836424206,17.385553973788703,23.7759600460766,26.53165047661433
77,13.216517752939168,14.67626746260368,16.54126646042187,20.21894937686472,20.88313674259457,16.443328795842778,24.334555174800297,24.531046754059368
78,13.916373547902142,13.832400867439908,17.203269808093086,20.422031887260893,17.05301103831085,17.64176146939199,23.15967587244825,26.06942845965934
79,12.172114476158088,14.120687545256388,17.307952335217536,21.92133733603975,18.30394092715989,12.107143464227658,23.65202121285589,24.974380937222865
80,12.029802667373373,10.785622339473468,17.79566295375488,19.38372536861001,17.027106286391135,13.722953379237998,26.58278766068724,27.32321751081164
81,14.203987971251502,16.681821443856304,18.139857414190235,21.60231891198268,18.914985371091294,13.87831159111432,21.036218217244866,23.01520200504642
82,13.10927862188762,11.964414223347854,15.520369913102794,20.524139923087013,15.96234914479624,14.385156533392095,26.07952238331196,25.82473375794836
83,11.738774000868515,9.281819530388372,17.12832259520197,20.37480928049144,19.108914623976062,12.7377226975129,19.063446734757992,26.867123648128462
84,12.952362099785786,10.567394376931263,16.208451437026273,19.17955511307137,17.37127951393156,12.230671951989471,17.907668013026097,24.292906288524925
85,12.059502044974655,10.19238044257292,16.32528278714857,21.08762532094924,16.660928261749536,14.209101403848628,18.50428204279337,27.400522073128663
86,13.746152848500827,11.314439731654408,16.305406818263563,20.111865460836736,17.503601974396105,13.96575763513103,18.43415100260759,25.85023459101043
87,11.756896085454173,8.845308708388469,17.403075108017532,18.99787005200282,17.525908256430867,12.858429588224364,20.59329577469072,24.8826812779364
88,11.076309009845543,10.655488162380632,17.396938859615783,20.64375694301855,19.725434148835493,15.581190533244047,24.163722257517986,24.76934565850585
89,14.253073652550691,9.529600575628749,16.723874585801585,21.47240563893695,14.880000508271362,11.703682243178244,18.969051802627213,26.771999930976985
90,12.651999867688684,8.303235257276464,16.73227204755371,18.21882143037284,15.786957686377752,9.871627366178547,21.76002916474673,25.08130501032389
91,10.938290701923645,11.72504319963889,16.508559749943903,21.87594665284569,15.544325297279125,14.125966794755447,20.707814567770832,23.27638888463485
92,11.239900982774634,10.723884864778672,17.664497968613738,21.892401411815975,13.79612223575016,12.533639190903637,20.99892750450153,24.952442733999558
93,12.897196093842874,8.624523837343794,17.197636505167242,17.99138485872353,17.812610798215772,9.44117022519037,19.889834608131245,26.271703269177927
94,13.255543377162128,9.32315098466892,17.366089925798626,21.70518802662201,16.78317198273464,9.16599162484867,21.09950288476942,24.548158370386776
95,8.997841660130382,9.385732290953728,17.25164938225199,17.441144305730027,12.603793440248884,13.945286556727432,20.70381692877739,24.303866418236478
96,10.62371631815112,9.405220853390553,16.308195481722787,17.909229703504586,16.107145448979715,10.944360954370625,20.45728408828183,24.84809460253409
97,9.97096302225144,9.790647028920676,17.848708171891786,18.53165602546264,12.007636112390992,10.798407658291667,20.987898941678164,23.671223188943483
98,10.68598715409256,8.678859847678673,15.563060194442832,16.20724882805507,13.347216749653134,9.915742327468475,21.42827946461565,25.81674410150978
99,9.887441952269487,10.622407337866576,18.48973649961137,21.005409528344178,11.662471061888144,11.976277611965468,22.30166394770553,20.52783027798233
100,11.80676709340884,10.40081196965416,16.31242906029446,21.00289341964372,12.337930670277212,11.902970467157546,21.68730797793584,24.986248452639437
101,7.855927989683134,8.356306880872229,18.1802851788919,14.568729514204804,13.461525488877385,8.786705742639834,20.53441576415261,22.277645431722167
102,9.767077419128576,7.785971353383724,18.89104799608756,21.607319747031426,13.165687261101365,12.294226928936313,19.416904400269363,23.261427681588923
103,9.354512580756657,10.107846346599132,15.010606272674684,17.922943669756474,11.386077551004066,10.499508576606363,21.80291353192123,25.39297691608533
104,10.09919811532759,9.205206514179146,15.243355536884732,20.04810500898056,11.6614324882645,10.539461827301716,21.1513123249503,27.020031482301658
105,8.951834566189103,7.531463179807112,15.655261759495762,18.3497631098912,13.534372459113182,11.383727938692408,19.75892642792857,23.984005510549046
106,9.784484894996822,9.255049206394231,14.059858213385896,17.349078705715478,14.67575993471466,12.488191303567696,18.037510365223017,25.474566793157013
107,9.23868735326519,7.327019266974528,16.280352056334973,20.455414197120405,10.73190351647652,10.761059972167615,23.934556478449128,24.99793512869517
108,10.597867033304029,8.29774303461832,13.0755206137858,18.92906185079413,13.901521032743087,11.198208333005496,24.125469913075584,25.89785877044972
109,7.78200127286674,7.872692577598094,17.06552788654138,17.750833350758732,9.817290936391114,8.905010310888134,20.053264876790585,23.36647768599165
110,9.400109636456454,8.161970994057233,15.66207425945806,18.07352486940915,9.81130109160709,9.39924951438882,20.780158786606755,25.88459560095534
111,7.6861847257979825,8.528375677152267,13.11568639724289,19.300055904219757,12.668863676639038,12.93059277713969,22.08109010727552,23.017861326977027
112,7.108705493779201,8.220630520219274,12.985860992785415,18.59286153547936,9.8500921047665,9.717306625990153,18.91883924550569,22.94613161025193
113,10.337671274344466,7.947203844628198,15.542127228876195,18.470111807586797,11.417661586435257,10.681549121863888,23.237287988420302,23.212707639806315
114,7.639472959261196,7.700794357773648,11.981389618188429,17.847313532883543,10.449185229076374,12.362444478021532,21.110286177604628,23.009497757691165
115,9.747103665650414,8.273642303630867,13.089149856060605,19.898531142061564,9.371331733931637,9.29338948113126,19.776793346449328,22.928824442716937
116,7.310524390030731,6.810837337946731,13.596761432118846,19.198916616606933,10.256735143053008,9.354276208041316,18.89437304782327,23.533821389501394
117,8.493160866438977,9.396785928387793,12.322273047592722,19.021282395430507,9.838783011675073,7.834779702329817,19.22453498081609,22.25248794572321
118,6.843601516063679,6.281013685921353,11.18527277168325,14.833380891680484,10.567832452092452,9.339918336652447,21.705113257865197,23.87888315838829
119,8.790456222361058,9.017969438865167,16.186373828163294,22.07640603950545,9.948356617213676,9.40496394135396,19.21592378348265,25.07888638505518
120,6.658037748704628,6.163468173888169,11.552555391219032,20.40195868370784,9.324495911390994,11.489575262578091,23.419551112174712,22.256459858438493
121,9.06848949654375,8.426114074268657,12.974676217487648,18.802904703727748,11.653886107387374,9.408889654599536,18.74855030699728,22.451134480407468
122,7.2616471532306015,5.636183030089254,11.273577188002651,19.94908398820434,8.602193429268327,11.436006079839869,25.202857747578257,22.64136838334166
123,7.369306879764076,7.968087546962319,14.143385784897209,16.95542721515385,10.9595187227648,6.9739752902860905,20.728348055766624,23.080062152235435
124,7.319788562882702,6.300389761430675,12.964297959626188,17.31748835271243,11.285398788560045,8.086072698726712,22.028684919391235,23.72580415056606
125,8.003040153897713,6.781277912719109,11.682381729430908,20.16156620542329,10.303467140932996,7.920762351274614,22.648687849613765,27.47719887253149
126,9.068450097661229,6.466879883236133,13.578281921553748,18.370781385487103,10.048672312860136,7.804671662303583,20.140392698360344,23.21334246513173
127,6.099771056529008,6.908720063647969,10.572649796824718,18.506464327411003,9.60646752027594,9.783988723550593,22.23572340947708,25.11523501316056
128,7.573086050072091,6.406550681272765,12.191345178660097,21.23280218156385,9.228922599485994,9.204200335554424,25.44662161172121,25.36733814881553
129,6.762014958107182,6.5853387740956775,12.209735277131408,16.867452551360042,11.07055101030748,7.967693890020203,17.444095444385113,25.170850581615536
130,6.098714815155042,6.936943600041558,15.639802797423718,20.4299732617806,9.185455611662464,8.214620720623236,19.255898192067168,25.453038706623587
131,7.632934116729735,6.190048914472324,8.134848482932302,19.30007582276635,10.515042657908667,8.636142388741531,22.256005274268077,23.17664124009707
132,6.379331462684318,6.794680151543114,9.485763861179914,22.116921292189843,7.777468262630184,9.965417249739026,20.16706098992006,24.61988372037005
133,7.74074347352439,6.299257893977351,9.348859870468113,15.307253978285496,12.491872092185078,9.995970618977925,18.365669403866445,23.770564886956382
134,7.303861526275539,7.434717242919986,8.795068909538909,16.814613263139837,8.2456069903876,7.953520007686542,19.431770987644285,24.23030797268833
135,6.541290817649412,5.861042435721295,9.753790190292674,19.121438672478654,8.782259104448407,9.987984089402817,19.62927105589897,21.169538316794103
136,5.913916197597407,5.533443321672828,9.36099149595761,16.732000816858726,8.553390502959662,10.457641214017448,18.93085277834981,20.35587578679021
137,7.528766959393539,6.512403208947156,9.657868316744288,18.119030468094603,9.120643315473709,8.582928791237435,19.629693495189738,22.649542119824524
138,7.85494587917414,5.8578121432757095,9.652691926175075,19.994012838045236,10.356503363871422,11.253045431444852,20.942453487839728,24.883464983739668
139,6.198246366363401,7.041880708795903,9.883086273375396,14.186825206661918,8.255981223289762,6.634123200434046,20.006339583588225,22.85119260537904
140,5.128973885037899,6.336013111077961,9.721841334851646,16.195866465371388,7.901500039657855,6.796408238076909,21.07888437117,24.220427386004943
141,7.881678108356274,6.717992043907253,10.135468956635536,17.580074881446258,8.510666018550642,8.739904796524671,21.44702833402001,19.772142984621105
142,6.243837468566752,5.94244575846543,9.400959455711815,16.720068492753754,6.921219006586891,8.64994057366016,21.656793409183276,22.20698646914678
143,6.345054719250319,6.522394829368698,8.982497062129536,17.4436145362312,10.037089362617964,8.474382918864016,20.84113796358283,23.11572331613514
144,6.901668131279101,6.099131803518987,9.823950405992896,15.243447640322,6.836848405919259,6.135464785382786,19.32908277821537,23.265299006450995
145,6.514990574905774,6.547683674527151,9.784141266631543,16.525906071118754,8.686997135467177,8.69389090887789,23.341990600050785,21.27801296439682
146,4.645933458440403,6.260917279990919,9.998086955585991,16.48485902597486,7.7561909743126,8.788337510952724,20.18856686390727,22.275786189070946
147,8.036840740528149,6.565434574980007,9.855741438632522,15.244574541086752,8.030193659650395,8.477697351727295,18.71748951200561,24.13434945017964
148,6.394659634150889,5.391037074504849,10.25114608526506,15.37302213393477,5.910123868379136,7.41310339656105,21.093956654301564,24.190345231122805
149,5.473498921284641,7.081353293272053,9.103672898405534,17.39825347004672,8.428091793934913,6.267699724218504,21.02543563210874,19.27815272969525
150,5.109945390841441,5.941287773498546,10.42935176921284,15.91061164609472,9.65732567437125,8.569127226302426,22.53821391413996,22.945228201091677
151,7.594059999260092,6.422735362094782,9.59244797611562,15.165195856081295,6.22071993339431,8.238298233229129,17.67668581339768,21.522636993110574
152,5.991154385393119,5.567208014276028,8.809143035104654,16.079201168070963,6.861341464181751,6.8886069605836,21.74120309991066,24.81160729951632
153,5.636486938935113,6.366541154479339,10.810996635130758,15.9321738871116,8.798870595423713,7.1028520992971504,19.46863286609089,21.386461391809654
154,5.929524348428044,5.317820500216385,10.717727550656894,16.76572502887743,7.409806860736855,9.15255703926534,19.69342070602022,24.07289988823676
155,5.806235324830499,6.57090091226556,7.613588297029451,16.205235979259736,7.685532136653688,7.950526735983528,20.516878729493648,22.83524763841353
156,5.505236620513981,5.353287871325732,10.34945362648537,15.825625871355289,6.210207550887206,6.717468879817341,17.70060605869025,24.045763937377576
157,5.74326590574774,6.32552360789411,8.261781139504473,17.004708837500722,7.838881577310477,8.53033834772899,19.220190832107964,23.53940016059621
158,5.387849334536684,6.551627853833908,9.615267111827098,15.118894019929314,6.640938854501372,8.155393199915247,21.75200243193959,22.5038312102242
159,6.46929401584684,5.904569547458647,9.08310902328013,16.034313421530868,7.625054048519501,8.376103606804419,17.839413754103745,23.861924815750648
160,5.4609061458126416,5.692385214265986,6.791072354560294,15.024695065687409,8.279289735137294,5.505713186985722,15.153958995392742,23.631187325663397
161,6.259492138253142,6.434060350394631,10.903970028671983,15.91196310057554,7.920684443079047,8.186955594872533,21.540736085416384,23.7766825410452
162,5.24047853804329,5.510320417292627,6.492235576807319,15.015281663310056,6.391278532752647,6.875120565644711,17.22091399658483,26.41174869725331
163,6.330336909511276,6.454485566319005,10.75640168150126,17.41169305481693,8.41291280986217,7.321816296790783,18.802586911561463,21.892901047640112
164,5.648329209703396,6.968909250626608,6.711116298247913,15.487316220255842,6.1497264062111725,7.8841774232815585,20.89061011779228,28.015334243033333
165,5.719385758033563,4.837637934723615,9.85089370873933,16.427253938927826,6.9389430206327365,6.229664991978719,17.04205060122447,24.382547505769686
166,5.399279937155824,5.197637583171535,8.442584044568362,13.158752387703164,6.669007425458802,6.231571371735806,21.38866870492778,26.70592431897342
167,6.312737972533521,6.159094094309555,8.231944711876492,17.579744657775645,7.598656382609407,6.4095094249474895,18.249908956393696,26.175382560653343
168,5.78841499986996,5.948021419518116,6.119229845477832,16.850145845908333,6.789211905919056,6.527169779092744,18.700401500690337,26.143925100356157
169,5.55713988926437,6.1088243565525975,8.270022252330055,14.484973447404055,6.496950415624546,7.179420772059607,18.834734783312463,24.390182159261634
170,5.233162157288517,5.784356219146019,6.182682546242298,13.362702373717298,6.340041416561321,8.093127679164693,15.617542416852112,26.408433043678546
171,6.58084294074607,6.435236349208643,7.907399879855765,16.317341126530472,5.212929743595162,7.3206215889996,19.794666077095805,24.76648186255112
172,5.141726411564769,6.718815972447629,6.368616184325114,15.05317103766723,5.506646024814619,7.223560053378249,19.19960237257175,25.65917367592043
173,6.350997529644707,4.725892831625192,8.443049520001471,14.683194771750872,7.651849100547602,5.647018039035755,14.91246006704614,25.91095983286493
174,5.644424128607643,5.709794103822652,8.245669167286824,14.361795124492373,7.62124452333054,6.953384345387917,17.991071008804987,24.0116584291581
175,6.380082997741922,5.484723482769037,6.795950904904738,15.357265009954077,5.349493600581968,6.711716666529037,17.23972274245513,26.152203179399443
176,6.157469862900839,5.098815429989164,7.12508676435845,15.917972244711985,5.524309903309264,5.995510817342687,18.382588556974035,24.79955004977584
177,5.799090483779859,6.488592743978674,8.11578278313291,14.77185203807267,5.884224510117144,7.275204949724631,15.487124712952395,23.80520557560659
178,5.835719846436552,4.633802008723394,6.604481771221484,14.679840680474465,6.04152437043736,8.276259562435357,19.42312152992937,24.90313150151244
179,5.829787994579278,6.350394812847947,7.976107335468764,13.856390973926858,7.318001570341568,7.801536774176555,15.045672414040698,26.190044339271047
180,5.539951143050958,5.275321504450103,7.366379970197098,15.574889345129344,6.596415320676374,8.531348430611695,19.24684983632809,22.52145325561466
181,5.996875426154876,5.997036662692858,6.9550858646914575,13.806070318397776,7.252953029437979,5.565982183317722,17.14788228785124,25.845501898060743
182,5.0775460039984655,5.082904793164528,7.064106391249123,13.829062255235405,7.623605215212681,6.53019442289087,16.658202491747545,24.391195659185318
183,6.666939652843895,5.473045705423617,7.363878018776202,14.89764500577768,7.221349980150453,8.147192182949176,20.3110223403346,23.045567794335074
184,5.4746042972792885,4.897379694325613,8.150611291637256,13.417000426449697,6.6900845957317046,8.807281747503787,20.95306951908783,23.607258223696054
185,6.008091574499654,5.838374883193291,7.027509992020313,14.419723718779476,7.044589836599826,5.994253476552719,17.04089439326461,22.919777374231536
186,5.189058683039352,5.655419943012145,6.936313580485072,12.858243358598292,5.203907296895897,6.573495861221509,20.769167545520467,24.20565288843442
187,5.559342579133986,5.832633795595897,7.442775142094504,14.509231390739972,7.594159003493678,6.803460133550376,19.33853600969258,23.749420303706987
188,5.36501600310213,5.103789325197623,7.43949448416047,12.443396598652644,5.497955661278959,6.393431458801719,20.57498853573445,24.657181047562077
189,5.5257702662195625,5.691895036803324,6.264414642277791,15.153737710765908,6.650011792366583,6.383960078268315,18.41693402821501,22.52412896333876
190,6.027753912906141,4.884152382120098,7.268935621311955,13.12118047378449,5.38785419135807,5.748467095138529,16.36710998030158,24.40875224165606
191,6.516381066879981,6.005982025334777,6.917966280909647,15.214768403071425,6.102902806388852,6.557701289818424,20.1458755585963,24.274511037107956
192,4.916393597480058,5.8271180368480096,7.617434171301037,15.15654460227266,6.007231247861837,6.034624322733032,18.04572228069201,23.06532531128538
193,5.567207945545157,5.376914622921851,7.414570370955746,13.363025236621128,7.752101183411313,6.3895853423524,19.092373372741385,22.931479484198363
194,5.882008050471194,5.197400994802733,7.436723775190275,13.82555500896271,6.198793296042414,6.181015341983395,18.04162362143787,24.528465439901836
195,5.634000601552069,5.304236421351075,5.959451470317182,15.607445913825352,7.034945249128134,6.994393123460114,19.24038547190496,21.854793743748026
196,5.691357769725814,4.800381222987292,6.059407116313799,11.26163508320686,6.01623414707521,7.921680640582013,19.82071826435753,22.64177466438374
197,5.815634526786625,5.949971789883072,7.750665524823264,15.29017028393596,7.499993266906641,6.140542975576537,14.961533387910178,23.181972263245655
198,5.700113035075592,5.446719506729406,6.429911130978302,12.458815019592151,4.852308653726976,7.213965762252871,19.370744273539152,22.658196511150404
199,6.112216777754758,6.236532224814988,7.3550760574897875,12.265441315720585,6.501839789096693,6.765109493163561,15.2661714980288,22.42025300451929
200,4.929263060425972,5.691188731356438,6.045869953426499,14.94865710663456,4.834882086853737,5.460630244310659,19.688057331307043,25.392278751347792
201,5.064512132605016,5.268852974852979,7.838050188534022,10.28671907835368,7.172165625442033,6.254494104869338,16.707770524233077,22.61482035323182
202,4.812556677548721,5.300705779474944,7.024958116636496,10.20177657539117,4.985147923500665,4.6408223405814,15.248210475591874,24.773928736153984
203,6.250070487550108,5.462147199306584,6.18416088943765,12.709878543282503,5.204380627951776,7.219439613498749,17.2571074290083,19.85400344403015
204,5.30799032278039,5.2650451186844895,6.646679142483179,11.444171643921058,6.06734120519281,6.420980023962789,15.70253033053279,20.64559691625746
205,5.459779640577863,5.432665261188977,6.671742406285908,11.599360768012028,6.795039077735462,6.806571758796817,18.28545564545438,21.84731640186989
206,4.795302036312583,5.140305921419206,6.518040713717458,12.002654060699795,5.291748915683132,7.091164673001395,18.255233656003227,22.03064505812929
207,6.219932691820805,5.834300982572117,7.39233420474443,11.125694487561187,7.302812270013047,7.595878336233119,15.700896923115026,22.81144444344993
208,5.12944496274676,5.489453935360202,6.747399816484536,11.578150194128684,5.9143157985395005,7.442329841892248,12.887215576719257,20.01591987877509
209,5.574062047942997,5.737908785098945,6.538256408534245,11.946613842124734,5.40311640095817,6.206312859269358,18.86837854195549,22.5064747164204
210,5.182075164060543,4.569519948649132,6.8945520020634055,11.676730499743142,5.780588215372099,5.86982110862802,20.80998050212736,20.81729685719698
211,5.348783017076853,5.972756832340792,6.30948330840416,11.92436711983115,5.757693923657397,5.968083582963179,15.149413958409248,20.565497700685324
212,5.787416981642531,5.435848954874406,6.478646214945466,11.762926504091046,5.212482263598863,5.914245998967178,19.789215680944235,20.966582997962817
213,5.795205647235184,6.333182110117437,7.162677524332668,11.620765648811608,5.659507027053842,6.341426475339875,14.916061493632268,22.452884788756364
214,5.51983228404784,4.6443055048922615,6.68159827214398,9.44049158767236,6.198545342781166,6.05541060303985,15.70551918548848,20.378149195149128
215,5.689433993386787,6.148662809899261,6.610987314760462,13.060335408501643,6.964886793872671,5.882811233705629,18.43711455325224,22.33457382640176
216,4.897813421010646,5.47968386096677,6.408641240709072,11.006300091117692,5.799760925014508,8.243381532883918,17.28510390656343,21.34888624811489
217,6.323756283896462,5.601401832360628,6.494127753397034,11.522817994933776,5.081972442321018,6.342660919122202,16.696995463942184,20.614605861918417
218,5.265054876186648,5.055051625104766,6.151403327764578,11.48114767890147,5.866024037634172,7.175694273772312,16.741992858060772,22.872656753558097
219,5.490170009847672,5.650258001455462,6.938455562939978,11.31596123113954,5.974733396349271,6.632900290677245,15.98072857522357,19.21418779745469
220,5.617237128960849,5.501139153324411,7.324563445541647,11.843582651171728,5.231172368863146,7.697684796340778,14.07388582264234,21.44097957125182
221,5.702716821083465,5.944863710931114,6.4566713904706905,11.980742435882302,5.223935133619767,6.978012363622373,18.561041476749843,20.186893466440218
222,5.503697829509631,5.478854193297122,7.006475131330348,10.788327486959716,4.709982496094441,5.564942458173885,15.45299083364756,18.58040019417797
223,5.449232362815104,5.445480486075325,7.045678740481279,11.96695458849591,5.777910412697223,6.977351540176015,16.554975933529175,21.98969867486098
224,5.54664166271149,5.124121825419159,7.016554250509146,12.059041246391148,4.915503565188931,6.16280600889706,17.603328994803036,23.645858967983457
225,5.68217531524626,5.217727767182114,5.829422454966445,9.654203706627433,6.053704700128418,6.132226129597823,16.651975030672368,19.737036766723826
226,5.571709497055706,5.291625534962776,6.102151876842976,10.260523905335004,7.0458670652792765,7.008549904554615,15.19110489806214,20.435125308546027
227,4.94844511585255,5.886883078836387,7.067337211692212,10.112067911169072,5.842972860311593,6.20772289627301,15.913359943979826,21.1688440519978
228,5.868350835038707,5.69570909179475,7.401018851042639,12.034762896865445,6.51101167701516,6.447772206469645,16.44451966022574,20.152728593390343
229,5.544992334068764,5.215929009093663,6.70458180922018,9.68354777593899,5.859924995996659,8.04115039480103,18.12424457851221,22.02055018848372
230,4.781146590880765,5.726932853091893,6.4914024302023945,10.151863514898572,6.05239805628043,6.851549123005085,17.74281511719486,20.47258325947985
231,5.792890163280283,5.377178519824991,6.615424816759544,12.135049860942138,5.316130008776455,7.5212819871675665,16.008744704411882,19.62891773876269
232,5.38658632794767,5.197601634749894,6.8928275661762655,9.239770706783151,5.03150270646153,6.993096510502312,16.344607316449814,20.748082070904594
233,5.571038743862959,5.975576023784713,6.272355445408535,12.203670410155969,5.865126557284821,6.87605339555229,15.315670118892973,21.63700952053148
234,5.100479469203486,5.458630746203682,7.325143127330563,9.758161472561884,5.647350210741898,6.325464814739366,16.070000447857893,21.412590976599947
235,5.860237770872082,5.372926718882988,5.999561497790658,12.766644692385716,5.475670650617774,5.4353153994402446,13.604469925588845,20.61645947280425
236,4.839148991607596,5.582486558619364,6.194625267183402,10.98078797572657,5.176893361193471,6.264580202941292,14.751828096914055,20.744416728971583
237,5.688182280278765,5.439622291244356,6.83416064209226,11.945541915903547,5.662245231432928,7.355095207348489,18.31030866290183,18.668280954200146
238,5.220439685573221,4.87335365407364,5.843970475589108,11.480576560311825,5.794459820713668,4.760272888126739,15.258742634892934,21.424514706920437
239,5.175167818916883,5.620194640120236,7.186988792475588,9.768667348199788,6.112165166104157,5.929412560451485,17.109725537393928,18.554240786575228
240,5.095040285159053,5.7344690120542525,5.933392459246038,10.035342261514694,5.478228820130827,5.671459963069184,17.14360376039045,20.71691510471447
241,5.9573598661936185,5.397757614245353,6.556449042288631,11.46817816689752,6.197261567882208,5.635001560870427,13.183461099693064,21.90635810992038
242,5.295953461368218,5.263860496454793,6.262789177053849,9.886353388640517,6.319976461717494,5.585987929504009,13.773889058426802,20.42129880367119
243,6.100981158239251,6.03227668442803,6.392054281835647,11.760415354170467,6.629383947333829,6.375885780212222,17.621454015174695,21.554481715353063
244,5.291619282813698,5.620958380021623,6.424234692732566,9.698409298490356,4.403996694573136,6.16375215689999,13.68119320817856,20.754800809346857
245,5.567400313284658,5.155916030902381,7.717604737417634,12.128162820756756,5.683023399804507,6.484562336241524,16.149983522621007,18.25146170290925
246,5.620696917201443,5.308477434834333,6.41222822459745,11.336517709600107,5.876047314578512,5.246360535561613,12.326875493355995,20.92713795025523
247,5.732189305678634,5.906494618856948,6.4450860299800645,10.663248184416382,5.777285467168002,4.844581080557246,14.862429382897163,17.502399280503877
248,5.811586157979254,5.5778887815941705,5.886951702983544,9.028615238275693,5.60365531539557,6.85942327184396,18.43501927762204,18.83940120785896
249,5.192097569203468,5.5003217380719445,6.804649199879012,11.496498163553442,5.315770607948779,5.5411328834541616,12.931821253759464,19.341296302219536
250,5.246485735296192,5.291231782182655,5.942387792223828,12.274503346468997,4.513023543645939,5.678750264220554,16.030761828057226,21.74950569311821
251,6.300437640121478,5.393335627257171,6.835183437102362,9.011800547195874,5.810603901700889,7.823428198461994,15.490019262670442,19.79688645486591
252,4.953763818131993,5.042674336559743,5.770727173105216,9.514032903870046,4.896828155118225,7.144969051681763,18.30801632575756,19.789901566687245
253,5.748037926301602,5.717207172219143,7.103897361057922,10.641135319092609,5.731595891050064,6.700201852335785,14.590270520604522,19.14674307563317
254,5.333640890975897,5.2162659355522925,6.762098128980053,10.788226182648662,5.3930219077733135,8.101481799917918,15.958663189290762,19.33372868962717
255,5.878396960070028,6.044773140340423,7.024403516533354,10.05559914919267,5.984400833154165,6.950799913334936,15.621015905212824,20.20500361643167
256,5.22918909344933,4.858363740812956,6.527108086665801,10.393375722990973,5.301391699753712,6.337410138267508,18.893244583581023,18.925925890047544
257,5.309401891846864,5.57613100736368,6.502598851444929,10.861201433054031,6.719931973593166,6.66630559446796,14.777814279249297,17.837284694332784
258,5.245804764204483,5.476470212058457,6.613870741872505,8.767723599472564,5.577046326066081,6.10272579706978,16.76882561186694,19.800857675277133
259,5.633582592314301,5.59107967666207,6.256872075684496,12.663990189086848,5.617409422530657,6.510778986298473,15.203520834578448,21.1022642508964
260,4.962862464697852,5.449420834913901,6.577196227271445,9.3021598694141,4.347411458794901,6.294564432794805,15.34291328083015,20.645220303788577
261,5.8469943802402495,6.024329678045464,6.50249916145369,10.418881226835094,5.032578185302449,6.352976178433301,16.866775069742335,19.755451123935465
262,5.329865526384685,5.113690790406773,6.717279338943049,9.36698168752961,4.916894935211713,7.051821387069233,18.40347422729544,21.80800692981373
263,5.826676313251842,5.694888383809307,6.76305793819527,10.612227481116507,5.300225256939928,6.683419811934979,15.012126247373502,17.771845295586385
264,5.296505610518441,5.226045319722127,5.379794173504874,9.94126703941448,5.194370119859218,6.32864016086095,17.217587125163437,21.10784140884137
265,5.748426568769771,5.8266116907584,7.224377901664603,11.204527107374952,6.015580203959392,6.527165861123384,16.16525511295028,18.83515957300672
266,5.571901517719219,5.246694849958816,6.018083853211637,10.759172206530083,5.215601845624902,7.4076236338301715,14.415925104392404,21.65714309795797
267,5.7040400830201055,5.886744743170207,6.715639928391241,10.092181118916342,5.369502364865819,6.301492249154071,18.71923122242311,18.772303498938093
268,5.455278973079814,5.38400225177724,5.86852588981084,9.468627446466332,4.502115090648953,5.358141629661423,13.12884360167758,18.317026197498127
269,5.506379073451294,5.122499218370392,7.15095399427934,10.606782913764471,4.567325354548559,7.486256667310931,16.8960865233664,20.69109051057305
270,5.427011934159448,5.122648057512024,6.265439517925311,9.406985497210268,5.367590286295905,6.624057714072785,15.335585605445894,20.18700802445087
271,5.7255482969093086,5.410202805313599,7.275901534729378,11.381131699063864,5.609947693036843,5.885998905126304,15.84870511194875,20.53091942462124
272,5.557875247761634,5.130498916012367,5.876923780786512,9.108889677536322,5.552042809892514,6.537083279741732,12.7094099782674,18.553565616211383
273,5.620828777659827,6.299250788804736,6.573477926831976,11.862801236273384,5.63695659676194,6.444974349419859,13.716914997674042,20.82627478319373
274,5.461630147881061,5.165079322007734,6.653912292167711,9.451990948862784,4.55142302000309,5.240486624649517,16.919358509069635,21.10476072672391
275,5.969595338205211,4.974052711788742,6.615581147643274,10.578510542536671,4.4406421859057055,6.014334532385674,16.075560548726628,17.174869522830193
276,5.111670241695611,5.180317333240223,6.842000953344069,7.908730572213735,5.852348162326393,5.708541884396013,14.658812737826576,19.791365633232203
277,5.684291116385967,5.296197327269199,6.219437148668503,10.675345880504112,6.0449736067584405,5.239183154770554,15.783685764946911,19.337032774379374
278,5.231914331792072,4.977388212220217,5.478782725289282,9.452740782655304,5.2704888216951895,5.6795932022824,15.865139173023506,19.62607191385904
279,5.5994684173956815,5.226650767638077,6.9101537528841925,9.437689722976204,5.63485819096707,5.470500762867419,15.635593876385212,19.34012930660675
280,5.059008430217767,5.001716158419236,6.56996599058017,10.66319407515555,5.069993789137466,6.367068067278061,13.788787792826229,18.77214801533032
281,5.787623426954846,5.706894732824254,6.786915438676604,8.87855091445202,5.183830278323719,6.230034934193764,14.271735051636242,20.999532968594327
282,5.217950086701365,4.753415091463353,6.359530698806663,7.502725225312379,5.985201741658637,5.925545133342892,14.485544632788958,19.751708137007245
283,5.177463539811215,5.784646283353121,6.23537083592937,11.080635149064578,6.202210694754013,6.145273895421784,14.490015814266698,18.310389128705133
284,5.182772225750902,5.079857243972861,6.043235025160473,9.235227460099344,5.115313483284869,5.817857546339802,13.94612992928583,21.02984737007814
285,5.576157433358307,5.456907856612466,6.556872058125983,10.76486319597634,5.328681405146816,5.825240465409842,15.67595496773481,20.246538084681315
286,5.783571549779569,4.63824936853823,6.822408551223961,8.134390318777882,5.832490374793719,6.058530502200857,16.57210244842376,20.511480461490358
287,5.601013494842788,5.81331047821528,7.444932578761096,10.450466538734128,6.400303080498746,5.688376482585021,14.762971137499868,20.78078872329738
288,4.589783807740831,5.137015852414726,6.3029535242558925,10.683013398594696,4.631619995449831,6.036726810722388,12.940844335569508,21.39362404579094
289,5.444359085769378,5.55202680518247,6.877043873752854,9.193310253355884,5.583265949588561,6.309496319351438,15.396762835092671,17.98918144962067
290,5.037296527947157,5.365881971245446,5.744637493621029,9.72964657029916,4.52894097991567,6.750278751521865,16.188462143888156,20.83260987753635
291,5.924870980203514,5.717712743421838,6.793378811720888,8.033755584165478,4.819915966229076,5.252882410914382,12.527174885012254,20.022445742667603
292,5.273032176930779,5.06394391902746,5.699015468304096,8.49823245064635,4.488365753746942,6.435049286564027,14.318117124038965,21.469562607189108
293,5.676655461627289,5.737400224612306,6.9860137571162095,8.877985720712761,4.992536993878767,6.518441711865237,12.335853867761218,18.873885714930275
294,4.779398418533508,5.247405102661445,6.391082932282452,7.685393940266787,4.713301225514795,6.097325541015871,11.657053264011411,19.724885173819157
295,5.439140732066536,5.741239298684894,6.416228544032943,10.415732239243727,5.709581329142796,6.466659160030115,16.696134495728714,19.657710215873063
296,4.978593684660066,5.220127610809681,6.284183359934264,9.293979512464404,5.794534578775965,5.361647145142686,12.013802744413445,18.523170608756885
297,5.752931565417708,5.346983407950606,6.019089706336113,9.11427524972496,5.21608247795001,6.7954559812668425,15.418567725685858,17.396423491336332
298,5.283865146377524,5.095740880200205,6.374459813191188,9.59091170794593,5.287188853304405,6.043756484629157,12.49890166040148,18.15426342931873
299,5.817808457960435,6.094465803792743,6.24415095001119,7.431549896394971,5.283573952468564,6.64741562988001,13.908526212896016,20.401098626586844
300,4.807638518455639,4.945880722298842,6.49104148817089,11.022834534701191,5.995178392901699,5.189951901541285,11.918893388098406,19.34505981840351
301,5.304574522451079,5.834652873907324,5.777980763005881,8.326739195968699,6.41141495128443,5.798654646182136,16.16495649436923,18.56505820974044
302,4.974285310493782,5.1999305746932905,6.448241135429769,9.755859588065496,4.991904524989834,5.852681685097364,16.58605826726511,18.422211330019397
303,5.31006977413548,5.509556732022604,6.316054764521057,9.27432365274641,5.984330527123237,5.460349698995082,11.805429109128504,19.90529062509675
304,4.941016831182881,5.2360912756685885,6.445067227199364,8.31810111346355,4.814833674307407,5.064439973831796,16.268271541916867,20.02166894681707
305,5.460326197488341,5.743949400894366,6.6221372150309366,8.681349776073771,4.87407091836868,5.107792247463869,11.621884819535865,16.863816075145454
306,5.28572708175496,5.198585587825211,6.225366789720266,9.148552462932004,5.83033920516849,5.174137171625538,16.973240533931886,18.138560666018773
307,5.525380279949808,5.374775646436815,6.33152724381039,8.797997104852245,4.99123133331055,5.505572192074105,10.974072815089036,20.9415425148807
308,5.036691458510968,5.187463221769858,6.254173357454788,10.653458067282966,5.23995451298555,6.2024007431778925,12.33390201382918,17.893815319279263
309,5.366682182927766,5.388217755013284,6.765502518887492,7.481292572283289,5.55427981316091,5.667880887485402,15.57936197356016,20.50242789924202
310,5.203058945034861,4.917827085869094,6.265816027714042,8.83458164081025,5.447127592834758,5.018190663616204,11.94965965575842,19.476196632450144
311,5.637748098207634,5.507577117047263,6.663186745322366,9.427047676599344,5.0466114069146055,4.708621958081044,15.22054515036993,18.510930890308888
312,5.03412470752387,5.648520629104163,6.652748680495882,6.966444998216571,4.999178472210414,5.9304903171657655,15.962390032949449,18.128251118550427
313,5.660389106410688,5.637110939088004,5.530392605348873,10.37705976783369,5.391807779914986,5.065910062421222,17.194488939499884,17.19429574437756
314,4.4894596800759805,5.725711989496641,5.976062925960911,7.259039109903544,4.987281355921272,5.54791130641696,11.05058278555784,17.84328663127062
315,5.205178746257283,4.701848711174594,6.129345982896237,8.859000055943316,4.69912511286288,6.38381889425904,15.6177538145383,17.921264802293408
316,5.186199486469821,4.634335000162322,5.418679559941876,7.986965079851062,5.172185284991325,5.529398428029269,13.640945127491278,19.20629214933961
317,5.589789699316659,5.141871446484931,6.369640091352372,8.622442900163382,5.197851198390509,4.87872461969036,16.910119288424788,19.82662757134304
318,4.898990441944835,4.789503302785823,5.893946737319519,10.135286886534306,5.574902788469928,5.833092707649361,12.457645655105102,17.735907072217604
319,5.876004802126099,5.742021119703884,6.397565550484554,7.970396223039631,5.817081725042647,5.145795703174236,14.648503534108984,17.68996447391313
320,4.877750440445835,5.075242182561289,6.388867870847755,7.873392757759524,5.319179873714679,5.653674294444272,10.04384228450438,17.057358651004815
321,5.742977543703455,5.422812916252557,6.5892025358401805,7.169508555528796,5.32344948484773,5.507665626012197,17.00443719610041,21.34393300516466
322,5.210887753115925,5.06099829632474,6.349890364825636,7.87086573339968,6.079758672902274,5.915241876684014,12.9858291007169,18.82828382343706
323,5.229376047045148,5.622627348564119,6.185521811060162,8.94918521993524,5.974318189941637,5.807547686651682,13.94870105175329,19.28019106206403
324,5.009178984290845,5.430462825932755,6.719481177937892,8.4113565423457,5.891868484758079,5.77193068251361,16.198168030525856,17.154754363231543
325,4.786683908922885,6.012497404000329,6.66964403222028,7.481557838521984,5.628690998559733,5.10888245357448,10.755139687959566,20.82555006914143
326,5.173225237915327,4.872793224109029,6.030601877274917,7.064803196417688,4.988108650108233,6.004662130203561,13.578782647940823,21.12942562287315
327,5.613702878188379,5.461538752862529,6.874962980719367,7.997095104284254,4.522772217840969,5.340147443294319,15.610032079528372,17.337372671331167
328,5.314352986448242,5.002990238673014,5.563007214476524,8.90802518160044,4.676794011734754,5.358884327087008,9.774491745789648,20.96221379209178
329,5.326734067200816,5.353853203952354,6.207521957230505,7.538527838815618,5.348600341574786,5.184109068990573,17.940497629474905,18.58886483664385
330,5.185157225728196,5.11660182134539,6.584504793123855,6.7581550138731785,4.267674666884438,4.990917021310627,18.092842245888125,18.77086678951825
331,5.8644545308565865,5.528075676863151,6.158161645919222,8.925127990183888,5.408519581600854,4.862935370438772,13.590307805592303,20.38215694169713
332,5.171462459705262,4.930321528467821,6.201308349371482,8.208800864619118,5.447751313671383,5.716543580589451,14.882039913408232,21.15899494889101
333,5.844677510274961,5.89128489711654,6.3494345154605245,7.885301256572036,5.513096140183103,5.436161033685228,13.355799466095664,20.68104349658832
334,5.074059776440495,5.160900631514775,5.905976593940924,9.61060162980643,5.118586147782622,6.29054840690522,16.028881996562195,17.860090177517506
335,5.917569631656922,5.463371606243213,6.3896181119948,7.7293867720154035,5.7413740322921285,5.58149019568577,14.776572089676566,18.85246530802489
336,5.283246449503779,5.270945233354544,6.012134433276536,7.253391284834665,5.155902621444109,6.243863841332539,17.961199726199695,19.3772329450622
337,5.465278379758854,5.304054533299766,5.745232375175627,8.0094037729044,5.5432056945828245,5.84710600862702,13.24765539255533,17.62323279572829
338,5.09322189989626,4.833509116056999,6.21931888784823,7.302379800654321,5.310307479796367,5.550178236973141,13.240480222825132,19.060558649825875
339,5.678825272886751,5.553069567865482,5.761134392529543,7.242229713952158,6.113272645814752,5.02822463829046,15.727618025674406,19.281972193571743
340,5.41268241184772,4.484438000172863,6.058042499338156,7.397991228909432,5.340231495643143,5.868437111406228,12.027201747322296,17.284303088364958
341,5.474789254325065,5.671494186743033,6.457534406480428,8.080674601829902,5.632898114974036,6.492788757711729,14.513613870544331,19.961901210468383
342,5.170493185306811,4.863747585392273,7.032793770937038,8.491722492105788,4.081755429471197,5.402003563069548,16.324688717296105,20.44862786689857
343,5.687016288990559,5.20212413526187,5.414709851031665,6.703696967004982,4.611192206822851,5.54942692221378,12.031335041740142,20.774302523988883
344,5.468132280882093,5.2124728211082925,6.150400574559223,6.535258666276315,5.833652999820002,5.404786966501934,13.755911675959148,20.74456185849602
345,5.229965309681622,5.660764647671922,6.155426770289053,8.54198528896855,6.237730536001273,5.294025872996871,14.472249812053091,19.18096749184581
346,5.168738244511609,5.022999092948632,6.257385008767365,6.480420490624351,5.123934022601547,5.875033510406032,13.048102040102428,18.111694916357187
347,5.694963757029916,5.530782790138489,6.501265113682074,8.844868783570535,6.118728486320095,5.973595449471525,15.705648851979694,18.600325415405504
348,5.48692725317385,5.196749848690547,5.262977956353557,6.396329331541298,4.811894350943034,5.583395620545508,15.668948358411962,18.072006563173783
349,5.572414013612724,5.678725513022497,7.226898208567824,8.884758491977495,5.95136715601264,5.569674516459489,13.224308287009844,18.863499468637315
350,5.145548606039127,5.219882984613008,6.063609957413411,7.706440387786544,5.361100930445461,6.279287766434865,13.429448341100109,17.846688698390125
351,5.70921645207664,5.217983628807261,6.359497211401719,7.3998402651999475,5.310483860117204,5.8468869090723725,13.299446077210638,19.590991073948903
352,5.114016744182138,5.2975353735761805,5.949520012753552,7.336234450547586,5.848046156453042,6.115110848701249,14.224019465465314,21.119986211813416
353,5.829426522590738,5.118231729196599,5.752376924916778,8.241897619667526,5.987726048886431,5.789671560331723,14.479821787865475,16.659992446046545
354,5.022552255781512,4.884845193146971,5.775594911709146,8.066691789387615,4.630280468425305,6.536731827675035,11.55573817088817,18.89026832848689
355,5.336718051088061,5.039546159599337,6.252624974599112,7.569166540704902,5.112593066316496,6.316164929586695,15.34529297082326,17.597220185953578
356,4.740077250689436,4.773188886740087,6.069945998613456,8.165940870289829,5.639240371363328,5.738841707529012,13.4662707069629,18.06469163724714
357,5.565844832846881,5.686246856149964,6.351035956687515,8.7028976696507,6.147972952841125,5.955157642945092,12.483916901274,17.67514478145805
358,5.368510068219398,5.391343474221911,6.253835473935988,10.241373393317549,4.905059674159909,5.911392844266196,12.959720329702726,17.607530318238584
359,5.452752835727538,5.287237858814808,5.886319105927992,7.419827807301568,5.680109188513239,5.568608316393514,15.573866287271033,21.011704919797527
360,4.761271980020779,5.12031591203006,5.433261027758206,6.831362832505082,4.3665794677712775,5.365699469933562,11.97606387976971,20.25818076739897
361,5.853866734360961,5.29589548949503,5.955739556430086,6.791208254714131,4.858287621882272,4.445368774940696,14.8048494651662,19.042055480404816
362,4.932534084371934,4.574144166899698,5.383414631744901,7.991222194762905,5.273198548310337,5.904366385529817,11.416416201510398,18.069386521912072
363,5.553573793616151,5.356790041930196,6.31690660136382,6.326355311343323,5.59735821598263,5.603551314989928,13.117597453578895,17.47270954787551
364,5.154442457177328,4.427041641833495,5.824172677746929,6.335511922703227,6.472960521063048,6.103487884973395,13.197036315259236,16.489585318256395
365,5.590403681255957,5.085275971918998,5.770813658162964,7.979789900179329,5.9786887465506,6.697010140314028,13.223880706492324,19.36235375323202
366,5.178739689716903,5.191696041255972,5.197701797665417,6.958661178236685,4.806416821769641,5.756215967635086,13.989992102929383,19.97607879524861
367,5.202032498179915,5.564335672476113,6.541443641821329,7.050062747905706,5.13512106582202,5.206890114920169,12.131621772069716,17.36184333622285
368,4.914089733772388,5.3260903630741625,5.80797764845175,6.777004832367092,4.495099450471608,5.394256327954205,11.975721028439295,20.899030137581963
369,6.013347614134427,5.381006857043807,6.361748517347206,7.063580655944099,5.19955752835604,5.094632059158047,14.191580096569082,16.17162902960064
370,5.584535415029569,5.406134190540107,6.054713117215288,6.562149951842806,5.863837530123928,5.514600855310147,9.941407621071807,18.317997656400998
371,5.80437367334616,5.4351392426220455,5.819584661617167,8.859365903790364,5.070809610673676,5.09108933270657,15.546270265479327,17.446175526774073
372,4.9192016518730295,5.041196449461982,5.965883718401848,6.411837804882139,5.743961344575533,5.507041527170622,12.54355509042081,19.034578769178445
373,5.053075169671685,5.986925605651698,6.315658745162987,8.35303628453763,6.101462722715183,5.398145905387269,11.893399051437092,17.38020679594716
374,5.313073173609506,5.330355108868631,5.8696672460448776,5.936227809193101,5.299333099863965,5.506540202287837,12.489289996959116,18.921025227246183
375,5.443002323902039,5.34605397344811,5.823270948134401,7.295956143656596,6.225809137873811,5.50802329839838,14.028085083519573,16.41822751665675
376,4.977373129235449,4.803470298063849,5.908782041055621,7.752490767564235,5.856176549872943,5.815780188423233,13.10041885501063,16.934683060141758
377,5.82185597134588,5.685078053211498,5.923894109233366,7.320812713609503,6.176418369359813,4.539072150074593,11.382323493358683,18.36630087328896
378,5.332245093937608,4.972119409057852,5.935172549055372,7.681880232163157,4.78190554970199,6.0155878167134365,15.771879981646338,17.56916601100315
379,5.556260072095388,5.809101905650609,6.528987082261958,7.11744878649542,6.329347560309387,5.577062293296066,10.049205532015645,16.981666181617477
380,5.133075932857802,5.181743595081279,5.844334583639487,6.280734074320858,4.751238255986703,5.125999523069614,10.926798885594089,16.814609822966755
381,5.8896333991288365,5.314950572959289,6.015693244731523,8.559394236111709,4.619382842427327,5.625281203096243,13.79244097329207,17.69733694485006
382,5.688607991939472,4.782363135427275,5.856192524423229,7.296093493404954,5.289884985725728,6.678481676200117,14.332835865484975,17.29337928201165
383,5.401986759807351,5.573235329653791,5.877500511835101,6.512963050069387,5.696366189173327,5.315582654936831,9.246569795913777,18.98087569753296
384,5.567046818856341,4.867572494431249,5.546981806427127,6.238646298564589,5.4919962346421,5.56358289279492,10.748794322959096,22.01336983051567
385,5.707422072297258,5.31027233112469,5.866104306526734,6.938163598138598,5.792206504306652,5.108735292162402,12.57952277709903,17.26091482675585
386,5.545175938259692,4.8465627302141465,6.167404430331002,6.356957210158098,4.853603849007152,5.339142548596437,11.07862380455657,20.037872963548068
387,5.621798174894259,5.1655864146668815,6.648227940567877,6.445792269471695,5.724914135439947,5.512251469395706,12.692267668537248,16.191333097664437
388,4.66617306877524,5.065031927606158,6.165224370759824,6.763133240529887,6.47096592821772,6.610050756068199,11.197298150141918,18.423734558971585
389,5.407916581960667,5.491842170572415,6.0188340898306505,6.959192339625624,5.272812122106087,6.920265445735884,12.805320766695145,14.86039773964449
390,5.264108964391311,5.234107921712885,5.270437028343315,7.181634030053747,5.513722948231719,5.357022366888097,12.662962853049416,16.166962465738173
391,6.219559015854779,5.288777438546823,6.197574993712875,7.600424221984101,5.3707199123130245,6.093670910010118,11.122867799314392,17.91210268707402
392,5.309875262488847,5.136660360872837,5.243980723051592,6.722724962480911,5.686276956681748,5.6635830153907945,11.22674133156577,16.433393987197885
393,5.512041274763272,5.8422884513164615,6.278034375905673,6.4182747277337615,5.448407805221359,5.073744122581812,13.549381877141125,18.73886460370116
394,5.180869747770284,5.60253626795246,5.767543694233119,6.82969873202419,5.152386596952288,6.002789519267612,10.290101661639044,16.500172413291473
395,5.120260874101588,5.340428240523214,5.891854656896254,8.129795362642795,5.935941685764769,4.462430633203038,12.574377323584825,19.063418055458012
396,5.429286346909737,4.953778257433936,5.8286744255469705,6.537179271425972,4.694133660953804,5.959486398835125,11.585608417636658,15.688556828302229
397,5.60713056032514,5.174851291326864,5.938616976408849,6.061971146789724,4.7965741237189965,5.681437822740443,12.367343716941267,19.45196268526824
398,4.909524409177354,5.42982277770034,5.971801613493709,6.153935128858915,4.374051312694086,5.637437225312016,10.556867988202349,17.313610355194992
399,5.616090620194568,5.651768604729144,5.762297658946645,7.433069265846706,4.754675511773756,5.4999245171534925,13.45167428774148,17.410567046278956
400,5.208070423055051,4.993187812862024,5.654351689657512,6.8936628628366,4.5251526116847,5.195140113604082,11.27480086386992,16.957475657256794
401,5.696925337701507,5.351848798957341,5.985992961729872,7.399761224268437,4.833687226013428,6.219273697744532,11.393794211369585,17.145237848531107
402,5.477118565441396,5.468489626592719,5.315389824272298,6.543952598613611,4.806971260065649,4.946933906891864,10.86747620683925,20.668150745127
403,6.051504280392849,4.914625181685606,5.91514355378299,7.293830832661143,5.829057086176291,5.8906374761074645,13.9013157480888,17.592675434944816
404,5.164770936665097,4.789096002341192,5.461645067159965,7.124106463109984,4.586001168189255,5.889645931590385,11.164593482221472,16.522281250778402
405,5.606622698393244,4.907112472831362,6.172163170408827,7.797078459359032,6.303171157199444,6.04906260710185,12.833064761483056,18.456962793135325
406,5.249771711959782,4.974539288460646,6.064911020643288,6.616537952418993,5.70891379421651,5.500065378138888,11.088783214444875,18.61884459735651
407,4.577361353308332,5.240818891358377,5.769136580341804,6.412762807938791,5.037936552627092,6.162187196921279,14.481338293002024,16.984064206719044
408,4.983454008742311,5.475728651084792,6.129180265918701,7.366471205028041,4.916932072648921,5.803757784611467,10.382683211305574,16.263243353999666
409,5.715074842315196,5.198834058882328,5.555947019011523,7.615372305498028,6.249651058986335,5.164010694263258,13.382751721971548,18.67936355875028
410,5.063529794145416,5.232072662725292,6.107065961351988,5.88381391692757,5.045629104961358,5.324188730662243,10.848796353517333,20.02832820622644
411,5.663907862222824,5.862168875912563,5.662741787301045,7.789745107064175,5.233154728879964,5.046595603359432,13.75583661259975,17.433011024973595
412,5.410010552992441,5.452531133542067,5.188579099610869,6.4297436415669775,4.799986277736336,5.735321494620787,10.684420864800137,17.06787991572516
413,5.5909700561808044,5.469026416329878,6.036409870324177,7.252864756796879,5.020540841028152,5.377148381053679,10.705420349322733,18.23919425161868
414,5.189480398363494,5.041240496773153,5.4797678574876345,8.043280510182552,4.705757582753487,5.869304954454533,12.36084001011561,18.19709241511036
415,5.199650902501135,4.918121842840993,6.353930668988111,7.427280819891368,5.18731554653751,5.518969462422139,11.318446494677325,16.65767936823217
416,4.923302419280837,4.742857070298725,6.127278499539074,6.680746761022961,5.307157398995482,5.019272490479227,11.628444964626873,19.128287755099148
417,5.156059328724094,5.271715146979086,6.201523402615291,6.766796979146515,5.239915913872333,5.406709737069374,11.244103504278767,17.293065673849142
418,4.802039670818288,5.029711337692006,6.012587938314288,6.252309609113964,4.687971805743397,5.525058494762294,9.250609827986628,17.51153292335427
419,5.777528532965326,5.370632002871734,6.580926306309795,6.836630262261315,5.1141632926235605,4.78303854615874,10.725250861374803,16.427644400886788
420,5.1240181620374985,5.283911897226441,6.331557360302919,6.660475240945226,4.880553223098492,5.173091818255492,11.452911030671226,16.019063415315422
421,5.808391510354929,5.379345112380209,5.793063290504822,7.424964337631896,5.297831295000631,4.888761486827798,12.33557051401858,15.616107326790852
422,5.077749704996685,5.127813593533859,5.563778174853773,6.834996272894225,5.471904219883895,6.179347072023709,10.571510566683726,13.496497099974414
423,5.047342904115565,5.356201984235911,5.823150127404947,7.0873936612213,6.088615137349911,5.519651016939381,11.036139280160167,17.43775996214905
424,5.090743502198009,4.737881581856606,5.812115324781151,6.513294493131602,4.6716061897497765,6.095832371787249,10.481988106133988,15.812933236934969
425,5.5295852185813885,5.464883256482566,6.6420222009087775,7.717063261340266,4.736019342950246,6.360958086606779,12.388876868896022,17.549643571790604
426,5.595812243224308,4.997024592811644,6.059576758151184,6.8087111466607455,4.827771507120456,5.536817393824311,10.75365293442805,16.57440999690709
427,5.676615029631171,5.260871585326215,5.308361694653218,6.807389428389805,5.6450870682087055,5.1502776502648535,9.302751289748684,15.981126757408946
428,5.437727161420061,5.036566010449439,6.018710538507028,7.381946243357939,5.0834785272449485,6.308307155443051,12.511483093335494,16.15272505725399
429,5.227952342845942,5.594892182929376,5.846981682290169,6.774847638040092,5.842006377915679,6.570474575378164,8.966062050741296,17.356322661231744
430,5.256134028036761,5.000031177978197,5.565734035946289,7.381788750807355,5.2300700785501775,5.77918035027698,9.152895843722956,16.264187027152953
431,5.708240640254497,5.775397234378402,5.866765216849526,7.042256810287569,5.304782111511929,5.662253195983557,12.754726270418294,17.854414045587585
432,5.508777796836489,5.320754616978496,6.147184518055906,6.969094560734224,5.324014812219698,6.110240865145411,9.019497748943204,16.008353802708537
433,5.3684035992015495,5.1823672635983655,6.146408464709105,7.536307765909076,5.3040722303470655,6.87062693271534,11.418395139010688,15.109100889026845
434,4.9482299776922805,5.492368588200655,6.4764183179608645,6.456078646217119,5.8372663348658245,4.91937967024738,10.048904732281056,16.187881972322504
435,5.377361226873644,5.6144225171776965,6.434987420146962,6.485417446190567,5.119139113693481,4.923935244285176,11.069616902282236,17.577371129142175
436,4.820615422418143,5.097515654955125,5.972150367758662,6.048757502191798,5.52678442883189,5.629528116977422,10.18248105238078,16.61142648079369
437,6.106707927353692,5.519512454551156,5.951559081372805,7.752574806600649,6.566724050101613,5.753544129035994,8.480872236907512,15.227257887701054
438,5.570614958026301,5.463698913759818,5.737398912316437,6.430347164406879,4.371046816842831,5.856717269919339,11.252122083295555,17.880659791234148
439,5.251059755980013,5.55692800815821,6.105352033459886,6.4227161809657645,5.654162502581269,5.493979131835468,10.472740632978455,13.91180214466048
440,4.772294783398388,4.666015493395907,6.04035103684224,6.828773944027022,3.940740720714937,5.937624739550131,9.51767082384865,13.9808337122037
441,5.727038704506208,5.238664447392818,5.601809658721452,7.195792702550914,4.431694770672582,6.642327486024385,11.286952895552744,18.051026938775195
442,5.283376322308647,5.264401626240074,5.442174113240942,7.171219133428785,5.6322787221812085,4.830134566090406,12.879142236561446,14.250194793448104
443,5.7127688053997945,5.660365873725797,5.817771297418707,7.336094466087799,5.933633972664049,5.843749773260993,9.843345302786895,16.93465845676679
444,5.058781106610151,4.990227183252336,6.128804318935915,6.968185661574585,5.15348804038832,6.144593593020598,10.339525556384398,14.72104951680759
445,5.615285072637664,5.488851158337612,5.80148549449331,7.811707365880023,5.014463941174318,6.158578896344509,11.514341611486952,16.575306914472755
446,5.051646381445024,5.025249143665679,5.843212705999157,5.939569659375463,5.536265879941887,5.346328505885826,10.164897704693916,16.659050830003597
447,5.56057648954465,5.175487658366195,5.949084319311074,7.573626630085982,5.900451338381952,6.562511928944588,10.739250063759917,15.778110425591043
448,5.1522933048423605,5.066989819246686,5.779056330428773,7.122629722976803,4.907986983625494,5.639206118902752,9.495043644805992,15.444554111680567
449,5.31232447643339,5.726111082876852,6.084736192089127,6.428957489639414,4.816384480676771,5.429633840513521,10.239931957700904,16.556166590106844
450,4.904963087547281,5.593184838718927,6.128471162862734,6.781160429689888,5.515586758453356,5.8946607257700885,10.119691495993417,13.752609969774738
451,5.332091329875624,5.612296666281668,5.213530447263751,6.560733830881504,6.001319125856664,5.924525397280728,11.641692529840077,16.610392947767487
452,5.177228027569898,4.7992854946957495,5.636018607886429,6.628486713247018,4.264636514031544,5.95919556813212,10.211151532645475,16.59104863199675
453,5.8286740007264175,5.774290288487424,6.113486817201324,7.450484173796648,4.713981189268819,5.777340000796327,12.281025962053628,15.492567246213747
454,5.518598885081511,5.073750219780719,6.051303370951064,6.310146707501695,5.389576126760475,4.696117034498617,7.6459106056211485,18.60675325189267
455,5.71005368017242,5.539728558922241,6.035714759537125,6.906145925528069,5.670253034200291,4.776650034775731,11.58707668003155,13.482931957128086
456,5.459879488908435,4.720730812645359,6.267656061695979,7.110845227803154,5.292495005510579,5.194871305341973,11.399321544348473,16.63988457551193
457,5.399639521537908,5.434689603603543,5.769364168704202,6.805967933845789,5.725702819955355,5.262592543490274,9.611441016724742,15.772050949437626
458,5.5816012661002175,4.845855606586113,5.848088670986893,6.761319805094774,4.853680596308794,5.356568816914697,9.194223204817872,15.010388793985424
459,5.43640366778056,5.886747159373527,5.196542906605281,6.570304036537894,5.598727847448737,6.04898387611781,10.616855954800355,16.354893199447673
460,5.304886075031373,5.211595375228911,5.101073641683405,5.904372175681588,5.788694029365201,4.796264271485864,9.818408853097694,15.325323563778303
461,5.472541633442141,5.031810629618774,5.508936142450042,6.271819711579641,5.1926127914315625,5.17953980713121,11.385144606624351,12.750236564107103
462,5.017419833351692,4.858305864253446,5.649792052023744,7.144967655764718,5.884096157335345,5.886165185081291,9.67612483238114,14.613282699659097
463,5.31854349447272,5.720208373656286,5.97226101179444,7.523478602101089,5.632352221403947,6.362997216923667,10.248878241525327,14.74723029151341
464,5.476311992303042,5.4252745782547525,6.39666176483,7.151479249756835,4.238391109118185,5.744937976585776,9.927417298938288,14.939680427385523
465,5.784376246797558,5.328995580955777,6.134098720778657,7.47820096478666,4.749038209434995,5.679913831525181,10.323302488271269,14.87849818361943
466,5.100466767406907,5.247480778022208,5.625658119301261,7.788991180238387,5.71694973028647,6.15183952508692,9.010794193570858,14.752023810156857
467,5.49930060907941,5.182292069042621,5.7393693527601055,6.868919220760881,5.551903407322415,6.1707666050635925,10.478749661633822,17.328306568827283
468,4.914000815648368,4.57114028788047,5.733297550202478,6.322237869718902,4.371065349896681,5.639234331936514,11.086285104390331,15.842085174068773
469,5.626484370024636,5.269719630279365,5.592280932703711,6.897483417640068,4.981895269646492,6.022639436970706,9.447697806249018,15.303740036656992
470,5.082635634235791,4.683853958203146,5.86821381575645,6.78940260249756,5.171175875231066,6.155103360420932,11.170954460534285,17.46147567984251
471,5.510159432920401,5.601222153703091,6.587910816291447,5.982017641381985,5.407380641208952,6.244029439931987,9.895213302096394,13.67567092528533
472,5.0459316234922325,5.006577470263739,5.741382812612211,6.067981900395834,5.122815951347624,5.467607635439235,9.727393342862737,16.176186270167307
473,5.63759551531951,5.642931741067577,6.111302596087345,6.421389291971906,6.143878195999323,5.924708604649211,13.986590459695918,14.975781439804956
474,5.34228727444527,5.067996213070245,5.889701068314936,6.441735060676198,5.253482400686362,5.186642710580817,10.70352897056446,15.45484678181418
475,5.662036203812052,6.409214516384429,6.02316105201792,7.030138342437208,5.124415656127519,5.313480999941578,11.795448174743012,13.93586919910236
476,5.369265178367223,5.378636858139843,5.807826636326735,7.862639191533402,4.572477453859628,6.825438412268396,9.80178179205164,11.52403842128029
477,5.590426859423814,5.474218646572034,5.186587123360908,6.608378392822515,4.526358858275106,6.05942095327249,11.190337827183452,15.398582631836504
478,5.229352488102209,5.294784539684864,5.692696617615171,6.947001042928655,4.570470864049256,5.091287811036857,10.959939043455824,16.090214477472962
479,5.503558141818192,5.438651839479988,5.729416213197257,5.914972112995178,5.014831164987887,5.007524760543108,11.45609889904025,15.0480476591655
480,5.194242865669939,4.691773209687298,6.12727224582529,7.2040573584666365,5.165558992071479,5.340137607089014,11.662471907792638,13.628445090087078
481,5.681487126856051,5.477812826325716,6.74849843459582,6.062214024613615,5.000783289876786,5.064756850447097,10.366395543184227,18.77068116986752
482,4.6210940420051765,5.241378295472881,6.094763301483084,6.68135642818406,5.293560412940358,6.048333054774306,11.196673467471893,15.606665938218804
483,5.452172919155622,6.142566812108271,6.2446086261816935,6.068473557153357,5.100843026697787,5.222181664723526,9.148587772641088,14.89760652588646
484,4.977617647334486,5.109848095272482,6.109443672934776,6.70635298069633,5.618653542410482,5.8519382942937765,10.385947607914996,15.811741892603886
485,5.381366199713542,5.065549158902466,6.007556456731023,6.851933559949589,5.622075088813329,5.226009475142737,9.949014407375492,13.19108654300686
486,5.320160935058072,4.722948103449044,5.844256173903415,6.923008583292296,4.154614056087754,5.843400825016069,12.701416236667804,13.63096580424824
487,6.1783762849431785,5.165524384383894,6.10725663749558,6.61002214607023,4.797835301402683,5.232527352896167,8.128286025252256,14.025227624344884
488,5.242057933098423,4.859336629458588,5.722407518202527,6.655069790934378,5.639392193364308,5.734910223473242,8.769280350778546,17.35174507070449
489,5.924393482027985,5.43769145094951,6.061226566304121,6.831729154550146,5.859781840808701,5.552809831390564,10.027668656999204,13.549804478782631
490,4.910837285198185,4.691064389977395,5.728613172269439,6.435554090242304,4.737382290313693,5.1239824027013485,10.693608166347188,15.2132325484023
491,5.546090792221672,5.105281166718154,5.809548702291385,6.695299397297149,5.569156995823424,5.779262873427661,8.758985203692273,14.183592432699871
492,5.234757004322193,5.145798952475152,5.837457454369782,7.23652100960912,5.854731505227831,5.380818129133417,8.209206953881658,15.738481027542148
493,5.413582714253441,5.7577044824998,6.313399052032854,7.61199457391818,5.973259427351373,4.71200032702165,10.672429803818758,14.95251513961265
494,5.416255012700593,4.995767740611679,5.650809125068511,6.367033557996947,4.63510858293438,5.735712889888442,10.11650176140774,14.224994957957508
495,5.402877730174753,5.593687429031505,5.567661943588818,7.477368463341553,5.418107038163373,5.311576971330766,8.953085979351824,13.061377587756798
496,4.954150283163681,4.721566637038861,6.029502728534011,6.192522142757146,5.36249229530087,5.956816678505936,8.357477631787063,16.983000637122093
497,5.230911196752675,5.030446884491118,5.473262301199237,6.996699718401419,6.12131306636582,4.839144274900601,8.001786378632255,12.883930547887982
498,4.594455260857221,5.1515081798669975,6.243422276288344,6.687426396994815,5.827088437339064,5.352628509596387,10.827102854140405,14.230823105170463
499,5.267069464684305,5.481164361930794,6.020350145045488,7.030007876200412,5.902461955477853,5.319322347724427,9.61123735364946,12.16511328693669
500,5.198299474430616,5.063311732613687,5.462213839136246,6.382139748838891,5.550540843930264,4.959062356788802,9.39736886264668,13.307389218413068
501,5.856966949994794,5.237314901009637,6.028512237547016,6.520500702825364,5.222370021262799,5.6316657158906605,8.51208314647234,12.160450741938
502,4.76810925027995,5.304116868549315,5.505276567897238,6.274758586803832,4.841121052823899,5.482968411161394,7.212360503964289,13.031159811397488
503,5.139452189641167,5.792157504120299,6.625358957139018,6.972815259416329,4.627504770157789,5.078042227972681,11.313205710424036,16.097002400705023
504,4.96713319349474,5.308884881824589,5.448578817990061,6.881910196847392,5.14060141036822,5.308980386958032,10.782867334371238,15.737776158400552
505,5.458970013835544,5.090887722890633,5.671729035965078,6.185545944429523,5.723944104980786,5.140251069173136,8.68777032396082,15.918201594275349
506,5.274435855792576,4.886050253448263,5.58478108788169,6.287479164221387,4.961796468988691,5.691754919957342,10.90871940401788,15.675470785412172
507,5.199989825776034,5.249457631903409,5.708346987226595,7.250332239828893,5.414590399932461,5.105882871961198,7.106473023275427,11.797926997047512
508,5.3567722248883065,4.937174181451774,5.681660795452734,6.277694847790209,4.9101346565009685,5.969221177897049,8.405396950928715,16.92157828261369
509,5.325666325375368,5.598201550645308,6.352829701243951,6.625421431294785,4.7056319588621145,5.131669246552278,9.439182606952851,14.31250290851172
510,4.8863935540506365,5.405101497178641,6.21800451210844,6.894835610031382,4.615013234055684,6.029381046969248,8.59302669708694,14.741951913149766
511,5.138070773714154,5.187514363113484,5.9350292022358,6.279311148774434,5.42751099458521,6.161565346822378,8.25924455423166,12.21816717028217
512,5.004768176954737,5.245068400706511,5.352085480246046,6.150055260127443,4.849862247016577,5.718781625756237,12.284331420018637,14.547025894020448
513,5.831338945381798,5.8539561661329325,6.415233539235447,6.631208595160751,5.30413828044225,5.919665898611094,8.94704694744519,14.407950636415991
514,4.930744794121359,4.492101736353052,5.988495677885412,6.421983922236282,4.759397054200288,5.717168586716044,7.576401712535473,17.81587770443144
515,5.547737313610287,5.655766239547114,6.368651672601443,6.496428122954648,4.398891207524406,5.709274039575772,10.708167950906663,14.31446732879857
516,5.340906566565092,5.114731820102719,5.5201632567076375,6.895967189955629,5.18070724048671,6.01309005265051,7.829326124385305,15.716731122309826
517,5.3725789037692,5.480977639895268,6.147506454008592,7.370413705365233,4.71536212110557,5.583898223850579,11.644365988395409,13.86602181130913
518,4.442902420721526,4.874845814048522,6.074663213855692,6.418796802123911,4.557786290125511,5.261242762736775,10.86458915006537,16.026122764612392
519,5.546931710145831,4.964077146647566,6.372490410157139,7.196124655754226,5.134621557428599,4.798143585497487,8.498613297950799,15.156890370449808
520,5.239053716547602,5.376130217172591,6.138582668081039,6.775335056682927,4.877261786358268,5.528658375686076,10.28916641282678,13.02388872132462
521,6.033015397295559,5.913395951633908,6.277419366621522,7.51452259132481,5.891213971763674,5.380424874418635,7.774791632243404,15.956336706326292
522,5.141111034442917,5.378783072226326,5.534005686008924,6.493368480410218,5.058669072674648,5.6458141652171,7.716477718596804,13.30899784715696
523,5.399616198925689,5.004361706980593,5.755244717546456,6.219156225898908,5.864310009952457,5.050456605010954,8.643049521516355,15.409115402568004
524,5.071981870060236,5.106087836782962,6.250399033164718,6.777898867729369,4.479802791045429,5.933115230246661,8.058530956648891,15.101705618212389
525,5.305154131025014,5.264937904349383,5.607548632469359,7.809077656910397,4.554225577305233,5.36010468415997,11.808674264134272,13.570499338229686
526,4.69829047373731,5.181213108368378,5.964774330517395,6.69365151527826,5.053630495106191,5.989070269445596,8.455652990929972,13.01111912971228
527,5.482241469227248,5.1365897634167,5.764412870589301,7.370744843882994,5.40658760966121,4.32966528941746,11.277015472982454,15.951097562556608
528,5.371349159383655,5.476217885811847,5.233716324406865,5.840228929560061,4.893660626112229,5.262687432749811,10.808804340353907,13.4210838978464
529,5.05477029604998,5.270270787178954,6.3264003263367306,6.554245500781706,5.194808901690609,5.103596774897754,8.954551461818491,14.98456576366376
530,4.902823384623062,5.234262016343325,5.463425845847178,6.9571727156133205,5.179900865644981,5.392144386018185,9.434216014802375,15.330476462531395
531,5.4276632966909215,5.4500988764296725,5.711957096393678,7.043731297912599,5.193996523976105,5.836676655506547,11.429509408339106,14.30131131888655
532,4.972653957652516,5.111914722676218,5.695778212083656,6.384457259128704,5.367444193243742,5.0238525865332,10.440279955408847,15.808193288114609
533,5.41364051161526,5.353628471929217,6.047261585839573,7.087052038302276,5.356443333218067,4.542489830217374,10.580311264405418,12.777739827735806
534,5.321730044888962,5.290369292442185,6.123359499373472,5.804580555369455,4.3524701765710505,5.170767447509794,8.36089904207152,13.863023885583871
535,5.434814503257432,5.511014606866724,6.227642252693924,7.196042032441687,4.837829501941348,5.426745097464852,10.065294366497389,15.843576519530888
536,5.217941845804765,5.22272040883317,5.900176335801232,5.820046285101906,5.228278873214883,5.674013190042662,9.883826660773993,14.643870487061331
537,5.661566908593823,5.163686030810227,6.1081699566516265,6.405846997702929,4.981083989429637,5.005403525308796,7.392399241509976,12.677820919194518
538,4.758164138381562,5.077031969618662,5.682344718178799,6.67636733165824,5.707370473291307,4.8072099251942335,9.365070480743949,15.886879667789698
539,5.039502020869705,5.289251909147502,6.034997486816841,7.653323586140807,5.138288729833107,5.115292841933546,8.435898807932748,12.737190740060344
540,5.376451174509347,4.912573677199076,6.04257641995967,6.909208645845886,4.918804734699985,5.610592796009622,8.85535982088671,15.709590620639602
541,5.415369883011343,5.187182304697323,6.440737029682843,7.163832912728902,5.374359173899981,5.750236310136211,10.206170064381547,11.86986036009544
542,4.968087709239775,5.139257470469767,5.4430580030153,7.184278327572176,4.773187325259832,5.8223485080684965,9.331012456406478,16.30486667666177
543,5.151101870411057,5.071673418434255,5.759279922729612,7.044854964891988,5.699503168402195,6.806023495060158,8.500324331226304,11.809708340017998
544,4.812944055508544,5.121877624001296,5.212506068887854,6.312138674590817,4.979807003404825,4.419125074087587,9.32424392783064,15.817753380254617
545,5.75759037677397,4.964169570557826,5.462882146280793,6.554920467216192,5.323853579081207,4.350519519721553,9.79058243806336,12.31462381841328
546,4.941579861430396,5.155423196009266,5.614726304899177,6.805142441057753,5.038934147238403,5.28879986703145,8.682200643514603,12.432972115782272
547,5.25962861559399,5.314768196541585,5.77593707031902,7.174013823977584,5.0999856640356525,5.346707308615348,11.146287877336013,16.73240710405283
548,5.122063103911477,5.558930430103573,5.891786380015976,6.533091112919134,5.791437453569007,5.995376752864926,8.856385760814389,14.458749015031264
549,5.150586597537727,5.783168348682467,6.191725524174447,7.294186856297792,5.020981422316431,5.2361651964019424,7.64214736550574,12.287807911848745
550,5.447491334990495,4.908054918484453,5.795115027773062,6.413914096153816,4.794028526278995,5.244583328511968,7.994051096022162,15.265777958690103
551,5.537267821834047,5.715661994637866,5.285110249429594,6.231565988763898,4.662051486851038,5.365361170629098,9.912588516672692,17.383974845112697
552,4.903608662606372,5.230317048882863,5.625694399053361,6.065988936444923,5.498166715225055,5.672584228988178,8.745699458280898,15.38720128529573
553,5.836074737495981,5.4903717643336645,5.9448806483802255,6.774817340026537,5.343577718111171,6.247604009044626,10.717629882516924,12.370962812764413
554,4.855978236752638,5.2580163589125135,6.120956709538566,6.802610772626609,4.553386694834346,6.003945011413944,8.33492714140775,14.593789634597517
555,5.735708181938422,5.134719709255564,5.585328349032992,6.953311939804742,5.355069401874237,6.44223893344142,8.08099374305641,12.078734865107783
556,5.361145133756391,5.49283022383973,5.075103730526773,7.325647169733979,4.858154283665971,5.376341048161629,9.738771581330122,11.14118894896044
557,5.462434037734894,5.2440737779972,5.928615755603866,6.559618928273224,4.6784153966639055,5.768152508023571,10.89484605411964,14.469596638494052
558,5.1302360794319215,5.162790308133185,5.736563392759536,6.394651217842049,4.493887589218575,5.46738235743177,7.661147009228853,13.361020575934326
559,5.289561587541964,5.2635012787029405,5.653687128296726,6.727584828226192,4.899891195204726,5.488887321317326,8.216427612894458,14.40981454766027
560,5.2551156176218985,4.775125976664514,5.796211035803529,5.236425288447458,4.516873376196479,6.022915422817856,9.786126862072708,14.237452372799629
561,5.496486652501022,5.565891525764463,5.492419790005176,6.826330184903322,4.996636615396968,5.761768430391402,9.169570862269966,12.056139999764763
562,5.180255566215045,5.062056139359883,5.265328686163304,6.042282817974559,4.903885318947375,6.013729783455688,9.237072897298187,14.065599637665049
563,5.828787329718239,5.46240660350593,6.292341343051789,6.432050222546494,4.68450776902983,5.204229747073029,10.480613153537536,13.508885850501764
564,5.163250077272307,5.269774157904881,5.20020943505028,5.992800030751917,4.235313719556121,6.696388406244858,8.419160992337485,12.246937636412609
565,5.865813368299492,5.703787417269005,5.205596521588444,6.408774940275678,4.655800172861837,5.979092070811967,7.53465051313094,14.016365448108871
566,5.282456391805527,5.250516575864733,5.977257530962826,6.2237162397538,5.733244520922184,6.49900241690821,9.942463475590117,15.420376773500289
567,5.029171619710926,5.049421244667606,5.972827820893191,6.678861346188719,5.4026895122422,5.593197939205119,8.403355119746264,11.472924911248436
568,5.581069444230234,5.33699388770317,5.573771343832949,6.480083847945824,4.703793194199715,5.5778108236177095,10.124599372601915,14.868117167445272
569,5.531002952571756,5.707628186900221,5.828920584429793,6.560890011137196,4.882810927922408,5.802338149282437,7.680504388955168,13.21871802910834
570,5.658241028383681,5.164005376507951,5.770285978838802,6.590600857310082,5.036587887962677,4.9554494085256255,9.74386127669411,13.656799943687282
571,5.837605776260487,5.197308761232846,6.525511892136969,7.187852186481799,5.157644784902328,5.448933599014621,7.844928866323296,13.666800928363326
572,5.418636019924065,5.025518895040042,5.210972965365971,6.778611846048709,5.606504417833081,5.753151179538716,7.124763100246507,11.106137812648376
573,5.178000234013214,5.070325987563562,6.021453321975552,7.3688766741943645,5.518131418494716,5.494827773066587,9.798212641446865,14.5321010764334
574,5.443497602104993,5.131712811553177,5.595867102249072,5.470839712761315,4.902087819005123,6.254776705418634,8.516919474661872,14.441835235248666
575,5.2700542702551285,5.604141927401092,6.203409853089819,6.788907592439019,4.871623186789659,5.516529330301687,10.324555010508805,12.95227703131357
576,4.866026219352421,4.767986802576075,5.7515209913571965,6.213677925653814,5.674520293038736,5.350651883372763,7.655507974005511,15.459590237567356
577,5.27099969015011,5.4301366776111495,6.189540047506876,7.436424942165334,5.8055272013859724,5.307684899994027,7.542368610752694,10.629051747084723
578,4.909354931410068,5.230974747433906,5.840406669338641,6.258994404178988,5.3853728751906695,5.91111645514921,8.064687244886196,12.328133125035952
579,5.146951503387403,4.999030211988627,5.615097019811725,6.703929808362452,5.066534568390467,5.317764268519978,8.575602124059683,11.895784673742709
580,5.178263177963521,4.258195908278466,5.794341168896025,6.178422636640725,5.691235917341791,5.289199992495829,7.872285818119697,13.710388231856768
581,5.517179935573131,5.166440778260203,5.91918484261946,6.643852001328251,6.113850718231557,5.578238456598819,7.291895872740255,14.050561060627764
582,5.506593067419665,5.009225973097465,5.833112470710796,6.156037020360045,4.993051620189964,5.571081762978441,7.741429101986409,11.799033489194498
583,5.3402395627522745,5.2315414292481615,5.533851057817691,6.409063507728955,4.866550543421707,5.295840046830614,7.475436214082935,13.03343285052392
584,4.615692836635178,5.291247351623597,5.58882919005963,6.520435143286653,4.998486547047116,6.331903998549038,8.573166246311077,12.659605587265036
585,5.479025571048474,5.432190770254923,5.746968413396059,6.364914616511643,6.056352427496832,5.788114012572946,11.914135963561195,12.951831418196727
586,4.910196609415283,5.063132754092951,6.068396297601692,6.815116174465239,5.149954567028274,5.194758545974858,11.969095209067676,12.282511952218147
587,5.388980850828908,5.426348198371965,6.617642376460266,7.210256469939344,5.8462976962596365,5.1597539421991945,7.399147233822446,15.10499556457015
588,4.733668803216587,5.460668346931186,5.870805148453216,6.036049749004737,4.4415048769130046,6.144184002366097,9.371936340826483,13.754749286901957
589,5.561802752916652,5.595389128553223,5.985689870605281,6.000955664886276,4.45841470336271,5.176875494127156,11.637764412670531,14.29939272471638
590,5.115915153229515,5.104519358573641,5.915216154551516,6.713226984276448,5.082891139560147,6.316039548475128,10.456585806722853,15.916289925057894
591,5.17686384621217,5.072696744569377,6.0133466074463024,7.288240993067359,5.295265959368774,5.754816528340595,7.999017577615592,14.170799018417098
592,5.199950893130742,4.796736962498937,5.522631099949026,6.32685075016607,5.251951352409464,5.40670765393317,8.316831394101584,11.156147621801187
593,5.4930205404730765,5.0459123142776745,5.950205320442033,6.530249860070527,5.480450665658429,5.855969005951211,7.260297894399132,12.640722317193472
594,5.061002199876368,4.992821060687454,5.806944761763582,6.185436565170138,4.842071003509136,5.825380727716698,8.867774419336191,14.1827578724558
595,5.055323707654601,5.838713503790721,5.917978028306847,6.393499502962521,5.043755632546797,4.5469983719399805,10.000824817573458,11.77070042702846
596,5.206054307282639,4.992541205279364,5.325236782215947,5.79663721124691,4.294899607063672,5.3329538627414745,7.554596378241399,11.95529837210598
597,5.412283200312483,4.981974029913448,5.782254002008943,6.658795009894122,4.970485020318828,4.574201607661254,10.073060770657095,11.96197613396514
598,4.69319113480262,4.915768165482034,5.394151558807931,6.979278964580455,4.945909827423498,5.7665985719939,7.951110431700369,13.446524752936998
599,5.707413748869588,5.227454154801084,5.718874624625888,7.014636376439925,5.013950091722332,5.313541893920471,8.572288725519666,14.091673040741078
600,4.6118321920737815,5.034490776751559,5.7231799451822285,6.540680015974008,4.537265842679812,4.816843076985715,10.169413033309196,12.146591888277342
601,5.603009447141067,5.378164545030288,5.242222395247535,6.829021762303857,5.415144110741601,4.638822165995822,8.66610102500453,12.7294640889839
602,4.8945552608133855,5.210631529554574,5.670280423312737,6.025806485385763,4.822669952039155,5.5899146456258295,10.637233639178458,11.91377553486966
603,5.281141923819022,5.403009244910888,5.5217164109344345,6.895586184103116,4.724770402613973,5.083996715609158,8.82301710107153,12.559823709073978
604,5.262592120393864,5.23034312387409,5.337825157646349,6.889759266423118,5.837005665478996,5.729876371955566,9.294615117512135,14.421330919174697
605,5.372570997353577,5.231007560537703,6.059734720777325,6.8513945985694695,5.654045939578238,5.687568647343482,7.789247343632038,10.307824138549304
606,4.852662083927406,4.997581159879831,5.627629993581983,7.104107133048881,4.7007249294034805,4.815819049191865,8.742540634376198,12.64320620932141
607,5.778396859161455,5.264067227466161,6.184789394985288,6.490486864650985,4.735382107915835,5.464019360082998,7.908251983618733,10.679643633420849
608,4.890071404909074,5.159374692829318,5.826767051504559,6.963932282289078,5.157851223208221,5.707495078193394,8.536864135423762,12.842744012911329
609,4.96557109783462,5.275576011353189,5.9531227981287165,6.620347516099916,5.733269138430493,5.786749438080991,8.819318018887294,11.467383819546251
610,4.767817119278565,5.206656074366448,6.063330297412238,6.75649092607992,5.070686668880869,6.294875366363947,7.998130311301159,12.513005119945085
611,5.266915004097651,5.514929648137651,5.660536397801779,7.463315387040755,5.293818363706862,5.685346053843031,9.608720688918352,12.877450749444806
612,4.4438853264663765,4.932713785934035,5.782183709099098,6.5647208500992535,5.365208667812053,6.110343700961924,10.136324570655416,12.6157348343476
613,5.567134736892447,5.378336043315504,5.800044376274927,6.841235240736003,5.274662825876965,6.188273650998958,9.379659005105111,13.072244283713818
614,4.81774100609324,5.057943866161651,5.1748707405734935,6.446489836078856,4.933902053744494,5.764754933967735,9.51266047327888,12.61909508372128
615,4.813954558077318,5.337215851987909,5.685307291625963,6.98321398684826,5.091049298001493,5.009219487962515,8.095512733666554,13.96012084461089
616,4.8414474797750415,5.214532253084037,5.9211376566816805,6.574103564822047,4.965236875849691,6.336348674182287,8.296774297758768,13.46493185616773
617,5.51704797838782,5.040942518023056,5.605658825368467,6.556950119335439,5.0477132342217175,4.812899799508248,10.57085111620753,12.832180145447373
618,4.683731238410083,5.314063468453558,5.344676705135986,5.877832482291216,4.791432616469563,4.706588055856516,9.90820041976028,14.744165316011332
619,5.016467558621848,5.602278401613906,6.428698277297287,6.496341318579825,5.16311702236893,5.1529786001982485,11.011025190396504,14.281237166940269
620,4.957938255735162,5.069462227256947,5.249377779698445,6.954617873775518,5.278550797763022,5.31833505604377,7.458862953171996,12.949272845389412
621,5.425300424753924,5.425492784641085,5.709850677122624,7.061153776595473,5.500268877789383,4.873505923574063,8.633752623488085,12.686022433474312
622,4.773793041184636,5.352489171089313,5.765936861954818,5.976873529907292,5.300600424256024,5.525688255781016,10.552922831857192,12.937080074198644
623,5.347922156366941,5.351028133744412,5.600240779487248,6.955890442043119,5.653413566024884,5.564631785943336,6.5212022186233085,10.463792132680886
624,4.970772236747253,5.167798683394264,5.537499426633216,6.810848712181059,5.54057449864935,5.775103497818667,8.01763849233357,10.822776611364535
625,5.131322272127082,5.545041567629067,5.959631454177055,6.879007372214586,4.925333585741302,5.908665318113752,7.756750004252944,15.95645093501045
626,4.688997363259978,5.130579884430339,5.538504963694594,6.536398288120598,5.512159322239973,4.808330989015241,8.340913714984934,14.386420635484187
627,6.0885006584587815,5.482189439859776,5.611028400825558,7.213062193889843,6.055965881287142,4.389660799761407,7.523278879055008,9.812050260534962
628,5.172159667823169,5.079165846933331,5.366784718532779,6.313023810572167,4.775833633584312,5.097515797685779,7.507853492811733,14.952383452264325
629,5.715004985122889,5.5828526476204825,5.874070865617155,7.625804352224957,4.586758782387792,5.107548045109561,8.414283053019748,11.689881992177236
630,5.044090269493413,4.580089061353185,5.677894926264608,6.102944028459109,4.279056677899368,5.217870879608562,8.967572960355026,11.57157251279761
631,5.671267930835793,5.238476937114759,5.990210168655556,7.518708262479624,4.028056664326719,5.029751272609388,7.978078512215691,13.568737277330598
632,4.847690410897597,5.075773348636544,5.735930290660924,7.538553101262949,4.956745381677627,6.309187243621128,5.575283968863135,11.38330342033093
633,5.3427879169746175,5.541254196549136,5.751456149310406,7.015913201955622,5.601023305580338,5.45174212273894,8.350192172882995,14.6485279629404
634,4.89600549434387,5.206315557562891,5.482344107627163,5.646631423408992,5.547444223205304,6.121393064454462,9.04249568248986,13.6196940372456
635,5.593205890590278,5.445343760334248,6.073597997142247,6.953276646722093,5.995129505663737,5.467340466147099,7.892105557166879,11.820859534407406
636,5.095278603731505,4.681261259261274,5.313826400591541,6.835848950271039,4.855802816500069,5.753267745677161,6.529106815988794,14.305802210235123
637,5.442692925186451,4.815893973639085,5.990308384129791,6.086882754617289,4.537429356066969,5.732546900623579,9.488236912837948,11.616506066201632
638,5.213722877064559,5.100092540857242,5.344272202876788,6.532532561993012,5.102838502462079,5.009089094334889,8.161596385092995,15.074162310478096
639,5.374666489415064,5.2296025738051,6.232655105768375,6.4869837560781525,4.775910604757976,5.076546854357358,8.406558916402638,13.798902767691644
640,5.278628241397121,4.963315168333767,5.684079507088565,6.700048028223343,5.0839602841357445,5.719208079087821,8.19546471268721,13.379312831149694
641,5.512585544562585,5.207416605745824,5.838434032449429,6.031145970454076,5.065312469215483,5.637472936495397,8.649075005733376,10.753893247987657
642,5.187619915232118,4.689177486453176,4.76245291039731,6.496032799653288,4.75116107941497,5.629925329158415,6.475948755786519,12.526102739377135
643,5.0827728921251945,5.185580534057577,6.040069951423941,6.901184194896598,4.962706192943695,5.842495417162572,7.692881059751086,11.615023453640813
644,4.97554973077452,5.171533212555333,5.474046442945755,6.825762862207686,5.034804328452474,5.32945387096359,6.364802715053394,12.105024337624627
645,5.453711973335738,5.310861046587924,6.191850406920482,7.006853092660255,5.535704797051514,5.048443679385651,7.365594440861629,12.998925237497344
646,4.935527379299572,4.879402920932454,5.646322545202231,7.304351049556383,4.319102610567679,5.560343162598107,7.634993515205882,14.39608608255107
647,5.569413608738302,5.51756810181456,5.872230794157829,7.735905513858468,4.557606763004872,5.107196695725803,7.029213461602584,11.964620505770096
648,4.594313008171533,4.8642678440454,5.288016164399783,6.666329684646758,4.769004797311462,5.393492630445276,7.016098687263402,11.890738274743727
649,5.418310917499924,5.5670431265951965,5.974533197999064,6.472021418944664,4.55835538279735,5.02914445451922,8.717013086985546,11.29556478987964
650,5.004933803281524,4.856206047196814,5.366812561939471,5.734926820804757,4.730196167615853,6.403167632996943,7.306461788766236,10.965753261243549
651,5.230817055230359,5.430746264426476,6.079778380494697,6.9383472704386815,5.814966736295622,5.41144400374884,7.453119619463708,13.33428292574653
652,5.171488817912303,5.144423527158204,5.252509885460143,6.330286156043469,4.298244547085346,5.2690781593832,8.995152702624459,12.032727980504736
653,5.611202363924744,5.200125524444899,5.968978100175931,6.452397621371572,4.381112448919801,4.785422492311987,8.089228453334913,11.455477715382486
654,5.046652906172959,4.747223504323372,5.865323198091664,6.908301333054131,4.763486483285664,4.935996700709206,10.927099856251791,12.608359794987107
655,5.600900518352215,5.4148897343014415,5.9254944021794405,6.487981604490553,4.977088446436187,5.323103692166742,5.743974318259063,8.537926793299297
656,4.85948561450008,5.591912051894436,5.601154377476785,6.724491288593215,4.617691313015426,6.187517411670551,6.913678986762711,10.992466921414884
657,5.472729892742874,4.705818325779302,5.929777543590548,6.450787285193683,4.831623591601749,5.395820287569104,7.139480680890979,15.09343875635972
658,4.537302325804869,5.240591251353055,5.96227660389619,6.53450930995709,5.145171612480415,5.42120835039953,7.863253161865462,11.86677544860076
659,5.215913122725491,5.2055010569690285,6.158799535632023,6.147473714471729,5.789956788691393,5.090437529797018,8.487888594161316,14.545847831221712
660,5.011647749327924,5.100587855055075,5.488484032448564,7.626047431629467,5.022345292554637,5.155948197967339,7.462927509698874,8.706323992094042
661,5.079997122092575,5.400452411096738,5.760319406337315,7.325125088809379,4.964234248032602,5.87865969945034,8.796727280004147,15.277779541677306
662,4.6085593026313045,5.033346002989696,5.072291435173682,6.653134974665088,5.407416778770033,5.859722084900944,9.09548079427242,13.901365518457691
663,5.379759347781151,5.482434266953371,5.870701814963082,6.722588043019308,5.28102766246588,4.701336004432766,6.713194780844958,11.068772222156392
664,4.591556313522712,4.9642366164159295,5.184534023081494,6.473062024078529,4.902248823447967,5.073170744304565,8.253850630495918,11.126285495060888
665,5.816458354362242,5.460537486555049,5.704016273827279,6.766430230017085,4.932528155879875,5.306707461815477,7.187757730859532,12.755480105744068
666,5.072386366669479,5.051046279770434,5.762294344192076,6.768030699081761,4.1925262480224905,5.460328574950691,7.886901513954366,12.092606011136455
667,5.098171484785806,5.408895541444446,6.240660060915904,7.443590228057063,4.384480755726496,4.906239190714973,8.95482730157343,9.970092729632023
668,5.271416644071281,5.150713182564155,5.627982092869076,6.755845322429657,4.758054702526763,4.650840939560297,6.703201915087075,13.316760574901974
669,5.180743554099222,5.242420065275785,5.720179800087284,7.201819561908504,5.356156280229477,5.190679236819778,6.852803140632357,9.86334542972191
670,4.820916113083326,5.1089643266201135,5.376613747697002,6.56789657904807,4.749024671992876,5.598388130942091,6.573594190775566,11.004409334061872
671,5.247022575126679,5.3763502444055264,5.961510880760108,6.38396200678143,4.736529237897496,5.851058981197186,6.665588004363068,11.79499793487366
672,4.946526055885445,4.827386197868077,5.450248536043974,6.356791681268953,4.991688639182367,4.680858363600214,6.371647516674996,11.67406835804033
673,5.34331808620047,5.270375282126579,5.809609214199723,6.572397262483092,5.374181720074288,4.933461353218565,7.629740178023434,12.291081215934447
674,5.088662828398253,5.340101867809691,5.639378371831715,6.364233698449955,4.269967273252828,6.576828866983136,7.103314453452451,10.823117592054558
675,5.44850180833696,5.459450441790486,6.544965525437265,6.568433877069733,4.457418843850606,5.920039810453702,8.299251546984824,11.646893628150067
676,5.068906224228978,5.442645423408857,5.610207315848988,6.305334177359528,4.420215579329425,6.12186974787879,9.609692814054178,12.808405173680471
677,5.5775293910394375,5.742897632573105,5.743503756939246,6.793977909345579,5.244378066631632,5.646997386209008,7.315668213977942,11.538700942796154
678,4.89893449396615,5.284414643380533,5.862499031562908,7.12195644747285,5.783396533616307,5.565304115719415,8.70701523224465,11.695598205602918
679,5.773753368540861,5.192131241622439,5.951653615958135,7.6371225386528465,5.418084573571868,5.726806633738227,7.974201776646629,12.52753666140836
680,5.294301720369841,5.152322964652647,5.9364393001858025,6.108359953403904,4.70080705708142,5.548388340182791,7.906744763902031,12.262436490894489
681,5.14534956670301,5.554907166678702,6.271110122546198,6.499421299781397,5.078742064485965,5.608751757985038,6.385717458104483,12.222853751695125
682,5.244792221666554,4.94709041849852,5.52857775859856,6.711036551983524,4.479599751258336,5.422866171779917,6.747243147287668,12.246440014681246
683,5.501983656004899,5.387701609444036,5.68948303092952,6.3347638044160535,5.602813909033548,4.943564925059691,7.368342148229828,14.17402899171813
684,5.007002722633107,5.031741691730794,5.543594991226854,6.892838392711361,4.552548136223023,5.266443801180219,8.099918137387359,9.167763853519295
685,5.979301770305742,4.971505205902824,6.40124965199968,6.586714633869967,4.519574258046168,5.4146545542706015,6.632216011471222,14.048030102204692
686,5.468640511047513,5.063530684170026,5.706472642831602,6.337226393154181,3.822296743055075,4.6105472924706525,5.844535400506783,10.663625672959766
687,5.278769057724723,5.274384665521745,6.182059042622326,6.734432732092158,4.473999498619863,4.650933425367875,7.200665315776024,10.147058882342884
688,5.276471557063911,4.854466792946157,5.756377767229963,7.100848141776888,4.538483980344734,5.537046427369936,7.579203625914565,11.547758074082056
689,5.397755097365094,4.676552620648475,5.855309441268383,7.23355607916331,5.540737747951964,4.630244449366356,7.256513573331729,8.358583399367367
690,5.380607103304025,4.952959030524553,5.610127513007035,6.971137175319879,4.866525073675185,5.513871478922146,7.059256450139277,11.152218390171983
691,5.345995302543528,5.372472609592507,5.90272325558764,6.928320299122976,5.399593762284892,5.324831950100086,7.17891206774018,13.307162211699112
692,5.049698401262053,4.828889152060869,5.804733828263066,6.7449926335421,4.811871812612587,5.110069961166462,5.75739872475744,11.690985894883902
693,5.346076630423067,5.16902545113376,6.300764468627997,7.183850885380041,5.747652000075584,4.570178876175583,7.406288820274024,9.654865354809395
694,5.414981600118417,5.147780771460518,5.448381410890962,5.972933857450611,4.991159295184233,5.259517023934103,7.829752511018988,9.146355661131302
695,5.310992063082425,5.315774552532358,5.857875340905134,6.640029048274348,5.383713549277242,4.977251042607081,8.631489768234498,11.440072999985857
696,5.395152414688198,5.126325273878461,5.491413505099673,6.644032762445208,4.735035720856096,4.593318007742929,7.756516599208766,15.006718643280337
697,4.931209193407601,5.466229394513917,6.422781228939793,6.0672983477881735,5.057192218529706,4.231692331065842,7.566477671079946,10.244176867389276
698,5.224133864477265,4.550573283401846,5.823745174412119,6.429447531070086,4.50436750147152,5.533135912562102,7.352529659089499,11.139407669838535
699,5.426580177974104,5.507321875732536,5.4978837101501385,6.643644780199126,5.216112403456068,5.162310652470253,7.210539380373843,13.35500011444426
700,5.088967987684049,5.388881376463156,5.715398269403789,6.927183410099792,5.288892350913001,5.423856088863246,6.808266034772205,11.467572847815964
701,5.3570204303413975,5.143286876071656,5.891242278270807,7.223783705372166,5.030245432468811,5.639580164497491,7.638892494417768,11.527423151093377
702,5.157972804551303,4.7701225275188985,6.194722933432667,7.232357444942004,4.90034953267032,5.456626088535806,8.119874847491623,13.30334007180812
703,4.972273126828748,5.459846036348273,5.794840616856319,6.976700256419356,4.319140607907747,5.576914630506262,6.736022418481456,10.351555887721965
704,5.184675448877861,4.986586508534414,5.585224116228567,6.73693032466052,5.4860340901632965,5.268649806579441,7.54589676948215,14.84662808050714
705,5.595939168559313,5.08035246296139,5.844721980526273,6.60221942481601,5.84607013508926,5.595191917314226,7.954426396137967,10.822176887917609
706,5.067216771557113,4.910684104051167,5.982056051700185,6.71055083403124,4.328573779425137,5.41053369568983,8.357074844845714,11.603897459979503
707,5.209887024539428,5.54516362060274,5.761194090407148,6.3474554101367255,4.325809694580772,4.554266615756213,7.906083105824472,11.774147868580402
708,5.219591067868877,5.270932829604441,5.729975566036228,6.590425740181281,4.950148063569006,6.144129607057314,7.306313498758478,8.509024466344261
709,5.042690361147158,4.9772129392227535,6.136005814843943,8.097291836111395,4.866184521872225,5.902808451392043,7.589736755300245,13.287363924101117
710,5.146748325002391,4.941548047561975,5.047719551783649,6.399088737604557,4.945499375872132,5.403075713131438,8.022240131856142,11.658383195275007
711,5.377868753907565,5.046455185392939,5.700262311523817,6.98021391487689,5.949614529549285,4.715528598764475,6.976678478322859,11.846951948178525
712,5.485538883763968,4.817106740912303,5.613128690692786,6.864968968259529,4.898950149192834,6.066218448460606,7.242352281490263,11.781360093253197
713,5.420761211100764,5.267657161789929,5.632591469417041,7.170210394297469,5.196361867913439,5.392585490699887,8.075649332677047,12.304106435245568
714,5.2398811887859855,4.709882083982513,5.400035636822617,6.958009505250897,5.504995155590035,5.2260175442996655,5.675978976679374,12.257617450557756
715,5.094295248894596,5.193951933768603,5.725983950941086,7.135901270832646,5.469585018396916,5.470270492404972,9.240795735404015,13.2458810043988
716,4.576091113985639,4.924841371862851,5.575722432102569,6.409423938961359,5.396682662798075,6.558702692032778,6.725142995805807,10.755132432685569
717,5.592949108573271,5.095862844699601,6.321767943900691,7.629312998330093,4.867357291038593,4.836182820766693,7.411652707570576,9.64393102366424
718,5.364983811888962,4.579087461071932,5.31249043867813,7.015506031676607,4.743642950046944,4.478752705168212,6.310577869940813,10.50260843396753
719,5.855668693102013,5.479600583374067,5.453850135693022,7.053231192286054,4.9103003859718735,5.311138286647106,6.793884572131229,11.717619109609654
720,5.208015732296398,5.256325095582377,6.021070965797308,7.532215254049383,4.626777456590959,5.328205259489513,6.409691805816136,11.288436272028834
721,4.947426114797191,5.550595908435931,5.964231827590351,6.383549544749771,5.430464822493256,5.708551453294826,8.301700688137354,10.717335217860418
722,5.18034865870239,5.395100029326542,5.430875026319545,5.953925651588875,4.594090872480751,5.051665406217452,7.725490249651461,9.648126002518223
723,5.461725084386631,5.278869849283543,5.678562899934724,6.319390106342411,4.68852398451558,5.6453945256947495,9.494276350331052,10.848505038483427
724,5.532063413300479,5.704617989677599,5.63050541377673,6.499540239830503,5.236717490092425,4.674940023872824,6.311425097714195,10.040274318122338
725,5.523494893880285,4.995386558679017,6.484223043103553,6.528735841108739,4.896259215969208,4.556521684208435,7.88678384822996,10.929435188468569
726,5.533624998340686,5.2152880501580485,5.8676817379863415,5.751175938890027,4.75847683337069,5.529840709959023,7.19795742772664,10.870922981959367
727,5.339824593530698,5.133220460699489,6.09538844502602,6.289679978029379,5.169736750786224,5.499842594190028,7.113387965588872,9.220546094706874
728,5.220853183262545,5.210910765450695,6.22645721139952,6.425138871433798,5.116590943536251,5.538903405422301,8.178535475062835,10.60309070900393
729,5.525118441714464,5.479416710804691,6.228084864148995,5.590711963208681,5.429735725261732,5.540443721648061,7.126765217043726,12.809802071354843
730,5.3081450098099365,5.113933448296683,5.102726316934931,7.205802694437322,5.2565412815256245,6.010705456646948,6.817163418043422,11.934092745359974
731,5.337285950084173,4.954727189645484,5.527230818477118,7.653291123572426,5.748764294200176,5.968884279260644,6.435035676168314,11.251331436666383
732,5.20163852210252,5.090420068066085,5.428488153685062,6.896629950185137,5.209553615079481,5.9450431293006005,7.129680941088738,10.041175890855737
733,5.277569515930056,5.216283991839352,5.848633179994021,7.554610395586498,5.7894947020340775,4.872152364060951,7.356991542682609,11.023799685143905
734,5.616924876328782,4.936330101275916,5.539849420133765,6.247115031858553,4.613430739803262,5.78415059242676,7.791423816520148,15.117692565375808
735,5.388477323369386,5.1290377085495695,5.958940993361954,7.180571461040246,4.499843273043834,6.27181025611628,7.39194986401277,9.3817103563378
736,5.432247865999427,5.278056212755017,5.456655821350374,6.221937534216718,4.754514542117209,4.917656761885635,6.901392182360655,8.700965266997523
737,5.343689290521547,5.327446244228075,5.7088176789326015,6.857592964839692,5.007107911996435,4.785236826452126,7.475488529398102,12.358745543751487
738,4.966101535842549,5.232302349675779,5.799840799912598,6.553025841077695,5.221121036521654,5.774586514232632,6.992679100266878,13.555569231181677
739,4.988012819307071,5.194279513616171,5.705242963529277,7.11650341512222,4.169931349859893,5.615825395584378,7.998690438480962,10.993156030517644
740,5.408579310719793,5.492285379241776,5.837897684321633,6.078463577438608,4.986109236194913,6.482224429852414,7.539207070949528,9.469293270537438
741,5.388837002687485,5.21122169240357,5.784282856420678,6.106578733393029,4.567362752642793,5.329616402229495,9.077013324767512,11.475183478463029
742,5.338091703784884,5.102949053648895,5.416888116707292,5.763752667976427,4.900360791610393,4.355946425774821,6.234566289020648,12.120294159534904
743,5.578400731470353,5.113403835325598,5.946268293306482,6.440822867658063,5.129180227996195,4.5397637818839405,6.742443716819942,7.914924693142756
744,4.979685883153111,4.9522188582771705,6.225878040362475,7.377207369975909,5.241991023429699,5.030215460323341,7.268036387424113,10.580120727258176
745,5.204584617675347,4.988169611533477,5.728258384359415,6.678774074472836,5.174487859451069,5.480774799597496,7.222924760798907,10.424606080668417
746,5.433484949721876,5.104921855845259,5.032816844227487,6.5054250429053,4.860098779511631,5.258752464461861,7.61823947313771,7.962655141423555
747,5.289022138086679,4.815033239294833,5.67710747975826,6.223472600940897,5.14636969471264,4.973561582489399,6.986361308596803,13.73968207396448
748,5.471495552142084,4.781820354242719,5.14615145033768,6.118718885270522,4.45567916198337,6.055057465924316,7.579301486191049,10.697929340279549
749,5.552879886051637,5.259966080647971,5.432025482756057,6.7371624155986725,5.072004720530462,5.260896926900313,7.157298993327656,11.669372046798454
750,5.20866055748001,4.987575980992476,5.246007778312601,6.554973999778877,5.261062261642292,5.965376655116583,6.889547073983669,11.106422047463331
751,4.861600147937638,5.872177519678242,5.541255640448138,7.198452194467323,4.88287369135664,5.885852098776873,8.853808447194085,8.28116045894125
752,5.322840984239319,5.346375699257528,5.409635423962359,6.731565618014836,4.146626391196972,5.310236584902127,7.133761486617774,9.28364159369522
753,4.897116187101389,5.736912725111623,5.940695340504236,7.1863259573149385,4.957022976321663,4.964048251580755,6.116313845896679,11.631259837503652
754,5.497397199431659,4.953250164354487,5.462806158417466,6.308300307082008,5.2619840690986965,5.708145827952625,5.542575339523973,10.09276513092127
755,5.063205325367117,5.058638575404903,5.51105066977367,6.291043780721106,4.985731917460006,5.381582699737697,8.574520541016726,10.99630330580424
756,5.688518277854158,5.130685169790407,5.357692536191943,6.984232015547101,5.290405199988803,4.930675079424146,7.212935515783401,9.442311773531584
757,5.41670193165391,5.233643786630913,5.883272531881261,6.934375655283273,5.148955893739539,5.229923846661743,9.256775730039063,11.576204121780613
758,4.675658758522001,5.539935233928089,5.483084445857367,6.440956072437004,5.133457606590775,5.14003162717197,7.313937745231728,11.223087788017796
759,5.295497571653022,5.17031943696048,5.595605519605666,6.580243678085385,5.575408142285626,4.679445550746642,5.909197246573452,10.395525146554473
760,4.926618938520894,5.666903826236913,5.7364032224400034,6.332875181689881,4.569255380063756,5.89852158651108,5.284450706276584,11.08148144889126
761,5.532017811595495,5.507965381699345,6.305224646898795,6.81771339274396,4.924986896196673,5.929179328522627,7.314864512110264,9.71632400379956
762,5.1132265368569385,4.775326512623157,5.500154035731215,6.757773854690177,5.938223101488465,5.395302290977337,7.898699042191544,12.204332882791997
763,5.2432506286727705,5.31139064016777,5.832750347999716,6.705908555773493,5.576700457010007,5.33929595817196,5.913571825508208,8.193985220809198
764,4.7412924823874345,4.775362535875002,5.638735993355985,5.866590485578207,5.824338794938015,5.816092658954423,7.790199631085847,10.820666129358637
765,5.269616326876704,5.092953688034318,5.797688520947235,6.228840493805404,5.6258756481176855,6.385992131475585,5.894386848404293,9.311477476544209
766,5.252519420481272,5.160874448345515,5.757552188135391,6.2410038693113465,5.420895721077153,5.777459167696326,6.726541526491412,8.757621103936371
767,5.614981929523975,5.164123656220668,5.967365909903242,6.503909690232805,5.151679277633432,4.271722073243059,6.967066879832316,12.496826948262695
768,5.06868798581169,5.2596430790037685,6.245731660567186,5.751287032936969,4.269881369280579,4.638674136711308,5.620640938099964,10.276189135274596
769,5.26342113011142,5.130819158996799,5.670991099907615,6.115016437547712,5.128235129949318,5.04196758238066,7.198756049969268,10.104419736020988
770,5.21276346025593,5.135480078697386,5.640901727273556,6.50754263256164,5.157659011801579,5.898625037049455,5.673800163091295,8.937271070625094
771,5.800579135571075,4.960511434720704,6.159494275386108,6.142682159983085,5.664570752348999,4.792862712088698,6.955553867942693,9.393021087896322
772,4.931755377134278,5.163311348616537,5.068195461489212,5.814557628567996,4.634271325241933,4.563144629451695,6.273748589999315,10.94443698826737
773,5.588987399902455,5.33707404247398,5.613022923996356,7.193349666117385,4.433469276134981,5.133847165700549,6.381952325304035,9.583241592202947
774,4.692798709472663,5.294107391927023,5.603402491139449,6.556649398611511,5.26460890631895,5.471573872553799,6.892452201101974,9.42135859622385
775,5.802647036968508,5.182738334401164,6.365641741933443,6.701532581444118,4.985048655385848,4.714917758473723,6.813233893397455,11.31192352232718
776,5.180413988116059,5.255249795105464,6.330719209874014,6.347633246408171,5.493875155582198,6.114334613173469,5.242088089022223,12.060422663683598
777,5.101499474181964,5.04474752983933,5.930972559456399,6.976296183312986,5.045863910067872,5.416576640726364,6.787903271634498,7.83231875352839
778,5.237526602616524,4.758652323956752,5.917122799254789,6.67355424264863,4.616257584437761,4.8106996000707305,6.1470191338768645,9.49185500528333
779,4.995778921359183,4.776863195979062,6.465440847335352,5.585421405925845,5.186550187155506,5.238281252510233,8.537025101052258,11.51188027015944
780,5.3147762197961175,5.147791257254593,5.716047937902248,6.41677988345937,5.321853102070149,6.182717210840108,6.486732184423846,12.961587859111685
781,5.151901383261745,5.36274196504075,6.644445331263683,5.922261659971093,5.179781090996147,5.204857590948568,8.374412423503083,6.79279141622389
782,5.389867480607999,5.383169497319671,5.235867532879727,6.303266813361626,4.974991450218318,5.652500450213461,5.609436333220972,11.163707786496584
783,5.309156991688347,5.527110292793065,5.695434471612089,7.431297328949655,5.904309145155567,6.195449346803235,6.69844385477819,9.819829985952122
784,5.4619522898882185,5.276856211916656,5.453895500707632,6.315202799266594,4.787387685135999,4.953012892496497,6.866020827635666,9.81200897710167
785,5.324312862015975,5.480398742586457,6.135062953563792,5.676702105631826,5.021702411667159,4.6514434420962445,8.601894911585,9.88926918013398
786,4.878743338221446,4.68688027372678,5.809889264316921,6.263796312324899,5.236134719594009,5.4628523054862645,8.054849183294994,10.465646758809749
787,5.315381319454353,4.89517054159785,5.793254248550528,6.181243805910209,5.582883038151226,5.622229901898669,5.868545923843331,9.832425575405669
788,5.3080301291966645,4.575656731178635,5.862456148541337,7.096143564824968,5.281237334183531,5.276624014958753,6.548734410897347,6.996967470909344
789,5.3898748512867,4.960013528170612,5.546004978460318,6.755522645824195,5.34710070338162,5.732896749307906,6.714096411470039,10.031664596335286
790,5.3378433047308365,4.600917338548462,5.186471486210159,6.7883486102024335,4.859826381818966,5.147007457716857,6.384679434660898,8.932740801110244
791,5.012373304351497,5.525225601380563,5.758501411186917,6.9965680471395055,5.275375325975992,5.339893226962565,6.237442289861852,8.589515505767677
792,5.096518375615182,5.07413130224761,5.302780196452478,5.826838224766773,4.870993657687995,5.537828424660316,6.603169754781451,11.264322786958632
793,5.838429195266548,5.409257072733025,5.114580817142251,5.953432857179356,5.3044568657716775,4.990410372010321,7.51890024485383,7.060205394459512
794,4.802108333580382,5.183954551634265,5.877065515205628,6.712597736951458,5.849064434164749,5.008838043795921,5.913766785335756,9.214338811022476
795,5.087108481690714,5.148983403170791,5.824050431608369,7.000766893536245,6.424992932802163,5.452479516547611,7.680810602552748,9.15704973267287
796,5.077239236157576,4.7204372973957005,5.706354285986374,6.468203845840629,5.021933608188685,6.332613804036632,6.068728006580883,10.295624587848897
797,5.1436999866334965,5.118300565040326,6.065244370699631,6.269839170009368,5.530289099011647,5.413308680525466,6.394746555107599,8.509755370472934
798,4.969676248161097,5.015427453154499,5.935796778001135,7.258635162371565,5.21948416437211,5.487209189945283,6.788998228543544,9.856659260678448
799,5.205376771524097,5.365454885594817,5.4350344847599485,6.67468861717554,5.254136297812957,4.999216096199118,6.5037009676202535,9.014011215842949
800,5.343545400315731,5.231100521607121,5.696007970462953,6.624020399537153,4.419534685261818,6.174604321851443,6.5125058740291095,9.134461324687743
801,5.813098616693112,4.823806650523057,5.905663712330477,6.545567120025252,4.72992540607813,6.038976636840269,7.409405499977857,10.32204472666203
802,5.03369660584168,4.993041506333389,5.05668175089051,5.969541929764461,4.662833994644859,5.39821490082908,6.7303971980887,8.384329306473182
803,5.260121478176078,5.333949455446827,5.370771318142712,7.270981671692378,5.404330208536622,5.702068926689508,6.642264121597442,9.585625762247377
804,5.502024337874748,5.299068537744786,5.909349713126369,6.749253335187325,4.137886266710593,5.45975004638079,5.658407095410662,11.235999662427426
805,5.1767157090884,5.250227463515213,5.986434600315907,6.701263112930402,5.84970752735305,4.799300700523496,6.809072594242225,9.090586245280974
806,4.743303789680414,5.0578673931038125,5.620773274615201,5.928979164900954,4.032104407146103,5.104624689353101,6.028835103796119,8.954035943663385
807,5.224870007574395,4.6836159317113,6.142278016755069,6.539302944292167,4.516849911040085,4.780176649581248,7.205735999331904,11.04460430917715
808,4.781551572645628,5.081632065239828,5.466540500464245,6.49851639547209,5.637535829923304,5.40244036546878,6.845288947238371,9.226195727435266
809,5.63279934393479,4.860030468831177,5.88903927967302,7.458627842738767,5.407570735054714,5.282408060313242,7.704518095588043,8.510615608462397
810,5.153943636700133,4.760816774283367,5.239347961002206,6.60267984940431,4.921228732434433,5.458286211075879,6.3970901694648985,10.101066621007956
811,5.335008463256665,5.000787484347392,6.12884692041621,6.443910217161056,4.76761123319255,5.6874094359140255,7.014034369204906,10.4735284576121
812,5.00887951103922,5.485815803916869,5.420594502271358,6.270558808333104,4.580072492709998,4.713626331086771,5.183992716066106,11.584460008975952
813,5.4134109254881455,5.054007240623344,5.670142177937644,7.271971093865772,5.0978872424933375,4.444424292049636,6.032293435550657,8.989138800362374
814,5.129815489130349,4.757686603731431,5.766407964905414,6.687788151366198,5.328096918364397,5.769482916249006,6.841087043699374,7.617127998671394
815,5.399582080626601,5.131749943725116,5.941203695411578,6.063789677833192,5.0799988089405685,5.2249339391262,7.617570912250106,11.48396069454834
816,5.151177664658445,5.019724847148729,5.691443568373043,6.870921818049767,4.114009964841848,5.88516262975028,6.251557574359439,11.099927593804454
817,5.213330528524375,4.823056412943873,5.515154139955673,6.276188616388407,4.519034719756577,5.521186369555847,6.805751303228253,9.121797138947477
818,5.268932245004629,5.266855975789343,5.280937198489692,6.615374117922928,4.731245210678626,5.985780523971621,8.006237198260392,10.38840563408893
819,5.54145337426553,5.113725431154358,5.871839776435462,6.440059312942535,4.548267274903594,5.121888627711357,7.082407756236943,10.384504764053633
820,5.336730624146204,4.581448015155548,5.748553444632622,5.976141765092084,5.019201802107401,5.54610261557901,6.491425593501583,8.387330635145089
821,5.460549050579191,5.242997178978532,5.963399711869006,5.922387299320284,5.170833092144667,4.550595564848725,6.879298110565227,9.19625206978053
822,4.749723512324762,5.203014260946352,5.3224606727444685,6.359248928578562,4.862437012346711,5.322204529105693,5.937963091046747,9.73380552510464
823,5.198200147217698,5.168407024081532,5.816576357346359,6.318862477578519,5.155439085021428,5.755334647034702,7.261579417046723,9.37010576614553
824,5.192375651601155,4.839348876993188,6.250466260840332,5.943712130988201,6.259593001591372,4.7743477329013775,6.245206757833204,9.610525118651154
825,5.695821910931104,5.437395328382762,5.911684055174296,6.439827449506208,5.892537145674711,4.535948536846653,6.420262554524159,9.537427799213631
826,5.340622314261364,4.515385124039352,5.869443789371854,6.569531530807294,4.853077104988035,4.7414034938193845,6.756500892511494,8.48423994660018
827,5.4425898827299966,4.8199073997327,5.833437564093412,6.861224770780941,4.918284487743633,4.184044470084067,6.167050931248504,9.537320000238628
828,5.145724025569708,5.4948780955556265,5.604637981163964,6.287314783284859,5.061295034784503,5.060362680122998,7.233129550150009,9.69783612927058
829,5.342441541414471,5.540880689422661,5.440034361808185,6.61168429643596,5.380522815217984,5.207004639923017,7.727138345573458,8.018443630395993
830,4.932276237785879,4.793237353346815,5.340946138230163,6.068985880857553,5.082554893681772,5.46127946306888,5.203688676407438,10.865032726746284
831,5.106950777554224,5.305398824660184,4.865662010626722,6.774631164693353,4.8370791161483,4.981320879349491,5.631158618945802,7.855493412768235
832,5.110953920494531,5.079212533910814,5.379217228862857,5.4127302967284665,5.167297993900336,5.752727954452903,5.685836031471943,10.016311141100756
833,5.72806381692849,5.3575681564516,5.871223374759523,6.112833984477583,4.637553516639155,5.715125506654115,6.181131673382108,10.095106420908666
834,4.913436461616479,5.1952914310162654,5.1520316347760735,5.907909909892362,5.3529770863708,5.639680267309947,5.633377401626599,8.834210277048934
835,5.318979576526603,5.273456938323782,6.020634741879676,6.972511953498369,5.132952264660043,4.863858834286744,6.382784728760426,9.729867135216386
836,5.257092260484148,4.9004639239750905,5.829478224785378,6.865341660691207,5.011769275816218,5.399874640768605,7.396774835939332,8.727421810115029
837,5.308054927849948,5.150948866584152,5.993115733008139,6.729189710218594,5.386739285241468,5.3400076604240185,7.095899850508887,11.152006148075824
838,5.2840069190080685,4.872874880176414,5.636088425098373,6.456305784238524,4.8820010522901605,5.404885910329238,6.592899290321833,12.428629018153746
839,5.188399629646456,5.006880666888154,5.428712287455564,6.876694375375539,4.904398584329777,5.0506450762896185,6.79476721991431,7.907252352060793
840,4.99752529560581,4.715414235841432,5.141822451544756,6.309560060494086,4.327138596336023,4.927426785036761,7.339319813712146,9.894162819214378
841,5.7001276420533,5.152455492851906,5.535513968862181,6.338491564329223,4.919965104073244,5.184774612792778,7.44423770070444,10.364055240487348
842,4.820803531353048,5.176376014593132,5.581929601957599,6.244821396333762,4.703037804284547,6.04823143213574,6.801274427526209,12.09555589971534
843,5.241684721234214,5.050773495724143,5.851365520450726,6.190351680986585,5.2611880354702585,5.75842964936132,6.260947590524489,8.883719712752903
844,4.864692709894007,4.486815168951867,6.04334820129147,5.9031841676439205,4.6326216400802585,5.988441792583508,6.235734541065428,9.17189710646363
845,5.117080501002173,5.350421898786237,5.547634254627651,6.107322186726212,4.924067180892404,5.411370072297692,7.766194755616596,10.040256110374632
846,4.72557813005592,4.642571434801525,5.349912339217147,5.945791850955897,5.091534059010424,5.533355670499866,5.904288262975615,10.547831512582286
847,5.4932743074482895,4.674791569912534,5.264188804828974,6.9535618334307925,4.774507820724498,5.172339495873913,6.473622376210458,8.647471976583565
848,4.985024230117322,4.972236584135199,5.49932718276965,5.99961986797513,4.930580911833356,4.56210404798446,7.4194191059437795,12.03107365437852
849,5.427642581468759,5.688387993174809,5.957754207035751,7.181605171368138,5.660913611832358,4.836034455198557,7.499376924775582,9.51208063465714
850,5.637422645232674,5.465494615326421,5.660623689321064,6.623819061072778,5.345720951314949,4.566161951153032,6.900639349241708,9.82735409027963
851,5.38538961387702,5.098359084018303,5.706573777623901,7.092099445234589,5.554452180085471,4.468841639504158,6.974664220850353,9.650909778674158
852,5.1737781818805,4.755574458948922,5.597622468319084,6.319527726401391,4.996979781643336,5.090984262081471,5.850305947408147,11.876220822446928
853,5.077572481523383,4.6313484752992125,5.348380694901567,6.98837661191702,5.600820775805035,4.975046812510976,7.2018387155037935,7.205075317573443
854,5.194205653515779,5.131799312511951,5.307911945723169,6.534967706559526,5.738724511710882,5.158603749327418,6.282745549889444,10.07753518452251
855,4.923172396330712,5.527459977967486,5.266110728009401,6.487713046021093,6.225714368148652,4.657539182825312,7.9686821910493855,9.925115654308756
856,5.332283648508686,4.384555217229707,5.173771105010038,6.044071742122399,5.177604511543629,6.321167271323374,6.8114420333487935,10.33870799353305
857,5.48766780633231,5.378844668719288,5.193792608546738,6.730026759367432,4.535515119846295,5.916183727041746,6.144300113693676,8.620107345568286
858,5.288636609767545,5.437700489984808,5.2540648139771005,5.819839749265005,5.349746033058536,5.446404557358426,5.412699989316785,10.801247684393932
859,5.471166616191896,4.802898203271588,5.597559299110321,7.848381176799101,5.516717580723526,4.989382931502017,7.114218347971393,9.533607769989324
860,5.320790641123254,5.138910092405395,6.090580963722012,6.714335518148852,4.408207699509437,6.661337236008825,6.9086262784954,10.68725312138471
861,5.246538395061434,5.571262097967723,5.817109264177634,6.8828021749004415,4.803981927878239,5.870097146960544,6.6731612271372445,10.025992333116386
862,4.661684036645448,5.024754058578503,5.420573657780116,5.8900606202107095,5.139256576330925,5.607047370274491,6.2728145111771285,10.736420766753527
863,5.341138898330666,5.703056134833099,6.017071685299933,6.747808178089031,5.628378603217738,4.786658476824776,6.731186554382306,8.827398281000434
864,5.046013140933577,4.74258122985053,5.582877247309628,6.740006182268687,5.732737993026011,6.057548137737727,5.255127066817331,10.83130731810314
865,4.994854395963435,4.863021860781003,5.7167944256296686,7.09639303116675,6.343992933440194,5.741350093838799,6.496392899668543,11.177022903043392
866,5.323908446555406,4.999851266907184,5.856811025440349,6.197424670100241,4.79954346262297,5.4871196062778695,6.655507166424951,10.352878394553526
867,5.042937130596602,5.568755643137592,5.921159952712387,7.322779568649497,5.6720009081107845,5.38109549094626,6.218011995621822,10.52056822345553
868,5.148311593668375,4.974729075339282,5.748068202195781,6.107794509624253,4.791677118941704,5.1043215106811,5.777197080315417,11.711882315565548
869,5.111739897335847,5.129614661995268,6.100522983670964,7.111980938309006,4.779219048477081,4.948678975073181,6.758082957048671,9.905122227605473
870,5.014778787523072,4.958912420303673,5.439450186978427,6.523943699201175,4.132845681191889,4.714087704902472,6.415040892297486,12.084540195282017
871,5.235848749330333,5.313785750098487,5.461534318498113,7.461579965113327,4.271984984875802,5.36134659605921,7.049174384626386,9.010843255993487
872,4.9066546050896696,4.933626224229548,5.679883248344209,6.539740303956766,5.184320193300255,5.12222755401837,6.4625082104272105,8.797599089531133
873,5.282875384726272,5.133800965983468,6.135827858241703,6.281720829103623,4.796578166576705,5.064065838139891,6.506068011515869,8.723457206856366
874,5.041286736485677,5.076314264339081,5.395522729632408,6.543751185675006,5.191780454248442,5.363874087431984,7.675074883730632,7.909562803453278
875,5.83189285527334,5.101015390323125,5.4043619317564655,6.791914719954354,4.827845078673179,5.128486267463365,6.572085768510886,10.576339959270458
876,5.282896537371816,4.971352115165766,5.610287124955572,6.937342691011695,4.879296941297631,5.382103052178829,5.451427938354705,9.292068654581447
877,5.533180335624379,5.444361366742768,5.9371993446011775,6.887879675642642,5.510691871678123,5.335622634422527,5.908702632772212,9.077519101885263
878,4.9862113708855205,4.910958659427074,5.385173381467614,6.616258673950507,4.479585183912841,5.37629762236597,7.190253780373168,9.888224648956426
879,5.349942471709841,5.179032632841384,6.227420299807871,6.74956058102742,5.131522403023134,5.059792225538663,5.896209228767452,9.00081999458339
880,5.248550076245257,4.893015612158357,5.7183716955194255,6.126091706742673,4.607345073327445,4.902281137572177,7.257186457281762,10.639615397014238
881,5.521337541167564,5.046541067184396,5.822231762027874,6.509822930982882,4.750077661161928,4.684097339493907,6.961435314701728,9.647348205302205
882,5.174553434058849,5.140377072937473,5.840943436654944,5.798968394254796,4.776246638440275,5.765646503346459,6.182746937737234,10.794818134244696
883,5.038972241320922,4.842024445943963,5.920427949003519,6.403915814510159,4.984915813373627,5.247529738944555,7.059421606128893,9.542008915453811
884,5.334007325323197,5.092395854839271,5.867867291329175,5.889034804610831,4.09840472166615,4.702716650696307,6.461367598511735,10.325529713055063
885,5.287053904313298,5.056203612496378,5.926004184074386,6.483327122196988,4.964314594581524,4.832273559380731,6.565016800923928,9.874628673055286
886,5.09068822716341,4.933297188519579,5.494227842200569,6.938079799900323,4.301126230114285,5.702130430513667,7.297620046728919,9.369425728091294
887,5.044705178008889,5.951624367623549,5.701209287483759,6.587498244450512,5.143441539267947,5.478028208895681,7.826506818524916,8.9700487775954
888,4.964707505646401,5.056117270175997,5.284347315045278,6.517244743918877,4.050328535424124,6.22473647690051,6.736389196207013,9.104317726694967
889,5.149432658631846,5.0311407298867,5.91250143900041,6.83472427600563,4.718753507220747,5.432551632075859,5.065660345135923,9.327051968360015
890,5.607495057402566,4.850406734317001,5.785297206128635,6.254090011127321,4.530555240539208,5.940882214585505,7.183689480111577,10.224834781200055
891,5.336478813250236,5.115350637251316,6.562397596533448,5.865115130893476,5.219559654222699,5.92721841930556,7.376982583036941,8.284646648575842
892,5.342751743510672,4.875148384818804,5.684337862569114,6.785597314463471,5.560157731779978,5.937223645661136,5.396828047251234,8.34905570460544
893,5.285666949275596,5.172068614313964,5.833939231005278,6.4652848891052885,5.223165175174022,5.07029895805538,4.903230784956119,9.804160291672211
894,5.362743576265506,5.022858721204313,5.777437439530554,5.773949500430633,5.351710320335862,5.338818767274476,5.269493474905438,8.751895825932628
895,5.396667092720865,5.318275378816433,5.55266293426822,6.77881225319629,5.070562928190425,5.1322425031143055,6.273526068429551,10.766778439118996
896,5.358644971268045,4.961169421090631,6.009617543617527,5.871251605841628,4.814302565301966,5.09049078037044,4.806759975358943,12.210331928028316
897,5.340115570776161,5.123690882650663,5.725020991240116,6.417402577145099,5.818957134319319,5.578061943884726,6.98754896949973,9.535762158574023
898,5.148752007991937,4.832193321599251,5.244829574519696,5.675782107858997,5.303118238053941,5.2978347390241325,6.04946031217469,9.888396193685312
899,5.148456611916581,5.116388733484805,5.56607305703215,6.436090645165469,5.650900763177469,5.424220731152271,6.5557338688042215,11.291854102471842
900,5.257269422243239,4.979441536787134,5.167948823017005,5.976077974382531,5.192133012681752,5.056315585412968,5.418064427531209,8.191707173572976
901,5.3208876090731305,5.592400054615229,6.322997895061467,6.140832191346759,5.540395432095634,4.49296941936106,5.174163613333989,7.734611823733829
902,5.065661442804533,5.381079361750606,5.076025558666684,6.090106483977055,4.602470857722206,4.641019446578304,6.675144423833338,11.414240447552856
903,5.14911512941322,4.900698751282221,5.793824979779635,6.377736844897618,5.062388402923017,4.569939194288342,6.620210289418094,10.538896166934965
904,5.548820593410676,4.845990810220687,5.580464451196553,6.408547185360646,4.3822135772247925,6.131391062167297,5.062727784600429,9.882952425606064
905,5.498714259124784,5.045321211809242,5.558743993398066,7.051165003053439,4.53805553658066,5.71263274379463,5.220022224891284,9.625481036000812
906,5.586805106631506,4.751687354719552,5.413382807708649,6.086318638704562,4.391046252554235,5.416304735998272,6.479161704272495,9.060559666810011
907,5.572752457575055,4.973240962332223,6.021416681190332,6.071184876868267,4.911577480747522,5.391260008529525,6.7852905346978325,13.81385579937696
908,5.269536950816249,5.110783268873632,5.463566904846569,5.41238625621914,5.290568881279251,5.391946561274553,6.477950149404906,12.31426273876138
909,5.361395442366249,5.092283973517937,5.415374460389077,5.718240656013618,5.584861009171822,5.843025432648743,6.653641650532645,8.49785170186875
910,4.838637888330442,4.982558573983394,5.156372711781232,5.5641919127014825,4.7447432686589694,5.2862325223545685,5.933315348405323,9.34715935726532
911,5.187449200011898,5.404000383585413,5.821077383508637,6.286514239780827,5.174784173381755,4.89682095233662,6.881735989196414,10.079651170110315
912,5.647520338895657,5.1414503745642826,5.7458426584870415,5.860307862985057,4.060700865849975,5.335580642110467,5.943013209237223,12.107243148059933
913,5.511883699214846,5.112840840359094,5.718703445381492,6.542442526836942,5.256595925349635,4.944870211690505,4.661514779474897,10.136005513266491
914,5.108343409622212,5.395994087635215,5.311365010481212,5.933744582837523,4.345540939616686,4.323804586922376,6.733160232991848,10.066926856790918
915,5.511888333558327,4.960052507814904,5.142001501055048,6.501963786017637,5.2493800220597455,4.716216986073985,5.563680434046707,7.838677206101971
916,5.325673256088414,5.115008448586362,5.798504492883879,5.752414753331477,5.004150000767821,5.266268472238892,5.488298505583995,9.016736137794751
917,5.373557048111817,5.36569368666483,5.512315409924961,6.507814696571807,5.544344299978742,5.41061122354442,6.798672560991484,11.4106444233169
918,5.035342875399442,4.923345710495179,5.87342149546726,6.624070523761269,5.464207347524454,4.766485595576461,5.286646655422468,10.420348347359266
919,5.18544037472913,5.379133435763562,5.415656138294681,7.279913530005425,5.263095843267075,5.237341598413232,6.738403352617844,7.798532858536805
920,4.968054559083535,5.552596267683168,5.578591628041269,6.2460326243911055,5.020858738564078,4.842012637584153,6.31677307011173,11.467755108810564
921,5.009917215851461,5.2152257537962114,6.05700363431334,7.376719267224375,5.442490212905871,4.954926165279014,6.386858645150763,9.583715759005605
922,5.482108004842083,5.054971721051508,5.523700548232476,6.513049375591709,4.691001175235154,4.721608233498468,5.782220130174334,9.31386625138788
923,4.977328400678806,5.174883000184384,5.344157316401258,6.887898983188263,4.692799853212619,4.77460152561157,6.551598663063879,10.375581983387418
924,5.128106285178903,5.47889675267105,5.186903398629648,6.591283027449316,4.85849672693792,4.771267263644552,6.26659971193855,10.388828082517737
925,5.1591726214799305,4.81137513786354,5.0617641843703645,6.755848138616359,4.580998464657834,5.075151516956478,7.109836260817198,9.89011157193975
926,5.3202207036012,4.7356061944111785,5.884985844881045,6.338891620061737,4.08292928113971,5.468590288654108,6.699901009701539,11.602009779906927
927,5.438301426981424,4.800852620634941,5.830960946446685,6.25389600190249,4.411222100109321,5.591806025997343,6.868872116865174,9.435572162297646
928,4.984614858452118,4.793642553353298,5.754909804004275,5.897572105306392,4.337209551951328,5.156827786239578,6.043330035901291,9.430469027927884
929,5.063894830113638,4.921862175211002,5.485951495211265,6.266887130611902,5.012996789814564,5.489648124252764,6.888258488664805,9.176620797861611
930,5.1548476973904975,4.958025447833193,6.01991474080415,6.898337497472649,4.9225759084451,5.006240956479193,5.708118621036193,11.183686630406694
931,5.1119961666642855,5.11012075615252,6.152494656824113,6.575440487437152,5.23523527186573,5.414026027479852,6.9232419592457255,7.791991688863337
932,5.2669835713954285,4.69310514587007,5.102662396858749,6.407074432035699,5.451560898830628,4.733481860088677,6.42709250182497,10.68488101434924
933,5.411373374304785,5.675871314471371,5.667915006961622,6.501279465140737,6.097357596119849,4.701480324160968,5.879602993357445,9.985301519604237
934,5.391855304942935,5.1017181546219215,5.413978555126149,5.846515468390223,5.339786793401276,5.521325096499184,5.542278149884296,7.986248349103345
935,5.156519813674435,4.99449290401459,5.429581602293281,6.513262455171127,5.590675236742343,5.587552102125749,6.425705003250285,8.781677778557787
936,5.090018573427531,4.457576026650255,5.870104617237279,6.547877057961561,5.243068963831592,5.519770292771724,6.46833148506709,9.876348872651532
937,5.472687817471412,5.373889985199559,5.776282386918995,6.342786099485994,5.388665817218273,5.18061154849362,5.813438170926565,9.735227979799726
938,5.192619967879964,5.229321299911437,5.268230450904615,6.589018614042724,6.046224468466342,5.382704118038942,7.64117065182585,10.43197978651028
939,5.160932372958695,5.528107186204812,5.069087890171907,6.582652917466271,4.921147368356501,5.996584664466195,6.497661427214716,10.256167586892706
940,5.111758032167013,4.655909630950207,5.264886404603304,6.182644922857923,5.356235833448025,5.84836891717053,5.0195209492158535,10.862542890397853
941,5.345746655196089,5.491421764426407,5.735452842463654,6.733192128311937,4.84199625670744,4.945059069500696,6.345044809285608,10.527014883475257
942,4.968600636308406,4.915101490414481,5.732673874402559,6.546945237854319,4.781132037816479,5.210411997639058,6.2900447063880325,12.505597377035636
943,5.6839639663936525,5.0735526482107645,5.557512288032577,6.729722585716063,5.194976330660504,4.6948579065823095,6.670632061190651,10.645116393992897
944,5.358690455268664,4.578015847422527,5.816208486319558,6.070303731264266,4.678323817360607,6.012354478428088,7.402450377492414,10.429615079745307
945,5.507413281076885,5.600990648005198,5.508718370574883,6.5043935390254495,5.009501403549986,4.907176668913636,6.694268441212231,11.286980400914144
946,4.956735270781357,4.908976277933986,5.01486584843035,5.981134717991192,5.11051271107936,5.1559306084494,5.088534401456267,9.511610657507086
947,5.401225232229853,4.931657752217439,5.234068592538724,6.642396098025063,4.870198556498689,5.925163290145252,5.741502372057962,9.467862516084576
948,5.270913050569265,5.293426911658074,5.482644764227845,6.344428928329075,5.133294967433604,5.961856500291079,4.955396170748799,10.590184262097566
949,5.669002020574902,5.261587523548432,5.175176242044347,6.954703646299581,5.188934881996152,5.194828837686166,6.406048333840655,10.227188084520243
950,5.024114638288373,5.49512799747478,5.231164428857611,6.093769394342552,4.908257435957539,4.447185544432536,6.435363486145149,9.418876737142948
951,5.092442019729105,5.140697188194614,5.75033920745816,5.945600910664239,5.167506502755459,5.073661764195818,6.343880295299424,11.895833894996548
952,5.250578372313334,4.947598857973697,5.91404737900876,6.372277899191661,5.158486995490444,5.292465348081004,6.1339358517329385,9.829566965988716
953,5.509387032150337,5.336358168358359,5.551754724879896,6.412628118812957,5.454246940746821,5.39975373416324,5.57029177603013,9.581917081990214
954,5.266064969596486,5.3004981513208485,5.57087676740792,6.09921229288328,4.888845745485656,6.058391138943263,5.793774640954407,8.134379389016265
955,5.132683197744511,5.071402871283661,5.756529266222511,6.347652099321145,4.771884331269375,5.766806167481916,5.894661311353265,10.445504015594194
956,5.374969911718617,4.905124122653053,5.134978546304604,6.4965951465028136,4.151961951215479,5.055215104877399,5.960265870567872,9.317091022301833
957,5.604671804255121,5.497270546859441,5.402849319459254,6.414202267033344,4.871842918665855,5.533953712031232,6.689735773330368,9.23336370323883
958,4.939045492048885,4.97784535543586,5.325335718082857,6.3622391443582575,4.0427873756828125,5.472807971689488,6.086678789296853,8.664140815973026
959,4.9535185847753525,4.947569893581478,5.780821862434332,6.95618579977343,4.7817597094683615,5.326232910464671,6.632215960052766,7.643595276765427
960,5.156718879774199,4.807131135115687,5.381742294208733,6.021987322711469,4.874861652040609,5.974316380774583,5.655810090967525,9.133811183438086
961,5.659369913235109,4.9920320260526365,5.797141539955856,6.129377192554195,4.898205157905623,5.360071477052174,6.104820993388979,7.478273280232603
962,4.740860940107314,4.730589239521145,5.415093167955864,6.251765860981726,4.448077060405026,5.588185198174554,5.792726758512189,8.932611146557964
963,5.141510489822567,4.92737051084476,5.4639756915915,6.544457597468774,4.274334075307864,5.219304015566519,5.94334612045931,8.531249364549863
964,5.218396178944255,5.625802205874151,5.565169792776895,6.636219584808187,4.912858355212442,4.751083431833015,5.491563278876668,7.900417065785681
965,5.390335539897436,5.508969416017326,6.569718725634103,6.544764663690464,5.605478404692453,4.496262753337873,5.262280906462244,10.464203007614593
966,5.188778622568147,4.895222908758198,5.705185324292013,5.679445151253118,4.083151980886584,5.550876899535173,7.11592403411032,7.889930124537795
967,4.788991367078195,4.734410893745707,5.536556944845439,5.895231581133507,4.869594791227555,5.919696634292582,6.12170991548965,9.878823511455538
968,5.571259652931218,5.414134464112723,5.375799430935818,6.136614934689946,4.149375897602322,4.874495265141072,6.099901921469787,8.60712174502546
969,5.773592833508513,5.301990014298399,5.871100329232188,6.205718144925586,5.085300369864505,4.8807896145956695,5.364004545097237,10.733623361526734
970,5.199546930795108,5.0368767129448,5.519867552904127,5.250722311639684,4.1351539417953305,5.538313155586926,6.083853409240748,9.388013334617597
971,5.628011741955499,5.052192247180969,5.297943947737335,6.239489800902808,4.637654297130825,5.025635646329562,5.699267031772592,8.787766541740185
972,5.0229485368213584,5.146467896776298,5.601099457901023,6.492198419162363,4.484890924492374,6.08675554039394,5.816768348920191,10.583514529469303
973,5.7226051760231735,5.466850552548714,5.79680718501662,6.158764655916894,5.255606587485411,5.731679060563885,6.79553464670448,11.85223633286773
974,5.119423154541859,4.685122597874544,5.667617173334956,5.986342580402363,5.91167520540888,5.430670046721666,5.479461727148888,7.481271209254999
975,5.210966830449592,5.042802069729886,5.641674189865044,6.075120887575124,5.487637031277025,5.111354465216105,5.768695336189448,10.90271837066012
976,5.38778424392526,5.136608326736417,5.278685885601234,5.673801518720895,5.904102973904461,4.946558831734985,5.811105482429364,10.034467385049332
977,5.477371349980412,5.443230837531783,5.3757292271135055,6.207551648668782,5.569787258352015,4.685606721548152,5.9302255428778405,9.23583313176381
978,5.383865776691891,5.187768969566006,5.650781117178595,6.281259197830673,4.336343568292909,4.861067081965442,6.2623187669375024,9.576529097598728
979,5.664801684102919,5.646109713050193,5.908998474813436,7.114451561249917,4.866850937871394,4.442697703871727,7.1194696106743365,7.367375106524632
980,5.140405472189428,5.195420786431742,5.516552765186259,6.479163531118464,5.023625632694527,5.452752820861968,5.829576269629586,8.670789818548341
981,5.379618419536226,5.856040886897154,5.908539956303893,6.736617985550961,5.192596238327806,4.882003940280361,6.454418376983809,8.082020653249586
982,4.861830829379016,5.00465810330532,5.591441467368549,6.904543612394137,4.309447234158569,4.66973211918047,6.201071331720908,9.455577411065134
983,5.455070015823301,5.038172302028687,5.973523589986333,6.886659786419398,4.840093427037422,4.833698449203853,6.250712567377914,8.020011600472388
984,4.798346607407007,4.71542147075952,5.379544744621487,6.394824971482418,5.482754096265722,5.276284289370782,6.030970897551021,7.634163902396567
985,5.456253083423126,5.553321158423038,5.460841260642568,6.340811290037404,5.638264923194495,5.560267594427172,5.461276715642184,7.154065504960712
986,5.195398944595954,4.757879276636133,5.80718901625034,7.340726388694725,4.583845065804198,5.935889498409077,5.100178253065804,7.673439039350736
987,5.414966751520719,5.28120283427638,5.8551426827185455,6.776982036956618,4.829531776565142,5.679007545836193,5.315589656885203,9.33820079381484
988,4.900040126269659,4.781236167760941,5.687016118726736,5.714205270178735,4.421015849510121,5.385999844914566,5.7349231257702495,9.206501072162474
989,5.408796656438322,4.872846810022887,5.314634049961559,5.885882272558149,4.499487009042625,4.7692506351516055,7.038066015347177,9.268337726730996
990,4.803295116003866,5.253076540712404,5.383438368811935,6.380164488250218,4.427230657100118,5.635855392155483,6.446320970836074,7.235157066070111
991,5.633789272560868,5.277509547490326,5.328052140001345,6.384598208709608,5.571168843211135,5.136159963967423,6.43824690042846,10.035211000990758
992,5.166060593094701,4.855491583405522,4.953134497741161,5.806230978013414,4.463780039601623,5.858251010987344,6.409798977515356,8.313945081123444
993,5.3879282072330765,5.740888107311545,5.115352318438997,6.089023485077754,4.869706477093711,5.1241952817563,6.311806958342716,10.229359206750322
994,5.393871553878255,4.892093774542681,5.796427914345851,6.536189226031469,5.055116320198457,4.8905712254221445,7.101855175820162,11.176126531167276
995,5.301728712557509,5.455466041466759,6.088605355671241,6.166253473185508,5.607419500234259,4.909432785228268,7.090682333271734,9.238770550724874
996,4.724900010229892,4.718983895335638,5.665394581719229,6.477726098030379,5.061337990623453,5.009695817880307,5.164114717775052,10.838478699851215
997,5.980199249681715,5.154172504505937,5.655890134873236,6.458361608389561,5.322138139629651,4.974214356011415,5.646675413955525,7.209210818549705
998,5.251078621133885,4.88539278313755,6.20296001000763,5.371522064758636,5.242139643116089,5.541229460921534,5.670103757432653,9.0279226711406
999,5.041945700525152,5.740116763310117,6.120027688631098,6.231115456252787,5.666543731982567,4.300239600520911,6.019479884294063,9.991214431125991
1000,5.124594558770403,4.513155300440613,5.481322985451629,6.402229597534468,4.8643807511978645,6.039585535097874,5.821219677228316,9.762485498925765
1001,4.786935195381503,5.491320086627908,5.174252612652412,7.047578839863483,5.070420448317258,5.294416305757572,5.186936984307631,8.405872584661006
1002,4.973155830309779,4.992276255071573,5.414150464277521,6.354283719051956,4.976887472962129,5.387868695501124,6.031935071895173,9.393786416002309
1003,5.344340471949974,5.137132700438941,5.8157855533718,6.732392276883815,5.534737636092212,5.219234996569008,7.043453569456737,8.749583588061283
1004,5.785552398715555,4.677594075533031,5.20345175246612,6.36814052679266,4.567664533594527,5.3387880702964665,5.480447723450122,9.296596699406392
1005,5.127738967429226,5.599862584844363,4.916883029657065,7.303245005051575,5.007508041374738,5.660920329239653,6.835565452192539,8.393509539078844
1006,5.7895004169560895,4.6417924296421225,5.627948868181973,6.367719278902266,4.850877743248699,5.641401650485703,6.0028631585557175,9.84997497769414
1007,5.269081849319813,5.13715078215393,5.781300838656092,6.798435087778612,5.844360934526974,5.375908101516893,6.906607771760556,9.215388744199869
1008,5.363584233485856,5.02656328656984,5.187003990078207,6.073870002157924,4.74320194820559,5.951936849982198,5.9202523540328365,9.53459902263657
1009,5.156672526041956,5.051728593206228,5.620625701346058,7.407162452838896,4.850381969694027,5.411050026608179,5.325981958217513,8.896092622536429
1010,5.112344556595602,4.827506993773119,5.604100305278658,6.443199221868126,4.391895892840919,5.055576852282802,6.8598942020473554,10.787361631383732
1011,5.140388371662251,5.553741369149768,5.793345557854957,7.293725181184951,4.46266588203038,5.570230239060011,6.196751905863061,9.077782248597195
1012,5.096111608110307,5.192062066136873,5.913005659825028,6.076665210203244,4.493915368338256,6.099897003546773,5.502859140637392,8.789557156759317
1013,5.106736660810324,5.310222227399064,5.958846890967044,6.245541966895081,4.232764672286845,5.337195883343423,6.50662221795877,7.998119087300485
1014,4.507973776444888,5.030008277741778,5.504834875332861,6.209727940578835,5.530742517139765,5.653345665235452,6.385736901277032,8.268840632867516
1015,5.428078366507361,4.997662071270214,5.8159876036521805,6.434992054608253,5.54859383534977,4.928116408675912,6.819400323009169,8.526769245207895
1016,5.095893379256351,4.634075688492002,5.39499939219063,6.433470213866564,4.353678677227537,4.876712286350202,5.892425235323962,7.282130557395338
1017,5.393404088933558,5.374793247086101,5.686613772282366,6.887748787354357,5.005522299051377,4.702627144363088,5.9613606581941125,9.071994561167486
1018,5.01962456656521,5.278067430649196,5.940538835665704,6.482322297621191,4.870971610917313,5.6412890790676,6.4343705971670575,7.711220464572059
1019,5.337579530301206,4.877181721426672,5.380955698685784,6.812152682150192,5.127812049237267,5.217142923189712,6.20044000508596,6.374763628934843
1020,5.572045935959045,5.154591928440143,5.31817842700026,6.067347290588842,5.183202513705986,5.001833750613261,5.753770013259064,9.106560427304627
1021,5.422979078160373,5.040078303262048,5.53602134481578,7.38276079577528,5.203277353574364,4.747665291407148,5.9805387770447735,9.820027982402848
1022,4.79436505847781,5.084765000455622,5.406361313729595,5.708555146645374,3.853104031894925,5.442016151173325,6.055711115022655,10.769099557048866
1023,5.393623753119227,4.901590411720145,5.702832363652271,6.482483284343424,4.435186882938159,5.171308157559878,6.704102631483934,10.582640940913612
1024,4.556510627418776,4.792234640032532,5.130956298929991,6.048674136091245,5.094916482881157,5.157288152291805,7.193818346465346,9.2664735702628
1025,5.401003772912114,5.1334433833246935,5.371750276737241,6.378512554542769,5.010747560781216,5.406315680009116,6.676402279239275,7.826442153535636
1026,4.991331700389136,4.474994801076145,5.641374594979319,6.958891023956177,4.802345261642608,5.602837840805548,5.101887074501826,9.501797591238056
1027,5.366606605391861,5.171020835992144,6.314099692478424,6.689200050439813,5.173357338935687,5.475786372973288,5.698008365678532,10.11095741075749
1028,4.96087577208966,5.20895810849068,5.355976836929786,5.747037269657455,5.47110895899776,6.141497398103192,6.943847657368384,8.337278565955142
1029,5.21916404912202,5.289197988545254,5.50906216200327,5.652253017493623,5.678048103881282,5.418239121399182,7.066089427063128,8.974570773236701
1030,5.228178682291512,4.857247739312696,5.5647523781561095,5.994346965545797,5.3181590104986505,5.1204121784533,5.843583561159889,8.586295818421561
1031,5.843124515982375,5.364773886734326,5.311527535987659,6.863140840730952,5.45187958536437,5.045104737348092,5.578149138051357,10.114954896216352
1032,5.013289628102641,4.71781852388071,5.778731716699734,5.877782699742533,4.927101067833383,6.18328532264455,6.082016971090663,8.19679192364089
1033,5.356665787689094,5.156771820736675,5.44577888418684,6.765773478216308,5.067764833908028,4.967654996503916,5.914702791383542,8.613215461406952
1034,4.931154604877457,4.940860202904275,5.357548937163129,6.514569709227634,4.616877320728899,4.833859325347978,5.30242359948062,9.994101592659366
1035,5.178132873640195,4.879091623709945,5.905529027197291,6.771943655026906,5.089971035706743,5.15964932538473,6.474491255051369,8.751079054777307
1036,5.103976411662202,4.872996780241081,5.463341764543796,6.692700143484412,5.23249355970179,6.2719216849343695,7.002533587821342,8.255636360485687
1037,5.34758971737689,4.894776765330355,5.548190602749035,5.937501166358306,5.29185684970218,5.583215465330042,6.433588576161415,9.338316336022896
1038,5.0030671584484745,4.924582484518071,5.582062147704072,6.4200722537307024,5.138048540289304,5.2244280867164665,6.647414985234732,10.180967706956457
1039,5.108965624354561,4.778032661780503,5.235734808561651,6.026966586773749,5.69797666509535,4.839084234339091,7.186977732275697,8.94925797137901
1040,5.267349169194018,4.245425521772551,5.919683833179511,6.028449172123145,4.00898876662972,5.325152641480237,5.777430301416143,7.512890896787627
1041,5.081578248112933,5.337630264050652,5.837300620740505,5.979679727339412,4.6922438279787055,4.415225732850649,6.618042180516569,7.7989759369998355
1042,5.01265246534924,4.756939059165111,5.987461924578364,6.337460240868682,4.606766100668732,5.330802905694693,5.3243380961509255,10.493393458964157
1043,5.03868078692397,5.386323819757017,5.280243860204598,6.2190663174014285,4.565887468428331,4.491275119147872,6.081678247063474,7.311529663655529
1044,4.774764862775816,4.749825749625786,5.860459851766004,5.9731068052244805,5.09746456412675,5.603990801817175,5.29293801304576,11.909797963493654
1045,5.131866111273162,4.86898184517987,5.915675639306809,5.838622194085924,5.852969856159075,5.03358469187269,6.078619156706565,7.123450829325384
1046,4.610328655124221,5.152024865446825,5.103422482664198,6.391997355010901,5.010376516254906,5.543283916851638,6.297681515645436,9.139661420212212
1047,5.273555666103584,5.307800186144145,5.599715997031624,6.322306357693847,5.0251022666396,5.083343449204265,6.080607310676006,8.911665557106295
1048,5.427387408243839,4.211762121117904,4.998713783684669,6.010454950166259,4.73729979375908,5.308062562414448,6.038297188049576,10.417027674817666
1049,5.143014455521389,5.267914773214418,5.254113909840714,6.293468648487494,4.901163201387322,4.8996555272114914,4.779466319606391,11.471577268447158
1050,4.861297218322478,4.575298598965949,5.504011574680385,5.93503527500525,4.965483972416377,5.502421142687511,5.735188317802549,10.593994659936534
1051,5.306171411563405,5.361616396834893,5.493796747853241,6.110853722591027,4.9008999814293865,5.5991771728812205,6.846546856484435,10.481121294139752
1052,5.091029364595317,4.490175662442166,5.470134286171034,6.01629448708492,5.448855029630271,5.385226777825248,7.183309257491059,8.8313160444785
1053,5.42928218739332,5.307124532243238,6.053122028250258,6.601438727439929,5.115047351507531,6.265198155884631,5.626835850457476,9.365544814750278
1054,5.111162642063804,4.837883271237994,5.683459005895278,6.005906068556947,4.227275409939677,6.060392622644693,5.221271380963973,8.169808761863383
1055,4.9112695340356645,5.098049337375977,5.670615896437397,6.4198263384599095,5.037153419340056,5.535274224429488,7.081063490952293,10.0464875069406
1056,5.063926815480537,5.311314704434863,5.603163735282734,6.454640028436279,4.898164372074529,4.997962819075498,5.8018704149088745,10.658784954770464
1057,5.088313887524684,5.429489643837418,5.775150162840505,6.547082127421051,4.876787041359068,4.291366993703682,6.1398204355723065,6.937443289350871
1058,5.242328618612334,4.810449767142272,5.327319928341471,6.258682288112674,4.816957165764984,5.14187236020874,6.540369223832499,9.359512722908445
1059,5.372279663397206,5.2320414025254,5.3311336839209735,5.944376489036004,5.233671714897153,5.704825137867791,7.363558753023887,7.158226081239427
1060,4.866646177011344,5.145689055220429,5.378690589727338,7.115823823668452,5.31899516704634,5.865392892847251,5.959982433013801,9.414642601948026
1061,4.958459128594218,5.184699351432891,5.241972672084409,6.417887178399887,4.982353691990108,4.8381454054159,6.411137002022119,8.715237827384668
1062,5.163364709839799,4.8912021435968125,5.077129846550534,6.602445764886957,4.4324494788217965,5.431450551267161,5.200401575041079,7.792414525557486
1063,4.932497227555845,5.7620709269891135,5.634128046010726,6.459940766653884,4.475439650048621,4.479782853255268,5.607072390035478,11.740729755098926
1064,4.897836966961793,5.125222108145425,5.328402143715526,5.861619293057944,5.615969062689288,5.701345720067187,6.031177467907439,9.46023619837571
1065,5.129252027215647,5.116436908823452,5.407314899867804,6.379919711911691,5.686304262139278,5.277497007081665,6.31038618041868,8.462489697435874
1066,4.72388364544856,5.324908202402235,5.419405381104017,6.895593842399709,5.177496253856599,5.338813396511747,5.218409498139885,10.35416744967038
1067,5.22236083720056,5.496046525880894,5.084438573987595,7.208059488720623,5.013977369909361,4.807528947090812,6.010694640514233,6.858558249430528
1068,4.930159974989376,4.628304924347567,5.341580891158096,6.379149959748182,4.925491539539296,5.952794931901896,5.699666673678348,7.371231935622693
1069,5.403923704291149,5.4575822941273335,5.353828671016617,6.491095615414417,5.385323194653749,5.509518785415228,5.87789626211488,8.365167944847833
1070,5.148623328418055,5.067666021789633,5.5613811830365725,6.966605534271134,4.811852104474425,4.94751218384462,6.405932469789422,7.770002420556912
1071,5.309361116788379,5.35456813883374,5.698174874791455,6.508838558243616,5.642216096850299,4.698017668307602,6.172734695974559,7.282247160745078
1072,4.992192907860884,4.991184486725198,4.957706384374842,6.4221172270526425,4.435172236522723,5.28240544645486,5.162515640177989,7.977697414623701
1073,5.3348736058384585,4.940801332177607,5.188096833881621,7.105374568277383,4.855810589013592,6.2066444970847465,5.268227529688624,9.733830593286172
1074,4.88976594426387,4.931509999737917,5.011600351772745,5.937888941529511,5.474663040279028,6.4057626161838925,6.602926091026385,7.491420089464175
1075,5.025895696857047,5.18455399043925,5.380770956526738,6.271846707912068,5.769479932334945,5.630077087034482,5.778743172926804,8.574837768502798
1076,4.841014266122784,5.59444882543464,5.728481778712555,5.978470496362229,4.454362153249165,5.351153734994142,6.4770556666709584,8.62627790793225
1077,5.614654396661777,5.382912405842467,5.74627955686077,6.144243092569932,4.678108506754783,4.746960073952952,6.012253137204893,9.547531802651202
1078,5.127305956572855,5.259552665931619,5.539632537330959,6.894730091441827,4.233850044164056,5.39720121923825,5.775917855583839,10.738657584558792
1079,5.523831371418499,5.049635410797661,5.262107967790103,6.440811586143364,4.375364283459994,5.053761911313212,6.148652701470243,9.283937650704326
1080,5.061143345695643,4.881039727568532,6.068663346331618,6.655111067312988,5.176352041395778,5.2682627852606,6.159540341015103,8.052692957166496
1081,5.667687293385067,5.265613990371215,6.353556641247359,6.12485499784456,5.571827829560709,5.167347788157734,6.220808045115168,6.944060389623061
1082,4.907968048131663,4.877119763812398,5.769707696311152,6.36922559506288,4.785642246817005,5.037557920508214,6.634053567296575,9.378112458812884
1083,4.938986562551111,5.215478103354303,5.651735963952312,5.699685179060204,4.883705379857916,5.200104527056845,7.211962149329762,8.527874026832679
1084,5.03497311782159,5.305868197769684,5.3149982194877685,6.688068861711089,4.547074983282772,5.163341299289431,6.558906728667571,10.22418687455817
1085,5.429577546505931,5.076313147581256,5.344068997513491,6.333254894265375,5.187821266604278,5.654694684294522,7.219537338867905,7.696026878714061
1086,5.061086762567487,5.409125907932953,5.197489414137262,5.725814307451735,5.170725375135854,5.381917765320006,5.796708835951427,10.030269225465588
1087,5.248329051619177,5.245219830568265,5.284637565125748,6.448385742658442,5.130626171615048,5.401488120338842,6.267864765203418,8.820996837037415
1088,5.117416132079844,4.56629453421716,5.92963251425154,5.936336606325566,4.470117824076812,4.546754696266577,6.586589816067948,9.225087161143492
1089,5.850663000583634,5.362573989937177,5.905842758606121,5.801417312137514,4.716229327725198,4.540833997263545,6.285579540895212,8.59654705562568
1090,5.2002180393455575,4.955633659177599,4.913342104803374,6.196853593514866,5.0265689006832055,4.784358518029506,7.034086269338965,10.85876608603182
1091,5.088303432704905,5.483720632885791,5.874355084016745,6.062616861066381,5.468166011112265,4.652895839001733,6.956067098371307,8.827471665842133
1092,4.809220594231047,5.34696358286324,5.479877373468941,6.280709930005542,4.928087235331494,5.446054966333752,5.034715231038872,8.433458676834364
1093,5.234537820981206,5.133945181656229,5.768345907205273,6.525006998988531,4.937780369640398,4.609869433886283,6.023810829386787,7.999148280510496
1094,5.061166567905472,5.275199346773586,5.686162802210942,5.630251321345082,4.391540656934457,4.763268272835995,6.012609786978984,10.331971718768264
1095,5.700707406136253,5.471393614706233,5.591852077601871,5.878744901325067,4.413484234425123,4.971894242095941,6.133443561968537,8.93531807965025
1096,5.009321805609708,4.891283555436264,5.966074944763755,6.800089583219734,4.641883789245359,5.36629298610787,5.128486246586121,10.6703930812362
1097,5.229436840066058,5.27236483483608,5.6021530630968375,6.238336358365995,4.723246100557832,4.9570388980787055,6.177033199886935,8.767265177820622
1098,4.90616757637776,4.61096741549036,5.933710194708257,6.127755914895217,4.790394391405726,5.663364123847429,5.756180256037016,10.085881090360829
1099,5.267181334257748,4.941432025754894,5.419870218032962,6.114354206259428,5.169724341216281,5.013482361931366,5.726398854522208,9.137574561119708
1100,4.821019407630593,5.113791522298154,5.586640737093741,6.674124806894052,4.848259632286604,4.713181608586511,6.245177957462708,8.783269949558068
1101,5.787496246400517,4.889990250320563,5.812701078129325,6.342311488145323,4.238693170052077,4.54356282598122,7.34858424056119,8.146527382505457
1102,4.943561785493194,4.963387190286316,5.454801968618705,6.228044534250609,4.607080941069346,4.632414493702691,5.1218593727318265,7.321417402643847
1103,5.508482334611203,4.863207868083404,6.166903850986095,6.170389048999101,5.2168247990609045,4.857819889644128,5.611497057750975,9.675141213173216
1104,5.0876385735363305,5.00938797230031,5.667569290191776,6.536607167832594,3.9344298721530646,5.517814173764144,6.440924631061828,10.577149154673515
1105,4.9400894751012245,5.346717628621653,6.146357020797639,6.734831558553995,4.495457366957977,5.917370765061289,6.630647878053877,7.289657748378806
1106,5.098777846552558,4.683419253615979,5.788545344821028,5.811032490304797,5.726587726985458,5.095555387304279,7.627971292652184,11.960268754220682
1107,5.318342204340125,5.461749609014893,5.773291537008035,6.154644860956845,5.417796958458578,5.22140602441794,6.189896188269455,8.751239933438713
1108,5.031569767847042,5.142005272850165,5.295201602088722,6.776303402700494,4.468592610730479,5.099242617289393,5.332603474832692,9.285711741283944
1109,5.423214130057557,5.282593187955751,5.794369604848988,6.130128748216852,5.127234819501254,5.12758290938235,6.851816442489241,7.627447388142451
1110,4.932730905830795,4.914027703956765,5.789466335195074,6.697831595874719,5.393624219633188,4.448924092121332,5.69570379907087,8.18574401329051
1111,5.388139171028682,5.117818478528907,5.958922420234364,6.283255043835344,5.850835154643729,4.477677275705854,6.343357117238383,7.935706072100566
1112,5.153542217901271,4.965704474620345,5.620988385704808,6.2643633605375655,4.30080503198942,5.417243619893153,5.195525141984139,8.798715821514547
1113,5.505185526994813,4.89139497917296,5.524086159709586,6.47034254374288,4.944342317058329,6.045745239161218,5.858453908914649,8.296657370113921
1114,4.724460564183487,5.221907561521051,5.597422971081199,5.70574184852967,5.383489236154439,5.262464115759778,6.71891482867466,8.664975825847856
1115,5.692995602179566,5.58006522864893,5.926942399308474,6.062876477776422,5.559421566648432,4.878184498678294,5.980938737270127,8.216459768220538
1116,5.409149130292402,4.897511278981214,5.228071049824394,6.085349722269096,5.218201402670644,5.9609075910078735,4.95578019628006,10.904465928989802
1117,5.484249003593121,5.570123907298954,5.719399085306938,6.570695407175798,5.063882661488329,5.075632647454064,5.091985861579448,8.03732760745854
1118,5.300190397415554,5.440373954654121,5.869181222396015,5.533091947542173,4.779027012046372,5.158652056796735,6.0665915325963455,8.957261333004183
1119,5.058401146768209,5.104266156093649,6.052436190059308,5.957517697665527,4.964247205271595,4.808333722418482,5.815208808669113,9.278578863505375
1120,4.914496051326528,5.410402900921088,5.323085769726703,6.427253810916294,5.342986518736841,5.190104280538196,6.556467735648013,10.351233101614303
1121,5.00369716590791,5.529359078500912,5.679868007337444,6.343928579639472,5.859509332411888,4.638547336927134,7.3940785836229885,8.55857756699028
1122,4.851288392996896,5.2614969782007925,5.61729430282677,6.064294487252622,5.10488265952662,5.576414455844721,5.522710284927625,8.185277195060975
1123,5.113004049950457,4.996767348795686,5.9149563658779725,6.321361949327836,5.420283633615544,4.956071634067738,5.831173858290048,9.072727471703145
1124,5.102235035951544,5.263796318063398,5.302983033228187,6.136993228950371,4.413831139520186,5.582469501690478,5.197858029133887,10.552252436350576
1125,5.575240506249073,5.229251889450653,5.8998188385879935,6.216282385266184,4.531837213804597,4.570095362254238,5.649735805488729,8.343478037794085
1126,4.895539390122089,4.876503532967461,5.564258535069837,5.749310247301517,4.741958566657528,5.613202017371504,6.508855590597928,9.43866720675406
1127,5.46242426890979,4.931941985526464,5.7966827717397,6.69782991036655,4.647322145884133,4.82167448338941,6.881098944414681,8.273853158150663
1128,5.173017511238285,5.238649991008749,5.465186271773411,5.740730917346503,4.71053354609582,5.53590213718625,6.624861934204961,8.591448742970202
1129,5.758116240742563,5.542218067281139,5.4474133327321965,6.324087559029765,4.981227524144744,5.2027304139646775,5.84833780483379,10.290906866774844
1130,4.894051675130101,5.315516908648039,5.684848796738852,5.836596582042674,4.044283199145718,5.408515461516125,5.712169048678095,7.696599863626695
1131,5.357724600051374,5.464939660238381,5.525010061975768,6.715945275605126,4.106997713525648,5.580358518829601,5.860962568107955,10.494104689336035
1132,5.233932254310199,5.0572362740456365,4.92540476497702,5.712475113230201,4.505869520396944,5.938889855891125,6.316081160166475,10.55813176356678
1133,5.203851221430744,5.396280479317854,5.387268541756511,6.678612950156834,4.9043491768323335,5.150331822123929,6.734068791646336,9.717906891159473
1134,4.779752721655544,4.825121208626317,5.603538599265376,6.120240728878522,4.557301177633788,5.45703363461335,5.438981042449746,9.46969480361526
1135,5.233194586904147,5.52938804720706,5.370926628422556,6.166224007875224,4.643854741553666,4.506707148257996,5.966779778407298,9.87729385008602
1136,5.104407810791397,4.716048052325945,5.590171665919013,6.760399723302272,4.332896500260262,4.966101648953515,5.791165435205462,8.72500070380071
1137,5.033587989040357,5.252209433559821,5.713940882313269,6.43467035487954,4.683832216793925,4.176695467840705,6.22831431686258,6.982579503350405
1138,5.166498538025885,5.12111623297338,4.889154047584501,6.100401820644218,4.565538473894926,5.2682840876953305,6.889131714266442,8.366749490114909
1139,5.652220610037757,5.7418404290710905,5.5757016009021205,6.304858024881678,4.992593034807529,5.316900132574343,6.633557887104836,9.342885195467828
1140,5.075509048255472,4.916335046699079,5.468760020575051,6.658957698887795,4.893425099966423,4.783032397793685,5.784430753144612,9.553207658326391
1141,5.558995980343636,5.592176029207199,5.936306096602294,6.80354930999261,4.498053656896813,5.101971021522347,6.044821869515655,9.387870011928529
1142,4.954556757453435,5.093468675230893,5.170668319506469,5.856199631272418,4.620376311910136,5.313393494538828,6.532797902349588,11.012058138292652
1143,5.572635365666389,5.201194374116117,5.6216766028449285,6.045282728799051,5.122005594611694,5.57511698930848,7.370983676565534,8.56945243446513
1144,5.484310636032594,4.944941497433985,5.865763170829208,6.291563800804352,4.804061579431013,4.91156014617587,6.750146987385255,7.71773195021724
1145,5.376717848439808,5.002991264174935,5.556899411837396,6.655536388323162,4.672346987940095,5.218367046628851,6.821595351491185,9.308309796677117
1146,4.870940447570087,5.2265737875441,5.2746398552174965,6.234992336857205,4.697147906939563,4.859152885274929,6.7873660634524855,8.317894634723812
1147,5.10993805414728,5.025195572650204,6.096597134280605,6.633869739349644,4.98520261616743,4.805944617172593,6.342633446663736,9.408369152469206
1148,5.182398624125846,5.094391955139495,5.602057875956167,5.847640324235619,4.539013472823439,5.677255843395732,7.025920941558659,8.91893616703968
1149,5.053423522876493,5.399352794676908,5.831861885951405,5.933796492359652,4.929279806034204,4.790951165944168,6.784268656802125,9.346570923471166
1150,4.929441127035468,5.335821118405363,5.372642864308161,6.1540231871249285,5.02577777166238,5.990596201965627,6.810257550402696,8.023633331379754
1151,5.420402436826716,4.801233132026038,5.7620248106256895,6.550119248216133,5.042723110365862,5.661698536758957,6.760452723717539,9.882099242970265
1152,5.078167293297287,5.325315019277733,5.359300748857166,6.109974542049838,4.543775164284035,4.786251145473495,4.7982921767497375,9.46159406184094
1153,5.41726311879174,5.068014349740929,5.433524338241798,6.621149761380458,4.910784113001785,5.302883634042265,5.373280650679586,8.808833244029433
1154,4.809839163677229,4.736969141940016,5.34841670914505,6.120750876499,4.897139945819448,5.392479655819107,6.789287499874726,7.478817917039184
1155,5.243269381780171,5.458172179557117,5.7913264094030295,6.4293751568570325,4.685881108107519,4.664839615879522,6.052633564669235,8.665989521763603
1156,4.840190686689323,4.698310666674578,5.052669549280978,6.517516890071781,5.2179855274218685,5.025109878881059,5.883244939770966,9.287887671304922
1157,5.20118201458199,5.132057202976004,5.741066528202126,6.302483575438875,5.9107501687032045,4.7864940367488495,5.289037361594326,8.002049711442027
1158,4.962561956693508,4.638335966473004,5.3441438417111,6.542457757829036,4.499760507017354,5.349454596827754,6.258566012036568,9.501321241483373
1159,5.455161843910115,5.196207154143719,5.502631977049171,6.745091877630666,4.676213879499499,5.172665271664295,6.358225154732316,9.559005012040332
1160,4.773587776637871,4.631680685597473,5.329019571770749,7.012076894834136,4.985403176838755,4.881440071267544,5.471827752852245,9.767906121175828
1161,5.299825321265962,5.13388510160782,5.756888602305127,6.720452966632061,4.611988161493424,5.012286835020532,5.924770129406968,8.874503271521537
1162,5.075256328400062,4.750033341933525,5.658103207928618,6.3507038284407455,4.14437659371642,5.279743010421512,6.6368864458822125,9.893719522119738
1163,5.454137856366599,4.645124094061186,6.150740789057503,6.389809730308324,4.718599547435851,5.500761887927845,6.469025446053286,6.574045169626578
1164,5.212295870917054,4.662007609577706,5.50836598022418,5.41933910760998,5.452608071401771,5.514138307132872,6.81132821731299,8.47177817538855
1165,5.474177231433819,5.381446825581774,5.574671536910451,6.332147989433887,5.5917398237674645,5.157788156923243,6.939327866979104,9.351050473734698
1166,4.887452246979249,4.917833500666004,5.105514879998462,5.832659673152056,5.348912997847322,5.52332391977747,6.148618148992036,7.860919139960755
1167,5.567333119086802,4.902660184308568,6.005291701037819,5.927508784671856,4.846734231085367,5.217209590507625,6.15586697531302,8.948067687899204
1168,5.4269072318036775,4.88608844363533,5.906847259679681,6.518082527647363,4.276011453866054,5.10354408901507,6.662183783723234,7.980655017219987
1169,5.606492904209712,5.449196142468334,6.166659601033979,6.502206380886762,4.724368244299083,5.790471505081819,7.139846708848459,9.151206031308911
1170,5.192678739209676,5.015711475618758,5.294763976649129,6.163602359492688,5.77674932101858,4.98293024353641,6.5001230233426766,6.960627767729914
1171,5.299881036566913,5.426979968223335,6.274383430644035,6.556171320744399,5.58869807303978,5.003145548276698,5.698534656301251,9.464090307084591
1172,5.000065906627556,5.394528049172357,5.507968611528705,6.560060058662142,5.005973827841942,4.793073336428175,6.89226400474092,8.964197756374514
1173,5.544209295327976,5.181709739866675,5.285493279195081,6.5090332094703385,5.265057608289307,4.666966687632869,7.42745240720977,8.119176218355971
1174,4.92166943998733,5.081122610505656,5.558272634671605,6.272711340385888,4.720141756440256,5.049830219172594,5.825357788583756,6.615566055861427
1175,4.838967171495628,5.3988710833840585,5.57427683818212,6.663297591976992,5.488706566578266,4.647327682506178,7.37938564088768,9.980088395163426
1176,5.487252244681003,5.073085164390279,5.55339509169556,6.232451970949772,4.867726864000041,5.310525372978611,5.847141345617617,8.71196571351022
1177,5.4394692545360455,5.262741318098661,5.9629599349824005,5.676641888468148,5.22821048122886,5.549541836063257,6.9910652865550045,9.484204243060448
1178,5.220650274246905,4.694821497822233,5.4664537738948935,6.095414364411577,5.356963257923384,4.716778100181942,5.906979888485969,7.8942084774838435
1179,5.45962850791442,5.009793266853437,6.210424606006103,6.401151130761869,5.959455239177243,4.786308797937748,6.5879940450245735,9.67851909220791
1180,4.951495392714388,5.046528204973733,5.948546735044169,6.503616451079931,4.803016458496603,5.033021598179456,6.3104125679896494,7.841875663026732
1181,5.245697824729176,5.493910057519778,6.126588079390881,6.858017947023026,5.031228372870411,5.439596361189773,5.965819492729749,8.9387607030017
1182,5.027470598967195,4.784639017679942,5.542338999193918,6.491710490748607,4.363715665010751,5.534198625336909,6.61992662453369,10.1808384864946
1183,5.2409558070796525,4.869326189390576,5.591832862459524,6.680208092692581,4.229817167589607,5.171170723530164,7.353375804034865,8.331719501009193
1184,5.16640903848324,4.859451790771399,5.503377273389199,6.327143410929012,6.306445223274809,5.14421244033824,7.085873589370342,8.241173686999907
1185,5.44576415636803,5.213143027995415,5.424296330726271,6.877199248071718,6.505836249007942,4.563898789440149,8.534896415045836,8.694885969474463
1186,4.940246178192948,4.975080551605919,4.641075121932782,6.463563292392131,4.829059866474879,4.408057731235544,6.4284944717037416,8.536843850913593
1187,5.309848835519632,4.614834765518613,6.402326417524122,6.619829174542195,4.7910191997200045,4.674715671957539,5.382773410511049,7.747154515269567
1188,4.8001728695744585,5.18512123800952,6.151183997708975,6.13966654716314,5.18924825914585,5.643500669717669,6.168006237029765,7.921821584658069
1189,5.060061894335887,5.312326579998417,5.803845674294902,6.273693624804125,5.491818074984082,5.132572327965196,7.341820601658194,8.172546586262452
1190,5.030335669450437,5.2604210169976575,5.79823991889561,5.689060439696256,5.253376858317067,5.75536016139222,5.260015800060902,7.585193228445314
1191,5.70220674584271,5.18734514142148,5.700655499396336,6.526160043815556,5.123798837923217,5.596257321253833,5.847098537506578,7.4510377841049475
1192,5.1126628726788,4.724260096622203,5.654744138749223,5.964656403727709,4.745064789772598,4.635700059928109,5.776705782996285,7.464308983461376
1193,5.776653087162575,4.6863784251877085,6.047662193390047,6.864007187475415,5.776254791407608,4.655617661794492,6.210825266956314,8.096483359010385
1194,4.995844288686825,5.215847946085531,5.333886613630029,7.209604464720962,5.1776456890327776,5.92967921826009,6.019710942450685,6.654628880583423
1195,5.5911918935109055,5.135220013244136,6.304795616393686,6.768669671736468,5.5465937523657365,5.233537142780983,7.005564043431235,8.774823457942661
1196,5.17227597044454,4.871941139019632,5.521139248173048,6.020445198614801,4.839431636071743,5.114841650490281,6.7545077658830825,8.87437154105821
1197,5.700493000126215,5.315837157113879,6.126709387720109,7.058078873152812,5.13022838070195,5.095835390278215,6.453841627309759,7.806409421226444
1198,4.980497584236045,5.278209162791423,5.41565017323286,6.519078168321019,4.968577595685326,5.350754607359889,5.557323856000379,7.048355100748479
1199,4.943752688402764,5.348858136186788,6.527302430573261,7.131872048034028,6.0324678709628365,5.146222329071777,6.809019710026797,7.592154447517375
1200,4.830452114898973,4.895916364612861,5.968074381988541,6.64702821482866,4.479105748376921,4.326791291890791,5.154040269582238,8.000477408928992
1201,5.5319949432502185,4.989730893651441,5.709931756022223,6.4865694749687295,4.936707922584457,4.580735783579258,6.24041012007588,7.522991494731012
1202,4.66618334348032,4.807542735674253,5.674986045003328,5.089517721145137,5.4643478739803895,5.054147195358967,6.211591400407472,7.820995349074058
1203,5.602002671740936,4.884805030183141,6.109239531507345,5.669554814153105,5.914036482889142,4.480653702425789,6.11801536517072,8.128586141764385
1204,4.967654602286705,5.200599878069841,5.509140949519441,6.367788569393006,4.107671823199646,5.10176916643812,4.995314181633083,7.600749399334604
1205,5.561636367263907,5.225949921610923,5.428293291651357,6.659940558044988,4.718584664708801,5.2489798904302765,5.788717069309779,8.598335408781674
1206,4.745336647294185,4.778636757653456,5.741798532380064,6.328973310368972,4.952399265751143,5.354259026466408,5.292756608925202,7.415766251328328
1207,5.518667311445087,5.608521577928715,5.71351540071973,6.247775544625847,4.807043856371601,4.808402583322721,6.129899102633338,6.640304332192354
1208,5.0967969030316365,4.8161264491432725,5.20529228986915,5.54208630523228,4.432349596280465,5.8187679298987645,6.327368689863785,9.470348554498566
1209,5.099346305709651,5.083882310893269,6.111529054494199,6.63188420892716,4.394277846410166,5.564942099795993,6.230304190435382,7.416493482498096
1210,4.911368689186885,4.675494763000806,5.6261309170428815,6.687967670881156,4.306644784894494,5.201572537076808,5.618983069285392,7.722684243072261
1211,5.558555490056382,5.604110594153001,5.669859760836823,6.18393618351885,4.635357134938896,4.573157042811277,6.534103035944459,9.449675739620645
1212,5.173427766258205,4.823414929472447,5.253686134475331,5.812197734072706,4.866747506099896,5.955736871573426,5.796911757799333,7.216169677301523
1213,5.375225180631882,5.048280576168899,5.44718571381024,5.997392580488421,5.343973928659911,5.1936773097381135,6.700523488917719,7.8536567387807645
1214,4.877638447152368,4.678844919959882,5.660716676253135,5.871185020571566,4.920133082394678,5.147762451563154,5.230361920034484,8.680075739144323
1215,5.210053545567055,5.08688498214504,5.847075715767552,6.001795235443399,5.204572332386046,4.987710821889936,5.628811041311511,8.145917343976699
1216,5.314814079376958,4.800518694463882,5.202245121282159,6.198960801193845,4.832509972109338,5.289568594220118,6.073711840656076,8.221724318338326
1217,5.249839166093106,4.853977576572575,5.393601259542099,5.268849274354719,5.038392445069257,5.738521592347255,6.535468925926336,7.652606979554879
1218,5.027807568969721,4.602585661324829,5.8304098679536684,6.497162957989393,4.6446213601337,4.708408680722875,4.004941220736467,8.367820514874255
1219,5.6435584925419215,4.777441425439211,5.667947947210859,6.991571592198339,4.98515566606727,5.23907580145568,5.958985674262539,7.659395798521759
1220,4.888236287765502,4.838275775430391,5.798315003730581,6.678801045511756,4.255614772517375,5.1163407575253865,5.840571242770912,8.63335851353186
1221,5.195123600099056,5.169105678639036,5.701323903721578,6.270595496451705,3.880340147924918,4.644158925007,5.979744576820972,8.801379986464756
1222,5.143347260012049,4.728100450987888,5.238322691143906,6.077913715723656,4.631542716445112,5.033547752831459,6.963707387689477,7.733781936789889
1223,5.350660495352763,4.779401340664072,6.020102816912564,6.660116353373946,4.735357721584599,4.8003694192913935,6.238104284424049,8.423991796727558
1224,5.185906673344922,5.019403809876201,5.363636768388591,5.9053414904961805,5.06777252831441,5.384450984760568,6.331490942393119,7.781044820743987
1225,5.443381957944621,5.401586626814968,6.0363604613673285,5.034208722959302,5.498216388590399,5.494473503226261,6.7479703180189095,9.51275438802263
1226,5.334902290705689,5.082219916883292,6.037586194024104,6.675022710021681,4.701046592462975,5.728655438423135,6.059091729355561,7.719494982569367
1227,5.205447452692838,5.031284754608845,5.835107940307446,6.594888352121128,5.091951588874411,5.710167554221038,6.785317294006874,8.36290005650008
1228,5.065305824359754,4.881448012949687,5.60174324405846,6.693371887079432,5.126679248534884,6.12872227360451,6.200017288820256,7.902722803605331
1229,5.161362468411344,5.500575081952769,5.495343761330824,7.058401985423175,4.402213999067978,5.472672644597575,7.744307643305113,7.351961557146926
1230,4.909729408837054,5.234443288189818,5.374831021177164,5.707925453853817,5.034161025669991,5.244554671669195,5.94583380899606,7.842437167941353
1231,5.739224485301004,5.2915782719534805,5.743186346873321,6.141966282577162,5.481663249596943,4.712808171053135,6.933412301532941,6.66886834112195
1232,4.973034676439156,4.649777869305106,5.247064516143095,6.518288200247725,5.030984348169228,4.546056659530116,6.071220017042983,8.350425557684188
1233,5.580517625823552,4.621976899956208,5.244733595882424,6.703781131645307,5.48879331764722,4.49812855640649,6.332305555948167,6.922445829382716
1234,4.708360678417134,4.867222774363327,6.056856411850724,6.892000127704252,4.982422620408391,5.467089791792598,5.98652276693476,8.993162215068914
1235,4.774757865077139,5.05537447358153,5.344292978424536,6.320339588797019,5.12128493588397,5.481968765443283,7.129902766073705,8.607707748445613
1236,5.229965699821649,4.841113562585329,5.336107901590989,6.121455897765428,4.540357049561694,5.17867649554012,5.244320386562157,8.31842327905599
1237,5.7020387437173365,4.838292234524594,5.797879227026967,6.069147407625139,4.605950843396068,5.394109935816752,6.125164448497349,7.697940106543564
1238,4.895945432505306,5.236759017083726,5.488883459445988,6.022490270467143,4.345250703901958,5.670136354712397,5.678368644128712,8.879633879208814
1239,5.607422938233538,5.546377419409914,5.490718208204659,5.401848903010783,4.841275635082443,5.459302210517629,6.68978422976131,7.622338617280413
1240,5.013959888068601,5.067827169929717,5.617330017058109,6.682165382271622,4.615724259267115,5.363503261327691,5.980691875315463,8.557512821218051
1241,5.07640947131651,5.217908954089992,5.858672170346128,6.423999419638858,4.664761850753758,4.432590442475451,6.469693424385008,9.517042606387506
1242,4.737833907143579,5.037017091781739,5.200274154117752,6.795303547379514,4.081616270360584,5.294274607002196,5.320215373101321,8.483941798965459
1243,5.621583669529807,5.195583342933824,5.76466315819975,6.730252739581144,5.040144859074943,4.870948435580514,5.6807678966136805,8.939564211372913
1244,4.818363440548085,4.812088135235412,5.293411080013473,6.600519581264244,4.7159053861566775,5.202098903099578,4.814158952874341,7.502395990501177
1245,4.988960517352153,5.47126599157756,6.132706443665335,6.263639514597118,5.527562564030184,5.656275329575643,5.482323737700993,6.926731284047762
1246,5.219167969944624,5.196224417297145,5.863606721706079,5.951513829739871,5.295343193516167,5.255846443973081,4.543405097865932,7.703380592568079
1247,5.34637580135108,5.332382565178805,6.033687481761138,6.1251608614268935,5.126381560489504,4.763518067507671,5.977860472196353,8.111862423578446
1248,5.263175458788512,4.888947167645318,5.857855683259996,7.07951978519218,4.116897648092603,5.221654625393151,5.767987429595629,8.827894577903706
1249,5.49416011106411,5.377843739422413,5.709689287642945,6.934800011837441,4.597947698791214,4.716101149367158,6.040936309830787,6.879268056844688
1250,5.2908221472683215,4.675965440112419,5.149629060460629,5.942426961287962,5.620492789112602,4.789112298657357,5.667954025609434,7.213173706930845
1251,5.155057302422874,4.955773792596525,5.7688743222476,5.821886264182893,5.320937688137979,4.804473642579854,5.073087970335532,7.212321391973695
1252,5.090222063392341,4.920417946130451,5.608709493845868,6.096382436457958,5.722996585732785,5.302075642952948,6.145259267515392,8.86943097033293
1253,5.066239125622142,5.104403672905966,5.390663699673158,6.232546216766901,5.7161121466088805,4.3755593257529855,6.461340843519087,8.753975391243108
1254,5.055900674882185,5.045132488945611,5.737077753846942,5.909182941799427,4.509791476704522,5.638178698320499,6.668892952184888,7.628504527862208
1255,5.129424822669214,5.7478311942550535,5.6898487319731625,5.728049765814934,5.082608300696764,5.416194561550797,6.505771405791311,7.406671673529049
1256,4.992163380857585,4.67462980439255,5.106969480409639,5.817751615876393,4.741162845800081,4.786462447531072,5.251003290997626,8.364278352406275
1257,5.471751400340397,4.403104922890783,5.932511949291566,6.236915153104138,5.201432201808701,4.905137236482423,5.121846046896484,7.552777572907371
1258,4.81346568432248,5.168527326395922,5.7975861914255065,5.915056715253922,4.38339711155496,4.914287955369152,5.52182018355778,6.723540711641861
1259,5.870800822769758,5.17395361147508,5.771230293855593,6.13194865505658,5.487406453206488,4.642345720576433,6.596820483261159,7.780851271277684
1260,5.0126559380508615,4.732570566086085,5.695149772816175,6.3333341124968765,4.147391554462426,5.140473545338215,6.194437959315963,8.175231493240911
1261,5.358762425000477,5.470156027248816,5.735893312896118,6.534781322853388,4.596067909394294,4.828888163521987,6.30719999859695,8.07217666512615
1262,4.809645017512149,4.667755405404959,5.242298771888935,6.526434571446655,4.503647553753738,5.238243231396607,5.645948111319182,6.488461342842661
1263,4.77169978741987,5.506233876236581,5.776359555640025,6.326589815804412,5.043858589622017,4.781009953335503,5.771613153712947,8.084781204565806
1264,5.13292988741612,4.828726705034394,5.786882291858768,6.446836133879458,5.362804407283448,4.986816042825562,5.61655679612422,7.359254051999201
1265,5.458439831488084,5.291690503524086,5.6582033454847664,6.647263809278707,5.398690100172829,4.633449276778806,5.50878130579912,8.05396022374654
1266,5.169381728711871,4.708997977841452,5.916262604878618,6.727853627392674,5.319039715477101,5.156830061492379,5.048957393142471,8.565280250832158
1267,5.28605629423284,5.033317141013875,5.7655665263274445,6.278781497974314,5.3171117199300095,5.009246917535144,6.119025273580879,7.442918667210416
1268,5.1465155552750925,4.747289341058957,4.914452098319446,6.641748669626279,4.2997368314340765,5.308293567679363,5.632285177903589,8.9715417324725
1269,5.157658264106827,5.356019092556094,5.644252392837043,6.640245150985006,4.659057969629953,5.355214407967061,6.621142881747694,8.20635875412745
1270,5.191831686555917,4.645653416439459,5.40424351255552,5.5085263996119975,4.891207520666263,5.852677253327925,5.936932362629315,8.923599235917587
1271,5.405881197433334,4.932230532817062,5.943398907195939,5.533288650638106,5.338109353583039,5.2679729691365615,5.796701506644998,9.406141322423704
1272,5.382051249015202,5.148563859164283,5.527235827834359,6.19770867846972,5.190653650772834,4.710614793149299,5.683817191181992,8.202057577485284
1273,5.263087328854405,5.442563683514663,5.621274796889803,6.010367840976782,5.07917894422212,4.874981865553794,5.786444753058765,8.954085502596591
1274,5.358968422835803,5.049028769841724,5.101707615442511,5.928825377093079,5.2428595365638495,5.862750813561656,5.234164492131419,8.497975633277562
1275,5.408801125038631,5.435904371373472,6.148193187003199,5.914295104536618,5.07289191089772,5.378907374654355,6.396559164074333,8.093406091350943
1276,5.011081677065415,5.078681148811957,5.217344198793799,6.33582860099646,4.580961651571471,5.707579817844902,5.619983737523588,8.607160576317044
1277,5.548756984732938,5.372704337930392,5.674061689185453,6.036917860441762,5.055327580763434,4.958475496343462,7.094899743667517,7.3542083298376495
1278,5.0097771127302,5.208328810436974,5.44635334234464,6.363283229270833,4.977635949554289,5.804492646181816,5.85461595245162,7.37295268257062
1279,5.416697902875167,4.925593340387138,5.356358220836236,6.670402838458646,4.887291374754567,5.49555309039932,6.422588907758626,7.733145444353234
1280,5.117445052012193,4.88339732169348,5.640379057463087,6.358559746442907,5.273691004834063,5.64265656904288,5.816219219733254,7.554461738732787
1281,5.530512609859957,4.937729925239944,5.860645888319721,6.093463320130787,5.45093390163561,5.579018748692891,5.710738241550159,9.513946468160858
1282,5.245102680523427,5.148534408137626,5.482615949655449,6.345001437893313,4.18807462949697,5.968679869388747,6.147610080724233,8.866319817296343
1283,5.244186835595514,4.915124329254141,5.558186256417359,6.409871361483429,4.275080179381676,5.391587398290528,6.001755924072754,7.132071259530187
1284,5.44991213122734,5.0551447569697965,5.52275018003588,6.314257548074869,4.931337823118318,4.821219876459537,5.284330153927432,8.527473865856892
1285,5.272572205948403,4.99749999806498,5.546114157985233,5.910600375491478,5.186053317638019,5.439790603968947,5.998988133733275,7.790675169818535
1286,5.066569707316957,4.909217643770822,5.733753277761528,6.0891953552182265,5.375195299720807,5.746332232589806,5.242989444736854,9.79415234946372
1287,4.908914094200847,4.917989638049004,5.8442124905975925,6.817608973804258,5.238077361519934,5.250700297672644,5.646814629756095,7.215587018993495
1288,4.903736756564323,5.017484003539142,5.717473527864757,6.012701350788418,4.629442893337565,5.196412450647785,6.560544249954355,8.606561802206004
1289,5.506355074140332,4.647278188404345,5.696030728617985,6.117394899939613,5.024897938638019,4.785032142858012,7.010691676466868,8.904346987293547
1290,4.978037352016884,4.839163021572426,5.055922583774224,6.008310411332002,5.265019895943468,5.413272410666114,6.208906204838004,9.78467488751669
1291,5.372218689996293,4.701005008455835,5.836444404849776,6.10488789139924,5.390719093253593,4.914275113428824,6.244670819325537,7.949409962942137
1292,5.04092593017679,4.548078265012958,5.167094855366268,6.662301272226023,5.288601111135702,5.165238460848327,5.568398141794607,8.458963166988273
1293,5.285162013310588,4.733118063828957,5.608122479096984,6.394164159600674,5.210960794424358,5.111489972133303,6.239513845547325,7.195653551267316
1294,4.6549610616691455,4.981461692741039,4.942815104604815,6.020277642319429,4.325290102858793,5.161324721893501,5.401273519057703,7.064795515424416
1295,5.14090788027727,5.15162574601741,5.5640129241179865,5.832933677610567,4.167615480880018,5.261310776986736,5.65296836397378,7.818353754122453
1296,4.849510138614041,5.317222379132791,5.415190741726923,6.49814420115429,4.749391900181025,4.857764126592943,6.871316123921282,9.53209148551848
1297,5.763395783185307,5.000874036143766,5.430372744979093,6.37489657151566,5.390893496253113,5.091770730044023,5.863793140950584,7.992058671924093
1298,5.456237113900587,5.098123445246202,5.531862559994077,6.146074085919041,4.411098231662956,5.461784690185298,6.247630315793824,8.562205949829599
1299,5.371063697619607,5.568258441742954,5.351990382563988,6.293785548988856,4.334098568673365,5.060894137541502,6.468316411161863,9.484718407612684
1300,5.063639620863152,4.824366810504683,5.164543143805537,6.255822641792167,4.791907208241311,4.981200504932239,6.809170423010889,8.21965328970821
1301,4.995659471638818,4.912515312881536,6.028104113632992,6.255321571794203,4.646827952076038,4.9394118088699495,6.786053326115113,8.161287792242168
1302,4.9116830043729385,5.031233518133388,5.298417253478809,6.2578668673307725,4.923162329569478,5.011216166816536,5.6281992008533726,8.98953240055612
1303,5.45743332901559,5.618729219708326,5.934348609097261,5.986230148993982,5.095160198065486,4.9668032116484255,5.856663818045729,8.692177533965761
1304,5.263077805068519,4.688572260796905,5.335135623791803,5.839256010031499,5.338791797775293,5.693425739202566,6.074612200519404,9.386498319784389
1305,5.048941077728939,5.321017013213381,6.319894038847536,6.035467730973051,5.338423712048625,6.0401586131258425,6.744853587946759,6.810459115147071
1306,5.155686994920671,5.155806418821254,5.571886822844696,6.137712100233529,4.167043137680091,5.194339244002486,5.214082976055535,8.292462390730565
1307,5.369545882266357,5.274067973001444,5.624015467617144,6.1502156319744445,4.404273722905146,5.23744161565083,5.61986983991797,8.516710358049487
1308,5.258825672506451,4.979969534645584,5.056094954964683,6.533044383824874,3.792824006664398,5.108664812289145,5.974457087921336,8.738243437552185
1309,4.984505846617921,5.205205162390889,5.40110383339359,6.160759401040698,4.587307795340871,5.309271843249825,7.198138401567862,8.306920098973952
1310,4.608252674807543,4.900077559747338,5.669353586775867,6.202019001831737,6.072989633490105,5.291170742852162,5.944143949104556,9.777824228347296
1311,5.289467723649816,5.0237718010921295,5.577298601718259,6.082022716076619,5.399572973969197,5.243859190988543,6.868089260414908,8.33964929479701
1312,4.764262334803423,4.57315321277366,5.189959648193485,5.86065061278983,4.344323752615803,4.551228243614674,6.934377817159938,9.859746189873071
1313,5.385632785768894,5.102184544226556,5.298899920524837,5.730489774475782,4.03023156288723,4.820845522125875,7.057059557440392,8.774703281612105
1314,5.402896396700141,4.814227396889571,5.189893367382918,5.6126409232351415,4.550391469011612,5.192188742309416,5.525323806254405,8.661349726193773
1315,5.584020717116871,4.904967073052228,5.095892860476404,6.301092944976795,4.453211621398966,4.809162854608953,5.799347887085939,8.57868754626965
1316,5.1057285080717225,5.168481868382953,4.809832738961164,6.345096373071427,4.511606995110683,5.816018922238698,5.21031254242682,8.73315063424706
1317,5.303233501833779,4.885070283158259,5.538514098620792,6.052149182864827,4.388210940732677,5.240425084145601,7.136702948942046,8.191360476636415
1318,5.222161542587775,4.837661645972871,5.628642064051672,6.7327855486670725,4.759360763248179,5.437414926391871,5.736088446105188,7.097390416990865
1319,5.153732848919628,5.590224387418793,5.236199360951197,6.3233205905108445,4.441814131199001,4.402446119962096,5.459909744593789,9.241751710143692
1320,5.31006782614346,5.462770056268222,5.1568365438058645,5.6414477985866585,4.99803499626943,5.435423373238877,6.85557429944662,7.5341428576200835
1321,5.0222379534140895,4.75252951090019,5.469325283848227,6.108934450626309,5.826972145177532,5.632742784084877,5.825588205025845,7.895384557107051
1322,5.144433504626679,5.1589381264995,5.223743273669788,5.772886987398978,4.8165889958114505,5.211388852685047,6.635276321372078,8.62169463971936
1323,5.384409874384426,5.512748512445683,5.8712168269511125,6.392253747525529,4.99591637979264,4.791763141860865,6.078124994376501,7.836506838740329
1324,5.087126625409208,4.860905631963745,5.17289828952832,6.059848034116684,4.400397021987409,5.673721904411941,5.88299865413898,5.981733255954413
1325,5.370778042038304,4.883339770638632,5.0947369001939125,6.8662610147687655,5.347374793249549,5.044019732059466,6.506335394823394,9.456861519708164
1326,5.242491007616243,4.735202444887952,5.1134021015697,5.705530211647112,4.48475458879398,4.879824251494159,6.799787165918045,7.881099241569154
1327,5.750986876903821,4.93494909238215,5.285019631534113,5.85161883098609,4.870914376444571,5.184118528847816,7.140772187721057,8.056377973489724
1328,4.772895934810834,4.923882444453498,5.116412077213326,6.45249761086127,5.413036321428841,5.218492616725405,6.650750700600989,8.307748201269376
1329,5.031767317305674,5.305013527431475,5.352908238355594,6.734011488809913,5.879612625579681,5.078031841514995,6.244452405595666,6.8226939481819695
1330,5.111899088804123,4.879886176009614,5.6613329526308425,6.632760124206342,5.114140266467653,5.387123244565445,5.872692537805075,9.750760562674602
1331,5.285829704051719,5.6778227289413925,4.801668124066981,6.368694521376624,5.230892774113564,5.014578328111289,7.345049784836544,7.670161111638427
1332,4.636329703872146,4.442979882908648,5.451045891301985,5.930032346815375,4.412931776928431,5.06685758460919,5.701085813061463,6.7459409042836365
1333,5.103647645012248,5.547572577436957,6.189529375793842,5.840019917686749,4.119205006551785,4.842590079680188,5.900312697422062,7.449113900693081
1334,4.861436986762358,5.2391035914573845,5.593413056815387,5.90732478284617,5.19230724312154,4.517998674789184,5.562492304205556,9.37653528295582
1335,4.768522477070027,5.279580056655963,5.263145965275497,5.897364218039055,6.213234686873447,4.1412645646105135,6.089862733396382,7.803177646392545
1336,5.315168255641886,5.228541904123725,4.823480536403343,6.070799449420979,5.667799977874092,5.937284089573387,6.55781808319593,8.12200125422622
1337,5.223642299821514,5.384387259400308,5.065876242722526,6.04516290736019,5.623829605127087,5.835885842151956,5.80333405711421,7.454371934321633
1338,5.099647330675259,5.227266889455836,5.680590690590632,5.86871419298959,5.506662496597792,4.85015848566753,5.678701825290031,7.790743875952978
1339,4.888806009428392,5.110608550082104,5.417132909566976,6.333805738710779,5.738526995853804,5.448571125912961,6.058790542536988,6.309954038972086
1340,4.969476221297497,5.202432800216375,5.453895729633085,5.8336903611841056,4.966557205147605,5.606466118922659,5.622480214362111,6.991085956982409
1341,5.563111938812931,5.2455252958350025,5.410897844883818,5.877335621332315,5.335483479611767,5.154419488041226,5.630876098543854,8.657249575444165
1342,4.825630361314543,5.340844976344046,5.567144723748696,5.926985015115534,5.020658123660481,5.121103640606536,6.421170695614356,7.285882041382822
1343,5.054464010650939,5.210780726867832,5.505277072682016,6.307158686799769,5.546316097354319,4.316158655436344,6.280016963401367,8.125361401750306
1344,5.0326314515818,4.9152200503625405,5.887846866333191,6.830149112374847,5.410015437364084,5.454032868522622,5.87599430962692,9.05526696101358
1345,5.137061713881925,5.139084777009026,5.791140350865603,6.578905241417381,5.33330274715333,5.525403908527345,6.140593803748785,8.754848946728975
1346,5.017475956990794,5.065619198685712,5.652220859935143,6.427484454421221,5.633646364974433,3.922103258306664,4.751496798092733,7.605235788571444
1347,5.089202823699797,5.078083875778539,5.4593006849522245,5.787175526648416,5.043520910153754,5.138302492686675,5.511047109306009,6.838490445924799
1348,5.2695258948092745,4.611343836455335,5.742051037484298,6.003089644383432,4.411747282692446,5.176390566979776,5.656686080009642,7.91901371385051
1349,5.484203147410595,5.402658357263281,5.530169858541432,6.814153550463318,5.040997934655874,5.0380462464086415,6.236775254571606,8.305907405577308
1350,4.695223024029853,4.629060128720602,4.371515995730584,4.12944310239982,3.9334778355168742,4.102396110453405,4.514528728335571,4.76864205573373
