name,cobyla_values,spsa_values
effsu2_Ry_c,4.46875,4.60547
effsu2_Rz_c,4.49805,4.49805
effsu2_RyRz_c,4.61621,4.53125
effsu2_RyY_c,5.46875,4.53418
effsu2_Ry_f,5.52246,4.52051
effsu2_Rz_f,4.49805,4.49805
effsu2_RyRz_f,4.57715,4.48828
effsu2_RyY_f,5.06152,4.54102
tl_Ry_c,4.46094,4.49219
tl_Rz_c,4.49805,4.49805
tl_RyRz_c,4.51172,4.51855
tl_RyY_c,4.4082,4.4834
tl_Ry_f,4.52344,4.47656
tl_Rz_f,4.49805,4.49805
tl_RyRz_f,4.57812,4.5166
tl_RyY_f,4.50684,4.50977
