,seed_28,seed_170,seed_225,seed_188,seed_18,seed_38,seed_48,seed_58
0,16.859607529518904,20.894629457401226,23.32542299067218,22.68745059172694,25.584048618444513,25.25918912301201,13.6023851393846,14.326586829014088
1,16.35351577431192,23.290310791099596,20.342913731093418,25.870057229645848,25.71074397736142,20.23407821122294,15.779347841416744,12.38989342874803
2,17.435868744663452,21.824616486339156,22.14746052166697,24.620029738935454,23.929365120077655,20.748314107585564,13.460313770347677,13.604906855426268
3,15.36249873307515,23.191825316434723,21.395505677988744,24.793853258828054,26.616129057498366,24.217845128485298,16.061728963861427,12.632377955153306
4,16.483918656738823,21.255647289927527,20.728280682906977,23.593941149858118,26.304178366465127,18.86534103741608,14.980501548602593,11.790861054340208
5,15.923688410521704,23.393793657299128,22.220275280807506,26.07192327177427,23.293595753086812,26.814282467034577,14.973119387812696,14.808969038598367
6,14.445221633038333,23.239182544025592,21.3533414422859,26.83879204100826,26.08823505644609,23.011346123228364,13.64907082468392,13.959427588644312
7,18.34752615538135,21.09193725326524,20.917455704242656,21.8386733412934,24.6180061847534,21.593556743009945,15.583243286744686,12.79789716669508
8,15.605693531157915,24.500306027841884,21.457151717576338,25.943905479623012,25.475042783778335,22.96738232191389,15.29108649925855,12.548588864983152
9,17.61121051514296,20.72337235281306,21.322410899414773,23.678182737715264,25.386085293638374,21.223693895733124,14.506020542080725,13.932378118977486
10,16.928308899827428,23.36397935163844,21.496813876507094,23.661753818955123,25.697034039872698,21.812405993895474,15.244462702753342,12.9919735134699
11,16.90959681739329,21.606152565918443,21.87568543046658,25.42806649822761,25.157887724943734,22.907527761541616,14.279037197927561,13.250458022481837
12,17.096263619303592,22.814677288436652,21.80224261151019,25.439831897686734,23.963450811027368,24.786102465632194,16.938943812102984,13.446243089738203
13,16.236302307051822,21.68940975985693,21.26228338599771,23.44167019106926,25.991232352212958,20.412478933991583,12.954597057041656,12.526730820288687
14,18.112676261835553,20.038534094937198,21.431511406556506,24.420466966132963,24.273315748633628,23.477925425225067,15.080380602071337,12.947788569376025
15,15.71969517099747,25.30779963016949,21.551542859265012,24.788687459295627,26.7408523897588,21.127372373257863,14.389682113384298,13.604799791752798
16,17.039160264161733,21.469399372448134,21.770887518997178,22.507124575264697,25.162276955060868,23.979416240266456,15.89716942318169,14.735534974729383
17,14.99982419154906,22.342099838539575,22.723403365892477,25.63522339067045,25.459758987772357,21.136675055411303,13.901727767210167,11.75020178267424
18,15.013697630302355,23.25613246287859,20.513930771720094,25.706121691859693,25.116959296603632,25.566666069747807,14.67748687700306,13.995638271801406
19,16.97665672687853,21.47831504795007,22.176328574737266,23.903953726164694,26.145977739463984,19.731010276638234,13.533922407658277,12.88765550351773
20,16.691666563195895,25.603299912364637,23.218049031788496,24.87989956410026,27.481493625631053,19.796700638779118,14.131685822538708,12.489209587057227
21,15.046483206713162,20.412898213287566,20.768322511135686,24.724061734857322,23.77876527061173,25.079954952399,15.65650587739149,15.272559953404116
22,19.089022629154044,18.884473941648547,21.141846286634195,25.848873037571853,23.332416664481908,23.565408242055362,14.044039372285168,13.72927733886863
23,14.44868498815933,25.7397056404344,21.467624450168287,24.28842918217772,27.04490761749459,21.570336108697035,15.821840107702657,13.004592885587966
24,17.54883805196612,22.033761853898284,20.862728250897742,21.956109295121358,24.917925013450173,20.73980262225012,13.559632875315907,13.669608665566956
25,15.221908718470418,22.449792009725723,21.578229946785857,27.6408648263825,24.605417899930288,23.560399301972836,15.945158600906037,12.917286691000305
26,15.65039552539246,19.960601391100905,21.668223847704926,24.534292437270864,23.137013115866274,22.95519949701808,14.99211821146977,12.699488637540071
27,17.570214486881987,24.335747395912303,20.933617082105567,25.07104060133086,27.58873904377094,22.072687997476212,14.851093514494817,13.544894008210473
28,16.071895016474393,22.88092379651572,21.00557025405386,22.083052863997285,25.073085160052003,19.555857759814913,15.572636339925907,15.046376416707236
29,16.724670014427193,21.743760979721184,22.010309248173137,27.481974572551746,26.01349922018427,25.423078301528463,14.286928949752568,11.564638054987697
30,17.58348667100506,22.03218098015516,21.830910511706445,24.638119279597365,23.287929640706402,21.438619412250542,16.04997775003844,13.274152613949969
31,15.68631483685006,22.58842138943497,21.707014668056246,23.954417556293482,26.924224393373215,24.245216700082878,13.807913832997219,13.018588886377684
32,16.4519558522518,21.190468064016166,23.340904493315097,22.92760110839129,27.588673727571443,21.94493090023355,15.444121674539982,12.85875546338131
33,16.742315538942727,23.2253666998954,19.457555523020478,25.089687949084897,23.04576951752564,23.007852398688097,14.138039128595354,13.19142943333675
34,15.87419739658624,23.711659606787567,23.529048076995608,22.568471061643443,24.799603877398432,23.9476037729469,15.970582644613188,12.377385820009149
35,16.682377836797592,21.30979333769478,18.808322396398456,27.529686662423888,26.15727522092656,21.29175889758055,13.51107281277175,14.33391828645778
36,16.16040728990453,22.15821233285403,23.65178685584531,23.040746722539517,26.229455442173197,25.129477882123712,14.940707038889636,12.823019253920341
37,16.51401235077345,22.693645238446347,19.492546874638144,26.511229930464317,23.546207991303415,20.72812825341328,14.921960828643213,14.106821360000058
38,13.86862462942864,21.117606632798488,22.22768174846886,26.426126885686788,24.09224383520758,24.242281655879967,15.703744222092931,13.26182587693935
39,18.01948112798662,23.287660267457017,20.954772698629096,22.158971009630786,27.36292397106854,20.385776196367175,13.990741189340776,13.436821449991294
40,15.726994317374672,23.847696142785114,21.82697824664281,25.760563452323478,24.057059029453637,21.61270914668635,16.304036758361338,12.483077980405623
41,16.90605381753002,21.014888264843204,21.878229210832124,23.704941518842848,25.729144981990913,22.93833820393219,12.965650073238285,14.049961307706585
42,16.380728107619916,21.76519497821257,21.13021452947804,24.519520313765817,24.776450551315307,23.903293327188937,14.805466766948127,14.424114182244097
43,16.753246688633944,23.493586818570403,21.344962921323006,25.11266701187879,26.122767772152837,21.47804134866063,15.345437544413295,12.578905157072889
44,17.336022823328513,22.956807548289675,21.34332686168175,25.6271352908642,25.574080457664206,23.6159455638268,13.605755082778103,12.825228224207223
45,15.867488722878615,21.184118845287916,21.575693557940188,23.77459860812964,24.581499105653442,21.884111164569912,15.935550413917605,13.819289053866573
46,15.942306009227257,22.628184790569197,20.5929153642338,26.667074274150867,23.998941082811598,22.707110393193066,14.928236268075048,13.57480792436326
47,17.34928387752015,21.298347029983397,21.932528196813536,22.96542251963461,27.371387090879484,21.354245415749524,14.134754397100084,12.766397838788755
48,16.11876546973369,23.40653259471371,22.09434060968692,26.089844071823176,26.416774013427162,20.951519240041613,15.590973548053983,11.965430884115593
49,16.9960877820148,20.959933079132433,21.368316564561493,22.487451745481707,24.344626363455934,23.46552845359121,14.534777342244007,13.88288620462954
50,18.31425155792031,25.846438283784483,21.34296340399548,26.921002479152694,24.924004348082818,20.27735069445517,13.406531348211773,13.19075111911428
51,15.47744818423837,18.406398504565516,21.85489924102767,23.297081406492325,25.824093969555715,25.090387017008325,16.843379784121037,13.392218916140676
52,22.37388975539025,16.144830884421925,21.214052280532975,18.262270817212364,25.52322786789809,17.3340152912306,27.596365238569863,12.977342471042771
53,25.177188790531133,18.05511716650394,20.705033376963804,16.47383315100565,23.959586395978828,18.191982790712824,25.43264274579413,14.037320137696295
54,15.806339411589175,17.494016283882658,21.62150932795467,16.29806743892111,21.961469598885834,17.66614618155366,18.777031013382015,13.17532465406805
55,11.806942036035402,15.443750504339924,20.252214803165007,16.340719324998776,25.72812485569252,17.500282978246364,18.20819817635777,13.327705953925243
56,14.777262109742086,13.033011775334652,20.249248099475565,16.28394640209074,21.576069099315884,18.338519564467443,18.495094455574925,12.186835249053443
57,15.331069729598948,15.903325072943211,18.93685169936372,15.675721638843156,19.728070759976326,16.855410817951896,18.554879779368278,14.356244041389527
58,15.592371764794521,12.609401240612085,20.162237830985383,15.131233318906308,18.7609414801145,17.714774491849855,18.13893033169112,9.734382058727142
59,14.040082383299609,12.546801004022482,16.215677445819114,16.470901823892937,19.36863052315114,16.241244503498937,18.868032826074135,11.089661404048508
60,13.51398166767604,13.971840797010268,12.086175146082235,15.264293298354792,18.515576986949014,17.299478348262596,17.007471937933126,9.885295472101678
61,14.645726620362709,11.285240937524877,10.140261312628983,15.242045477390535,20.51739224737334,15.806413424139997,19.150532356800934,8.691808128179966
62,13.31761016958804,11.630481053711222,11.13135463752145,14.969122108231005,18.556683039564756,16.673188711151532,16.568758956637907,9.647284324094558
63,14.14417441352762,11.206748118836337,9.35101081116864,15.940476225335798,18.49519218095286,15.521505159439888,15.602326594504618,8.600555863682898
64,12.684236387480905,13.400963801568556,9.476576939651661,15.232023353427293,19.050238714326497,15.743639986460037,15.536695734755611,8.830755188240614
65,14.277829235480347,9.89315131158416,9.73556723980877,14.70636005220306,18.11589416401434,16.459747743627688,15.768530129841315,8.941209053022664
66,11.870444960030614,8.191477232758755,9.246172454677545,15.466825486664805,18.044330946567168,15.518268500279538,16.458567368189385,8.662294826935833
67,12.649302101883276,9.33048732064796,9.682955025920522,14.511980902630638,18.631337614689958,16.514218836335345,14.476185122629705,8.910903956954733
68,11.569736513245843,8.928830965129896,8.222651886504778,15.445186316538035,17.80945105721323,16.04533880497882,12.938233788387366,8.573098907256854
69,12.348665640321258,8.177982577019595,10.306543681143184,14.210272958738054,18.105082576586994,15.510148173439758,15.103195701067525,8.947584679038801
70,11.19074387343617,8.369524152934131,8.013142039866365,14.298358063606882,19.17182603270412,15.715760915612705,12.935949250220892,9.1749804455505
71,12.644257822107566,8.585641168184907,7.401196368874794,13.78890296687404,18.033135585567745,15.306097420239931,11.008082512309526,7.947130659590082
72,11.021439034554735,8.358216805891166,6.152672218375176,14.162978550543144,19.537686749183035,16.808798938886177,12.777044010308543,8.064047094367034
73,11.450508566199659,8.654106366806984,9.392298207974385,14.281377382978816,16.961246571472156,14.077619710714577,9.213726855378022,8.38438214362656
74,11.371819556764448,7.975200495467243,6.937400345676733,13.142672282695735,17.095588673698238,16.12498530315639,9.747630248699528,8.18811655393257
75,11.245328655422842,8.453794337313816,5.93275401142547,15.786059626425036,16.01027098929852,12.572176649438813,7.1812547833492495,8.39019197982074
76,10.92824321901533,8.49343799245553,7.189190095045045,14.577760498958778,16.461905384526776,13.09559328684768,7.191468051183519,8.346401374986556
77,11.47768959142171,9.048476587606388,5.462274677862108,11.725138175283217,16.19958462374342,11.99538662865186,8.024545153138797,8.427223468770872
78,9.850991243133649,8.727943606127079,5.071201740408425,10.694376888612984,15.599639570026177,12.326539742732326,7.288264584064918,8.091675290392029
79,12.5751555362632,8.278937806820405,6.455518835382854,12.156775119049858,17.444032234796964,12.1780835380681,7.585027122659301,8.657011369334851
80,8.649237858770734,9.598537802351556,6.052990781540835,11.315777523853534,15.938435082019284,13.346441340099664,6.971145587105046,8.54794524053967
81,10.222921657076585,7.4961985530162085,5.144265244690493,12.129736776750343,15.150249538250444,11.622013010541355,7.649928899357617,7.638230773779608
82,8.095233611405112,7.567094760380142,4.951338064551037,11.146622530423508,15.667998836886229,11.499762711987113,7.722762851929823,8.226116677904168
83,9.442502433701026,8.4655298079138,5.766137262669746,11.428976924896489,15.276702926108477,12.501636656895489,6.599143765366203,7.810338195548022
84,8.57637905965782,7.592793207923217,4.832437109661782,11.05731631008079,16.006271228642177,12.463365340764943,6.940878089247779,8.178478904811634
85,8.820130835342512,8.18485411926852,5.309771219626487,11.805439794694202,14.66040943884712,11.60874785972472,7.353901321541434,7.501386819122638
86,8.445057818749259,7.066861020150435,5.722682278999045,11.674061120370057,15.025626122618945,12.728392924305803,7.352272119476323,6.761988019815788
87,7.994233977865846,8.202389101015939,4.694827384116917,10.51807144148822,14.58522431831307,10.875335448303705,6.828573605652705,8.791938574178682
88,7.783213934788709,7.379962440581856,4.759458199773031,11.98225767989302,15.681763620277478,12.180667143327758,7.503984611293056,7.011226161935916
89,8.963466374503593,7.933085215933524,4.666591219792007,9.676448172094116,14.052238454605531,10.671464619149699,6.608696404095178,6.597514347645541
90,8.433897595370196,7.318879257508579,4.849724769320733,9.51455144830675,14.401009607392371,10.37907738004163,6.238393543112374,6.9656890723157465
91,7.3044032053039025,7.515125884850153,4.643460497834395,10.882163863535506,13.32351108852701,11.546625109512556,7.4531192107360305,6.386546460430054
92,7.468240548691056,7.310182992317761,4.241437100159578,10.732374275848775,12.65503850177381,11.097613881635908,6.564690833138208,7.680362538994434
93,7.782245108620336,7.663400659909499,5.771873442139782,8.461339748382484,14.66308374990036,10.485780260758563,6.56344351714363,6.054588722094547
94,7.036474862749934,7.591385217161796,4.990929685491424,8.74448857494443,12.254376448386349,10.256384763631281,6.9060037204607685,5.856328843687095
95,8.24550509763566,7.391193888090272,4.221324110605865,9.348798203253676,13.914545748092491,11.280627317517359,5.986000378898294,6.752397639592453
96,7.735095472212807,6.988185573173342,4.171808277276667,8.75807942653754,13.504425976146862,11.547910866489307,6.691390229565014,5.685472183243261
97,7.260285660079893,7.225189160913644,4.8437387276446415,8.486525220712519,12.149316231999089,9.691869684585864,5.702085943424891,6.043623670543391
98,7.5394069462634326,7.127791977485574,4.191245842620599,9.289476523476292,12.216511105194478,9.884829861261442,5.813674521775477,5.636048129176897
99,7.085612425654975,7.5732438226264875,4.448737584792034,8.721782942424033,12.377010721366336,10.772158274883083,6.454116570765908,6.097839690145389
100,7.760790055526746,6.773520775346056,4.39952209091893,10.049706377206888,13.061333893403589,9.717550589512374,5.926635962710453,6.328248254272581
101,6.937019903398009,6.8213792688586485,4.439052508857056,8.00129955589052,10.87326988503211,10.295218038822894,5.803451440990089,5.374617887712066
102,6.992329943872119,7.615806391845328,4.473557233988681,8.237976148049324,10.785281229909149,10.630467847116904,5.956130400054471,5.71743570931359
103,7.331945997519591,6.761649612681801,4.46748192601731,9.201709709637345,11.473896936590254,9.840339174460723,5.756070046288173,5.754303559936068
104,6.708949699769224,7.255392351037493,4.600101557147551,8.839725845820778,8.909411628826021,10.717725981441712,5.998782087147907,6.036107946051594
105,7.475441371618019,7.197868853711871,4.352978668057566,8.052917814173702,12.915616499625843,9.28327201199507,5.583236074810751,5.279853922856375
106,6.611426332612276,7.4961272222445325,4.404730883014198,8.68486271418589,8.762109065013128,10.133080101153341,6.071927626960064,5.7909899291743745
107,7.243017822770432,6.874159670196146,4.42263232612708,7.754812884976173,8.130012775933338,9.52558252813676,6.131241195433333,5.647607052311336
108,7.3681676006282295,7.518826391893204,4.9875187612368785,8.738675304800896,8.4447041178171,9.865158288156898,5.659816713230118,5.659962689777269
109,6.792597093389482,6.694484000692615,4.229359391497469,7.880990656323265,8.47120719695668,9.459131387566682,6.37068533650229,5.866954745008934
110,6.985957549983847,7.386669108908686,3.906856903773359,8.714318259423706,7.90501352041641,9.168952445222043,5.380282814400035,5.436632396791723
111,7.068868393780217,6.947112356301139,4.752512160019241,7.612998875074064,9.029091599829709,10.042567349010803,6.508384665652093,5.779185727821177
112,6.996776765254798,7.413511414556818,4.352325302181571,8.453730539610548,8.908510282697495,9.819507346593792,6.2046365213916,5.671072293147863
113,6.804635020273889,6.670076514763239,4.40333388293982,6.957853882959636,7.595513057340395,9.57254344337661,4.967388493514285,5.507050656872852
114,7.241117125290731,7.379567320433443,4.17560968077736,7.432856450414437,8.847157127064412,9.78247416938134,5.7605994827348175,5.720736836922767
115,6.663585018201928,6.702614173958425,4.361223647869342,8.066926260358183,7.248283852471154,9.625498647761413,5.0797107368945795,5.679384961976156
116,6.524370247080494,6.768920294437626,3.997707903042042,7.072274725001234,7.227423630206183,10.673950891186587,5.430032155960625,5.836759947496913
117,6.916741117945342,6.892238142775692,4.365521241370118,8.126648044845469,7.634037737600043,8.827288592967603,5.236779009756446,5.3546567285738496
118,6.412204937536648,7.536236946577162,4.238688780159614,8.25137142786593,7.394242535275803,9.217878372316488,5.676031876398822,5.695136507063935
119,7.2265626408751595,6.5157998286697545,4.781463062922102,7.296813471548194,7.64866635007256,9.383925332283905,4.8449871571409355,5.688221856933161
120,6.539936451672604,6.827881290623692,3.9426768370199228,7.220047660646395,6.870432489015609,8.839727646822219,4.7619191242942325,5.09045687668067
121,6.8534826284667965,6.759310496153255,4.245243166695903,7.737586195874395,8.488786539205393,9.871314907347218,5.576029937623856,5.988420350265298
122,7.464709504766327,6.634487654721737,4.542367987992968,7.0005358212588815,7.170508720916835,9.405557355787735,5.315125272363827,4.745126484821297
123,6.253047589346353,7.073304442447631,4.0549409703046,7.382760020841334,7.038216641874088,8.738310350013943,5.195331989523815,6.205838020617888
124,6.917267179243133,6.971035296393537,3.7231357552682414,7.110570347935238,7.009641146333061,9.039212519295269,5.216754101209746,5.150806636756746
125,6.136248596573298,6.970658714670409,4.560881214489382,6.876527941095578,7.478580204404589,9.130584905983362,4.828942599309383,5.136661972606772
126,6.267194907136953,7.0007903656997374,4.287139607045563,7.842257007488904,6.790847570616878,10.110612999623317,4.718149827897968,5.325140832140589
127,6.664609366277318,6.746105256175293,3.9998627605177335,7.060562890501592,7.49579147662727,8.375777660912272,5.027215399431742,4.675769239483772
128,5.942351950341985,6.829328766466574,4.00024281622478,7.283079664133628,6.120455184677827,8.585373262659484,5.1449089395280545,5.022838357479608
129,6.855373467796681,7.063217328661521,3.8812795500237476,6.727239377225541,7.96289799184374,9.025501937789361,5.172972951639583,5.116028441711708
130,5.8280766868045735,7.067815301809332,3.7528650666966805,6.859319052025848,6.723560124404803,9.015589582859706,4.801976508366799,5.015182475370912
131,6.7339120042706275,6.556185124987392,4.098253095755827,7.49295856695284,6.271775208322486,8.858655272371145,5.096377835031263,4.856381316265988
132,6.003297447435184,7.279371654164819,3.8608281548084653,7.391025978590162,5.983824564312294,8.036019423440948,5.260442772765966,4.807165410091028
133,6.1469095409625805,6.632152340208366,3.8884055355394493,6.812099215151266,7.484764481975471,9.785960478478337,5.036220589362227,5.07983540977227
134,5.683204930280855,6.313449211873044,4.045348159952635,7.567822682680254,6.143651470531275,8.98754095958746,5.0332020817568255,4.997781831491036
135,6.233320819310083,6.767377112867282,3.8127463742376744,6.54783377478767,6.48057795847564,8.442160284478446,4.867774851102461,5.054598477555333
136,5.913450550682528,7.0637860518787035,4.042415464389141,6.992902258735031,6.380396830909529,8.371355153890208,5.475440603121849,5.146423248305256
137,5.8058965832679945,6.246523446114618,3.9734114793819355,6.884639215210866,5.762808546690245,8.590201111667168,4.768288798978657,4.611009743348225
138,6.276249021157281,6.819434691707159,4.121560157604359,6.876171557861245,6.055112390716127,8.463041420980993,5.473363594988491,4.854527990399728
139,5.953145371146637,6.349336557602512,3.7933920061706496,7.418481876377173,6.13028920909929,8.532586256427512,4.521247391507276,4.974252377112274
140,6.323844974765267,6.770602960254506,3.827378832853536,7.019680473528106,6.525044565180333,8.703219537677784,5.0356568638975645,4.641576634388998
141,5.436252292537039,6.501600664755614,4.4023878312079106,7.074042002432161,5.788964300379489,7.972326587572032,4.655425065584157,5.076844338241847
142,6.208251341275608,6.421390247918403,3.677624759696784,6.6526603449161525,5.879328472544285,8.9125075429905,4.796003253358107,4.9952846788033325
143,5.751210412885402,7.050107230084472,3.8020428729815285,7.440069595754902,6.086436704691727,7.959822719625707,4.6496047832960254,4.638328317532406
144,6.2352698765635814,5.993126866512402,3.6734188170427786,7.3077989117155395,5.897261803809276,9.015871418557262,4.6503579946003955,4.681151599488906
145,5.32351600789353,6.947197888100453,3.872928350866147,6.175478123845589,6.066260627683435,7.730235884283688,5.164640430813804,4.768444390565098
146,6.200586705140339,6.738902139382984,3.9950310184014746,7.110312947718412,5.955879196707712,8.583652066533364,4.692914809640918,4.576506455703142
147,5.272285512828836,6.111776638607453,3.96918896903745,6.38417787092309,6.204813366867561,7.960371606591422,4.606279901364405,4.803411255748655
148,5.605974798320178,6.577698709514481,3.87673028673363,6.416846032249522,6.144912364598085,8.107999598673477,5.078070770342013,4.826692285443365
149,5.667740756110711,6.778895498648012,3.7627426292877626,6.557709031211397,5.865013541995238,8.149464025878066,4.828157605910379,4.539364973135502
150,5.6096317897647,5.8965641076614865,3.3809831113038817,7.021352406248671,6.725916435492393,8.065801264257699,5.26024946288079,5.187404797860987
151,5.306643481192578,6.814434636356354,4.1687182926246305,6.4566875531654935,5.524009214122707,8.38591903275963,4.427155825119739,4.341901492001317
152,5.90438830898867,6.706248585975138,3.8224014864057745,7.082346339604399,5.795019527098928,8.460981504470857,4.3403495508871455,4.04104674616595
153,5.353733268618895,5.719113375413919,3.6710857442394986,6.168392820640289,6.184940461522688,8.206130313344975,4.971848832753883,4.809623419009258
154,5.592358253450133,6.1154566119605995,3.890266304793058,6.9259557028781575,5.96941670393764,7.898347804790515,4.739032346745635,4.539020297193882
155,5.367559565738433,6.2755564920938625,3.8251610766257174,6.187270725999752,5.502341523846835,8.436369413328212,4.588690743053966,4.529484724602505
156,5.849658333550314,6.428398626210761,3.77694625335503,6.900151208719933,5.366461666700621,7.871946566496341,4.404394491216487,4.406476043628145
157,5.376470415963468,6.090456047542571,3.6902611543897685,6.112093491241617,6.429573400146148,8.272805928176513,4.699460109948659,4.677785061031446
158,5.25838940279984,6.63245126443958,3.5980058745493997,6.722467535740992,5.675504711824311,8.523956076657235,4.585414339943549,4.2207238929781585
159,5.465252975782045,5.681114447151313,4.034441235898722,6.250600206781016,5.8847263507228025,7.779461780423298,4.4097234129415215,4.574020511358532
160,5.4700686450446865,6.225552859482193,3.845142317231344,6.4141848481028125,6.229221507410174,8.181335898971613,4.391880289841944,4.524105079724884
161,5.77566097246209,5.907249750761217,3.854148720573806,6.294604688532119,5.038503807026298,8.219116481803349,4.820625285686763,4.417087120118353
162,5.092834751081944,6.230054685531334,3.6557125452546937,6.883574826293288,5.894902382964063,7.615550224432356,4.5416002629075996,4.148967765253855
163,5.772553346416322,6.268233856857098,3.9006197905662336,6.305165745278478,5.520889233208282,8.354201514608441,4.526772119830865,4.562336940088388
164,5.555003927238014,5.860390709422158,3.589358357096658,6.401695054246188,5.142014550696522,7.817330336083819,4.673994450573219,4.315666391656533
165,5.224127242871838,6.289412118569749,4.00951614216977,6.345878932311724,5.6821982458725016,8.374427181188167,4.30501275522361,4.095818403229836
166,5.642805910456802,6.638464627893007,3.585874385004203,6.1405207810270515,5.990297817375294,7.624309933186471,4.8012716487477265,4.202693619453085
167,4.981042901346025,5.618833193885912,3.6891028235595344,6.578196144007707,5.244393399234234,8.572637709100675,4.3165164289890265,4.267418463487499
168,5.112499270159154,6.128083047729817,3.7848347474616775,6.517809693973206,5.5492986127586175,7.955159031228144,4.6399857411787915,4.12004840778285
169,5.370481384456753,6.157714274077417,3.8810169637434586,6.196314886527426,5.3397108602057965,8.204560980952811,4.297737356152847,4.71291015850992
170,4.942930163689916,5.817089022601858,3.9322355730833203,6.789349453315842,5.120434407797802,7.579636937963904,4.68390118345406,4.057949242975776
171,5.192195130053522,5.956017607543404,3.839227190056777,5.9739787343507915,5.705575540334991,8.208200044697165,4.3707312127858655,4.483771585385259
172,5.0476622632118096,5.762101168635108,3.575862589040475,6.10460507329805,5.1957106830588975,7.490220864143352,4.606728173989502,4.57362406034635
173,5.312980263952071,6.008191098925021,3.7645063454085346,6.662369491122673,6.117403393468962,8.275449679233208,4.842849328695487,4.3815729285015514
174,5.38539120192222,5.457845761937939,3.5494716185691724,6.139763315711714,5.316165122902862,7.990839115997953,4.904103616922201,4.305219086236327
175,5.248097001737838,6.311907060100348,3.854468034773491,6.140978528461033,4.970588632544478,8.255248475010902,3.947074130297073,4.5371820384047465
176,5.229809323608427,5.8555576141615555,3.560286235527782,5.549403277755693,5.004714982028284,8.580897765175305,4.705548966614172,4.193405857080731
177,5.05868264711681,5.704663903237273,3.915748162496132,6.930952286666098,5.566964707736635,7.213987451321383,4.404511449667213,4.143095646917599
178,5.23141618255815,5.533070823628346,3.610816229706027,6.3132199193826795,5.119597351135528,8.339514328301,4.825953435245497,4.136768643281448
179,5.151841304495302,6.192583586275825,3.660474323349864,5.6134908264847345,5.184235701071271,7.21500268041111,4.134901131050784,4.604044457773857
180,5.008692836375129,6.246711007724126,4.082181239514219,5.792558691151509,5.2773839758050896,7.870595773775261,4.299577222898722,4.64011162552251
181,5.282625373539293,5.8330643866540575,4.029973033005877,5.8643034211346805,5.1787643281676825,7.281605066439285,3.9745763172326933,4.349793530695054
182,5.001214650810875,5.947020106957439,3.589469195791838,6.628054333435512,5.178265420595674,7.510578632359177,4.031941021961619,3.9302746481870012
183,5.17470486397773,5.5927322979706835,3.781258959119601,5.614705494338747,5.550179105165216,7.441657814376683,4.257043309368307,4.42514566904191
184,4.945526876759048,6.110533325940221,3.7755269433291865,5.614482832994268,5.010483000860564,6.86378387523906,4.004972870234041,3.9281946895339375
185,5.388096994327549,5.514505929571288,3.845544188553973,6.132118724403465,5.50844133850264,7.81320025478592,5.015481805830372,4.4169372547373245
186,5.274026356602571,5.831695921536987,3.373088303516007,6.044653562558924,5.0867105813172495,7.723716773415893,4.173076866065829,4.462394240344372
187,5.580800745236083,5.506592427266886,3.85019366868871,5.7694118330434305,5.328524071008561,7.412286510611538,4.0840978561678325,4.208624271628454
188,5.222884149145655,6.2208587677891,3.9210188199932774,5.499718867276222,5.249475911942111,7.5883748922653025,4.356956276438582,4.016873638086833
189,4.985508656164838,5.555114111270157,3.999706462685126,6.175969416884848,5.247144141928099,7.230315853872782,4.330354699291284,4.349091273145711
190,5.114145212062838,5.460623113516624,3.517413029414108,5.854869101428943,4.79391128197295,7.524470924950726,4.421693844449547,4.473980570093157
191,5.306526305438051,6.020595412862283,4.054908906493875,6.007539953461458,5.3343087299514185,7.6660304721542465,4.414002051177466,4.3583423264555545
192,5.122208532160281,5.455278577597177,3.7330463260753524,6.016831460547925,5.180349710174395,7.324112741588623,4.592829821315111,4.086556508380593
193,5.158078082697364,5.938918719637394,3.7488830922625764,5.429843705790856,5.144768030520354,7.9211600799218935,4.102041067009697,4.464147160558153
194,5.064701270399052,5.372763249998536,3.611885006839115,5.728265235757268,5.355571939949896,8.831578360758447,4.055388420942065,4.286386795996668
195,4.925161055293011,5.538422758986743,3.6576419463474057,6.110435696222857,4.830403413913743,6.513726714511163,3.9823686577097557,4.30986480606419
196,5.171936510833554,5.634908541281024,3.7445384260981873,5.448121476480592,5.280283595683275,6.797233564278273,4.571040222221059,4.402290581656153
197,5.106853524667406,5.474173148913975,3.8745522502346095,6.11759301049754,5.1821724107821705,7.158517159374855,3.965622122071021,4.2851261324625325
198,5.21041823399034,5.566682779566736,3.528929508556797,6.175908291481459,4.926071897650702,6.895216170087337,4.100096193221613,4.339120878420465
199,5.193075565597169,5.381771419268364,3.648390391965246,5.624099139028572,5.136208171440254,6.805961331166683,4.2777969072166755,3.911039366225639
200,4.953203883837114,5.767589133048479,3.564913085373184,6.26348558866437,5.6570917408756305,7.268703529025154,4.52223486790533,3.8669902132994483
201,5.462730283705175,5.74329052619254,3.8210120813861352,5.584173937937612,4.92386690597469,6.698865248338548,4.011241610444494,4.32111088293911
202,5.3610908580568495,5.66333140097288,3.5571011450186463,5.8146273344698045,4.527593777059548,6.512483743940467,4.104746491990741,4.248906029644284
203,5.196044244056779,5.917548233399448,4.217483623115541,5.536005841633842,5.811459263070877,7.397067477999394,4.240338825836118,4.08066143821829
204,5.149660671256123,5.780613338061456,3.7020031499947814,5.967415704439873,5.314930285449007,6.986986653771452,4.0967643254775385,3.688083859097356
205,5.073930793369293,5.893236339758387,3.8747789380412123,5.830961977201539,4.607037165834244,6.85061278780761,4.185331952323541,4.6204235195185825
206,5.094322290449237,5.365897803819558,3.5698907127397153,6.169204974998292,5.65225324199816,6.8283781940733075,4.074344875904195,3.7638570968483096
207,5.112313467618287,5.676684167684431,3.91481723942026,5.576363141485694,4.358157825666194,6.960851281238701,3.879460178488443,4.3184886286669215
208,5.346515046734031,5.633702136109381,3.768712533112719,5.899317103421061,4.470133813187386,6.484559569050956,4.152286228895992,3.9068406685722583
209,4.681887064926242,5.5390522836105225,3.754698664487629,5.6516177133482035,5.004754417577801,7.307588164425754,4.090088262423083,4.188346026702782
210,5.241018284473682,5.537853887457794,3.55472663359788,5.6503920589827805,4.947754882867411,6.677983831729219,4.264112662109993,4.119976556512057
211,4.9550098330635555,5.557905606612523,3.7758776599126267,5.978411799928637,4.843041682409769,6.984802637374708,3.920158750411279,4.006716186550732
212,4.97499672305783,5.613618353836422,3.5915398826698692,5.603892761656162,4.521383632635783,6.972906819804784,4.500067225015609,3.9241505721591126
213,4.919829147890839,5.799373831651362,3.7636936593999093,5.9836584800257855,4.898086206151533,6.613480096079929,3.935085128561353,3.9200699312217693
214,5.243135954801287,6.093615823295539,3.5551130722101565,5.369191467241819,4.913184334347216,6.770097506437569,4.365414294922861,3.8332362690190442
215,5.3264905679339964,5.576555288175601,3.7736473776233903,5.917224476035817,4.405063439867347,6.643046388854185,4.147119482763461,4.040184217246569
216,5.26977839960288,5.309467314693606,3.5403622661371967,5.928098379764736,4.558625228862075,6.962616613828716,4.398788923973025,3.7050310136467797
217,4.939332999965728,5.814717129616105,4.079927808089791,5.2537131247731494,4.43838743927185,6.762068283552069,3.767630050555767,4.509145615737252
218,5.013746215388934,5.828223868544102,3.868576273548547,5.499692754682482,4.3600397531211,6.694867019887137,4.1194936287600346,4.195987356991787
219,5.129563122841762,5.464995112859105,3.9238465286780824,5.56291329115192,5.093517268271559,7.110054337858811,4.095781522486899,4.177417083493269
220,5.100685723560469,5.729114915192284,3.498528960302629,5.311878838878527,4.703951330837314,7.325156997008607,4.178671987119797,3.8881132711700492
221,5.075125153975911,5.199132103275883,3.9423414509540646,5.886600886547362,4.1084556077353485,6.381129353913726,4.213133102843825,4.078125758426585
222,4.71064239417075,5.844869975438272,3.6996216042715773,5.138279154487954,4.833495044208047,6.3269291306660875,3.8423452762492376,3.896445602279013
223,5.145319609474551,5.614936925299141,4.103519479220225,5.647638770946602,4.337415709966525,6.953590489797872,4.291814015494769,4.1409729274685265
224,5.437282321910402,5.875744151122249,3.643308216814593,5.67513171333577,4.434544294563007,6.765706359034241,3.8366568146863265,4.075558313765955
225,4.86302145310814,5.026818685099551,3.9254576012728895,5.489158063760309,4.878770543350659,6.716202984608643,4.2478025692303385,4.179182218658851
226,5.179615332970887,5.625096830889572,3.9307533105600654,5.821782281046369,4.140837139916813,6.9937171031666185,3.9355628365406683,4.194038948890485
227,4.958730577015962,5.0230919190859655,3.958227221544135,5.543380657690845,4.641433469891097,6.62989661634917,3.9970747655596695,4.27010000695215
228,5.152627489867743,5.672106230132438,3.7275743842804085,5.211726108403226,4.387008480749715,6.670703858040205,3.876723197185779,4.104207516143709
229,4.558768804894797,5.216810126645121,3.880635052973998,5.895541406390338,4.998652230849136,7.028530015288166,4.006000368024695,3.988833068475995
230,5.1399152030214,5.605961601975375,3.457178530591362,5.476652640372334,4.647083379285419,6.5187480502794894,3.987543212018326,4.244827983942013
231,4.7383871000211295,5.370696123932896,3.8418161425226334,5.540175550906922,4.30783817996261,7.269154147797638,3.7741123146761058,3.8095868308772856
232,5.002953283733292,5.707472819853562,3.556468210122549,5.208550649947661,4.908336074034535,6.416383782142537,4.159129184094556,3.7373665257121775
233,4.537228379359455,5.167777403296975,3.98943074905179,5.561690218998282,4.149878766906526,6.84135804932742,3.9275281690652117,3.7142857741058837
234,4.705913403388226,5.531970150453602,3.5366132001011774,5.036197904186244,4.648766587517343,6.800703326003142,4.556664801374542,3.927693277061476
235,5.063969525624812,5.00972266034116,3.810526975474595,5.738219165871011,4.1186202461438,6.676958517879882,3.5047325616680687,3.888292872627438
236,5.487515034897002,5.570918392046545,3.4023341436647545,5.301738671271944,4.537217215645327,7.068236277683257,3.9702115496624004,3.7036951685083537
237,4.553880321831744,5.032431789291214,3.807939448717444,5.4917094182625785,4.100711470876841,6.284468981936275,4.086020848173764,3.911133084878526
238,4.461116412211897,5.351381600295604,3.7224776612606405,5.360167643577928,4.1463116248637695,7.013898130567117,4.135327549814351,4.000429769142744
239,5.04059834827899,5.210828196709555,3.751815875905124,5.3911912764428385,4.662654955742607,6.1863739193189975,3.9626419285274546,3.994609512493563
240,4.651759246670812,5.044607664093359,3.5997217415247245,5.29214041111746,4.357780340332401,6.866137530862402,3.910015711848385,3.8678821677315636
241,4.783621999940283,5.3889030790455195,3.8722874819338875,5.792233891163195,4.542647070809791,6.431866378379586,3.7703867834639753,3.6989885450810327
242,4.432580211707998,5.2536659649305655,3.669923841747274,5.841838302588084,4.5471683382062436,6.9635297674508765,3.9572074595593865,4.137213662758222
243,4.978126436841054,5.448096058893581,3.9520114230623125,5.625519531981756,4.263206557471519,6.611484803875307,3.8701292627914143,4.248018613897043
244,4.921938463771646,5.782554546683177,3.56264540786738,5.274087412648338,4.205614809115895,6.7768025582697105,3.901456373882595,3.74863193221667
245,4.689995147206174,4.945274916576613,3.9415507651609283,5.689305705528928,4.475301218072417,6.338587189508991,4.0910525264424455,3.992807459718539
246,4.547159079826942,5.213936462749422,3.747491056205749,5.209569740817347,4.340681405306209,6.40205895960857,3.819843451065643,3.8429285741980332
247,5.088190630324417,5.8793977376110185,3.8746413497191745,5.605527135530808,3.9361692461632862,6.682193929426407,3.876120964554094,4.003222399288678
248,4.828910671492327,5.133881427567397,3.553755880634187,5.19254871967698,4.298137866926577,6.473857625006584,4.161612516864717,3.978185651089185
249,4.403773809332174,5.479346911999894,3.8159466280564027,5.768014843711839,3.958120193054877,6.609938853595708,3.878880367232618,4.066033446751956
250,4.892686504781578,4.858634003747257,3.691418926828699,5.336288531088278,4.2818855549442585,6.2404738773123904,3.7700784152041753,3.8244347950133224
251,4.3418362004191335,5.479990224772393,3.8737633702700256,5.320763953156695,4.086213868485516,6.580162628837523,3.933081560504823,3.998143515171703
252,4.798336086606476,5.595512632812927,3.6365465219548563,5.376698092080257,4.485388940025356,6.668920405913664,3.8412450209400246,3.84023616677013
253,4.415214571842494,5.391292541106007,3.998832086488488,5.39316892602782,4.222295833372163,6.236090038131387,4.047718979161355,3.908552131546955
254,4.292242153606036,5.301913338811504,3.7808756096826293,4.745407675405663,4.520336281418007,6.346985139248701,4.003471010962942,3.923957354948078
255,4.8450913517429095,5.448373023545278,3.760176702143167,6.169914043824186,4.160995629682187,6.735211924266878,3.705993532467755,3.730192999701967
256,4.660979903873674,5.241644380052151,3.694483530386124,5.460514721759047,4.224403008052698,6.836770357555274,4.0815328434581994,3.8405652770406973
257,4.501785299693981,4.8476126321866495,3.8885248378434953,5.259668050799449,4.317192317514055,6.306491441676886,3.8094505617859333,4.059618665681745
258,4.558997829680972,5.33633783319012,3.638345155657707,5.1063506449053895,4.17619834479828,6.7206008833050666,3.8029737975713265,3.703203318406069
259,4.48114702248057,4.800123744976749,3.915163554068191,5.0176480018464416,4.2940028774517796,6.466292559299903,3.7607978555763184,3.891302018480585
260,4.489740990808853,5.135247929837459,3.766632379174067,5.0239455467024765,4.435702062289702,6.1407186647716765,4.037933898935461,3.943441357766476
261,4.824456413918146,4.961404056701427,3.8281246499610755,5.1709050001943755,4.370048927709372,6.7465692405726,3.8446427332734965,3.8647382358783555
262,4.468234836370749,5.395806889763562,3.5417568984002843,5.48030105653295,4.196842621983041,6.924407812902894,4.041985405309416,3.9605271115250895
263,4.692743834304318,5.212949873876149,4.001603120289701,5.033258067430056,4.466207453083205,5.870924600156261,3.85109430909065,3.9180176153342408
264,4.5413000737295075,5.5464087339878425,3.7084688590134975,4.88043911267015,4.19168444756713,6.211002598609638,4.038195539077136,3.867923688460622
265,4.733406441627361,4.611819498300626,3.9055685429929516,5.470842720337387,4.191673125077356,6.506785868944201,3.7079033708706897,3.941383242150975
266,4.609657513017104,5.126750074804576,3.645110909610734,5.437937047612906,4.138986680536344,6.302842972037764,4.073117540062902,3.821047516109132
267,4.566567933143527,5.088532918076309,3.600252863319834,5.049770905979299,4.558547780090064,6.47484031060689,3.8178346625543176,3.8261485805188613
268,4.4266264322884785,5.323556753483935,3.631239366189094,4.780815651849461,4.3688671423066685,6.398923070993295,3.845735510916093,3.9210220143431633
269,4.730775321790265,5.114010844863353,3.7901467191915104,5.52326629524435,3.90010117138494,6.324481506249181,3.8096772192513035,3.833552862623757
270,4.589476346738288,5.080007507175609,3.5790405841454382,4.95603536153603,4.4113044065765035,6.2420666435233105,4.171163389061288,3.9054322468076155
271,4.197630453560944,5.044212935108756,4.070931887685746,5.272725608687045,3.9741835821663387,6.31238570249049,3.9268902021093255,3.9904186746854045
272,4.339691852025885,4.848876123661937,3.6739026716664145,5.4142307182393745,4.194105376838524,6.322549361655478,3.940296461685972,3.8839159316507343
273,4.9096887069255475,5.158400729632604,3.942210781090393,4.93483105184174,4.2094664222592835,6.376321940368699,3.9408616065754427,4.249677554723295
274,4.672916248836806,5.452203019701982,3.5638438508902164,4.64081821780609,4.135705321547117,6.345949944972294,4.065571199193351,3.9874145179158442
275,4.750294969967544,5.082791567481427,3.881956788882929,5.216149783698502,4.439510312961586,6.703069117058186,3.8022314133258104,3.709544291945253
276,4.350354483595122,5.099337418470953,3.748389645016745,4.989546319305225,4.12944348307873,6.265922932954394,4.122942309544395,3.8981563080645865
277,4.297147436257495,5.083911544644258,3.859952601071109,4.8491015982202335,3.8486532093154273,6.428812414505123,3.6616731569318195,3.9556933825721017
278,4.271450841380285,5.384913803926583,3.734519634245376,4.8701459610033115,4.160784925529923,6.487606558377408,4.05227042061392,3.863546695830342
279,4.759163952747075,4.84470342009648,3.585670863563003,5.16591921782605,4.126551363605025,6.417612752034384,3.4484377908011554,3.9553554181609796
280,4.443055073979968,5.226561759434967,3.533865421100987,5.166466248800202,4.317451570455276,6.467517247878104,3.9069800269790456,3.5760989715966134
281,4.574909883153088,5.01914699095253,3.8074976152714455,5.032595335411129,4.091232419954853,6.435772383221925,3.7475384013340274,3.94750430785584
282,4.625842166090939,4.898746407537859,3.561089332198315,5.051751835640843,4.088738099374544,6.702208450074049,3.8752921111009933,3.853354822966692
283,4.414256002201362,4.883880084475289,3.8689016763192887,5.18757607389658,4.185227990551939,5.913280624666678,3.829866303454656,3.9207250510836973
284,4.424064855377,5.331650609861961,3.827533427187758,4.936394984997092,4.139995568222726,6.834771261795638,4.063294893133876,3.5763460496571366
285,4.444048006645172,4.620221820979481,3.832763609246051,4.964559466271747,4.026100172449593,5.9183122082752755,3.7066796904281847,4.0008537880969355
286,4.157610072506021,4.8525890585951705,3.545196578242478,5.03672749568198,4.371785424598197,6.091528818934863,3.7637446416242226,3.8650399356568026
287,4.526726598031282,5.190401202939411,3.7336421706492064,5.217427622406176,4.147335691287624,6.184317574933695,3.745174409406639,4.007740316604308
288,4.469571123885491,5.210132082280173,3.700217021052118,5.024140635847233,4.13139887360032,6.34270741584443,4.038940717443489,3.9844768670139623
289,4.386311111247776,4.7657222699550585,3.861308776746583,5.09092712889031,4.248453946138388,6.456974773170008,3.9498968233973955,3.9494230783284885
290,4.487808914424325,5.067439045856412,3.8755990075495053,4.490346045337214,4.382763906053852,6.484423731507001,3.8377788425562094,3.7239722924049046
291,4.519545481962379,4.989998614003198,3.990620445821291,5.32626635924631,4.117999045270163,5.893650104967302,3.760964800657543,3.9648416959921975
292,4.3395342856603705,4.85399076667457,3.5688898211190305,4.90691070733872,4.298269925347308,5.991282954749098,4.2572777344095805,3.9853133280607493
293,4.426312287035313,5.311245222702631,3.9139185277819806,5.3170699760399955,4.339281210713293,6.43111304898275,3.8842937849054624,4.00142835936363
294,3.9399740675767148,4.858042105379876,3.5886391961903303,4.906527211931664,4.460411383415514,6.471762051406794,3.7468758315582344,3.8515776357620646
295,5.023936361695937,4.863256175868608,3.7960368480397584,4.96229957284091,4.313380749109672,6.064907270060943,3.5940084221540127,3.832130208256286
296,4.482872666633855,5.16688141429882,3.82984928155683,4.854754664622065,4.262555845183447,6.0804168097208695,4.133125843131641,3.842537027353208
297,4.110188229382654,4.872926963101396,3.7258812579174982,4.880941851272153,4.102962996914145,6.352825005780065,3.733430629047537,3.973319163219891
298,4.490719252326502,5.020585093205302,3.558421400657106,4.808952495192098,4.1230284029157085,6.117944341200885,3.858701786766041,3.82921076574618
299,4.315710749703257,4.911598493076215,3.852898823621283,5.110443257875069,4.229846420715115,6.698172321090913,3.7481833963612496,3.829152488878903
300,4.194289260758164,5.70529493480387,3.864271037642053,4.962566714160753,4.140717479640429,5.554235776772952,4.084278704285075,3.8733326872893685
301,4.225925145131464,4.5120094572264975,3.840277077210364,5.044049851505257,4.139440662432063,6.589635831290592,3.7377548140670047,3.9765318246609853
302,4.222260683853262,4.942563122840577,4.0245009084039385,4.797484479346364,4.299042293482093,5.9215478410014075,3.723243940841597,3.740050942679023
303,4.2469736823053195,4.821502438884148,3.823554657183036,5.182193960483222,4.10913130773981,6.440544941000602,3.88463183314774,3.9416056775821535
304,4.2713581597875026,4.663729709612718,3.584944759712038,4.858608835367142,3.897299019072636,5.759133601651288,3.8650104810544175,3.7082949147850606
305,4.511482057070779,4.735891152459043,3.8899939284117777,5.1515790590933,4.485319090120184,6.3062416780836585,3.5263890573874406,3.659476734306443
306,4.190295859027027,5.113872638637503,3.76741398057155,5.333700780869817,4.016484886201023,5.792814549097686,3.848501908243298,3.6607319515001757
307,4.188683006048136,4.997946728032952,3.838465434223708,4.805321002577285,4.233557044698304,6.275236670676094,3.721946726425206,4.017920560406034
308,4.202380210199711,5.093806715789431,3.6227959159727754,4.664474471928445,4.037680171649262,6.1364947831599,3.715469087128247,3.9824150387536275
309,4.158728655455465,4.965074967770145,3.8643619873584765,5.146332235002381,4.062807677089029,6.135044608855421,3.946356429537166,3.971093899990812
310,4.38278564885112,4.980806080109096,3.5940092993102715,4.896249682315177,4.258260005676664,6.038427366871673,3.5593988878512777,3.766883953438326
311,4.323586646676956,4.623869579725003,3.779555415907755,4.57746879687878,4.070584348037589,6.20636528942483,3.8100680630353128,3.834948854847622
312,4.1723613165385895,5.250900793476948,3.602072538167647,5.066782590176476,4.0033090698386165,5.663591495663536,4.153678769549951,3.9196549590447174
313,4.792966530709647,4.457809504661134,3.825698590679059,4.830958072939613,4.596508403265243,6.325416165084936,3.7345698398845735,3.7745089666767537
314,4.233207948609767,4.614116412876336,3.6056187324616924,4.892625504376006,4.386905727344116,6.135698033839801,3.68752834513065,3.9736302280124884
315,4.137367072645141,4.970982960308196,3.6307690996229716,4.872938749618299,4.3270168616344,5.715982758753836,3.7155602786477444,3.832373057472555
316,3.7507109149685673,4.8224943361583845,3.7326774560231644,4.8333853017995425,4.0225640828111695,5.803435759282383,4.094354894283544,4.026565879163924
317,4.522905057759849,4.83323032933802,4.098232174551538,5.16271015543424,3.9076793021932863,6.383359974466562,3.81424751053312,3.9710113885239813
318,4.239684426246023,4.834021498681867,3.52556931877214,4.987520090972823,4.03325937949546,5.9768801541426395,3.6740381956218435,3.7086920754781105
319,4.38041827276915,4.666041697551645,4.028507697821312,5.192875722837166,4.193985690818042,5.889202832935969,3.8108563671199684,3.922446207136946
320,4.0878897199449575,5.203372593891381,3.4262523268488834,4.793821247352242,4.131269646220698,5.833817042965903,3.6565341970603153,3.6724775436723816
321,4.499094039350266,4.4939322419854255,3.9292798805298763,4.705522461869831,3.950858589059427,6.266271165677873,3.6212324976638532,4.052823515004324
322,3.7085720583958155,4.771842786390037,3.3670372525673895,4.831959936767658,4.266452821166638,5.694710048251418,3.696107710899968,3.776850018697636
323,4.460544622364984,4.545710613853661,3.6660277811000737,5.01630973260248,3.8752013875657556,6.264476496921914,3.5981503343471704,3.8289085816267368
324,3.9762016386600854,5.1797400404249885,3.579696781808088,4.99409223515712,4.28081833894577,5.723055323521754,3.84543676272338,3.6182285315809537
325,4.29602442535963,4.410972317893472,3.872129130743449,4.807678070573709,4.295016083941332,6.397785938556009,3.5815877714096627,3.953707801502134
326,4.162075958680376,5.214657509054648,3.9661002240844985,4.860086602347909,4.052214158775247,6.490242974945843,3.568846716244533,4.002334479535254
327,4.5022427866973045,4.669554059042835,3.80974739744735,5.247007118891525,4.108418102749384,5.305640173392642,3.609788678503586,4.1351672728484505
328,4.143378874441488,4.398217705020503,3.6466988998525696,4.510148564287938,4.173326155336929,5.731864355988903,3.9374623787426515,3.8969808994846913
329,4.186780095670158,4.920642683855825,3.8828263679413637,5.09906425686834,4.010627497942044,5.70632410667314,3.9517814936687685,3.6101552395073324
330,4.29935024358658,4.307868798367653,3.7095524916165314,5.126259701358469,4.1350308037462105,5.882345863796794,3.6759467235160868,3.9359263182816435
331,4.115858516620585,4.811176317012335,3.7887401837745918,4.79601383355535,4.060793503910216,5.680911835697535,3.7381809619239745,3.9087264313508485
332,4.3623682080723505,5.089014830567716,3.76969623990136,4.47915541338031,3.8604290910911576,5.382186924831353,3.6662492371855206,3.7532724505607065
333,4.1189974064413155,4.295909370386719,3.8851994206934495,4.836794054033761,4.306827276446643,6.416041711431654,3.7900777327886495,3.857732539764816
334,4.535604839769077,4.605227093375468,3.549863256417187,4.835573961806265,3.923467107973028,5.7826444949730895,3.919156969214896,4.029371217433943
335,3.9545465758472504,4.63096718787065,3.6470142002044086,5.09068416970617,3.8453051181915363,5.764134632593323,3.665796296386174,3.9036065829759172
336,4.327488366684353,4.617906390321351,3.6276368266780774,4.598231662243722,4.112006916808519,5.512198711181576,3.6944432858338114,3.601676483650553
337,4.137020925856835,4.766932085902258,3.792691844138888,5.107321472325489,4.000278173929275,6.059082977557265,3.6939225958796515,3.8953314799948653
338,4.016188510919195,4.782411981531122,3.5887009525135705,4.5991260174958315,3.8284090790008674,6.107107789887236,3.5393102270783543,3.77930410106119
339,4.2638162639213695,4.413952901294933,3.966788564149704,4.548716417824374,4.013678302957864,5.538594737468209,3.922241297500375,3.7605089392441595
340,4.038771185721235,4.833030454245707,3.5943056091582792,4.498452363394531,4.2172312951490465,5.74094472898334,3.802037062237804,3.871361401010891
341,4.352134906210766,4.2383259098567265,3.9410459530328272,5.07390111640606,4.490697307678575,5.86389323272101,3.5429209048445736,3.884750184490064
342,4.044754106285457,5.000211428265303,3.7562102997108693,4.804603039883574,4.095602943562621,5.69580868574722,3.664017587098071,3.9618770234619287
343,4.012438573219227,4.160043079349281,3.8150100572404955,4.881857029341027,3.9404546407740884,5.990998983669505,3.5539868490182087,3.9151399030849907
344,3.8271755350033247,4.91649298056319,3.662882242344321,4.96833612847655,4.446954334871586,5.837672003332501,3.8070667806864114,3.931133218682216
345,4.372062002035272,4.736299202235027,3.733648660668083,4.515301851000695,3.9544826938329827,5.515161077718328,3.5543605046605706,3.789474389414083
346,4.333798801616933,4.555640943325895,3.514730144152208,4.719713433786868,4.068229200788103,5.675518681266136,3.778824705125673,3.5773416854188698
347,4.176637632121336,4.71940219021009,3.8689293057078507,4.640233444377656,3.726647327257837,6.142698904753717,3.8685927203239565,3.8011675432721996
348,4.11212867651269,4.598773366897824,3.4171756565920193,4.734784669669947,4.45159412494969,5.168265534697267,3.747958079733698,3.784155143752446
349,4.232518785707862,4.411968348679247,3.8439055001576796,4.631648697930457,3.9303054440445075,5.998438358075179,3.712841353970718,3.8074625142871135
350,4.429975215702396,4.923737472034473,3.5920108160459594,4.843324841879501,3.905438865789136,5.171019294610373,3.669367379907981,3.7464017507644285
351,4.175488001924329,4.445261550221953,3.9121667636240445,4.681088231582018,3.9496192128881122,5.811542139442719,3.4784385116673664,3.8730078648360067
352,4.037486234749881,4.9762516175522125,3.9239353706154345,4.651023536000272,4.158006519671037,5.5632962879523635,3.7569182553296256,3.7343613187989746
353,4.101494104873979,4.058285651317869,3.969388389137786,4.503011435493518,3.73934022607922,5.857898267790498,3.6115051022779188,3.9325801792810395
354,3.9032001499802558,4.46233516429734,3.634456082031394,4.852898375001599,4.179719061479237,5.884227508885399,3.777676719414834,3.6070956497285733
355,4.12043378541878,4.488123913703649,3.853736688675042,4.863755756666116,4.061183620180713,5.495394239368333,3.7844642658266756,3.8452806617320014
356,3.6318607752006473,4.861589198388719,3.574919302426622,4.551284668609762,3.983033509884076,5.375364289366791,3.7162772681478176,3.7691298354886857
357,4.2266070215381255,4.23765773280403,3.801235863477842,5.184085707137531,3.752403666667599,6.142513032113683,3.6423154061839016,3.546675900551741
358,4.023739720673517,4.371985965345595,3.744597399591776,4.902825579887432,3.8558096257586265,5.6244497356708685,3.640707436312777,3.7880103156077585
359,3.971871500140171,4.744472027778346,3.678753501671501,4.723230483095013,3.7109232208203955,5.720903593659262,3.6802983814598997,3.7869312247018656
360,3.576790565544903,5.0067634451017415,3.736762331212179,4.9528143919471805,4.242317083643921,5.533351534891485,3.8475160029513584,3.954083445604479
361,4.205015822226157,4.595058635744758,3.7030995993928375,4.757020124115517,3.965735261066765,5.564261799130514,3.6106769093851243,3.9527522487902687
362,4.186862902989888,4.632283123095961,3.694969640455407,4.265815510235606,4.123588379245136,5.691703895335596,3.965034493332473,3.650210375739551
363,3.974636443664596,4.5672626611262075,3.6196061999181794,4.722522297014189,3.8987398553894352,5.721709789691392,3.5851047440938437,4.0940985862469095
364,3.97436317811778,4.863157431589582,3.840287971862101,4.834365226990994,4.083313475241796,5.620274724410477,3.976440735974484,3.891097401902472
365,4.135518862199027,4.227629723983047,3.828023912130743,4.545549663694907,3.671389594612927,5.421289307178181,3.557174668153403,4.103367552189871
366,3.662584931090831,4.936282789978254,3.4784706999727786,4.80936859944992,4.011454212186682,5.8365790153121155,3.7162732087225443,3.782378215774706
367,4.387995547480027,4.465602093564016,4.061668390966602,4.703238227774318,3.749200054527024,5.286874160541709,3.539286804399846,3.9847039279917964
368,4.058711738669099,4.943140031153822,3.505362904588552,4.403166941473772,3.7880823368926575,5.6790988534329925,3.805046815422825,3.7464856318699007
369,4.144546502232749,4.33965440935733,3.9411796990313546,4.828638606854376,4.137900441696294,5.546158726888544,3.7527097419984843,3.8240544169340698
370,3.7829051949019212,4.6799770720607645,3.6027591620236774,4.696366886496691,3.884948709045447,5.320722486515623,3.6896215423452805,3.803055089398503
371,4.234919664337794,4.218837954593033,3.800509256060591,4.899873780260591,3.691341514753765,5.8500313961108565,3.7293898112399146,3.879592613229061
372,3.534016172122391,4.854949198918156,3.510222459181312,4.7325901079784325,3.9350072126195923,5.491643602362197,3.8359388063150113,3.817644887043202
373,4.239630585013905,4.287768395986319,3.7443925601358985,4.400518187300578,3.5434915842659924,5.747649068427786,3.6488409794982637,3.8471545733926935
374,3.931339427866696,4.499558634184867,3.511718042697982,4.503593997802831,4.086179321760864,5.572556252391606,3.52651156241068,3.9244767585241367
375,4.126891920228447,4.32095470485996,4.043015070073445,4.812797158580981,4.187195049442805,5.76232064778366,3.71148548191315,3.934406260465963
376,3.7979211505571704,4.5931720694672045,3.5808180262621074,5.095473110295448,3.778346547243806,5.833664058733237,3.5532100289752546,3.7646933804008023
377,4.007352626168942,4.234309745520998,3.963904699794092,4.5326371329216775,3.849361894230329,5.612593419705712,3.6509754788826156,3.7989910435509198
378,3.8420225043582517,4.420848774383922,3.72629331463002,4.40408596925111,3.997765030382711,5.388019862407677,3.6694311331055127,3.9042175809787505
379,3.928570391690393,4.596087184626797,3.788168927556854,4.750297014193114,3.7237593426824303,5.718577457533068,3.5472310871867547,4.085025176716615
380,4.094491137467801,4.421108394390673,3.7504907314819675,4.221296995300987,3.954140691648257,5.520558809168159,3.7233291074989374,3.8334850133025307
381,3.811215882225467,4.526711553228635,3.8958265929353253,4.874261532354595,3.9414750702882904,5.742056270439835,3.6265962237134386,3.8949862886314777
382,3.9003518124040606,4.776919401695917,3.653010311507477,4.215762222160447,3.9383318841416743,5.454903481415111,3.7483852724301974,3.610696965563089
383,4.109432094048487,4.393471602357331,3.778858958742881,5.064676365518647,3.5001512217532573,5.725054597601356,3.6105161335034834,3.88560638204879
384,4.125882467161488,4.985247099290825,3.4394139442974425,4.349098568866937,3.983271866190554,5.370792701132893,3.8981982227925314,3.8154415683564626
385,4.050985160439253,4.284938883292159,3.7236493195748825,4.659680967648828,4.157036333566931,5.838339075205841,3.7688135936902913,3.8831914571281203
386,4.0478913214839345,4.028658973970801,3.7928432630745914,4.407736664773655,3.9948734328844924,5.9040348905645885,3.692683337468006,3.525151849826197
387,4.079019542687979,4.617159033131286,3.856817488529264,4.410552693116623,3.9185618125466335,5.230674346277253,3.5465966782804164,3.808679751912852
388,4.168531746389119,4.828606742658251,3.6489680742018598,4.999126601930019,3.5811578685799987,5.160262154828028,3.535183146602813,3.8126264514544896
389,3.8544760506188784,3.9709639006556356,3.669588918741583,4.087158333726015,3.8375877829290053,6.116976536477026,3.576512079294725,4.1056736279637
390,3.8608770431939443,4.616955567467534,3.730668687931103,4.583648714182134,4.210857979454463,5.253258621797046,3.536458972021382,4.0987438624716255
391,4.018816072136637,3.905272978936351,3.775510682448681,4.957986656968856,3.9524273390484965,5.595709127411103,3.627989351015565,3.766701541541958
392,3.9365559985480654,4.414327659678638,3.645113612272401,4.639424332492739,3.893124223564087,5.610913068472468,3.5422831760567846,3.6225206605107445
393,4.059616678154753,4.067440784062949,3.901402824412664,4.418508460401362,4.042472480161623,5.595178577496018,3.5819892426472504,3.9308674101081365
394,4.03430271366128,4.749963489033136,3.74098714499506,4.871212918583092,4.045980318152845,5.372318911768042,3.6850684425182,3.7896838777288484
395,4.018465467841963,4.03160223189874,3.8308442831930614,4.170874219167834,3.7153036941875017,5.470809968093673,3.695075552642599,3.6878411443847674
396,3.85559605566272,4.170628309075587,3.702341976543124,4.5838996966380385,3.8625941173180744,5.717314821803714,3.525563056390679,3.978463382177449
397,4.067909576992135,4.333924741987464,3.9823617580813533,4.638140966036462,4.011717565142022,5.626687772749819,3.6243306017678423,3.9203761677654945
398,3.9388775809140784,4.304116853685152,3.5577265857464933,4.419926613790864,3.8995484344397253,5.518051133299229,3.654476830281151,3.7421964482265517
399,3.8151588227891295,4.382794674256534,3.5556901800552985,4.646492805037973,3.631851076827931,5.75297700905181,3.8504947813626527,3.9997234132552415
400,3.891017781692988,4.109692967787284,3.763632767323554,4.3443589447985005,3.6432490147271794,5.432059495283494,3.600104406932339,3.91568830079797
401,3.8749031835255643,4.151553655484306,3.671218447028577,4.501209236200051,3.8003690154760306,5.510378618100017,3.6911227841391883,3.7817659886083104
402,3.805208321275311,4.10753996203473,3.6600263988010706,4.425080636715917,4.033289459880156,5.571486348279923,3.7407500724751124,3.8868832325780907
403,4.185610396719946,3.9731014875333726,3.729753125104727,4.607790672181324,3.696168727311743,5.642847994526588,3.4588084991249906,4.069482025383353
404,3.753014395872717,4.221389779380041,3.6824321249247776,4.4913608246907435,3.836738492961947,5.282381298134892,3.6312779625101044,3.848028003939256
405,3.995741159228909,4.216978429497264,3.556033943930266,4.550028187016791,3.6846421633453987,5.530674101817693,3.6425338895257484,3.8125344568495567
406,3.8272828972473376,4.465651256261091,3.6045936175710898,4.388101096159557,3.944733404879307,5.49944772756123,3.690375734471127,3.62984834540495
407,3.79013705130017,4.084770484536659,3.6788632560256422,4.291960475903824,3.644444093949596,5.440428091176999,3.7056136776446738,3.767221274924013
408,4.0673363526945385,4.43347247560038,3.460669622941549,4.104972993438197,3.8342153930149747,5.2934775015643964,3.7195617890451564,3.7376208565190288
409,3.8456409121862425,3.9056270365522736,3.737589043838212,4.71823052587427,3.861573031700899,5.631116296695568,3.6024847074067696,3.6343842205983217
410,3.9516777388080384,4.471201457087761,3.6035362097340347,4.66848882782349,3.8609886795806814,5.690552486169669,3.6161773348149486,3.7138222128866296
411,4.251559064867413,4.129868400229653,3.9003553791884515,4.131376348684336,3.864508361961874,5.237534548595939,3.690841093924775,3.9336193472415726
412,3.936720891255143,4.398860562461161,3.667871185460923,4.664678598712402,3.9737772698434686,5.342599248145295,3.759480698740354,3.8447701363076385
413,4.012864958940009,4.124713562636496,3.6943626189359446,4.465344706858668,4.1912062221691695,5.482193567537851,3.534289911697499,3.905886186595942
414,3.8574049528792678,4.199553979413077,3.550013995277445,4.266863239641462,3.9992287271111664,5.37847380938283,3.6918868215632474,3.5698925203368916
415,3.8865743352912347,4.107884342300257,3.6754507757776844,4.2767195140808685,3.740818009335079,5.602672119511267,3.4899854074153267,3.643963356926835
416,3.872998512468045,4.449662867576773,3.597756186257165,4.082371483206204,3.869148830739677,5.424038387494532,3.8481256452664336,3.993324609495375
417,4.104084156018602,4.170948188890364,3.6855424203760796,4.913485424295802,3.675603006098706,5.536096918159151,3.609237641151116,4.0121770389969855
418,4.188096112637318,4.336516587636623,3.446825679451882,4.177046055240406,4.0218143352247235,5.3191346594319615,3.7561402128317396,3.760301472647136
419,3.852853924612789,4.253490373166222,3.7278680356495952,4.433546598255862,3.606822154371841,5.784423388895354,3.658314123126414,3.9761505593581914
420,3.966601304350023,4.653622164650485,3.562599051975611,4.485212332844479,4.158272408965051,5.71251558495433,3.689271475878927,3.7181376447551937
421,3.9027185807549123,4.0816468648073485,3.618873893218573,4.270304206119187,3.8034790083042878,5.249127745531457,3.4994125881739087,3.7950236356103604
422,3.9858791180231226,4.315849851785103,3.6164216252647376,4.261400779814597,3.7960926123837235,6.0269196470006134,3.5659362200599904,3.745620060807652
423,4.0234258328016494,4.495420626520829,3.7847093046398883,4.224612448067486,3.627515764424667,5.075878020050544,3.5880135822240313,3.8064596131307793
424,3.692591048973671,4.332319254241033,3.7282180126015945,4.378287333876028,3.8097884192498315,5.170794573748283,3.6716574818886953,3.528046615907561
425,3.929720612028278,4.309249020734253,3.999367581180452,4.424662384096544,3.867699283551814,5.351048155063801,3.670876070319855,3.8738055277935413
426,3.680977895486826,4.17790641994701,3.7190384643612497,4.446940842901117,3.8250165914182164,5.277239020250637,3.6445948537291564,3.6660469260536592
427,4.1291945162686,4.36458269666712,3.830993950147159,4.270965795384525,3.9573803441823032,5.141470117268806,3.5394200955559763,3.8385930156668695
428,3.7853939411112503,4.447262001705961,3.6886666431410555,4.120964843628956,3.8991440346266297,5.034897326769362,3.67022566833727,3.654572828065971
429,4.026907847876969,3.9384066277037735,3.7396359774855266,4.529850173636633,3.875370161552822,5.530330016759035,3.7904816683346882,3.617226366882659
430,3.7461767159984714,4.082793269998072,3.5066534164631875,4.2694797246469385,4.053318617566699,5.4453954762839425,3.60571780420853,3.741237528274288
431,4.184693711750127,4.178345162520168,3.70002823335761,4.418016189756327,3.99332717612939,5.376243887033796,3.7185152185772083,3.970654653848362
432,4.15308397676402,4.190141942877923,3.901262933024821,4.101033656789703,3.8693118590471336,4.8449204069667635,3.581740809312115,3.714304028734845
433,3.7146307947649686,4.180335874716631,3.727096406629903,4.464752970914931,3.9304041418586673,5.805148692507452,3.77178332521124,3.82805106310484
434,3.87757860094653,4.202976672832274,3.4607284785085617,4.410500202658007,3.689641561653612,5.609452508207232,3.5380663185641343,3.7230450497776233
435,3.97755576138964,4.173134551490696,3.706721041063378,4.147202906504905,3.7070303881178726,5.1347228692040146,3.6653630147277325,4.11075301234158
436,3.6041140051926157,4.373290149206607,3.619806308701602,4.246846495357143,3.9418661893917863,5.416444347422514,3.551397093305753,3.880018384039061
437,4.07935205707373,3.785146181453499,3.759721110331627,4.566899194903761,3.7202527047370277,5.62664394246714,3.6242296515972705,3.843338934989977
438,3.87382150458912,4.152505310890942,3.5130353423092595,4.275571582578265,3.628302693662293,5.210966012574536,3.873258493980577,3.572066285804472
439,3.9796392731769714,4.099790541142592,3.6741906513730815,4.1300846399620275,3.996975826685377,5.311474093324226,3.610809319278061,3.7695074887311484
440,3.7956865275997163,4.318619341589151,3.4996695812940026,4.2020465601428025,3.847659257281562,4.913478372018913,3.533636066894598,3.7665933995976846
441,4.0682844362138315,4.08705454107796,3.814509600963437,4.276898991852435,3.701876850412165,5.753774027084567,3.830939575014546,3.776873596282594
442,3.606340948336554,4.489112932811429,3.5583411778409992,4.094160343915507,3.975091283451078,5.139848530011482,3.521532470487572,3.8723563271397103
443,4.027499361765147,4.045481438579705,3.9080257165299734,4.2204841975288465,4.018858942924645,5.527594153864275,3.569108213651711,4.010718765907301
444,3.9753994956260956,4.451634115072243,3.627653012096756,4.289984592800407,3.7554865879864425,5.15504973878021,3.701515387389698,3.7770463118479536
445,3.6452345930102177,3.749974067175588,3.9938205555767197,4.270180512658014,3.80230038981324,5.2563785667140115,3.6485030609386175,3.86796793126991
446,3.744043941418616,4.20830458269207,3.729538709398541,4.219544031593638,3.8828397725575416,5.4367547675306085,3.8222534752420088,3.7275753871640993
447,4.021397247523839,4.0165427571463725,3.9686810682568887,4.1669360262600765,3.7257970070802116,5.1126634772311705,3.7283605697011746,3.535751897282404
448,3.667607307289677,4.151295402154187,3.6454834594218686,4.416124925089861,3.9766910508873194,5.425032918352337,3.6557210044997777,3.85916261533988
449,4.188778464296745,4.295961331946475,3.6516873444534252,4.297394834270794,3.8251152384523737,5.292026607051062,3.613336249540061,3.8855453687936916
450,3.813366663868798,4.112628644919942,3.4638939066973475,4.098258507297959,4.014619021877605,5.234962624901746,3.817303604284399,3.5683482431460534
451,3.889068403423766,4.065057012901289,3.806481177276177,4.602838540440632,3.5567432161087273,5.35475460950403,3.5196742741254146,4.06192783892441
452,3.996756040146156,4.394871512831653,3.55892297115946,3.9727517099558876,3.899760321044992,5.4263915207042706,3.51437630710944,3.7757567379534094
453,3.5491694320211713,4.154702643560411,3.6834477831812578,4.4795501601080465,3.8376925307435195,5.3375359960643225,3.47786976648295,3.9216140247009585
454,3.57860556162332,4.340477385010367,3.6301916034256214,4.408382980439336,3.748224711371628,5.475663206751206,3.5002665843243075,3.695980439649789
455,3.802419817882509,3.920678630722506,3.9330349339323347,4.310787219165554,3.953860298573327,5.387390953632426,3.5160144619570923,3.7501248026552445
456,3.569916904039329,4.304532847379971,3.303138239092197,4.287185522121454,4.044158830437497,4.935605436622948,3.4674754262972955,3.847356620221338
457,3.930950503635059,3.8576745449252248,3.895493165584652,4.363457287218372,3.798804148571667,5.610515926476612,3.7285161359388193,3.8077291187968045
458,3.777817139688108,3.9772463769111654,3.5379457111279997,4.226144389844621,4.055802293566415,5.074871590268126,3.4620642887630884,3.8081191162527595
459,3.94330022035393,4.390953023040528,4.0360788960085,4.217664610651665,3.9394427731464003,5.540744496268259,3.525481588121536,3.7298540859762515
460,3.817594964492946,4.217215599661548,3.6823211480437235,4.314953859663621,4.060810139478363,5.006094899177991,3.6066788097206013,3.9417667240411953
461,4.032396622163987,4.241957492225768,3.8248151888776842,4.3171363323555525,3.7934720786740677,5.076078779318979,3.5912771117281648,3.9689318789747676
462,3.5622179755445367,4.34575915264094,3.5220154616074115,4.460571265750289,3.7565010212675167,5.41845541225889,3.7894566635451925,3.7125219361966275
463,3.937783092687803,3.7651072321522827,3.753721960269816,4.448877562439712,3.8413008047099457,5.220716515183403,3.7802060006212406,3.7614519820144174
464,3.93295063006854,4.261184821706437,3.5124875836955525,4.602310118877267,3.7956275282689576,5.346506261325857,3.8340386519927656,3.848918655222385
465,4.1054823347043845,3.8536735275199865,3.988378773580281,3.975214247154848,3.8189812197962625,5.3032234979021124,3.703863409579817,3.9938534837012423
466,3.7623659576346187,4.412619870292323,3.7160765172465084,4.33885321903516,3.634470410515378,5.255652220757033,3.8065183241994314,3.7119796118255204
467,3.810403986391478,4.150649241575758,3.7632024923194374,3.936555604333362,4.056468602575553,5.339205139240256,3.54587270889486,3.8567918946330804
468,3.6332053504142348,4.07804185699484,3.642565081628338,4.079615301933567,3.886167142289218,5.0856792746089035,3.547080938143285,3.468861252068331
469,4.163996128734905,4.2665420633363205,3.675784082165159,4.239355960147112,3.6411367446629175,5.28712748060655,3.4856320755105026,3.8401772519498265
470,3.861496249177453,4.494119025937967,3.7602707151977914,4.136311975518015,3.8373975279975943,5.210796409425441,3.5531772420634176,3.7995785719426522
471,3.7690497863030696,3.9324209812613655,3.7312688172052066,4.785533928863659,3.9012977337938612,5.42504699164912,3.562437649042967,3.896144843188002
472,3.589487858189517,4.254420019177144,3.5588737092529246,4.090209448059619,3.8245946093989134,5.145152718755044,3.720606018200583,3.8136008599234468
473,4.000858052232442,3.9010422239768445,3.667408980684922,4.250745555110429,3.8445490154314936,5.309404186459067,3.5555766804662334,3.940414583929652
474,3.602933664178971,4.018934251337207,3.736781711198784,4.472939720652711,3.9859340292586984,5.304271100166586,3.5418672733411025,3.780237552636866
475,3.9948043107001934,4.225602925774454,3.8113566855066123,4.129405493879107,3.6939384039276137,5.322068786022812,3.4422365729176123,3.8115362081945348
476,3.764178379409855,4.105956566225089,3.5680677432064805,4.326212035644722,3.6749802562007803,5.281806589644351,3.7954334251008275,3.4985350116554645
477,3.9152711858874922,3.927865192977607,3.872725039616031,4.0935383302552495,3.6530799909104252,5.409173607969512,3.508448039110248,3.7359190740514068
478,3.6407721631529224,4.22493927956821,3.4510634956858834,4.207091476037047,3.8039602615033155,4.962011794707299,3.513173023163882,3.5661980489587823
479,4.000668140526136,3.9541335017242694,3.7010024256880008,4.000550808144993,3.8087672477628884,5.329752945330784,3.6454624820810757,3.7918788985609106
480,3.9525353356310493,4.1649598342311105,3.8300963600384805,4.1576328384736465,3.8244488885905765,5.260024173609827,3.873641976313815,3.7854383219956884
481,3.7703956644948087,3.9526019352223702,3.680337741114323,4.137030155005491,3.797281023987509,5.160380042018791,3.626374654775781,3.7122388720726445
482,3.771301324461823,4.315949915332679,3.3453431206558606,3.9658573586270105,3.971125041608196,5.561351215204862,3.502403875546506,3.777370641933871
483,4.1739459996187165,4.041283397936886,3.944674841324077,4.4235509745407855,3.797052246044052,5.2471412963471735,3.5629962797066224,3.617714916873872
484,3.790833889467252,4.221731142878077,3.4974446703492097,4.171949475005322,3.8879829910422976,5.489936260018904,3.6112065964243705,3.613252624022726
485,4.095131645981555,3.8557030289975334,3.965158580376002,4.058809191893621,3.6842191424734616,5.195656264273821,3.5470514464347374,3.8662379735608834
486,3.467430060886971,4.283778295313407,3.3142190350431577,4.622571677434556,4.092626979485212,5.237802028038489,3.6165938725341555,3.910857592360676
487,3.8257702226566357,3.961961524399893,3.761424165699537,4.284969567469007,3.924452620655449,5.321350345708922,3.5044618018378166,3.9621272997556214
488,3.4728631594878725,4.364771273754696,3.2982257063947675,4.382806726688389,3.820465888514084,5.120812368933202,3.699971194966409,3.784549062505037
489,3.863979406340641,3.927755313394524,3.8438468476492904,3.9916835203789005,3.783759720078884,5.44898379821565,3.5675940661850487,3.7000610634894042
490,3.4946491910910775,4.110589086027483,3.7275959643109404,4.180219214705354,3.6914310419916094,4.747067973409512,3.832386387059461,3.5617236567884554
491,3.873839148044732,3.8315012760450227,3.939926101815748,4.248786134457618,4.033791997092196,5.3961953670343,3.6096144551634266,3.6730177532798556
492,3.612726888328982,4.2061734733473894,3.4035703682821214,4.352830172880737,3.585708550461608,4.8914958759176645,3.423944597347901,3.7909774901079647
493,3.664751536678332,4.179761774698644,3.753319651799714,4.210265301366002,3.766520680353726,5.461975961932234,3.4582596013074824,3.9500730384657596
494,3.65499517682861,4.340803107146252,3.613358401638958,4.159827406074031,3.6154066996164405,5.353521076796631,3.923027462639052,3.7625281949864897
495,3.9999633447466043,3.9733242383916387,3.7510315035572073,4.110673265908098,3.6884950208912426,5.095210061553482,3.7997785429659743,3.726192654070805
496,3.452051609136732,4.0812350291491715,3.566012579603246,4.0908245133177585,3.716665275699404,4.775535574469051,3.510239502450412,3.8564683945612632
497,4.068083172239871,3.8145696505939237,3.80246380852087,4.136589530722825,3.6566028627441605,5.544548498571141,3.6163659034268796,3.9306809528763336
498,3.7145493988429443,4.093267039832435,3.7255096351864627,4.090251010312863,3.7873143889573013,5.358785132271199,3.683469158300999,3.6821735104147417
499,3.8784682546454223,3.9795168384086694,3.816656920681165,4.1892732265500525,3.7534186967138825,5.386851368196927,3.674172056587484,3.7465178345466605
500,3.5520243397812337,4.152221344884849,3.4908090437185604,4.1312327318734505,3.6565327905954574,4.986943116496615,3.7458301798982023,3.607443410083261
501,3.814521371111424,3.90147523745252,3.7683314417057034,4.122296368978121,3.7678923491628056,5.413770737962329,3.542395708125228,3.8637121882602243
502,3.7077433509833924,4.292488769071937,3.510716806339139,4.2715885730505345,3.9661765677946734,4.7580187745756914,3.7448927545116244,3.4892299664572723
503,3.9497158100156256,3.9537123351218857,3.7560781886851498,3.97837642025629,3.8157928377969004,5.545906464492334,3.766807646844776,3.6977501698406603
504,3.4861388718494513,4.379160190879323,3.4845838153583983,3.959010473544876,3.8467362196624246,5.001248239001362,3.458628307593021,3.6138827406655634
505,3.725520078697839,4.012986297040933,3.8258940476226,4.31523499634898,3.9386620102423127,5.219682153389936,3.50523274775586,3.9313170487013562
506,3.7938541730238344,4.190499836695135,3.5293904780192222,4.250376543800541,3.7699586908362472,5.254577414141824,3.845011213141653,3.749922314339991
507,4.171599525883968,4.0886018665229,3.761848464840218,4.096050818164821,3.496901219742397,5.012972226088577,3.7040451637246634,3.921179407110868
508,3.689110329838056,4.097922619800107,3.670811237508136,4.3402285419719675,3.6301087564768335,5.622070031617866,3.887596558199647,3.78758755708895
509,3.7878547170986194,4.142128558793823,3.8611150944972716,3.962388339438876,3.630647130119624,5.164007302489467,3.6299135010298462,3.841627801844445
510,3.9435029639881867,4.230122846047457,3.6600298044894424,4.055045934078715,3.798328911947636,4.867053442060809,3.6696160737770955,3.4958323486589773
511,4.110061081162409,4.067459166384778,3.830521488949707,4.16726051358344,3.782402825559394,5.230165663429367,3.604596992572303,3.7348494979905165
512,3.606258250635535,4.2989033967364865,3.458213396800058,3.9352200299258957,3.6265455125929122,5.410464279281642,3.692852147067513,3.754803424338859
513,4.021860241661681,3.836586254642147,3.671446462584256,4.493499165785672,3.667475250822788,5.187062216933316,3.54512077342715,3.667538582323389
514,3.6473417950027303,4.238884678931107,3.6623778700201735,3.940020772001852,3.5221777766598303,5.0760804571797,3.628153868777882,3.748607192215887
515,3.9762775582461902,3.8938473301814835,3.9169207655759712,4.181810526917354,3.718895560833744,5.089018845639862,3.8441845246265465,3.910688509514698
516,3.524723771127182,4.09803597285852,3.70037518215219,4.107892098413614,3.6922396728976823,5.572044682957364,3.624966544652348,3.543744354939313
517,4.1517257554966225,3.9171999444003083,3.9216180577772004,4.28848516323296,3.805465776517985,4.878147195477062,3.6047693415265107,3.602846535669008
518,3.857199621314789,3.887904683220324,3.5160484914233883,4.236001092676382,3.790986462866668,4.901115193358383,3.4679841621247105,3.91692028447694
519,3.910264695127097,3.734182546869665,3.6979552126626567,4.218386745676335,3.583870743512443,5.31691942043162,3.5729427832739673,4.006749012352801
520,3.8982257057948533,4.103759650825793,3.533656115559395,3.8330907322694463,3.799002004064884,4.972881538450496,3.6860652092935253,3.8266103744293374
521,3.9746989682763285,4.16255011191551,3.8760851279907187,4.452127667727169,3.705940434979156,5.153751272532064,3.769998846461328,3.997479686251419
522,3.747332651573586,4.209530362911044,3.590249913977955,3.874029230823025,3.755467316730769,4.9237184901851565,3.5339148766889306,3.9410715536895085
523,3.5819073495650042,4.111533513386133,3.8398841007403512,4.345420112604456,3.6487587300532724,5.302669785214904,3.361874856409727,3.8426920188803813
524,3.7908732761611628,4.014498171846961,3.4673409586937085,3.7946622060959303,3.684715236343291,5.155479733718039,3.4974083665640103,3.799284252999033
525,4.04146773320238,4.234010121202858,3.715838474981323,4.333246212118679,4.015024866449367,4.944460808265628,3.548965766731394,3.7915922272036218
526,3.5680046299071018,3.9141913545436764,3.639574362207516,4.234576301444453,3.7048587626102165,5.120392884950658,3.5396106820778988,3.5843276594771543
527,3.814077916962923,4.179427884865732,3.696817969895913,4.3941953234248645,3.7480897799987627,5.010376626548614,3.5572011632998235,3.882779526251852
528,3.625439103422191,3.7868059830851792,3.713424644231519,4.1893207629785065,3.713262855717593,5.2517490227926125,3.4111684730543996,3.9762338752082096
529,3.8691504673148525,4.003713152716661,3.900196762518383,4.10122242416421,3.9401827369768316,4.899021983767251,3.4205729187023084,3.895242152549192
530,3.5517521687694757,4.16011939178276,3.601230457400907,4.07883855118295,3.797683245939158,5.171103015993224,3.5758350476831153,3.86172754797123
531,3.861385532946484,3.8890051681079214,3.8436741299648176,4.358113236985242,3.7280185644036243,5.055462871998825,3.5337189967575,3.9784336473485817
532,3.4287619938414466,4.245048606559329,3.6182333325090767,4.388406835042365,3.6966247135683834,5.0466878355582105,3.699469780433368,3.7590029030541423
533,3.9902928392580677,3.9827838061611534,3.856054561539791,3.957573792632137,3.6244424658975154,5.099619648897482,3.7894465238957964,3.8249697919816583
534,3.776541583623648,3.909239724549486,3.518365643885303,4.214915720852099,3.889262180270949,4.689250916581407,3.8004476640375513,3.71510260893588
535,3.6681162257626645,4.2287486933681695,3.9714448409760945,3.954419037173746,3.6691367917001534,5.092424606155198,3.56656691546609,3.9624192261119657
536,3.700517786410345,4.084349850260227,3.6310771259015993,4.438130023719922,3.7960537441517146,5.104488653045881,3.697957160897961,3.762367399960952
537,3.9993084685822975,4.162685732280131,3.8917409858690855,4.030522491118124,3.702382717679694,5.084902365862249,3.530098617351454,3.6681941355859577
538,3.6070304444753285,4.132989143750719,3.5371429580569584,4.00082908714756,3.770126530849471,4.866451859806607,3.659857901626355,3.7112232277803616
539,3.822758521349419,3.989740289288499,3.727766521666169,4.454858174923027,3.904794403343307,5.239959409323732,3.394943812691952,3.7683903049098744
540,3.490925639018974,4.113244789204701,3.4945675017139135,3.8630229737314172,3.763701596521924,4.760509502662744,3.707412470516878,3.8396672103678284
541,3.8317602478293935,3.7679276552854146,3.750814111464433,4.0550455920448885,3.633667958350125,5.266238711882951,3.637782262933469,4.040092623588609
542,3.4392637278231746,4.036593834982393,3.5153165210043418,4.105464697816649,3.888037758160592,4.906978916289638,3.6606155750769074,3.516065780400433
543,3.818099103823511,3.8595800546265644,3.842507139931629,4.171928688972401,3.7912979507875963,5.176378140404105,3.6184111371134966,4.010733649226308
544,3.6492537509625267,4.066821200813772,3.7027425695209457,3.920582758900816,3.701568839745763,4.906498475370679,3.448676889759826,3.758352774206047
545,3.8202567969453485,4.026048497229693,3.792194197481994,3.960143768518405,3.6654692444676336,4.94808743885039,3.583410268837448,4.038251958421365
546,3.8183096110875794,4.12703788433291,3.381608911523455,3.8740963081261914,3.6657551592151334,5.165803689931073,3.72913355928847,3.7358167554150348
547,3.7811562295784467,3.8132193928151623,3.6885721316309716,4.028442045731771,3.537110711697044,4.896607231645723,3.58831751735498,3.9889844328239183
548,3.5567476320843094,4.163022530776677,3.6802335743863597,3.938630817000796,3.9210269309491603,5.119371083680122,3.7314642096845834,3.7124476721357613
549,3.889519741891872,4.012109565068678,3.924864776620527,4.031580274369789,3.6456011375762087,5.035871253787785,3.466652285887639,3.9527567261312533
550,3.546006960224826,4.007725875919409,3.5760474281875894,3.9125496784747815,3.9155087677605342,5.145773690582711,3.5528806659878645,3.883949529390279
551,3.895997766318086,3.96650590344542,3.578332077390965,4.486099233705926,3.7703152213636626,5.00596059182678,3.5042714664148598,3.8898322374471146
552,3.469710882554403,4.021486191960158,3.460450624564163,4.369797270999949,3.6659241315110505,5.0069916084966435,3.5703763876871064,3.504843607217228
553,3.62082793498114,4.033514346290252,3.7030288869763637,4.229855969210744,3.840833582251222,5.1747533013604325,3.612862959974866,3.751264439023296
554,3.427740494226213,4.121496848497441,3.460578377995224,3.881541732696059,3.9341694463371724,4.7652655829521855,3.570366048893362,3.8075373165519912
555,3.936195302015882,4.10151599814034,3.7975993547141367,3.7728062085787424,3.711051756732388,5.516557783271888,3.4993820459668137,3.866648620980972
556,3.5361863610148214,4.289394069954099,3.45547627588687,4.012185697263324,3.840100868224275,4.905569841333619,3.742323176068103,3.838782620814959
557,3.944420425762089,4.2505925039652475,3.7465251386285803,4.352140441292392,3.564800722322518,5.163431200417414,3.8511137348908817,3.9269288296362457
558,3.570737747873761,4.315494787595829,3.44673515961146,4.361777559395548,3.539109369877424,4.998850420110502,3.586975097068951,4.246585560615089
559,3.76144757346252,3.882843520101841,3.8715543494059035,4.077549965643065,3.907467882434661,5.284467071395697,3.407265287189442,4.005714832339056
560,3.6033888849849696,4.135056565170742,3.3213402344569003,4.05707436771963,3.627973626586574,5.076294703381118,3.9872519705312266,3.606941071161095
561,3.7771282489329385,4.01634710169068,3.72207755246093,3.814878868632159,3.851916652510466,5.011336934462618,3.5303308819845634,3.8177906441608727
562,3.406133567287955,4.284446372436637,3.6177292108200003,3.981337248839986,3.8195042899193026,4.828705673432345,3.45479838184427,3.7933873704625913
563,3.825909374882616,4.047676147688138,3.8868875576861903,3.8673176978193005,3.7485334411229525,5.07481803923571,3.663091893677162,3.640187797681636
564,3.493988398967329,4.273166566751687,3.4363060594738486,4.272155508461652,3.8212614236852915,5.032105284133976,3.6446439215901427,3.48197967614751
565,3.9070654658198514,3.7319020368660887,3.6515845879114015,3.952769319750852,3.5196996391904287,4.819678181777179,3.5965948412770836,3.7152633954977734
566,3.502688023382334,4.1604938738423725,3.6182572770682193,4.167942325713116,3.832492581418716,4.897677125394624,3.73762877990609,3.770842688207397
567,3.8258470084520297,3.630760902358265,3.764673612705517,4.185852431792047,3.8171388618654087,5.20883406801552,3.796320367673576,3.6301493062600283
568,3.7621972359052935,4.319092751974287,3.530557098342815,3.968366790724571,3.7707536144953857,5.062376595559889,3.6449858992546282,3.7336575973738904
569,3.7520119340919487,3.7229775753496055,3.7856388927461073,4.301511978609458,3.5307022934749654,5.158614574781634,3.4343888067241237,3.7851062228528245
570,3.511519011250683,4.034902502106178,3.4203676189280987,4.281523357541096,3.737786603227575,5.277730293492394,3.6883127803426077,3.595209650373644
571,3.8487980475442747,3.7242108380653933,3.7602544532948268,4.017729718173897,3.4240589340816983,4.927348196057456,3.5866978854934675,3.8240214473841307
572,3.6242031201240756,4.298886473698244,3.648760036882968,3.9532757867927573,3.6591572675610484,4.941617428325046,3.6740237827046984,3.709011962305673
573,4.010136845249638,3.9383547613927417,3.7708810998710085,4.0455777503720025,3.9288910671248356,5.394131421348607,3.643805746589689,3.7117420090799293
574,3.7969432727893153,4.047357587633431,3.677712181575508,4.044316004436277,3.72515881222783,4.834039954136951,3.5175381450559917,3.805731758273946
575,3.8075104025681616,3.960463390929657,3.818284395706032,3.9347808160043467,3.5223365543331226,5.070636546109033,3.6898618540616983,3.666771341086167
576,3.3440207737824,4.113220714101956,3.6045249437984923,4.101575586685281,3.641026129545831,4.99147899261617,3.5371486398463063,3.7800866167639176
577,3.730391959219387,3.8039681550963493,3.6632416949805493,4.069572923506852,3.6305150083171527,5.0117159493614025,3.6826940224780595,3.5455601429566896
578,3.5062826292933074,4.110704131007889,3.542046208974389,3.9441200618652092,3.7369522516443423,5.142528983488682,3.6832267006816575,3.7577176099691942
579,3.8981967494699483,4.137228239678433,3.986888350023461,4.173194585520672,3.692833148206462,4.7369761206737975,3.4297582483036644,3.8132823249530485
580,3.600916778400562,4.143087299970747,3.5766377451212175,4.086686883820122,3.8675459574980833,4.4594570881711295,3.7372128350897356,3.6331661383183493
581,3.9369080688347315,4.047248017999713,3.8272983272345806,4.050144630807288,3.672408112220357,5.286953781827419,3.618151332831232,3.761198721017063
582,3.615198484136391,4.462380326609046,3.6430360316790202,3.9468787559960297,3.921564289970528,4.783586076834311,3.4804466247574206,3.836691405271503
583,3.689981692474961,3.9124035709028666,3.6394281170901475,3.8554642255405636,3.8907153307414393,5.040564522177875,3.439540058122023,3.791378987819748
584,3.588236899340965,4.097763330013411,3.358828604984139,3.8460895599991094,3.8826947566314214,4.948544842998622,3.7365929658168904,3.680069153373309
585,3.691513174529641,3.831374151725374,3.6991388204678635,4.263786147740364,3.5259161789411353,5.160844512836341,3.6169092987173626,3.7616076547309096
586,3.5710128682757576,4.308190518359837,3.4014561147391453,3.9795306277047344,3.7423950791462377,5.262634878234235,3.411021782052943,3.6993760842545322
587,3.959156697022143,3.866057089477069,3.8216980430220375,4.340402913925936,3.7358697980071183,4.8362783026777185,3.619928058114887,3.8270052967262087
588,3.4856003788647634,4.038776039038925,3.5182735030030385,4.011716210545603,3.6342104903124675,4.757355743616157,3.658028598409815,3.66085552251315
589,3.7699519812404128,3.7020735817240085,3.7562429586693002,4.07256099486514,3.8401777396910632,5.169641828989121,3.547707033255202,3.671645830104148
590,3.4803648867728723,4.02033869464308,3.568029775825401,3.878050436246413,3.9418319602925314,4.634773418409275,3.604538768290625,3.824574810058306
591,3.9546406364192594,4.1496390174963595,3.76460799667622,4.198521078985401,3.7834419232126444,5.1966308634541285,3.535322713735871,3.833023225344973
592,3.6718526301906516,3.888507384288754,3.6924280558838842,4.203537059551624,3.6549951799682456,4.452319948184786,3.707525603207853,3.7644468565217983
593,3.9118648396746445,3.6620610643688165,3.870374724945652,4.067452557671706,3.6788997142973687,5.371535301942905,3.700269514536355,3.794472486572718
594,3.453676339204639,4.152302617451301,3.5354009276730416,4.1212715542149,3.5675419068267087,5.066393141405242,3.7692160027184527,3.6190085251902206
595,3.838602617493043,3.8736361893867315,3.9009820993405753,3.949624506888404,3.8045099665221946,4.881087432844273,3.678907446016717,3.72172840248338
596,3.5867132732738867,3.960207153463071,3.724455309786185,4.068174671346018,3.879511947931101,4.892015866338031,3.5710197116439923,3.681532244448011
597,3.7665821309052365,3.8723228870894886,3.9278747470298216,3.941646163570145,3.9234701715899494,5.079627804355669,3.6423033193587786,4.113816763870383
598,3.583343729160056,3.933919525161589,3.6080654146663584,4.067512810698705,3.7939148053029323,5.126596899586012,3.7759158352525355,3.7263837330939378
599,3.8731739809558783,3.8503350497107354,3.6823577231021676,4.067648655043361,3.81482717762795,4.622897834286396,3.624938426190541,4.081417056701039
600,3.690904910808756,4.138236300507511,3.6856558212560926,3.9510598408304487,3.60602546333679,4.697377890823255,3.6389737267873272,3.823072411886669
601,3.8025947701335436,4.145316450907197,3.5923753512452086,4.236892895005075,3.8630076622200877,4.957112386754677,3.645984790021125,3.9777087837590703
602,3.4808403696361934,4.21089059741095,3.5592908210256087,4.366092278234458,3.9100917744416015,4.885709676845724,3.6041361973315658,3.9250424717378714
603,3.7661415362569692,3.670325276295837,3.7817815208394916,4.171869745961779,3.983467842706561,4.942694128609086,3.788490546717025,3.7310354247135873
604,3.585960273486817,4.008166556660131,3.6941582433275872,4.132167701357896,3.745991958507599,4.7619780817631,3.7050751358522134,3.6626970973653337
605,3.784478051303021,3.513289866096768,3.872870547704786,3.8760482948204977,3.457452665947459,5.038061998032342,3.655734204554016,3.8568767937917885
606,3.739896294732193,4.13909676427445,3.6617279103527216,3.627667980345936,3.7895638435654737,5.048551632014758,3.6789646267982623,3.7030420144121154
607,3.888942964331366,3.980375913160023,3.4792787834921954,3.947123367891865,3.839138977215292,4.886532253076906,3.6376839300382837,3.5891485266496277
608,3.47853289807396,3.985958580445282,3.4002950442927147,4.0932144780027535,3.7078110892579157,5.066668812140484,3.7687050679232192,3.6226550530075277
609,3.844425078416623,3.8150366964843094,3.784054441899619,4.023635300008878,3.5988875134196316,4.9617137887986855,3.665872927177699,3.6531151184318604
610,3.5905485678667555,4.308934552228837,3.588195684889413,3.8136680602244106,3.6844597135097024,4.7372323241371035,3.490239493441187,3.9082430650410562
611,3.714278430830478,3.9385530065927106,3.7183795296474,4.245109018721021,3.7486010071504166,5.042998672459197,3.6526562869815087,3.7410879998723505
612,3.6517425229080414,3.927716079412171,3.5505762352660764,4.162567880326634,3.6190824554695658,4.856362349988984,3.8742001415734433,3.8995011716092134
613,3.953899731775126,3.8451275129258744,3.803240732998958,3.9703285034137337,3.604203829776665,4.868008839483467,3.5466394112237234,3.992546954122371
614,3.4239406151670093,3.987705006332081,3.5737347192118234,4.10225087983194,3.677109263698158,5.0182394267579715,3.65566092992607,3.6261177521197725
615,3.8187303605601803,4.054693836182449,3.9154672281694265,4.06609664211742,3.871671841666153,4.598014082899545,3.485219538203281,3.6894598134404624
616,3.43831362097963,4.203909689108611,3.5570310057644106,4.074820499595856,3.7506534048320113,5.019784150947398,3.6420439056559792,3.671632883637352
617,3.8167735823538287,4.134474711284555,3.659834180619309,3.961490317265857,3.8066631968836746,4.870719505016729,3.633881530443048,3.8139695165062384
618,3.5119346673676173,4.199472902051125,3.5802012518895197,4.142259957182998,3.686376383955632,4.769379839478462,3.6142886720756993,3.5537452738580315
619,3.9501221711630086,3.769133815709795,3.845831710085638,4.3921250835775245,3.6185196250030898,4.900194489039497,3.5918951467283935,3.8032438399526
620,3.600620630067707,4.302840897869103,3.35678619280691,4.0145226353569115,3.68152415657399,4.59463543148493,3.713714902837566,3.740573797404766
621,3.7032783137563654,3.859123327162683,3.6501896301257237,3.8619097333927552,4.027697634927456,5.056245274284246,3.611884236869289,3.769117251440794
622,3.7056212039748964,4.171751012890567,3.5880933682294716,4.079244572429567,3.5920973618544565,4.638329191034923,3.623508662412673,3.7115556682108544
623,3.8650487221581162,3.939904829894727,3.789894023957857,4.048595055109999,3.7719997816095603,4.954721475343105,3.385833301557746,3.947589543661062
624,3.579491205276943,4.095766461209104,3.4919649087771374,4.0562984991161235,3.6267414063221044,4.770531068700342,3.4745536490177718,3.74992049940798
625,3.6816966343061446,3.8886570098555233,3.666213857892008,3.91891852100805,3.5957415919051434,5.2496534831632,3.4961058988057214,3.71714576689538
626,3.5259428085606324,3.7937175151706892,3.471691675276027,3.90843448697809,3.7080927017468284,4.872841590870757,3.662944958718541,3.7656336168732407
627,3.8766775854238187,3.855325831397962,3.7947523755180277,3.86917701060638,3.578387697357964,4.892758012519657,3.7381194637618234,3.853262752292666
628,3.6298950761711875,4.1921322206298886,3.7209838098495944,4.045419934635269,3.9801698596843047,4.953000463612232,3.6721348192282592,3.7151234180210584
629,3.8236048713259283,3.6336248477223694,4.036982546190835,3.993820800785397,3.8262312858263723,5.029405012284296,3.575173663493175,3.8370468781361913
630,3.655363050846239,4.193523896887164,3.4063232451006407,3.858040832211924,3.632280807675025,4.744679408696349,3.6619515993922094,3.575294491031484
631,3.794245928260694,3.8483600349892644,3.61609409319508,4.148583565353339,3.7633755313414894,4.7421120970893655,3.7532586704872606,3.896805423504465
632,3.6110136077621124,4.091171677277551,3.614660706323909,4.134414781558398,3.591841342331093,4.984231588260233,3.4519390297445103,3.6171355838742625
633,3.651863615150926,4.024557434371702,3.838118918720343,4.226268535376132,3.6647839040102537,4.646878893091945,3.480566520526631,3.8242256533184222
634,3.337418224319058,4.0995806460639415,3.668491595205369,3.953189634740368,3.666125111285506,5.056996427805472,3.570378453406556,3.58259445780905
635,3.5157140704975145,3.8271298933135074,3.9265875783130415,4.054547232866684,3.683871503603883,4.838479223346195,3.4550921547776268,3.7984542831906856
636,3.330336562164024,4.001923112225384,3.5560444655027856,3.622445965913577,3.641634787491168,5.194364064770685,3.382346360763218,3.5897685652410996
637,3.792307164931014,4.136283995307801,3.6456338769584544,4.027540497211859,3.626184702940086,5.161278998025085,3.53315219805017,3.7950520363568354
638,3.57724496920226,3.9069926478801955,3.7677000029090393,3.9772384002121552,3.678009929592387,4.663528791814078,3.76590812326764,3.6369768807359644
639,3.8345706258121126,3.837685908537874,3.6112591005796046,4.091293276901918,3.5185731948163994,4.928855734941963,3.453868598461454,3.864331916306973
640,3.592543200865196,3.980881752783393,3.5202128261966132,3.6643205693076744,3.685483821088304,4.805065408026271,3.6848836169203567,3.7539774454478225
641,3.699759666287905,4.002068754091788,3.853882481805221,4.2079155523243195,3.6010061358534013,4.829017736949632,3.652086209461058,3.7001748348560812
642,3.679651939281031,4.078312816599565,3.599288999531493,3.792921715261517,3.5910641178371887,4.794679499871348,3.5031722098090614,3.698005799945062
643,3.8505240349605034,3.645971744482531,3.8329051258724625,4.001703959567897,3.7569401791400368,5.0011652639282245,3.6042518332697036,3.813449059350452
644,3.3297183967464727,4.084561195037357,3.5398851232593698,3.8644212129150466,3.8784481225376077,4.650697353105429,3.4072705756899793,3.558502818950571
645,3.6740507029662863,3.9713445320153364,3.770747552645753,3.99966854239421,3.5800522640331134,5.045092253724819,3.4720696852561277,3.7632152323020076
646,3.6493606182478495,4.026430927431356,3.3552402317428975,3.9006193106286973,3.8899820878474456,4.7867542757847925,3.735927996459049,3.706936168655458
647,3.6547534766280063,3.8573342528406585,3.6141280221946532,4.212862072589844,3.8172829665398655,5.001068108124939,3.2962613629273565,3.9568864658049754
648,3.3775507314586344,4.321764160233799,3.484463050430982,4.101520681015272,3.6618668024515357,4.765812787787972,3.4105275416354432,3.579886919461879
649,3.668953044508991,3.9803026375335557,3.595901021423116,3.763782254975776,3.6562439096951276,4.855019667074795,3.4441989030649576,3.5322520397174677
650,3.426822407244153,3.819608205971716,3.651444549743867,4.021904522149952,3.8244436707512155,4.983824065861955,3.5394992683133744,3.7242373400854647
651,3.7666073167980265,3.7748192545646178,3.977794356508013,3.930571342698036,3.8287797774797,4.811165982835931,3.5812346876056185,3.9291381643263414
652,3.5015008429604975,4.176995679539735,3.7107809004485577,3.7806768691471975,3.7396877598711407,4.956906442660941,3.6651356264834636,3.615184617358218
653,3.616237734104917,4.069307070605299,3.6258808257197694,3.9048282713288245,3.6902201448399405,4.7896877913939875,3.7274972003291253,3.7105203212726794
654,3.555796671170998,3.8951224243201255,3.575510939624372,3.948675766442753,3.930569311311299,4.822743520310815,3.688401092623667,3.536268327510289
655,3.775787711794645,3.816255371820116,3.9786530356474166,4.084880523321,3.5011708321000663,5.029780758663084,3.5131256071584387,4.045182328534244
656,3.608747414439661,3.8854607861528994,3.527209965130703,3.9902420277636814,4.223759518781513,4.741515504876321,3.4321977122129392,3.958677921267375
657,3.858039754229198,4.095573701372131,3.72918636501693,3.975570948919892,3.8283531750393673,4.959816852307901,3.5255921892134596,3.7228736352789835
658,3.5977562637282112,4.064496693257051,3.712666665630114,3.746667641663459,3.7529418378967945,4.876077949956101,3.7849107711287147,3.6932257788740666
659,3.6090000793976005,4.072517759691635,3.8963543547451627,3.924673857255392,3.7143403401324946,5.027144377878689,3.5189920423858214,3.687829496040202
660,3.6698863014338774,4.276980812758819,3.3672817181097963,3.8793741960128774,3.6771690440643674,4.917465958236479,3.6043057716360583,3.8939926930634794
661,3.90985725730864,3.753143524769436,3.6700410026147323,4.134104256203101,3.711109121224038,4.758753124507667,3.622530086251536,3.7029298436818183
662,3.536320266895129,3.8689594571337973,3.622092788328476,3.731140616099572,3.6590445952708346,4.510672323246797,3.7954587076433706,3.683837093328648
663,3.7034771655758236,4.031725230258543,3.681625325482035,4.062665599981304,3.584789276334711,5.175360206975857,3.468909472852027,3.8723179087901327
664,3.628285673247372,4.138901067351042,3.429818016776303,4.052690017480036,3.423742096814659,4.579936695125669,3.549846495182948,3.7684624936314894
665,3.7944855489463203,3.871717203460867,3.790749354332376,4.019432452114405,3.693426454834232,5.1452671280566395,3.4169489663342825,3.9911093384833585
666,3.421936262911147,3.949165996986649,3.555486534986797,4.019287194301379,3.711218641352496,5.126025829773338,3.636506349064535,3.7665446434780128
667,3.643876781500764,3.780762473794172,3.856954512157505,3.9897117471005448,3.6565633149036563,4.733088471632035,3.5672356703678556,3.8187048118479923
668,3.5345970222588177,4.067993480160977,3.631794402914942,3.6228985734823147,3.4578609110697536,5.1596336690837905,3.4125108880927644,3.693159779177619
669,3.9653480735060334,3.931190594352956,3.699626220227861,3.964209969993062,3.6701373294343447,4.705889745831155,3.7493738310688847,3.858949319728038
670,3.546781740865319,3.816993371858732,3.563109665336733,4.1513177894747075,3.901256978182749,4.487466657342848,3.3937314595939347,3.878487268671314
671,3.6784569138757033,3.673158996111754,3.733062584000941,3.8131430699986835,3.7420214235900366,4.939947582490408,3.49515215204059,3.6854927241581095
672,3.709558907564279,4.403961789703204,3.5222619212016024,3.9629175699454398,3.588897470313775,4.716979122266088,3.8615649215857384,3.766840116137487
673,3.633254970002909,3.873198667646837,3.6298312326714623,4.088348243026539,3.629808039023078,4.920599941278476,3.5600650114410692,3.9331541040961824
674,3.5196505774505233,3.9874194930134097,3.5600880224478897,3.772450755225417,3.51034462433736,4.663584579690728,3.6888379448343334,3.5956917428855997
675,3.7404263397920565,3.6189599728737134,3.734700660909245,4.162697084670044,3.5825859964458484,4.918211171402809,3.635811552369485,3.9399635848197514
676,3.551739548935003,4.030119127986124,3.4699827049119563,3.7896430095449274,3.5169733860136536,4.751081767252935,3.6972232962829636,3.6772806893122953
677,3.9550210304595135,3.83864979434696,3.591530475200389,3.8538195011006637,3.8880314532765547,5.179132193808429,3.71214532059946,3.925674291532484
678,3.38321828447301,3.818652277911912,3.5719306820223817,3.9028433783853074,3.7538564301938595,4.900650017175674,3.646837299217144,3.6399628552534704
679,3.6716145711366797,3.8366165133929155,3.679629246939578,4.001405298877959,3.7758085809359163,4.746464492494228,3.655468789173242,3.823172627682623
680,3.6235256331306442,3.933710504932477,3.8067401257072455,3.990454690095273,3.790383871970261,4.392355574829119,3.6654010992872457,3.544273113195827
681,3.786899317136827,3.80533846436025,3.6004616864342354,4.042440144825618,3.4761809641627512,5.217710581310195,3.703184700613944,3.856290656676459
682,3.597810356706029,3.7795324730486457,3.5329709248848555,3.9497547986979393,3.466188870307786,4.569213095653681,3.6923956540744385,3.7786138205481734
683,3.815005245337235,3.7082385768840207,3.696701531477706,3.7692800555492085,3.4698711466658403,4.784687253659747,3.589311845531378,3.785972308666449
684,3.7064725278841752,4.173416534063539,3.4042749336369114,3.8874510304686303,3.601008376290563,4.557101286820881,3.5904193916171527,3.583985030596776
685,3.6113596569737663,3.858024686443609,3.679367391958241,4.076125200256781,3.9647942007565926,5.143900004136962,3.6130197931979824,3.7475910406730453
686,3.490708082413775,4.122277115745762,3.334292224368061,4.147925359382885,3.8419242438634873,5.060832201146514,3.7492343544041598,3.7129965062299126
687,3.700621960661918,3.7733799686610556,3.755417521602063,4.22001375172886,3.832370581879427,4.598105297953937,3.538874686075762,3.852160181870682
688,3.814408667803145,3.980122605517426,3.5139841630632334,3.98356457247176,3.724264611009944,4.987836421095014,3.760981307318318,3.7130813351740635
689,3.8337542982492847,3.6424106844867064,3.6395811191996614,4.078747135188708,3.551794928697242,4.717547997558688,3.67836997569985,3.9351339730935546
690,3.517482475788746,3.8464613677991903,3.5399202454323118,3.7075288144256646,4.133200426548246,4.588741210797099,3.548592531250647,3.623530407047821
691,3.75415116757525,3.792180082534267,3.6622332103289086,3.880118095315349,3.72293547720852,4.957611971931855,3.59387281640226,3.731014193807203
692,3.55197445745851,3.943624788476938,3.474390094097541,3.751167729725921,3.6508423287424865,4.808473198245093,3.6803924288295984,3.6904304433378883
693,3.7967482950147025,3.698519277054382,3.7161859320503146,4.107336890961539,3.6092958042523193,4.779515200716017,3.622269648769651,3.846850278024488
694,3.6370552350766294,4.06348140648301,3.484190442651267,3.73281414263264,3.538012624941915,4.8660609893821345,3.709252115073325,3.7028389490130764
695,3.655017068435513,3.6244900127931525,3.6454839598418056,3.816989925648379,3.468586394733676,4.6696342382900875,3.509566919421391,3.8826982917925985
696,3.429778917679404,3.985532851414124,3.6793983444629643,3.752602753870899,3.710980608218407,4.734880343862152,3.783059405750305,3.695054568788105
697,3.7129355641804143,3.59448905881802,3.95180476729187,3.989506583158189,3.7323385061394627,4.775336154595687,3.7716184847800567,3.751425333429449
698,3.633233348065073,4.080603262055033,3.722141847603197,3.8671092286219095,3.7352447136131706,4.664871109301106,3.8197288267881624,3.741654421711315
699,3.743969098261221,3.9241913065865237,3.66791002006284,3.8929410331280083,3.5779262889192056,4.842665247606325,3.632067504263433,3.6465207799326724
700,3.546326298130143,3.859940695633827,3.6265413327027387,3.8137097780629956,3.787497489138835,4.548651302185776,3.701930891373218,3.7475627933566034
701,3.9380103321532216,3.7163841626341756,3.7306554759903916,3.870057945552296,3.625998165428257,4.873447695037394,3.5518173294649773,4.0242853606590945
702,3.61503985077315,3.9088380974734145,3.4501566262753776,4.0244439967844094,3.6184609894253756,4.668438432147718,3.7241609658925023,3.849992580432315
703,3.8748530198302285,3.9002269786974066,3.763151298242579,4.032376841132632,3.62519081911387,4.8433272171439485,3.543872425740201,3.7846417199949047
704,3.5159364060460994,3.920357872536249,3.468306973281302,3.8868436282455185,3.6959766473404096,4.383189722996221,3.5131010779391856,3.588723283004553
705,3.772131112531019,3.904242578463604,3.8627711804080724,4.037822997196398,3.6471071855154094,5.298685915684851,3.5740922019466677,3.5819030977306148
706,3.6307251603259814,3.882377244718022,3.7744952258859588,3.7672952390765966,3.643514700458777,4.828166706156103,3.484569473683486,3.662859759609113
707,3.7899548764531383,3.85860049719084,3.851174656036302,3.899767643967093,3.701292221761688,4.759933831778671,3.434329032142756,3.694821873693417
708,3.6930685803995535,4.030331678228758,3.5960069025081474,3.710014045553399,3.6500920393910143,4.651002576595799,3.7451573597644585,3.758523621738456
709,3.8649769841789556,3.7604632764931125,3.766736180020555,4.097032153364756,3.778359116852137,4.660552646531875,3.37057183452225,3.8812673228682395
710,3.579993609511414,3.7989374831619807,3.6690138773173944,3.8047526078643394,3.792933712481625,4.598277280227102,3.5521153371670047,3.6720991754282895
711,3.9124210362182446,3.7656318312220063,3.851024292577664,4.136275506000971,3.82597075191629,4.904610280276027,3.7099339957223725,3.81741726956435
712,3.6716467575890266,3.8659532940295285,3.5701801423742427,3.949358093080295,3.9316843362505423,4.830033469710468,3.6333563929733472,3.610801959920996
713,3.9001521521085625,3.6917829601990273,3.9104616107754118,4.004437493556639,3.6814648235932124,4.702669970558468,3.4380798883220716,3.6610237505770997
714,3.6228148790594985,3.946008832176189,3.4877642283438557,4.058226728623961,3.639029535742813,4.225800209231958,3.5696955435997646,3.536156347912627
715,3.5682445312527813,3.6799067457145966,3.7493233370829255,3.645165346201758,3.729877438687831,4.92746099681634,3.598903282279087,3.6068742313419717
716,3.637686348264609,3.8559970184383134,3.759377303049817,3.9748895968518214,3.5622639293735925,4.778030147450951,3.7000699109424486,3.9779223442807687
717,3.7827035127294,3.9395814734060814,3.6740154489272063,3.9138922491344275,3.585303752347147,4.558855608166739,3.385129132287508,3.8558781246742337
718,3.563506366641308,4.264900018065998,3.6591963068392137,3.8082025057213587,3.7869670460531206,4.47512629812965,3.684450908335399,3.6222507915406226
719,4.012111011564643,3.604064562584932,3.52779762442976,4.0283413981357095,3.822219624103369,4.739871689211115,3.609679547989542,3.8317670848538246
720,3.492254840768777,4.0991471765853955,3.380085036674671,3.876835989074002,3.589891898737562,4.403266400817099,3.728734607083605,3.900140248245733
721,3.6762567993915347,3.8817041794999136,3.726865800046904,3.9026840097646542,3.6707957116492618,4.923324689547782,3.4926762349280835,3.854885982152061
722,3.498366819822609,3.798604077042879,3.808064784165117,4.268958116877064,3.5695744404624055,4.908966463140591,3.8157542456761924,3.5483415732298678
723,3.8260609207721723,3.7197676033347937,3.8190627122295364,3.722651326746828,3.7389101594143717,4.352468256211369,3.665030744666695,3.8423257198561003
724,3.7338192056404216,3.8856575252857795,3.5272877026519143,3.81280523199386,3.685043689820834,4.412856218511232,3.7944472363206496,3.4993864181213463
725,3.9113439179966543,3.5009260010522563,3.921065392097426,4.071467003143081,3.5693530663465243,4.752261807292083,3.559030252066665,3.7715050048867353
726,3.7152560079680663,4.021302000561457,3.5363208675871247,3.8071086336062967,3.513355123384059,4.635223340492078,3.7296927760118854,3.5603621264214467
727,3.685234894804341,3.6933456282642245,3.7644988427715127,4.008976878711556,3.5233947763632525,4.843761621693672,3.5235436678620267,3.5928759586792296
728,3.7595861366418646,3.8583047163165656,3.5208280483829064,3.9655274980260597,3.836380237746825,4.3649567410857,3.7636196019335704,3.8411685389436583
729,3.7726723944655562,4.0159324134809955,4.005635889765093,4.0999320748966985,3.794941665596997,5.0535037681560215,3.4484640736559533,3.9495197859570235
730,3.69336236390053,3.9849331656635743,3.555501430227054,3.7014293414390504,3.783360154452872,4.424482088680562,3.6445708310294584,3.7860084114922747
731,3.8187995217878106,3.7627511354186596,3.9017087228758935,4.016920209771548,3.7707259603488397,4.995145647376592,3.5225232640470185,3.8527135811922655
732,3.4801888618460914,3.9297146597260775,3.632821601890691,3.8777559394343704,3.590847079017246,4.828366890103234,3.5883732145307596,3.5383082169651487
733,3.542036024277481,3.8848201610704973,3.7608739658368453,3.970651237616031,3.4050235738416172,4.342153470567918,3.610795739044628,3.8819699724749155
734,3.5557569439777748,3.9602495092001884,3.4798500494614366,3.704545545328642,3.5494204598530703,4.686018647296878,3.7893376220132295,3.72797009857793
735,3.863428746730003,3.761692232551305,3.695470834258774,4.150054140715398,3.5620826811433224,4.553228011753334,3.502659770968878,3.8668787040465977
736,3.6742202199652687,3.9065721422131947,3.5118166670882527,3.775869478548632,3.7131415824675424,4.444147212619369,3.8185743988497487,3.5987745834466085
737,3.8285254827533546,3.8351378098165116,3.8241920467202415,3.862107527742057,3.6252276935505154,4.677419496671235,3.669655683329626,3.7170971785236095
738,3.427385598107705,3.5975779279761646,3.656794974935636,4.1152539714748615,3.6594191639621623,4.661710367477896,3.6905825463159108,3.859793157622362
739,3.5735289806342876,3.7250990022300106,3.9829625400434105,3.9116855285278738,3.7203275940440497,4.48623577598451,3.489758599028611,3.7295074046620504
740,3.345084168409594,3.9099671633151813,3.442409407829438,3.78121934182129,3.6484511265022253,4.437339971842854,3.9040264275225476,3.7568191052920805
741,3.7695278833371866,3.7237787683380366,3.737976621808684,3.9494074174767375,3.606787706819675,4.804580652384681,3.6109467645278075,3.7648229217363163
742,3.481366391776908,3.846409975348144,3.7154726275912915,3.69534395689504,3.496970322018188,4.295690474766819,3.7690736406725422,3.7494298213121793
743,3.7500176101683116,3.758128040768549,3.867462778128736,3.9689867357787536,3.63446808062714,4.9046850526568315,3.5687261424618875,4.034816416880467
744,3.503881614223438,3.9160728632243464,3.460689063334693,3.8356374443080474,3.61651262768062,4.376304713576223,3.914059206066488,3.634629545804471
745,3.781503133081355,3.8882405370537576,3.8567387111955846,3.8772241506098486,3.641327912831147,4.762306101738077,3.612870763564191,3.852256980196349
746,3.5202963475790177,3.9737985949971453,3.3530235760502136,3.8793393311575097,3.6821838283173163,4.782504696919568,3.5800805245244627,3.4195986438441697
747,3.7371481914614195,3.787710229337332,3.5294226773767026,4.123641774872431,3.7264504869936275,4.601043490880721,3.434093668263985,3.5633239823299183
748,3.4491378440859797,4.14859261119227,3.628183136529294,3.6243823786239533,3.6607122883184275,4.598427948044775,3.67738878726039,3.790028592828042
749,3.8693179295195295,3.9936907848118794,3.9244226891272564,3.8615193204830462,3.680043140611322,4.942288217305836,3.536756728898024,3.89453362320538
750,3.48686875578328,3.750985836761718,3.6357976398679224,3.722109184016335,3.534764025353115,4.808742814071997,3.3974885588168386,3.4419698742525413
