,ev_op_Hp15,ev_op_Hp20,ev_op_Hp25,ev_op_Hp30,ev_op_H40,ev_op_Hp15_2f,ev_op_Hp20_2f,ev_op_Hp25_2f,ev_op_Hp30_2f,ev_op_Hp40_2f
0,22.389449989841598,20.42760514421842,18.267431822817386,21.87180587129515,19.47359680052776,15.992837620657424,17.737562897308486,20.47978560640563,17.662801459786337,18.125386844384316
1,25.764046253692246,20.076607862430006,14.669591208515023,22.024147979419773,20.481054386064827,17.897250422494267,20.983644854308846,19.848603354523362,21.769346579760196,18.892409393477262
2,24.046416366547387,19.779437082853335,16.59313019367104,23.345907267079333,18.518494398257022,17.482262676084275,15.642100324663321,17.205582363419754,19.249630152020075,18.409848158559626
3,23.31183282544157,19.21137803723701,17.705765826276576,21.11223016225573,21.33054992275848,15.42417317744644,19.304229188473716,17.62299008048992,20.090313904781127,18.241627558370556
4,26.780159567839007,24.113631110747964,14.74691602595361,20.08477348535286,19.87227924844991,15.302920425076975,20.733302582557243,18.59184379368589,19.761681813600987,19.76401596515327
5,19.533949512076187,17.372830070043975,18.205484907073025,22.70652764167167,21.309708279762344,17.34725478897985,17.298682781625324,18.318747529570633,21.529820745360674,16.975394235533535
6,25.659709722982058,21.663873112641223,18.76548328788064,22.508896596762646,21.00378433681654,15.841071651714284,23.661398027936418,20.069478975790176,19.325263143931117,22.729013187415486
7,22.45900906038269,18.604940880515898,15.472015897448225,21.579360061034706,20.23010901523555,14.10311208392497,14.894369463784313,18.72860593753048,22.523912527591047,19.20914423827474
8,23.142480043166522,18.81717341770997,19.2462921803981,19.433701714943954,19.45397436739664,12.538229208700056,19.132215598426846,19.99602184983082,19.435417169835482,18.53953574915736
9,23.528549452992443,22.074569831837508,14.002422962821274,23.83672763957777,21.283822822893583,19.535435705222163,19.531685755515884,18.026203208474147,17.955095539740523,18.726766554453715
10,25.70143047164483,18.138624685902478,18.073652227380922,19.650965481703732,19.5899346684322,14.433530394055804,19.15576409170026,20.21697229431849,20.629410219425704,17.716847192003804
11,22.060201353374918,22.95121260803555,16.72424222254614,24.010449543937234,18.893766702974474,17.093017919024692,21.541452744970023,20.02181440116554,22.121552096540903,18.528566872489275
12,24.07779091275311,16.910938338534105,15.761170184811268,19.713420142738475,19.540791219273032,21.59582515509647,18.882655454019773,21.50775058175041,21.527638486910302,18.57190269804376
13,24.044961300554387,23.107123708138946,17.148294422010668,24.53747141518068,21.953648089848976,12.34707881591584,18.58936053288066,20.28546859648644,19.473696542091066,17.506550902300148
14,25.261914575186587,19.065271270920867,16.958262717122373,21.185038132226346,17.875830413794436,19.99896943279628,17.3014445675004,19.014267124457934,19.945152741971867,17.99667282322791
15,22.92886773005307,21.629143174777063,16.603951002155654,22.761046016795888,22.074400227099673,12.767691549063285,17.884558313167997,15.023185510576065,18.48405991555895,18.575808143053838
16,21.11383604168516,20.93198535733509,18.025332248771658,22.14908780193413,20.18526515509691,17.41203792397199,20.157971989027594,18.040879568311418,22.907084736551905,19.06674727975924
17,26.056479697049863,20.539395901113704,15.889607293005344,20.989930273178672,19.77617026424798,14.860229832190377,19.721534460680136,21.675914901663678,17.570396742903757,18.268539053776458
18,23.847444736050825,21.42067636661375,16.105800806966723,23.245043389308428,23.399317622262586,17.01699803315753,20.200051560311636,22.688700821217882,16.446268841817353,17.42537014342228
19,23.82472904658929,18.036715470192497,17.41124999952587,20.708056026612557,17.8910449056554,15.084948752153458,15.295833280772657,19.20333222474916,23.743885864506268,18.240806660859015
20,23.146524055219206,22.922622111185245,17.105406004929172,18.680953627803216,19.9429944661977,14.697632357919579,20.130788546901947,16.922160408701114,19.286796009366917,19.51479532603022
21,24.842459622037197,17.23735006219477,16.379905636852595,25.00243656570775,19.761474735303153,17.7058527440729,17.69165921788635,18.886892295671128,25.046079325870643,19.26353942620378
22,23.312398376303047,22.148479857997717,17.416245592846607,21.055071380798587,20.909199951022455,18.581560554832777,14.89814212663321,20.92876892395134,17.958066140384968,18.711514130902724
23,22.347835723189103,19.09374690204911,15.877867378765682,22.369884410436427,19.849272750119077,14.77391339979431,20.92359509986,17.30803162641538,22.786382796641213,17.134204542881463
24,24.180717908807036,22.806747397208287,16.837368978310277,22.07051622822647,19.92288277141065,20.900181692158103,20.275921407210262,21.153138278872664,23.275284054744297,20.211436435241577
25,22.2473584019361,17.192056860584625,16.28370485181047,21.368234132723458,21.649116177195847,13.833497511935736,17.65093869913007,18.75426972013957,21.399059050602236,17.03637269240376
26,20.967354960096337,18.391448533280624,15.07014051955502,18.868539773371815,19.84590982950931,21.272634862145853,20.272115313648815,18.01995238409415,20.603272028650153,17.766184462828768
27,26.046520016808394,19.86528988585744,18.542193852055544,26.266084581938657,17.93593412073429,17.262208423669954,18.037131353393704,22.301386738232903,21.562587456209545,19.26776020621314
28,24.02528077859002,17.619624955032744,17.43814401594438,21.080317605650908,18.786586452561448,15.739099869319249,19.602813441264026,18.78423229692253,19.350074071120808,16.90733802729906
29,22.07277767358064,23.265268504540384,15.033465017375525,22.639520748440376,21.377632437344197,15.041769590579477,19.21164394181275,18.019511949635415,23.138366777649978,18.69399951593358
30,23.90749784880578,21.565421155794187,16.189794695561652,19.412927439898528,16.562116983210387,15.09137602633729,15.931802463334893,17.46914612027717,20.139189865271295,17.468369277897363
31,23.295506925693584,19.491000018129093,17.479756520612003,25.97480537849018,22.98993790696569,15.936337347201668,22.71123266787718,21.178243457877418,22.398573653719783,19.191206725799514
32,23.412184899666464,21.357477940909835,15.2721091807867,23.75163078124607,19.7221775195291,14.882116193652466,19.85229602791253,20.668166497046546,20.246400027671584,17.84125128786527
33,23.585266459985426,18.545602090950364,19.605307993108852,21.643215746635086,21.107309487302967,16.997881162631987,16.977907004910755,20.556486627652497,22.59083426887639,17.963086126941523
34,22.077040752711,18.862162655448717,17.167162123218127,21.790355653692654,19.84608317699107,15.87091978858715,19.11161678204447,18.23602278874402,21.43263286377969,18.373753280131098
35,24.764348088465606,22.405130026856206,16.935998827837846,21.28374730853432,20.11176790199505,15.762732386583687,17.741481824539537,18.94873315474513,20.00718334705784,19.053058138990586
36,25.97321634680556,18.469069157783814,17.481544185147943,18.70798064693293,19.34172165827139,19.811365275039055,17.686282302176117,19.72923718252734,21.984757551218706,17.51973193136227
37,21.557447647868976,22.136188911490613,17.524457509514324,25.185528249444026,22.478958047181855,15.800331828462298,20.315018539287426,18.021040262702492,20.111134905633932,18.36418911594488
38,22.29708669255457,21.21571263912501,15.801636380860336,26.767101712282077,19.936004064061883,15.4340660734225,21.197168655612238,16.782706179167924,25.780895253966612,19.417739024917914
39,23.91722237002998,17.70305800365404,16.92021356661799,18.531171061209577,20.846207482255096,15.590218333716987,19.05747546789044,18.297526812431993,20.232964033922368,17.13475185884674
40,24.107208076785508,16.923672024897535,16.975399735231566,26.045249448076245,19.676706534171647,18.3134094434866,21.411718796410224,19.77835664803433,20.192512016456632,19.720345901426832
41,23.8870307677691,23.623953074608334,16.177980567512517,19.675246504325642,21.45871823041125,14.571490827755316,14.938874806447876,17.60747512671204,22.4389894071286,17.053222319601332
42,23.502703320789685,19.445491110339535,15.956429261086457,17.960875722126673,20.68501224468256,19.377087485419132,19.452869567595815,20.088230933658732,20.52945285621227,18.01659098544953
43,23.451942927372492,21.683244029461473,18.936615637869046,24.141905025138914,19.44752008803148,14.537784653668087,20.500564707553487,22.761867444376197,23.414564765461726,17.58878923886508
44,21.960160592799692,21.21006745697039,17.83047455991038,24.577639828984246,18.901776413803024,15.99502901213168,16.603341662288646,22.482975474525208,19.05331912821726,19.496050387463864
45,25.692849219860374,18.482412305305136,15.702325804381937,19.8735985410653,20.226610559130233,14.65309566875853,18.54232444853265,18.67407350783339,22.398135510493358,18.336690824912438
46,23.91342378507274,17.2027620181142,17.50135056882276,24.497269438413866,19.064692522462064,18.312982468927945,16.750693284792572,22.6892056102643,20.45425648898235,20.44122129479808
47,24.041843454082155,23.096848470289636,16.46610211708604,18.83117175619869,21.21288984961958,14.493327754530787,17.847637970558186,17.72990709481753,22.9868700288921,18.26030590167542
48,20.2095152074867,22.10769862847039,17.42247206832895,22.59437864326064,19.484425084899353,15.003095635178068,16.23139895002772,16.859906740829825,20.701741620695035,17.660196801148974
49,27.23760105777791,17.934085296454903,16.190332882232337,20.260766288696423,19.816305643748386,16.975440285163504,18.978903726176576,18.049054733003572,20.88060247598392,19.20866876894333
50,23.120708988892684,19.82497690921397,17.638379698197387,25.269165066290352,21.089153965415374,20.913550532675487,18.661720960128548,18.834767330906015,22.165160755244283,19.37186884770389
51,25.51548713819275,20.024036283659633,15.732272441125085,19.215424590104245,17.549230796975188,12.993043137261727,20.144773078553474,22.70689043456844,17.925882819471163,17.71777121452553
52,20.05482158315355,20.374853312051417,20.590138368605288,21.18541016608099,17.890619065537702,17.242190588353747,23.246536474471466,20.809531593798358,21.74352383619323,17.917961351624818
53,19.383184490177662,19.62385307561623,16.998300335871733,17.59853171738153,17.663039296193787,24.185922522809488,21.23484781757141,20.05508641160235,17.849789774023435,19.014490615243922
54,18.690755183923212,21.87992370360797,14.785698231104762,18.906492935572203,17.06304776142575,17.41007145504552,26.63439933864264,19.149410705512924,18.897759545788013,19.83113764432745
55,20.27668193715643,17.02978321351582,8.452249146213653,16.325637698248862,17.790018743956658,16.574838485262134,23.234954931675258,20.647674732598578,16.66648375896086,18.07817047031593
56,19.69110542037899,13.225699889062389,21.4677756143384,17.703157341890993,17.58819471564493,17.4500854562482,23.669072973526234,18.122200115695932,16.516221223045825,19.94015586052347
57,17.702462655269702,13.837497097817483,19.66288533620791,15.678912104967958,17.624439586368144,17.989654180272353,23.137195690172714,19.912048860127115,18.620265232421644,18.952333729075782
58,17.741357854379743,13.649413244828178,18.22220260529256,17.07787108857339,17.02056311878691,18.177782698803743,21.597637906891002,18.623978770437265,14.308968671447344,17.81247057030777
59,18.681010474935356,13.700432650985556,18.54837971471523,16.388718785383475,18.191853371117062,16.34731739830973,23.268104471629456,18.91287397823025,17.481187766183325,18.573014949675514
60,17.658365261918856,11.942925170371248,17.837686975114348,15.469521525545973,17.35626437672876,17.44187935825602,24.038565038221194,19.086554322861076,14.380523227209451,16.8149831069306
61,18.466922656753372,15.640188509711324,19.822201229814986,17.59745457792691,15.848129497211904,18.433502473118835,19.00691499755901,17.511659921912994,15.840489101544097,18.713851413113545
62,20.40323956038166,12.321625448865818,17.79913538737236,14.88999103019772,14.999984572582154,16.19611610874251,14.679135904421983,15.306532682333833,14.350518029483831,17.002120425370574
63,15.046878116870966,12.592340522872375,18.732383001615197,15.623660273144356,18.239233389462136,19.20631186686254,17.270974196394516,18.279831971052467,18.222212293814575,17.175975059659663
64,14.330418759029085,11.186918307406632,19.24393985831182,17.334955873354428,14.671788775549201,15.559928052423324,11.028478910130392,12.98581344963427,15.318004554766487,16.180168449081346
65,12.870395573858541,12.200860921469404,16.193142746952216,13.636851540754133,17.182302163970743,18.03310969347143,18.93190746930128,15.111770956520798,17.101460217653223,17.113697608347316
66,14.95822280576161,10.796666249125462,15.70248162062953,14.272319668479527,16.20864790287883,13.969890848883743,18.386710673763435,14.097458725517845,15.972081993601996,17.16490609014039
67,11.322365531917992,13.06316388594542,15.005561337736424,14.13235151996522,14.164185557870498,18.113047721295878,17.180215448364656,12.023586128163094,16.314332762781913,17.452226532935768
68,11.912494663241986,10.065824601385229,15.532890748730242,14.0475636790915,15.315941699661149,15.23147188449337,11.864633998762809,14.33186022864238,14.596153104852547,17.435229255760397
69,11.991684393307686,13.124641193710383,13.610536539803524,14.31484838709714,14.486153433797003,13.8201340888552,21.318979755365305,12.213336773741606,16.842555728511293,17.00031255589145
70,11.299180802147466,10.216243984464942,14.41852754248795,13.024094865580938,15.796972259988372,14.228894163189112,15.551894353983837,10.967009790349588,15.93988974475581,17.29589635441191
71,11.656688207479466,9.245652092204502,13.374983035572539,14.954295267801118,15.16321701072056,15.630261077518064,16.233090961058263,15.203025910105556,16.9217249814317,15.36118899090456
72,11.838502593298248,9.68208324263096,14.22195221136989,14.689772688851182,15.236058388795614,18.411944281054364,18.730635197061016,12.365497856862314,15.142750694528688,17.585592827098203
73,12.477346910994287,9.783113440013912,13.321616487392419,14.380390708001771,15.834928432592003,11.892596974493529,13.91721279573792,20.7387947360685,16.109794408858804,16.9383058246551
74,11.722445063189056,10.156181422980593,13.10736362150951,13.01216478554958,17.557812846201596,12.544037393148642,15.913116653615136,19.0049819473374,14.273319099919245,16.802423037194266
75,11.533059800559604,9.728239166008722,13.831924689779294,13.90630193966629,14.381590007712092,14.481209222585035,16.646247523446995,22.05788045603941,17.45988716874388,16.585421615459868
76,11.399151067605699,9.276726404532168,12.285872605524998,12.23100426800536,18.47203966504937,14.008318736622636,15.936107163645433,16.80355173185511,15.3032636936206,17.344527512318905
77,12.325081953037229,10.056378472724091,14.123291015004801,15.633572210594687,13.921704903147363,11.885158215249556,15.801800847069648,19.486702168078757,17.497838201914355,16.861285308870087
78,10.742416623286548,9.6519361388969,11.934532029847869,13.891659372764302,18.208438518874775,12.85185595531886,18.814056314563647,13.44741927613952,15.926232785328414,15.614796635798633
79,12.919132543257666,10.240242446621423,13.728155901818882,13.229944345201075,13.579837783612382,12.408661975344668,13.75264238198576,20.27240774689493,13.733751655955139,18.073124148299765
80,11.576960810895224,9.741361767785836,12.46911004814376,12.464107495806205,16.62437724993735,13.4401272174778,13.850552663667251,13.23022127275108,14.76379302636662,17.9800135573319
81,11.925514854052054,9.898879791168529,11.951044371243889,12.410918132954487,16.644806660184898,12.656445277015711,14.451428441899397,16.820233883355947,15.98894815195456,18.62487004624552
82,10.28966784725561,9.085029790036455,12.610042070518862,12.862225143534774,16.784731832042507,12.218731880467788,12.438542643004801,14.05298465488047,16.61641545489034,16.865323878319906
83,12.91444228057311,10.658764976369808,12.389329487091508,12.569869091300568,16.49907838902705,13.533975747408325,16.437220725088707,12.789762608306146,13.306546375809928,19.5897157067689
84,11.289689693927919,10.559707944743153,12.694788176687904,12.830259957521143,16.341271290499066,13.90790616049803,14.384287571625087,13.531577718465387,13.285734443159908,15.671974983713914
85,10.704656510312887,8.653876857926885,12.132296235377096,13.549420551046182,15.594811019872484,12.25350484694941,12.181980951221087,14.579764160238437,16.182073477815006,18.02812393786658
86,11.148389291289703,9.480968263082898,12.888057137693805,13.218695866031904,16.311306422289967,12.81875046881486,12.22665132163243,14.956145173828512,15.841716232838436,19.47748207875607
87,10.297760641382986,9.508713411193932,12.171791392372683,12.027722302998125,16.533698076381874,11.802434519591852,12.167213382971804,13.363057006696595,15.20305300556637,17.015404958607732
88,11.416809998026196,8.022429072181787,11.944402541994807,13.793817698455879,17.712505196352936,14.195247818121793,13.883858804825815,15.137574261785067,14.389057458428235,17.478841219825007
89,9.847014965341726,9.366396332506605,12.85392104107253,12.071117483881952,17.53396083048492,10.571378108377505,11.991434187419513,12.717057809888036,12.85586553686488,19.7013282783041
90,11.637738832164677,8.518699936475276,12.075397900947078,12.795155634679928,17.28529957373286,12.403389961677338,12.231649227613728,12.944677330231027,11.924074706440793,18.138190028885084
91,9.159184976716938,9.602461124911061,12.807822376636894,12.977185670524651,17.06525639422059,13.299921279876218,13.07942844160653,14.293004962582959,15.517550085447796,17.265260132052585
92,9.200464237822326,8.878759338129283,10.946676613041866,12.284961007030928,16.77062094288411,11.384427408533725,13.94767756140796,12.706939192588818,14.316758995092812,17.592264321817627
93,10.639031694775742,9.22383723436274,13.35833279401727,12.413670765208447,17.643655765569527,11.769479956322277,11.393341308841647,13.926176450972518,13.218093574201996,17.650746155283304
94,10.227063276908419,10.046422564087413,11.369695950306587,11.805560034109497,15.729778613186003,12.142251854569391,12.759991228954513,13.668728422132173,13.75582391647006,17.810846749944663
95,9.315526993608172,8.158931518785629,10.755168676507438,12.667404542587512,17.378276191494166,10.71371122020565,10.452292093768465,13.421408408597756,14.493764091910956,18.843878041989242
96,10.418597708818192,8.618042658542501,10.492716420448486,13.071495189310857,16.665296335393382,10.621288204520384,9.70149124965517,12.302336402362608,15.228484615119644,18.072658337882945
97,8.54311968513992,8.796722087929933,11.74265590307696,12.197886629122353,16.674670097225682,11.54508980699992,15.4358409556935,14.90800393032965,12.532058940292897,18.018166718774435
98,8.271312528702287,9.261143200358282,10.534698962666786,11.522563349301365,17.92769534195216,13.396394207384974,9.512424242073422,12.050995393232018,16.203180217757026,17.431591622027774
99,10.540037363125828,8.12799349469297,11.558266188514047,12.933794735214727,15.732136263571299,8.923792462779641,12.775948491048725,12.990740304714024,10.312918996922022,17.131293102994817
100,7.439430646741809,8.614263009671813,10.46175631385515,12.309874669063394,15.495319948503552,9.159430679163155,9.552099023469689,12.606947118596924,14.852858735657527,17.42734213726487
101,10.299129605584984,9.053477009744356,11.087804273498751,12.364637696545689,17.314635314684697,10.079397624656774,13.009964965784997,12.129678634623797,13.806650315195174,18.33779876514135
102,8.023758696336477,8.306740303974863,11.777369055988508,12.433851539498908,15.95271573242237,7.5489362175281745,10.367595586294732,13.685113259828565,12.286796225942798,17.06510279216963
103,8.639917628154349,8.428612044878887,9.948842108638507,12.047799621487618,15.648092492438254,10.90321034092863,10.952974791911053,11.86910716364695,14.243306029739744,18.008798657911196
104,8.610163110832044,8.524098853190495,10.70473736841398,12.479593603265327,16.399699176131648,10.271220105624316,9.934166247793357,11.969245358845567,14.007595298036478,16.999439576327468
105,8.085234764639377,9.304596772956902,10.341310279753886,11.640631598562207,15.326146278853102,8.038894197777601,10.05392457974915,11.199996394784574,12.29110824398295,18.309218504196227
106,7.6311455221604705,8.566279102922753,9.929400107675345,12.37746773734834,16.58522409463622,11.125456702949599,12.721772236466624,12.406647109839346,12.77531089016019,16.514395406525875
107,8.96158929350689,8.799586241509074,11.147465494557704,12.037241959688842,15.286375207070598,7.628770056698833,7.812387133341069,11.13242910426499,13.614215104878381,16.856470404167826
108,8.038686691278274,8.668525135542323,10.235023366835364,12.82963256660633,16.13838320750012,7.868502656690894,12.054880667999594,12.52255156336489,13.026721442288183,16.40873839162003
109,8.290946678612801,8.36758684895785,9.695128215182994,11.792147513810933,15.62473758635291,8.31100846835822,9.260865730269794,11.886022638553897,14.617545712675186,18.278972839554157
110,7.927193053856078,7.563679520460754,10.108106731247116,11.745945587404758,15.45910531769566,9.5251647110714,10.4909895266705,11.855452599813342,13.459803707017636,16.823056433631418
111,7.8858016286816115,8.755753993497423,11.079520209871708,12.343609554813458,17.546578422215184,6.939378429522776,9.116049266260708,12.333113206640121,11.808720938925818,16.37847834776383
112,8.47069394083275,9.185386800101433,10.378669163589231,12.616505917285956,15.826204232580492,8.861052396089804,10.21405710599583,12.584456967303419,13.159100925726696,17.293378496685595
113,7.1327550226256,7.403827508444374,9.626170660081982,11.81287066990539,14.3516171736666,7.9143109152020275,9.147490376998014,11.25751380667355,14.543241735085829,16.981204474804038
114,9.335153053855327,8.362064376701257,10.711960248937093,12.535843497012731,15.47251803969323,7.9350344044704455,10.366412918746516,11.546317625272133,11.603115489988047,17.47724917335993
115,7.1154386370149325,8.291406426334659,9.342577265818871,10.964154103067381,15.661011775588191,8.130777171610132,10.58329741697947,12.595090029062368,13.326342464479744,18.317630293876533
116,9.026237239270094,8.009041451806254,9.46574570785699,12.00660209643984,15.88995324838062,7.085685949435036,10.872138060523069,11.238812516422215,13.109863610032862,17.894888972315474
117,6.192471917898182,8.18450948760025,10.187464404333394,11.731379822399731,13.994776732390331,9.789676019750479,8.32140822086423,11.659658953204074,12.927811915477285,19.6896980337176
118,6.77130614604678,8.504664035580094,9.643025250164904,10.087399453849436,16.407448746467256,7.575562985714421,9.674737093121538,12.119466412168299,12.66179628358365,18.714275395071336
119,7.031050008135675,7.25861444272995,10.027900998116307,13.035115729726813,13.875502246195259,7.386153699407704,10.610241603829355,11.063250186960722,11.897763089340886,18.40361160588432
120,7.1571402295250355,7.790600482425752,9.258404268728905,10.11020618184262,14.743626417812868,9.082991937710041,9.187944274739065,9.188244279114203,12.328535102454595,17.44563305504064
121,6.811204230729997,8.127253563386311,9.76043498491098,11.664971572444777,13.658847184141298,7.242220598665568,8.845550937114298,12.661376173570327,13.051155588995513,18.307169327681454
122,7.120989343094354,8.360401939197555,9.578916604436909,11.383659281279142,13.089929644702014,6.287719453884719,8.976713516729895,11.776512565116084,15.718409369128139,19.66333987318498
123,7.052978411806936,7.577179839920223,9.418749261868198,11.052949444488046,16.104254807864606,8.313875132077202,9.690759660668714,8.98509951766123,11.821378612811943,18.42475167781904
124,6.762451176033081,7.42956148695557,9.101927739468486,10.90418874238161,14.282759125381972,7.455521506553102,9.471966787246338,10.85053109596054,11.144499923001652,18.087942935107563
125,7.178960641931927,7.969687629005373,10.31755007657986,10.471025773773674,15.222655625768457,8.010748335299327,8.849123675672578,9.822798817373034,13.829354901044862,18.636264614138714
126,6.777664313764792,8.516399061897692,9.9105231824511,9.871024642108333,15.94953008656313,7.0333734711772475,7.10053503825786,12.044805398528132,16.173179855816127,19.04938576305056
127,7.338339199536615,6.622882606014866,9.072909365479441,11.239348321069585,14.609072838872414,7.395126647945536,10.137370279038969,9.600472028739812,10.690076289429582,17.007128966211127
128,7.456006637956791,8.091372462984616,9.496807658750612,11.224274409142796,15.190719244785162,7.35723442146244,9.39959346800698,9.784544768225535,13.026862360522417,17.74301145071545
129,7.183265059751463,6.808966942739426,9.513732321425776,10.340559436458225,13.121425852046542,7.741835992496143,7.858446389552077,10.44959568821248,12.357539010927944,17.431154158258582
130,8.015997829466519,6.251507152637173,8.627319816517636,10.381816998497266,14.96750795440092,6.8730532204582,8.844862343550647,9.00859884569599,10.78198108967862,17.67523198305652
131,5.514781930869475,8.2777312861128,9.506755358941936,10.60329717767512,12.761263477399465,8.05277622597269,7.587340542963674,12.343155674357046,13.451261812018307,17.063176655469547
132,6.1108319893162175,7.312327591183571,8.399312794622608,9.719817331983462,14.784758572422922,7.989163875266326,7.30558172506758,9.66614267139815,12.645330432850411,17.663577434850723
133,6.6886232089335085,6.33584490752047,9.85699725471959,10.814658091615748,12.527366608668244,5.986608747162507,9.873093016291259,9.312083887067026,11.08752097045805,17.342394277377963
134,5.776521067577367,6.625324512551994,9.36983076588478,11.154517281557707,13.214934361142932,6.291333826869544,7.112658915211088,13.558673455681173,11.691009426024875,17.942479121869827
135,6.92144569356022,6.899470551970325,8.24466475348247,10.464450968300397,13.116897502864717,7.061674644552964,9.124379998432028,9.193550050299102,12.752118035416867,16.98695407904187
136,5.371213960222428,8.086862224089844,9.504328161238403,10.436249388112705,13.718464290690484,8.476193921275813,7.738550442403377,11.394859989498167,14.093603426822675,16.62264505042021
137,7.451886723956943,5.369622178640281,7.406205260948404,10.795473036239214,13.322286073854288,6.193336590793012,7.695593774375171,11.506708158826648,9.691129548605556,16.414939982941664
138,6.08651085792471,6.560849717570658,8.972887499216675,9.887182605931683,13.123404717362583,6.332535755292715,8.292262386684865,11.632183071883071,10.813851725998694,16.903742942922992
139,5.947807151432263,6.037871827706178,7.313470206883352,10.417610325343102,12.855354945901176,6.727919607441768,7.86543672954734,12.66671124197511,11.128756161621824,18.334036672577714
140,6.560288575483324,5.9911556621687865,7.6888984842473125,9.455271564061825,14.362842235826719,6.13500674537547,7.536276378839345,9.939188363697648,11.788040214223676,17.194587207139126
141,5.491669325702119,6.713792572850589,7.564042675894016,10.672941430743947,12.692717913474443,6.7842752036572405,7.356293809585829,11.269022797437058,8.362490497246233,16.87032902640227
142,6.830198607273487,4.932937479328439,6.103568917213548,11.796473416242652,12.919426689315783,7.135509686283875,8.40880554126488,12.954858589464044,10.615710353233432,17.947133911544505
143,5.605507546047185,7.373931125122635,8.558251508986228,8.763268222607035,12.578573056378348,6.28023029743687,7.778045588900957,9.542236309302403,9.955336543632832,15.490534069683433
144,4.754422773287062,6.200708602692334,5.609074082242824,10.853878136689383,14.622255234763053,6.43350336428113,6.806983487812466,10.754403875990162,11.401480395645839,16.732847053963365
145,6.484159125041118,5.665004579298347,8.313091298428251,9.354302734125337,10.205707878236693,7.287666523782851,8.770643169240419,10.053350642028791,10.171422784422193,16.552612167558067
146,5.242339862870826,6.956513606949404,6.088806801475456,10.42617794661013,9.466807009343045,7.248220045990502,8.937337456906587,11.432212977788469,9.170849353958591,17.36699469291477
147,5.744390630580027,4.345400077243081,6.650409097392816,9.459349451620794,12.256685317617851,5.9509339683341365,5.660597020782304,9.129033652723491,11.709500305920503,15.873747114760747
148,5.302782460781547,5.1431520251850795,7.198213008717208,8.091708127808554,11.079767289702508,6.927538131800781,6.667089063217159,10.841884540417706,9.221669830186324,15.989751488118829
149,5.551573150407204,5.459253152906935,5.330227169392336,10.136769584940971,11.620465719071058,5.237153341631636,7.315123571592973,10.828502356824151,9.2997857535738,17.27506564715794
150,5.574644424414344,5.471980533606219,4.599965434516962,8.639541675683963,12.838120631820596,8.322807333359542,6.118059838002085,9.96932644138902,10.246221574664542,16.43093218476846
151,5.363428359355727,5.240927167887558,6.663419671727696,10.053667826407366,11.88459814294669,5.5406426190655145,7.063364306653604,10.127711529394002,11.95474056721415,15.527855787446335
152,5.192198907513098,4.889837691548106,5.83097481780168,9.685984216950512,10.176269986832242,6.9462313477186015,6.551357212326684,12.321702962970825,8.92737225724579,18.127139631046777
153,5.553312655661891,5.446345912257864,4.8766222785308315,8.68617120403809,12.753782186914915,5.243327894443483,6.857359626672644,8.495127053012359,10.513183535665561,14.309857456877372
154,6.015806066224826,5.47567809588301,5.951481581754229,9.352517393414443,10.210940894729308,6.117550722957614,6.488710605060034,9.745464014207698,11.695603349858304,16.768739886904605
155,4.711082618292244,4.886893331273222,4.599884197084038,9.024989156945821,12.728038733264484,6.334522386812687,7.367171271979557,9.849179901238175,10.345571820819707,17.469527659991172
156,4.89862136322346,4.9363495779660385,5.891701260682401,9.322946877105768,11.697307423183963,5.702202266712033,6.8411246983675715,10.156871771745667,10.127990586217951,18.02101631451976
157,5.694983477608502,5.235394301721106,4.165185461563122,9.090974886910805,12.68079142110562,5.7127792700314,6.050682009780007,11.004452622245498,9.979775819979409,16.44455065811054
158,5.530213277750514,4.593443607235613,4.622511679741163,9.852176770255891,11.604130669013406,6.977014347024063,7.683362141746022,11.054850504111831,10.892829631501497,18.016939029900687
159,4.855487131394937,5.575622618752807,4.926858414533853,9.073953560647443,12.124212167989375,5.647465016665751,7.051226449931423,7.15660092271783,9.869864950769442,17.95609373227615
160,4.992075172119611,4.910125756067536,5.043697018444372,7.529573335315344,12.557498942907662,5.457543065784125,6.318025881318867,8.421954428323266,9.156860763722557,16.773050833839513
161,5.4492303342326425,5.6826127825098895,4.953022647544214,9.968521784705471,11.342543191907355,7.2410036850344905,6.862874302915906,8.934555164708348,9.898576826402811,18.25509485016291
162,5.8399922695894295,5.1769115255627955,4.639471906686942,10.151934678496518,9.490240727224762,5.796857950366259,5.577602754456323,8.208522803150887,9.22503313900032,15.386278849299321
163,4.4642319466374785,5.144800664055018,4.952307342619262,6.79666019779444,12.331265283125262,5.6411863355554965,6.4935395697585685,8.655186785780261,10.62250956959908,17.301797101121277
164,4.961067383779533,4.755485070011427,5.115540064930644,6.4818922973931725,11.118127312506086,5.396258102041735,6.246611900296901,7.550172685642098,9.093824078625964,16.290778834227577
165,4.914899092919187,5.677594833954468,4.453488493425205,8.788893888655608,11.507098292001956,6.078165564943942,7.508510972037632,10.743802503603339,11.296308423100097,15.131070365903355
166,5.449230914673991,5.902990256002005,4.27128575718932,7.299285092111627,12.801223815196819,6.057961038995889,7.0707467135363435,9.059542041516853,9.099892204938515,17.285744260128638
167,4.548374478154516,4.276149896677557,5.202003876024008,7.449900498967828,10.359321440760496,5.558853015889414,7.130338863761211,9.02244776591489,11.358851178494998,16.84058868771386
168,4.422608737781928,4.300247266725905,4.2214867347708385,8.102357073277897,12.000924624010516,5.377899917271824,7.092796252372847,10.174022867396568,9.672636945742468,16.70931909213592
169,5.513883162361499,5.579522574954004,5.325942230042026,7.082997581233407,10.48709282997543,6.201112876522381,5.4993697401284205,7.735925819164181,9.98588587753165,14.628003764779733
170,4.9772742928702955,5.1163634274452665,4.494688147893348,8.363584924870302,12.728757362376234,5.66799324869569,6.7535044665155715,8.66533455158281,11.663772811571254,15.835798600611538
171,4.889320821355474,4.7872946946156745,4.683957790782394,6.206308124418139,11.072122071397128,4.888475393464698,6.058129599922819,9.45948343430455,12.090447509931472,15.95708399555535
172,4.904296089263697,5.374447763251652,4.308802140697034,6.817266757919251,13.47666142280058,5.937756685451102,6.872883432130567,8.462122305491452,9.261608330301092,15.427741495186474
173,4.409300550596451,4.4009784268945165,5.140701064114259,6.989033990899118,9.15199755275518,4.966075874802771,7.149665929623229,8.607791460912129,10.61276259144455,17.183890356606696
174,5.170069816915311,4.416859435332986,5.020440505566473,8.13615591967684,9.793058040899309,4.448871843730668,7.361627924194971,10.713857467902947,11.713586332155334,15.97969687836349
175,4.447633580628924,5.51248834227416,4.115307282527681,6.264733540357504,11.46771854812982,6.350476805127949,5.933419525370583,8.782972670243634,9.201852407507445,16.61137263429038
176,4.965639193344691,5.367834483535915,4.225992787271762,5.4999012815512485,11.27135332515339,5.719501796311712,7.815915839978106,9.333415246781012,8.67471774939015,16.580908149417073
177,4.680343511908547,3.962699399023355,4.596591469254377,7.625469293795431,9.921358486935612,4.4148610437331905,6.648918083695701,9.136037592347193,11.066441163347523,16.03385886099923
178,5.057736559578015,4.846857945081907,4.816377127205796,6.985780789354473,8.293117596611207,5.843857326950064,7.13302942797492,7.273576643953344,8.37811631172396,15.15882790301402
179,4.129211719123556,4.406341505213408,3.8356397136598006,6.410791820898985,13.013378546083311,4.955117560489786,7.588633345112542,9.697196253071665,9.375901579521082,15.972110431977896
180,4.300918672803524,4.226208495440089,4.080609704586486,7.989044944058718,11.460879540969707,5.614013945271301,6.307286495778157,8.017437796612205,9.029394747989086,17.162164537684838
181,4.917737568750531,5.014980913353049,4.736862607523641,5.142828380408016,11.177677140627468,5.591740607562833,6.353585447692444,10.336917352562383,10.025742463619496,15.856796839920818
182,4.244595808553401,4.470014656021317,4.745890600151096,7.162131019827667,8.773234618780648,5.346029819187712,6.407034366018443,7.861594509028128,10.152540271185964,15.675483037949983
183,4.9524910220972576,4.6573167278065135,4.109884077769045,5.250485545445303,11.651160333380066,5.129099616707608,7.112411445866102,9.649068934603646,9.251094619167048,16.890993163057583
184,5.079116176141723,4.522915450218557,4.1055001878002795,5.762140968727896,9.9838296039568,5.378261940575192,5.517085464056602,10.083299793329083,10.406836771924645,17.29973034380028
185,3.7803451306655407,4.730156773050605,4.327642208467398,5.873198069371087,11.099297577108286,5.72074384252289,7.68235123464902,9.01617673710907,9.340548560809575,15.577009530765656
186,4.171853745078572,3.8864928318389307,4.004241896374686,5.330377346844357,10.705785211342166,5.53297960952697,5.782457371606369,5.902494564172164,8.95634649757699,16.46894733832549
187,4.758335492852383,5.379763001830124,4.663215822954198,6.695074871795921,11.115466715412971,5.636011043351558,6.428879028770476,13.174246825324355,10.528253409481234,15.697569805346395
188,4.065747578305239,4.714482237351298,3.8693843723404573,6.236501432217605,10.914367177243992,5.028915758988334,5.862977851620266,10.029610724652006,8.452061269972859,17.700985805950992
189,4.470819706058821,4.315326997168407,4.47187101081222,5.757346303506722,9.533056443116,5.015329369667186,5.708688747899282,9.966222751155644,9.950637864916764,15.171157695687048
190,4.237291904635336,4.277672167098599,4.109631086044527,5.257826412181451,10.37680099630556,4.246155809278042,6.53554291416686,11.322751959788645,10.03964340936326,16.398250587716134
191,5.024538801736139,4.430035360722801,4.389874539327107,6.47395676848495,11.730991396721366,4.893605312546351,5.370029904171541,9.433918458422923,9.711530379353064,17.067206565862612
192,4.735193838593493,4.075269780781908,4.18704738774551,6.609955587748122,10.392168643731079,5.889393292827398,5.856301680233332,8.397463234231056,10.18194475029449,17.28513450126415
193,4.471037314505978,4.804014329501077,4.371177169022057,5.612783111311078,9.821032072795239,5.603611472572991,6.382143780851857,12.357922127396856,8.53241117503161,15.98818556245646
194,3.9353278661916704,3.683544713092793,4.363469924024387,5.5790660082721875,9.683758991893137,5.326237660995188,4.772024896486314,10.034778276211279,7.901129016547523,17.249573159864354
195,4.803210532220043,4.910655881373982,4.369024727539807,5.866863126376209,11.522229610123865,6.333660803252398,7.296969360393329,8.117663262788785,10.245399913846626,16.3694089305401
196,3.8358524087267987,3.9013094159788504,4.0177283537507185,5.370786303885459,9.224119991217876,5.6928064385110915,6.469710603917007,7.619247137268472,8.30955725943891,15.947406481898756
197,4.322593394727203,5.073506538371929,4.457237366269275,5.864850985407312,11.500962625620708,5.798278432149819,5.027411833598936,10.461306074142756,10.534087855561099,16.843890085629596
198,4.814770872617252,4.3211187322544955,4.468521037371841,5.912174585368518,11.530938800680202,5.198880348087462,5.548624449427658,9.170370055127318,8.611440949149038,16.06301227783472
199,4.11898289530297,4.279275709789327,4.083691695101009,5.9766391002785335,9.978540742234264,4.30451307983912,6.000656359851386,8.96461985329487,8.715601604228974,17.665771254804234
200,4.240370278806091,4.100450726785077,4.354477233532447,5.928674124163167,9.09588987707302,5.409109585731927,4.8189263825390976,9.446407934997978,8.822428089194046,15.422977193609544
201,4.627373652887028,4.349736543709405,4.223042799177576,5.700881414189396,11.322713832508224,4.527772759790423,5.3507333733916775,9.475570608880918,9.497861162188403,15.363479297264467
202,4.633502323729128,4.111211388324868,3.834442437112879,5.482711421307514,9.819381722977354,4.744992889869965,5.591479673221892,9.943631675550744,8.69137797445737,16.051110938913272
203,4.108485119890765,4.378268599816223,4.463242756240493,5.644183452990652,11.87276154911856,4.927795127917153,5.418780851006515,8.795142765672527,10.347269086447373,15.869067230737752
204,4.136369697697154,4.246499003002332,4.01498947954163,5.401653604638505,8.905418344198042,5.139641305255273,5.703103999286992,10.810744537652184,10.143761472624254,16.74114333322219
205,4.263706191964422,4.489379871175448,4.3552568396756195,5.805271383423671,12.231866599424624,6.163383223437127,5.198956445560587,6.900138705819273,7.438718382189205,16.34138827077464
206,3.9637553123380163,4.060054620412962,4.480538585451724,5.051225229907568,11.10642873315336,5.297191605244898,6.322068418360041,8.518369617686732,9.671035427656863,16.540739890604215
207,4.746537600593753,4.494641447065226,4.367539883143657,6.184786725541409,9.986908841999014,6.044913082228511,5.107914837665449,8.262804965023188,8.30089458150726,16.959580212465944
208,4.229005045751531,4.061571641164887,3.9037983341050055,5.054719953807714,10.670800627439162,5.035946105587294,5.844033968318362,8.536829212075762,10.978226302797468,15.898535786261775
209,4.520760766757831,4.59690881870804,4.394776374558745,6.113823305494425,11.450708168455192,4.379719453189607,4.6570070216091555,7.004148558999501,7.881227336893738,17.98133907891741
210,4.115888178371546,4.255948594077648,4.446644659625941,5.079654489964114,12.47001939500221,5.1657896786746536,5.236783900764666,8.11607839025405,8.627718664758476,17.002774650646135
211,4.486684835584536,4.016544868530825,4.136837685668017,5.940895065860827,7.77684283614746,5.3422149223394335,5.153130773728722,8.405352008110036,9.087135912024449,15.446031947948983
212,4.344152655931938,4.318524105450505,3.9452375630810494,5.395407748217086,10.118433801598163,4.614202337915529,5.466471526186495,6.221530634367202,8.481710835470423,15.374101921835289
213,4.446893997124484,4.311918572946291,4.263435140096245,5.912077178881321,10.017835846697416,4.730947000845695,5.254250665032639,7.77089163358825,10.870424514339547,16.873873105150075
214,4.386514873617814,4.142341398741707,4.358745110079055,5.157734371263026,10.161960309317674,5.294771877480219,5.009269091286775,7.907809914716948,7.645683772145256,15.422051437418999
215,4.097927432844551,4.326991380472532,4.410233614120312,5.814526448207762,9.549687737323932,5.61691838685165,5.165546480471028,7.130024537857004,9.139621251193121,15.131334083737398
216,4.091869728318426,4.1340861326622935,3.9488697666917068,5.720740969592678,9.020886860226044,4.4273888693937495,4.829342690817702,7.518692454432974,8.550014313482466,15.935516865874979
217,4.297190040652115,4.497391452899717,4.425715100236048,5.511885522577337,10.174298000668497,4.59474341412452,5.978837282027364,7.206518447197856,8.223574039610561,15.042086067900177
218,4.196064816413283,4.136579748616822,4.282275161428555,5.4695392694723415,9.929750457846465,4.61809480097892,4.628766034474965,6.35057730312861,7.01854316439692,16.093889436441657
219,4.318108543317019,4.039483354095849,4.315248964643166,5.577239395990435,9.501342017695631,4.634212975425865,4.084665472269984,6.690786949988792,11.506715907425823,17.128562787452047
220,4.320597148162377,4.08747087621437,4.189515362033499,5.525226244433148,9.811353954800087,4.498603087228857,5.257264962004481,7.518554579394308,9.273616156008842,15.996454940829032
221,4.303151487594318,4.48396816829928,4.342284172697411,5.526728160814624,9.597074280377496,4.839542641618188,5.649521641139411,7.924898224752874,8.044175809771106,15.202241411853292
222,4.155896340112292,4.063520843298553,4.400443160551411,4.427381992942638,10.637624267518916,4.740889476511334,4.776039844804993,7.28703933183945,8.102760790856497,14.764652401670565
223,4.667529832338137,4.394747584487768,4.115595034151683,6.089074047985408,9.112570093971595,4.097182707608768,4.635690167391458,7.73127389747643,9.574103533767182,17.184810665301114
224,3.820575078874487,4.055891359559794,4.134682558997081,5.2085476265875075,8.2599503595224,4.998626837867079,5.561672186214184,6.178707775620975,8.424091732874597,15.504664073769268
225,4.565304091888069,4.44439440508427,4.071277434832944,5.217016419687062,10.278506602590229,4.130883599994158,4.50598353459157,9.310173726923543,8.244576699992836,14.701267442132474
226,4.254138113344548,4.173930333288879,4.047936040102859,5.295180627381765,9.079134502109007,4.786368975797579,6.476880824025649,7.640212989579703,7.41596315228089,15.778446743810523
227,4.113152246730323,4.40116838773443,4.459282173239899,5.515077014599529,9.599310840735757,5.573759524320088,5.6020707854301195,6.669878592780723,9.48875492480355,14.447875381970793
228,4.334792178769218,4.37476992637465,4.5399992979243615,5.636027590968014,9.929957931017137,5.068544431973373,5.850860819513109,6.451939572484246,8.788137783097957,15.214698654544256
229,4.175746491308075,3.880302439475484,4.084128869217749,5.006226771417476,8.090253509323967,5.281378437595043,5.633829606281065,7.629072323417534,8.026540741729235,17.523084709906207
230,4.079507696544508,4.233328148450879,3.9851040360238645,5.787052671278994,9.519938985719406,4.510323810522319,5.7215419754035945,6.1936040849338925,8.27483682506271,14.912380173213384
231,4.22756752468833,4.414958468218264,4.38874903639311,4.987940677533891,9.738820753573401,5.147878671701751,6.176668102410356,8.311318284897892,10.461626785408084,16.870746748400972
232,4.13054869194629,4.056310713795374,4.337708121971636,4.622007953603026,9.2145832411012,4.38136569615738,5.619920024361141,7.366374767698761,8.640072002082787,15.94851774264851
233,4.25649884102062,4.5253255202341744,4.197779128851191,6.28887945805632,9.983359937453367,5.094293203483039,5.83281510717434,6.883940969555335,7.717532885411962,16.02488599752588
234,4.206608810698811,3.8518930113181002,3.994507418576548,4.9702628774043065,9.791206873933776,4.530328706838578,4.588090012434949,7.973260333247337,9.59424424970217,15.87470667946013
235,4.189676385738288,4.583064200505718,4.548344924671682,5.5976999969728025,10.380344033374593,4.9541518282073405,5.413425039206238,6.721577514172759,7.920369518489475,16.739105700761918
236,3.962890969493531,4.126268322944778,3.91725438441091,5.018033833688962,9.629697032546995,4.124127638624093,4.902277287680993,6.938677730456478,7.232280462749432,15.839987136210581
237,4.173509879516093,4.223980229364366,4.351079044125306,5.310493810185802,9.405468070993981,4.897769325591235,4.642373909136179,6.212080112388919,9.044664684186001,16.027089997485845
238,4.065538016528078,4.3507175993217615,4.444889594691996,4.530081240613815,8.636037210592022,4.637034008211466,6.393092265184145,5.804961273350978,9.449331021861793,16.78152842426033
239,4.3726067581650465,4.337954791834237,4.19520627456925,5.59759926889595,9.992164275899562,4.708206883516662,5.194587431109925,7.533175735087957,8.025221894489125,15.899754580732566
240,4.151407478979406,4.049467625687555,4.386156492633493,4.654797566272044,9.870410274615057,5.153756770433715,5.168389701646857,6.845510230823431,7.736041379215437,17.401268536839297
241,4.4122313544536516,4.168422765175394,4.3790384187318505,5.8273288381637585,8.006253441819629,4.788921897084128,5.198172175812422,6.49515807484897,8.92729686282873,14.43836842964953
242,4.249314782222623,4.254644209959992,3.8832073898934674,5.293384822875268,9.330297292023658,5.501952031461981,5.109114012705032,5.310131618538982,6.783459003341598,14.974646830653912
243,4.349283321003518,4.087077217205032,4.513810015359107,4.805963116418846,8.020091081161693,5.137132400580948,4.418208271299451,7.685823648507432,9.574182264634668,14.722644943909375
244,4.120104542672817,4.058752173240828,4.153919543959793,5.428166051476814,11.052428320761337,4.131851075903802,5.069709169535947,6.929677766922235,8.358735753858308,16.134209305693194
245,4.1033498050992865,4.216230838815342,4.346328310250932,4.764010734019599,6.66506443547793,4.195522081817344,5.014440865975456,6.1566742053993755,7.783787459620618,15.110087484439575
246,4.236830445408592,3.8197647579210185,4.16741594923204,5.34711650720589,8.956650951835227,4.801435536233951,4.895309667176436,6.515718689636256,8.457363452732796,15.294754999021569
247,4.114850856277134,4.315273252218462,4.047298642603545,4.797550023494897,8.745892321010668,4.613933076509308,4.759947537121232,6.746456035610739,7.29629247856316,15.176351163729446
248,4.110375243726794,4.165909734622823,4.230792303296704,4.382892370432861,9.482995362875776,4.414244895716757,5.088636356048375,6.63861679871149,7.736990045276527,15.53997506303014
249,4.120206966841444,4.29798487661439,4.166795351774163,5.465664332803068,7.872550098075232,4.765860750269693,4.763133013486013,5.706457200405336,8.034936056271018,14.98009486002762
250,3.816793084030738,4.0689999038450635,4.194057543215114,4.4489552221259405,9.19525930229259,4.697007040663497,5.171418250454586,6.426131345344866,7.203351980570783,14.76766839097129
251,4.1687667949021066,4.08959852889103,4.199872891571341,4.981618078721339,7.706794841568737,4.504329291908819,5.601848234110896,6.194169905804608,7.973899846659092,15.11263351580628
252,4.1762719660411545,4.430890912868952,4.037708005502611,5.398432364378981,7.9134808515631585,4.57812602490574,4.841847458463691,6.213636795986472,8.307572381969571,13.429355681369588
253,4.289167812906815,4.107328863881432,4.365345482980886,4.407039087544752,9.089192679264306,5.198777832786125,4.91938101374726,6.989280445073526,7.341074145225473,15.934663679217694
254,4.279561064318147,4.188740814839619,4.144136891870815,4.974167318748553,7.6261904419219855,4.467375410287338,5.66443006026083,5.219333795087798,8.241604450214394,13.44841653637981
255,4.094262403611645,4.241851330395327,4.427616523781733,5.070636059867496,9.03558496680626,4.407598354187311,5.1864817794863365,6.927119132325386,8.036187494293248,14.480762909425057
256,3.8450535466993103,4.080804504996608,4.087515988280014,5.397583718988852,8.430146123955904,4.558860999596591,4.860746362238669,4.902403843120798,7.188203984015076,15.586947703713433
257,4.549558049108722,4.529983954414624,4.341045718625592,4.31126258557232,7.700808345064542,5.127533055002713,5.589033643404532,6.305480226324461,8.187630938058648,12.737133473292403
258,3.943843917403168,3.9895456006183374,4.277201921116215,4.765229226421633,8.842087496309022,4.6350173871895155,5.275396586726671,5.000620175901492,6.708078303086968,14.49356595905115
259,4.3374771889086015,4.221781706603571,4.145852152892505,4.613070570448326,7.523488838740396,4.747415899235165,4.548928477891148,5.614831433542809,9.196819918493313,14.2553499708266
260,4.090945833441639,4.119061575850724,4.267588761037106,4.772838311447349,8.30026386065518,3.929211693488825,5.297266350439918,6.727116339437856,6.895203862166287,15.114021916255965
261,4.022240015338263,4.146035580588931,4.363505174906086,4.804897617035516,8.521659546126273,3.965431715460107,5.112032994157132,5.651493758422917,8.632503355276349,14.86560524274781
262,4.208906825002242,4.054050484429448,3.933507343174251,5.194097171581722,7.715849135314975,4.076720950851207,4.6437165742159765,4.781864993086017,7.2522595309333155,14.288863075773062
263,4.105977521686445,4.105652757323462,4.15279173681107,4.596289864630476,9.013478819445535,4.659453132749189,5.4922250037367455,7.2936500125823205,7.594926591881615,14.611344493033219
264,4.014032121087012,4.10032729879889,4.025622637283535,4.773689891080472,8.53987782139179,4.594141658124366,4.1378270962921695,5.7012202136066445,6.821436002552661,15.057269183380692
265,4.45378456393533,4.221019472706945,4.343428252436531,4.5304764754471325,7.046380704767166,5.0183810495094665,4.9541096816903325,5.796319346618203,7.446789778183811,14.176940000434877
266,4.262225369521528,4.407730391575554,3.956604882324588,4.834301468017191,8.066306122803299,4.374380686616253,4.576131933117108,6.066074145774266,8.630565208008015,14.207726051429525
267,4.203125436846389,4.4276694018423495,4.502214046527835,4.9110568764890035,8.52702675718677,4.943346555457168,5.255708291816814,5.288953336271393,6.842386703499975,14.809047262297415
268,3.8847797838031477,4.123519358683876,4.024457159450652,4.952255475567111,7.970092450571911,4.069352640568867,4.451508816891158,5.09627441654127,6.040306223914598,15.489410286157787
269,4.257074193293737,3.990077563500304,4.513368123609897,4.3994945146799065,9.29879834585921,4.000349190033836,4.332129562504488,5.77441399001751,8.01692281831031,14.195167527649776
270,4.139434611235113,3.8470137490118796,3.74684802275355,4.6461358400655675,7.418730424013186,4.571719434541199,4.167732847919328,4.927747737811974,5.904882301612772,14.536297317658113
271,4.408232952893999,4.282730057271311,4.284323885092077,4.383355335611014,8.921581724199624,4.585976203822281,4.631930658262484,5.213800943006804,8.148177666936839,14.780627976813765
272,4.164144664580581,4.234509992759482,4.012029178695308,4.808591579079435,8.041361539635632,4.768928657660883,4.668989562245247,6.5684734791134884,6.909290801161602,14.104165002614195
273,4.221977238806948,4.004129629453382,4.367420694048082,4.85951217159854,8.557537515525954,5.336477668254324,5.340841681923738,5.464826792745128,6.370489745186496,15.70646214318305
274,4.28459728640094,4.06103135127708,4.217082446609287,4.53669515673345,8.946156337315305,4.827976116928754,4.796814224712554,5.733615363113305,6.323428249269953,15.12340394774484
275,4.21843022515182,4.25128701271816,3.9856023027979774,4.839069424610345,7.395483457688294,4.879107698331891,4.995384160637604,5.298942888204592,7.1551140942648965,16.10189607813374
276,4.083349781628033,4.227670972210021,4.131256390612055,4.322593507827612,7.949796054273141,5.167580323375706,4.656241213050863,6.506860428004848,6.628856930976834,14.404073694715244
277,4.38660832139976,4.339890119797862,3.812966167937086,4.722333612221497,8.103168412223276,5.433465905178374,4.665416453852482,4.334313203191108,7.1004378786031825,14.960190916780714
278,4.1288908910170585,4.17597203046334,4.11119321326663,4.32646229147853,7.011604860947102,4.7646990741958275,5.353387658458271,5.370325938632487,8.497368162041097,14.903186363495696
279,4.228740924341172,4.543165604349792,4.198116125424942,4.70936121999209,9.323545260449741,5.360226189946969,5.244410165112986,5.360266687834652,6.712999986542634,14.22622495598938
280,3.9119428629097457,3.9220082356449906,4.205590863212831,4.623099484876736,8.007715373638256,4.141186744172651,5.269021005874586,5.232640840460857,6.71130210107843,14.592288953417233
281,4.486837772457924,4.232828542784029,4.245410203519659,4.740917776182712,7.886442327387307,4.837598168820773,5.607815286097306,4.64127813728257,5.933683342013415,13.505143313731244
282,3.9896735362552325,4.019791297731539,3.8197042061542694,4.27087309522643,7.571307381025421,5.1488633205724605,4.809525291299547,5.85849264954084,7.220780580765223,15.26558802958282
283,4.267630925890181,4.224381888431992,4.379770189873034,4.873944034437236,7.9582523763505355,4.760229843312535,4.7664251518245955,5.465771306773215,6.687882806694361,14.40494329418389
284,3.965239633189512,4.0421446026751005,4.296027677941998,4.580556420222085,7.88001108631611,4.000251362544754,4.257089876064148,6.111851094316858,6.2206062971952125,15.05131066641825
285,4.2473046513126045,4.150261476346905,4.114831350235003,5.070017546180912,8.571859468524345,4.836853456214631,4.431328077998397,5.043273062319642,6.876821818427383,14.532090710535263
286,4.021277273925698,4.077564523726957,4.1178994174023655,4.677669340575924,9.080061964198016,4.684424549546858,4.564629571391987,6.715444353023429,7.843209201781262,15.067474555479476
287,3.98444694988534,3.9126079453441247,4.249588204143216,4.497591896354861,6.985523814166887,5.56722494984718,4.620500055000241,5.403331624801599,7.067696803219015,13.835664384753615
288,4.160562273770209,4.164941932768807,4.326473485689715,4.461932736760455,7.775792232114653,4.130041795819006,4.787318777886449,5.164539475620314,6.926601601374357,13.797811383205863
289,3.8868495240888827,4.472059750919362,4.368325398236077,4.630437567008715,8.20606102848817,5.027331583683156,5.673933951247095,6.430084912781393,6.780125855257829,14.031574265714532
290,3.9857855583024877,3.7971188021715907,3.833006810407576,4.27890977213789,8.724962297916527,4.175195804992983,4.898557890233524,5.091014500767224,5.749704070360289,13.902727596293778
291,4.215063250971717,4.012844474067724,4.179541467920013,4.899812433869057,7.62061600681765,4.428019500004543,4.734583895077931,5.2309406117738035,8.604812661737618,14.228057574500315
292,4.282186632304266,3.9775220267871974,3.968101808270231,4.118594963495224,8.341794257402626,3.7532398040563772,4.7076337291383545,5.650276800796949,7.49930632422606,15.13396471209632
293,4.176573545442548,4.306744524478996,3.997212717982927,5.048097314508416,7.622907476775883,4.2776062904581424,4.4179368410170445,5.695805317255327,7.592574139958768,13.737029815275786
294,4.095757300531404,4.068129191834148,4.049540470130187,4.49262825963253,7.1083426879109295,4.4793899550675125,5.5791200975830995,5.536326042147197,6.949618767600592,15.153741784689599
295,4.039147891810074,4.152426292982047,4.241283047251209,4.998264891716502,7.962982435815333,4.603222198372569,5.666262970962407,5.452676876007338,6.6841823292303095,14.817352028757703
296,4.052732790121152,4.011372452120607,4.214929821847119,4.469075224994603,6.237776971885197,4.251295541361851,5.011330630866733,4.889489524599022,7.535799717260301,14.326368039964578
297,4.121686021091628,4.099013255837088,4.390417101893042,4.801698016746407,8.80207254093405,5.146933946452728,4.447397329253565,5.662321095446592,6.199039310907025,14.744480938912526
298,4.229415282018311,4.128288569647628,3.9199900400043464,4.334869461300344,7.167861231863641,4.4653052599607665,4.930588780274389,5.324515364914475,6.129367896005452,13.584888582382833
299,4.188608213062995,4.215110855011776,4.246850421109855,4.741996224892136,7.739812577827519,4.591944724565453,5.076908145574639,4.795693364146238,7.207196316841764,15.255601364292739
300,4.030091542652559,4.143427736600367,4.143400534104313,4.3480170610308,6.581691807964954,4.472210382063559,5.038393015538267,5.345386445631081,6.110056202484103,14.984238385378951
301,3.949995476653011,4.293616762123681,4.10642729993698,4.83174236323817,8.619738597842735,4.957995310628204,5.6309626214477815,4.541316603604969,8.082385104996513,14.21799055533175
302,3.8703901233990825,4.2127928496708735,4.1539216809558175,4.536178726183633,6.737251004910494,4.400849863968044,5.852455020386204,6.235311028838049,5.963700102538158,15.012848271422662
303,4.167661086734521,4.232602919127311,4.14933095310421,4.630115395841091,7.502613617386733,4.58579855096971,5.8401483557712055,5.400256526947317,8.205406751502299,13.319460931979664
304,4.198384759904708,4.028034939104477,4.325873163356774,4.556281174543725,7.929892719253783,4.873313927366201,5.0710519780261,5.044589615450276,8.23324723193242,13.788500058365658
305,4.16417114333934,4.102288767415714,4.338215427572017,4.534741078897776,7.322612435168564,4.869620870151023,4.611316426007643,5.324510725253491,6.335374537053401,14.98262405926992
306,4.043947177940882,4.070423762951697,4.311866026773216,4.666817971409709,6.892770866125235,5.010310450090628,5.122097118301033,4.530716407013766,7.88339173667855,14.002336617559942
307,4.290459371507323,4.205522600064806,4.159523862668249,4.711479075734116,7.650941077882657,4.8716178035307065,5.174052697071102,4.946708591632223,5.947237759856892,14.892841945233728
308,3.972331816782298,4.264461776188566,4.155529513649815,4.487420802215865,6.640828695376836,4.374596064964712,5.551237775739349,4.994006651728988,6.560552434323487,15.352380940622668
309,4.320208448268547,4.184597792276853,4.236631247364479,4.931943107774653,8.738609930392284,4.543713547426264,5.361618140131148,5.4060558804915795,6.374326807987334,13.437590724626174
310,3.980153477470123,4.210120841897784,4.27381301615172,4.4572795827855165,7.999141912778945,4.6958544246820875,4.378522154374642,4.803430239122373,6.47941905424066,15.073722137696427
311,4.146408924150307,4.138306400737587,3.9985490775525485,4.929680474871164,7.0386259304136995,5.04346505672425,4.637205729209847,5.589921321811455,5.767980570759517,12.277275204131628
312,3.8580654327342625,4.279103065101126,3.81707498255185,4.5749621014963,7.825551874747797,4.409727001359517,4.849166602307966,5.807706685183297,5.726270846984226,13.839627745310228
313,4.263970344075371,4.163103235181147,4.237138469042431,4.527303777363089,6.386775857100224,4.37334444135708,5.407825610457086,5.274053447728263,6.771194246026732,14.043023818285937
314,3.9066378491462137,4.150404475374259,4.014625953608339,4.589386985851682,7.5700011804068525,4.315638275167349,4.7195596941499645,5.318910201743028,6.417659712524489,14.684847329494112
315,4.304969222243631,4.006089940506902,4.454801506897643,4.6803355633185175,6.380016150886126,4.641385099790216,5.413024603795109,5.441053039084645,6.456497805827097,13.952284820280724
316,3.8919908840847377,4.074885002482856,4.1939139399641565,4.823150662673755,7.164834295003744,4.193750352600222,4.86722511146216,5.079355313561055,6.261687217551618,14.97157247998978
317,4.244946919332706,4.120041289048248,4.108060347860699,4.569292469033057,7.466706456086643,4.409269651730083,5.053485145241888,5.928853746232478,6.533791120457883,13.16818558620897
318,3.948725525208097,3.936043086331022,4.0097498484081795,4.423443396895572,7.775727522986232,4.997241101052786,4.21500983897913,5.2444892517574075,5.82258447579027,14.312525293481999
319,4.1676051513266446,4.353941767368523,3.9775971313955862,4.763428965165208,6.179204869282426,5.260704453491516,4.152274185659053,5.352667271732842,6.7463289004103215,14.3314839408219
320,4.060882732209315,3.9957522615077825,4.371015678198349,4.084912007024193,8.557314726828764,4.7084431124842405,4.864345606524973,4.747515150206364,5.255172509761083,13.96714880961424
321,4.206091923724784,3.9802306782575334,4.098213368950213,4.605011470901474,5.959499975977928,4.761982865317936,4.990824357091433,5.3418518020907095,5.95653367059348,15.209533888208993
322,4.044057445737062,4.047063106109002,4.023996693659111,4.495612071189571,8.153979101418683,4.889151476733621,4.323588889579387,5.320515361294728,6.743580516063376,14.48848627464658
323,4.124862485737247,4.235029903448166,4.045023281421166,4.866762454808176,5.825293657219108,5.324422229045377,4.676076239775076,5.849337123152013,6.464986933355142,14.822639582337736
324,4.137455043393374,4.142945794393564,4.2097966715869966,4.363234386907279,6.036314927426348,4.427061418648458,5.0270317434984815,4.766371442317552,6.671685650563795,13.974849677766814
325,3.9933056380820657,4.540291681843442,4.262047829725924,4.616963235767268,6.9542715733257365,5.0146631939603505,5.218143011248435,4.7205635592481165,5.540774767995281,14.538780825055857
326,4.294353300197768,4.116015184370131,4.009735339739396,4.739020296397098,6.718328403304915,4.290242384705055,4.8178496233437915,4.992611809012997,6.042108911798474,13.451067861250596
327,4.063230213228811,4.0796992429275605,4.2960337035947935,4.450910055121718,7.202799423937906,4.276223129487668,4.936751097696659,5.998471910058765,5.83562322646956,15.106341243408833
328,4.022048002355239,4.2342340771314735,4.195105157219095,4.63175069993322,6.378219818366993,3.957273027014735,4.871071410954794,4.6991167466352035,6.32450452964405,12.355808483393494
329,4.4895867167665,4.144435202618974,4.187132419595896,4.7014852696273755,5.608276319746872,4.920632124064911,5.1615100539799625,5.279988549198352,5.827340135946665,14.562591895471117
330,4.248900976103358,4.246022836725996,4.262606229247997,4.481600136513295,5.168495105590252,4.242262168503736,5.264611241572833,6.014035740729724,5.7914064481041345,12.85024804644462
331,4.2370916414600055,4.257149765166981,4.1634969574702945,4.4738732133146435,7.391261930274883,4.134712780524256,5.037557903568621,5.077346676517871,6.034493338569184,15.02937034907158
332,3.9626759306609927,3.976373943509659,4.3425579400939505,4.477260581235409,6.805070676127158,5.042028859333647,4.6758021037902155,4.2522541026610465,6.615080860061524,14.096531157532123
333,4.255673280026482,4.271763380281106,4.244018343596694,4.481165537432754,6.42036049934171,4.925602204148481,3.7730358231682657,5.007554714607181,7.230378955187219,12.730479533721653
334,4.070629658157065,4.21301074050241,4.049820894070408,4.615632935553585,6.05951812626826,4.465129075741344,5.425872320497935,4.510669302625682,5.982660413968387,13.156052388978514
335,4.1842827077373155,3.9790811114222318,4.413398889295091,4.52170242380295,6.7699081099468215,5.0143245128302425,5.427592802001881,4.824952156993636,5.374364359145787,14.855677787800182
336,3.974117890926331,4.042915954716818,4.0987362053089935,4.456157574076176,6.356875813037153,4.7090758544385745,4.254038678752387,4.844172979250926,6.093751297540772,15.205387844293751
337,4.27061546940086,4.384775172284136,4.1717899068886295,4.563377444453506,7.2695355360193625,4.848827402464706,4.671782709776558,6.039081036923353,6.783157817944957,13.695572343300032
338,3.970500795542365,4.180867035164539,4.062285445761791,4.640105154241645,6.561093681397429,4.4031600412498175,4.958021042367095,4.767634331015149,6.16634871373381,14.060254243639728
339,4.428137495995573,4.209051284600133,4.3342759597468605,4.3632055417952165,6.279747411815619,4.782535975893377,5.066176764854569,6.157312916670721,6.490676675046512,13.196266040808476
340,4.049678453220081,4.04080397981571,3.9491718837862804,4.470532736633229,6.724784392919596,4.405162421837653,4.936808474593518,5.648252087604179,6.059142601798757,13.316524296466138
341,3.943649511939906,4.320564157585489,4.161229853536557,4.728578541872935,7.483096408424291,4.444745261826283,5.084540745934742,5.193411724048823,6.147752834705552,15.515637448220142
342,3.7908330932794767,3.988970652942366,4.19412218897706,4.74678576926892,5.904058682534394,4.080781258930717,5.247639507813185,5.148493533521199,5.884103458463575,14.057609945719548
343,4.257886456279474,4.40762734379439,3.94157361376838,4.226485945593708,5.857698575233261,4.367128922640887,5.25648974195903,5.010547386577028,5.87107136494311,14.397979205477247
344,4.082805002758535,3.98713279550325,4.107980956464375,4.289399312480981,7.404952878764253,4.8143974927657,4.8146742191029865,5.415205581640525,5.86473518359777,14.665836318011412
345,4.165919247213637,3.9623704471759797,4.153015280363873,4.464273608679632,6.072739189955986,5.176079034184928,5.057182011239324,4.467869519014698,7.824476803508501,12.672859505642952
346,4.0070251950065305,4.201285819129733,3.9454110648397127,4.578471841561184,5.295861453498803,4.92177309727041,4.930934586410203,5.8177574499831595,6.107711921949218,15.122552934357937
347,4.1513385927097834,4.1954911300986115,4.095222239894372,4.114187912433608,7.537211378767465,4.629429073215121,5.015371295969242,5.035302377337861,6.1873958267635265,15.130298056850547
348,4.31318055140535,4.262818390778721,4.0936762479181565,4.552560839497063,7.098776437592273,4.946613021644656,4.382832718384402,5.113926521862699,6.7125755077148,14.562381909196441
349,4.21621034640083,4.2685328821674,4.365146722385133,4.595296901205852,5.97576442542326,5.191719328340271,4.854873593305946,4.596171936036311,7.26867730485451,11.919097358970928
350,4.02985355204526,3.9204742809143296,4.018662729884726,4.389867921134109,5.601465044876175,4.53225286101137,4.693433488332525,4.813760726171206,5.8609498675306515,14.099637066197067
351,4.102947051337203,4.127566244513882,3.8665942266109683,4.338561156756932,6.512573934976129,4.614154354917285,4.737770762488893,5.816432653452831,6.100920122338011,13.260540053464982
352,3.998768749265509,4.0109149543914535,4.031143935768962,4.195248295491952,6.1960231214136465,4.670214748785983,4.767281333414365,5.657393626738595,6.597781098676287,14.033321150212597
353,4.250804059379209,4.118526337687578,4.211724143095165,4.698683085660883,6.763819835282066,4.84405684029413,5.054146533472324,4.8802920605240985,6.514807062872956,13.046152392111411
354,4.012201999136098,4.014092990379635,3.7638162917288187,4.444135514484752,6.27229120397528,4.330443145370973,5.259681168594724,4.823910690388272,6.32508208737064,13.117926680375893
355,4.272990348339206,4.100490563726374,3.9945603617872805,4.5835853470394055,6.378397559380598,4.457562694394125,5.500208573111823,5.475281767300611,6.820867862442864,13.478067476221248
356,3.9445831129634645,4.208189399141006,4.04626415143431,4.358118188817141,6.332619261841509,4.593347054176779,4.704564896676099,4.732643489883742,6.721224654350357,13.009425132481313
357,4.011284922608573,4.211051138886659,4.181911127368325,4.666125360875364,6.58680013510436,4.635732579763874,5.11745960401134,4.362530278784015,6.784534523224568,14.40632566932358
358,3.8107438464735623,4.057189668692957,3.875320290240584,4.259759834657939,8.140101636511858,4.293548018035725,5.322385480720224,5.251860169506966,6.735756726213867,13.975062608208914
359,4.086135814512858,4.135845450247018,4.011075408079564,4.629171209420084,5.76646665568866,4.643040018087136,5.1428873658536025,4.855025362194843,6.4044910763308955,13.667375426087158
360,3.635417321608189,4.141834393299703,3.9806081784351104,4.583733168325042,7.3997140456163475,3.9843018691411474,4.548131633959109,4.513681979307488,6.883379531072554,13.544993982974034
361,4.191100915333872,4.301175174816084,4.454407070547104,4.355283192915705,5.683384130066829,4.592477135651852,5.047510771965264,4.665770505080228,6.583833649358636,14.400425825441069
362,4.119924076699767,4.042918426371739,4.283492433774561,4.546889749233771,6.116969713492359,4.174695443593789,4.768061532701714,4.682754534717869,6.66421820484001,13.938129678473885
363,4.284177272046533,4.227118809733284,4.085411407553287,4.449165504239262,6.761935466526248,5.08671953085876,4.677628258984934,4.842501771785342,6.603255813027526,13.919453488262334
364,3.87699184191268,4.095829849678765,4.181918388478063,4.74163917591856,6.476350360854894,4.7281503826606395,4.4705121928146525,5.202166151006975,6.204591395452141,12.832450046640753
365,4.209254312811137,3.998708356011639,4.1835473687884654,4.711617422200967,6.265783162030377,5.239689003818396,4.967079150417677,4.546255802606138,6.883449258244483,13.684969140313836
366,4.283214359381316,4.073098180402233,3.9563643364718626,4.7758364116365835,6.272818766427354,4.575146376264986,4.378297715420022,4.611599647640828,4.946540799869321,12.911200307060513
367,3.9208490880586457,4.435776450718193,4.382555322955798,4.430247619227346,6.508738989293085,5.029602955544511,4.805278660409575,4.343400852781584,6.162024633403177,13.61104727101533
368,4.333535638681992,4.194975610387712,3.865423800753814,4.501376261468185,6.054617129480076,4.1483434091189055,4.537722387213626,4.737394756928024,6.055912118447812,14.790124855768234
369,4.09242328474799,4.291381888629861,4.3059390593513625,4.644961061718407,6.9383841017186905,4.877314957051856,4.718126975367918,4.730842135041585,6.609341554740521,13.217110716505875
370,3.968275308458279,4.146821718624823,3.831810887769596,4.561506445271286,5.007634066940408,4.692425129113817,5.377809485554721,4.551787467776372,6.290350101370431,14.629660830245488
371,4.428780026399632,4.277353488810009,4.2688377208442105,4.571022229482261,6.783227385805188,4.783185748962062,5.396681570148031,4.731475004665892,6.195191435103077,13.607507480009227
372,4.096322025455736,4.138244253149845,4.139628775894035,4.620386561807037,7.016556013031363,4.631329787146668,4.986537022929074,4.7389048119530335,7.013423430995085,12.966709544228463
373,3.924955725064328,4.081563815374526,4.035031703459939,4.365129367519451,5.086781685869329,4.898832806519223,4.65604388740096,5.0845844308366495,7.182048526107721,13.097914482840398
374,4.139497955604896,4.11993427806511,3.8279106652070274,4.581435592993996,5.801173393980765,4.36266644186174,4.4875618273132805,4.676072318650253,6.525040309054339,13.571211051442742
375,3.9595531668332478,4.042741744869399,4.340613244277771,4.777670115017902,6.442685952440735,4.829989111259981,4.883552649877707,4.910329433719396,6.769623582062974,14.74454763390507
376,4.171849648397635,4.313597346427544,3.9077108072249636,4.634700353587565,6.423769842177278,5.09794773719281,4.837000663573652,5.481959935282293,6.763078123856561,13.492805796402697
377,4.14583453680843,3.987160018215833,4.141501621593797,4.378231439607907,6.309860335212159,5.104167639173604,4.85339372201224,5.224720702333909,7.257882508251118,13.919831230473134
378,3.754877673095128,3.9903314481253758,4.2263172694955795,4.219283952537227,5.489371009701164,5.0262133154306134,5.537913610136793,4.939425427455292,7.077538961232243,13.589242924968325
379,4.200717087285485,4.30891631147037,4.061993335454441,4.389667073202295,5.538921791904869,5.40395549233728,5.525231710578083,4.890585535696672,6.157880097768725,13.565339411501402
380,3.9707143788080383,3.94058379318901,4.070229980219137,4.351796538681173,6.173850209551859,3.905931617358704,4.616265060944721,4.02710695506296,6.305915443475681,13.628536645536661
381,4.153344100186189,4.06075479138755,4.188234769941566,4.7285843074507,6.281620021355574,4.018196775753856,4.540261606931773,4.609724012226015,6.539725473918018,13.887278883209282
382,4.027534772014656,4.008669692981816,4.243949983563084,4.308915160524881,5.765481872913216,4.4930530992106785,4.902830466623797,4.964387224688951,5.649808605202408,13.438904404805827
383,3.936215242933887,4.386051110911243,4.094146466440733,4.285675878744738,6.0135502953727595,4.5831734650678095,4.977437645761465,4.88838326562548,6.555888396951184,13.450518552789944
384,3.896158881287671,4.2224218475988184,4.108555623329323,4.593194160992791,5.464789936408059,4.67915918559972,4.358850318725425,4.5979368609734665,5.865265005209825,14.446641596694374
385,4.097348199149183,4.308120117844162,4.229700026512187,4.526492444757214,6.810408049134727,4.8622124858402245,4.600954424734019,4.73978676654361,6.378212579104891,14.922481149861921
386,3.941222449412372,4.194011697636779,3.924033411745033,4.643728895602202,5.82609881027309,4.829857551218153,4.5386806440481395,4.297507328694508,4.686597930445678,13.209457451533634
387,3.902293424296517,4.240716932628696,4.073363133016789,4.588525318236362,6.434926179902567,4.577323693281897,4.950821983068491,4.512118804032338,6.5740386761975325,14.623586719131524
388,4.085142587455923,4.113079393440657,4.4367602836621165,4.72586421315819,5.796851131848576,4.671405906505066,5.015098529451162,5.098688086750912,6.00403446236468,14.114621132462423
389,4.378958910327645,4.332234506583675,4.118218362228153,4.597322080033192,6.193925512664248,4.901355946895765,4.667895856054492,4.708786132389541,6.5965780185512815,13.703179806820218
390,4.149459641240931,3.9672139136519444,4.075095853240464,4.492874063815702,4.7138278163077905,4.225523592312559,4.69603628609508,4.817083791701872,6.316923388507275,13.542993704095698
391,4.289930159591253,4.068791603216311,4.331145947254631,4.444276208516153,7.290868676034389,4.269625357274966,5.3659433967504695,4.79989914874312,5.743566451479216,15.185201336273645
392,4.151827493926025,3.999911697241563,4.131892359230816,4.147382648745362,7.340364099033245,4.636191871457657,4.9936199597830395,4.924093411104867,5.197692802784795,14.25170892417081
393,4.045207947691686,4.117547228127069,4.294700190167816,4.661278589064225,6.037894726109779,4.992159906879451,5.29506167193513,4.445783963016817,6.50000846706681,15.692829943334273
394,4.123011039765278,3.9950654104823227,3.8830736120595244,4.5307856459179305,5.4005259701939465,4.3312452714796805,5.573722175153116,4.413584865355308,5.600154398883986,14.00370059457494
395,4.194175135161436,4.432894184414448,4.2419864321931255,4.596325356260817,5.335989925664591,4.842805958852922,5.164776391618154,5.045826545073965,5.999549482789767,14.53590046642062
396,4.247072304602797,3.917045102032033,3.957527253957619,4.339493867497162,6.161100377464591,4.626089312624006,5.118664370434125,4.897487728417606,5.597705836495432,14.16804198272732
397,4.01921268642364,4.248708614760997,4.090520733750198,4.494741347595565,6.059130472870189,4.76873572899886,5.357795787014892,5.1201484772119334,5.404260516108785,14.007088329259238
398,4.124112402554213,4.191346464573197,3.919567151298527,4.395017018116705,7.0288135126181785,4.051321846084726,4.950310169066371,5.077659278968892,6.424324392771344,13.919853337125671
399,3.893938122739119,4.183467322444843,4.227737584509131,4.690660692153814,5.434871258552581,4.541457978201566,4.84260749407011,5.6362140755837515,6.672552810382575,14.871327136236118
400,4.2070933167146665,4.183195728928929,3.9077583941627694,4.383754341833765,5.894465533015412,4.301030615104825,5.496571753206893,5.032457854116408,6.0716904142285655,14.073767807652583
401,4.406596125314833,4.0792139477283245,3.9031210989843235,4.691001494469174,5.444485820455744,4.436739158107327,4.98939365422237,5.1337919071630225,5.883920344329909,14.177596425041724
402,4.168759258443397,3.9517297545653447,4.1705400001483355,4.523372207015323,6.274657994292165,4.219931328277942,4.725780615494639,4.666852909117976,6.23066578051967,13.788710738120566
403,4.232379670200628,4.1550722844295525,4.259336905314764,4.730316717453838,6.565967113522509,4.726891732061343,5.048286281892533,5.427999161501863,6.674279945191922,14.66452710149079
404,4.038057581328733,4.098076611974013,3.8613040965562466,4.375784092087771,5.918703825637685,4.462936831895476,5.270079080972787,4.8697355188866585,5.696520266967412,13.893987871859283
405,4.106892505452827,3.886475249907027,4.098031586587857,4.423606185876797,5.474692304183234,4.720035944165469,5.395847289691671,4.616478624015673,5.766688792218489,14.006892538761981
406,3.917542285326359,4.06716293398723,4.11184672431,4.4197879916392475,6.654077653637962,5.00049496364375,4.428262163601067,4.680317167000737,6.2340469770877736,14.13489861457126
407,4.032909166584623,4.188528332941556,4.017467371903884,4.404296491235016,6.153278066384005,4.898412414385877,4.5354210221801665,4.380844590472314,5.645060780658296,13.976010059799755
408,4.067908034625411,4.10399643169861,3.7946880022286247,4.311046162703043,5.4318731570492345,4.67325282804485,4.856636809240912,4.726354969709614,7.541563093792101,14.65983031051545
409,4.074457170264293,3.871724768687458,4.222710301493705,4.564420058691785,5.608340349793357,5.092335987188251,4.7412991059748775,4.65291491668563,5.721823524129929,13.97974163920302
410,3.8989450788887567,3.9826377097380927,3.980741949857412,4.344892316955316,5.471622048164447,4.448672635346054,4.395325602890439,4.530970290653468,5.634766944428879,15.552582958615305
411,4.095865300080974,4.130394226701212,4.426801128179079,4.60759814747318,6.147830439919935,4.4895410568308645,4.359004433587592,4.611851000276874,5.613238146929132,11.61177604456392
412,4.194446172970908,4.052322314006159,4.187726349435638,4.567157562952703,5.536621952197969,4.007511931797399,5.185040763838354,4.390229034400047,5.923985753994568,14.339258219510963
413,3.9540311885255592,3.9280774295102288,4.219029182545324,4.529308157582672,6.2730523136121725,4.5938381691115975,4.625541932481001,5.095479199955424,5.45543608004137,14.187405819448676
414,4.207092553339336,4.192944284885872,4.17245644662349,4.544500824219537,4.72239547315945,3.9245659617502464,4.725551537690829,4.313951332665643,6.062890652317564,13.084989633559656
415,4.253033263435555,4.2727247030160225,4.307937305723705,4.292413860902528,5.834961473844705,4.4609597178097395,5.21123432359241,4.932672008230508,6.659561766229027,13.881217638653824
416,4.116710310407483,3.83741904493251,4.199499922753916,4.644125532889336,4.873410274965251,4.414561756893023,4.632562051725598,4.12958075962249,6.198606984111101,14.009361622689111
417,3.9821749692365263,3.961471823302796,4.223735540390733,4.527636647353726,5.302838583092174,4.571838513763387,5.216614795906184,4.500574870821531,5.92946347598196,14.118294731416885
418,4.032290570633772,4.135647534166781,4.127741846679842,4.179070525335827,5.856762237805256,5.210926201750407,5.129832649988262,5.1385779310576245,5.555366321625402,12.60671064538999
419,4.113295999198979,4.192687423063438,4.088668699471828,4.673889350154013,5.411989789663665,4.965774600931797,5.431111021945457,4.5570443521621735,6.807120610422202,15.035289369863836
420,4.056319348996128,4.009048038109545,4.153872885017946,4.683860505278488,5.421677434100362,3.6479462285454267,4.396806700533255,4.7846771205814695,5.85130131936134,15.334386694855487
421,4.167709755870881,4.265793326709828,4.400393214999658,4.358458976629889,6.140403738822787,4.016753813894477,4.419340708673933,4.567161382980732,6.527929145598163,14.078955640397353
422,3.9929047998418707,4.06202834580446,4.327089128912606,4.402571302541905,5.9435893126992205,5.042669002898744,4.172262993039499,4.648246342212648,6.172168551004751,15.274478210707755
423,3.9384445791443805,4.164781117306273,3.62366396487635,4.173426578227217,6.060808356337579,5.146626645407158,4.562618643302203,4.754856970027541,5.759805776335497,12.510928008641201
424,4.108537685381494,4.14843031926164,3.9837449222435692,4.157437619360794,5.969556603568413,3.7268511569809046,5.30289621132869,4.988739345313184,5.630213354399576,14.411994404616937
425,4.016778805250785,3.993675627771212,4.277737645192646,4.351781618024016,5.755005672113661,4.207018093591286,6.149203634381701,5.337806501841203,6.297421360930351,13.941566969134875
426,3.9679994157922653,3.875397283003678,3.9646627487813473,4.366719016346537,5.285939283511314,4.271978230962774,4.609929124818571,4.823895476388907,5.4418353383129885,12.329163782992016
427,4.1110325736978615,3.767094995716061,4.506934264449907,4.399025138298749,5.932939665737407,4.530709573426321,4.947056441458916,5.092493921968314,5.813636699265513,15.433929492721617
428,4.065900042964137,3.9750067981049537,4.157618658694076,4.467768646381143,6.193851364538501,4.14292508358012,4.1698834651048555,4.552520608898046,5.249905575712916,14.361464131057936
429,3.9714604430032954,4.320282939680646,3.864794633735872,4.891245190496423,5.579186194557404,4.36475491713166,5.2784074324798125,4.265487618617572,5.636889415837148,13.172560875749229
430,4.0449739908271,4.025998558963501,4.329298384442976,4.413688074173265,4.961118465781808,5.073285639730307,5.4335555333531556,5.144994575319013,5.6277753090355285,13.701022932551364
431,4.36005797591891,4.148047809423082,4.364027897205687,4.344264811618908,5.711678271759944,5.020757688997898,5.206695654292277,4.825589844414395,5.947683045466868,12.848682266704644
432,3.9127434505160195,4.175164466121156,4.19833862574859,4.409002609380265,5.234075265326211,5.073906636364009,4.476667532142458,5.720815864762099,5.627382668230255,14.39540277905691
433,3.8760695651789128,4.029173396027609,4.063759049288748,4.453087376429283,6.428237941707107,4.877681568835733,4.799525871247689,5.246892834376503,5.883360664040767,13.134407241534953
434,4.108899994266489,3.995093236001958,4.0898743974112985,4.442478041752975,5.524217947798395,4.3588583099020095,4.159141729884373,4.78770997977875,6.206014650706962,14.338682810979984
435,4.045301782128061,4.128519370206954,4.143268623315469,4.2704159028513455,5.675977234887366,4.832612195873077,4.685997494296106,4.836165475934111,6.277063307124869,13.00482941734169
436,3.8655330842222884,3.9677865613595,4.096020392688368,4.579897234277034,5.566189766130512,4.708739222355617,4.519786219490668,4.461134953192662,5.30657987448119,15.682919089211998
437,3.912102855455509,3.902982166700568,4.069836513473746,4.452313783396112,5.551676876925149,5.018519372967943,4.439049294167875,4.953297472207809,5.960039706223983,12.530712144445669
438,4.01598902377364,3.8351282861621367,3.9376526851171807,4.62080001531106,5.9355719361083965,4.114824296041132,4.9174555477634,4.606258309748177,5.231445480966818,13.555283468132465
439,4.086769935688714,4.202833481040532,4.1566236291455105,4.401901647928933,5.096341930881197,4.37173481801345,5.058585951781905,4.88873656409926,6.09804043308387,13.209849309960386
440,4.0118011678750385,4.102503063647589,4.112826339845554,4.5391447791580175,4.993328262423984,3.715705642166362,5.085753853759253,4.641213925233135,7.075391409428613,14.337023392071758
441,4.299629653990334,4.257488098299137,4.136114938057102,4.387820757257886,6.421489550025737,4.145960987975681,5.32031126141374,4.015851045429101,5.828972478569492,13.000814941335172
442,4.026116408962303,4.001803717608454,3.985570931787143,4.373145114213492,5.354550132983316,5.146592183842095,5.2018681296988865,4.528574158143704,5.841193522711707,16.113964007148255
443,4.000010406675441,4.001529602468864,4.244720248267904,4.506984054440588,5.071018288030363,4.866753575345758,5.45541046774753,4.49383354431253,6.0124240741420865,13.443700154780968
444,4.169745143367149,3.9034744010952482,3.883601675260018,4.267023212938023,4.94176216916928,3.906117157533363,5.204607621779261,4.441322621668231,5.544106038519066,14.29279871836447
445,3.8930153499765416,4.254610167211205,4.299476488773528,4.573311961043698,5.9205791843814,4.298240769362974,4.975864425505942,5.177500913362645,5.9813361108862555,12.958849912789569
446,3.9789485765770842,4.216209859821618,4.00813174834355,4.283384814828109,5.629261437143716,4.411936645970079,5.111235998312629,4.540513637518034,5.131785976559316,12.87304795949657
447,4.15381387011574,4.106229361739452,4.168391332011465,4.3366686097118725,6.133915978944233,4.81386175509208,5.228966972703093,4.696524306976,5.397466156079952,13.77341803602485
448,3.876208632515985,4.049265733856007,3.878974231042649,4.390232613667319,4.600296215084095,4.029979955255639,4.707206277197125,4.351105200543509,5.842488808949279,14.117667318741457
449,4.087399914236206,4.14677989523334,4.18688539919104,4.214077665408561,6.085286681474698,4.326590807587178,4.80575037572962,4.671620737258012,5.87877594982963,12.003251451748358
450,4.112986152169113,4.187331606476951,4.096925659170778,4.379353643595765,5.437021973092588,4.935881043331789,4.325953711566568,4.273288981362864,4.781431354327535,15.950060319534137
451,4.196337100854759,4.050653403893421,4.028309720335089,4.6523225563410255,5.7253428203927035,4.85634652404017,4.345653507631503,4.552261116538855,5.237288341945334,12.859614420929129
452,4.0733262584263406,4.119796258355523,4.008857630602935,4.180527216777925,5.420128629446199,3.8533107522163745,5.135773526671629,4.798839622189596,5.402614302422057,12.59553487667078
453,4.271651276956916,4.155633544716965,4.288233458360881,4.572162903368799,6.315686357251666,4.3184935770386605,5.109062199597298,4.974352891725023,6.016839043033569,14.417494009566676
454,4.1591552403273635,3.9437321881939225,4.08467452832869,4.227732008199319,6.074872915605572,4.95553883559559,5.14087029008117,4.6326349464843695,5.425177094436911,15.352923401663528
455,3.8088087493151463,4.114622352602762,4.334747467198981,4.4906288554220435,5.6789122493714626,5.285630769532236,4.981657555984234,4.908077448595743,4.769970286983519,12.66026391787203
456,4.109659531828004,4.222699246859584,4.129702453516441,4.780719177571393,5.879300522745216,4.655673781579667,5.607530234917737,4.4420224892301645,5.709151630201241,13.409379760287504
457,4.117108237129242,4.186575808075643,4.244134191002912,4.215743287186134,6.095733684219139,4.6975649272969155,4.714189202109314,4.683706069288253,5.529767642390482,14.121418301114298
458,4.070072700738901,4.164748335383166,4.064404748706934,4.28794448636331,5.681950112150966,4.6921608563570585,4.620974703323233,4.332521879593531,6.08116891775801,12.768766233715628
459,4.241410421216571,4.032740611030986,4.130698419579981,4.4442865091092285,5.937839402549762,4.9838018622164215,5.011203058877895,4.487807645399877,6.129539240669496,15.976613865894368
460,4.052998856405166,3.988346793979154,3.809931210186009,4.379952906812704,5.63890426951545,4.355572826286418,4.787421616417336,4.3811786158312165,6.35649391641033,14.497445725841159
461,4.198504729902084,4.305328207831764,4.220851347191655,4.619578946159503,6.094726174084444,4.67511459462822,5.083839414279591,4.877630298827417,6.221177268699783,14.842821625271391
462,3.8497857177956507,4.165651060413894,3.976354458235606,4.320176325152033,5.583303213862397,4.760096624354525,4.5295641040765675,4.901449759423753,5.413667772609449,14.201095731171929
463,3.9577127381083934,3.98910802151947,4.125234802601014,4.7846009160178244,5.937432580427114,4.705700915904927,4.819367501063375,5.362114796032365,6.1252283199558475,14.499920948259504
464,4.267753774621084,4.0323884261125595,4.133585003446967,4.49806483162771,5.806946753900789,4.618187002692585,4.67871637128614,4.542968865157946,5.032447915849283,15.46295736868058
465,4.223051147009648,4.280610884061605,4.148475088990076,4.4405012461569715,6.2332671908369575,4.485412028236148,4.289785253254144,5.015015137766071,6.5501855585166,13.136723629426102
466,4.0365930325432915,3.961712184999573,4.1720922111184,4.231688524569984,5.203093230090202,4.5519749761022945,4.544306763867049,4.636940402691134,5.406478605486043,13.264385877254348
467,4.165987610381763,4.418985621724719,4.056591574085859,4.682156649803473,5.216802237894333,4.931798592308466,4.489510661143446,4.822631694751932,5.5731460835893,14.363998589935129
468,4.145638688162743,3.865695939837936,4.069744157391709,4.203594543664148,4.928393212888558,4.303381829788638,4.399997178426533,4.098724264283206,5.5837010090955665,14.66484243237332
469,4.064500605699591,4.098635696596697,3.9920791347778395,4.736661774939062,5.774056185345184,4.337767317498567,4.416946529875607,5.041515518976901,6.224076530732442,14.260707506358232
470,3.935202744627822,4.08516382987164,4.24701914151203,4.51287734838459,5.900559221406282,4.475408432129413,4.038137509197758,4.6100905072526785,6.11092428853501,14.950984743083184
471,4.103020949912993,4.189249216242897,3.820028719463465,4.705586166787011,5.574464233070836,5.079032650057929,4.3673914524901125,4.7326845507893855,5.765326337480719,14.717971644924662
472,3.773262697750818,3.9972148683882582,4.000542013017512,4.291681461162382,5.355289982690279,4.200918811340016,4.740450374113764,4.697943251110824,5.7306610798271755,14.358170662650144
473,4.129502405498969,4.232425097009546,4.07058267119701,4.347688092318707,5.412526200763528,4.574437551176366,4.673596926425819,5.115586840345439,6.520691306136911,14.324321563078284
474,3.9612493296092692,4.134080858673411,4.158730917836082,4.291044162672014,5.789674220218595,4.121162272516982,4.657251610463918,4.6135450993837805,5.7298952961353065,13.210449152140056
475,4.043069666708366,4.209662138116115,4.36369447646136,4.611047042381322,5.714892534339577,4.324350876285666,5.002715019672994,4.637962882252578,5.809597025084102,15.29302359971271
476,4.17496492084636,4.134093031156973,4.169304964514912,4.357731609082385,6.2484921641541,3.873173213157639,4.343610783061017,4.427305005823256,5.661419332529613,15.372874199960371
477,4.229471687994225,4.188920383986574,3.9178356306822697,4.716732899694354,6.181117805103311,4.386017591719686,5.19102424049915,4.990465297364897,4.5564749452032265,13.726283387584314
478,3.955800089520602,4.0452457535705655,4.008593634858552,4.202786699906792,5.831295315780548,4.296522189735523,4.652529533949052,4.994020903166337,4.757976488989686,14.769149859934718
479,4.003094014163601,3.9923176059433776,3.9283699146199704,4.425859986764075,5.666599447549151,4.582972989386838,5.0267954676467115,5.053307652000256,6.046107471569115,13.757105310007645
480,3.908774228586982,4.183744281072936,3.957336610592633,4.238914667332012,5.802436213995236,4.477465122798335,4.225557302624357,4.469193461769573,5.459617401666898,13.893940267508128
481,4.129904587848334,4.119131590222751,4.167882467488302,4.635834018032867,5.3953652858661725,4.805670615988426,4.806139176902169,5.057973233778948,5.305827215609702,14.844097422903198
482,3.6824170423715756,4.198632829531116,4.003109591074831,4.181267393857433,5.015867385102968,4.044609855899447,4.9392424968225,4.878863644023953,5.749397108998585,13.82154180148992
483,4.186512566651204,4.233482316054316,4.1883841587572315,4.547641954730645,4.8650128549511855,4.426091286441276,4.936750767996894,4.702243611983149,5.767407987548118,13.42546993457253
484,3.834467234450543,4.153732253742689,3.9843055928705517,4.357274472638164,5.028091827428719,4.234500218302494,4.365790129569337,4.361582237945223,5.764191997351063,14.718845883079691
485,4.266957345681914,4.049465175037089,4.267670846015514,4.340043643630075,5.078419264094706,5.025931295392798,4.924567001655907,4.931595936064114,5.693478491280575,13.22318085296386
486,3.9285650239236087,4.181774200946952,3.805896101879636,4.491875320278293,5.6868957880469075,4.269833668749597,4.589355599528673,5.059990079619801,6.086138790801727,13.248062676088432
487,4.128557518968338,4.1906995908151305,4.346049865202174,4.496792240456518,5.885189056508131,4.7678816167777045,4.935921522076901,5.08883445076209,6.2243196735711,15.108762201050183
488,4.128269338001161,4.026714548069893,3.9011516805475246,4.281503915271024,5.400456943060446,4.749570508237564,4.5159985889108585,4.288684761022139,5.923988335522788,12.233105896753402
489,4.313621044403713,4.0923414813690755,4.2625920865539655,4.555770396381904,6.183810316128252,4.627870010283074,4.767299087618047,4.688573602109356,5.462911846698542,15.975435866327755
490,4.031986368564671,3.988170143772,4.1338379399886405,4.156873913607225,5.488774451291257,4.5270459375727725,4.56654158068391,4.646852918118431,5.015253564400317,13.368085382151127
491,4.115591337595563,4.264454316241635,4.227647367970524,4.47048402146373,4.951192740091907,4.7289127364075965,4.99342554063936,4.458103268500114,5.460730309719143,14.49291635116387
492,3.897931473110226,4.2642416724266035,3.7920158123451038,4.32994978025938,5.782522447851177,5.18273459093251,4.831472401723909,4.520071115251093,5.6964538702950405,13.407103406604634
493,3.9748705861877704,4.227280322502313,4.329069341174124,4.418821637445388,5.869750907013863,5.040946505746663,4.892849786540463,4.4643652797477715,6.339760431314088,13.898967431367591
494,3.7796029037623873,4.220440079605392,4.0201662692473095,4.25700054065281,5.449851262837524,3.9487023759068927,4.442527584458959,4.759783196840054,6.121057711406638,14.000516368027547
495,4.240087212143209,4.084896527962278,4.159450715551625,4.554686270663588,5.878897396348739,3.975896103982512,4.695918615197093,4.946150458894804,6.259989969741878,14.607129861590167
496,4.0689011664900265,4.049829870682906,4.217187856387414,4.567996387392412,4.8781066172309835,4.456994729693976,4.963596451751307,4.643514674497501,5.612120955214029,14.073242965877183
497,3.9951114058313726,4.323789365012497,4.113052156044979,4.557303877992346,4.9695154503925005,4.671667859758367,4.997982026574995,4.48346610307857,5.537415999068121,15.07244426744022
498,4.114534441784734,4.0195924774787954,4.054315465122082,4.313585288189971,4.868230410308348,4.837673639969696,4.332128751538818,4.065641663376181,5.313918397836608,14.071453221022296
499,3.9505115035466605,4.201397971802216,4.0146198385557,4.411157317191792,4.695667911584942,4.943406471008999,4.463114469673391,4.793428528809401,5.667999697224128,15.906365332567425
500,3.8545428355671643,4.1959225631266,3.9402188421064483,4.548226140505892,5.209619520244704,4.510055529856088,4.542976176196413,4.691911591419616,5.133096841149841,16.49975986744435
501,4.081252123806257,4.098749142929992,4.1714986535410645,4.582003711457103,4.577546353539516,4.517654648822407,4.475932131889417,4.875702024544308,5.588337517076868,14.443103277780043
502,4.128073659205097,4.087375280872266,3.947693742100134,4.457726068006126,4.942630472876672,4.376723800108498,5.042418640650499,4.267472853271271,5.982905356117369,14.025480597760955
503,3.9995730810759738,4.121408184840582,4.043706197244556,4.62293606794274,5.1530083763139745,4.273073929787319,5.20678570488113,4.709541843551475,6.52833900648445,15.920685388513336
504,4.016917133568006,4.05189924194326,3.8919681755157978,4.291678177325271,5.1104216664868,4.772070541793907,5.128293901815846,4.539289529211402,5.365235486297364,14.748406308498495
505,4.095318847211341,4.026690650407742,4.110989941775922,4.506727740558412,4.827722730866432,4.587078698936424,4.844996407516935,5.118758657034035,6.143908464790671,15.63962801622433
506,4.005457261188113,4.06706542108495,4.0858662098576035,4.477037486648324,5.900035768597176,4.649395605544541,4.497509623202738,4.638324254966795,5.562424615965468,14.68961052158186
507,4.035662630734051,4.263563287725894,4.135182541125803,4.458530889131815,5.872734734449147,4.593403743059314,4.3518666384116305,5.040971246844129,6.440495411803376,12.644084792721443
508,3.8566128462100515,4.02797746516971,4.026434976412873,4.3896191860972875,5.195003830442806,4.161900316092947,4.952003920720454,4.584745294290104,5.820682464799377,12.957165264707484
509,4.033912923644572,4.386206362483313,4.03720578931617,4.56848765290642,5.083776682547067,4.053081969808925,5.378906097028108,4.817278985337976,6.036912124912303,13.965944521802564
510,3.764814534027291,4.0319987533628145,3.6299367016693442,4.607296514928246,5.700509233854295,4.261971547266332,4.741562305065653,4.855347800279971,5.271053300802107,13.733022426490944
511,4.163784797673794,4.2721187058904615,4.487651439332462,4.404795153543697,5.168416477314428,4.614440924276446,4.828148198892102,4.95547265430006,5.830655526660986,13.085696009693038
512,3.743708256494897,3.919941089792961,4.147216107589654,4.350644389122974,5.564075720820366,4.020749378535637,5.176142784030771,4.6372493388954465,5.2304819952001465,12.655552315568784
513,4.1669376942826135,4.163616230714873,4.381997091418475,4.5538803972795945,5.51868352675047,4.141422322017626,4.777578645924931,4.893663905146546,5.547171479022566,14.356729889095785
514,4.0574872443186685,4.0324064416593,3.96675461172781,4.380691549666174,5.112748257855704,4.214985576586407,4.466727306768137,4.696953881892002,5.180395623425299,13.696219976326358
515,4.152891345390364,4.1168747634055425,4.198613400001881,4.641160642576034,5.611495957251462,4.687850049684733,4.649904877942997,4.552582751434,5.649183407332284,16.123109740104223
516,4.071063544451671,4.147905184614809,4.018456296490342,4.298141104959573,5.857377004869452,4.617225340585119,4.889738920233741,4.76402648422339,6.032556975902855,14.825269786221796
517,4.046815527735832,4.268664362147359,4.211590449697807,4.3971440620691284,5.951178517569233,4.709391247560383,4.815567906629841,5.110518409651144,5.626621381339332,15.736446881933047
518,4.286817389929795,3.988324334406174,3.91105729684773,4.238360779362149,5.298801173251379,4.529467682359059,4.427518473320909,4.728840088060701,5.127582610021405,14.554672335998037
519,4.414938082157835,4.327971076268964,4.391781899835938,4.593389285000937,5.269228867583468,4.3338458968550775,5.301007334782661,5.0460367980417296,5.218685571805739,12.449712301562933
520,4.090714406381117,4.080879040777009,3.9406271004615254,4.277059449106078,4.680219585820522,4.242932674741498,4.676416025772778,4.596811790862761,5.670426573388929,13.589442328623464
521,3.9651158914934173,4.024437429468772,4.146131225461702,4.540501102888901,5.026993166408711,4.714826038523897,4.315458054679172,4.4668365320101175,5.294643911862193,15.183070658365256
522,3.8169975031897634,4.343699272087173,4.022323641647937,4.1744411970275275,5.0669839850256615,4.655889299865457,4.349714196620325,4.582066191410886,5.234119963337897,14.720121235871172
523,3.9080810188224175,4.233182326781422,3.8569690766706715,4.5315252329968585,5.044827344371752,4.95210758272601,4.2300873113767965,4.847127790050481,6.205830535308214,13.759227865259156
524,4.112482487669437,3.974349771789209,4.0577132289362,4.412610200713571,5.232717544500403,4.198133937665929,4.363683707140987,4.555631687745278,4.870992083676176,13.542157082803618
525,4.192988954459376,4.1368508367506225,3.6887000137191603,4.808051337577781,4.980125474269989,4.013174488653297,4.761941020382055,4.35107720421565,5.353830385521271,15.062299412787363
526,3.9006529838717516,4.084975846383262,4.043243441593429,4.0812827089419015,5.870896370433452,4.00731432235215,4.925990820171881,4.8050996279082,5.082909292336007,14.180043509533157
527,4.098295598749618,4.218665726200874,4.1199468733758335,4.529943529301316,5.60838786430269,4.39905151982374,4.733392124794376,4.9364232366685945,5.219389145904888,13.576816724618817
528,4.260863971523201,3.864305044434638,3.8410839139259068,4.25450007804211,6.283651444617483,4.121144071266459,4.194636447150374,4.909284396895597,5.727221618197471,14.738023333925998
529,4.137062491889643,4.392696395761356,4.264848276226,4.502885392247043,5.6268723162080505,3.952938962081662,4.528796863824106,5.4259808639378315,5.278926608492788,13.627212423856264
530,4.285687653431956,3.979958503630311,3.952571485032496,4.043663922457134,6.248924782417979,4.354852110556695,4.706134404398577,4.13033315604708,5.563108656458297,14.156060805933592
531,4.220055080189059,4.180916459824308,4.032052922545372,4.654723374167153,5.771649480496341,4.373735522846372,4.074807829125338,4.703472048343519,5.458820003536864,14.670713317110264
532,4.203638861857911,3.9917901912443314,3.9973901560048133,4.495071140060533,5.2783251483072515,4.676662151644366,4.628094805420315,4.43164329318597,5.1653128350207265,15.202242752187896
533,3.996844654519126,4.403743082982608,3.9149272706308884,4.463025184474362,5.887450802788403,4.594953627946545,4.861193275785394,4.644912797525748,5.753076004942358,14.477107794518684
534,3.8832132405442263,4.020501683509036,4.021884328072836,4.3165947371237365,4.805718575761809,4.523399228091387,4.570168944601267,4.740857599310373,5.622259503605256,13.101424787903367
535,4.084428054527515,4.248878949676053,4.110207354000483,4.693346812998325,5.181038997568255,4.524542418285239,4.713337530706969,4.239049573483813,5.167694531974861,14.911115294009587
536,3.961414778277957,3.861489628179391,3.8400584735388175,4.5275777040023595,6.342798638423627,4.328144074901718,5.079116087868804,4.469199668922647,4.949314940032108,13.076423372960726
537,4.221915282422085,4.039932763616674,4.219133880933026,4.635544369047562,5.4125019467651585,4.333669492326334,5.057501212630922,4.487329271324304,5.4802844927797985,15.953430455664577
538,3.8057008691563765,4.045475587097778,4.111900649385038,4.425449778648031,4.871208477425537,5.080914178517425,4.746564506126002,4.284686512692198,5.161487725343107,14.172842428579738
539,4.190779243819663,4.304163485954289,4.178224685044936,4.473735218432704,5.446063551670931,4.96710819442507,4.720476485179172,4.618128782723741,5.251212307759952,13.81873648667628
540,3.7638205001137814,3.9935786807010993,3.7987939717269708,4.479253509054249,5.4723941899640405,4.423873000516872,4.61469471291617,4.598191065404758,5.508765779213408,14.19656179325062
541,3.962725709907926,4.108054073995954,3.9676020671829253,4.528108433165677,5.506836609642043,4.683405881827757,4.905394938839345,4.527164777707401,5.58933753149836,15.39238967307117
542,4.014963456140287,3.974511325075613,4.012650561842334,4.428425912252727,5.4789091761781625,4.1602537863948355,4.873742165112155,4.674967265005084,6.032236923273771,13.426362726221715
543,4.142815940411482,4.1073885952535845,4.356743339241135,4.517244108056774,5.271157963878105,4.279145728305003,4.7925168557399465,4.901466448716282,5.440633758150934,15.178322602885538
544,3.940186499174859,4.085060732272177,4.213615335617839,4.084698304611269,5.431029585173958,4.154544648273676,4.7853485908307976,4.843700812308219,5.521378615455359,14.943879224650908
545,4.14653277491583,4.086705855819074,4.071022709291443,4.4762560631038095,5.635922662671638,4.542062383736939,4.833071266827373,4.626303967756246,5.432286377297366,15.027294412230109
546,3.8957848179763435,3.948614484237459,3.917458702264107,4.363978158916472,4.910718918215171,4.576561105016797,4.983447985514212,4.808405082993264,5.358723890090344,14.01772647653566
547,4.0731039438289205,4.340699064715769,4.151774644086484,4.847740278414033,5.668622616814144,4.640248084394289,4.867054540565828,4.334900816256352,5.454694187652868,13.529122258218264
548,4.082107066865649,3.980489096964683,3.9491303184628674,4.39442398485103,4.924233597556711,4.718778440161631,4.890277895428281,4.64224574332592,5.950660191355588,13.662511105256895
549,4.0186378258684865,4.0287391847665805,4.286619411150756,4.350404252278101,5.385392356008228,5.064321367686091,5.509329540158631,5.230345039981024,5.875652241759062,15.401881747627254
550,4.071578870223783,4.22588308632315,3.9284732955560004,4.445172250395092,4.9766615399113,4.39163162051585,4.343117818479729,4.66941363730981,5.176830025718566,14.39155810999101
551,4.223608231182683,4.049910058193667,3.9150061092663044,4.485292710675747,4.996615805969235,4.729032484020446,4.433899135675535,4.209273613677278,5.542264646814596,13.655158581205786
552,4.209408322109643,4.122064962145188,3.8976067647874215,4.3749795203097745,5.936025893889957,4.610837148260392,5.106263536153056,4.359087484101602,5.7505558268283945,15.3481862668481
553,4.077047272763859,4.059550827580515,4.095538932578789,4.547408813308453,6.129248173930022,4.291647715147886,4.881822361672152,4.68632853932481,5.316289241203007,13.627026163052196
554,3.985489859314645,3.9319689068006163,3.927927562438305,4.347874845564839,5.401494784754784,4.053820590252061,5.168061647846121,4.213495105004473,5.379740865080244,14.630688721719798
555,4.163821173692601,4.282296281854328,4.093045984954064,4.679815900129531,5.505489334877917,4.402814483277508,5.324204856409899,5.023130776247223,5.318510637562528,14.948925678111882
556,4.1910816314342485,3.959790591321735,3.9081424103017057,4.463757613884723,5.533690243997766,4.42914160146597,4.223993663672479,3.923139797015593,5.184393104965521,14.277289374055098
557,4.146046385804544,4.264112304504548,4.1283750059552435,4.640314265853363,5.873090886694537,4.5484495796816855,4.546238808865821,4.659309016841839,5.4672862974605145,14.190768875527663
558,4.065164167732874,3.990893433897151,4.098615889678882,4.42196185651677,5.480991193960756,4.085611462021349,4.687932566887364,4.333888562231272,5.783886025741372,14.285222284140866
559,4.196311140579076,4.096087727104686,3.869460630664363,4.411849625534615,6.332089720343811,4.230213056846754,4.517211974847207,4.889613270699531,6.220793985199689,14.08692120870979
560,3.9599254042158214,4.062881531760283,3.9151273801318074,4.188721517973858,4.595721773690557,4.23097171082786,3.9594418918985266,5.047167233659393,5.218683669374315,15.636006262503964
561,4.237238175948863,4.028496368637053,3.9352646378055365,4.474957888306864,4.71371035775605,4.176347622122991,4.675145704264563,5.180811372159917,5.560011221877192,13.630479522077797
562,3.811081912898049,3.9683556138190577,3.9245719372663466,4.0721022904882345,5.436671915007068,3.9279799017386154,4.409711704454907,4.7768609359899825,5.065955900617456,14.033437305795628
563,4.257004907641403,4.156798766160482,4.252128729933639,4.480135167695468,5.234185368788307,4.289380307201984,4.187755506445041,4.574562254949779,5.2504478869777,14.119407995312107
564,4.221386931785441,4.00275791502065,4.297723181589187,4.442536976801403,5.2688161608768285,4.3371960857351715,4.637928639489134,4.571033912687656,5.349831043826954,13.465773847967059
565,4.096376434789403,4.0483920628010885,3.9605930726571765,4.634693919922206,4.840206660501425,4.038483186233498,5.119570773898836,4.724250752367048,5.422310357252307,14.816155033504062
566,4.180940043780206,4.008651738235277,4.150538395983809,4.666706863348489,5.919004477419372,4.254273706627796,4.061384749797821,4.467477091662521,5.310927149171319,13.225673083294266
567,4.202353302301133,4.106237523062441,4.203234662911382,4.4128206252629605,5.182083455779522,4.567259856331761,4.729051430910653,4.367285712459746,4.73982881587395,14.7846391822045
568,4.075500009760383,3.9980420170156936,4.163472117970668,4.253107860948788,5.103453438097968,3.5544605921578496,4.7042122248378035,4.352876666445607,5.127468037585047,13.583857437346335
569,4.259831737645132,4.251316784703043,4.180127229231456,4.33923670803804,4.999995763462023,3.8443713457135438,4.806539361491795,4.940608494736859,5.36428699645656,14.624926706325882
570,3.8965421335367014,3.9906896862043575,4.17280972270673,4.325932255973361,5.758941810518767,4.40269324224059,4.758851812940713,4.292899933045274,5.637473010232154,14.413144804141796
571,4.015074423251888,4.0403499166197046,4.168679705730353,4.601504016959369,5.363742070544863,4.286630814129079,4.9687048873506985,4.397664044535196,5.860150977356337,13.781242204105542
572,4.133323591522819,4.174857325898165,3.9198555076807313,4.180255204154663,5.724922503609998,4.695241875326966,4.936923301914778,4.140559173014092,5.8440566781017385,13.782837292775213
573,4.039750639282293,4.133475612826431,4.1058436463256225,4.422613098902812,5.3077962045100735,5.279538569316468,4.757738533405164,4.479317395225031,5.149848183266084,14.890831970617453
574,4.022742948621944,4.137631084656938,4.0760473148164875,4.489316656970598,5.671488856469651,4.25026655424814,4.704058474826502,4.591783589647186,5.113012880686528,15.718945116552332
575,4.110060961585068,4.413185458869354,4.29097776900326,4.399091331871668,5.041568384429866,4.336006158299733,5.1794858479448465,4.637972784817932,5.385962446262049,13.864918110098595
576,3.859759375573878,3.8745539970814624,3.981528320479177,4.410396536005417,5.190217013673847,4.6535301262636315,4.532539230987562,4.72011219265716,5.150481596346199,14.703257023532126
577,3.885241199259625,4.233954294755896,4.072949116240995,4.392203170759718,5.051508584187826,4.8625062487475965,4.989774119914951,4.61178117444738,5.415947075767431,13.10384994325557
578,3.936764766302367,4.024646911135726,4.340374840817337,4.273253934230502,5.250166640117439,4.699708507304983,4.288279825255266,4.634262842372226,5.964122261374277,13.874682196033882
579,3.787934885814386,4.243332497066037,4.037776387059903,4.408525851867253,5.231769085250706,4.976946661242394,4.413497879121288,4.546119064864466,5.335159591608716,13.85196862777794
580,3.858786307363468,4.041895473902777,3.8948941253045586,4.112909947747506,5.155303805059522,4.646973774266726,4.6943939515062985,4.465521333514668,5.438241883624633,12.984536996968174
581,4.05360887654135,4.3910713992721995,4.141701338605123,4.5293826201268566,4.998658270078807,4.728163416318332,4.86620183281716,4.620210690270486,5.629697278816371,14.435771885041682
582,4.266435170314276,3.922096038611864,3.913597211248881,4.206258774501618,4.995838210047401,3.6849807520366675,4.550594963231629,5.180807071115378,5.334991530892916,12.972491456808132
583,4.014908499338682,4.178367719858155,4.061241662413071,4.665312111824144,4.622528142482586,3.8364877769292964,4.880559889648513,4.663185337843408,5.6852509618163385,13.518875025538879
584,3.818132839571126,4.184054845772483,4.010349399793126,4.322942717873974,6.028558344876988,4.64863274806263,4.500791327459559,4.152643244406377,4.737497957035375,13.77312851213109
585,4.199565708949275,4.158331994853698,4.138244518779913,4.553387545787991,5.694163268353597,5.034574214980847,4.70262350901954,4.6710451731608496,4.985489200806563,14.249071919135206
586,3.7793643375371944,4.02736169964435,3.962804025092848,4.271146905068796,5.680919493959354,4.368676137669982,4.456707895602019,4.925523339787595,6.009590110002927,13.000351226836411
587,4.193693743425342,4.278118186911437,4.095565040575456,4.384033167552907,5.411531861158707,4.64064434792698,4.653391836959957,4.7537375769231796,5.980589712942718,13.900643600823344
588,4.150335893198586,4.162791837136778,3.7693470813844505,4.458074734955346,4.843624917684782,3.545609923422112,5.088284159369695,4.882888249266106,5.221696390070646,14.138777376971305
589,4.034909956185524,4.135004482270115,4.12360485947367,4.1322117216035865,5.106768411753655,3.6201817039795525,5.26962447007785,4.775092839937379,5.0914215761359785,15.087874222065388
590,3.9793880787419673,4.255020210983004,4.051440187520436,4.297832992192971,4.726354565209899,4.993579910374008,4.581090941502834,4.574159170218602,5.918400649019631,13.847332906854122
591,4.0430997069238925,4.1158015322176125,4.139982192046853,4.343307482600425,4.773853277184994,5.103652367587841,4.7605242279300715,4.758266440518381,5.556060757525454,14.527627838250584
592,3.897759652807302,4.139777913600967,3.852661280779361,4.639705702793212,4.4345592047094415,4.626434174299259,4.061301468155853,5.145350566648657,5.098067060512624,14.39200607167628
593,4.285696164336955,4.109693974946512,4.14643513357698,4.282523226561976,5.257849875852114,5.0350216645653685,4.244625105762563,4.885204378618253,5.488919135981998,13.047903448258042
594,3.8957225633227397,3.8272096135829936,3.871473954213569,4.3154364929280895,5.86446315542534,4.609529001276783,4.422612863769509,4.474438232708635,5.217816766490523,15.460692166059063
595,4.03689263215255,4.243334813218801,4.0477126138313855,4.38494655388674,5.97193152902641,4.499494939130634,4.596969139253979,3.984068317546407,5.5112082608709,14.122968678156417
596,4.099056997476132,4.001931202000534,3.9716785812360285,4.356132773593989,4.942834082349488,4.372293396905347,4.2801405954949505,4.768604683203731,5.0678869748078075,13.871969541657936
597,4.215926842454949,4.002941919216951,4.155019268527975,4.453997106166272,5.215556944951073,4.335841623248025,4.764585692759839,4.711924108865933,5.802056817053036,14.975881052626194
598,3.8179928476767353,3.83742933057883,4.068087118282669,4.412421335657592,5.314949105240941,4.646955645798878,4.050681408157032,4.0451345768620435,5.582287026391893,13.255358457808235
599,4.101731065273373,4.0056255386518345,4.150946045683326,4.40649526396932,5.644355619273914,4.589722919917276,4.298268750236485,4.583380588326099,5.8821928842843665,14.338001893441792
600,3.8936887871434678,3.977094986676469,4.02378400401558,4.4285252652630325,5.576703919091593,4.154123649120115,4.2786062774022104,4.414864500717718,6.390190382033084,14.593994928263383
601,3.931074087336034,4.309430866884758,4.068656360163888,4.6782596596805295,5.470661586934861,4.105454406882343,4.655164723169929,4.646040049074372,5.327451938615876,14.452509505864821
602,3.994129446264306,3.8619286650044597,3.98839124618784,4.375059046752846,5.601297637848375,4.007311224431785,4.064448287678695,4.305050890807239,5.184958058051788,12.964801610752113
603,4.143384730030604,4.2753462339087624,4.184548874778085,4.568760634696111,5.924794943862296,4.066233042366456,4.412659716758114,4.531383951504664,5.696161961774344,13.420076746183149
604,3.7551624487314164,3.9228776646785124,3.9901248913053387,4.196561299509067,4.821590783454205,5.027723546645582,5.122948240796111,4.343418347149501,5.481711831379061,15.617170958985003
605,4.130437828392103,3.9297635877838935,3.9702061739872296,4.493526556889611,5.461483094047012,5.128216763584712,5.376922928489073,4.378033776792847,5.155116588231173,12.7711335544516
606,3.942442130635275,4.260282396101794,3.8859704348357056,4.584176003611941,5.000267504631354,4.738192766091753,5.283927740320335,4.429506831005543,5.342362310257235,15.179468859076561
607,4.238173092744024,4.330544479950573,4.1961863188854265,4.354386243216673,4.56691230946302,4.450881543956035,5.058836941238115,4.478994206306402,5.5667987690605205,13.019174842587871
608,4.036660506215682,3.934940537813652,3.8820433521257884,4.329520059537466,4.786010084074315,4.107157971668503,4.184725361081726,5.0737598130226225,5.682686259516185,12.835186606129154
609,4.105674995817162,4.130614146936072,3.9660809355668323,4.360469286424327,4.777707690663229,4.343235464417754,4.360510972067094,4.769784179621589,5.19844502064292,15.35633688708685
610,4.076215812025245,3.9745997186850426,3.9885346636045584,4.363110416723036,4.726629484055186,4.3656848246383495,4.476513606006281,4.812691905907097,4.972621454648973,14.228041270382857
611,4.279761615108908,4.2225289398851045,4.064420575770494,4.389271875354158,6.003103476607868,4.436249843823256,4.641374356891302,4.880323868887973,5.826755808621734,12.883328187959858
612,3.8096341004986103,4.186589585991292,3.9198085823671884,4.329902446021375,5.534452136642962,4.91166107608862,4.9041217356947415,4.249363753260666,5.713027655064117,14.961952491767434
613,4.163361317607957,4.116341085485138,4.191187239978829,4.456884745500308,5.7419147875412,4.96009254400156,5.007396667086352,4.407692716879183,5.680769352307612,13.358281348697822
614,3.772669452713252,4.022112604826448,4.052991030243145,4.150507574832485,5.215138959549537,4.543928007251138,4.611191716951549,4.873326656751171,4.832920997320413,13.288326709587853
615,3.920340664866459,4.185491490427656,4.092812265674978,4.358075794619827,5.5467404840535215,4.592140643439814,4.2359503228908855,5.1459258654550375,5.866133926182644,15.547712225320494
616,4.124964913674609,3.793791929996593,3.8216871628538582,4.431604151313575,4.465182785582873,4.162103118048136,4.406450603536355,4.072483618352101,4.805520704579419,13.446186092744082
617,3.9011351628577344,4.093338869397343,4.175742283532196,4.287880987255829,5.358897028155161,4.41735631072242,4.807651512649325,4.694438469920274,5.020201625997296,14.987952556353505
618,4.011484621161493,4.064561957285976,3.669418663329904,4.618340989547893,5.322100844728074,4.335993502456572,4.737011820599842,4.347873525835422,5.014112475549471,15.091427387099838
619,4.199553149249657,4.260650754437589,4.006615655952274,4.516814184561929,5.219303723930118,4.2100776759701946,5.221634897687581,4.765761589995709,5.506952089970244,13.331611823864423
620,3.90533890734904,4.1684815242284925,4.037135152089183,4.385320330365746,5.9693073242957855,4.43173571427227,5.142538639943233,4.5755240631975225,5.474341394410736,14.640768198927523
621,4.35667757276923,4.075568122413498,4.074584283831172,4.47096370027004,6.134245311820538,4.729575349001128,5.166646150347209,5.108627197850579,5.234081382073432,13.918278072146746
622,3.9318837294067546,4.180555250392483,3.9533389820375846,4.294192220804597,5.632478262258353,4.949963314838004,4.585470932132795,4.471014148805179,5.26163039814051,12.831274625493759
623,4.013087216755766,4.282124890796118,4.301191163274985,4.560708315797318,4.984979646349845,4.890427309993335,4.796539861873069,5.154096459273788,5.588842574726544,13.910478257712544
624,4.204642637551175,4.065126174290338,4.14694398560144,4.011911846476331,5.917031094955837,4.632588710509307,4.833444525999088,4.408945521181273,4.787071435800065,13.076635353547335
625,4.285564242182897,4.13149394394919,3.9115108073698917,4.4913226065779694,5.6611873470782355,5.1081988285599165,4.864568432152927,4.712998812985908,5.274054393740728,14.300853301531024
626,4.263392585114692,3.879140642023592,3.8759692780486046,4.437591525276706,5.143760155919707,4.3719055575729175,4.8274771641236,4.978938550494407,5.434345524439243,13.829848099803835
627,3.854922718504956,3.9480984022941468,4.393922309561642,4.407702456679043,5.131743509830227,4.976376706864827,5.159128559752451,4.3009219017359355,5.5817430200570755,13.79884462655162
628,3.9800615287432155,3.9548536506521295,3.9307854608790453,4.426144866164809,4.921363257934071,4.0320647794680555,4.157956450678144,4.860659982274352,5.820335589580146,14.851921648209194
629,4.1618458292303036,4.260620791391142,4.2518150615726436,4.670583514067089,5.42531528566898,4.4449893616048195,4.327564714305274,5.113833155868957,5.4686209385317675,11.709184170250706
630,3.9761877804200076,4.075234150261454,4.083773790872289,4.26231608945479,4.90399083949302,4.021858038188595,5.195336833359661,4.207266421601185,5.397495326287614,12.68518212735283
631,4.127724757193293,3.9710130362479124,4.063873454104504,4.5690296993556805,5.021664702672427,4.048919068891117,5.040527299773522,4.6753473938489885,5.417998232794898,13.792152091908836
632,3.7270145168023237,4.059225706072277,4.10197824813704,4.626000919172053,4.9138415013238985,4.537606821525738,4.39893249390151,4.673509240862306,5.310513803744242,13.136923346126963
633,4.1464404085126105,4.257182194751173,4.195028776145113,4.4411091772457425,5.177486369997996,4.335838592835466,5.092357185384792,4.384771105282871,5.388843170653196,13.328967100155312
634,3.8780279449610218,3.9412565097403807,3.980520172523387,4.197306202069645,6.230777356586469,4.717411621159051,4.365993287497063,4.163041340375797,5.300017011213738,13.566897283214635
635,3.964756385342215,4.033030468859893,4.238339375320202,4.190577181023577,5.6789384545062855,4.885501077791124,4.401184708527535,4.3750422832723705,5.455132958262317,11.677582201042782
636,4.030873170360048,3.8682214219985767,3.771368348252266,4.206135509523014,5.362601480299001,4.374996135550487,4.741119763980231,4.298705749324062,5.597062347586991,13.531840241728885
637,3.952310305972398,4.273816798975836,3.9142611609100637,4.390718214354103,5.387326808869864,4.726094111459049,4.281329835032006,4.145876713061441,5.31701360890555,13.345245862915394
638,4.020171699219247,4.003089996057882,4.064470245137696,4.263175166022712,5.463965613454872,4.37116924773815,4.417523101547982,4.665091661305198,4.7043452167198465,13.392909317939766
639,4.064225041834391,4.274354284862011,4.325555829954853,4.702576570768105,5.735593393166586,4.589575772222811,4.729273604543283,4.849361792860879,4.937467187329071,12.108646289185424
640,4.088756088850263,3.91505286537127,4.283226760125419,4.228777392737553,5.34346567465355,3.730512409614993,5.0046731157406406,4.8462157811033215,4.749970528479851,12.625092234827008
641,4.1781173068694155,4.115899428640675,4.194933453651504,4.5474248730605575,5.551049763656814,4.354368206691292,4.8192166831520336,4.594055336588655,4.98644306190811,13.699196567428201
642,3.9002768712406515,4.069377871204683,4.057921177027915,4.303133044582518,5.143898957427303,4.222113534284033,4.877213819154534,4.836767825508242,5.300245153716761,13.151748558195358
643,3.9221913687090044,3.9986581435805633,4.156671057382472,4.449140727729217,5.1453652953354325,4.4036832761558635,4.686625440575414,5.025767677825699,5.440855298913731,12.66279382722472
644,3.8191088395640467,4.07912533054657,3.9485756624875785,4.006343769596234,5.7246973215821235,4.218572536326684,5.346004505895851,4.910550401305526,5.085204240946388,14.195429252850143
645,4.008926225982769,3.8065414745857544,4.088092834492542,4.413752897278763,5.8016745982148095,4.845025903250869,5.085028041319583,4.65312663683576,5.416392202616055,11.90705685702114
646,3.815146539874522,4.178123692946913,4.019981827723768,4.1441480051674935,4.836037084086132,4.229957856023386,4.440691177515111,4.431469859785736,5.40558619802882,13.686851165829411
647,4.374643873106273,4.134743020322991,4.1957405334362745,4.1075085134866,5.4637231471831775,4.319550351262904,4.845567557826929,4.535464655332439,5.791735644237402,11.66222159400749
648,3.978005860208674,3.950845796061565,4.089499735072571,4.125635437662995,4.718137295138506,4.486366272792672,4.382496754906943,4.2701438023221145,4.9335532984555694,13.760836509213009
649,4.27181763850693,3.8966359606794905,4.214824461983446,4.435541795063676,5.1250424401298345,4.627372057682431,4.274025631004664,4.471515350797397,5.59078765923168,11.465323290291087
650,3.8315693598719127,4.22909214479831,3.895769390335407,4.38899511566682,4.551669148508508,4.345493883499949,5.13405022058146,4.7952913189258455,5.490556778545471,13.191183407202084
651,4.244270394027346,4.102211303321413,4.093194033355185,4.35617565102341,5.641809156221356,4.3971306069339775,4.652345045470731,4.25967197930467,5.831925489314609,12.182254503703618
652,4.034193885237803,3.905380711578305,3.6312281040281515,4.280394336296354,4.674465012000037,4.540943354043524,5.012840893025496,4.4137887043034265,4.751226805365876,13.594231711760287
653,3.9500778090320465,4.155131983308257,4.027790114814164,4.437503075872238,4.7523499786356505,4.125320606984602,4.925151675495649,4.775786094319098,5.319144975288741,12.745075431121483
654,4.200054290690887,4.335618488524089,3.888695874389999,4.417217086098656,5.376071582111936,4.019824668393452,5.918457581787274,4.786830555885764,4.833796286314147,13.358513054722376
655,4.100935207409764,4.0997470788695916,3.8976058822727766,4.4211007710336725,5.577769653408143,4.504280146568601,5.414167116440575,4.5967851537280335,5.964341763096308,13.616114174394111
656,3.8687107390791113,4.0270506411286995,3.867257434683062,4.537326865480825,5.4307257900993395,3.7828861896970363,4.7603875840775975,4.034122456319097,4.958167870644335,11.486557562353388
657,4.085890014706272,4.149911674665157,4.337784541181602,4.5194579635282,5.622414390824408,3.961076369568634,4.631188113521743,4.350816370046665,5.1541079956296425,15.019887320572671
658,4.08904902743822,4.134041974707139,3.917202938110379,4.192060915130388,4.687298170205934,4.753273319854147,4.580682991235208,4.2648817030524055,5.453600748565222,12.363996957887425
659,4.159669346581556,3.97206947737102,4.18597220804652,4.488083300967731,5.29198982036136,4.684065375791195,4.701404751939649,4.615321725650672,5.720394175567607,13.194121879374462
660,3.886795531676002,4.274381053449609,4.012207270218047,4.372931284417232,4.977940537310698,4.514236866887808,4.853282853591895,4.47045073028566,5.427426974647542,12.29107557339441
661,4.148762483446639,4.153182033499385,4.044225355124281,4.438395167800973,5.435994247545033,4.771305870004668,4.820277218126698,4.4501018216340995,5.896839807068201,14.05604936213127
662,3.7268598811465266,4.015915428369914,3.9938670266372567,4.325476683723407,5.456479767565472,4.6470282952543585,5.034489596030636,4.175665517562034,5.402102042201358,13.550488542707322
663,4.154711510560084,4.058121330184336,3.9977360268570523,4.385438109539152,5.805874768425971,4.681573343987907,5.380994466132432,4.605092450257968,5.948937147176579,12.147524718968402
664,4.095205022541785,3.891995230938218,3.903009619475936,4.345115058568583,4.851689751586188,4.198166496498519,4.770403437901732,4.743691198589804,5.1045676643952955,14.854007301349874
665,4.048684366250266,4.184211694293791,4.316001963207648,4.6277375093800215,4.991046957904485,4.3346968432017166,4.457822877623142,4.746519055527139,5.77337890914457,12.871886629028287
666,3.7576405323525086,3.7194989479513247,4.134518213238163,4.303209897127895,5.294843756490632,4.278907818020912,4.903658965347762,4.101728633205375,4.930007451145684,12.608403927684163
667,3.9467250280280206,4.0960760052948135,4.520664546306735,4.438567881930039,5.56991078900677,4.418207958336425,5.487675635359655,4.600156112465466,4.996216495088107,13.356226253477523
668,3.840721671520187,3.9134072545716014,4.098391529710447,4.497080530507494,4.96429654048747,4.259328788106398,4.646444315470305,5.326226364108704,5.141763705106006,13.236235366795324
669,3.9251009893715887,4.049154919009001,4.135541228045806,4.259236004346391,5.013161756377578,4.328695967520479,4.516490197845918,5.276047512418109,5.243695083177936,12.433014499364077
670,3.942332948104301,4.101484110212854,3.9682825124071197,4.257215688484622,5.163367891327342,4.0730253251291835,4.40385059583082,4.696249815579496,5.589991386079291,13.4601484311109
671,4.110556798473694,4.258554778975628,3.9064763197441708,4.45953936299115,5.557387212090884,4.287369120860388,4.492297513925172,4.816499626229397,5.231657506946058,11.78128930645398
672,3.769455868620391,4.15582694024509,3.8570329936829815,3.991214023672805,5.097678128567359,4.288190793692735,4.474118614829337,4.820117635866815,5.006049587037071,12.712363517225452
673,4.362824795917853,4.0498212540368455,4.032346288740395,4.493663915621497,5.701105965947038,4.486278714866816,4.5849872393582665,5.263614790184508,4.72723222856879,12.47014394731643
674,3.79495319806576,3.8020745362426,4.024747009624355,4.352922737176128,5.735898688827626,4.10233624423851,4.558626362413181,4.518935436048116,5.321996968330589,11.54116847695765
675,4.022174706721761,4.0434593981314535,4.12676117908396,4.384224345701033,5.346811933356886,4.255337903438781,4.721513040458575,4.582221539187004,5.7763150963350265,14.281518702555557
676,3.882076174278496,4.071868598398061,4.334940996575284,4.450783233530371,5.137209655940338,4.181369176138395,4.831322061395869,4.525276932529048,5.587589746447223,13.31302884112856
677,3.9513266401849343,3.9142288854565273,4.0413742005755395,4.268520132705035,5.278351722350182,4.03898871306327,4.545949422560362,4.150609746567295,5.607825436522054,12.570684670661798
678,3.9600663045667424,4.035892565362372,3.9515653470347862,4.226649395294585,5.431201956291813,4.912249178134409,4.83070724508611,4.264606945245886,4.850786449802733,10.59639406996391
679,4.085372852311599,4.194344916791567,4.120130490157931,4.349169947460694,5.728017704577065,4.943597021115451,5.145416485475992,4.430439306045283,5.067284326179893,11.808258917764194
680,3.881754610248629,3.9225711193554473,4.273475987828075,4.369513578121645,5.342204460548997,4.640653904837777,4.760104095950756,4.297733128653463,4.942971615029367,10.269805796576179
681,4.0779436596188425,4.08252319444115,4.131098550927247,4.092539336667515,5.251195649834807,4.287459294737897,4.559058202139219,4.546258837747725,5.233059481812666,14.012649930953092
682,3.5404034032002323,3.9377787352788842,4.120659317974363,3.901521133030184,5.687748063954365,4.1967318131670845,4.89014741786982,4.121251230348635,5.626280296457145,11.094063412734435
683,4.184230853911603,4.112086234903168,4.265583288663022,4.218710469808537,6.073657850818809,4.524647282388363,5.056606942979731,4.847256010552976,5.176642478713921,14.381246372146629
684,3.8894756743311576,4.151012726020123,4.175173975169622,4.243810726799146,5.156333517239881,3.7421312995571023,4.220461766664993,4.490037965047481,5.152959063291507,12.212151804870162
685,4.082906051495715,4.220749762556442,3.9858654209707813,4.761788189825071,5.136691715361473,3.9271692717285394,4.319526394987166,4.457841441639713,5.260481593447244,13.357392152275493
686,4.063989212513801,4.0553767384513835,4.045632085049278,4.233440816067543,4.947806215221599,4.060650120573264,4.410596185849606,4.268943444297544,5.33640593377807,14.60857205554741
687,3.956960054531047,4.016536758753612,4.121779899423631,4.516703857727753,5.275698566021479,3.9074858431471995,4.5325884891010215,4.31912614842878,5.30388702340819,12.508143831807484
688,3.8508046777700398,3.9851838567318434,3.8442644284809253,4.206291639860091,4.963236557440302,3.9638251079700875,4.969701328790718,4.459805243678643,5.2546094417507865,11.720434675206628
689,4.212351806055829,3.865442495890099,3.967804256332852,4.848358614403245,5.147445178640127,4.029009067249038,4.889680065416216,4.731567788054559,5.6837577085267785,13.421082147865887
690,4.023619952709976,3.8240434561335648,4.001497164582968,4.093538409190537,4.951666196632706,4.413816503049697,5.002408183801053,4.63961902606514,4.688808398132009,13.439618253825476
691,3.964376569803529,3.908871882920199,4.131856066467127,4.174926987277246,5.722194366733171,4.52275926025331,4.645247651119285,4.491875454543856,4.777880203242669,12.362413357098262
692,3.7453365707837873,3.867269460830256,3.9759131796555964,4.1165566107710525,5.314927670686339,4.006218795285323,4.696172774717384,4.608723707029179,5.054211507198464,10.339843121524826
693,3.8456969937821572,3.890495992308245,4.091035214338959,4.3548412471670455,5.671941164104732,4.356294293842298,4.634273159543928,4.392331348248384,5.152839671399547,14.312565594636641
694,4.101515451354446,3.8260063185755073,4.025840823801676,4.085709426357299,4.904984862940207,4.588425914252232,4.477262643420211,4.9024978845176985,5.76690550714096,11.13826741185096
695,4.057387501488322,3.8793968223975996,4.054274285203408,4.40505678507532,5.598050603370564,4.483110072830783,4.626605286571852,5.030460242087996,5.717276090170142,12.201755990503218
696,3.828906632331096,4.083476807749377,3.6053999310113936,4.20934918774922,5.152216512722577,4.339212664985956,4.509635420097965,4.43296995084209,5.040353892458353,13.332647722995437
697,4.247072713520075,3.9083165022329256,3.912501305209542,4.504663911147302,5.435991486759801,4.553725592867464,4.627784747916587,4.276327662235699,5.24876641913489,11.377820526580807
698,3.9368060377195877,3.9443527443846063,3.754889367798054,4.2853294712133,5.602174780907642,3.7737985732426083,4.919483117352046,4.050858321757994,5.0780102240696445,13.774218198016133
699,4.116263675304748,4.0820897202283595,4.148055554131317,4.311325145939921,6.245941938333173,4.207259918585542,4.6776322407812705,4.238129914052007,5.388784130480629,11.946400079837506
700,3.9931588699313822,3.8372443077165412,4.200223967633143,4.117918214097168,4.8807268004796835,4.2533633883990385,4.888353741889251,4.645304349871185,4.840417356859138,9.908780511331633
701,4.208987754419632,4.150589257747432,4.222729016020025,4.4486875970491555,6.017939532358115,4.344653705101105,4.873315253723597,4.5954193355398125,5.630360711018833,13.121519594584829
702,4.0482337858320445,3.994654727397104,4.139282342517588,4.364135351636363,5.374310030947284,3.8779266858452046,5.152636978476617,4.615092870365915,5.581023884986224,10.163633243078666
703,4.200551561958984,4.149844905259802,4.361991087542717,4.355636971921541,4.811064063181007,3.8668716808838957,5.419139943516891,4.727875077304796,5.195875335804139,14.010627254714588
704,4.055777668626324,4.010084960213137,4.027752429035446,4.41312838175832,4.94592592069261,4.5273656155218465,4.099392319160692,4.320580789696491,5.859649432477145,13.086114887976155
705,4.10831028454488,4.271362770723034,3.939715048271856,4.1867401829305795,5.192074845747597,5.004827183456088,4.355171208085114,4.821603880816434,5.6616276309930695,11.060463227026856
706,4.072285484295356,4.223282626029341,3.8809988424195385,4.231248107287188,5.209437269347531,3.8693926166088675,4.839966132834558,4.410825359605998,5.3413319743665655,11.544016992139682
707,4.117334263683682,3.9964496445414386,4.228878978054997,4.264107440150301,5.589230445044814,3.736782311415291,4.3012812807228435,4.6911466336008525,5.288061259041975,12.242577886929173
708,4.0872278873065175,4.118238003510531,3.847441672108622,4.290490917237685,5.2554047821608725,4.456672433806907,4.8359107265437355,4.268409818730337,5.023394127553099,12.00971757538519
709,4.081376252017557,4.179787210113444,4.074335855150892,4.468056759347211,5.600041546017092,4.47370118353141,5.066356867464437,4.357919827596008,5.374726534268709,13.127779875156882
710,3.8584949281074366,4.018236200710038,3.7920866973724694,4.253880824528618,5.282050803729873,4.715809030857342,4.851442707870096,4.408648437373046,5.364132220722282,11.936985131901132
711,3.937851164826881,4.357820058580067,4.134268214500687,4.640256396377768,5.7476589288154765,4.738743556574464,5.012669952602314,4.109425873891097,4.91348184850327,12.066810388784155
712,3.8457989372040515,4.260842352843007,4.205031759217904,4.059157751391238,4.698835454296176,4.883710723780638,4.953509291245755,4.6923996496225495,4.585482715934087,11.892456032698105
713,4.121891516249294,4.10545906231242,4.2825090098798775,4.415728534312149,5.198917371522407,4.362577510851061,4.9675174084393054,5.063994892535344,4.790960790011252,11.085831492878903
714,3.85186561518101,4.064234314481053,3.833453822493939,4.389112611919172,4.644015160088097,4.898279197231862,4.4907317940912606,4.4304015632304194,5.210735918447515,10.86985893638278
715,4.014084694264748,4.076627184928643,3.9591449001174728,4.307401243680397,5.042515064020313,4.722834657916304,4.716728979225091,4.624346180056256,5.0043308929841475,13.225423721516202
716,3.893712898857216,3.987372247944505,4.091562563001158,4.283950785684985,4.83040828639906,3.667343652055559,4.371758031527966,3.7636548535264374,5.503453399812572,10.704221260735896
717,4.1664537424778105,3.798001287559275,4.162561493635521,4.331320668885852,4.776267372532302,4.401474282533249,4.647434473807592,4.720294809758064,5.387412840585181,12.034686067916025
718,3.8697331379527977,4.146055661036314,3.8181195104990775,4.136429910780576,5.416367684740009,4.580213590610009,4.348644685308523,4.532813142005752,4.878515572215261,12.37980278083699
719,4.143714272002172,4.085391725418345,4.132028752857017,4.270881725809604,5.280164238808726,4.708367710677706,4.994934202326013,4.67124839217267,5.37866712227513,10.958072726296173
720,3.9112236712687882,3.9005283848486014,4.164080222984137,4.4127145142570114,5.657860914689174,4.740636012164501,4.783944318290166,3.7173962341735463,5.335280540719372,9.906478771437207
721,4.103593635119819,4.322136127903716,3.9205004787897155,4.373988094878569,5.380331739065055,5.286195781846991,4.646624226601801,4.00442451551336,5.083649623810055,12.937412974142196
722,3.9080525352416497,3.856648830838757,3.813529473108622,4.353726092988743,5.177509058768686,4.067208563901103,4.885085091276731,4.6640874503853,5.739066033463005,11.447081556819203
723,3.923955342768096,3.9507240373101746,4.035053864641306,4.417008046588347,5.431575139073816,3.9792764915481396,5.1050200733089275,4.969214155077087,5.273659870225106,11.60816404510032
724,3.934158940717648,4.006847438407731,3.9800058990565708,4.423207129302663,5.052785863624524,4.788619702491992,5.034576935618813,4.292344909328336,4.812521193581854,11.794163593709285
725,4.118805422026623,4.109176935025654,4.028012123118303,4.379724855027897,5.412618955609258,4.700993603309655,5.192474493253218,4.589391820065354,5.612651972721832,11.56438906288417
726,3.954102705565319,3.746076557643701,4.238088659731156,4.3436734296045385,5.515162938155568,4.190109941130595,3.9902819693718885,3.992488149489395,5.522616978080334,13.07329953364349
727,4.1518514381210405,4.210788135382425,4.0397181573467265,4.325464596088851,5.769172850410121,4.188612045903833,4.665733489570642,4.26614094984597,5.52572163581074,9.585705964468604
728,3.8727456239643225,4.079716388346375,4.055760119057622,4.380718017099928,5.9975069328751935,4.2236544545460495,4.507464440155727,4.228834688716918,4.6813943023319675,11.311333920333764
729,4.065402547988724,4.0633150846491155,3.9734197093270454,4.30861898179364,5.835470261171921,4.402587936193013,4.607877815174683,4.072006492659978,5.061097393424439,11.940174546396452
730,3.9077233551157393,3.9708383950143156,3.906505638254506,4.115991146817928,4.935353414309639,4.8245309668200145,4.272320472074153,4.70832547912163,5.218267010396884,11.667376692239268
731,4.042898643185668,3.994231252333981,3.914980637929243,4.444193671077307,5.482059299691775,4.632681360076886,4.509182582967863,4.850446029053095,5.363782297617089,12.301360090733416
732,4.082420712623568,3.867799872863561,4.131803776380692,4.316947873470006,5.076390308415181,3.9854088430079475,4.538951429037757,4.0533827572258945,4.883836246679505,11.79950611161021
733,4.057668646442473,4.011450251515015,3.957997540789195,4.179557661802447,5.580230993752292,4.4736545552540035,4.409206421342844,4.3344839695917745,5.176337419100738,11.446369090058369
734,3.9243363199694175,3.9022610444378136,3.8857066324880405,4.455658971968567,4.390473337120585,3.961955870169266,4.496587467457589,4.691090707873697,5.361649850203798,10.59827285520061
735,4.26004238870188,4.050879013598038,4.244008923650855,4.493763630200517,5.358265149666675,4.129441543477638,4.408372203830872,4.742744918207277,5.5014375157769155,12.912083616644544
736,3.973313927823863,4.105948506791449,3.935520692864534,4.504736803450592,5.915537757969728,4.766388083997513,4.388706739426483,5.138434722017025,5.2619293557305715,12.242486241158542
737,4.076392985410647,4.2338781340558675,4.065379985016448,4.434873191591347,5.802726147315964,5.2963513165281215,4.436953876425022,4.517940931290776,5.439101734194288,9.885874825979446
738,3.986704189405329,3.9199978247131404,4.237152017021083,4.258262230304528,4.644114780044773,4.250962269842339,5.454757861027006,4.4079412089581815,4.8789694052875,11.771260707624444
739,3.9571864870166196,4.261392236876682,3.886632828447436,4.128773098403716,4.784511342383752,4.14723802786635,5.031877484900254,4.764805564201573,5.451023859866591,11.234876386533784
740,3.9988556021663757,4.144491074816491,4.13328172403246,4.104665195206336,5.277728668020107,3.777515029918633,4.9708176043995715,4.2015777967439565,5.148979534867453,12.69737898628281
741,4.165732682769022,4.15885404472437,4.197655689620514,4.348068893602132,5.77204346926413,4.22303154445296,5.063601936885444,4.662355684133058,5.643273757516759,10.198341760142744
742,4.013122750863091,3.928562615439593,4.052618950141001,4.134317620971535,5.66898198655035,4.264536961616684,4.6993177146816825,4.327453674311234,4.727856768899176,11.909585254709166
743,4.04568769712808,4.036550956063875,4.042895847629758,4.433844765325977,5.760459533830621,4.293104132358404,4.6994125283140855,4.766121450147065,5.323242255526645,12.62915752012307
744,3.8846364372687736,4.126670002860428,3.9145303704043433,4.453252881776304,4.778238095264074,4.289779603661969,5.0430795470906595,4.488392343977043,5.059099916046967,10.62753264686936
745,3.890661341928754,4.024710187374288,4.021723372132886,4.07717683954106,4.944392208711794,4.72357903355073,5.302501468116032,4.472096471379195,6.057033499118646,12.61612705338293
746,3.7400860831879137,3.9681778426614294,3.97388749978135,4.257548879553676,5.147794882385289,4.068571691360136,4.150220458489802,4.1388640617893575,5.0645639989499625,11.544497564297794
747,3.7929957878270084,3.92572481466501,4.078500533127896,4.291668722201788,5.490679166999933,4.618366492150517,4.329843767815853,4.227251428788358,4.8114042063275555,11.907133407326159
748,3.7647086609571234,4.087407205950623,3.842553379279718,4.203101152660051,5.068810757805593,4.398215998470448,4.521844100945961,4.477057042077208,5.365047355802655,10.705743568051547
749,3.936363945435419,4.211474685708156,4.021894203429337,4.59211760060142,5.339174635011811,4.189321566995541,4.969183092483714,4.503611219659388,5.727270261508889,12.140368879912947
750,3.851089915458742,4.004112736537995,4.099436315590869,4.176658812167987,5.474841849938314,4.08352959140084,4.683754463306608,4.496150258881255,5.135079419594592,13.058484392953893
751,4.260021526360599,3.9903751148966955,4.233792494853049,4.416435720832996,5.7879148899319866,4.29087602621697,4.979254279953792,5.343133372834162,5.174616208666576,9.37181667727463
752,4.0179048381498745,4.145656195795974,4.000591573053175,4.037489565124562,5.178170291097413,3.7225727111506086,4.417546921186464,4.7891777542568095,5.030301659336841,11.41156762804561
753,4.138299201260103,4.0886218511210055,4.030831082834716,4.518981065775784,5.035477282073821,4.435737247731877,4.359639130371179,5.154410668059425,5.424244001811144,12.103305536263226
754,4.055289517753715,4.000427523000386,3.962640374919967,4.210989367542187,5.1499689994323505,4.7128624939752735,4.520700015624734,4.5707893161103765,5.1344113483846785,9.818150814516997
755,4.234612563109458,4.177022297613971,4.07997207324049,4.293401783281326,5.233426800348693,4.563454985572024,4.9526782685280715,5.239445178998862,5.079598638238257,11.192258679284441
756,3.907243723352447,4.0564077953720865,4.051103174863098,4.290369270025043,5.659923446356089,4.111640456878469,4.294745230487053,4.104673099462285,5.31146552846284,10.595722100892079
757,4.184663471747537,3.8972170693205874,4.043634520267397,4.16496730281833,5.640241314973299,4.542188048014882,4.583257268084865,4.238452899708673,5.269805833531687,13.142227848891356
758,4.038804595482334,4.018594983550761,3.8347423830817933,4.36857156073352,5.332172935213983,4.676624141905358,4.7540131077051795,4.5400573119162395,5.452270289538606,9.98979659054314
759,3.9956502217701595,4.22833017672164,4.065830070768239,4.2755316869581375,4.993669070829724,4.721753298511221,5.254892666869825,4.425024437197121,5.143988528953549,12.726082747942044
760,3.8990828517302107,4.031396872871809,3.953009915096619,4.383484900134929,5.009356539469293,4.2142041151158445,4.760770139396674,4.889728766505575,5.2007026161276535,11.322942091708477
761,4.148946350745101,3.939839804409733,3.86146564858723,4.158908993744898,4.5922865031598805,3.985681348951649,4.594826323112335,4.562502497598349,5.040304270605051,12.089500444714332
762,4.065293178068642,3.989760666619968,4.045931659155381,4.249631500810853,5.502728204901206,4.7013132721489965,4.487455069579598,4.758339756609903,5.404370888727211,12.476053469634719
763,4.17600517315129,4.072378808296779,4.156600489318248,4.4186242772242945,5.07517189654178,5.078991815419839,4.736172764660694,4.904079627125228,5.284012202069231,11.860455697313572
764,4.02317569854844,3.9650732702273315,3.8934644412962034,4.035809143846714,5.08762871710521,4.90865938536413,3.738796391418863,4.8153414891674124,5.4161997548109175,10.95179454398388
765,4.0589719434922005,4.173325387421232,4.167844890155223,4.154812298049678,6.08387537236297,4.865290076623944,4.261698188478905,4.847191436545778,5.885850619159765,10.449223489556834
766,3.825485843289273,4.167881207132384,3.7638578793217943,4.325271954427491,5.899355160346051,4.326141777627238,4.055012346209109,3.7174321692503876,5.207782887683135,10.018766354226713
767,3.927541045476797,4.0664047240029415,3.856274407166555,4.238618992782652,5.579177466972757,4.434530382753749,4.419410553540559,4.319354964331382,5.061467454580976,12.183692866716404
768,3.760613134053617,3.8817401450356375,4.000586990157046,4.382728808272018,4.705585739713189,3.7227383595870274,4.803709594947648,4.592760947403418,4.944155319504766,10.828083305402794
769,3.962761990193837,3.9528471052576317,3.988712506873921,4.411141062954318,5.759256060040627,4.063425803526904,4.573815237669038,4.785199418867941,4.974239796701841,11.3322995058936
770,3.8033008553025867,3.9031014238171,4.004612624062308,4.3717416386529475,4.655166234337849,4.396013613933597,4.495610289039681,4.673441930538136,5.742666217167876,10.937025189150592
771,4.117833821193282,4.223915065941649,4.1218453179156995,4.4688237192942815,4.855968113588849,4.547320447999415,4.805585817890914,5.013377608063036,5.640523049390281,11.73940403350165
772,4.280850998497657,4.0922131381642775,4.19383688835306,4.116972531757713,5.150108086258879,4.288521473027249,5.013582092317518,5.20043639161415,4.620694017332693,12.24657811001981
773,4.0376816636896375,4.118484830838484,4.089937888761103,4.564321262300016,5.1964916805735495,4.5240809679047045,4.92190647767952,4.897524415029982,5.342377551526552,10.23138651749248
774,3.9649405991901165,4.064850824709399,3.838308200399369,4.194122236484835,5.138361581600159,4.0568242427019445,4.785452979033971,4.507074334361653,4.896906403665912,10.457751154152819
775,4.047975291581676,3.959308876196689,4.309656344337161,4.304600108508953,5.059499568555133,3.7216957186920836,4.706625612921252,4.624694176550751,5.463158154040843,14.626591568929761
776,4.1540450731184615,4.135682960451716,4.220161929030241,3.991636188226244,4.834799917177208,4.416885533595941,4.669706780330413,4.738364804164493,5.208787270360476,12.49255924473219
777,4.210742229136812,4.075911721401828,3.89750918932227,4.362615781192518,5.439163004894999,5.12262424867743,4.550880459833661,4.7922404945017485,5.061053088318075,10.812266554798958
778,3.7976698510616314,4.113830512358093,3.9563994726869267,4.292602704878744,5.541458221820534,4.28502563547115,4.87842445339833,4.363006759470108,4.905461975382822,11.796168748131912
779,4.394192407815107,3.96575235813637,3.9918606287663114,4.458302254662377,5.8536374974779815,4.54549311633545,5.139384669533669,4.697060372430079,4.7922984453761845,11.852500116657678
780,3.9136087987235966,3.9578343302675254,3.92047498424586,4.332549018149468,4.902009586844298,4.454598421075993,4.399853191863009,4.25126993854503,5.172884692264573,11.253127136524778
781,3.969622336826835,3.9025533716952028,3.9939103482890883,4.6134237635244615,5.534073663648327,4.547763933890765,4.765108673892222,4.2994412192039775,5.0081723702222645,13.15218870617522
782,3.8610034545037855,4.045379095855218,4.180528405131358,4.159515845047415,5.629530613100991,4.450680786043644,3.9544202675885396,3.887896091454683,4.600062351746542,12.672243914757086
783,4.073119937783443,4.1180521540630215,4.002900379902643,4.534799299360208,5.422358577750501,4.8743623409206345,4.175391076006701,4.24576925595656,4.680878671474337,11.15221886508086
784,3.9775337490551967,3.9816498964343925,3.872936649309018,4.400852309391527,4.755832655795702,3.9539586080941715,4.386533367609821,4.361973201035299,5.195111490243199,12.843282900037483
785,3.9170919161766404,4.1408221152352525,4.264680605539586,4.29760743150111,5.433975914178173,3.967945382722727,4.3173300467457105,4.512378812422228,5.416430701424596,10.431632397838195
786,3.9756571862477355,3.9044716550357808,3.793821195691238,4.334820577549223,5.19080881869713,4.827470771975642,4.3755021421125475,4.307452087028631,4.727455728039544,12.419116426281034
787,3.9486152651266666,4.042891921763628,4.01121321569933,4.3909568710011095,5.137349736769168,4.881221806451929,4.377414087629696,4.635730749136154,4.8198349067908834,11.231178430252974
788,4.0393628471272836,3.9537277080002657,3.8641616366420966,4.426799772201802,4.750926129302174,3.8730047290143954,4.612536528721383,4.481647503008526,5.188145737720676,12.315486865924507
789,3.9579777716207505,4.094333372871187,4.098832441566944,4.309019366935622,4.562656384956247,4.304416720006176,4.9515695664430925,4.494956021908326,5.391549030959569,11.411247059727256
790,3.724160199335016,3.9896703147405774,4.0226050098843436,4.198705548040578,4.872719720300788,4.425195345574595,4.860408492364134,4.489736231667298,5.288723675675535,12.307965644615354
791,4.10658807041785,3.9742137437143383,4.026358042331742,4.2199500187825425,5.273297621616815,4.645642333019804,4.878810407732741,4.265479617749829,5.34262698911381,12.58893693455367
792,4.049417849075894,4.086763831492024,4.063323054588408,4.200614157739752,4.84644079852091,4.1064278073625875,4.155002246345852,4.158247417468395,4.782428661994649,9.705700451442656
793,4.298514551571738,4.015002928496515,3.845323281755203,4.385782180488742,4.889535453644699,4.388874151635093,4.61639817053457,4.492232312417713,5.514756920062086,11.9006493449383
794,4.034859177757123,3.9984323890915094,3.6587277733210173,4.420832151291998,5.314393287844125,4.871829475834437,4.334197728732827,4.7205819949968,5.1068188404852295,9.931965977775164
795,4.332482012809938,3.9632615519287673,3.999682550208324,4.669492665131925,5.5440167301512036,4.823536652899249,4.848551119584306,4.240145852754113,4.983272220654149,12.992222669819528
796,3.945960817862766,4.077210292196027,4.010051228608112,4.158581967420614,5.144601715848791,4.374226915499028,5.101431592109796,4.505889458834339,5.594477838278061,10.103469161221772
797,3.9997237957073084,4.204491897675181,3.9988390721893667,4.33193824227414,5.212685397245901,4.879261852112008,5.219397821542681,4.382583696558396,4.991565268288202,12.579478759227028
798,4.107240976843532,3.819384188493231,3.922258930198543,4.340304664228387,5.360963550852615,4.659893309835834,4.752764156359106,4.755252714294441,6.042728731425138,11.280169000490513
799,4.162672720987355,4.17544241250335,4.125401514986969,4.502724809743289,4.853701093634105,4.65648145068992,4.8154540512298984,4.463515966444457,5.859933206091092,9.506284862314192
800,3.846897175944438,3.983650267668121,3.9754544180341718,4.370226207533093,4.658902552234884,4.055158447284343,5.261505843306169,4.3224676778022095,5.352513723769274,11.273949755971048
801,4.19562314536443,4.011427955615285,4.2161419325096805,4.557962785666846,4.934380344713854,4.223018955501792,5.314262572191233,4.357913859814382,5.278615233631576,13.15992853542104
802,4.027054835405345,4.0256705964398645,3.841973685293431,4.10019908650791,5.371022755466415,4.1269649810203966,4.975336318675068,4.634886462929366,5.321088076385887,11.511915739246483
803,3.8944296899511897,4.252096756417027,4.1887516515244645,4.42024342610977,5.1334287066830235,4.6285020228722145,4.7184561958418945,4.661776109475473,5.623734795524969,11.635238412043396
804,3.9882173453479495,3.9907102239667522,3.7930735007974286,4.212293188052218,4.853909269410461,4.080389850547375,4.062959527989449,4.532955648422322,5.293628735885502,12.221293217842543
805,3.9239134524515293,4.136546163855715,4.124231012382604,4.485822269259587,5.011402273406971,4.296503883792888,3.9908901322999006,4.1340257198057895,5.267824771532118,11.2439658860005
806,3.7368371086955237,4.114418930930991,3.963416048500407,4.498287642904917,5.108563009254594,3.9263868871956418,4.206976595039669,4.4636199658724935,5.336715272479329,11.806710196068156
807,3.952610113075764,4.198424725540687,4.047891013564604,4.444819965737187,4.932174705304353,4.057751241462127,4.408781286628472,4.623043780316328,5.205800333129409,10.512313328906489
808,4.035662834901272,4.004078725246271,3.954560720044945,4.344000648787859,5.396476474374373,4.333819471470262,4.952501305971789,4.719414882418136,4.950163170877456,13.073438356378704
809,3.9608947944924138,4.047368778064866,4.0432761204573495,4.534688964059343,5.540763904355682,4.616682480379148,5.132312905316717,4.801524154302012,5.3750748929306305,10.518435270862135
810,4.056336397792982,3.821612004007902,3.741784923677442,4.148965418082332,5.225351855837354,4.532022698202229,3.793828561632916,4.625331644793957,5.2539708857842955,10.673190244818768
811,4.115165998243922,4.209795481947879,4.100790974591556,4.473460880053335,5.331803387517803,4.60610667159033,4.032515531789047,4.669246774795707,5.334311770416585,12.13626726552787
812,4.096899268338257,4.118303683654334,3.7560536819792483,3.9342179906008443,5.0146194829575474,4.142862754785933,4.176377570189449,4.525285642981531,5.3484960430165405,10.263140397095272
813,4.077493654395617,4.142263940553804,4.194682159126049,4.559081162766594,5.4434300952251204,4.473916614086775,4.512598209584314,4.832861480619334,5.198232312904718,12.656059919790327
814,3.935307487372769,3.8408794489522804,3.6072719228721697,4.101525310935305,4.496170066475934,4.6006586533544,4.840580604846,3.6958017630374234,4.7696535284319,11.282654838320195
815,4.006375931922011,4.027740022339105,4.244589739289763,4.50696353198059,4.541194993357487,4.68963271247959,4.800889759800268,4.238412827382444,4.878685301829155,11.070625635019548
816,3.8395408647160867,4.0443663900377915,3.7487492965487528,4.106753969686249,4.797593286079837,3.9916579785492914,4.470945494239837,4.6732218448755685,5.270952581358654,10.80545649127265
817,3.8877925693303235,3.9934346577079207,3.9652175809114083,4.34508503863157,5.157392407229276,3.7656394201504346,4.786427536297157,4.9055388267905204,5.151082980087234,10.770746639982095
818,3.9932879964052375,3.8785441412624033,3.83687328406045,4.305996018034381,5.0902487625852455,3.9254465060026003,4.492046670953826,4.101747550187912,5.0115269122432915,11.704101168742538
819,4.1614241114391834,4.057206490811196,4.109067729852946,4.424892900172987,4.9010141316340725,4.387966019672282,4.87523777330059,4.222230721552284,5.157822972799476,11.255670156068128
820,3.9231028673411448,3.996333584155655,4.016328578876336,4.203539156670833,5.442056022464394,4.5877550533941145,5.054526938644847,4.4304707882923,4.535690969982347,10.76626755935324
821,3.8249281785235123,4.187308800491007,3.9300149831772657,4.295681188654456,5.8912935643761255,4.562964121205874,5.018280373911722,4.721311593126595,4.490752098865499,12.42806657956787
822,4.045481966514206,3.9856888936873185,3.9261579982444843,4.212321261029845,5.740709493727016,4.489454066854288,4.233038640238734,4.7014057005110095,5.466909747489364,11.33588747027518
823,4.166225617924336,4.0211292745537035,4.067482689233093,4.337751535914187,5.574556748103524,4.965845142244122,4.3817778559598874,4.691920807626974,4.865167774968502,10.730407346747864
824,3.972576683394637,3.9824523271393484,3.9740048356228073,4.33559517890105,4.623252028750069,4.9988254666912635,5.120046871463442,4.650296517259234,4.816881522584651,10.831483637969813
825,4.006747419585386,3.992625752894694,4.0289282749979645,4.549242006025783,4.910273836795727,4.9150282370081975,5.448822804557214,4.392716074784132,4.557357408601957,12.22934111613443
826,3.999899354237927,3.7767101684418,4.032195579909733,3.9861875569024794,5.074199638557649,4.108403662455857,3.9859837832051617,4.43783769273609,4.556449680698479,11.75336816778007
827,4.174470435778876,4.263727140814721,4.0012584280538155,4.31648504990462,5.298975136015615,4.357817642303558,4.548820019983547,4.389875755338409,4.8272457571155165,11.405239536908882
828,3.790498419089021,3.998880669153067,4.1509286937013785,4.270839477178116,5.562824577652717,4.318401146879742,4.401564690565588,4.992960590120675,5.663303743003009,9.499765372429735
829,4.268375697911637,4.024991191528701,4.206645353541293,4.911686002161433,5.214681678741525,4.595575194934152,4.583695666816002,4.765379732070803,5.906458484798923,12.474044296463456
830,4.078127032696886,4.007571360540219,3.82099376345751,4.211197839176174,5.416136027315748,3.9340128055152004,4.7011522893191415,4.548451119933962,5.125607306206238,11.163732735824745
831,3.963971104672294,4.05934611364831,3.975878191484933,4.493827335477009,5.159539419965389,4.05226341305162,4.818775344758484,4.6098904605983995,4.800703012860202,11.326159590757435
832,3.8777320921728013,3.902627381191142,3.7010698166739764,4.052880448297208,4.96648188840334,4.170497578911364,3.9581500673799606,4.551355488821624,5.162424441194245,10.970049762021196
833,3.9103600787447594,4.294433217497202,4.022328258592534,4.182791092927863,5.904001231521084,4.4552493791383405,4.126993461791846,5.048804492682093,4.631293949364397,11.868308909044105
834,3.912470044815025,3.920475779450406,4.273380116849383,4.111042280717076,4.9617625580445655,4.533885030199208,5.170392271800126,4.814537348957521,4.873744547074408,10.054811816811615
835,3.9701108220535004,4.293983424878739,4.104472288970307,4.502780649733274,5.272642743022422,4.3674488955971205,5.282817277040208,4.6867779244666705,4.9461598853138105,11.852485734896018
836,3.7844682954930935,3.739055513056621,3.923035107926806,4.123302943996922,5.197004164552303,4.152261957853394,4.137596492777196,4.207747274460891,4.585124933227488,11.361557512683714
837,3.9561883486238116,4.274241747867593,4.195168696540758,4.495499708810313,4.958478389733716,4.150689673623465,4.427787484681482,4.731035413020521,4.948319852482775,10.124182750914422
838,4.062859639487977,3.9807179718112864,4.00525203944636,4.234556345332525,5.6758529242487805,4.423354965878547,4.715510884090292,3.926190236016524,5.043888638178567,8.874033085993812
839,4.062727940529468,4.04932525407593,4.137160198230461,4.435266575600412,5.196473771841184,4.662639572814738,4.934403956783528,4.3706965047750685,5.4967701521676195,13.21138346397403
840,3.752486058944416,4.210074279223064,4.089190510684942,4.183091967476192,5.10430793438715,3.9487262791286417,4.440287981513806,4.245069915163806,5.102890200977743,10.419802755311597
841,4.049840650750017,3.9451821690179316,3.891098376548963,4.6886710737467165,4.992974959970584,4.245813511021703,4.514109351915306,4.573185898638346,5.4959387137188385,13.062487589394303
842,3.8653477164342713,3.900645463473858,3.84046240371298,4.148756701928086,5.157013364378445,4.0597025496146255,5.149517358640076,4.59665498031923,5.84697000230443,12.447418785138503
843,4.019763335136102,4.282342170067041,3.7226064482501404,4.428248444183478,5.464770201340669,4.330994724965672,5.049247337460974,4.753169651265774,6.046769535548467,12.410332321293703
844,4.025920972788768,3.845533369404438,3.9219271837071723,4.198525673804832,5.334577283335005,4.531530148636746,5.034525750537195,4.780673759773237,4.9540427275455325,10.387224338355828
845,4.181255401180912,4.174916600947189,3.8704125612871714,4.209059106040739,5.2967218530065745,4.4487628560884485,5.010195554534573,4.821212402019624,5.256247859470978,12.236961538248499
846,3.9883837490752776,4.093771273237571,4.250383453788795,4.28857421566984,5.322738262010141,3.9961892547597446,4.239735818044647,4.595921590171122,5.521343815988631,11.0187363556794
847,4.040533752016545,3.9836906346640446,4.025828139680325,4.296311670078898,5.40758450572214,4.248681523431371,4.374809790405469,4.931936623363889,5.119449186025097,11.236319223063221
848,3.727373555647531,3.759630364754265,3.7291611348763656,4.3334727213456485,5.262574703229415,4.921181058798207,4.78609501147956,4.046838678293989,4.882667793319981,11.17075024487351
849,4.138299614864345,4.068094579920348,4.085633329920061,4.509537555268664,5.6060746116723585,4.957807721969347,4.561439711261325,4.612098315643789,5.130213016901038,12.386521934065541
850,3.882803896985057,4.022816416865714,4.044327760822127,4.362408100739915,5.281037262797632,4.646074108188161,4.287808640320347,4.542971984419082,4.791523836451653,12.032799720787535
851,3.9918582731009433,4.192223158926222,4.116124139913083,4.391833987144129,5.165055869956738,4.904740320399443,4.423897719942423,4.599576522738409,4.7970873098153,10.468936577098361
852,3.823370719177075,3.9035544931035266,4.160231303281079,4.218623803993043,5.3547724323212735,4.635358091473493,4.7360144663758454,5.097824364144291,5.445798499456999,11.858095858585669
853,4.2179961229914635,4.125143769981109,3.908862354547214,4.335128935233453,5.516666465904238,4.505306740206886,4.831823571663401,4.733098744013446,5.722255131488585,10.351970679743175
854,3.8574730165609727,3.943666867872519,3.9425067010949335,4.223480730293983,5.084661161501758,4.77742228705571,4.213851533811878,4.3257057111154396,4.649194382317519,10.529820447995943
855,3.940763591789002,4.220984370991028,4.1329403237838385,4.55572780913586,5.270137461384868,4.665806029305531,4.319934477364477,4.608448011565393,4.836516402806585,11.33906655806448
856,3.9721079954441234,4.083868607898767,3.9762157239228406,4.191771084149523,5.295562515219762,4.211305676323712,4.470465206369116,4.339424250216284,4.422228775840698,11.838899760064562
857,3.990112204598112,4.2104799508350075,3.870476700891985,4.228809547829172,5.018606720494777,4.4502439209228575,4.688366565597655,4.7088418394947,4.915847046205887,11.678439058896773
858,4.120496114563355,4.027952974850982,3.8581627758708623,4.168755068927348,5.121993108239767,4.685660188231002,4.804558187167717,4.453805195425549,5.13648259228148,12.229686294189444
859,4.155079602950919,4.304684637304002,4.264441583731631,4.25618650833134,5.255235667157461,4.847269482950502,4.978478922095579,4.823218048258887,5.768128410670877,10.325371111649439
860,4.007126253753622,4.153765181034824,3.952604461045194,4.1534490602247685,5.441505294322095,4.179137509259676,4.588763022794905,4.297683213703515,6.241926384356048,11.096500371201493
861,4.389895026611893,4.04776513091423,4.137252768084301,4.21056430381984,5.802198988808717,4.696875703524232,4.862884401472438,4.50379476577418,5.682119189931262,11.503154052562074
862,3.973006275158841,4.052544301311863,3.938663007916647,4.181359963804925,4.937631796763776,3.921154513488092,4.4804341047359415,4.021487430263649,5.9566645833529215,10.378196692349666
863,3.919234714460178,4.018981839531889,4.069040546841518,4.489630988557969,4.941853739063463,4.264836648731031,4.184267840848069,3.8548999664514088,5.5221461869682775,12.385342735124077
864,4.03113815922156,4.103621036927464,3.9596890597820527,4.421804242914039,6.098341673055403,4.640982201771335,4.649144962746148,4.339955328493402,5.221811979393929,11.196298503512303
865,4.0623328488869,4.203271974969989,4.147906923514662,4.352352039472113,5.676852701776737,4.777565999850475,4.854961719294726,4.63275596234157,5.080857081774473,10.954209953157946
866,4.034228750398692,4.141957428430881,3.803351062105539,4.141573929979729,4.843392750944255,4.284539509284473,4.288006355504195,4.245958411113411,4.818807294978907,12.504313398829082
867,3.8490349364748884,3.785541684728903,4.0105626652950885,4.427424892990481,5.60969213913593,3.9513478122918317,4.3349819573473205,4.306691204219358,5.069433070476617,10.728642562422449
868,4.017536721924003,4.046082666306175,3.8040789667041186,4.110497366982577,4.947700493311109,4.023840141112031,4.389837799641959,4.30341134421557,5.260518226264024,10.766900197780073
869,3.83982929620497,4.099727891528063,3.9137394009120414,4.414064811337281,5.615759050779658,4.473131207726558,4.187836752918074,4.602475565113654,5.3888385066500515,12.026378999640988
870,3.7979404433999266,4.122221804712576,3.7370978917175597,4.35585689158064,5.400684693924731,3.6247304558349396,5.046124499905942,4.1278964999137875,4.7598973067410215,12.313860916583613
871,4.1875536357389755,3.9593260747287427,4.109538446763045,4.168512643071165,5.860557340531459,3.933756925946308,5.029573732605969,4.109433847571555,5.183305936001477,11.476039389402905
872,3.9551799963609944,4.1580871759633835,4.039998249687338,4.128482921512602,5.009043659984226,4.384210803780683,4.571612723769078,4.4431657924283705,5.464837654584756,12.162225635804331
873,4.123034700932346,4.027877500473047,3.8463404000556527,4.499562860890553,5.203494935801504,4.650104386304634,4.847095225971682,4.579277061695581,5.400178131017366,11.677808593091122
874,3.994749674730239,4.08034579867943,3.792425087709835,4.056995079162192,5.760800071620549,4.478143917785385,4.670408781083483,4.427451784801363,5.6101504288310275,10.839832872459482
875,4.089748788164168,4.0381237520002795,4.104889980235906,4.604333237259732,5.240713442654463,4.542816381862353,4.470354422221261,4.458988594361501,5.730710910801421,11.936059662166356
876,3.845377801574999,3.9492564055325268,4.001506118800394,4.39835926197401,5.051961588247209,4.560807371289788,4.6446703235923605,4.075265147922034,5.204076362516837,10.689163413035953
877,4.173969597903019,4.0843974754223975,3.9829453009086193,4.433285262239064,5.4595214307475946,4.584301793118283,4.880351594790966,4.6343636056688515,5.3992987293950305,11.861235888448533
878,3.925437550722398,4.050106991921784,4.166657825236038,4.2210147003066325,5.309821618151434,4.311554381683836,5.043011835088141,4.183518436719351,5.580409250580797,12.040139935303525
879,3.9258438585690216,3.952144614900072,3.8932533640762528,4.161441571371761,4.733786722139369,4.452922082143724,5.094439090969613,4.839355792017257,5.233057580441867,10.7274359409972
880,3.812003462552475,3.9220287821410524,4.183897427978014,3.9928184275770904,5.381525107060045,3.8593451947426414,4.868843301349083,4.062624316920525,4.863180041091449,12.522838512916962
881,4.098684853286372,3.9060470536952656,4.016559850548634,4.212497884386209,5.568623884398757,4.326962882471836,4.920865221036895,4.178495966245984,5.047992142348577,10.568334204334032
882,3.931713690463666,3.9983700163673057,4.024151974981452,4.275667687110816,5.2370126057869655,4.290548235485852,5.145138839301767,4.465897025874746,5.312134172233418,12.43618322065291
883,4.312838739082834,3.9703845717285606,4.0121834469415205,4.588598634571125,5.445557831759643,4.704935317088199,4.705062629025192,4.365346227965472,5.559016868575973,10.339614640790197
884,3.958643065393186,4.049440164950306,3.8649361574617873,4.193150758791618,5.842506128103127,4.037920833278769,4.7677955231401095,4.980543303907154,5.141705230885074,11.537248508074292
885,4.280481842225612,4.088128505568865,3.8657654075123573,4.361982799848685,5.594693515217248,4.3986301786664,5.063477264205275,4.450746876569807,5.268176222344934,11.533976178457035
886,4.158158848229777,3.960809528097962,3.936471463221229,4.151664879153496,4.819269742316512,4.246213690077356,4.021415201034969,4.540773210084181,5.1299961518133825,10.836312455040948
887,4.040395226517992,4.041091822797411,4.012491632970596,4.691890593304891,5.288583039244612,4.357957564095182,3.9052823905806533,4.679771110870178,5.233102577893507,12.127361117371603
888,3.9277538540106764,3.7661363578412796,3.99441593629842,4.543477153617022,5.298814157047185,4.431802946955193,4.586961819701483,4.519632462614892,5.513660611545882,12.836460357561569
889,4.048833411304048,4.0939532765949815,3.80079732054686,4.548408304917715,5.355324134752365,4.40151385272193,4.654412560884422,5.157870877095115,5.026847104759661,10.500189685064287
890,3.7790545095124726,3.960767536285284,3.9494512220590208,4.255460633847605,4.578743519112072,3.769926464100031,4.772334111236645,4.213566686556724,4.878865401223815,12.649804296668872
891,3.9823591015733015,3.7539749621153105,4.10902948004125,4.3410899404441805,4.411226411992801,4.058261455495198,4.533586152054492,4.578661012828749,5.257711635075058,11.487534863448781
892,4.1426870570720915,3.9216706182008014,4.083738703338552,4.265759980632521,4.845203532259996,4.63949631291235,4.342937228205632,4.175826893168499,5.332890107504959,11.435508369846179
893,4.031256208417919,4.007826590173467,4.176239289322697,4.483039571403281,4.900600097852431,4.574314262504143,4.7536927322005855,4.606152148495881,5.426006523793047,11.51959929723481
894,4.1228343990432,4.109350240496572,3.839350802609223,4.336165867565535,4.510739979791427,3.6287702909210466,4.76011917084348,4.694376846526346,5.978432515598,9.719537116203403
895,4.2655448996636585,3.877316937220028,4.445314050970578,4.2057179719275695,4.729454019324726,3.9593756052314077,4.722039271998837,4.7814698297859,5.511756234050989,13.18459576795382
896,4.037380671972636,4.012227329726995,3.6489973991240765,4.184904369484416,5.066532961210238,4.470917202548686,4.097434855639573,4.4338909492617855,4.839075182414631,12.06345068441077
897,4.035071415624179,4.28937735229601,4.0008109952749065,4.339992475537007,4.9227666165779045,4.668991192819648,4.029771190151839,4.9884513878313586,4.764088174343015,10.952328025493557
898,4.0576884444798855,3.8546624450829627,4.238367634368856,4.259030544328635,4.733656693208914,4.5961889777332265,4.477519899780229,4.539609788103384,4.255834368085506,12.812674933299496
899,3.999876291245528,4.1272425407134445,4.197378562924727,4.699652665089977,4.977094250330654,4.819305696680065,4.753392156438832,5.19994682416694,4.989131606808824,11.031918938198409
900,3.903691431007562,4.154744371459772,3.7615942845521286,4.2156473173669085,5.08949649817957,4.546501910946843,4.815428222530461,4.583421015680525,5.276572179194071,11.097305406400423
901,4.0629660573584685,4.050104165359703,4.130772174578086,4.560357943360283,5.269347787742522,4.741752914162707,4.955526325530429,4.575894127417939,5.655071301395393,11.468048315118645
902,4.074804812345167,3.8806246083502205,3.87965685115469,4.215461528117062,4.818170031919158,3.61336209809677,3.947221984852918,4.27801985606491,5.098850428895405,10.993654517156811
903,4.071857774681324,4.019842457114119,4.201787136213376,4.41229993483625,5.122530899278009,4.30935206508776,4.496865772150751,4.565623520919595,5.520793449837292,11.557216785504634
904,4.12959253927128,4.139185024515871,3.9388989447315708,4.014983604676821,5.512682553779151,3.767733934521377,4.50120741881138,4.047453465975391,4.923354905497127,10.789517981075054
905,4.008094279820686,4.1072584203734275,4.1072138581869,4.519055974763452,5.609647219970279,4.059266310157396,4.686303775188203,4.540876245429054,5.31504364526266,12.489209816596741
906,3.717694772829273,4.069469953187696,3.7069699472985196,4.135212668077402,4.864180591786239,4.194560608844355,4.471698618158998,4.21614376934292,5.373964344706803,11.306063245425662
907,3.9691773276044935,4.016107109146222,4.146668560806707,4.458983521234196,4.503159152617175,4.156591926728503,4.670022815052769,4.265582755261633,5.053627370288475,12.44025476889773
908,3.946538635937409,3.8343752448922577,3.832822321548244,4.339502473232451,4.8395393694743305,4.146539439887912,4.831199322049865,4.017390256559564,5.160350933331979,10.152838107189421
909,4.157709683338198,3.8855629661467077,3.8943768795234615,4.402005202309008,5.102346423778786,4.353613553754623,5.281134219932696,4.467846217953814,5.484483425052717,12.25809121818307
910,4.041151205351469,4.073092254100078,3.774877064748798,4.191783855827862,4.905633688366612,4.116815521054485,4.293041726094978,4.3980021514428715,5.358966654699779,10.55416879075303
911,4.1225318129018405,4.073530081896707,4.067823464142351,4.369259782569603,5.101027742375925,4.405209320532537,4.243527744886597,4.768537896305064,5.139895435168265,10.839068360188332
912,3.8739354262902186,3.8404728087473003,4.042511962110351,4.258079149863728,4.812378777070929,3.742453437931348,4.607051621723504,4.287233378697959,5.186614503095217,10.931267699479898
913,4.122846412071275,4.086176703701134,4.047104606254907,4.287403629069482,4.858783654545006,3.913127262851419,4.854966979068161,4.729937428588205,5.741792538363956,11.882882951486408
914,4.236702690725315,4.096400975803851,3.9118600065543023,4.286797946463325,4.529371275241179,4.882708511527146,4.500229145113154,4.516817668059225,4.762856911856687,10.872981713353013
915,4.030121839866641,4.2330688125791465,3.9648946224925767,4.133205363362368,4.911740745932036,5.0415673180751766,4.882753537499833,4.875055877366831,5.116690064719299,11.356906484332018
916,3.819897615431222,4.082608561764583,3.7259155298276903,4.339984140203636,4.747481608699084,4.557642626072151,4.603674329317022,4.218853170244963,4.819622374684928,11.767546290486141
917,4.071557786795214,4.137956028873961,3.9774507614716237,4.535451082915084,4.9518069713132284,4.497180276665042,5.0479097593059885,4.558756333761517,5.094884540667932,10.329813894268113
918,3.9700678305686607,3.843309286844515,3.927175288811507,4.192456913436802,4.796310113431088,4.468769475306813,4.752868448023618,4.694514553350803,4.710245705138884,11.002512643264726
919,3.9839728287839113,3.913121961752505,3.8693071314065675,4.58609240474145,5.535205094618222,4.438211570691195,4.728130785114248,4.732503694394541,4.825051373122061,10.770650168458976
920,4.004772347872026,4.0935349026996874,3.9163672235389226,4.196248833181818,4.956318164074662,4.317113559017564,4.4775530984776415,4.064015890912652,4.842130110157139,12.523932981458415
921,4.165490541278645,4.277236278898801,3.941852135165801,4.606482813242826,4.896396875015924,4.368884607095731,5.094473699639064,4.771523107021966,5.285127253126508,9.943927344643495
922,3.8343371286647683,3.895179326048134,3.9608108645194977,4.238138325507992,5.7819267469964215,3.871640897694628,4.3030864570359695,4.897494685535165,5.232031837078676,9.449652057859895
923,4.235850160702201,4.055965307132166,3.897342706268061,4.460674569019291,5.8549779196366325,4.306098139794116,4.423429707025111,4.655564643712046,5.72657957439676,12.67383207765628
924,3.717794046835067,4.165952270368483,3.6793652159873877,4.248515495536024,4.841524707637299,4.048596086990798,5.046608598461691,4.618642555920352,5.441951766683107,9.858847878091773
925,4.159546659290846,4.1086335708999275,4.047986185227529,4.533529031590574,5.286218683793623,4.118596328210248,4.737818724067748,4.655940873518382,5.200937580147255,10.649601657705661
926,4.002408950500003,4.016426496810473,3.909003066793553,4.0473952301762175,5.583088603351646,3.638894711030676,4.614223349641219,4.336385155755092,5.320251565741994,10.533080662811926
927,4.203528595806694,4.024745104885227,4.28637441018939,4.233286131324967,5.236546862357522,3.7897458792497205,4.72001366668797,4.581163737703913,5.207428842704879,9.769712029505266
928,3.995513359290578,4.092658342910848,4.0275182306063355,4.167037397336828,4.899946332079752,4.249778400409221,4.532918408171524,4.63069421944039,4.743922658752112,11.466751217276862
929,4.015805204150501,4.009230629908949,4.043290717373008,4.408965785226229,5.269218110074404,4.66539288146682,4.753294617522304,4.809558854670094,4.821835010944768,10.20463371022208
930,3.8720255839133686,4.040384620533862,4.10078146865693,4.202391904075849,4.642782744218379,4.454795757707473,4.6410540191732075,4.7952542189036835,5.050477521861729,10.413459994269031
931,4.195821117558877,4.004240670785012,4.262046709469426,4.3561489266734,4.79373828334949,4.207433887301745,4.496923946949699,4.625300180628816,5.1393085381843875,11.290763395035682
932,3.723077844101343,3.9182258255421107,3.951854115943313,4.089844031052472,5.720817741107671,4.526405954555024,4.59636411231611,4.129502015187044,4.989894257740056,11.409949222919021
933,4.089505560473096,4.006386911913294,4.187229300875922,4.274962230724265,5.487509750208465,4.703684794196534,4.659358591395308,4.198633397467955,5.166256929070223,10.66161583417347
934,3.858987113956054,3.9982195768170454,3.996955468104008,4.276575788096096,5.121280790980902,4.45224189088831,5.266159535415382,4.45799193594561,4.676901565357708,9.922970650874822
935,4.281098833360558,3.9586875997306925,4.3576750523047405,4.287544521978606,5.735976814731251,4.652463391553192,4.733694290495241,4.373827819780379,4.540323121463443,11.89667011131556
936,3.621521085295619,4.192362916075695,3.9049422793966166,4.011220448902559,5.2260517525418875,4.792650424416655,4.60853877944487,4.046719372107175,5.752467682457539,10.950643509598834
937,4.002557817771936,4.147607136333666,4.13863309823212,4.288300751228442,5.309065490709444,4.825232069509649,4.613066757412527,4.357485579513644,5.4090823128830845,11.053852497912462
938,4.139627602531391,4.160343790487965,3.9535232139391026,4.224337816285294,5.72185305019829,4.701659945490933,5.068783703131305,4.648358732789282,5.270354861643803,8.918586879843422
939,4.141025755790118,4.174066101822145,3.9997564668043086,4.411926121054245,5.548877116648411,4.822804608622386,4.833771840815814,4.242165988020427,5.6458961309541,10.960401111332875
940,4.017225617012518,4.045106462974361,3.886358304449863,4.039175638096064,5.821960597654331,5.066939704242167,4.248207385062305,4.522340017715164,4.676744547796638,9.589762879243773
941,4.056069354478951,3.9657440068027707,4.144441442636645,4.4442344562859795,5.457603324372181,4.817679445542939,4.216153295957705,4.974668750819255,4.62903790306339,12.381225236765962
942,3.8426393051219234,3.913395769786125,3.8535387923677074,4.184616221750655,5.062619264878045,4.0923351976594065,5.067354350964325,4.372676844185882,4.983589269428173,11.172866046701484
943,3.9676605407408783,3.945598188909731,4.174034894864592,4.5194620114508135,5.337942739096913,4.668699674708305,5.087063765235774,3.9241021775890217,5.452502566314234,10.018813187401353
944,4.074395760605141,4.062558202677236,3.764541124910681,4.141525764921869,5.929399438416881,3.9433272015872953,4.162879524249475,4.202058153761226,5.208363253326627,11.130120186374493
945,4.084092974959029,3.980856804575528,3.8150925327380114,4.467810002143593,5.152629154599362,4.16843227572714,4.436509633437942,4.380079397489704,5.484075780005962,10.389952134452095
946,3.719290340076288,3.8868094076875552,3.859228643527744,4.1006584465264915,4.307772927306389,4.348514092093421,4.585415209970636,4.520258375450108,4.946860927986613,11.2409152647506
947,4.059437623710576,4.0156457914487405,3.9136429908430284,4.422683132633155,5.079456761297512,4.534149377471977,4.733474156791762,4.614633848856482,4.9296306384209645,10.115495894989774
948,4.014376873216103,3.9465060800549674,3.752974032196393,4.232831295212414,4.290280324443104,4.055450804767697,4.518675998312132,4.515098087924299,4.996211265813985,10.672364238852637
949,4.065605460076079,4.213421501084487,4.208556909590028,4.306705121908787,4.837370448594313,4.349923951338938,5.091357874212796,4.0572404924215455,5.4752846048212165,10.95350992095649
950,3.965672771801607,4.098912054566487,3.908995772709728,4.370879194215527,5.082071090627121,4.500997985620995,4.672385624672975,4.407231318740067,4.659577424109346,9.438147007669182
951,4.13549428183238,3.910711976441711,4.153748100301664,4.396814646053577,5.076436925169256,4.500215722041411,5.017492210120154,4.528953552288643,4.830773490449945,11.026577039227563
952,3.9712302351768383,3.8531541321731133,3.955356055296749,4.274660188965347,5.059102938473281,4.331234752284391,3.8488692579036217,4.538419289971796,5.238443606002917,10.157183901833907
953,4.081432276505036,4.121071438875614,4.039093682746658,4.433136567087597,5.205699687532225,4.676646531020541,4.169881363746798,4.709353421469802,5.179297435775742,10.875860321755363
954,3.9342254661248517,4.09282048874806,3.9172502037371966,4.008594081801733,5.507825519941173,3.9794064230516795,4.8587110118808745,4.457136795032821,4.7685062515612655,11.060551053170823
955,3.9079574430956567,3.949041507475652,3.988335141527503,4.343307936890044,5.883041367219881,4.204070867598014,4.9271635578334365,4.6290796415662765,5.210694476018725,10.285381305216838
956,3.8802301156230317,4.058898954368796,3.9884210214782496,4.150726063726316,4.666536272611539,3.9751850624454637,3.9564569379070393,4.702722095750505,5.060017364545877,11.075307755541218
957,3.95718211255121,4.308934022417904,3.9709254470028217,4.431720075900859,4.91730178172489,4.310156048004272,4.1122735788524345,4.5589333605857485,5.822978991050056,9.650137871836433
958,3.9466452509995955,3.9841239133539372,3.871542739275469,4.052640011979099,4.441351894446431,4.045593941872428,4.669884872620704,4.775142409190165,4.612352044558867,9.789251541921818
959,4.019898359729247,4.066967387191397,4.102309165738258,4.473939156771223,4.788310897151753,4.200403642853183,5.092924477849852,5.009414073733898,4.7657586728124794,10.096447068980424
960,3.971592839085263,4.046146317853251,3.942958035126008,4.4425565126064885,4.506295671732792,4.0624479587107265,4.719880283906064,4.79362030143618,5.11675400525428,10.411248702339744
961,3.9553280943394085,4.002889125526867,4.010602736521805,4.230004566228292,4.965877604805532,4.4527605472831455,5.208710945989843,4.7705023818744845,4.965885483738724,11.260494810709792
962,3.90761227880345,4.085747665100128,4.145469278952667,4.424522918541526,4.498319949915098,3.859027936902628,4.238833759867619,4.3781439912997655,5.5489597767404,9.119881400934391
963,3.915630836942525,4.13601506477265,3.95802286514258,4.279541929341645,5.07922321595834,4.053162760303779,4.73617684751357,4.429644676781131,5.000595082159997,10.441793779944176
964,3.6471577636024395,3.9529791676059336,3.789908543416778,4.412819960306508,4.6375187963729445,4.3541704610393985,4.695307445589802,4.2915436881273115,5.327720845264254,9.450097638938459
965,4.110555312133854,3.8738989643827275,4.222475446866772,4.302774224931023,5.444094987421212,4.675148790313293,4.706970702891807,4.2240459630673985,5.132240545809125,10.679304918011661
966,3.878937735299054,4.1131143064855795,3.7799700708629467,4.358044524065374,4.815598899268787,3.805160537420007,4.732124687978821,4.045027601084748,4.372220158705372,10.617318353040675
967,3.892718409601896,4.039368355698864,4.200919011641117,4.325036459398302,5.1325051259379,3.8654445175720107,4.476104209630938,4.531332792948548,4.6647746187086545,10.108486687354066
968,3.7466643304111016,4.037354284891426,4.013513824243288,3.9556956795146268,4.919412396844763,4.394769668620104,4.0296841332512905,4.148390698314169,4.708098570736065,10.525355317009838
969,4.125035612777456,4.1219794756868815,4.045652827242022,4.507513781265415,5.421382731544528,4.3542875431626795,4.428298687074637,4.41734775631188,5.001406844784154,9.35575765495291
970,3.9855755650627303,4.005759556566015,4.055377702687625,3.9295919123453698,5.450974475914977,4.051667097358513,4.312787526740298,3.973574196829277,5.361062650989764,11.173182485558996
971,4.216526209272034,4.168772610520024,4.186889965947816,4.293817097957593,5.408221217693535,3.8191390072267937,4.957961675515569,4.331186659004607,5.745112686810695,9.175254529666727
972,3.8019752708256833,4.032106946736282,3.852764974842706,4.4378260664523905,5.179304143719841,4.752423608658794,4.239109081518185,4.018268308269685,5.112872098058165,9.89915664166965
973,3.9887087600365483,4.2036673645023,4.079671724301042,4.294477294926371,5.559400469483427,4.874623977408293,4.239805562491277,4.392599207993498,4.907468824807805,9.105422187704887
974,3.9879685775012623,4.0634841006325075,3.9068914401919064,4.077433699133712,5.149587857197,4.634392960512894,5.048865606903918,3.9585678933522606,5.342358539126354,10.516824109634777
975,4.004079134173169,3.997056544133685,4.167575916224007,4.211432119494242,5.372290998632373,4.881433222765278,4.783000718483733,4.351904494730923,5.609407216270554,10.387803027406378
976,3.8091341829270453,4.093027981981508,3.925943972989545,4.418998819914441,5.2100332733404695,4.645081957204182,4.621918470421764,4.035083783282892,4.977571840780644,11.189922344000616
977,4.080940812132464,4.039156784985478,4.008476183427352,4.338207290546647,5.514189579375369,4.876876402290658,4.44905189360609,4.590017913074443,5.223247813713976,10.565091165642652
978,3.9522408382727954,4.196027760752251,3.8786413840350327,3.99636887595995,5.291772216334237,4.06162518181502,4.537659374581738,4.712368692864595,4.884558626573741,9.522358648725243
979,4.144127707313985,4.020155990271217,4.247472159373848,4.25552724683141,5.338457375714931,4.089606141349333,4.784135251828593,4.3642087638483735,4.859778527457701,10.413748738711746
980,3.781115530263991,4.11266502329584,3.9439952653938506,4.247678623998209,5.538499523042014,4.168369937381735,3.9430967932298313,4.513806742975286,5.318108738300612,10.07671315409854
981,4.037272017139581,4.234718512599346,4.0312196044307065,4.318539664082749,5.289247543616543,4.400907838977665,4.807102910894007,4.509259897364399,5.0516638889394265,8.62134370058737
982,4.066914434129807,4.271857274321719,3.919252681045264,4.350355394896929,5.083663938318578,4.201839296546074,4.891084285966903,4.181907170250662,5.881007523376278,12.219979558604013
983,4.127916069023669,4.045381871720981,4.268326495132215,4.314632643184663,5.47352294440619,4.233526230365748,4.609162462479901,4.683913404089991,5.690909749822175,10.058755177104
984,3.6433626236338004,3.86420915383216,3.8839551995756922,4.036074960399887,4.972664170005279,4.308042983824574,4.398511245559647,4.830649672791016,4.659609977122011,11.309335952633852
985,4.253291167931629,4.127369709096594,3.9661869398127814,4.299428664155218,5.478664128202219,4.758170775842431,4.752174772235306,4.947202890656366,4.789741796558855,10.709270917991548
986,3.8544805642124937,4.088965817396666,3.935210889286096,4.2934411565372335,5.0667052532457175,4.509732301366961,4.663331121231436,4.121696756085699,5.56346441525217,9.81933064650839
987,3.8486077597702137,4.18953612588928,4.235733366060484,4.405722384137527,5.2451766603173215,4.823740622956049,4.910098584460015,4.708084743648477,5.361234105410713,9.144523634378261
988,4.062418689111057,4.036280151114277,3.891546790159658,4.167603557502841,5.09794444264148,3.9939138327427166,4.7408359361637284,4.494708814652332,5.487182459101507,12.071326769094284
989,3.9410426007838066,4.177768507919939,4.081262322929955,4.367043711637588,5.230506651717468,3.9843949812600523,4.52211506320263,4.343495156846651,5.316124605215556,8.452004745861773
990,4.001652003530944,3.8792150142273436,3.9525717057244854,4.2714488149408405,5.34094464080858,4.5548537784925704,4.757909478565918,4.078409692473217,5.356940820533371,9.722095758506585
991,4.3415919543487815,4.023055670837342,4.072872801481522,4.444103423854831,5.140783146565391,4.179423531751353,4.95812416346727,4.470418297410653,5.005051987494035,9.203059981874516
992,3.8695557724526353,3.9815010358172813,4.133105460365659,4.282965648586985,4.933918070766081,4.407442578179678,4.814639995953,4.419693924726153,5.09666741434164,9.738848500009219
993,4.186243320125544,4.014456579434378,4.0448759186465875,4.579128011777258,5.525744306915875,4.481252330194174,4.530343750447523,4.804958312038514,5.046584985433927,10.569442312779373
994,3.801022802060522,3.9822289905752384,3.7346219629033603,4.033388821705896,4.820458392423429,4.781526140175446,4.657798670019802,4.369977189507224,4.496923000810749,10.15794197262637
995,4.265599716795803,3.9627785298876157,3.881985587658279,4.209568703669814,5.290200732796736,4.932326590978842,4.885351603904305,4.306248081768412,5.019084903095308,9.720097339078285
996,3.7554552257146185,3.7252898387870776,3.68477117479547,4.315038976939353,4.719991762630086,4.449277455718157,4.345505442848117,4.722269453194711,6.261257292893524,9.763080529203904
997,4.1041387689606115,4.176769932513011,4.095218983120115,4.516393245432296,4.749827574725828,4.859764909316474,4.815437520525092,4.6509570077611455,5.425483439728438,9.761784177712356
998,4.017429436170168,3.9529269378967222,3.869135568391491,4.331694296873376,5.52833664137683,4.640868699978683,4.8817253927529904,3.569463291052603,5.044404689817065,9.09072299663614
999,3.945050447767508,4.084511934885274,4.051857970794607,4.365936457087685,5.626507160111696,4.076102198002945,4.701763942998883,4.147279404458316,4.677308071956048,10.39195957197744
1000,3.9685059434956265,3.8231885658755,3.9539251643664555,3.885732749521624,4.469074700067852,4.131943647071753,4.6245355958028975,4.307524283743756,5.4558261963527155,10.226406570022808
1001,4.259955266115929,4.139310845373114,3.6407898547414814,4.2611789140672585,5.005960160918088,4.212336314490927,4.4666771294386205,4.591628176026576,5.448513887989309,8.718520155901965
1002,3.6391561028650288,3.993255218214794,3.9154011219442686,4.133341778417377,5.567710669996879,4.531795560693771,4.3307540587395215,4.2394957661059385,4.623757840683908,10.264268158423608
1003,3.96153974697692,4.094645068085927,4.1432164876944935,4.57269878942331,5.5770933833686716,4.807964833344729,5.342146929053472,4.330925578730566,4.97382371302222,7.8165578192236564
1004,3.663675110111051,3.948956713905549,3.7515339861717023,4.103628939896404,4.996782077170419,4.192545757346802,4.621894600770484,4.011421943612179,4.820463849564663,10.182878333543593
1005,3.8740498924817532,4.068878689345899,4.007234564119913,4.290977662593921,5.06194876344135,4.381115991242707,4.702901249531815,4.398296662149758,4.830166305794275,8.054417702188921
1006,3.9757082178872407,4.020649503577942,3.819753565049946,3.9831415048578602,5.385405581973195,4.395392305208371,3.8850398076606982,4.275394082976387,4.966631193406835,10.543074171092156
1007,4.3296542332729295,3.960914352041236,3.9769934792671084,4.421270325902225,4.771765938938703,4.787247755108638,4.185137905865096,4.380317733820499,4.69643365040168,9.241941810591692
1008,3.9002006156035005,3.9498621671328853,3.8238221275081,3.9875453618013554,4.687296542845343,4.29445394068905,4.358398249259801,4.138712372114516,4.906544564430428,7.724688937552519
1009,4.186551986144824,4.015759198883362,4.012744277591026,4.293305361946173,5.0214719520936635,4.326459154751148,4.401904318925397,4.685677858432368,5.1947457172076295,10.05304877989607
1010,3.9221996713314593,4.082105083805964,3.7128206220194744,4.095626568443523,5.354272895159941,3.576706632568233,4.657270099605332,4.519647969569379,5.240998353055329,8.216271697606967
1011,3.9856621215802805,4.017962793296164,4.125546485024603,4.452179636715203,5.449528979338545,4.002625915022727,5.241821073662255,4.619351474504872,5.710007790093514,9.589312512615624
1012,3.5855790151269984,3.737893883655334,3.962129901714364,4.268218175094574,5.197577948936118,4.385970029239533,4.47701144903008,4.229497413817427,5.106703352711658,8.86462838164373
1013,4.031626776190878,3.9514251078217435,4.001882502272455,4.312228871720555,5.337544394730479,4.350854955748311,4.355500994166682,4.215284847275644,4.862543209849323,9.207574891412406
1014,4.005545646230509,4.158576838340327,3.717323626679262,4.115027235557193,4.490637735369582,5.157281773036872,4.47493394205764,4.539944342000124,4.839391317294745,7.762181304194041
1015,4.138072887891657,4.160301953855783,4.072765659938891,4.344710670046216,5.246351102696368,5.004370018612585,4.919335208263633,4.758616146488137,5.445777072351047,10.172292688421326
1016,3.8919380989073136,4.277377119625459,4.046899433660758,4.135990125369081,5.408585162956186,4.002944788815417,4.72783170048392,4.311596918033977,5.122919841364639,9.179315056611713
1017,4.106608517090044,4.158180524926249,4.233232924489803,4.575032987638494,5.069543676551623,4.249949116357374,5.116787232292874,4.344464322615039,4.833446260111945,8.61229178328627
1018,3.706160425112591,3.948620603736332,4.106854405188553,4.20591478891022,4.6794509749822994,4.322838847238402,4.444896536018693,4.573574891765645,4.8434957524299165,8.96803656279309
1019,3.8031380575223204,4.103184414500752,3.987895053267456,4.522124256567543,4.993079532725203,4.698855381827948,4.35529013304908,4.519492461335891,4.766822770791798,9.588527213495155
1020,3.738513072665279,3.8884871260862353,3.913861222560097,4.164296807539936,4.890777008954713,4.2679928200137,4.178200500455977,4.482175317922301,4.89355604915538,9.296388269336248
1021,4.097956497031647,4.015810379166362,4.104748559890027,4.066199686533391,4.787507120394189,4.438619133648308,4.23076872715397,4.415925627330047,5.337406587137893,9.607788474015575
1022,3.961206447481531,4.084928424282165,3.6106170468854537,4.2902623056129,5.167958567561875,3.815189763663914,4.391200265940069,4.458741523611953,5.181699501544225,10.204354404070274
1023,4.368876802994026,4.092018921149811,4.041259931925573,4.314704339998467,5.4855425979040495,4.008835723629167,4.1903503364015755,4.785960515022098,4.818377868774591,9.899014753413029
1024,3.8793881339390204,3.8716553770910322,3.8679014727633003,4.391400690901547,4.410690636208134,4.3859696658546214,4.389977797603605,4.439530574681487,5.303719427592504,8.7405809171757
1025,4.1316506250258485,3.8937220819772786,4.072049391283094,4.272264420360459,4.722513367861979,4.38709903976711,4.176911125583776,4.57956870150458,5.753892256971047,10.257003057228449
1026,3.634452891652221,3.854946889661785,3.8699878005783677,4.237670023169603,5.309849893992528,4.412798517472002,4.881330018249598,4.220483839095092,4.936057401229788,8.30443161612018
1027,3.9441073558068895,4.338787941856507,3.976167072906062,4.056824181956101,5.928015056507177,4.5227212527918885,5.070969050868591,4.317848173043839,5.247102584716709,9.62136718809362
1028,3.657886068463086,4.011124225268824,3.866298066933723,4.255273709843332,4.7691408550190495,4.1325220028121405,4.162559931754666,4.113260963776026,5.137612817326521,8.562300412340829
1029,4.106874153486574,4.137280632045267,4.113282945954335,4.484120275392941,4.9691936394130645,4.546136760028755,4.199080271554064,4.5148261227660536,5.384137421987282,10.81044884272443
1030,3.878944325688205,3.7272628840868323,3.9073148175631403,4.153821099536566,4.735068854575812,4.882061093231189,4.368406143051467,4.413336128583698,5.174586297099924,8.808053387753107
1031,4.095495407424093,4.0605845134444865,4.002427512801476,4.321141787664133,5.276041680974269,4.953186901372631,4.4236080441813135,4.528970726758688,5.219027211010594,8.200616170718071
1032,3.9154545625863744,3.9462459924188704,3.6394733624936766,4.186522186911112,4.486214038232665,4.06252212639642,4.326943961667365,4.138149897168378,5.106002972179244,8.685797828613929
1033,3.992696813956395,4.259978871522782,4.201790665169029,4.3012839934622535,5.180702830958044,4.400132618814005,4.054429650909504,4.610283082788521,5.115694581815493,10.834726947880808
1034,3.8972071316228067,3.754017432712047,3.8777972986436997,4.101667792296706,4.497601572484456,4.531507463427787,4.345798982286545,4.127020134489023,4.836197152398633,8.988830759327506
1035,4.0082592586929255,4.352570181734226,4.096722564658316,4.508810975598803,5.169645940763816,4.58397048688395,4.447045408066806,4.16864656580074,4.813267391754333,9.690256069108884
1036,3.7385040604047544,4.0912324665447075,3.825038912648223,4.30688054676042,4.805749418542517,4.821273043330369,4.433696701094228,4.273188712497242,4.727195794388804,9.977855245809575
1037,4.076041613081158,4.072138835083504,3.9889099283174687,4.220029713427093,5.595133861138267,4.6284429032595416,4.572549476755508,4.32169850507645,5.053667241811258,7.547299588711953
1038,4.0802987067251095,3.9225870027288274,4.036534613595325,4.163539297792394,4.627462802488797,4.206840311552288,4.397732327021854,4.216833350934143,5.0606212408684765,8.684908833509837
1039,4.117248844402409,4.254750076726938,3.8198643819968274,4.529081635517478,4.7746785147363235,4.289198809588758,4.262522726528275,4.19067530168341,5.036683070977068,10.796147521407473
1040,3.7177548343866875,3.8925320846147877,3.820823370041798,4.403459049610518,5.2586154202898525,4.234095130846783,4.57523039604461,4.2742428870136155,5.158826269677518,8.703340991784128
1041,4.123918762667906,4.048730324226957,4.025483009038024,4.6351680941980415,5.266030925847176,4.46323207298055,4.533044794229634,4.426870024403583,5.544652436650982,10.826685762329825
1042,4.097223298645409,3.9048219730906752,3.9451363744641053,3.943728239422232,5.735308344527391,4.222967064037242,4.249751363578194,4.593749783497255,4.702690349437803,10.191202171242304
1043,4.154590981578392,4.175609158553986,4.2960556236280345,4.204720510939365,5.571907719332084,4.491701157945384,4.335101790020644,4.9075865213836485,4.8964930840112535,9.057953170886131
1044,3.7242733219568667,4.116326316543655,3.9096880440107338,3.933568636523444,4.89528301418246,4.509586617655013,4.934736318406756,4.443587398705138,5.333712455749419,10.10952775288468
1045,4.230006913706996,4.255053035126336,3.890445327645378,4.211077235262332,5.230388405746724,4.1761897080698684,4.463437648790166,4.715200720049428,5.505707588014203,8.950136502439133
1046,4.0454497630149655,3.822169680595296,4.031241057588702,4.045004320464769,5.39969417930568,4.518669331208255,4.009197494787351,4.212665881958766,5.237449862241317,9.67048747977671
1047,3.779659131591105,3.9271828780217843,4.044609951998375,4.242769085172513,5.197973242629465,4.599664869148808,3.800406649650544,4.4765015774143375,5.361964361104418,9.158259289711744
1048,3.8551732239138685,3.9879290500189053,3.8739389244674594,4.182392095377154,4.661448435361258,4.212864232635638,4.190273409606437,4.7606898077078394,4.992299685004534,8.015836695598786
1049,4.178459292957453,3.8246394961603167,4.126949273069636,4.550627902646521,5.11671523767816,4.196512765812712,4.459320129848185,4.932812386325208,4.844870977132551,10.72737446040599
1050,3.8649967033528188,4.014058965636392,3.6643922133010642,4.1873686622337845,5.286888784536383,4.151820825111667,4.793035523788108,4.4430382594094056,4.786853525615056,8.739010969272929
1051,4.134685887593462,3.953007954697082,4.065168386324319,4.364852889341033,5.2891313530188775,4.448984657449058,4.885664308726382,4.696973387018586,4.859928994471239,9.916509612065557
1052,3.814817064481988,3.881166826587668,3.7932164712030403,4.183246094529654,4.554528848186724,4.085799185989657,4.346860365976413,4.465907376948599,5.265847798431817,10.864972797447091
1053,4.1498515482920615,4.053692966880975,4.059942200067396,4.5964078010010585,5.177595502744009,4.271735392284584,4.299133162087012,4.5694967445302,5.630831500750529,10.668851201289492
1054,3.929348962441242,4.122777856468925,3.751276975345835,4.412700139326529,5.2491991683246875,4.396119714656355,4.145746030073857,4.827087485258222,4.507788824001035,7.963143137248284
1055,3.923696623978603,4.044751254124473,4.078213399476051,4.274909168987935,5.535998536627423,4.394683821849098,4.40297409074821,4.80359159901982,4.939780474848364,11.611688719095126
1056,4.000598701125238,3.952216247167656,3.784162142975057,4.480987991138846,5.188986420293111,4.459501951930356,5.495085511006938,4.066274936904826,4.832422421758401,9.045593048220193
1057,3.9497951366233406,4.063831646213913,4.048623140844802,4.080604455688899,5.19861440201942,4.910867067799038,5.135358902470737,4.620560943870105,4.880324252823039,9.566840077764594
1058,3.9239072821063172,4.115798382584042,4.086650620456773,4.154268244183343,5.35221943458435,4.342012925124471,4.678521388166404,4.663265081784267,5.281161589822393,10.537333193810099
1059,4.27031654645281,4.225115244836397,3.848733291650217,4.515309617750147,5.252419698162976,4.659761817857997,4.522957455384861,4.4859042810161265,5.489610031365975,7.847877373606237
1060,3.9566045649242563,3.984791269184038,3.878476083129213,4.251994422087869,4.8186204597785,4.62378188577993,4.194419863235601,4.289237736537459,4.78858109802017,9.742755495141125
1061,3.9087669600924375,4.043301499740096,4.085330095431127,4.576982144678417,5.235713901038046,5.004918570110516,4.263930417946331,4.679564108108594,5.048540855071803,10.268837439666802
1062,3.9158008933216157,3.9256985272916767,4.055790082094628,4.171800700488128,5.101613949898681,4.357623274629363,4.544578991956098,4.665518230010629,5.5621509953154735,9.796574849658887
1063,3.843477835985868,3.9898984133748345,4.062591000282017,4.504781650700495,5.8510053642585484,4.414253092277477,4.514709508063552,4.3905937446749554,4.9981180805802055,8.495129349280205
1064,3.8203858956826067,3.8742760841686446,4.031205862709282,4.254409677891519,4.746373761999991,4.380687665864752,4.5095471606578625,4.455080300434978,4.9873439665205375,8.972638208437331
1065,4.231035635865205,3.9075903951955646,4.126884290198332,4.232742444799908,4.927760220297428,4.5795307317643035,4.6451722522176855,4.492708030278578,5.358042400672269,8.969611087078514
1066,3.983946879083327,4.00934750944995,4.0193315632391515,3.9111382053011132,4.541211457201698,4.457208486247951,5.085525927723106,4.402479311317215,4.953850134481238,9.096061680127242
1067,4.042841145647592,4.1072521110953355,4.01912536267491,4.616588463710982,5.001762429614069,4.5207416210136016,5.061413023060259,4.956133211071458,4.994847078249626,9.404751463645264
1068,4.062765792983935,3.9849170454024243,3.782947885975169,4.141275724465762,4.195986241831898,4.140890313269081,4.38946196486577,4.297890057583961,6.34860397681723,8.801990265592831
1069,3.9018486743119487,3.962626535558786,3.8434928248596005,4.441891581632135,4.418342335421091,4.454914725995055,4.504485439142318,4.520780419568667,6.016358992876802,8.637067880432918
1070,3.8210375707371163,3.913905123705743,3.7509365723099557,3.844229813652249,4.785772502555309,4.509007119151983,4.451490883301804,4.5387504069087905,5.027779088032832,8.20565979291296
1071,4.187973659060637,3.8610160771552473,4.173376189906979,4.440363150731076,4.961785634747799,4.610854957005696,4.770828909725028,5.144731477664255,5.221032278449496,10.591752768832537
1072,3.92600171386553,3.904659619077061,4.141062860144552,4.126438777553009,4.97607864143326,4.290863668054955,4.071836672629339,4.427921856383956,5.5393510266776245,10.27363360338661
1073,3.965165033757225,4.118455423905758,4.105345145224927,4.3228554231654055,4.793919283418724,4.350302991787114,3.99661481215046,4.839910319093485,5.061468643813399,7.357609122727972
1074,3.9348064290284075,3.887825422286411,3.9837329394686924,4.333010927866357,5.071083918052339,4.336073236143467,4.551728882070947,4.445724263356552,4.576256648572974,8.969447794744255
1075,4.133814761828953,4.14944276991384,3.973134364181387,4.3640882936308385,5.77051250711013,4.696524438121451,4.759899847853837,4.638029084320412,5.054166962967855,8.282194970696537
1076,3.745445673836995,4.0553423461266025,3.8345129297196725,4.1223900962475,4.37062777537295,4.094449755075845,4.327808935870346,4.835711636840562,5.149639574994098,7.493375447338773
1077,3.864846859823953,3.9468974698735657,4.15444315449008,4.612004096077632,4.699395881870227,4.399972839144618,4.419109620564457,4.710040502447013,5.492313336475783,9.265673003547313
1078,3.7291350511615367,4.037636999103111,4.144575343835256,4.285598198079784,5.001964750442173,4.114913524244011,4.416116686999771,4.461591269253074,5.083720940151851,8.109570895469872
1079,3.789062629966061,3.7006258633412807,4.226246593009764,4.425399215934502,5.679392776460508,3.9973768584022293,4.6461443653741545,4.830205428648418,5.640601486273943,9.848050128878882
1080,3.862444146716531,3.8877972258623896,3.86041541471409,4.23145053882266,4.957005494397358,4.908897094493128,4.380180535249851,4.332067363324248,5.316671828012886,8.746619801477186
1081,4.079717026847337,4.150529118466404,3.994474234254218,4.167003554040794,5.179203196258412,5.133177348225063,4.7689791194698135,4.091495948575078,5.404976368382244,8.85518379581771
1082,3.9262841047663053,3.802808042612836,3.92476157365216,4.040259278659018,4.8731845248076215,3.783361792936936,4.428376251787879,4.035709784849688,4.642953359377113,9.637175651937564
1083,3.977917681385752,4.0220680625498035,4.1734295173986675,4.521166152327656,4.912992266025041,4.2638877413668625,4.3644781112271245,4.346282572933455,4.539028188173345,9.73510632079901
1084,3.7416061470151085,3.9658715993810674,4.119346322970324,4.406048137413205,5.0073193787175745,4.150496405570015,4.24899399488527,4.7426574753769115,4.277468048298346,8.556296699369048
1085,4.242936436203255,3.9869157300235805,3.9848981058515087,4.345801963227173,6.060140119839812,4.314080322188174,4.366092114837922,4.3776421359319,4.775318835352156,10.6335465471124
1086,3.586617711198926,3.834442375549918,4.2967622935012075,4.091447321838602,5.105709840112366,4.123666410330665,3.925790056555205,4.568691469059121,5.482244111815963,9.276281057758531
1087,3.874231271235039,3.9062383890011656,4.099709792787364,4.320788545422684,5.314537463125253,4.467216950711935,4.2214829023673826,4.383915839340075,5.5263457493595025,8.332876551087294
1088,3.87122684873159,3.954056834058529,3.837585366542093,4.353424466093981,5.3204362128926865,4.0112968069072625,4.145363977688761,4.514855654988168,4.441596871587893,8.653774680612402
1089,4.179896786408393,4.115050135401485,3.8944540192048893,4.599860038900128,5.514318323293538,3.8718593453982466,4.4886473396546815,4.950733467960894,4.821210878025162,9.311644507303356
1090,3.7739414659491617,3.970652124781905,3.536970340576711,4.021452634213247,5.509523474605337,4.517952087618273,4.60349484195355,4.551190394075692,5.459112099800777,8.752987674704036
1091,3.849637727862376,4.245177387576043,4.129584305230056,4.350689809326821,5.66482241844144,4.675656931795425,4.661254779656983,5.0204186830919575,5.023956098848901,9.080445221431603
1092,3.7160257744987235,3.913683963921516,3.701162684752981,4.304025589728845,4.852593921573847,4.310678009876159,4.402436453830079,4.939616304654573,4.718663452067043,8.560782888718553
1093,3.84428965850302,3.910803158789764,4.0384809682111324,4.343897975876107,5.08635479898297,4.306845820347457,4.5450430576115215,4.57212293238927,5.33933691375405,9.882104353116178
1094,3.874002014014823,3.7952204580393762,3.752993729726208,4.3905334804267575,4.724414900417127,4.226864181303808,4.270840295986489,4.405009738106933,5.299448181278074,9.177736956384592
1095,4.2915280095875215,4.2042994074679445,4.115062058115754,4.566245593207348,5.209866912810835,4.324571801708752,4.537748598882014,4.573243796625421,5.365537141330281,8.921198442556996
1096,3.8335019598417923,3.865292843530989,3.8080588861092206,4.493297108423717,4.8054579730997995,3.994142201454751,4.638840204789888,4.147338583321121,4.600796047884993,10.563978303680624
1097,3.8590982529948263,4.136197212727653,4.109097274032663,4.480732297809233,5.262695128951069,4.012159704622462,4.626611238472877,4.055357537184196,4.912293507062989,8.659022994868922
1098,3.56329364286686,3.954362270069877,3.7073363388046947,4.088865444939597,4.863465491765168,4.062475485184169,4.190926299559359,4.13243726510429,4.7922162846481,9.862532632133282
1099,4.194666127657387,4.2132273105313205,4.033822461540189,4.420754222780216,5.374824661881126,4.490865760892876,4.441678533044489,4.898180685948272,5.272598688550578,7.682591997516559
1100,3.889612463402198,3.88245509367747,3.910759484539777,4.422639323082976,5.079246667390547,4.333364648811153,4.877410366389463,4.176753234187438,4.871542230967792,8.966292094425947
1101,4.054221578607851,3.95954529628209,3.802849569116615,4.407921581675831,4.9716573447901995,4.240470113076887,5.237335926496459,4.215838750107823,5.079399207044843,9.85592480893728
1102,3.8647495156029614,3.8281174675115555,4.033334549811109,3.988432862145692,4.376448216387688,3.933159005988198,4.012527804919622,4.046396479521847,5.161894731892761,8.444829514482475
1103,4.085014794290114,4.0321256241722585,3.9949512770451117,4.318575802468457,4.7322189276188835,4.401209491406683,4.606309030907312,4.468166891310304,4.683378722655694,9.312422062771718
1104,4.12035217398799,4.037424378471015,3.855637694886591,4.367720577251865,5.13968206191,3.7438924280645542,3.7833718769949827,4.243451575304642,4.509031677472955,9.087175898736971
1105,4.074551941585517,3.898930048162464,3.9090535842078715,4.166076038356546,5.799267142715541,3.9262313343317587,3.9223382288080915,4.890392509034343,4.466500184041876,8.192722498054668
1106,3.728861737950444,3.943986654474844,4.0006173405845775,4.119758414302848,4.68310150371959,4.103305447827066,3.9595486581451698,4.281497080040132,4.611046561214442,8.50171755464175
1107,4.15241999308285,3.989334132325995,3.934409546223469,4.346454136137514,5.365914333085979,4.27814723826098,3.940494112756201,4.448406065081653,4.87680736378584,9.499843097206584
1108,3.8339218195525406,3.7362812994114165,3.7665963699068787,4.062089472451972,5.038095077280012,4.101593247607564,4.311247969026325,4.5318176567768536,5.585113927171492,9.485912245169137
1109,3.979341888295833,3.8056764643807597,3.8753448839042686,4.375485311588607,5.390628442241452,4.441709473579265,4.5539224180375415,4.685841096685932,5.349206004756404,6.624605220683353
1110,3.894860872669647,4.179777118932549,3.9362651352610745,3.8209406687074248,5.0851875535659605,4.575320240961285,3.94716907380141,4.338988316776061,4.97959390821902,8.63075554195803
1111,4.129856045754194,4.026203664461263,4.080466109328535,4.368913344607371,5.0832418130603765,4.459960395838167,4.428629283981029,4.31033481284282,5.252274076302234,7.483486300624841
1112,3.6989673211022573,4.160159922095665,4.039861047354237,4.417425854517011,4.551069321641374,3.6913414451162407,4.457485531212275,4.3993371393899965,4.926643130935859,8.09694140441453
1113,4.052935642874491,4.1719428537937615,4.2258479037395995,4.198511486658698,4.943038139695561,4.026117008236995,4.772782921786644,4.275255239248985,4.653369175515159,8.441017219183326
1114,3.856877783326152,4.114149707584687,4.023587931870599,4.358942475404291,5.172392397657796,4.134776682673522,5.281973689152276,3.9630724785695164,4.475610385679791,9.506785134573597
1115,3.8463282016664713,4.1635557208326635,4.249641197245207,3.981199806749331,5.613127231174632,4.672068463060733,4.960907845286808,4.34685378804794,4.504296942662363,8.22015285365143
1116,3.86618047072995,3.9325676322872853,3.790036550773306,4.128227796228584,4.874811321312047,4.308442267656139,3.7161925790485495,4.349495094851574,4.659460994803055,6.9107025443152414
1117,4.075918095567544,3.9720172146308625,3.9824971030584635,4.39951847604895,5.1180795336563465,4.517458728147912,3.8923880594867866,4.7292082034749425,5.004774913066449,10.901106567060689
1118,3.6985017357146375,4.001885666722185,3.7850518214903635,4.402121493405259,4.86058336758765,4.50306979163129,4.779957420861884,4.674522114693174,5.2427550397012315,9.832822394185575
1119,4.0991013118056925,4.000765294292093,4.029012621511393,4.297554712151189,5.158216916122216,4.507232763216079,4.672035253849824,4.610278780608703,5.429987432253416,7.261988517058964
1120,3.812610596541806,3.9276250205295966,3.9631217539131485,4.510493289365964,4.603222063331694,4.542455937273796,4.532115699400655,4.351037613542451,5.137400947455715,8.344766411946708
1121,4.078585194797974,4.085440776690261,4.026984713983964,4.558048544944661,5.2438297365435576,4.965591486878732,4.818546359096767,4.682900394809898,5.097216535437573,9.318881309489015
1122,3.648633398686763,3.940330229726747,3.7690058711015193,4.262908876744789,5.356931313386757,4.127366342718955,4.74974748286475,4.353158507120336,5.283216752795248,8.944087327911305
1123,4.083647152959233,3.937763765092367,3.9018291507777296,4.37443676358652,5.4230338809690055,4.554922763211797,4.392597726852246,4.5621610157801,5.4001129181198575,10.258482449102685
1124,3.6869264343872388,3.900307539181525,3.72500930175272,4.182053732203437,4.535017824925016,3.96068220605613,4.695029758852784,4.740717487781793,5.15917910964068,7.411140841468331
1125,4.046401660325891,4.092924535021134,3.9106828459512664,4.193652385482419,5.348427917673035,4.289233363106776,4.580496122855185,4.3304302937469865,5.094467008517113,8.492038192126985
1126,3.749185879470948,3.8584682626827758,3.981828966150543,4.20690168003211,5.033255513594236,4.154902071044934,4.767940575229862,4.063611416574954,4.84055230898582,8.702457635168846
1127,4.1377970040273375,3.870774105042074,3.9102807486978572,4.47459674177182,5.107089703303658,3.9835652138922324,4.841016287893139,4.241412008724603,5.323260769281787,9.7713621870235
1128,3.6669393770032,4.026962286292813,3.8816259911664357,4.300343669313266,5.005450027281134,4.290418475517126,4.307387413979671,4.483926550101659,4.873346137367712,7.698233094206563
1129,4.108674112884607,3.8578305145139997,3.993735869877263,4.435729879673542,5.373637473279972,4.271834451040264,3.811410088759942,4.955683410310359,4.596953633321763,8.997131761371097
1130,3.9191752444440273,3.9924605934442594,3.7958705205815693,4.0697445273951836,5.483914410944526,3.6169015241743625,4.209916367481984,4.644474022557123,5.358599474429863,8.13190853224499
1131,4.259648403487524,4.057120598351888,3.9255043467657185,4.05181625249552,5.301635854388038,3.9029814064930983,4.192562372781377,5.213139011618429,5.364544311074359,9.172141669873463
1132,4.006474281785792,3.8396686403691476,3.7197642315471615,4.309736929839309,5.315906716993086,4.0337657721327576,4.355598290979168,3.951209144684396,5.006288236671541,9.300960758957888
1133,4.0418120587665864,4.386375430874072,3.8655192051752896,4.2655263894416775,5.619468197795662,4.292690425389509,5.013784269470332,4.741093857069101,5.265778318594389,9.023885229153478
1134,3.6444966530526,3.8661917270837067,3.9229900343439477,4.012149422180154,5.2706647904603,3.9884214860164136,4.307614881312355,4.4374806986626645,4.595092341659513,7.620425101689234
1135,3.981471648095844,4.132053871191337,4.17751499216673,4.585435701389713,5.435380112825608,4.013150736804938,3.887926939357671,4.924064704771318,4.619212311557777,8.51632713962101
1136,3.8697681822556733,4.01605602435548,3.9816701120300855,4.24241982772412,4.970773302425474,4.252827695177902,5.0335895516783165,4.596903775723961,4.492165829194296,7.196014569243882
1137,4.276452973529903,3.7079331262128123,4.075219850837925,4.2567085385874215,5.6006890103356834,4.41587566211057,4.5933079182254195,4.524870648800902,5.283932115547977,9.867762319637373
1138,3.6978772140478773,3.9705636367061725,3.984978017696661,4.105065233862649,5.276137351725544,4.53486806327139,4.275768079849522,3.847222403758448,5.019661093779502,7.732073255325917
1139,4.036461920326672,4.027545236372849,3.7023602428741667,4.447159266611992,5.180838544406127,5.01460352123977,4.342258723983028,4.218990264294433,5.263429095496825,7.970382668840033
1140,3.864907173504077,4.011000132829291,3.790336411368151,4.353830053362152,5.3362023463359245,3.7844351829719587,4.874712871052837,4.629635510945112,5.282305684287668,9.33626915779903
1141,4.100192315162726,4.170837138009838,3.851458970485947,4.256939436607061,5.552999762888319,4.0179917890065235,4.680442479557766,4.620841444233771,5.306425158366768,7.601460106530695
1142,3.9452445906366087,3.9091970799792706,3.9230251077367826,4.078490840190918,5.108370507310168,4.317494623217493,4.848375801166342,4.468127426576243,5.125784463839475,8.863357414386067
1143,3.868716236793541,4.197990448402603,4.08159742408854,4.291394389267209,5.417073152809351,4.2456272456584845,5.07251259271208,4.760082792111289,4.611385591774831,9.964814000742773
1144,3.757464282607706,3.9262745302156588,4.103735076270752,3.9299471283366723,5.516066057000246,3.7924343821701134,4.361535279551507,4.20230751656593,4.6906051088218375,8.503508306155476
1145,3.944648482572842,4.131432033220629,4.060635508271668,4.375635737250896,5.646980362284136,3.9551542154311177,4.234268959274629,4.665685856404897,5.281978318837193,7.8696365374226165
1146,3.926077337284115,3.8912425055738407,3.7890014621648147,4.397126089313883,4.953982105280137,4.174076261416732,4.902123116338741,4.6665783724007195,5.222704326069867,8.083584613176045
1147,4.0632848520895015,4.192072643917762,3.9418965696338377,4.232817018028346,5.3122532897467,4.487915614691942,4.513189364357842,4.915389860994065,5.572642173906354,9.001836648000056
1148,3.8196203922875887,3.872388175822052,3.8926220647146694,4.404551708765364,5.685732241625794,3.969228387114487,4.0434175155382075,4.621304202889235,5.180719422781479,7.181498922677835
1149,4.2026406884440455,3.76753871348514,3.8235650446457456,4.481447203353383,5.355435693949864,4.539909172117533,4.422090315828534,4.8189135472400375,5.303915451590834,9.494781269680262
1150,3.850017783418862,3.8991611503514667,3.96139546822139,4.130755984384237,5.133815299647965,3.990657253785972,4.0627132646581225,4.611569842840537,5.05393252044369,7.394498635032566
1151,4.063014205142436,3.99537424008662,3.7558842703903426,4.253912843006216,5.078559994056571,3.75709471225556,4.370884473750184,4.570392016992593,5.271256948251718,8.913859610895638
1152,3.8287156999865655,3.7465875079617876,3.889849991268251,4.241354317544153,4.642837463658959,3.898105794120903,4.750470309851135,3.838560308408134,4.452010422529349,7.76210344837582
1153,4.036865327855978,4.3518813636765294,3.9026471978859387,4.420070937561505,5.050420350377745,4.2772958649789095,4.814298008302536,4.255060915515808,4.801335385568523,8.747438159913939
1154,3.7916421555993276,3.964322050638068,3.7253381296762607,4.462212588800515,4.732074645278387,4.211621415204127,4.887517549917581,4.555572357688676,4.869722916483147,9.029188880767443
1155,4.149104856094636,4.077020572039806,4.082902775043052,4.117905042242068,5.378028425730957,4.407960064413209,4.796668153996247,5.051060317181966,4.807236825715321,8.36395215563309
1156,3.8544880104898307,3.9632275126996777,4.134736420181249,4.387170140857102,4.578804000021302,4.63859038116516,4.4108161431002335,4.715689614851825,4.649490715746136,9.076603687197956
1157,4.219615839002274,4.0557275664093275,3.897573264965444,4.128871348704195,5.2345108504609135,4.638747088773101,4.387846183377201,4.96604403095239,5.084115605242514,6.761036240229536
1158,4.178944034361359,3.7969840426173733,3.8347508392980685,4.460797242018096,4.8785519898159455,3.8304865759851734,4.520885443690548,4.302241859584362,5.343450803683739,7.496587922103342
1159,4.049537955195483,3.8425930757986753,4.023822904749232,4.3366227287924435,5.188111180446343,4.13177695209929,4.498584186967001,4.370693903209725,5.169324889861368,8.812200742893578
1160,3.973613870198376,4.008797262759312,3.9518781781861607,4.375633418946428,4.911593438913709,4.035541600732618,4.758733538505047,4.440318603470043,5.121538069236249,7.7083458180291204
1161,4.068613748847018,4.094727211820265,4.076545100749665,4.260839716544449,5.304880771721587,4.245862418789263,4.570397799777755,4.354025923593685,5.3062414284276445,9.38188445478995
1162,3.7180189730968634,4.000776647908521,3.6566709926748233,4.2064148499910585,5.110712019159562,4.2933469015251475,4.829710673768793,4.215254365389431,5.309487631751033,8.77030473971632
1163,3.827940991620074,4.061923389607128,4.205054947475119,4.501552379736769,5.268276304443807,4.626257883008692,4.760707260097013,4.575558169800103,5.710473649321502,7.322968145625317
1164,3.9618371965163273,4.0725801843027885,3.919244727513222,4.051401726889882,5.054669327610976,4.3500096974288365,4.570536745456418,4.461250288135869,5.178282533660458,7.716960899034867
1165,4.236612945604395,3.9392225478286433,4.100475336697715,4.228783043832493,5.422559753645518,4.618693843114096,4.234652037016664,4.598598675023209,5.299437759842079,8.73678538188826
1166,3.914284515213084,3.9601819853168534,3.8685697001874635,4.093002953290368,5.164304613451565,4.105697251344707,4.443072370697046,4.567161141495792,5.056725776933401,8.671104222713884
1167,4.2832859708760145,4.138286976548516,3.9582424031089443,4.127999920958095,5.629078151549966,4.591071283872253,4.237933267272138,4.746212179966434,5.276794039597673,8.5966098230961
1168,4.114489296510111,3.9068557765178524,3.9729075038582558,4.268590600564638,4.6173084524633685,3.9950220050825673,4.484577971562201,4.272148493272552,5.0129474073029305,9.076409447909388
1169,4.086926059278083,4.146384415445224,4.073625609928133,4.338100251657,4.83521765595106,4.076697264176498,4.4944694522675865,4.175502776320896,5.566808025327127,7.593769069405527
1170,4.033544061190418,4.20812730343024,3.722985990856242,4.062522078253586,5.1520476918319575,4.512710355268319,4.064033344759291,4.449088726904504,4.982421242265986,8.11048654884795
1171,4.167267627342527,3.9355871986519464,4.07709800054613,4.267965433071364,5.046514690568942,4.298239344861381,4.433922827039825,4.452258521389902,4.844417765784851,6.116231318313942
1172,3.6155974546037974,3.971300667706354,4.070729115791064,4.16647390264356,4.684394205233766,4.831598402634246,4.632363971752008,4.0452931074619425,5.196775918234924,8.13607520553057
1173,4.068358533174096,3.9459007534068657,4.137972887077953,4.331844808721838,4.942512533377256,4.96619007200419,4.497153148366164,4.80650239121598,4.88227683444827,8.292849335056417
1174,4.062677905760053,3.8505125768647184,3.9539586090195207,4.193658646958164,4.8157268461519305,4.36673530714723,4.167086909079299,4.771226775703181,5.257155034662838,8.773174919350662
1175,4.1428036263867725,3.9846214460937617,4.009103391451218,4.211753597247186,4.509111017272092,4.937876423432132,4.337982318290575,4.4313157829763075,5.678736448430116,7.480250388493449
1176,3.834754085047784,4.027149714920987,3.935349169281247,4.0744850131308175,5.4793528954959,4.9166967010728495,4.013136131205005,4.429007935524239,4.6824635309392235,8.063947469753204
1177,4.219485423407242,4.051632587930849,3.9830480923219116,4.332033587365262,5.219890393842957,4.681346814101288,4.500676960637493,4.465272632753654,5.144701923990144,7.686417735537156
1178,3.825826708772713,3.978802157388767,3.8368030083889715,4.088680425681399,5.458101867160289,4.66485279177682,4.454172995465147,4.518796897503698,4.548923341933455,7.56046144340264
1179,4.139894586088728,4.070089885704825,3.9779747035091813,4.053359932628178,5.65536175654815,4.858203064247192,4.369777110044806,4.61224556578176,5.001393733897933,8.30349750145448
1180,3.7283381452183284,3.975799677004506,3.779445816509706,4.3579481848736785,5.153304579594509,4.111513166631147,4.768821072299478,5.014765038655458,4.483340289579668,8.778013332546541
1181,3.9089468823765214,4.1288404898365245,3.9638974476966027,4.380102262641789,5.892215990639331,4.840778687097936,4.824654784247751,4.380426754463658,4.757059977713495,8.331147016201072
1182,3.832746443672884,3.9128930574049825,3.8692131558643448,4.0796117293801775,5.534861091138547,3.81147411778563,4.234274869704559,4.098925266095378,5.235343586818068,8.924965525166513
1183,4.295210401658685,4.147776076613503,3.905271456441985,3.9166930043202655,5.557115447155108,4.4084687413580905,4.316513029122634,4.355409671516211,4.909862675575381,6.731438999389753
1184,3.876318077556295,4.122235509232596,3.6514018599626543,4.2272601872732425,5.542859327571131,4.492458877291651,4.022503875722857,4.281500972599799,4.896869364969206,7.074937751640492
1185,3.7663780494492243,4.18589202379408,4.095755369311451,4.585852200448704,5.6599632478580855,4.794145042351471,3.9711388831409504,4.8137351087914855,5.384579445723079,8.015035910115378
1186,3.948731890411732,3.8461196156287976,3.9250256268729653,4.15840840073005,4.718291783920547,4.336664973776716,4.305257781138737,4.684623721624991,5.465977606274626,8.721798595489153
1187,4.064610952438221,3.8863497808065786,3.9595954678855363,4.618567690118928,4.94337657539391,4.178663361814225,4.099931714669709,5.0797727650056625,5.460308107494023,7.06093790000745
1188,3.846166733494573,3.897649879289074,4.007307701428603,4.414001058491474,4.694123890299839,4.307110549630806,4.590522218321298,4.132189779317885,4.819733101289495,8.032155733191724
1189,3.968079478893808,4.103859451015744,3.859715228683383,4.488476760676497,5.075851154335977,4.502008246654554,4.124645757035967,4.023247589601169,4.534998262959776,7.305205517897888
1190,3.5701565010834373,4.163262224188865,4.0602556144878355,3.9297752068102816,5.466732614714099,4.019815409584838,4.183630138185296,4.46021983848962,4.892621858563774,7.188898806616013
1191,3.9936543129508753,4.161242390016788,3.959311369773072,4.437625388978959,5.487422801314142,4.470064987965936,4.40998785592924,4.342073992504878,5.189164666088393,8.80772668076075
1192,3.8890973074556627,4.026094776156714,4.04340040906455,4.182366442640562,5.274610103474767,4.500064273938669,4.36087524177022,4.20200831420545,5.307714686313819,6.720620738477639
1193,3.941077915898382,4.032915095670939,4.045361142064936,4.452144197902138,5.49626302579751,4.56031239609728,4.4135027728380365,4.498497373378733,4.659374096152727,7.594154122659236
1194,3.937011456212486,3.8928274100377536,3.8310708590192437,4.301922401571527,4.9333739909823615,4.968768409719008,4.08943614541118,4.153653249268347,4.592011029777127,7.6888324568447945
1195,3.927777023550302,4.152953342046741,4.145004592292066,4.358752504363942,5.211221592504288,4.856254762264292,4.227491591044324,4.5971811627685994,4.732543745728444,8.885620651567253
1196,3.8682248589077224,4.094082621736835,4.044771982754272,4.089703940236714,4.5864280790016485,4.379452177596257,4.469566509549165,4.07580181393443,5.203136270745512,8.721931490215523
1197,3.913082532511148,4.030553368197084,3.9846569460222656,4.353206706135242,5.064885555036846,4.635526217572141,4.409460532036282,4.547211632013883,4.890099550805384,8.515863961763172
1198,3.6323560566822612,3.94260042217173,3.743968671143554,4.370540277713052,5.466420815487015,4.15482386979133,4.073412408408999,4.4264323395723375,5.153437655904378,7.124033383914627
1199,4.318566007229711,3.924085218313802,4.048070908352378,4.313166775170207,5.852485872173702,4.412358289218832,4.553941975980918,5.023640187809877,4.96673058898286,7.155120741682952
1200,3.808818947099688,3.994971701464376,3.620164841053973,3.8570779956036727,4.810673940041248,3.7427239697745174,3.7572652427656084,4.654279515784823,5.441956892933795,8.331432534068322
1201,3.9774828505523816,4.191260968642955,4.326828297190312,4.304369596478574,4.941805356555771,4.280005348975962,4.19905517159466,4.635331424131111,5.280704492752233,8.251196186464218
1202,4.096625249497642,4.043375912488625,4.1629162792166845,4.486202830771563,4.750728260084826,4.338669984953562,5.088445074483747,4.709457040858816,4.680400725360516,8.223893481118735
1203,3.9373644500660885,4.163189148467034,3.8074033600468358,4.453284565051709,5.3551135337412115,4.96835036287487,5.330818074986263,5.0528485067242075,4.789491375917297,7.411196429554289
1204,3.7781703953634214,3.955246897599144,3.9511352632456505,4.017246491493803,4.299315472555473,4.049423145129648,4.26772644482202,3.7798198907203293,4.895140419081839,7.330370280039939
1205,3.8819456680468645,4.274617767659407,4.1077882856912815,4.340003167836578,4.672442620074887,4.413984098074388,4.289402277054445,4.170692889119588,5.335735025008918,7.882489755210616
1206,4.056626766202497,3.9754758103219485,4.023903199644708,4.201007519465844,5.365559330216729,4.747398766937234,5.351638214294931,4.32023084808559,4.6340498368957,7.657925644548887
1207,4.1455793352465,3.941885260174937,3.8895555614941295,4.463118617446801,5.445335908889486,4.365900980545489,4.8815851212642105,4.497495116182795,4.903446737973836,6.817339434134218
1208,3.9043017421839963,3.9143366808645745,4.224405920593188,4.368880824488282,5.438763556713013,4.193228954289257,4.780240583791885,4.522720406435166,4.1747905960323175,7.551975705703514
1209,3.9460207296503267,4.142037829523043,4.12847132968073,4.374582140969932,4.9800347200950945,4.372238332455338,4.653576581390898,4.741097837859617,4.759172709088067,7.627407360442839
1210,3.8627861241479864,3.935986417323439,3.8785362917264705,4.066586646114964,5.3687870141596195,3.831592291237213,4.089557999314292,4.881573856536132,4.971458400034417,6.752019639180965
1211,3.9201793898239505,4.317415985795543,3.9946141098553154,4.505794832631437,5.448748877104361,4.086875909865357,4.145500321341677,5.126787529071927,4.749334106442048,8.528425129421182
1212,3.761659678313878,4.157632494494574,3.848800312046394,4.316104157526279,5.26206033727314,4.124472678358222,4.152331770046514,4.3423063826806,5.001105090397385,8.01239872008323
1213,4.138640722881397,3.976480059896778,4.076847305145018,4.044572684281439,4.857491246728988,4.5218518362119555,4.203524540712211,4.222724113486678,5.48992693095983,8.396958121176535
1214,3.6866908159736367,3.9417720988828755,3.8493187847615107,4.080695544503376,5.4447747068480545,3.9018177374001812,4.6616413362700735,4.19077893589764,5.203862238447955,7.379701492798063
1215,3.977837558807627,4.068139420693771,4.0296173354488465,4.531696511936066,5.5596050199557645,4.265178261054501,5.1907031706460804,4.823587107982227,5.292169591501405,8.06287572984641
1216,4.040486767232291,3.9687181763682786,3.845133383574954,3.995132206772239,5.296398475073141,4.615503541110937,3.9427453859462336,4.450374014427366,4.862203021275009,7.224299364578734
1217,4.035259615110364,4.032435509187967,3.897694764584968,4.24057129333258,5.116682526438191,4.579421316365356,4.359654996131006,4.492331494185808,5.18810012641933,6.790679047865043
1218,3.9966459598353374,3.82407481644884,3.9311542192062197,3.967420244291997,5.091700501425366,4.271198873126987,4.168127088543397,4.555058080252561,5.399112940003777,5.6757781401444465
1219,4.125837282625349,3.7743180302570014,4.061229089481277,4.171778765970601,5.080945918293358,4.789964208118263,4.148049174322221,4.7051317726006365,5.316036014710137,8.851161966177802
1220,3.785157769679787,3.7696303175627666,3.9434817469823273,4.101579207328737,5.385444258140216,3.9660303399316503,4.554340606181258,4.334985444511754,4.944665433109619,7.260719183285809
1221,4.009192094335683,4.2216333471938,4.043544071814476,4.1741421424461755,5.503167635016112,4.353292237597475,4.510003498120932,4.468841856389086,4.55169105744602,8.350951366455371
1222,3.833191172566079,3.7322827657685136,3.722595889651206,4.215123611858167,4.753346859814878,3.925145226750192,4.178470736596015,4.374461798283993,5.226633223488572,9.190386318198088
1223,3.8709783499729933,4.092459982616439,4.152602589204501,4.404052821627557,5.000246967366056,4.248868869339516,4.311981848649319,4.502959320796697,4.800167470670127,6.816160031596213
1224,3.9201028710566983,3.993837945940464,3.6461224793681777,4.24350319365413,4.702406697036545,4.6506492638570425,3.913540316618078,4.360567692148476,4.95605855639134,7.565880140553788
1225,4.167703903569149,4.0352109583590074,3.8955957136718538,4.118952961101437,5.183997569799151,4.909758276257902,4.100421054912123,4.665293925175568,4.856659198430522,7.675953846326678
1226,3.8815616955697436,4.056953623150557,3.8864427888191795,4.212087617946767,4.4853268067849035,4.2322561365029285,4.148163196490289,4.272903001545833,4.718223489846719,6.31780300186393
1227,3.703543541906354,4.13747225486537,3.7803700237535387,4.295000321730081,4.994190325625076,4.4686576286529975,3.9420370624406886,4.289357702251243,4.273286826529867,9.267835760385204
1228,4.046348521795575,4.030342957548672,3.871614306749411,4.053477905095128,4.449916496792268,4.4402904044800175,4.2907985785740985,4.553390848360831,5.159058871614014,8.49970509264263
1229,4.181055152039461,3.9781323594166142,3.944382942125007,4.397342880001732,4.802559797083462,4.048457028762899,4.495750081189293,4.730745935554719,4.980783219017303,7.593062793443544
1230,3.9762476601041734,3.881354236238559,3.93456385166008,4.162713154880036,5.429495567229454,4.2836577509885005,4.4829809662788795,4.210778573793032,5.195401614975958,7.081602900617843
1231,4.117379171376745,4.099470022948744,3.9396197036826206,4.374959157665693,5.757426623158629,4.555591251514035,4.548691885074106,4.441918855742804,4.938839467397324,7.72223651164875
1232,3.85830718262062,4.214432379176184,3.745155726726811,4.085045315790207,4.857926972448406,4.435058130026222,4.649163815747233,4.538409047675172,5.175363362825039,8.72393536001913
1233,3.944362480738496,3.9671454552637413,4.100264130544738,4.133766435973875,4.770303673610052,4.503018057742062,4.693639687876274,4.872520668058889,5.245989194622741,8.095665393611018
1234,3.887595136368988,3.860115147478944,3.9161230025638982,4.091800019464041,5.216478305810397,4.180988642396142,4.176783450343666,4.321107489832684,5.018969026469658,8.503769385725862
1235,4.021004530739348,4.089229881799815,4.110624466434079,4.267205071011737,5.3132196271654,4.4717141265978,4.48015138050651,4.608764760659425,5.064685740491471,9.572161874998754
1236,3.997862594877659,3.8293678215286637,3.925950974566177,4.166245669759522,4.871391253147849,3.68263215239778,4.512059052434447,4.4137157443055175,4.872838135124273,9.014107904492741
1237,4.126281521195182,3.9240841655954912,4.271388924914676,4.318337933988894,4.809564795666108,3.8030997577370247,4.851412519795031,4.0547180976090935,4.939591813232585,6.974741427642882
1238,3.967359610870666,3.8971089134108508,4.004602759685893,4.011933833472096,4.790504787341812,3.8813659174495885,4.0718020170323195,4.2919858726722095,5.29682567751073,8.070116113905724
1239,3.953962166004719,4.236626670892799,3.950805829240135,4.361366819945817,5.50387022968773,4.259043740416128,4.335108121858904,4.329120464427712,5.0985843890630145,7.204742209781568
1240,3.8375408908697963,3.9655850814610365,3.7849844587305714,4.062346188850611,5.172733598462561,4.297570694249935,4.756875097974406,4.4288328973980065,5.139289794065521,7.48787056843954
1241,4.164800539107694,3.9681861684971715,3.963540768584412,4.250616794228448,5.247151931685381,4.247306103952785,4.701037557926011,4.554973631462867,5.2764332911530305,7.956777400011188
1242,3.742124049326883,3.680564820079904,4.187241620241006,4.266296739971231,4.5762575916706085,4.235947382724371,4.183980302784333,4.43024081834251,4.916559637617655,8.187727086361663
1243,3.946464813905105,3.9376790849379373,4.173114434410758,4.112602156557699,4.984032704956187,4.3331832728230655,4.579351375730122,4.568676991339819,5.063713544394802,7.056737104445305
1244,3.8379641508978466,4.0236933212706045,3.699881095463109,4.2744745545176315,5.25181987639987,4.276497959294998,4.049152515196159,4.363836728542615,4.966209399637744,8.233059428994437
1245,3.839349399434659,4.43368858035613,3.917663714627241,4.286653614428563,5.31380330809091,4.542214376847889,4.120882347661404,4.462867030767948,5.230940591322959,8.19465039100215
1246,4.0034107911722385,3.7969490790675184,3.9821273064738367,4.064900636597665,5.176922486116399,4.124005198290162,4.3498031893880285,4.70708872457705,4.970543388154097,7.4266610681061564
1247,3.969481094810157,4.034144421567839,3.933969814471492,4.591839460374147,5.720203134041499,4.43106914096336,4.360767597062976,4.805142826268326,5.127014307712563,7.642802431661503
1248,3.8918382869218493,4.012435437545869,3.860800538264496,4.012902627431385,4.894319884693267,3.7961782621858493,4.379832056833721,4.793521687140982,4.350435372205636,8.827971374335355
1249,4.079829672227113,4.111809691794339,4.134717375973705,4.317246832833246,5.689247686914898,3.8556177012064827,4.69408098458352,4.279940300755335,4.953015114273958,7.529374942095605
1250,3.8598519054045615,4.113405732391083,3.7583236199105876,4.309693795601799,5.11502233909544,4.619251046278791,4.6237218200053505,4.397762345123824,5.160082464444169,8.120637434246214
1251,3.958536287509302,4.103219876211247,4.011686916300402,4.493470069226754,4.416610740868338,4.878168643545532,4.905327443847182,4.437430963187544,5.372076956178509,7.860993264929737
1252,3.925135191894572,4.226677186517552,4.0047392227617005,3.993405785518726,5.010693749797889,4.389148926476906,4.659542438966515,4.316997501342268,5.229246171922798,7.549558839372824
1253,3.9240167590064283,3.884516736639172,3.960355376485948,4.247107876264207,5.27513324818363,4.654722685172788,4.972379504443472,4.400244628848657,5.251772244415454,9.40268557258817
1254,3.7854202979253317,4.030207183045684,3.8842316202709712,4.239324187811244,5.003930844273589,4.234027553544732,4.49193225963533,4.378203847673191,5.078005947162042,7.583921278913114
1255,3.995069120543013,4.0712776562584825,4.112663034047777,4.213442859803112,5.288087323389416,4.334018708120933,4.633012416076554,4.413350636734052,4.917641913305118,8.003758140158864
1256,3.945578588629641,3.9648456149530027,3.933319406507934,4.1391144614191475,4.444776500743277,4.432732992338505,4.083781202340603,4.310482020606959,5.2437329057434505,8.386786039282457
1257,3.9733070096053194,4.204892096779287,4.005711035349561,4.161163450653284,4.874527566439253,4.237133765335075,4.230036224780616,4.2646947818439545,5.374082878404891,7.407010794977016
1258,3.9883132405878605,3.6996644097506026,4.020799451640924,4.280700954511746,4.800300914115159,4.527309615170367,4.4935892869443235,4.070832880543272,4.784114142347985,7.895535893277216
1259,3.88199805758277,3.8782246705098116,3.9491061165521852,4.258516078998049,4.698123039604179,4.9028016673904515,4.887495333959538,4.575295855632781,5.21281316353731,8.441238092671668
1260,3.6747748816449173,4.064024551965213,3.944267796192524,3.908871097812593,5.096149278874984,3.847912937948827,4.332506213553321,3.9173255331487615,5.40848354652477,7.469525279412232
1261,4.0082583533016125,4.087901243358125,3.7719768185135525,4.255492378298982,5.413677422400152,4.001813632313033,4.030841834189526,4.431789173117809,5.372500534748141,8.450830648051644
1262,3.92962666353852,3.8719756150160585,3.861045340151645,4.362544840095067,4.891790563656071,4.132366550617075,4.657888429612234,4.6002297857380885,4.537773504188954,8.401718105415435
1263,3.9995233850779592,4.170031124873564,3.8569289408782645,4.146298078374987,4.799813931556655,4.389434327264646,4.54226906149532,5.218406235506493,4.6934072675009135,8.529308177163772
1264,3.7458756268998887,4.039964077944848,4.046546665626713,4.228022596050659,4.9615807385968616,4.0888877005465405,4.767981208877653,4.69466463781211,4.908036731995909,7.2541633453528425
1265,4.112839725834237,4.209582920226109,4.211389163676216,4.25919022036003,4.723001574892481,4.4009419892530115,4.9176915765085525,4.96510230045241,5.217035182576455,8.500140182646076
1266,4.0569007474915075,4.111345943755086,4.1560862921395705,4.097938174268372,4.895690051529915,4.051094429626416,4.4456613259857365,4.520933004701215,5.093659171310207,7.521148193189853
1267,3.9988325367615776,4.108868929439559,4.03146455420113,4.423312714799247,5.503968280883302,4.522333802937321,4.817376100085614,4.8703460520357265,5.129024756521848,8.32767129989925
1268,3.980205103898608,3.8296240389259517,3.881391872424889,4.188886583088505,5.049230906124247,4.2399571696719764,4.736889910468535,4.122001719484934,4.572676695895479,8.033722348402168
1269,3.920810955008918,3.958222384162807,4.163762774085199,4.409048127164738,5.263784402813194,4.165580728713383,5.0312202201696765,4.33027448081818,4.826584551551279,8.17037891141011
1270,3.7353061714223847,3.8354939171622453,4.124286825604022,4.142738904538011,4.918452058701763,4.668506538888151,4.340181206718995,4.295573969507596,5.167572668507181,8.009552026709484
1271,4.017835245447791,4.283463724778241,3.937458680808346,4.445747575076437,5.13312387057673,4.4363678463358,4.56808035420085,4.678375950640158,5.2070755045151325,6.904713658524849
1272,3.933681878674244,4.1538080847660845,3.8645363714777488,4.285388027672253,5.136321587549054,4.680487345327023,4.326817205846761,4.3737441045279555,5.410789392539427,8.185540553947472
1273,3.9168832567984353,4.091361460094653,3.8877548613240833,4.336906260765813,5.205080953099094,4.951822919212446,4.464979941599975,4.672968888921131,4.879168176519381,8.34270800728043
1274,3.923623527578005,4.024256623319365,3.7890023281498926,4.237853560718063,4.817501823893933,4.1443022425533265,4.653945081218526,4.258817164314848,4.598067573425717,9.147417481115323
1275,4.013644954999215,4.143236540190842,3.8708287837026414,4.2861986072386555,5.132415592974016,4.178243315588317,4.528692505611335,4.680694030299761,5.01711971765346,7.163810440742848
1276,3.7629355222799954,4.0449631640342165,4.100798282572513,4.008243751689657,5.545820524601589,3.927962119450371,3.830254587007118,4.536155604127593,5.201942327595037,8.524142780720595
1277,4.085309000974961,3.944200794630743,3.9773124419979164,4.214004779789176,4.955811899364462,4.203148025608849,3.8337886279029663,4.5759481606748285,4.939826589618335,7.142650042465364
1278,3.6740441492669818,3.926068827854941,3.633159569315785,4.33837817826629,4.397873834115666,4.303092724867601,4.323770667790796,4.121721042653964,5.533188948663378,7.306548760446982
1279,3.9601185991160874,3.992677122375228,4.023672606825425,4.008167980972672,4.727844765620145,4.4968293498379905,4.25114436006709,4.597998792120007,5.247915473646267,8.247166191242329
1280,3.8257457424669075,3.9050495971297243,3.828064788247324,4.001607981964424,5.144016954018549,4.127423190516902,4.582756204671245,4.64062853765593,5.23373003494735,9.070186658713876
1281,4.04224932740205,3.9997647624050523,4.059049032940172,4.0279044744476105,5.220091813852972,4.825414909352736,4.658607605466243,4.523334943024472,4.832990448502528,7.0872477833648775
1282,3.7951492170741155,3.9123018309266717,4.0451901841120295,4.269123854651558,4.416301203393751,3.7900754662979135,4.713723617167952,4.1041205841920485,5.484527770149415,8.69674063583829
1283,4.029724728482725,4.0232728728993425,3.9059408519356262,4.375529900638045,5.181513817918984,4.074418445148926,4.920956204707539,4.504887401549776,5.398876926464821,8.825606197752945
1284,3.8748899053681023,3.78030844280137,3.9643138791078427,4.367801510616183,5.500883353938029,4.412287211210124,4.70306156446067,3.8642877491870338,5.170926207158893,8.333762151186793
1285,4.004951073130298,4.065750467342221,3.9171115081440866,4.430147486866923,5.518285393899598,4.4922762734371995,4.179171342563055,4.21125973788144,5.210740141568563,8.676643027519649
1286,3.870816137250498,3.8142447982604706,3.7722213719297937,4.1472993288705045,5.206325385379886,4.886570457573652,4.543636829902905,3.711311807650839,4.517958662223889,8.85425970370953
1287,4.011465563905777,4.1186123947491975,4.115981766809612,4.35281560249666,5.401630275793985,4.5750240853501625,4.50791281172062,4.394760592172859,4.940944810799554,7.138547173839777
1288,3.7971126866577865,3.965064182352674,3.968820871189498,4.050386057438608,4.761817106686871,3.634090090094118,3.7924802723228335,4.090369718858514,4.51203350172579,7.117930715029291
1289,4.052335882346802,3.974434514072056,3.8981007929342644,4.330998195566218,4.650521662624332,4.1292089692770455,4.0152357401919305,4.868146333838921,5.183396090123783,9.955191814698937
1290,3.7254606084501987,4.0767252244443695,3.9186195742069323,4.330969189925717,4.84304003608448,4.597957450701076,4.603471799024114,3.8549622983425467,5.0868910576117985,7.244388349660964
1291,3.8902511898694376,4.005569327637723,3.9176028795227293,4.112806930799042,4.883949866008233,4.721866856597038,4.569587039777896,4.348784396992481,5.246466534949396,9.363091718994626
1292,3.865749105037733,3.990697156542503,4.074600507723463,4.419800983845327,4.797591605573528,4.615373975297946,4.172914237304997,4.18494891695902,4.570347144900396,8.051731853957529
1293,4.026908339179637,3.964656978932713,4.033292782583975,4.277283604757576,4.9504334865920905,4.8423005225106275,3.9742516462839985,4.136932367405872,5.073577543601147,8.198924355248632
1294,3.4887281796420413,3.888019752701743,4.045457263901571,4.171775092178888,5.010751402383763,3.9341057240419,4.373333112303289,4.752743717807017,4.983721452346077,9.139961338648245
1295,3.823456417026183,4.128168645898277,4.160694172275694,4.523564802951702,5.029101893116839,3.9350397640475245,4.468038774235828,5.099734126508787,5.177994390026634,7.476300546385286
1296,3.801168174726569,3.8857716743242023,3.839623324495674,4.163487940714012,4.7872428944187275,4.338871776108814,4.467108507479749,4.180013077323232,5.030256028183772,9.866213618471951
1297,4.049209541503614,4.140865644102681,3.9588985312882974,4.070219868579762,5.116063600298933,4.499489776277399,4.416657978756962,4.620740262920608,4.77055943113202,7.412098118661174
1298,3.791957925769895,4.085655258661288,3.691504998758188,4.272998844851011,5.271186107717247,4.188657174460324,4.511704446311605,4.026263113138608,5.319757678708051,10.195840986702622
1299,3.9414393325957215,3.9902323797107253,4.056883835759418,4.165435369636127,5.257962078159267,4.224441430330408,4.2922018532280815,4.353466760056163,5.246915992033926,8.30432261877419
1300,3.91807760109132,3.8402995794883528,3.9970626883889206,4.070889565970963,4.732485777801666,4.161614949942429,4.133728964176968,4.432469033041538,4.54325726961174,8.64076782253207
1301,3.9823299386204423,3.9350755668599864,4.183170586368205,4.329049169352915,4.8868985054046465,4.3460776028466785,4.671667124733445,4.133647987741684,4.522040595729807,8.810184750520232
1302,3.7392477851545487,3.7233770360838663,3.8547478480931097,4.107787956627913,4.763557211994771,4.378014773143386,4.811857585676847,4.452894396069488,4.846406824297958,9.483946065697898
1303,3.993856573929492,3.9945212662430443,4.06222892984649,4.3912922755782,4.507411947418491,4.6241820980326285,4.419137363194924,4.605644756931071,4.884147642874289,9.28590833409249
1304,3.812585910533651,3.717834694215509,3.9383059211901155,4.128838229983241,4.533580339698089,4.6105405371066395,4.626839218590537,4.319622121551646,5.013675121630044,8.668758573383126
1305,3.938649629815875,3.9954035672895913,4.157305229978091,4.511394910615471,4.7812715293330506,4.752004653410799,4.081118764559626,4.542327575050717,5.087906073671211,9.351954672197088
1306,3.8773161767927093,3.87884039453465,3.894833223974406,4.28705266517976,5.345608504711133,3.990510634008997,4.2053031034531045,4.242040300734752,4.592145109284894,10.403274148615832
1307,4.19055100965716,3.804773770809066,4.087123634086044,4.6284531103194695,5.644111063381204,3.990070073354944,4.770906644625001,4.447311629145194,4.835394699391696,9.010006406173005
1308,3.819238235762931,3.9402546344398166,3.9586303316496667,4.113191932331276,4.969922893352822,3.8707143532552295,4.173898865778579,3.915533080253884,5.017892788461808,9.13871673688149
1309,3.9729822115769386,3.958750669021924,3.9344427032628793,4.483429890172258,4.942585016716256,4.413912275647464,4.415130901865687,4.406530944452318,4.949893397885368,8.3231644329609
1310,3.7436685617821546,3.892575406525553,3.8009543182530616,4.079986151770007,5.3550545616251295,4.730479359754079,4.65688398398582,4.3766804795994565,4.517067893683329,8.333845085369003
1311,3.9472454744501264,4.063632963634534,4.126244382679774,4.207865142743953,5.482607168446209,5.1605787071623475,4.494305503299074,4.808845756430525,5.057518880080566,9.313181041100282
1312,3.8566776318056046,3.9015699736507172,3.7930875392735173,3.7473125133682776,5.055529380089277,3.9646976411019867,3.9973236408614476,4.509200380317578,5.266353065741372,7.35308812046536
1313,4.154375589879093,4.047443583746889,4.009489015325913,4.33308737890239,5.442694868982597,4.022500306296678,4.479684290487044,4.716051568514015,5.656016239097206,8.296205334051947
1314,3.7940778905166437,4.175196283988684,4.350063911227883,4.225994389124794,5.028359047454089,4.141539392427817,4.343131476273221,4.413030561065389,4.646388164087118,6.927144307314917
1315,3.9158966133994255,4.005685626389025,3.97232662920273,4.086183595119453,4.93813996913343,4.259603417315788,4.440739713456021,4.787337643026467,5.042436412428603,9.7361587358534
1316,3.8411390946605244,4.023677906867398,3.76937068033639,3.97199029187918,4.759484003882847,4.60681093702097,4.733684661053643,4.698130549178189,4.9573127577156955,8.505326353105609
1317,3.8439577075039737,4.067463845626918,3.849454076889639,4.311113601404748,5.069906731490273,4.776319203568634,4.626341448326846,4.407379827613878,4.643048861665851,7.6946722399749925
1318,3.6982195735630485,3.9293129557348343,3.912753183237962,4.166750267561151,5.130624568525254,3.9529486458190006,4.775539169973665,4.761367311578798,4.665819696797785,8.80096068621839
1319,3.9352321943369115,4.132758714837207,3.91469976079909,4.263853439393882,4.845788471995332,4.155567819824501,5.009845267673049,4.6731762378474935,4.606178610077638,7.630236815148636
1320,3.7834301290457355,4.179612948798885,3.8696539010669526,4.255474830749263,5.209564070656375,3.921261635142782,4.626680923847511,3.9903737502113685,4.857298056966203,9.13773333310675
1321,3.8161188003352837,3.67955819653371,4.014019415785072,4.242342268609753,4.893910983704501,4.054497482052797,4.73079351054728,4.381228132191441,5.191367955520309,9.69975829343874
1322,4.049673738185595,3.8465987242985595,3.985960834223896,4.139797508715062,4.736048393976633,4.133632873136401,4.758997713774031,4.23683685397385,4.629815553294128,7.881294737948573
1323,4.179288321750437,3.83154959656801,4.081002987233491,4.3822108290917345,4.870271198812774,4.366770382650132,4.722472833945596,4.198189048528574,4.505559452045715,8.777109201528585
1324,3.713321492768671,4.043700274835979,3.8887968621553295,4.157065458483037,5.603824866092166,4.024633073412719,4.059679078429891,3.728867165915005,5.195984981837194,7.886181557391352
1325,3.9052386019322687,4.010037775848288,3.9685862274216177,4.34813563943078,5.408067266129296,4.439359476524824,4.095122817243961,4.12112168594423,5.143533043229363,7.653462985294553
1326,3.6474840617374893,4.0600952149626375,3.9455802765860795,4.504945529301197,5.192986789443981,4.2947653335902105,4.476318562093028,4.530471715767712,5.010445101558627,9.277362411699416
1327,4.152817616273693,4.133218890427086,4.143125730339742,4.239411722803147,5.719631008007663,4.326223541151039,4.5228863028125845,4.823403877386443,4.913523511618146,6.921175293998085
1328,3.8869743034128255,3.8193760270518826,4.036136377996531,4.296488461589559,4.181443823907464,4.72757422103813,4.921283930494397,4.035452751422443,4.944139888597352,7.560505432004136
1329,3.8389053515224787,3.864820124482843,4.014166297252302,4.146798167173948,5.047936779663957,4.655398244211337,5.110090927681268,4.279033944353345,4.763598647316853,9.309991532215273
1330,3.803681077106368,3.7773234790158785,3.9979532361034353,4.360904992451604,4.887162368935064,4.352495143214498,4.592105559968084,4.101780781978718,5.375719782625937,8.207917770509026
1331,4.113956390744547,4.0949132019304235,4.183620023684022,4.407314751484012,5.307727903137864,4.459921218205564,4.880325461429098,4.205053580089775,5.164852966256224,8.597937419622433
1332,3.932950051025046,3.920162955564017,3.842928581574669,4.0260054915357895,4.728739692256978,3.835455300111391,4.172515601239019,4.207523373924347,4.763770452688776,8.912503751343788
1333,4.141502637362758,4.009802145279714,3.9334483389687707,4.438815118979672,5.1473879942204155,3.813471892156027,4.375848407049938,4.325822280805853,4.967027349040358,7.162422962022363
1334,3.8301479753552994,3.9217931504159127,3.9368670434459156,4.223301608783638,4.793814827425951,4.376059414558646,4.6639903897764174,4.0676509944774715,5.062015955409582,8.517115451248344
1335,4.180194321018114,4.196082143604089,4.103425583806899,4.2098122816273955,5.1745218003360005,4.9078892092050594,4.555267189979116,4.496096335189178,5.229897041960964,9.08938170957422
1336,3.994096750269544,3.889725827412206,4.239120289051601,4.432867669768351,4.6930616692961475,5.053682567153814,4.233036398828182,4.294562365257989,5.218927445530184,8.980211293517025
1337,4.012703740776477,4.065457852616958,3.925864303681662,4.112281895623387,4.797490212403589,4.81296684217666,4.436476680788765,4.354459729917843,5.082475756082444,7.07248947426553
1338,3.970788454923969,3.8292532630996843,4.076328069683954,4.183579345359524,4.634624522179899,4.587891756588297,4.238748513948114,4.566045259858845,4.916318683840055,8.081112898185834
1339,4.2369375282478146,4.155618448278848,4.244859465281068,4.452039702443115,5.329260970593256,4.696359798777849,4.125478265803718,4.282519486841451,5.053300446483899,7.171720548469905
1340,3.9198583982734196,3.978593749380786,4.002833375848512,4.1076765353623195,4.6713884427820345,4.330276081223976,4.864721528175421,4.421254065080607,4.640219727996206,7.541631263138356
1341,4.1751241641840995,4.210848546598982,3.8668559157633666,4.375681948050421,5.021661114304841,4.65464491479116,4.987376021173384,4.587971360213101,5.033994623540606,7.688327499804448
1342,3.747408035719767,3.9300590835446236,4.118678460277076,4.153164680273894,5.033361050985673,4.422476904475791,4.756393932505822,4.199711342622671,5.072728081752765,7.933051264872679
1343,3.8565170886166653,3.9960255744891735,4.079961803171114,4.487500173606942,4.907410244154644,4.851735597269936,4.766183466776278,4.304890659186686,5.464984985942354,7.606097812723124
1344,3.9585112367355912,3.9939570622329215,3.9320820184276344,4.3031756704746895,4.846256562894405,3.990469647442624,4.327838560194026,4.2718890075697145,5.155945071233757,8.268866430424275
1345,4.049071207307425,4.330026762076541,4.011283061209833,4.48965045483415,5.113911097983204,4.716576247872909,4.354672907942692,4.328927018643637,5.245723170964009,8.257356562145587
1346,3.6846896284651,3.9196202194756014,4.061577413718756,3.9762651736905696,4.778578122054456,4.270519264811085,4.698736917137464,4.802638715229137,4.861554487622849,7.711065375115538
1347,4.0298677473116875,3.750331762875441,3.9264801698987286,4.314458046684615,5.468896960055065,4.617520593928763,4.818019271037414,4.933245125961634,4.8485836545954415,8.834765999900402
1348,4.220774408579343,3.7252449291162595,3.810513516619722,4.088149998050021,5.189423142954888,4.657337046770273,4.278072810800375,4.522989345076276,5.643186649984582,8.417201910478024
1349,4.220944728455853,4.000674782510142,3.8096038665042093,4.2346804424426265,5.7960222482575325,4.61487888533897,4.1517754864515,4.677311975940555,5.294017286651602,6.370495630215017
1350,3.671928098021088,3.6032743531575786,3.493134022458707,3.5669517130844928,3.5750182826548986,3.5149987096815316,3.59576662011263,3.688096624334279,3.634680868337095,5.415670354736179
