,ev_op_Hp15_2f_s170,ev_op_Hp15_2f_s225,ev_op_Hp15_2f_s128,ev_op_Hp15_2f_s88,ev_op_Hp15_2f_s28,ev_op_Hp15_2f_s11,ev_op_Hp15_2f_s34
0,21.6478596535128,22.852050739676965,27.395033875007726,15.955873013207572,24.275766676595858,23.711095765170967,31.712116885013085
1,17.916545232985747,21.55071449952406,26.227214996750973,18.396378691411545,32.409554644186656,18.455880569046787,34.58780118242185
2,24.038477647309566,24.65121060312052,28.280508793649688,13.23319918221739,24.16958143713217,20.99737084207827,38.92621659062284
3,24.24909260148225,16.97243689381538,22.705569503697912,19.92397152975189,30.317770054813955,19.930495517287575,27.872927195380548
4,24.941940943074254,25.233513576434003,20.92666224009845,15.44746305991099,24.687687130888502,20.500317873912845,23.98514656748613
5,20.179144548645443,18.37698913737215,32.66970987350936,16.50741978190131,31.28626988836043,17.249120683534315,38.93150274183961
6,18.91832562940274,26.9322403761065,26.898665244898098,15.808599587945753,31.281008002282945,22.769501950612757,40.191860636556946
7,24.970237601383502,16.73928050105473,26.83295641510873,18.87747060824562,24.452106432061147,15.732761077919323,26.44091126546093
8,22.972151451333552,25.550568185334058,32.858695703568394,16.765115515041245,21.939283101666465,22.01003272969609,39.1651060347261
9,27.119338587546412,22.405335785373158,16.992769548447114,17.678404784062252,29.60539081170855,17.636492676205364,27.36042125206425
10,21.019968323687735,21.578169500765757,26.580610799342807,13.302062961168131,29.895135255242028,22.70956923288739,26.250238996284303
11,25.366938282618477,25.0625619855109,23.74837471018171,16.201813528422687,26.355089586828914,15.980477663418698,34.09300254651807
12,25.005410155996906,22.529275895202765,25.373072186266253,15.95585211928534,33.33200699053651,15.155172959480046,34.66132026482532
13,20.78527907667269,22.1831072979864,27.842480739972327,15.350810902930792,24.750798999291682,24.37866080525394,29.205293446672826
14,23.377577764780757,19.879706186435733,23.441671308077535,16.048014735591657,27.84230472255875,24.607097415003036,32.220411118390714
15,22.172142358599473,22.99973069491899,26.790416841437096,15.439899105460976,30.105341370115692,14.98014641795834,31.785829935113824
16,20.228485564513683,23.38633376205474,29.761536256859305,17.893320960926655,26.656532975003074,20.781806449038605,33.82259134271007
17,31.9080653863797,21.94824522474099,20.820513616849396,16.101251188805715,30.961613732209422,17.575967193900212,29.55861230707143
18,24.77637159536752,23.553864011007256,25.65142701609869,17.975494734839284,30.370645435646495,16.643310788806296,25.4935798935167
19,22.513119623637422,25.880788847363732,26.467986078737464,17.325587723730333,24.375525070505677,18.853047580462892,35.48192245972297
20,23.73226886000287,19.5688198433797,25.78187811054505,13.770770730751686,29.51790791812817,20.589276096656885,26.540545974116583
21,19.501611333354212,22.922966894060817,24.41414893167194,18.682860183619685,30.961351115031363,19.085356278073156,37.209766476910374
22,23.408088886368393,16.80382343552152,35.17747584513591,15.422725300265787,26.709262519221678,22.761487817572473,32.66821615212986
23,24.609557826165148,23.76798612886881,17.73602085121126,17.187381838294783,31.201733129675837,18.723334269796414,33.14584274199785
24,28.127683401504385,19.97441211256644,28.973729085148452,18.60626189245148,27.906156844077127,23.022889126795388,31.358436091182277
25,19.298286479549695,19.14512391816517,21.64774994355724,13.990194691438429,30.73094617206985,18.939280457364685,30.059639072758532
26,25.50992013256334,17.5791469210849,26.546006966647614,16.53856672388737,29.791729761111704,17.488097681553135,36.56297213189127
27,19.854210298742267,24.997865414151416,25.657947497826637,16.390033414443284,27.628950197083437,20.928052355151312,31.343684189232814
28,22.739437157048005,22.462681649120317,26.83194697210029,19.864432478956296,28.059608946252467,20.809742920471795,30.948830524775964
29,25.84899050287569,21.39106427491169,23.929364817393065,14.650439300541711,32.827845461425504,15.950893574913817,35.615136121341216
30,27.633692804218096,19.73037994410053,28.371636522099035,16.574484423090986,29.427834045239024,25.020794479388496,28.681256853556782
31,22.90758198607343,22.406311103773312,21.573599129496294,17.122170605182454,29.2626312875141,14.318915065408943,35.69870986095022
32,21.85713498506477,23.050409170459247,24.174318353109594,13.419418495098911,27.80475891486195,20.806962232668486,34.31057372208377
33,23.160947727067352,20.942519935258407,27.186204787115887,20.257020279739546,30.24868431389047,19.249513966488127,27.98701421295733
34,24.510510594925005,25.417449148564817,24.0316477722375,20.13748296556228,26.542831051814076,26.786490250172843,32.84423611734128
35,20.200019575153824,18.020166400168243,30.528705794330612,13.719502900526821,28.726458903466472,13.634958511743152,31.678816738119032
36,20.904924990153926,22.961955372892533,22.343879214645717,17.216523697189036,26.815955640968998,14.865032104018129,34.82001542555659
37,22.960732612394747,22.907783925619874,31.55569243173778,16.928908587177883,29.471116649406504,22.131046255719507,30.617171600484117
38,21.348777790873523,19.497983506951133,25.13494415891437,16.712605500025912,27.053063543044036,23.473231272983092,37.8558039614384
39,23.848290764522538,21.338932337056438,23.869095303118485,14.022549188185579,27.744257768814357,17.10697590463479,27.71440028973801
40,22.96905202455351,23.66372534609903,28.193101843889885,20.842338906856934,31.99541757953458,16.389032530214674,36.57892744546645
41,22.996749336217075,21.558389747751672,26.104522436296666,13.836893877039683,28.65993285974997,18.753946639887022,29.101397370058116
42,24.748449530071735,25.175489288245878,28.45896857295204,14.6258721992151,29.966825582727935,22.995512902184775,38.12147470645047
43,19.672843938498495,20.16240019672564,25.07380425382317,19.14441688579272,32.00882816208934,17.58640691189863,28.265422300597727
44,22.775613221601194,19.79881671933383,24.88176566819429,18.60741290961152,28.396158958546337,18.075196942467702,36.38687486321961
45,23.048855563707654,20.91362078651916,20.015387196045264,16.319626800324063,30.311456412855605,23.402193332130647,32.04696190386362
46,23.032811591488677,21.72438390805268,26.218833367703688,15.544855061060309,26.87358510717749,24.657464194906762,38.03114665739909
47,23.268463959688034,25.084634919842635,25.932803659142206,17.758234917734903,29.96028490483373,13.443464029729624,30.866273041125634
48,27.537426058184934,22.37047286067287,27.694793424475115,17.308482894099445,25.88051577450537,24.165839947018853,32.392054435001555
49,18.006484407144974,23.432004624004463,24.199768447931362,17.030810608765567,30.871252622090953,14.4515223761598,34.93370802201272
50,24.434200064780107,22.49956501934932,27.606775008414623,17.62257380390522,29.424925481441182,17.33194737884201,24.95883135193557
51,20.290533669168166,18.91894454881441,25.240939047123913,18.49272857408428,23.831955106760656,23.29765194462859,41.35548943095148
52,24.71046611788696,23.50045067080936,33.547739941338484,15.321252659823703,32.60399201414152,27.84997999609908,28.640388274255876
53,19.144732294627826,24.20396799970366,21.01461404825497,21.13298090782359,24.736195621327084,29.489888027963072,26.403220105897255
54,28.662621924622645,29.24542831364237,21.875599412854843,19.6352134782638,35.52584529955566,23.11117462988265,24.404963867071096
55,23.63354787581809,23.382622042821946,27.61796157586966,23.305269615025964,37.67556258918719,33.2459459007927,27.358166596177654
56,30.090038100748732,18.86351456322308,25.912680994793387,23.171304138880206,31.394832151864417,26.9781644389095,28.01551528255237
57,29.60790226813332,28.600051682354405,17.50555755253469,25.541352136142745,36.31146209987202,24.099321015840044,21.167389434757798
58,28.86651081468948,31.285325668453076,18.88482792992683,21.819928176366822,27.636531008941702,20.701286704404964,24.178231985703597
59,27.701492503679283,33.6340360376978,24.624220571276684,22.892887629612854,23.450957647138193,29.088468840476192,15.158098353041911
60,29.63008462310709,35.46957013216467,13.952394873065744,23.28528265035491,19.443047332054483,25.610786810686527,17.958457893112097
61,31.299410893147545,29.936160836770615,20.171485810836042,21.180858184195404,18.153452636559486,17.051451435825673,16.860719987950983
62,38.61701607327991,25.719216241655545,15.58706706233843,19.23904023074679,21.522428277185735,17.678721267661704,15.122240033931702
63,25.07120380265107,30.79493481546782,13.04021585970381,23.520720614359206,17.744040201656595,19.273964998974037,17.95961136431517
64,30.19806606733569,22.885546243880636,16.59471113326677,18.171602323601206,20.516388963189822,19.749732826393714,15.588264241075088
65,29.95512263068421,26.120747980703257,12.3910576280179,17.65130953190493,17.196645074945973,19.592453202951866,16.88109786834767
66,37.98508456045259,25.13751868466371,11.35374942681012,14.651991482918026,21.3466702365318,19.15293093094348,13.650285940701465
67,28.697602496945137,21.628119569290995,14.605867934400896,21.95544313039816,16.73686109581018,16.760404709702303,18.701508502433576
68,32.242666204226374,22.36831544183134,13.891074873016956,25.52060563063564,18.05522202549098,20.528908025926754,14.809896848997816
69,30.456383249384366,20.30909742415607,13.814961189614289,15.783031196922122,15.964278872113935,13.352514601730912,14.097657903589777
70,32.518886026260354,22.974397089284736,13.809657483066585,24.566850649525986,17.861188686808493,16.390289862804654,13.504976326668857
71,27.221843241473973,21.241932860617727,12.80899823977571,17.7039036069583,17.139816169357452,12.381308611057953,16.33968997745879
72,25.277568694224264,23.081129565614386,11.274750689503199,20.52255092815815,20.47495845350651,13.233753592655606,14.898111979891569
73,25.742850740905475,22.48886446907169,13.287708542089927,29.08415218447902,17.452331758206384,12.889516593301606,14.34199532916201
74,30.145196002768323,22.57504550080053,12.91289964613698,22.70472318359393,18.995168268461413,12.723552646606628,14.93535515247411
75,21.591435791240958,21.543535895864913,12.842943359846128,23.821552106245495,16.66890647506074,15.770201940496856,13.979784725843311
76,15.001219979627205,20.05860698963772,12.733563991614135,20.568050022071006,16.82045271655692,11.83471039769088,13.281429294578603
77,17.06838649354775,23.230453506577316,13.57603436292196,24.57810445964933,19.457020590522358,16.05307499803893,13.10343461026535
78,16.688368923425532,20.49805445711934,10.303825481481653,19.62259886587549,14.698161057263798,16.52635368160764,15.04052333588781
79,14.51324234372243,20.791660937843165,12.351924334312516,23.41560020546304,17.621046604220336,13.17127834226812,13.672438793093875
80,16.852738323402896,17.375713055155103,10.844529007145129,23.50835663994782,10.303871731147796,13.819985435938245,15.32035406401885
81,15.96926353611389,22.00575153563545,11.421391113967115,17.32493387445611,20.78585598524458,14.23702661599962,15.694440966823723
82,16.408708664968827,20.528093830074727,12.782070402814753,20.35156909178867,11.276801417027746,14.44283001842468,13.654862523928708
83,15.715255877870451,14.697257334125762,12.965948623490368,12.6706047351283,13.282672779195972,12.95364741310861,15.77099346697904
84,15.424994288538144,13.969224723753829,11.810971775696316,18.945167328937654,13.456479301151356,12.700693997801151,12.785513733619442
85,15.544923351655259,18.635875645798748,12.215074633838757,17.295143536011235,11.6604936908862,15.110379988342016,14.008761761437293
86,18.639086321892844,15.084665624020626,11.786501444346323,13.495461415474812,10.683661971626796,14.77912897486869,14.058714840097618
87,14.867352765999062,13.131647374799172,12.84676866872321,24.400033447830296,13.705031716435304,13.317308262273793,13.478661222923092
88,17.389449489192764,12.851365104790846,10.065544301214702,24.341768626784305,13.642160561981616,14.96942817522949,16.280739236432478
89,12.29700788994284,13.733199416065272,12.300512902131823,19.158511611872825,9.578225553294155,11.597536539830523,10.812542144357117
90,12.607618451798514,13.027769761972012,13.202312725212122,18.98322142412337,8.666921937813948,10.24787181040306,10.342248643470882
91,17.43734412518174,16.938459543077123,11.120383510776536,19.68537523825885,12.495885808616633,14.64438008842837,12.809124368134354
92,14.79167367089893,12.61607318382913,11.03610484988243,18.157736308595307,10.996266225819552,12.027710456810269,14.470846915759246
93,13.068455767538998,14.332411681458408,12.280309873797107,20.107893338516707,10.15312052247164,11.52306017972808,10.389769546604938
94,12.769202410668036,12.70960823785,10.126553992251976,18.95609792078205,8.937256436826681,9.567999473605843,10.368536635551523
95,15.105661471764972,14.150171092919873,12.848950446428722,17.852381604363217,11.582582644813211,13.969869357466244,11.718336944730032
96,15.48152477519831,17.67482801826761,9.86524485245733,20.202074209816335,8.704509554404858,12.533816231421232,10.966866784532792
97,11.25493577460894,10.698675380676802,15.1395610252382,17.634133363919464,11.27695419989264,10.975523859691085,11.115810937399953
98,12.147310922981752,11.964292967147442,9.896048796913828,16.95924407840973,10.42610242746639,12.092421384688496,12.304469322183538
99,14.859602217143907,12.472884555526077,10.969020015268013,19.84069646202003,8.419870956036009,8.489524553161795,11.879476601502196
100,13.946240340774883,11.9826618870843,10.59598223888617,15.972184095434137,9.90650033724904,13.14405775633843,11.826089617662609
101,11.786015423421205,11.514083703438699,10.592743415954942,18.65224045067162,9.052031522105441,9.498926111316369,9.162426650524623
102,13.903064142532234,12.39021758473492,11.072475344188456,15.079065690873511,6.566770651455814,10.540913791531063,9.73454006486193
103,11.387186972785434,11.657253202198593,10.865735307110901,18.179048500231083,11.984422198667952,10.475645589349261,12.576831867616523
104,10.644832597043068,13.631001658512886,10.30171750216884,17.988700791774875,8.218050678839507,11.916604568810001,11.702543368823063
105,15.837319148755615,9.774809828334677,11.645621639547429,12.560855283642034,8.333742391652505,10.087603950203231,9.18829630197519
106,15.031361718926494,9.807779460107756,11.670662524058303,13.485922988143384,6.602508940062399,10.353324749256352,8.598741502708704
107,10.64820981337175,12.115466148152636,8.131240683667176,12.343794938290916,9.141021077774859,9.159807105147339,12.05671295236851
108,13.894460037820997,12.457823062291588,8.581175246753444,11.057951081648264,8.066981256873188,9.054248895065319,10.4765333150221
109,9.840641650022878,10.13915057124042,12.222768723411061,11.966316227126914,8.174694068507726,9.894705326617185,8.053378905232993
110,12.932242785973006,10.714732233888418,8.707470184454245,13.641586062181226,6.049646115982007,10.535537903177907,8.064041135975966
111,11.595099621751855,10.262117120836615,8.87445965383333,12.325356819259977,7.567658615758399,11.464558482017525,11.027040272129401
112,9.96191440169852,12.053894308178995,9.713923799285945,11.391675553652203,7.612944650699897,10.445314898868755,9.713772993908321
113,12.033645515374003,9.689034970551866,7.5495996468149595,12.62138176285626,8.245682533787928,9.462223231595893,8.869628499257654
114,12.18146429421119,9.290663523870366,8.817207497199867,12.277777749114033,7.075578172120507,12.124755943433218,8.754780451928793
115,11.538593135595557,10.819275302949316,10.602707441974964,10.587391622251618,7.075844048191568,9.761687120734681,9.437652346155069
116,10.97093665273475,12.63023157734972,9.308185696019901,11.37142675665337,7.966091994902086,9.867169046557189,9.353722200298833
117,11.38604540666018,7.427086595288944,8.18512952248143,11.915340416706542,7.388716435556298,11.378195610957858,9.11775489369524
118,13.810561912695428,8.33445881449799,10.848735458243356,12.733519414089017,6.858719269816233,13.157529668163937,8.990587208176995
119,9.207950126625795,8.103415592724945,6.189272706639659,11.216148598331369,7.21279780355229,9.96411299006846,9.599559920571767
120,11.54047222694514,7.559231509896656,7.3543181098728505,12.729095489984939,6.769877357631322,12.370467679450453,9.80623238747709
121,9.625523760072582,9.715775351155576,8.913713707558975,11.370245668459997,8.658017096777996,7.591411755006866,8.010890625252541
122,9.342645831150975,7.586937735665169,9.169053366547754,11.881523057053819,7.262790842438137,8.927394922004739,7.812939370062131
123,11.559623215469687,9.098122997268005,7.2510406441549975,11.498078026062366,7.374338255810184,8.069812297613979,9.882636646428601
124,11.785224009492827,9.055761554527399,9.042209196909049,12.833327386138784,9.227334698541066,9.285818563054274,10.515980991425756
125,8.675413735329002,7.379150177866346,7.068720351851685,11.779733862480922,7.573561218153887,8.195602869836833,7.690090623184379
126,8.891231677904944,7.753218416704947,8.330890882823214,12.488968697769478,6.445415131400997,8.415589859472217,8.526919017181195
127,12.050616303093554,9.181453045573907,7.598355029582525,11.194642354103218,7.284294226960648,10.14790826734562,7.924463662876951
128,9.570772371277563,7.271504409323272,8.406058872181129,11.940791499619806,6.37127635903263,7.9626199055796345,10.096791896583143
129,9.628590355819231,10.356339465326927,6.859674585333838,10.635988815614184,5.989021375602406,11.222443656627195,7.490919702116158
130,9.645191555904827,8.984510232922638,8.219263455881787,12.184348111454758,7.724594355122055,10.066766583403908,7.344005950798449
131,7.353270228037022,7.953227240897788,6.386038343425059,11.213746941828914,5.523278879614444,8.403605643472314,9.704555526010148
132,7.554858561154839,7.863187110955719,6.680079150171805,9.91651949966283,7.608321312976699,9.945049008954326,8.83740362134112
133,12.142119007125553,9.144293466234235,8.318576121721332,11.701467853221288,6.79923414421418,8.350903610544936,7.599081376250027
134,7.221674156813132,8.23501235318382,5.698951650018537,11.28445955388178,7.331839217009737,9.844006807961001,6.976621935153322
135,8.880115778896625,7.869756737530675,7.348950462435679,11.408999638144982,6.584055228959805,7.820674862332686,9.062752694938197
136,9.08095014699,7.396950977320297,6.15713692063268,11.02574000923926,8.47667259213097,6.992957765341846,9.38832447384155
137,7.655279435871716,7.0071721509422185,6.585834266888165,11.069349400316275,5.494453387508058,10.02260580023384,8.714504088119693
138,9.715058047904881,6.7754133679152035,6.858685414962123,11.286978399006367,6.778670174299808,9.565650696048891,10.783898992022266
139,7.633669722101417,8.459985457007647,6.861343982839086,12.288433220401592,5.663977121550777,6.93392727391056,5.8782870119929385
140,8.210071614331062,9.526595163090013,6.507884063626014,11.90680784559232,5.947457264893135,8.049129698616206,8.38387665756325
141,8.664297857541914,8.192053501483398,6.946660575094162,12.525384517811073,6.19354697310518,9.439411820083157,5.614293812593231
142,8.44335435275898,8.913873942075304,7.530257647878063,11.607225093998888,6.678681759931542,9.759575012729355,6.502065674306018
143,9.78570484646388,7.805017458037315,7.095966161252632,11.409215625754568,7.067101661336371,9.431505548417537,8.053885454240637
144,9.900294535097458,6.901868029486496,7.569604324564135,11.639377366806524,4.989825950851676,6.728110831667576,6.004870292248331
145,6.492548968120203,8.264823120614093,7.0433178167512445,10.54520539572472,6.48530709292456,12.198508246926163,6.6773901530553905
146,7.678122018537417,6.301317365588545,8.041592014826014,10.252969087876679,5.601990752039979,9.320567034734495,6.139196597055029
147,7.152363958744044,8.692528899567176,6.148187413432228,11.713427334915208,6.522741696852931,7.992405499120234,7.355191808361966
148,7.13496044162095,7.657869656678377,6.993149688226544,9.617431670534426,6.319991607646032,7.133604632160938,5.4990855008859185
149,7.686182024830438,8.813872761542402,5.850725120462776,11.277543394791177,4.843683849798327,8.3695826845403,8.041162713254094
150,10.466972999166586,7.9460143667076455,8.21972341799903,9.937911171095914,7.897654456155715,6.320146097528391,7.692019617326148
151,6.259921299311771,7.100427165677571,5.6353959812521,11.005145890600504,7.131443729492933,7.4100195964554,6.171180451270095
152,7.309355673409895,6.6269044440463665,7.3139137821321665,10.299888252598201,6.225857629332065,6.642179423499699,7.551394173564174
153,6.884727231455224,6.134717882966893,7.460527078914313,10.461457439718794,6.736574845860865,8.356723748652492,5.55327803294213
154,6.162070923934056,9.922409990907292,8.822702933357553,8.418725651597773,6.073962454771095,6.909587049351549,5.684836195572822
155,9.22769255010179,6.854508737660307,6.23007470000265,11.096375759637182,6.17223589198228,7.5298630345626405,7.7011426883970495
156,7.114512246155738,6.474967711312403,5.979979774774192,9.89459668519642,7.1652323037288435,9.738699280728508,6.004840045412982
157,5.785571450447068,8.0375991129469,5.929455980262327,9.296408275205849,5.762899866519661,8.135838943959214,7.4307310592997915
158,7.139967238746685,6.09057481730774,6.8528462751621735,9.075361409066208,6.528550312959769,6.71328678538886,5.738230312171171
159,7.70653471485565,7.909968301700108,5.791425292103196,10.826395957889757,5.865084039084867,6.952754883613564,6.152128719435121
160,7.345487178841778,8.181690734089331,6.9975429860300915,10.177129933412523,7.8323734513374506,6.953504676031226,7.126522148528932
161,8.087631963946103,7.219346896104038,6.601448805212441,11.17150010328369,6.313950605410021,7.986060779431817,6.802728722572914
162,7.911832887351487,6.271223551480521,6.5463746607029805,9.884616963110185,5.584414732910833,7.501145894291595,6.624797339536754
163,7.096351154484918,6.869461495075226,6.751029163260094,10.190062554089849,7.09743815618292,6.475935353570146,6.900861998042454
164,5.923281725603006,6.556906275755955,7.068077440854346,7.762262006989849,5.105767122500702,7.204670709820262,7.025678400672467
165,7.995104709568845,6.493235666810364,5.736715570943604,9.076579862818814,6.092850489674478,8.456865579469675,5.182109676364129
166,6.357014969980994,6.9077790816613955,6.17198864387647,7.898875699987841,6.175747239668204,7.4600122418618104,7.0838846046756725
167,6.667224051959287,6.585976780752315,6.859097667431536,10.777800160843345,6.513171610902682,6.32966952156797,6.868933492569358
168,7.733407142728287,8.310752009934498,5.990061910461018,9.135267658135858,6.861721736124277,9.489949974666402,5.910620403627048
169,6.292983431414944,6.025755188188148,5.683814985069048,8.512874190871255,5.8335521745959955,7.06493562297244,6.29705403892247
170,7.247167958938499,6.637601508058478,6.444254338126857,6.988217678094593,6.33549071991695,6.671564839743196,6.98600871707191
171,5.20238675793168,7.456999910523835,6.706129285809706,10.152769297813274,7.025245067475105,5.3633736472168865,5.589812834876468
172,5.334703500932471,8.101720573433202,6.597416303843351,5.772468820507552,5.418304435400368,6.334335863438412,5.704009468330368
173,7.028877069278983,6.252447524850933,6.197072063768495,10.308462951635205,6.526020902006244,7.933838996905146,7.181095910157813
174,6.076751335434009,4.537682933155798,6.899904805652165,7.210367339530759,6.32921606697648,5.711430411005982,5.809284459615573
175,7.615609810637596,7.968049173215071,6.757888656618089,8.212145392324777,6.651486041155182,7.105022169382294,7.109881507102918
176,5.5496467439999275,6.053712770272306,6.553145583657553,6.4741408176969415,4.788733126230571,6.639962857953649,6.603241207971438
177,7.770078163040547,6.419316138045133,5.968749474196316,5.978759814013323,4.767389593857345,7.294464149581752,5.438542574108346
178,5.047618685589063,6.433458141684968,6.585396168436471,7.34940678476727,5.968827913279554,6.491034432148462,6.442277937802126
179,5.805734483864131,5.743240985785628,6.7518886681977435,6.280103787654728,6.745139305426665,7.4012849612725,5.391343119779713
180,5.908873016808189,6.097900387124945,6.468914352664666,6.452136950569022,6.097985174165689,7.183621036301143,6.942546473381647
181,7.752515619640356,5.663937271714592,6.841884211024662,5.965355982254648,5.058555479565183,6.221735172036653,6.60936065072065
182,6.852710132078427,5.969306389929815,5.570806974552611,6.714919915103038,5.763547874673306,6.784781958623549,5.925127980501135
183,7.084543768283797,6.752702243803573,5.083839862199647,6.1271811896324975,6.746971807929658,5.521543311380553,5.37954217063537
184,6.356017930519496,5.622866200321899,6.3852631147301,5.76293713989588,4.583180306908853,7.215890637306259,5.255096849322611
185,6.603255179740909,6.285583503306674,6.0257731102829455,7.776943093157902,5.186187774514762,7.277712238189694,5.610906366406381
186,5.018153668786593,7.433219866865708,6.629492589698069,6.4582192088942145,6.755670121892088,6.4037304800075745,5.510458138609759
187,5.212098356426214,6.801168968724657,5.540640862782038,7.3010042405917845,5.402039346767389,8.299101105398014,5.134237501336858
188,5.783729410141018,6.151097021466768,4.971876497800985,6.2315390446061425,6.215821081189585,8.65785002506425,5.5145674264032305
189,7.0489880528909925,4.674057207138493,5.788858529762935,6.791602383711739,6.749011483302414,4.949504341317941,6.358837908426173
190,5.320073488340863,5.117220824209695,7.359108397517591,6.396277973990469,5.56165607146175,6.452510220331229,6.679611656419515
191,4.569649168736984,5.820935352921375,6.532620267912012,5.901124011208445,6.006732816470264,6.933770534886903,5.726658549373257
192,5.051332266796311,5.549569936514758,5.35410156941496,4.563202460823631,5.640688562160514,5.813699931781151,4.794292692079423
193,6.016297318856364,6.467989508075188,5.859920345508304,6.604949785158352,5.275499368789954,5.519550907414979,6.888756578233823
194,7.3448960789396995,5.864586437795842,5.238246328126923,5.563844820215003,5.773100802333769,5.009728562713298,5.2892551525180105
195,5.257131537267949,6.904412965306113,5.855475047236513,5.715184678025304,5.397157377171421,7.773647657877774,4.9599040351954535
196,6.789395295967045,5.590898437460037,5.7567042717501264,7.502931111305705,6.652858043132692,6.138813902965427,5.2482383385576705
197,6.243125639588814,6.216962910212289,5.31379603837134,5.717362661095303,6.46721473098068,5.310147578576,5.588708705273708
198,5.49976247939008,5.850476879494187,5.520488894982515,5.700763820668125,6.078822267979445,6.070133436917326,5.827579477700024
199,5.353087485282917,5.91953942930889,7.136800621945054,6.101766966167879,5.782756459907911,5.736864247522539,5.694798051355262
200,5.4779154561126235,5.989428941547144,5.523255197675683,6.461824753277486,6.049202130069579,5.571829778394439,6.365505689520916
201,5.141729259831036,5.4226657814313945,5.771673882202839,6.283775704769969,5.448927765901386,4.971357732737956,6.34197205683421
202,7.207705828404222,5.497755241927304,5.1232169472143045,7.620505217975668,5.836780614234334,5.86361009819895,5.80248693481572
203,6.634154983556928,6.730534431398365,5.598577823932123,5.173802928329357,7.06619579118055,5.237119267146132,6.236537186980438
204,5.615098355802581,4.676875702603274,6.6965169270476865,5.498024129047199,5.51574968547589,4.8905407923853765,6.182299639100949
205,4.536931150029689,5.781426992132105,6.626483705602267,5.457527529886013,4.895027728324327,5.336842160632884,6.8255746700400515
206,4.991151367471609,5.93042876435209,6.780543397830953,5.714365056593588,5.344406824416201,6.105813562064676,4.732273635020427
207,5.27490953215156,5.56476705208662,5.783803880372966,5.857505805164155,5.370326755534341,6.829147662646564,4.4923935457743935
208,6.706576609031317,5.265733852181401,5.437201143214503,5.162908573095387,7.98602444055321,5.6145038356622265,4.964427213834572
209,6.0829652500613856,6.166710833249328,5.338346520448681,6.594894818521333,6.179265517168444,6.036696006195563,5.88810144516391
210,5.808599822645859,6.842576601160751,6.249482579710952,4.963994803404204,5.534597889174635,6.599305140865109,5.712717963265103
211,5.499461832511221,6.139363605023138,5.749640158019326,5.4349695505821085,6.434856149384494,5.826890518441379,6.039919605664282
212,5.240815495775098,5.9884505147706335,6.151676327569199,6.07783587170389,6.449868355748573,5.353419163530919,5.526432980870206
213,5.519263714720198,6.084623087206627,5.497733272771849,6.378337518667506,5.776789630537678,5.846040800619145,5.95808437434087
214,5.758262669694366,5.674055572272441,5.838141866242669,5.797179828935574,6.0985482066446925,4.5841743635184296,5.938040223176904
215,5.87104607978602,5.866914217164192,6.285899100783755,4.881881714231207,5.7569096781731925,4.780681152723031,5.620534359960098
216,6.6826986902546235,6.550996214532632,6.191662041557825,6.356020633051678,6.557054228189754,5.535921899788867,5.643063777337807
217,4.741450066775083,5.885876176403003,5.502827079753675,5.784935893788099,5.5726683481123,5.438378483459822,5.80883131637591
218,4.72920217277904,4.908070558036327,6.9023694753833436,6.461165598632972,7.40939401966982,5.181430784603362,5.600814692783899
219,6.249662306598874,4.996948394320776,6.76127022947808,5.860136439229059,6.350344288537494,6.379781308178607,5.998752633732115
220,6.281377351586382,5.861697985785648,5.741130047845029,6.554768260282101,5.491960562294677,5.7948276994275325,4.811221061797208
221,6.2010934769797,5.077635292552406,7.025990245682935,5.58319224102512,6.039611741614383,6.27176114075306,4.661624651020678
222,5.588050527874384,6.493516039496685,5.774048650780188,5.171335349948487,5.323390312986313,5.002731800775773,5.984364685703722
223,5.887194063015546,5.139332028444852,5.383021580918837,6.28247220971433,5.4631678467651605,4.257501120941631,6.782895059875244
224,5.310483204976499,4.685077044103058,4.7215041013900905,5.746682066180171,5.277780341657862,5.093798392666201,4.586441776204366
225,5.1697597818422745,5.289363565611578,6.3846902028817105,5.465754170778135,4.817308357102018,4.325366292862347,5.547680460358403
226,6.939236090443027,4.454639899863994,6.309393606045773,6.102162151779038,5.237093185421802,7.313148331077886,4.646837990067835
227,7.030535457819688,5.75439861085572,6.042892544196252,5.70953173644805,5.633148254289746,6.624061999307212,5.062016249246496
228,5.654456528021275,6.9242472831715665,6.386735325554318,5.570962011833081,5.4440028210078975,6.821138810174774,5.707527145880378
229,5.157059808202255,6.399247154821458,5.885295813329377,4.849373588116074,6.003136144283606,5.9454778191221065,6.306785294424436
230,5.939463546050009,5.8570928884587,5.452970261471134,5.933954136668462,6.194849502708325,4.540964828468457,3.965056382616947
231,5.668706227786019,5.560631641328545,5.095421534972034,5.532400883255711,6.077681580998911,4.359635112035368,5.501837334997033
232,5.859104582517145,5.66980465223136,6.527395794896472,4.922032432251337,5.843461935195421,6.45684062615024,5.74488679329037
233,4.844657280079368,5.897294203581414,6.195709614558799,5.890252134905438,4.852617445573474,5.5017155726483615,6.133625736958353
234,4.870886694342689,5.586924942799906,5.17490769084836,6.835628024462252,4.916494547177616,5.301336541536474,4.821129803831686
235,5.526931828195026,6.300380824671534,6.259344429880495,5.3018753663147695,6.012530991368871,5.126507236512048,4.666371275709128
236,6.067969246139895,5.579303557229856,5.035005264901853,4.733606964175802,5.377831802494606,5.203989184337909,5.3591384713054
237,4.892483699527759,5.737427910999393,5.129705525398208,5.439053165105165,5.932064377438963,5.104275905773121,5.2974658443798734
238,5.712015234145781,6.049080219824583,5.80766664561225,5.879105367736163,6.63556432108806,6.289075556842083,5.6743867008215725
239,4.246874444531889,5.750717825287355,5.412300996351385,6.065381088009361,4.930198909790021,6.6860608452200765,5.429395271005863
240,5.581368021361032,5.06271135816038,5.66415979293814,5.4163954645574055,6.1150400341265465,5.748062108567189,5.691939618161297
241,5.018329373216138,5.538206393939639,5.818401362032044,5.424091241765722,5.519605048241828,5.709015768544679,6.524658641388762
242,4.871920666323351,5.530665552542069,6.011560407518161,5.133256071720746,5.443154970550799,5.86387495424506,5.45287266521299
243,5.80071850110709,6.695786537445073,5.801954723182899,5.260481667392605,5.826938129495927,5.354480053716884,5.615365226754868
244,5.604557553611627,5.927270751682923,6.063864199498418,5.776782823363525,5.507071110413119,5.076766794925284,5.226259717637668
245,6.172992598328054,6.223357118820788,5.909142903791988,5.486394588944598,6.3703232515073,5.351807585960811,4.983410415358629
246,4.807693987668564,5.4606330446374365,5.193361618484407,5.151123397885656,6.40810636921586,4.8166002380731445,5.484947094964351
247,4.950295713215852,6.6512892224850875,4.965614612307537,4.8208612983631065,6.232502608208531,4.765177457990961,4.755709306544336
248,5.0917953919323375,6.148906083024805,5.647564404530411,6.0627551895776115,5.991357309515215,5.8100016885287555,4.829871611366662
249,5.276446719511048,5.77799466780804,5.859816084303197,6.937938346540989,5.570459918399102,4.8206824121544,5.449082775400415
250,4.838736894114196,6.106323482391641,5.7567731942153975,5.392779971818367,4.794836360946602,5.805052942656484,5.335806810372933
251,4.956034066153373,5.9302285097093295,6.576357731852801,5.558191055121212,4.516914995452128,5.183194870899309,4.8157577079373395
252,5.980651942082594,4.685232391578856,6.87634571249892,5.049903259825761,5.914653655631316,5.807606625299481,4.499675665219115
253,5.664800240867359,5.425859662517263,6.364324296602885,5.1720971154102395,6.492553046001659,5.160630088721328,4.522310286495383
254,5.509354889893043,5.217348052555745,4.782796076064818,6.676821845914564,5.900715388265176,4.297003428901419,5.338147787352952
255,5.887849814692427,6.2860159977347525,5.8883648558610435,4.907967868789463,6.446602983754879,4.4001848468785045,6.6247518685878
256,5.638872473149889,4.9280682338512,6.810920942315302,5.799918835016876,6.069769022225893,5.6893850000100255,6.653825966969601
257,5.5490005919351395,4.7082322483796855,5.881338206712591,6.010822609231752,5.442519247105279,6.718144071631017,6.316711461057016
258,5.795569881139958,5.670374175654701,5.96893552395277,5.407373556745843,4.794793495915556,5.260456655927629,5.9692649776418705
259,5.182417208883321,5.679570535854894,6.120233346050118,5.929606109771308,5.407760454023745,5.2245862868773285,5.837704673769638
260,5.3438468376389725,5.611748896321669,5.865489727693769,5.166831425652605,4.571477041007963,5.9697076149700585,5.234535480648306
261,4.47863957805168,6.235480497259193,5.461135374876785,5.541025882956233,5.1235457877559,5.070696784182059,5.371321407497009
262,5.1176017789465655,5.15718145379287,4.760142807806704,5.528842904561356,5.9870677675570745,6.01394009941145,6.180772768668746
263,6.196968574282103,5.9525473746407105,5.350792412795472,5.022868030697577,5.182124757689548,5.397081409746667,5.814088785489286
264,5.12022587080829,4.794714339004105,4.44086983185237,4.916493323566384,6.562878636337785,5.099672338484416,5.710737481136437
265,4.811308190270489,5.40632401410099,4.834894722124945,5.335159988039103,5.363832740894905,5.056480329665983,5.861586869106857
266,5.5295706782831555,5.363888319574954,5.398492537175613,5.55354654065976,5.55313667799466,5.7432323191074435,5.212068001410679
267,5.557356411276036,5.5465950410598035,5.532074190886664,6.72430493155934,5.03708939714498,4.956712391099143,4.735442386870624
268,5.962404651657095,5.44158537073787,5.700408831096599,5.514456884987964,6.9187860945800805,6.413187418355884,4.93583487735334
269,5.754072675952103,4.969946192132933,5.24275525916714,5.822241731927578,5.441660659966727,5.467022642289261,4.72186821621148
270,5.88479469366894,5.530458414713594,4.755992350653551,4.810337036596661,4.437944634093097,5.006354969337603,5.393183313495597
271,5.787772459477609,5.952005711403872,5.84800927299881,4.665157157684241,5.413331807893443,5.834621350375368,5.195184977645824
272,4.959440108236922,5.5810014000782315,5.873011010397086,4.7331243350437315,5.99235548444887,6.258122268908905,4.557473855539825
273,5.350966368782157,5.236352639157871,5.594915144988572,5.758106295229187,5.650580301591489,5.083065470528934,4.765352057852996
274,4.7797259478635645,4.986536664206516,5.910205724298846,5.534696966506877,6.596640805694313,6.342878769159362,4.656885090135012
275,5.188408620936966,5.646247324713062,4.844671322271579,5.5603617727873065,5.649229611955126,5.638420684035909,4.609643809214486
276,5.374138437588007,5.0223797620424335,5.52750984285114,5.378131794545209,6.51026790023828,5.734674974109477,6.916417450749191
277,4.9545217745679375,6.536721522290505,6.031573784527326,5.822461507127575,5.492665406414073,5.849293437568332,6.3120665338487605
278,4.351344071242468,5.482141720337308,6.181216209563454,5.134741179828923,5.948164007058974,4.416209499564462,5.49347226947848
279,4.705311198432212,5.8053652127532756,5.611710092865595,5.84035903906196,5.260400935228097,5.3946383405375,5.661071793117903
280,4.83631523763951,4.896944646871482,6.139822725786814,5.615291774808463,5.560061837258899,5.651984578030291,5.87588185706511
281,4.406578173335849,5.049822964937778,5.775070532073242,5.191384306676485,5.268281226537363,5.018947439676515,4.86973019160988
282,5.3228883728644165,5.545748781918412,4.419140549698241,5.914871081047502,5.880972201785333,5.253608410725198,5.140996558199838
283,6.088076042887658,5.832051369119862,4.847715079271324,5.30081637389893,5.9568118025443955,5.435828125611473,5.392774959570716
284,5.15950716468103,5.774888953608631,5.7508491394014545,5.320933432833468,5.796741061533086,5.968579342074809,4.869643990255754
285,5.163753259688226,6.550370585537978,5.464688793366058,5.933934037040713,5.2383804142484305,5.793707275642116,5.436485592747082
286,5.197770074915592,5.76477270967909,6.730271078570877,5.516559102072046,5.99308771248036,5.368689106848492,6.125672410113251
287,5.669580087785817,6.635957051080666,6.948909082676844,5.96609228044306,5.542837648240454,4.6676821629572744,6.261008925904163
288,5.670890774856872,5.350380558643817,5.645664622819163,5.284656525940389,5.388718935021663,5.954284245139947,5.30960814711007
289,5.51468777697351,5.56288694302091,5.131443945261248,4.351707877521011,4.519061965922974,5.795841973773504,4.959970287639258
290,5.746476610745217,4.829287943416571,6.225699938254682,5.179911671334939,6.079825916325041,4.527266277265136,4.643026154511682
291,5.556314063882294,5.4673616898523365,5.369252986970994,4.923611940479033,5.085895765696394,4.876763628103908,4.74653231680487
292,5.887029849033366,4.9416131225888025,6.245267863213209,5.272128512808237,5.718242405173452,5.56577312829781,5.48896228809648
293,5.339365499751431,5.7372475664423925,6.23209582906289,4.677560472055427,5.416054442343566,5.068800542527495,5.328808224189842
294,5.58792431028403,4.425032433669555,4.547168773108919,5.356105727266201,5.4407632586911925,5.227340541280013,5.843817050104153
295,4.6918577058819455,5.129729858151228,4.70514749964837,5.089746744003698,5.887515190736688,4.811666853470229,5.445922722968794
296,5.114590905193575,5.161919611627205,5.722573164362453,5.393078488168739,5.4781573496391625,5.655420776766268,5.927823697977881
297,4.484469272095957,5.638305950962424,5.518343551335822,5.273093158110772,5.605425393088369,5.76315793918898,5.969963427308787
298,5.711926225276951,5.598882979155459,6.1363908829244265,5.679516615088992,5.091636339417978,4.939006445841778,5.507164305143237
299,5.1741092191363895,4.69688921268622,5.503672842841785,6.473870130831348,5.679691550242788,5.701705260480052,5.555378096841012
300,5.837475523310197,4.7752547807591395,6.219169169852431,4.563752921546076,5.256715047327634,4.592026762779047,6.000485704369617
301,6.029118909249572,5.74795669513984,6.218890945299842,4.762680062518587,5.61170752465057,5.666432830746518,5.732891744067261
302,4.803138801640516,5.620074687639049,5.281938807982069,5.95792425056394,5.115384585000379,5.803685915162144,5.902521181625963
303,5.042116897529515,6.262725849546492,5.507580537538254,5.397709287723813,4.783404986170086,5.076051186784913,5.67010963393412
304,5.979587338437309,4.832299888095335,5.08824268569774,4.24862347128899,5.963589188255743,4.924495917260749,5.018444120577173
305,6.099523194802299,4.5528004826746695,4.605424851301336,4.407426999585574,5.9510558056000935,5.6658051773765425,5.527898076172738
306,6.061656159086392,5.80961860092472,6.338945371587611,5.636769104138232,5.55739869393698,5.184650652180914,5.09971972797846
307,6.6467347538208275,5.607047134485786,5.623121943604091,5.1696392966188665,4.821831009629673,5.31685288245555,4.618408181687501
308,6.123280536268207,5.08739461586217,5.6920592453479,4.843946842930384,6.283144005576399,5.380684308391588,5.599833817469363
309,5.149241551971798,5.177927423271561,4.80763232152377,4.5390858148594235,6.136367536004088,4.6538085452373466,5.456002778700732
310,5.049298600426052,4.817908360315319,5.136403842452588,5.754256148968155,5.6555880598775365,6.59967892075284,5.563938014204052
311,4.86658845711962,5.638352731479533,5.295154001800961,4.980203301610575,4.844762292550423,5.452909262936473,4.911831323180167
312,6.304063214637835,5.555385918302138,6.603570777819742,4.633258274093241,5.541951147892168,5.194368282292044,4.944134278158019
313,6.119088613223997,6.015180675446296,6.040375570908579,4.4857084504779134,5.930487092215217,4.9130830653423665,4.317672774982018
314,5.718312526907284,4.722374811549247,6.006343702954573,5.676580720509253,5.902865879304818,4.490645033828434,4.765496641563608
315,5.286194859017876,6.356590189870372,5.655113383572334,5.992270370024938,5.57643259420496,5.239533968248912,4.6916835776010055
316,4.901756967320019,5.110008310432005,5.459469835777263,5.596970494345479,5.153653417586772,5.629985047402673,4.696394361817775
317,4.79435931994939,5.342209600214879,5.527737445891844,5.311471817592245,5.6693267542084556,4.8379038718390595,5.0868012252869415
318,5.968656915822267,5.309402575710348,4.911503013553103,4.8212732070518065,5.707825005165335,4.5620768760358565,5.512323520438031
319,5.925326232872571,6.19392750169047,4.835402033207779,5.388013802528754,4.933881540138003,4.650189794173055,4.878209131850293
320,5.729662836946761,5.073895255260264,5.632148661610556,4.832098520664292,5.3586783546852335,4.656812450033149,5.158618694566662
321,5.937584605713649,6.614177028788843,6.010573963251347,4.824159184735054,5.0950153892022225,4.55028411685175,5.32582012624205
322,5.414620164818487,5.2433327059121515,6.367249299393709,5.125536721977946,5.637095525300185,6.089649255259266,6.661386990574974
323,4.564035859309653,5.284839241288915,5.428767495066036,5.671972753766912,5.606643419394322,4.922315806669937,6.555252912160231
324,5.66885063585374,5.286420241615612,5.465814671805877,5.113781919742362,5.7772779752949415,5.89067121498268,4.723140423514956
325,5.722538900840457,5.700627503051645,5.639825507658823,5.5972014975737725,5.336697937450295,6.002187247049619,4.5952654754764115
326,5.621577632424976,5.279061294675917,5.976241443027127,6.343934406590874,5.4052903597230335,5.339188511262278,5.9198793345138645
327,4.483398421611445,5.9539943158480515,4.666114296598279,5.83454097093451,5.210079143001628,5.167185365059016,5.795864174708647
328,5.961509975446526,4.8316872022032955,5.88183289494855,5.029427082942754,5.359473901254273,4.351129393151489,5.2422535283298455
329,4.88631890943288,4.9309696661269005,5.770620073322547,5.32575548191147,5.070351596796196,4.579264180501729,4.355986083042945
330,5.575810783286792,4.563382270161635,6.051853473578362,5.4390232899782855,5.973541674929438,6.128680841311879,5.039823187735806
331,5.384690673924947,4.560686284275513,5.189943434877581,6.047724984698552,5.603261315675518,6.285877049226268,5.900840986859026
332,5.332301756534662,5.82241577348235,6.492714738260778,4.265444873012589,5.291165630257894,4.982544769942153,5.832016684473205
333,6.2118883978387816,4.995856321588673,6.019496284890539,4.409407566209394,5.473226958772531,5.03590021350528,4.722224359966418
334,4.978802564774304,5.649480084556671,6.098813753926068,5.661195850056459,5.655083419311135,5.134747903930382,4.8564270718661495
335,4.784133842150743,6.529027798584683,5.496115636212203,5.263341361008954,5.502914834540502,4.733006832434273,4.698659261113893
336,5.877925619740694,6.569239956361212,4.493960805528596,5.850546622187425,4.621424296835221,5.433218926971797,6.01211596310522
337,4.973794773310638,5.955411046553495,5.583037827440304,5.686247853089459,4.84904940652996,5.149937661315987,6.068869254860968
338,5.738404119922931,5.32763017162463,5.628784108809117,5.509188328596981,5.519883826085638,4.502938469637407,5.419454495760967
339,5.40803376332656,6.572926956662375,5.522415407579053,5.606365405591841,4.811700496789158,4.667850322222706,5.180381046806165
340,5.306298494979816,4.083145863170118,5.590459723322294,5.8194424709046055,6.061506673245871,6.8543086958328345,5.9624394647767
341,5.608597338724933,4.929965782001802,6.121853796415695,5.712684257229651,6.240752221220127,7.187853930930074,5.888727945935351
342,4.860654354901781,5.49444155380924,5.790572017405776,5.012288602782599,5.55002738001255,5.842606120084285,5.64201171691032
343,5.254082844605606,6.14031618912036,5.470003552476936,5.143314580884217,5.312352490738751,6.015832679978494,4.754283718814047
344,5.616807094316604,5.670706019565531,7.00156574246961,4.964512822429715,5.128603464626916,5.149016537454813,5.4643941801109985
345,4.992322797408743,6.327472325414729,5.511027884199727,4.918444308026482,5.123280723351826,4.774687341513446,6.744188052217208
346,5.418222480707111,5.364939384811124,5.919805293485289,5.209059660575891,5.485174623265834,5.257202366032211,5.096348447896813
347,5.739954186749627,5.815691008543451,5.333925926180315,5.085216771855798,4.392411637171579,5.657486760956445,5.561872105827678
348,4.80891717330919,5.961071434581327,4.743558722624448,5.28527476981907,5.771754415770759,5.327487956058491,4.989659482716506
349,5.20377436259811,6.231616343727567,5.552728249987025,4.396257403192599,5.2053558067458185,6.098171855964129,5.371738325790341
350,5.542733894719245,6.585749942561763,5.437760232135195,5.600717011109822,4.317255823345485,5.335120757668095,5.75177508701563
351,4.486230083297438,5.875507149540629,5.498854477615854,5.775912466249345,5.2503744862609585,5.128399452619012,5.477140702295822
352,5.290741768335895,5.476854012170383,5.335727324062329,4.969566444699244,5.141341191370806,5.1959960953312345,5.074609461786019
353,5.470907182241794,5.017240957737196,6.132686878262973,4.9368430908279155,5.4302562346029,4.764052720061577,4.804580640569171
354,4.5502750661849465,5.025287657205634,4.692137360989634,5.795672247778727,5.775983812286507,5.073507917499506,5.825661229791916
355,4.781294268100606,5.891295250491975,4.727798389211644,5.306448026365414,5.800514366345121,4.862891881404907,6.19385038327074
356,5.318647790832165,5.901404788867423,6.440460259534295,5.666336055696361,5.742785301754077,5.937444403734959,4.834146716328638
357,5.082725636110715,6.133131639661248,5.806347138330783,4.334441295798977,5.29386506555556,5.218718841584414,4.280863029137235
358,6.1225448217559455,5.345572826297044,5.695375958982987,5.649090369784472,5.095929784228563,4.322899162928719,4.423944020570423
359,5.148582278074429,5.461173053977895,6.181570899806378,5.722766091148627,5.037723280910169,4.754319178656226,4.811853583227122
360,6.2876240137195785,5.225532201624935,6.182773322941816,4.722008953209623,4.860359590681409,6.461162291658754,4.6725611749996725
361,6.503715199241067,6.142720867193018,5.53809343781986,5.370714707017085,5.693995084867411,5.877541164301111,4.213880283120146
362,6.089564859594627,4.747346139863885,5.319004101418121,4.499885625506251,5.206996457725487,5.3286062637240175,5.105112142372948
363,5.931118897468482,5.129754906406229,5.924795047968669,5.2192465408209125,4.851260807375647,5.24265973531432,5.056395794381233
364,5.6647296684880555,4.677587859328618,4.84683704302333,4.887710928029645,5.510815265520066,4.103131164210697,5.946781158402293
365,5.213557152285112,4.826028174665218,5.064882378642625,4.362899254774121,4.967680457010408,4.171998063408413,5.934474870792927
366,4.902657475571076,5.525857919239513,5.966992162743225,6.1395664913554215,5.796974033412438,4.740299827263294,5.10377747611271
367,4.188836267100031,5.934495526052055,5.559348668462239,6.348087929148587,4.919240992216435,5.919595188350469,5.389069036448118
368,5.722014828434701,4.422311127835108,5.087855538834015,5.550318769394601,5.514996900218594,5.289171728412007,5.000083136035651
369,6.1568246353290075,5.1724424372077795,5.4525237199277194,4.76016827636679,5.379677597227094,5.21462947042274,5.198663623430588
370,6.0832540808847115,5.601054078949175,5.008598083699441,5.324456079266282,4.520502798687053,6.205284249520123,5.12853654838892
371,5.4515155514485665,5.083379133487685,5.296849008335017,5.17135015404236,4.965450105951962,5.297416030240738,5.441004756986557
372,4.967726273381497,5.381103269283173,5.16981688181107,4.745349889953036,5.498572035340764,5.569621583455807,5.429134145994742
373,5.025031062644405,5.399754014088387,5.272104267084057,4.550595281261534,5.069850852879734,4.296058394302987,5.805352241082661
374,5.030149367053675,6.141832446081107,4.795604907464288,5.740568613715363,5.391849287774808,4.6887305779574255,6.096551816203086
375,5.229382081764346,6.049919573529092,4.540364289747515,5.113799941625635,4.946188884848777,4.710818187897226,5.780027667568572
376,5.153677698687833,5.180925600129484,5.268280972687778,5.104203912218871,5.099850318850162,5.3619890696953,5.6434317169174735
377,4.976065234634408,5.099115726580758,5.887324051179467,5.642582420410634,4.946957804476054,5.305693083045493,5.249281126234192
378,5.584942545625388,5.06414760369387,5.56693025542418,5.532647794883439,5.676349984805468,4.830729123618595,4.572904398508211
379,5.556165534970487,5.47310019061959,6.006643365575117,5.51524140929296,5.538315733415374,4.7776728672188575,4.897624565623397
380,4.918992237093621,4.995531563928354,5.967490468525681,4.746804957410398,6.345623527375824,6.972444535250936,4.9362008992963196
381,4.624562126950702,5.334812601586702,5.710932509773975,5.53276400108642,6.303952482043789,5.696411976331197,5.071508962997323
382,5.733627429168512,4.239578077893245,5.1744719372397805,5.661672185832587,5.497826303321883,6.188863570940821,5.238555666449935
383,5.563676389452117,5.094571185510365,4.792091086069026,5.043759856959724,5.927605586431652,5.570975363449017,5.218569089285416
384,5.214541176466127,5.407387769334128,5.575563713528944,5.79148250998283,5.403797677665232,5.29252711070408,5.015585986835923
385,4.847588497974639,5.401523622164653,4.982573139899328,5.058264296147668,5.622044319242346,5.30967722733818,5.486652883767468
386,5.278499353824524,4.714345355366646,4.641447839138106,5.795251723301827,5.945220376160893,5.2999376927089905,5.829222978286117
387,5.219465457207636,4.418151858373151,4.273482565202607,5.42423395092518,5.372784741220769,4.6255430485333795,5.5152259179431695
388,5.776304340419301,6.052786696350082,4.777459278761011,5.406971728738826,4.724153381114988,5.9329493821411585,5.455222028712374
389,5.524596091056225,5.547581362869713,4.921894685714179,6.148055781503633,4.985259573865731,5.3889451595369975,6.168371149851319
390,5.704729379827231,5.403199776273542,5.528888614191513,6.069294340809034,5.544763369749015,5.927685277770166,5.73235857749985
391,5.756002911264191,5.257982004743928,5.247686453145677,5.423721919827388,5.703925933439913,4.990213877090075,5.686547072707449
392,5.109753705203397,5.268751870344284,5.615701960446417,4.768129242529851,4.76892749715718,5.422122331306701,5.369164713338832
393,4.7120778369644745,5.338201461819255,5.459581461384913,4.705737402975213,5.035461263271753,4.628184947532077,5.23845169766808
394,4.822800654203895,5.666185895522903,5.807523679138927,4.7832040085386405,4.819940835718371,5.879269647707974,5.540594065303209
395,5.052741805174708,5.098232451975847,6.31569971099151,5.578022595257912,5.803595631332918,4.840823395007408,5.900599397045428
396,5.785342594405364,5.53022290863603,6.160110484709654,4.489883702742996,4.8378266456890495,5.290468011556422,5.275259796756917
397,4.890328947653369,5.914169542672435,5.858638293102015,4.326401974052613,5.357764177971072,5.706232963467628,4.772328863783513
398,5.7092327472588975,5.173372610619988,5.84475988800634,4.851020850889725,6.9727948134428175,5.149056774122964,4.404522143219749
399,4.3165069170023544,4.638901848172929,5.200510189135165,4.729663406185868,5.650096003419548,4.720774019707366,5.24162273299368
400,5.4196502355537675,5.256087400550244,4.0260802872654,5.756484177974424,5.53436287709904,6.322557746750959,5.256797790358549
401,5.208826903735928,5.701813232893706,4.69148723270025,4.953610654574389,5.870517857403825,5.488848707701939,6.333914345339863
402,5.0007729787335915,5.265567252703323,6.30588431855029,4.950334359824283,5.23528625346043,6.107851498095665,5.385849635341095
403,4.532240487775719,5.459853315238186,5.252810866876975,5.0455740524491945,4.854881740548496,5.377786546581482,5.114896005024712
404,4.690681740029532,5.457574302215287,6.332302008740869,4.957470922605217,5.2559564970225185,5.390530790248071,4.832588287570038
405,5.205677608469384,5.243150827641426,5.562635807963609,4.657856268617924,5.364585683042728,5.178689745995228,5.127990783745698
406,4.799637418209685,5.26981366596631,5.0286477403507375,5.6151140191544755,5.681305228079112,6.509356485782516,5.289232446852135
407,5.29217557742117,5.215068156708639,4.632427889605525,4.979107814445092,4.9973234405165785,6.803482119774851,5.3006907208971885
408,5.716140607185161,6.033460502064272,6.84972947252767,5.113462860583412,5.749410428909341,4.9065900855972,5.765562908698664
409,5.252621292592747,6.379159294253505,5.486538901820539,5.015518728251421,5.1548553958252485,4.931855796637252,5.404254851959797
410,5.636187717184285,5.088246773939189,4.90598038609603,6.054065018613348,5.560624408186175,5.811069117599509,4.590100497522209
411,5.205468969293526,5.91615976460886,4.547075924664798,5.230034126036046,4.821349551620718,5.502787311370307,4.4900766815170385
412,6.102439794107378,5.860703389860909,5.897764448139435,5.553254770234786,5.356685480317204,5.611862623089512,5.353882745874227
413,5.65928631407374,5.676739339958718,5.0719984392827415,5.905693332404623,5.320877720066395,4.842770491325714,5.192067187047538
414,5.131257540865825,5.660030664279729,5.488632567648661,5.441470741181305,5.486833597524806,5.332274724269927,5.111640764533374
415,4.438674679641606,5.120023231546537,4.592702608542414,4.909670532165272,5.692583886289561,5.273096320180694,5.572682219339227
416,5.381309352065709,6.221046031026484,4.624656829111316,4.8329892698728,5.451691109293423,5.5020707050735185,5.479693680855612
417,4.514428209667128,5.769379522035253,5.498945974975791,5.037598729576063,4.804713948020065,5.4753981319010245,5.119344436322385
418,5.5105822251319365,5.632281927555428,5.431669391916448,5.274437814087487,5.471387619614837,5.240331576109263,5.328163531251775
419,5.365618334742234,5.963738939960529,5.141756206513602,6.133009598957653,5.3769895715787435,5.4761483865970515,5.354221091195738
420,4.443028924303777,5.823533110994628,5.829276508700011,5.010661708095172,5.105794108358547,5.562367715875611,4.960787226107752
421,4.3113984953346,5.312242072789146,5.8703552568187005,5.410097235438602,5.633970324686513,5.112146525472938,4.430039997865971
422,4.276117150500389,5.297153361028971,6.198274023636082,5.7661196547405895,5.567988910154237,5.505285089539796,5.1451373796646545
423,4.288130415802684,5.317477476322368,6.601463991774268,5.6981624091722,5.8881675307520975,4.843197281366089,5.056488147902272
424,5.754817700096255,5.395622802238346,5.564749649639037,6.157516887332325,6.402374460447606,4.577338596920253,5.578321919386301
425,4.962971140579038,6.076316127752332,4.8340966125516704,5.070018429994486,6.159277861418058,4.418910363392954,5.838806063310737
426,5.620070751224851,5.436754607157162,4.856036413907191,4.606909171634217,6.01547755401624,5.903442655586688,4.257385531957363
427,5.418023353666071,5.564370607553563,5.180530828816871,4.684217279067329,5.473912691832765,5.459563267546938,4.74403920671713
428,4.972153432839722,4.900878509783261,5.134285211877708,4.9491175748388825,4.940002651236116,4.767135837411836,4.7598774335810905
429,4.495929801504991,5.316478070941064,5.3279317797603305,5.193529336612416,4.879581946200708,4.0974921062697245,5.212962607292351
430,4.747496622901207,5.224718009762525,5.020380011157255,6.233021702338365,5.886384490356897,4.602677613340468,5.3978372260611405
431,4.923344879655561,5.4580889704568785,4.340871889399802,6.036215622359329,5.047793676051689,4.673752295899454,4.886672596808715
432,4.2934526789571255,4.773622751014554,5.417601129795277,5.414492338592605,6.089825947322884,4.7709444092633,5.4609153372587675
433,4.758172809494813,4.627336780070465,5.18458483333422,5.548864738824637,5.4082690568336895,5.32937539392499,5.4435090404205715
434,5.668733616817403,4.953339865333024,5.402250571006793,4.807939970286831,4.874313120391396,5.386979401623935,5.097017937514765
435,4.612611871555436,5.218704439413005,5.4690009413115535,5.868265098491249,5.508792686888218,5.303348151333892,4.633972418002092
436,4.977728424126409,5.436328846291728,5.246644986812245,5.168960509343128,6.2227132302521655,4.721584758617523,5.511827091710427
437,4.843963889914986,5.453538898776482,4.979366778079276,5.95405291855205,5.300506649636266,3.9734812340502708,4.793279953990172
438,4.324303241374613,4.98694793622236,6.2143022270589,4.779520047343575,4.328204580781383,4.362582476096582,5.330260027091001
439,4.715029057719988,5.0935976381201655,5.337097372559217,5.327405268782174,4.849736638062396,4.374936824929814,5.483817599362539
440,4.431914324939655,5.408088907167579,5.100797738438415,5.920290166788205,5.99059364879551,4.890571186240867,4.4698981275039
441,4.356511571685416,5.52987056152487,5.005274676229011,5.364355915374151,5.876843989905216,4.827401993224574,4.78387050126253
442,5.651775146790863,6.244449164442098,4.907348781500368,5.463815156518225,5.831121028683171,5.749145684055866,5.153578225081998
443,5.455801201288715,6.1814584941016735,5.293584165410919,5.673763202617729,5.469625723474374,5.407163748855273,5.626305487333602
444,4.857207742593005,5.364272641685437,5.691560147794102,4.986763961633071,6.203736801161743,5.207007570128333,4.744030467212861
445,4.918593404567999,4.789083799648497,5.389429720213116,4.6570455245090105,5.496279805177768,5.2970733796813505,5.015909928007902
446,5.0520909419826046,5.183643359063033,6.031876805498362,4.981895361653446,5.531733738822941,5.518958849176463,5.065018755485531
447,5.3381091560493745,5.5173982008922975,4.779750147532651,5.415217669172403,5.243086588454337,5.279017327136136,4.978106231777319
448,4.671063823951999,4.832309377793353,5.3505495709475275,4.506540911814895,5.9109307036775975,5.198736219288197,6.620099913515398
449,5.211084658947155,5.542449056739908,5.022636378573084,4.8287811162424665,5.320174306957905,5.3334960896804535,6.520347342908758
450,5.75732122755569,5.862158954433,5.7431271701900375,6.030503827633539,4.630812614556296,5.359622764852025,5.0915733151141565
451,5.224257523028071,5.836379436317519,4.637964098383147,5.154907487797711,4.850887357797991,5.288274268596221,4.590394735938855
452,4.740693527728441,5.564838687126346,5.347016492987173,4.910606925814299,5.550040684385009,6.692428134299785,4.775979362727805
453,4.626191641264224,5.506198031717452,5.203731118539256,4.750122971001207,5.608321275963807,5.779386456946722,4.7066699483436185
454,4.72847068024755,5.448510822631014,6.208704977926727,5.104859069633957,5.199201815606737,4.8811723221438585,5.12308391897291
455,4.394232652661714,5.740709407503309,5.239893013870811,5.491792008948145,5.947893253410158,4.902597093200668,5.914504240534607
456,4.941878573140138,4.882093569685791,4.595870031424357,4.600388333598256,5.633315859611949,5.725537647798483,4.998352392026681
457,4.432709136298158,5.176472909014985,5.241177355742572,4.728374007974205,5.854160683914073,5.278259799600568,5.987069556178194
458,4.806824219381666,5.514783682010876,5.635578457567549,5.121549991352079,5.549695242566505,5.665941523764245,4.97167541887447
459,4.765248163892722,5.066902125853711,6.237626683374354,4.454566520926704,5.4861114463617335,5.197532487392841,4.019113216034206
460,4.812984902739541,4.920603828686543,5.463882038044469,5.0311978940489315,5.4095668594427915,6.2703569840156295,4.885407979237252
461,4.667118645104997,4.563147641249191,5.194797792071379,4.042290515465259,4.472745289238188,5.303573105111057,4.749988715642429
462,4.8099647878264165,4.8237726391932005,4.857675375589438,5.320711903999858,5.525604344789947,5.780747019784005,4.4810778065321895
463,5.402897429877174,5.212344492393158,4.653260597882012,5.9203631936266685,4.961341306202689,5.658360582917687,4.471924622128938
464,6.135662670053884,5.5505551939063045,5.455323636435755,6.309210638944953,6.277915475138342,5.429268550171994,5.1648250898852845
465,5.651749024689501,5.767312180520957,5.171992656083297,6.851378605038584,6.123819576787758,5.386763953282837,5.7030019341071885
466,4.362607599563092,4.617058502884883,5.5355078260357,4.746163553166164,4.797668438211922,5.812132083209055,5.087917878029905
467,4.211142996244442,4.9967975018268405,6.176332806090491,4.824609359745418,4.947476527807321,5.431034204818402,4.905337359572777
468,5.2092570877516104,4.649327755696611,5.655504099183373,5.252559971325234,4.2731388931012395,4.607115479600606,4.651856525500165
469,4.751379734730303,4.553402432270003,5.418448815548646,4.752292644251579,5.286046425014717,4.489040755589464,4.996867542889151
470,4.756731537788692,6.457933643158212,6.031321477891731,5.006385692224228,5.197084020994028,5.879307591452314,5.088603520356286
471,4.615520421810211,6.492842975809656,5.689790972247679,5.0161736394737035,4.935865634661714,5.754309494978064,5.577178568352912
472,5.34428959986145,4.789432331675067,6.486723860448228,5.347356395537951,5.699297162170352,6.064925511598955,5.468380016354621
473,5.9255327050200925,5.83909513891508,5.702472791145099,5.321188931735684,4.940087026230649,5.6177662297214574,5.443905284721699
474,5.110288281585304,4.798456103836505,5.984508683736373,5.78188763919245,4.997598823640906,5.19849357650321,5.435338665789758
475,5.814534717768535,5.549337606730949,5.493053532549148,5.575913524038098,5.028195716128674,5.434880382362101,4.497195579624189
476,6.071614495898739,5.3092671831582585,5.438269305658059,5.2255280313039085,5.55169204381944,4.593224505389826,5.892582844054375
477,4.8265224331382,5.267453520577074,4.871999970207825,5.217722497695899,5.561588114988155,4.311254319779421,5.276332099679147
478,4.803525196735622,5.549054839924731,5.665649330069142,4.37150823514374,4.770692552212984,6.106303249211721,5.222465829402292
479,4.857140633371307,5.795676654670619,5.646493162791064,4.827124705268614,4.160850000156565,6.037398600545483,4.795283705712446
480,5.6895755743182,5.008367442761211,4.941275290560578,4.866648482599001,4.99849057204709,5.794664645826483,5.221402487303366
481,4.956086189998827,4.586408376635489,4.451411092473164,5.250376912660255,4.568632885088777,5.24546389821181,4.8891235305646905
482,5.773864248525626,5.269504723517338,5.077398639338033,5.0250797843886,6.01489551569298,5.416390832197285,5.640693108436964
483,5.301013137611955,5.739528002821089,5.173963954528682,4.94015825914503,5.163169967243457,5.131050611669509,6.447285059112464
484,6.056136556309752,5.85501682595427,4.98493314026523,4.556571521097988,5.302625293782542,4.889204842061753,5.3788194955904896
485,5.5697359341845125,5.438639513205892,5.3730850188931205,4.96486121300332,5.568384625352299,4.3905340295428505,5.042004703987074
486,6.144848886930383,6.166843977969944,5.809058176153408,4.412056726305736,5.809171914625919,4.889623539825101,4.746775666984237
487,5.440601259468139,5.1510727683956326,5.514501650968004,4.694395171296581,5.369758801513288,4.614391740984763,4.354766768755626
488,4.9613516513947795,5.27019587907039,4.350698679184089,5.9844655517638135,5.218078585579736,6.103185022021361,5.35963768993682
489,5.819296955371148,5.336535451474373,4.548322461138934,6.103984763137206,5.230642327456411,5.146032924911445,4.971912146244649
490,5.195085544079362,4.510837966343579,4.887591789340644,5.503138615817433,5.549048610160251,5.944665091800989,5.6906932025825645
491,5.106685632486579,5.064944225550285,5.033779250488737,5.821073932385087,5.329693801863594,5.6443535952415695,5.129887465096221
492,5.154653344070101,4.91164327401467,5.975689646133466,4.273079649074348,5.609593208974288,5.017331539723697,3.7418832823224926
493,5.6234196146227555,5.585507314101439,5.3689741304341,5.222965267204702,4.977974512957906,4.385901073213352,3.8458662555316185
494,4.577730549403711,5.315368341972046,4.524225639321293,5.662056441144929,4.145204041570669,4.609780132123958,5.68590060676186
495,4.25375341895402,4.3766711584625755,4.557996354737126,5.045969682543812,4.792322714697017,4.305293657964559,6.057407593074107
496,5.8249676602979665,5.06984954079019,5.403860081704546,4.970293780359033,5.317497586568129,5.444479420954374,4.05298168967895
497,5.635495222641472,4.77705178955074,4.797671372506732,4.766322908494478,5.458469429559719,4.681035600630607,3.8877345399164964
498,5.236199059140888,5.712364698860385,5.623008687736568,5.562094749684516,5.052257775197177,6.126388917522948,4.856553306878861
499,5.216555286234993,5.388328254670091,4.670123024058797,4.795879519666574,4.985276920201871,5.034063405082657,4.375236849906169
500,4.440900928219049,5.224684763753066,5.3697442005679195,4.85665461901384,4.920215266203199,4.731209573838503,4.390774138846664
501,4.140945927420265,4.976111559096858,5.651899336703431,4.31756809903771,5.266311012026154,4.674010671327517,4.791409038688545
502,5.459496352448946,5.201061338805884,5.097426661276777,5.294042521082663,4.879256549448631,6.148128443423904,4.834334014543227
503,5.678627007534646,5.835593804431593,4.766758065165054,4.615222845543761,4.637797871640607,5.446620212791107,4.832000676720191
504,5.469311342726996,5.050287239179883,5.580302437836935,5.030902584923853,5.28122246485032,5.766957538175164,4.8703092682454585
505,5.779785130552665,4.864739097890579,5.522024076368118,5.302414015743294,4.938252157284358,5.062696999653185,5.141460723189638
506,5.139214274698689,5.0691596048584735,4.882219878837487,5.133062022558086,5.786057760736664,4.761210477103304,5.059202322749896
507,4.392045315436279,5.367460941153102,4.983092631926405,5.020241044811509,5.420151154164122,4.802211704793875,4.594086289831195
508,3.9652003535757734,5.125366427014262,5.830338779849256,4.831854695813793,5.258630828828435,5.140921346938865,4.887871150862279
509,4.511838101711921,4.710575986610796,5.303210195140388,4.809364020410732,5.07952245292967,4.62810772013534,4.534569851794621
510,5.91113819466016,5.376750068238321,5.922491708216174,5.206969530181003,4.519821174887991,5.370756058167666,4.909549125819371
511,5.6182729295928375,5.954249155785601,5.608776237522747,5.135421737163532,5.213961904421854,4.733574710372243,4.591148579017789
512,5.057410734599777,4.9179895671270675,4.877652125743399,5.431620362472056,5.221935020260046,5.676884194068842,4.552690618188774
513,4.908624839682796,5.743970748099299,4.827148991547387,4.911211423528327,5.07400129492419,5.709328074124538,3.946118233917637
514,5.482232492363215,5.16244567900341,5.267512412704058,5.559751525985804,4.98555398998808,4.509850471549258,5.070537569648996
515,5.922808437117854,5.173828740986849,5.124009268307002,5.719004270336545,5.061445559208713,4.520799852233334,5.599379834509785
516,4.960204930005824,4.913256062704684,5.404132278464703,4.921375955356805,4.49036703116041,4.857319446753293,4.714772043137945
517,4.821480313538779,5.242355145296671,5.595628989455045,4.410350530856068,4.6895740956710235,4.658610082032473,4.709814727443944
518,4.382937275573213,5.119231170562572,5.5334155891889205,5.468232085525747,5.241799652646785,4.868437252726754,4.697437080238748
519,4.744710575299807,5.144833233739254,5.217711573711366,5.261425425719419,5.822363707891013,5.160509821482015,3.9817172670684995
520,5.044352895381108,5.440635567884213,5.5070660103515054,4.433370827602982,4.710330372525202,5.745197275447738,4.983751375667006
521,4.754640789273984,6.154152130897433,5.5544934912171335,5.060201179987438,4.1972973069139465,4.9803310391653515,4.9368801049175834
522,5.055331393739348,5.148584758547541,5.44553722697456,5.328860349713209,5.519314687518251,5.015686027107322,4.356821460215316
523,5.297247163290516,5.10845710449666,5.87750338508661,5.56919853934147,5.270908888509821,4.717599952991407,4.306248129931077
524,5.257021625066944,5.292783305913176,5.754473979373383,4.906483984347797,4.948540559550282,5.085587613900554,4.613491342302135
525,5.0261204919580456,5.0363521051041555,5.402731008928968,4.784914536663739,4.956020786869864,5.6042772487173975,4.978302975342825
526,5.897658258478197,5.25327787816655,5.002494925498552,5.325004240506169,5.387568247495387,5.65826126070067,5.471720521094925
527,5.566451463323284,4.840177539863278,4.6964019417885075,5.219479768769038,5.724975154689536,4.992327042793153,4.8522190615027805
528,5.3030801852834895,4.259373830792595,5.35445371680827,4.751787128148747,5.120259817002695,5.361977520539852,5.4862446865225944
529,4.67189988212917,4.326424304610428,4.639647676756554,4.957363072719611,4.807547799025112,4.8546304826804585,5.477278738865368
530,5.315238022172981,5.907882874390841,6.3328693113082855,4.901189628876659,5.001376939739953,4.875328899307401,5.354770484501095
531,5.8911016573733175,6.558689433404944,5.880005519673395,4.823378072441057,4.810023171619634,4.716381644471268,5.269179227543201
532,4.960085233388723,5.290420174086501,5.270089594691264,5.453250352279274,5.236587372416904,5.409062404564248,5.205699792048234
533,4.955970384455404,5.672293179911337,5.517839147172587,5.771788965688978,5.530105014988396,4.896208431598729,5.230733482106672
534,5.506252807509228,5.309030375132868,4.652906303043618,4.547304317393847,6.117302938262713,5.222307156043784,5.174990847081997
535,5.669234685931419,5.761795790792172,4.670121514591156,4.612136090995305,4.985283045715774,4.805473967018461,5.644914546896652
536,4.446941549161859,5.220724717558089,4.835200538616543,5.158739203005278,4.889412065131172,5.46668313441561,5.684186837029042
537,4.075883773139235,4.619031625336775,5.07164180264361,5.0589591200773985,4.916832457281677,5.167642706082883,5.329172095272039
538,4.536144963035757,5.170183359869724,5.4665047838588245,4.943492473717804,5.144996705547698,4.768558698109836,5.323992731424484
539,4.375976658683255,5.481446614659882,6.0774297257780505,5.143368264604606,4.744392040050742,5.3519264247940965,5.639819263095911
540,5.612404670331482,4.627737032641999,4.946286572447585,5.436743325687226,4.845000072603745,5.997855039884916,5.126353038799343
541,5.023593334089694,4.9544246482903125,4.546102564842422,5.597950995970822,5.4340159169147,5.540723213615094,5.493165145367116
542,5.749406019587673,5.072354583472195,5.06590357698223,5.172235795621638,5.1660566694041,4.41912146889464,5.019096544346377
543,5.305285967820638,4.738710386204805,4.281887113091705,5.4256757868608565,5.402323393034869,5.039504297791328,5.216777774784266
544,5.500838386255368,5.14089520543162,5.541272336915939,4.813389151476219,4.52407022487925,5.132333053193053,4.829789441636521
545,5.625713459442585,5.238013837968602,5.263642782538341,4.980993482439704,3.9833589894225865,4.861020501146624,5.114356471747748
546,4.3492611009397475,4.9151729933284685,4.7972115304551455,4.776179207054391,4.8783349203027075,4.887639889686733,4.635242828691039
547,4.570526729345309,4.8563439080597295,4.677469879685748,4.736672715778799,5.4082343651204985,5.372418978405558,4.669888696561799
548,5.168658088714635,5.401772373979158,5.264116630699218,5.105119793399058,4.758434883507635,4.869642930475578,5.410807741517739
549,4.7634898617158,6.009626538002623,5.707707321784173,5.038255106604923,5.525394954980196,4.8084573607619685,4.898779753244749
550,4.987862188403529,5.177698683834481,5.207900113410024,5.304383218922131,5.380694579189363,5.707129510828924,5.379157987836338
551,5.331352024947881,4.894740582925016,4.700659868443095,5.504325257548996,5.349184544896294,5.273736198069016,5.0219324545736095
552,5.107161405696874,5.049143065988862,4.519441049453649,4.834755975064067,4.812997913027442,4.677755539889174,5.837498514990182
553,5.149686243106846,5.1828777747328925,5.019125537590321,4.513471950340171,4.463414755240213,4.52466981443157,5.875501299954813
554,4.648361956052241,4.600050004036024,5.857251005114405,6.213514656081862,5.046803028600965,5.314240373280321,4.356211483918636
555,4.625655794657294,5.039349313388837,5.490296117027918,5.035967785963802,5.113014514242546,5.200664865942021,4.996646791258959
556,5.446697220075126,5.245867993670282,5.290718110828932,5.015422496780646,5.039907991568027,5.047826961398951,5.198753885805444
557,5.193804128786244,5.904981921212808,5.26710261887949,4.9668349785036625,5.219712994655729,4.900124128358987,4.527181125914254
558,4.8509230738351405,4.675765324877624,5.37325072961869,6.102453668422763,5.293863654234532,5.595598917014874,5.992554442576479
559,4.77550454248572,5.175974343657252,5.447257474324576,4.753970350412629,4.599550475537625,4.9457206815852315,5.993884282392119
560,6.43919310036766,4.999555578404443,5.0209708919105145,5.542131193107135,4.554131498889614,4.472201082017051,5.517108581026345
561,5.984808659976233,5.138342657482945,4.919204291269819,4.657952974655451,5.176424628783245,4.7737524628983214,5.338987716819239
562,5.221536905471763,5.243564390229432,4.814351575233624,4.735729952444188,5.477214481340705,5.486503987584853,5.416330203926569
563,4.821560239852654,4.991081797791719,5.054588660634198,4.480043189779119,5.456414451473878,5.054563590674781,5.295844882020355
564,4.661673947914373,4.888516149341627,5.5038394418813565,5.270192650874906,4.983913907230613,5.195374443446375,5.671327335790551
565,4.5988141932013225,5.6165422860522245,4.835769853663802,5.272812275417817,5.474540324369875,4.268167636821469,6.087458628530447
566,4.614798609460464,5.895048463420014,5.022198970254672,4.943319987278531,5.798384554177866,5.24020186529589,5.393712112038046
567,4.367019784876137,5.505330699428468,4.709966930944543,4.455330929552357,5.296048446419109,5.1430776812051855,5.426954069008499
568,4.442529350751934,4.542765141749786,5.223995146593467,5.640492275407255,4.887542877259878,4.934098473979545,5.076984553725041
569,4.821225799719956,5.151948325095624,5.336163820521744,5.341933638222072,4.799997752311044,4.952047859020586,5.708122429493831
570,5.541536645684467,5.020893688938909,5.4747937533475755,4.873697168172115,5.168467650682027,5.626729828258313,4.959134975938301
571,4.935923143166039,5.5124488153257225,5.0778214908096935,4.9047547547795745,4.783168312205515,5.123766727327066,5.412705111084164
572,5.226432059032611,4.870855893204474,5.858072365367641,5.983990766838333,4.5933797693496174,4.755806362272225,5.2288083710266955
573,5.863202530052404,5.149938560494133,5.099261753319714,6.091666606546554,4.845945162449804,5.177262960619599,5.196251359166299
574,4.720136453813127,5.198605503100488,5.531667415861103,5.263762461791747,4.646984578038074,5.789845296244425,5.146862538839299
575,4.774575754287803,5.7945067637382754,5.80061716135045,4.867830703409335,5.288594276108354,5.146631912428439,5.589935189271627
576,4.330194309425108,5.49638739081351,5.657732810011891,5.992997517799414,5.079759013985948,4.77541860743574,4.666337828462807
577,4.746127114176675,5.124002957248264,5.16884293016888,5.335787475611919,4.9220495119353975,4.80169898558303,4.8210345066361455
578,5.323062679276327,4.632579672277155,5.146123211927129,5.222834940757305,5.084292648329484,5.5144082571939474,5.4236265439158675
579,5.270498387288205,5.007295264526208,4.92229735514172,5.513714696306123,5.263074626150244,5.082784753226283,5.780563873143042
580,4.8455988984743925,5.703050124739905,6.150921085492454,5.644461210761529,5.506536865287916,4.536901630691587,5.622197474816915
581,4.848398858080048,6.096292458327945,5.607846690779664,5.451112073320952,5.342009528768713,4.107820314523943,5.745331882513064
582,5.381927158303638,5.100317382778029,5.241201573751875,5.451498865287839,4.9959919206000984,4.699800210511195,5.7022837024113535
583,5.542039288314756,6.200722363230863,4.7933739422964114,5.801097654630013,5.070729896328414,4.219764376615293,4.775008684767036
584,5.810584660822374,5.094274561273958,5.1038401772532636,4.825463115830741,4.706993093212594,6.038270896388396,5.303959642391848
585,5.485592871988118,5.971677148462189,5.24786806046689,5.107813270960386,5.452521483602835,5.828568909265062,4.938248653211961
586,5.008489901295941,5.1510925082261485,4.975966109738589,4.787942734121842,4.226402429443022,4.124597460443534,5.1795551939825035
587,4.71521405159631,5.202389187039235,4.842652804206448,4.704322863448127,3.927510578223799,4.928422614141734,5.510941367723759
588,5.078847720095721,3.9575419561999197,5.604999659863231,5.054151578271849,5.496810607358957,5.065383603829284,5.739490408853703
589,4.811502444760323,4.557240087738666,5.035752998434777,4.823929111114572,5.703479759845064,4.892496152601501,6.386461377095648
590,5.230694532520575,5.31825115671695,5.861753933378803,4.635558144398956,5.469959281269111,5.8167304690236135,4.607193968291695
591,5.554081676343867,5.491027169326872,5.636056329155561,4.234208285263624,5.583804038439203,5.1160886956262335,3.7962150169306783
592,4.955406316007518,5.307417840187451,4.772591786673054,5.488867975061445,4.46714638545831,5.042412744039345,4.67175502946211
593,4.4511274317532195,5.385779371836569,5.241958088552937,5.304725497849745,4.721940646253138,4.684126201569495,4.062215922397032
594,5.525828497939436,4.608528393935666,5.499974615184894,4.709314105850079,5.287292976785386,4.5691957492261785,4.973658162527217
595,5.429572561969924,5.296649825794391,5.448422041893052,4.393264147812873,5.316986311645812,4.570594826542091,4.96855438224942
596,5.318144140010631,5.1400181829975375,5.527045819276468,4.588194270810461,5.118694390247275,5.272379208625798,5.071049527485581
597,4.911405057986381,5.950078324214918,4.799553225337569,4.822463348849249,4.9415004871857136,5.634604989151653,4.4472992512172045
598,5.329531420603852,6.118743211700457,5.955453258595581,5.4269820502928985,5.324591454676364,5.25562708501066,4.84255839881014
599,4.719768445138351,6.833576475423033,4.984970120585427,6.1515189033116435,5.256532346333138,5.231582519358275,5.752293099191807
600,5.479794018533264,5.066379115490311,4.975851004351336,6.05405002289443,5.116221896147137,6.188090720878615,5.313097399324456
601,4.923526083632864,5.389001819012182,5.014826901693117,5.697458769873553,4.442876518092626,5.731448925555215,5.101488314062152
602,5.959223071874281,4.833497039121985,4.828638747958788,5.697216087602222,4.968582078922214,5.7993787781795785,5.309229172229588
603,5.417589061605727,5.646123925998567,4.523326601105262,5.138292144122209,4.924646390773734,5.48786854152171,5.631478619133673
604,5.553258437302467,5.267480947241818,5.305797690440113,4.711289983541526,4.625618503849444,5.420179928502787,5.437866519618933
605,5.170356122474811,5.628808696052757,5.973887787182767,4.702039694329869,4.489961161912665,4.804350604975963,5.25021395425851
606,5.504846296478389,4.583150557143497,5.1923267372524124,5.241660177486845,5.854962221036767,4.582007116079676,5.053313917747156
607,5.599038377985262,4.303795483706522,5.136193543840364,5.714174337270883,5.926130947416249,4.705871713939193,5.1643799912441715
608,5.348185060551931,4.939772781762664,5.113869600420568,4.990805302440126,5.337714945683497,5.765800912600657,5.869742761126644
609,5.339854552477593,5.778616736492472,4.778707931783143,4.558285243759088,5.112195987987175,4.533646013839313,5.711464054588737
610,4.635972098642457,5.845109914836256,5.281521790038467,5.686375136464358,6.1876682009158,5.895743325889463,5.485387774850733
611,4.247691662740297,5.26349455203742,5.350304906090758,5.572802600269383,6.121778017464904,5.287533275718884,4.888536024792942
612,5.853435101249357,5.012560125875234,5.4426511545422445,5.666521811378889,4.984933058724891,5.443529086182921,5.679788761376235
613,5.089572940429183,5.055617503869967,5.6668423576405385,5.353385241233835,5.054768374341867,5.641898930359843,5.183543713944502
614,4.777303570391753,4.8245182487852665,5.2487836035864195,5.119201174117333,4.094811346799112,4.1414627131736585,5.056303370746509
615,4.524622643965241,5.865874453620424,5.097321934874148,4.802904953932073,4.078160598825369,4.913655956212264,6.042301846446876
616,5.850146524647401,5.347890455999456,5.081239612005747,4.816073244361246,4.391946022803966,5.298961856306011,5.152921982560103
617,5.057803648668373,5.5513981630270886,6.024936944056951,4.6877630040104314,4.310900457316887,4.986049423372548,4.95835431940789
618,5.69870985321608,4.289529808704271,5.245399181708252,4.985540220317647,5.167981260579955,5.529095498858089,4.8662460536333425
619,4.6650162885428115,5.105660252703421,5.155797936476084,4.984551228451586,5.194948919864115,5.575355950967427,4.164932250715188
620,5.337204805081929,4.690126503525605,5.332075385113702,5.302302134895444,4.829787004091267,5.340120883305066,6.734675995087787
621,5.251946540490593,4.603909507918646,5.341005165253067,4.818478836089687,4.475222214564301,5.394910508069042,5.143532443217841
622,4.666753890981403,4.113199014029379,5.61177597509544,5.1879898511873845,5.222626043554055,5.066603078609539,5.35084185581757
623,5.085208359435355,4.8027003747641155,5.219198856784489,5.715836523699067,5.101517663983133,5.44416858137875,5.084732810837138
624,5.3281749659463005,4.713795295418162,5.389811793767387,5.327850754215722,5.7467551699200285,4.6835880123128995,5.012077271714922
625,5.57694049806822,5.810020989150217,5.181467844954433,5.6534080487728,5.539537863490294,4.503271808334451,4.566879466948209
626,5.787318084716733,5.467310134392995,4.929509458390859,4.9507337480198,5.513944424330243,4.932130134646424,5.348189498401096
627,5.873256772675602,5.989441760801864,5.269632883418487,4.509345716817525,5.157430185696138,4.616060416475019,4.983197301569882
628,5.598349375368746,5.299909673816728,5.9149810725784935,5.519100726989775,4.44960767899395,4.5663234108224815,5.320873832082959
629,5.379945786707378,6.049871102926833,5.323645449909474,5.964473994423677,4.532190910599459,4.108718972617182,5.752502132244482
630,5.774046129948707,5.276794698335007,5.544933830029751,5.445031014015914,4.921064408414474,5.321787203959646,4.770233993104064
631,5.286213367117488,5.703000395221482,5.362196604839533,6.222984704412081,4.702971277099316,5.037302174191709,5.372391417883612
632,5.271653873532307,5.3985564474050864,5.797073841057768,5.300450505681591,4.875795990237341,5.170588397649257,5.126509841612529
633,4.554790034043845,5.77957593904235,5.61526248726835,4.976038808198405,5.348202575603412,4.849270984156685,4.975924704544937
634,5.031522749052997,5.428459065564807,5.678786313793925,4.783674356366432,5.20366109962408,6.220665788303281,5.079811650423004
635,5.186870581915155,5.7228285708943485,5.5935514906203805,4.846204509770911,5.370393781723905,5.714142149946817,5.371892557155382
636,5.930368933076564,5.1297373416046215,4.910433514355388,5.047150131844737,5.727297903358544,5.420764071721043,4.966611045856022
637,5.140381468597825,5.505446497918008,4.810479053938135,5.567876798835006,5.258625549382381,4.947643600159287,5.178737008897836
638,4.719217529851622,4.971021751481749,5.165005374698623,4.311222858831872,5.111792004485615,4.448248518256237,4.422260586925455
639,4.74245207933506,4.905475205841026,4.547262589482352,4.221578565349542,5.618924989508984,4.55958231188128,4.198429955932484
640,4.569379840584516,4.95042795265319,5.714089507904863,5.2386404492656276,5.191650113482556,5.296705699425525,5.093163746397422
641,4.986852593092147,5.39229847173789,5.19361394218411,4.385750688796702,4.860563190429604,4.685528866460299,5.262841924687033
642,4.979913124573154,4.5362013623875646,4.251288526907698,5.865861328510386,5.081988506944326,5.539596667858987,5.546992453973829
643,4.933001791663637,4.6267004688087665,4.292288873582363,5.645027742466503,5.040801018936197,5.495559125724212,5.836989600273104
644,5.035672367875022,4.455820030706373,5.420818549199322,4.564774907575069,4.430233956663316,4.955438667711698,5.632747534910113
645,4.366995583379527,5.369153385972243,5.066212968802482,4.225738575936082,4.581608399422626,5.196141954642772,5.228124787447599
646,4.473091797183971,5.418478685528117,4.4508088426065715,5.768178069954817,5.3218264729695886,5.730315964233253,5.716876374530337
647,4.205454876948335,5.55291169706334,4.721594378755523,5.3114432602170005,5.570148066065629,5.630188091216107,4.954120613549031
648,5.5232124489386125,4.814684293203451,5.573030224457712,5.702648832950469,5.827200280817433,6.495046665881345,4.346467763568792
649,4.888253562398808,5.05187409377165,5.22478848436089,5.596863597617362,5.877905877049811,5.246673690159896,3.885624347441989
650,5.709553873933088,5.142924653731275,5.513342779326885,5.245278021869397,5.431899352159184,5.362162192528807,5.101948096998601
651,5.489114509350654,5.792478759149168,5.049016691566869,5.189259356840018,5.2470426359930205,4.303582779053367,5.730214989549037
652,5.2545931044879675,4.495182759369692,5.04339068730292,6.118031052340126,5.0282845468159465,4.858014244352465,5.538741385381864
653,5.0749958472087995,4.875079947426733,5.292277131648986,5.166440202760762,5.41604817088916,4.982602643580867,5.116971067062293
654,5.303311758182247,4.65957245083127,5.832330926297392,4.778035780953063,5.140212216864035,5.5381641460057,5.145799589020744
655,4.614180683714405,5.459265718709238,5.32398320989482,4.310173681857752,5.290171207011637,4.893657404877956,5.222850458941041
656,4.78837431804536,4.77442122092269,5.156246705748354,5.576117284991907,5.27734572882923,5.309731250249233,5.178878176579572
657,5.21543782321882,5.178588775205632,4.920515222568014,5.570361578678285,5.605920641091647,5.131329308634558,4.697718846827357
658,5.979505880663797,4.617529470044641,5.323678031570098,4.388548573577002,5.643615617933036,5.382186533731763,5.267301984869335
659,5.654805086138067,4.238869711092018,5.437742364753786,4.978409754851886,5.204447049362277,4.937186736222228,5.073838919431371
660,4.777653716826137,5.414857210496934,5.2298974348462695,5.460456007268873,5.089698873566195,4.9104489285738255,4.464388334606232
661,4.613358710139971,5.248255444389114,5.633238556424486,5.051756238911543,5.3100240266991605,4.742846504003056,5.0119985086948
662,5.502028492535226,4.686495185151655,5.17403883655127,4.78896285596968,4.918914676151968,5.42957118092582,5.74386384938231
663,5.1124802128602065,4.952340149343534,5.341416339771592,4.495564374236389,4.153653436047945,4.571982776853054,6.044842198176594
664,5.46941491220419,4.56398703821784,5.9882847378225,5.366323459676292,5.030601173757614,5.941743536366873,5.196833894137135
665,5.778936937963296,4.695828704422383,5.410733909758781,5.069296075411582,4.824975206552333,5.761079720841872,5.346645067874215
666,5.569750618575306,4.588467986835429,4.706496819183712,4.796097239954807,4.767180416412944,5.058394249538442,5.1645636374877935
667,4.899761755370249,4.718921828369525,5.212556893662456,5.654214857344412,5.421003773485812,5.263222033230976,4.528123770749833
668,4.8778252056915345,5.070989628466506,4.756693978832002,5.308613222049302,5.0858234466536905,4.905570120608145,5.304080728628194
669,4.503332627504661,4.672313087413428,5.521848353978475,5.436985476277673,4.866485403723207,4.585423661992887,4.411659489841929
670,5.361845588894712,5.677498615154157,5.178927670402872,5.201991327928831,6.022846045405215,5.97660090950234,5.977854266602047
671,5.460977704101769,6.506327177390997,5.147817912344339,4.8259861994539035,5.310494564150739,5.294778653430164,5.242199435614511
672,4.9017032207372875,4.077712076217865,5.503472844710556,4.7271253082977465,5.44240386704016,5.286378127471617,4.669273137486739
673,4.874598202682659,4.795321334257507,5.194091620348834,4.601478884082355,5.651165787527143,5.757820165823922,4.475943102999972
674,5.146558410196078,4.330531643813084,4.786958717005181,4.909136895198108,3.9932318899720314,4.40036500079646,5.266896380069015
675,4.936369095441812,4.744115421050939,4.908655068445675,5.191751208313245,5.193534512067447,3.9965513151732326,4.816779624340873
676,5.094309327133915,5.170256944640802,5.92680184423405,4.9151871968443,5.127640510445528,5.494703168355586,5.2347435834605145
677,5.080109232437858,5.74257119364569,5.569238142443958,5.4977184835853725,5.27817428817375,5.001341739019274,5.09745190435291
678,5.233905744274449,5.685767287705921,5.071454733172634,5.708635735996552,4.598981734039136,5.152484456924341,4.85480281402941
679,4.583881320995588,5.8557632497965395,5.7546219451447405,5.39262308416464,4.874781031344636,5.880901888567632,4.012577873992391
680,5.2178135114111495,5.089752289049349,4.77779720113879,5.475121394049225,4.37782493277814,4.908007499354791,4.816280759221685
681,4.860011075992986,4.966837146242208,4.9525393055449785,5.038310985437574,4.100014376488237,4.822611059509292,4.5275734509472185
682,5.415068574872353,4.54186053360257,4.828747119222716,6.020072534181046,4.9159198617593285,6.182974903873454,5.504114931221679
683,5.179399647908112,5.142993878080959,4.9874172233655845,4.829106663844354,4.715821748132747,5.448963740849199,4.921128022585194
684,4.418412591782225,5.034398065346656,5.315768815018537,5.068292723247266,5.039088860001924,5.574771556117502,5.1391254396810035
685,4.439619860127866,5.20633799423413,5.069857754375952,4.791689529721688,4.46539694279259,5.348660386783392,5.037437533217311
686,4.309861109300714,5.381873471913822,5.295158071342889,5.002358388059153,5.46169235117624,5.098855187198827,4.969902071734302
687,4.560906409414697,5.720145139830338,5.302720297345546,4.4191044321188855,5.195118758038725,5.009076855698508,5.199029470907987
688,5.471175264518171,4.932584742797122,5.8722154702484355,5.063658613132815,5.459851181669482,4.717301670098285,4.495176410607489
689,4.658641000215027,5.236872870641248,5.61724801525122,5.972711908362708,5.6073901254585286,4.414301422857701,4.525975718596203
690,5.416877005464895,5.6199186730956585,5.072095624076978,5.038565426184032,5.533855222171777,5.731054177651967,5.389846724812499
691,5.615491995993458,6.109309555782186,5.0297177004950715,4.909799315471416,4.955432285301711,5.322376603268823,5.69688760911918
692,5.389702708063854,5.062326434886902,5.453399912522141,5.459899960149812,5.598971699063058,4.303818261418846,4.76234665299574
693,5.045172309829672,5.041734017493709,6.050265570088881,5.509626280248572,5.381547674554777,5.134178553861184,3.8907537502507235
694,5.331080119607734,5.13812742234163,5.757515717267261,4.733092351931681,5.3103003860162366,5.8278794143646895,4.718933457951878
695,5.864750847704872,5.229499168237434,5.122442031825011,4.583752444562182,4.742909448121122,5.101841048590465,5.476810974881284
696,5.550402241024329,5.339688450434586,5.568476648974923,4.6000530145938106,5.183631843111234,4.518476546251233,5.150056984220968
697,4.957469074458791,5.35164761643491,5.397003359813138,4.354634974640592,4.987615337693824,4.358431919942966,4.53345256464764
698,4.855708638829477,4.874048949122904,5.757368797582926,5.386215548302067,5.7016284863479285,5.672925973978327,5.185588932379308
699,4.49096365761138,5.13255544221517,5.430053392816519,4.996092729001399,5.15368536511556,5.41355798126409,4.646081767676863
700,5.489065660925887,5.41181506527826,4.793988375774295,4.752911446262722,4.988424883884336,5.149413755415558,4.463485817831195
701,5.068208778511981,5.622025559815566,4.9604937276838585,5.322177481703921,4.663255184079457,4.624541768196874,4.279088844294167
702,4.698467024544151,5.415027686852362,5.855243387222429,4.912789577310455,5.6310599548884515,5.229271076179914,4.868000134628721
703,4.0245683478159,4.759955858494884,5.841737089520047,5.408049141875558,5.4007452474697,5.742775158796969,4.987060788751532
704,5.020302302696853,4.569485394223392,6.009506563034618,4.834698880537035,4.644956345505268,4.778332958930494,5.358788740420529
705,4.989887997137773,5.149312138806979,5.036467259585603,5.032873612837923,4.60451393914393,4.474560023631632,5.316324186397653
706,5.602697379881381,6.092369873527171,5.342228507604584,5.504911520139977,4.793741748746616,5.438344037370099,4.885094482003588
707,5.429315702221775,6.046523097822511,5.253080006699646,5.008224097328918,4.649844736527543,5.055709513216725,5.221971422084406
708,4.735562810370972,4.59167237970517,5.406159537941598,5.458198567564722,5.281781007193484,5.3665678743068455,4.860409656901441
709,5.237788821210562,5.288196830709427,4.6316313527465125,4.490086587531584,5.322002720654627,4.977043260467543,4.882553013754215
710,5.515045441014974,5.017471446587052,5.25416100980208,5.049812814651923,4.2154972769762695,6.658379791331173,4.846808517712965
711,5.08518667698619,5.768958659557605,5.107391783554008,5.281451950149059,4.384150795805283,5.575910791985523,4.945176868534467
712,4.736054936555294,5.172665705920448,5.3921424954721715,5.515385868261831,4.469572689503648,5.277344263146802,4.449698151747859
713,4.7633134193116335,5.080032818004917,5.068340970838237,4.741582382428654,4.944581510768835,4.9564626966474545,4.10883176519519
714,4.953197995091041,4.931707910575678,5.334514696920141,5.114600507241053,5.047106648498984,5.697280518052444,6.161655709690278
715,5.204965873937698,5.658190573070307,4.9019174712764055,5.051934246670415,5.166109301568946,5.3189804758424355,5.289742527958476
716,4.999029952212055,4.311423907353734,5.744411419595649,5.204119663534823,5.1437760156318975,5.127138496647455,4.723705915320687
717,4.901992196332343,5.179135444046121,5.344959635387759,5.563207186170709,4.667701902160166,4.995095918568443,4.286985536121848
718,5.902894981144447,4.795601215111288,5.504905757984201,4.673765717222092,6.063991726127444,4.832668748675453,4.6730744735734735
719,5.084496417141827,5.162499955182879,5.388195701633577,4.597388297260726,6.110065624841369,4.1940230152473355,5.241481733842359
720,5.272193260783552,5.7000170809157025,5.220996560397645,5.685203218010739,5.223135314055076,6.090606869812902,5.2718922116165885
721,4.969144378461011,5.64922704212674,4.940540046587706,5.673509441120633,5.110350584735521,4.560444586733132,4.358318701086735
722,4.6242533190944,5.1913540478336,6.2002571683269005,4.854431092311302,5.356932429226569,5.501624235308689,5.56729961237761
723,5.497536408144003,5.364061507461185,6.139054383575841,5.207726537020484,5.21183074198843,5.158863449867098,5.234689944321627
724,6.021955422549503,5.2553752727586005,4.542302543945549,6.082505262222085,5.475212562062729,5.415561413329344,5.68134551792491
725,4.743310406155464,5.14676952897911,4.358684916553655,5.246836808647557,5.142882573890043,5.01158757005656,6.103220498039803
726,5.582874704222246,5.398770746402412,4.873082315379062,4.411372659971514,4.885627140547959,5.96285477118266,5.62217856887311
727,4.869626693611087,5.393962386455772,5.599883599879367,5.2169575872652,4.8983556836337705,5.35538427492867,5.586682280949357
728,4.510948281370627,4.538777862948229,4.664372121243428,4.7040292959989065,4.4175768593578235,5.514214176905342,5.614258475678766
729,4.416836786178448,5.552787083809731,5.163757355119826,4.801315340254646,4.678128418149017,5.298656782953604,5.578071466818387
730,4.5071960236559825,4.992619028143317,5.782501250626409,5.449697671627707,5.497295441310108,5.105557689077323,5.507992469163725
731,4.639193092005969,5.361315647612044,5.29487371508376,5.612425797439797,5.351328373155187,4.841182718256882,5.520624401859759
732,4.380518857445343,5.4435078630069915,5.625147477525518,5.670549903343261,4.800819127388063,5.866482655916406,5.019983649257191
733,4.411415495562184,5.646158815177943,4.746340863459928,5.776115612370548,4.8924347956131955,5.173296352618898,4.477843824360442
734,6.234453276338957,4.491995190684416,4.779285404745489,4.3831085854644565,4.645559120904673,4.914664006815175,5.513931634124639
735,5.262761660549329,6.0155570426058205,4.91431237746897,4.6880179236221755,4.914680479567804,4.247159698648747,4.828938454674963
736,5.001737341245828,5.142502205956267,5.464630405104464,4.865208331568224,5.184876906762206,4.738376974199933,4.927006726389801
737,5.253736004714367,4.8422166055160565,4.936883029612599,5.492935920831336,4.70543511813136,4.32747104978463,4.708629938505482
738,5.17534141650225,5.401430335664777,5.110446771939016,5.495814532524812,5.416665234827007,4.304763519803755,5.122846679098091
739,5.308203973069729,5.79349239121635,5.543105587984349,5.834698696134039,5.1067326427575885,4.224753470629739,4.6291703223077505
740,5.397629280077913,5.0821369367851865,5.390645421548956,5.109160873395929,5.011606531170924,5.154740595941654,4.508392783083614
741,5.232761015881382,5.628786974749821,5.738005650298307,4.4722872702890815,5.1138621922613074,4.686852400771289,4.5215402269341896
742,5.412278669652898,5.288220258151476,5.018344410840366,4.73846729233997,4.58668902463611,5.581349232964078,5.472825404994972
743,5.124226872677652,5.119330814308109,4.796218911300324,4.893409322516483,4.639014568303044,5.417560610206891,5.56482921770955
744,4.457875521935112,4.998791950393756,5.2210275494348775,5.148035893472548,5.015645636753229,4.840728347186648,5.467874364583453
745,5.0878478098490705,4.702288558154981,4.981859816935491,4.667643085265666,4.748246162750827,5.069204654750746,5.723889254643089
746,5.958824871983038,5.571402727032067,6.0687936031916365,5.131867434202962,4.814209237962226,5.586917837506541,4.698525197773029
747,4.98217491904025,5.8414637809596215,5.3250298393636735,5.516317816771675,5.068650184644523,4.72730929112483,4.671958043710427
748,5.334700886921532,5.115331697352175,5.306403081413665,4.973877180720041,5.182741445161701,4.292092707871221,5.3004019221965075
749,4.786398159852831,4.911548570343417,5.109668640445849,4.30201696685387,5.137444296721609,4.336558080282346,5.261246586408573
750,5.230907307838365,4.433100524759874,6.225021362627976,5.1148538229181,5.511782344775739,5.833013961999056,5.465593552143742
751,5.36042821080398,5.71681209710963,5.914523280313964,4.54790407473281,5.210665583727301,4.565744153791067,5.132967146224298
752,5.344941070147277,5.011729705079584,5.0877247116663,4.849615282068073,4.875016969154827,5.522522207579237,4.206485728042975
753,6.0611721389782955,5.329145946902757,5.4155196059258595,5.392193908252912,5.117646059450597,4.709197345191249,4.41019397283376
754,5.469312563810644,4.923555262810349,5.362923176788028,5.525739215155252,4.5150513279176865,5.155438355828483,4.842778476094231
755,5.703417415391046,5.36769514763746,5.522260186810966,4.976231295498789,4.706852690356738,5.247493170063959,4.484804182918559
756,4.975908816447329,4.755106377800515,5.590905008191504,5.708508114852175,4.861195371789911,5.645313592410931,4.993952127082363
757,5.369699968964665,4.743119539683746,5.816368968314718,4.468582258694766,5.196491225090466,4.743479336725858,5.120119244406858
758,5.295611207171771,4.9977080427708005,5.753804510124928,4.94503201762052,4.9733207967513975,5.000708400644257,4.994781193833478
759,5.581414348301208,5.875006939634208,5.6684610732352185,4.452047646745309,4.64373950006526,5.179152816675903,4.801913816628519
760,4.4524201891277215,5.0762236471803845,4.83624539301554,5.269963223067823,5.428215452454111,5.572586575735134,5.531933483360008
761,3.976189016158198,5.183841844314574,5.115893449895449,5.299370779381953,5.166409115819828,4.795461295415186,5.588338895974634
762,4.771327900529166,4.975802563013388,5.272115058156916,4.82869291673031,5.027447055015578,5.5013517971615915,5.527416554380846
763,4.433785915199903,5.801410786081656,5.59822872208423,4.4324343533708035,5.142233558242179,5.050169441402799,4.990643496120117
764,5.472661998569004,4.36684937495689,5.513959034677113,5.464626631304417,5.036404698181836,4.504114849704558,5.401606544751677
765,4.634916384985034,5.200394802149263,4.758611150291904,5.966614640610766,5.359827921646483,5.052725205857104,5.554708731855533
766,5.915890420434285,4.976832416783942,5.398587772978511,4.693055980075909,4.463788869042374,5.96005024148123,5.390720908535747
767,5.440387683241341,5.6503816910830595,5.57861859413489,5.048149449237797,4.411337398413266,5.425373141609748,5.409077420831082
768,5.030605947485312,4.327848846168363,5.5714136507447,6.123310583059645,4.96969411040841,5.052883932909978,5.063620599291924
769,4.826034215326036,4.987887757219744,4.906277316836951,5.156729100615175,5.087319476494048,4.540554323300624,5.2772003519623025
770,6.009352259555076,4.134533697779414,5.709268970350331,5.653758663455679,5.023121087380451,5.0413680071247144,4.943308361063318
771,5.159542846914958,4.608603357256631,4.917131948088576,5.152069392488485,5.118474936521151,4.507961014774559,4.466600795448224
772,5.258819667217075,5.326068956833603,5.36981526388547,5.788451057285237,4.966852255641366,5.135688107850164,6.159693659005978
773,5.161298018306255,5.8450033063610585,5.375221729819677,4.9366670244092585,4.868982211989495,4.253725583933168,5.703504256532807
774,4.53220143799376,5.430926792666098,5.446957015358812,5.246146388113223,5.327982123872272,5.167321093811061,5.400056339223269
775,4.264537704401019,5.456528024473442,6.023043487332014,4.977159224434739,5.170169821691814,4.946578799742171,5.872296696929175
776,4.5771911578224165,5.063090450635499,5.67064080755472,4.589762148163668,4.959241567222137,5.571882675394255,5.863254055929005
777,4.884178051992917,5.418731488470468,6.035948508391497,5.225813593811504,5.111313801312861,4.73477670939931,5.227600648991356
778,5.2735435115701765,5.84291321063206,5.306522408994694,4.4633269404178035,4.257547397466421,5.009683365025929,5.815287152506786
779,5.642597561521419,5.906803360086274,5.005847072469238,4.753915054842306,5.209103285027953,4.780309883737593,5.633048569822323
780,4.706358653016539,5.446660505238993,4.849010924352546,4.875604125727493,4.679843947622031,5.264213373606048,5.125031192685405
781,5.13619011488697,4.970400170708101,4.469018635195574,4.910727912294894,4.338861155901915,3.9182776715156225,4.412500842170276
782,4.5602470287602435,5.048138956693602,4.9352744098438075,5.555303558020422,5.166922667785068,4.505235283122201,4.02566362444387
783,3.9551376998040206,5.492959383468619,5.609737095352083,4.641571388949082,5.362691199186036,4.513012112742476,4.9976307252556404
784,4.906351027504636,5.200312000084167,4.894406163272599,5.369493333981155,4.145182071678538,4.490347074472771,5.480175673543651
785,5.007467169345393,5.525847267158556,5.0043962926138095,4.295510454734011,4.452253657900085,4.5041593906102335,5.14204883968343
786,5.743747342925334,4.996153836843248,5.289310910037866,5.295241498960168,4.861657134592748,4.972579358260423,4.540669849583204
787,4.745203307281423,5.624325206251488,5.329162424602261,4.671534827558113,4.953144883018567,4.626452913843689,4.761473339667558
788,5.358541220703149,4.734548460004079,5.726641708648989,4.955444755072927,5.751018375256466,5.137555958942946,4.928594046831475
789,4.115348522009537,5.5230696698262065,5.797129264380735,5.139889968332536,5.521913930388051,4.462564294113997,5.631212402003448
790,5.104688634967671,5.016683266616634,4.90490292931669,5.651312757929531,5.5858655926886795,5.602765202116986,5.782951567606285
791,5.202355064867051,5.436113171290399,5.266669612063326,5.515151767656845,5.083746804425856,5.1290361473339665,4.90132807738707
792,5.377196064771071,5.521715975125512,4.842550305620337,5.872275129733149,5.215263540013093,4.5101828680975595,5.466790096188125
793,5.2123218107885085,5.403058333276898,4.940426509613302,5.691996414843978,5.321315578904327,4.802047408831979,5.572957067853388
794,5.334115270428572,4.50577705377147,5.200246081463306,5.163216746146468,4.57434864505157,5.562673106432094,4.71325944419886
795,5.2367267433012445,5.046887368693913,5.761517769922355,4.792409129917488,4.799825884952667,4.947107927018558,4.909963526826066
796,5.2572056286465605,4.247979835955103,5.725898918712154,4.6405670060880375,5.094535132825873,5.754317461826425,5.437729502741152
797,4.760464280770644,4.975434889375258,5.725801082403508,4.021597198409356,5.130315713793669,4.877095151231606,4.747209039941955
798,5.7429289041765355,4.579374300191884,4.603352778509357,5.00080510573582,4.567624007531994,4.209756012053725,5.439321511368204
799,5.198101943739571,5.656003605024617,4.561290041051793,4.986796926332534,5.144898971556692,4.145522526919,5.763119946764681
800,5.2268272113741805,5.3220365653991735,4.994090458270958,4.440987823424733,5.288101556250229,5.479838394779674,5.448953097160624
801,4.691903514131557,5.798279312845285,5.3015168719743,5.055733761511905,5.15555319476077,5.434403403104738,5.371157492201514
802,5.392413298311115,4.3776616525729635,5.737215774250732,3.8687045438527465,5.287251570760225,5.366750355901029,5.542332607046571
803,4.691738345542465,4.259464259195247,4.850615024615687,4.456666624614428,5.376949462696909,5.334520415805451,4.700717222817351
804,5.1177376809854564,4.404895637579701,4.994622661598855,5.486780541779847,4.839713334677276,4.473711530117103,4.9953860266646295
805,5.575976572898849,5.378411439583073,4.934548880152492,4.9235509758179745,5.221775311680807,4.351809950282186,4.743517848011484
806,4.97137674909961,5.59786249644467,5.411499686815862,5.312911236199944,4.844739402283095,4.864823539069284,4.646040883752087
807,5.197393744831772,5.706545917884799,5.614768832199844,5.477450522873927,4.522415820839528,4.514730051191258,4.15814663448968
808,5.2999769364087195,5.1911874813579475,4.632719319164028,5.441067591898158,5.950439918995012,5.539464707562974,5.1416704231051495
809,4.840588244161858,5.032434521716524,4.534717596411054,5.63822816568299,5.183696256565837,5.069254115712282,4.652590272147575
810,5.239039939052895,4.699242579903019,4.885641386810783,4.430798183784874,5.378745489086747,4.583294327309074,4.972104711998429
811,4.810820595952928,4.393073131549987,4.8370050947154075,4.939989197078481,5.664670270299418,4.17093868785651,4.619510550971112
812,4.809878070753094,4.458804752028029,5.63288971718807,4.700330133198331,4.572078989705995,5.09717379081768,4.650736896051468
813,4.652156525236917,5.016273633354301,4.811841963231621,4.175440625926398,4.418577594533022,4.964994459088264,5.033695761446913
814,4.870796347281356,5.264864120197053,4.930716655410611,5.223497375322444,5.685125625338874,5.170990968466763,5.200660259016743
815,4.545634817190745,5.0709721370978915,4.972239461350461,4.818052984078888,5.224199168122877,4.127001204269013,5.4981276260889365
816,4.300672958602482,4.833638273721751,5.906234076579985,4.648755579123143,4.713636220607158,5.367657473205103,4.728946784364614
817,3.907730882523334,5.697139435444737,5.576957284372822,4.744648078700658,5.039042338426497,4.3005831671944215,4.7160741628224345
818,5.305525518344537,5.371273911932691,4.976463950403214,5.360868042401324,4.9114967024271925,4.940110964183948,4.916286247898507
819,5.108151831979686,5.060311972290146,5.068760962978974,4.581019499786426,5.637541358139369,3.8459290144552707,5.070359929799626
820,5.720057403628463,4.13846268569297,4.750069979386715,5.865594542602153,4.854599322952469,6.240795102109336,5.060204737754192
821,5.05687291304093,5.678536807623099,4.796745312379546,5.744499538782841,5.469472596336918,5.185820746081251,5.441473080276147
822,4.351534234959746,4.816486705415653,5.004250984723625,5.211862695793236,4.799537988410984,5.1110359992592125,4.948814571298312
823,4.895507973621318,4.612250415382328,4.647218590780166,5.243452349288591,4.733783250195428,4.7036037562095965,5.374167084405746
824,5.746595790681448,5.1687039302423505,4.970022348841293,5.435449566036074,5.214199787725216,5.704244787140175,4.711887360120364
825,4.826310382182653,5.621225606720558,5.412234862084114,5.1764710977081805,5.282672710517784,5.493369183790189,4.889612237032874
826,4.754526077280644,4.742848482746189,4.79562066194067,5.256338082993941,4.679738279512692,5.228945594663824,5.013792369106968
827,4.611871350355198,5.435569066713107,4.67437626623464,4.3794237803596765,4.672986334743511,5.366728335625757,4.907259390062017
828,5.2179399783369655,4.745354623915567,5.441612198133748,4.983082274498667,4.95312643715316,4.557664475373193,4.780730502425568
829,4.743914943916771,4.968399014844479,5.54259796145039,5.932298730336718,4.954575226387545,4.500698729284847,5.37569612741194
830,5.1368462438301945,4.230061090630629,5.299284430872059,5.306517221303635,5.230955985656813,5.675116117135269,5.3304994891299255
831,4.870804278086023,4.553247788485128,5.018530044877408,5.088899672624349,5.250452357102351,5.018457539011985,4.784184130361988
832,5.455051608021247,4.76897012398146,4.105908356328215,5.09308858383358,4.786506028268621,5.124190280244362,5.1083703490628105
833,4.632358562775379,5.083592498478246,4.60191466849032,4.950662994073779,5.137709204961922,4.488157090397874,5.190375421415389
834,5.557390203790252,6.5674734688164085,5.236985864635279,4.843279668350529,4.851028597296065,4.417639231004382,4.952010217284272
835,5.7144061822687675,6.185827331073131,5.293097204846076,5.109055528563071,4.313594160831739,4.72608956177726,4.078492450744689
836,3.933611768153739,4.63417234995771,5.679075896264761,5.3764975715904715,4.817871325032041,5.015515049641188,4.935335485106566
837,4.028550576882581,5.304558389118379,4.886598100781525,4.575377008119159,4.253380502375025,4.9421381440095224,5.184518603237583
838,5.653605800766341,3.987727762681186,5.435497994455373,4.953131411519297,5.106710707697095,5.085873515892173,5.001537175555895
839,5.173012250352909,4.475083983918494,4.632701686244255,4.616865558016582,5.8472836114124975,5.36873230698671,4.6962218614882065
840,5.334467909712177,4.8099005195079565,5.922834405113323,4.670023436047965,5.373980159636327,5.407669568852537,5.230135699403867
841,4.973574997758025,5.737688300782009,5.644464328147875,4.613687561954723,5.267272284053587,5.482059320207768,4.91313566599594
842,5.140841171067758,4.737389590576222,5.885723223633508,5.0202781203071325,4.7203930211634475,5.333555610566282,5.03565212100528
843,4.708885845553639,5.281825201565676,5.692094200356416,4.771146489894259,5.772145212262459,4.687678082212583,5.015894353969974
844,5.380201036082481,4.720707003328335,5.114104052604839,5.190798194239047,5.456259904527483,4.94129927633779,4.789565271687667
845,5.377528118538923,5.122414234125162,5.586079402823268,4.640022091852506,4.820567674102858,4.403862530525066,4.804209234765716
846,5.139937383781414,4.931208709016866,5.014535010213778,5.505926514952206,4.339543491644719,5.106728236643399,5.45636627626022
847,4.728583603589422,5.959891235765359,4.441813265137857,5.439059538322995,4.959457830542902,5.254366083008271,4.808469405231368
848,4.8003526716551566,4.668452194623916,5.393566957573937,5.490901894094784,5.073908586335707,4.555373837251317,5.5550674820181625
849,5.211302354363929,5.57039982293328,5.659468195831007,5.418199522986111,4.746932185147981,4.220068166938382,5.335291749169328
850,4.733844636402847,5.203553327966538,5.310520714708502,5.246332884739168,4.585321684925933,5.470328471431568,4.5922598280200475
851,4.664978908044775,5.757450140668168,5.624668452872817,5.074281897718455,4.651165020929326,4.893087045456354,4.514345291192855
852,4.59546024533937,5.038277482683482,4.7241388429940105,5.372060340679198,5.321763058505067,5.572515366002253,5.219596343500197
853,4.359733377520829,5.305765099365248,4.676096335892568,5.096014275039775,5.790118457091607,5.294107836130158,5.086531873193592
854,5.114950514129622,4.874155764967795,5.610597255879369,5.157730348428907,4.68354015555829,4.725334238620448,5.093470285636492
855,4.824715634917016,5.588661048936155,5.27963451294823,5.0102196377966255,4.437717242849878,4.534142700928265,4.738720172716586
856,5.147153516181503,5.199511694585671,5.7726578805433775,5.799143853238108,5.588813661201171,5.084239224732022,5.217471414485606
857,5.032336652041955,5.378984113095403,5.255364160277919,5.036841037990027,5.0511918538834495,4.8698983838813845,5.162044473063415
858,5.013765048488179,4.497151677997141,5.006690489216399,5.160150103012273,5.272957571470807,5.162050395026526,6.2640187126325735
859,4.590280842328335,4.416897003946607,4.880603635045338,5.070155314307833,4.412697710047997,5.708092408563021,5.920032538552338
860,4.733812783396348,5.354087925043098,5.462245039308437,5.909909048786744,4.98766964469335,5.40069072705012,4.966580931203881
861,4.540120502336908,5.01925852362629,5.349606592525676,5.990271785482278,5.235260784807875,4.531612364140754,4.646300281446592
862,5.361832942563573,4.694879087319332,4.8354252729491485,4.685451744447167,4.703097823173566,5.380531411407369,4.44432899202853
863,5.678783026457641,5.052428941298087,4.888565793549527,4.864152023191956,4.655798919108413,4.792439000376744,4.769960017801034
864,4.646960909005749,5.2598863874347686,5.256311076945377,5.405656687051415,5.659265340737329,5.123672585851754,5.18812719815019
865,4.500250132619317,5.227368154075083,5.099741584436243,4.881029050545459,5.424658487072684,4.967490722403379,4.71161077359536
866,4.884194068804162,5.551189436097724,5.413859695442076,4.7419937884243035,4.744359643849087,4.5484268003007235,4.938714182143115
867,4.951894677457824,5.397347505679827,5.734188661692009,4.639514357674368,4.720916754484544,5.2867471247012885,4.877908038612965
868,4.472511618073022,5.4008147424818365,5.317858244620159,5.316206481961296,5.035329214781591,4.971791083110179,4.914599892655233
869,4.4997097260924255,5.814391706926324,5.146419893791361,4.7854293255952385,5.391725872023337,5.4832108428481146,5.130599312114385
870,6.265726062873503,5.1631957564263535,4.745731283636133,4.766002153499249,4.792351208224841,4.480494803642895,4.746501464707153
871,5.494453456312773,4.808730351435002,4.512774463710507,5.205800596720048,5.549554035032699,4.351831592341801,4.769461114969678
872,4.961449034911766,4.511392818528363,5.321987959128432,6.166937420698214,4.423089377044443,5.024782203876162,4.760160803655267
873,4.769504704212856,4.968648215594724,5.879907241347823,5.325039715015506,4.187663747793654,4.384199986641118,4.375882190650814
874,5.136996619702485,5.250115855255646,5.774560405591857,5.487223275383243,5.037454997427665,5.5233693274695455,4.867966250010169
875,4.653678025006008,5.528068417845688,5.158558688535066,4.833354717483339,4.455504922185197,5.331889285763453,4.8196891921847484
876,4.689790665526193,4.448647505467543,4.942619554395798,5.243922386116684,4.758726528900779,5.540379444094186,4.880691770461082
877,4.552994512195496,4.7828446055541285,4.572059076776799,5.185921264229818,4.828018849275734,4.167616441083992,5.0712886175836545
878,5.226047335149823,5.308264657166606,5.116291371313651,5.137994243447308,4.805673255467725,5.44222238083268,4.566299509021314
879,4.698550079825454,5.194986137889163,4.76955123127306,4.83137663229005,4.576335533971974,5.354168811694568,4.812525277294401
880,4.706059767981126,4.347842048669469,4.807873654389696,5.191082892368832,4.611038398574876,5.318230173580375,4.540312431654153
881,5.2284395824909975,4.9246417467145145,5.555544017810407,5.0882012295521015,5.138018908198024,5.259022603015675,5.131120352551378
882,5.671318167850319,4.992298984141179,4.672526584680289,4.646856217304046,4.7737490807071445,5.152804634918082,5.384080284672451
883,5.407574883948867,4.793503585442661,5.054362847366611,4.5336227014563075,5.494977292972661,4.3684038230006434,5.081370461851747
884,5.603990243436118,4.729706680753302,6.056429002132796,5.247005613528699,4.3168225683387105,5.318157909909172,5.256376477739802
885,5.229823867748087,5.3572819869558375,5.306118363859805,5.816758182559749,4.512603181326279,5.320327878870277,5.127822845203442
886,5.18832802686801,5.435675370968574,4.261392991932932,5.063179487921219,5.116882679686839,5.7365461936751965,4.8296147838462895
887,4.359658165381666,5.418521463839627,4.545219833426295,5.18461671005312,5.4878975639361025,4.862410289136348,4.166184883008653
888,4.930077889648499,5.304281490840166,5.370764712483932,4.826068963987215,4.594332101644497,5.506602500132142,5.747863033967035
889,5.046402490573781,4.6985105590879686,5.35818604877571,4.753297038054395,4.738326035137877,4.445399114952258,6.377365650121478
890,4.989105253968192,4.69257850755711,5.734432040507594,5.389159215434067,5.146769345188204,5.648686214343741,5.130890841022722
891,3.849473496025158,5.599739798871857,5.817354383771475,4.886383659494122,5.38898349897577,5.389853820987417,5.62156584711667
892,5.6004825901763455,5.600007648663567,6.116941944455453,5.308579431086155,4.786637128822708,4.966502523718931,5.314241773681782
893,5.642566634004806,5.243441922570313,6.239894347981007,4.67665654767441,5.391491201285549,4.5625556474958175,5.024647199206249
894,4.780014231909952,5.179187379081609,4.43911420109078,6.292114093024889,4.492900392133139,4.9556560694534815,4.299699736426682
895,4.15545948927599,5.7544457104454585,4.172383694219233,6.091946560406341,5.0616296469971465,4.762522772060814,4.8551978251149945
896,5.435964284668296,4.725704191807906,5.843583012526216,5.817840714936913,5.687288091786606,4.217475101847886,4.996883209079358
897,4.725862836965679,5.520285049129663,5.427991867190033,5.606268908389581,5.2794724536512545,4.510991100694642,3.917622262436562
898,4.74168633343265,5.100291138792934,4.587704535557165,5.016926680985449,4.753182557717116,4.922148621040679,4.455426205209764
899,4.840470155549066,5.344573969359032,4.908693433316268,4.229597016444239,4.557402669220081,4.8140805381826395,3.2100056611599164
900,4.726888343134675,4.638595125289319,5.156607128906955,4.417776840905721,5.217547557638485,5.405230507060512,5.160049802645052
901,5.00194164971541,4.5701224820308886,5.105308266513638,4.890063473922259,5.605366024849249,4.93238076089183,4.796501317352018
902,5.834908157225645,4.934634115758915,4.936354581501076,5.172475772689251,5.460678288601859,5.402715163386925,5.346876183026872
903,4.762949737090142,4.952784444607667,5.103327913829458,5.280071496126304,5.136466944919178,5.588519565274877,4.963741984147967
904,4.7506672375972885,5.33216409844244,5.206443146561075,4.994237500578416,4.767847812646177,4.973902002656582,5.270107039367487
905,4.615410445850843,5.650589090949749,5.244270671257967,4.762896116671272,5.031480826087101,4.797375719974784,5.289881877086084
906,4.918411920286519,5.5388689016846815,5.12646071510777,5.920453182329678,5.121296139079866,4.780886172554915,4.006295339594967
907,4.466605600460284,6.078993006652512,4.482928973249734,5.787642064587013,5.176609974463286,4.683483280956964,4.839326585451029
908,5.017429126782633,4.743299991978647,5.318176510834416,5.0614570504816,6.049706386418522,5.461912991712141,4.807574103115817
909,4.747095245167016,5.1976807934578275,5.058755870271767,4.589451889977629,5.435220223241848,4.9229913836372425,4.890474190668895
910,5.459025366609278,5.123093889128589,4.675204104026506,4.657814352497892,5.958313142485725,4.510850851214853,4.999093842066621
911,4.769811359402235,5.206196317660898,4.768700856458445,5.547518237104658,5.528311063432145,4.322158040194842,4.07210806113865
912,4.945580408789918,4.809954311166626,5.691415945794539,5.335903147086599,5.429509442822959,5.555234153990612,4.423884392078497
913,5.153505659845126,4.539090102483493,5.215814231314281,4.672199905557532,4.711229301391623,5.122916168082713,3.9623410579110403
914,5.172758504145379,5.635573055100855,5.197471166519233,4.6258665609666005,4.892311177528053,5.302206234228793,4.846187311221832
915,4.547771746176998,5.409651445870011,5.18106665654862,5.19417194853035,4.607939520406205,4.52910522445951,4.5248788658212575
916,4.569246587832049,5.006792916241275,5.403393828278644,5.154911638885282,4.922237274147986,5.109487112507395,5.254994199557261
917,4.5239596661842505,5.339066038810105,4.56655833936694,5.23422971581376,5.165168648469015,4.982662163973915,5.153947883772203
918,4.88144519799002,5.099872672116566,5.256929514026014,4.531748766973545,4.510838197782188,4.737300809202955,5.276051376000774
919,4.883789223327044,5.057890054144106,5.529632174856695,4.744061018768246,4.696823950834269,4.759791413446537,5.135226694155608
920,4.941993547420026,5.13999912509183,4.8413005213482325,4.858890948520743,5.302001829966444,5.731490716954369,5.326836639770005
921,4.367430508966484,5.373055971573577,4.52598166446557,4.728124848090645,5.045307571986303,4.901627171729775,4.557610794817966
922,5.53025519651033,5.822371860231561,5.31050511995186,4.9337250413203115,5.613220928542554,4.8398062665454,5.472188202681882
923,4.581583971152979,5.331857752234357,5.1065835381755855,4.961671711985606,5.014032694499664,5.075657000236243,5.226369029588359
924,5.193927945809469,5.426237143954786,5.529006985268906,5.520790612015299,5.180307669676059,5.3863909069293845,5.018906771766913
925,5.395073098419055,5.264958277804526,4.713761451318469,5.294594333097599,4.688872471166546,4.669205147969369,4.880250992447207
926,5.0146134045884345,4.739657403173504,5.357195037946538,4.75571735896833,5.49425862999068,4.773069695232658,5.241196210494294
927,5.191035474807349,5.548050539495914,5.652800345544236,5.456337304621838,5.664534482370377,4.717576385212275,4.203823175438913
928,5.23751758471802,5.0264730011536205,4.461044790654895,5.363742420452809,4.67575069672044,5.185942789936243,4.52738075226557
929,4.98270227145461,4.789820622363073,4.64091580259203,4.70427749159421,4.796072267818752,5.050801475411083,4.167469503597436
930,5.351424719738006,5.419415465927125,5.071117114706076,5.924427036522019,4.492478448005145,5.134418700963692,5.321826405330984
931,4.398844551105055,5.6775887087040555,5.363738011021549,5.439886058743092,4.351660946950586,4.568769864160068,5.277324359575764
932,4.866656377963937,5.381433237189099,5.61994870492678,5.10449795401154,4.361458924816792,4.82532195692871,4.993685175744426
933,5.88981772647479,4.726404922105246,5.201657264717484,5.221126431193521,5.01836315198314,5.032071053998629,4.671149931158016
934,5.14062205379678,5.251350162729085,4.435401299632072,5.1589685913545535,4.871413707965831,5.592378461338108,5.186296473916982
935,5.230947348195347,5.303804730616021,4.45064629919224,5.444099450531141,5.476214686567349,6.222177189174034,5.797460210740037
936,5.193185994460608,4.088527053869557,5.45095903273878,5.2924972648864,5.056660130615472,4.796268317721215,5.382418525027093
937,5.383028378336913,4.831160284869668,5.479014136731516,5.790290241038675,4.906922814041516,3.9092138810081103,4.855579341795446
938,5.8667884860270965,4.862834666248876,5.76324083909026,5.197007278314467,4.759334611143498,4.84107993133379,5.195088666448953
939,4.289090176162038,4.807756090202909,5.460356435783911,4.882300070711178,4.773762147926213,4.700195793629583,4.96827199770299
940,4.48143241257728,4.872720365435415,5.301107240925433,5.6937886942166065,5.3626170322326585,4.848209244865314,4.654803699565221
941,4.349245911838213,5.604622199097886,5.24741872654401,5.180439222338956,5.130631634250752,4.5841383021510165,4.398977892273956
942,4.883245719657143,4.894759423009083,4.808381561910389,4.621206277327148,4.639911557262718,6.280790799559841,5.272128011978069
943,4.63577822667959,5.404707681061322,4.640024531886255,4.483232300612933,4.8486945815151605,5.26618026464534,4.229563941191937
944,6.153531679654187,4.988492194476659,5.226691945881593,5.17303386488451,5.207251032938062,4.949962631732938,4.77264493304239
945,5.238736460695782,5.6131127259924405,5.16017360409599,4.409022491747934,5.264026163728858,4.953082183583132,5.227669801342236
946,4.9140084054790565,5.3051600716036935,5.123571638150512,5.21913685646899,4.833651776014807,4.944832931904094,4.454404607158212
947,4.807268026537001,4.660406646187155,5.184051172102206,4.85889583516216,5.077144307713729,4.799143134715353,4.94289092158803
948,5.206681242873795,4.419933704208137,5.633513856740762,5.137178696118863,4.647694937710105,5.744912071286951,5.203640183822179
949,5.432060008349999,5.01891228804991,5.559807379741875,5.568407810260258,5.154185626673367,4.884723003500702,5.110739716007388
950,4.409224927477977,4.329572114694039,4.37061257628135,4.737908830747567,4.877473725533763,5.336727973507571,4.9639471142315355
951,4.471030703942124,4.726946352884758,4.93054055475731,4.71096014416886,4.766825565510501,4.738200059053926,4.385100505374599
952,4.487769642477916,5.402384455718052,5.3298977295477,4.481622885546178,4.223793367463961,5.233599550829748,4.856710556616941
953,4.1696809608905685,4.868689974411616,5.7660533279880815,3.7877549727836484,4.353676448323783,4.252122752491148,5.642141137564755
954,4.573082682963718,5.156810984323482,5.1743966406103175,5.546507468414292,5.262969077661716,4.535716701573042,4.213952744071205
955,4.667660805035605,5.095660763628647,5.389956936130369,5.693609933408639,4.749580555265426,4.974343528632409,3.879461658294332
956,4.739422161259509,6.458356033509331,6.253276302916947,4.917226906780187,4.628864173412242,5.855057101754577,4.562558107600403
957,4.816515344474738,5.5002817580286,5.345760099409476,5.2731859908199015,4.667831447724772,5.302521747977289,4.461697822595788
958,5.1945685572535965,5.602359268256564,4.966749710573933,5.54608767962798,4.121582181072631,5.934338722616295,4.665385107657183
959,5.0000184019079885,5.3149844139959495,4.9276585974361,5.603639322517343,4.482718231884537,5.288432670718044,4.406844875225421
960,5.3775026234727115,5.046977018725153,5.799227902923674,5.031123012307564,5.043116963034152,5.6134138402159515,4.5434787947467195
961,4.826025812424565,4.63729663234645,5.983502462439446,5.110949345228222,5.279854921020516,5.131371979978546,4.867473959196864
962,4.541074250659259,5.137393581551096,6.484937207068594,5.486413795775608,4.927872902474612,4.690422982352194,4.747056778429627
963,4.410324088290292,5.021053020307211,5.978111977437758,4.910189117176223,5.5206053133244195,4.193866779733127,4.513873156991315
964,5.049931323869226,5.445143397788719,5.165012246467186,4.431662312238337,5.349723173701471,5.650537827835723,5.05293252228008
965,4.896128782834728,4.923590629575226,4.882865839520522,4.0906982163406465,5.323458473851854,5.140448440477763,4.567961866078257
966,5.324597911905982,5.307022746661256,5.680417565291812,4.598594480678337,4.954092290639586,4.776040512135468,4.882440925194827
967,5.293782368137678,5.698612321718045,4.802575528334375,4.444411701436931,4.622771185722491,4.586621815976686,4.305634256453875
968,5.384430087240191,5.254317602458364,6.111741332257814,4.607322922008175,4.362838736662177,4.9237377166447525,4.811648050301977
969,4.745929832807038,5.603463061655071,5.540306400001225,4.623278489792418,4.488652293667941,4.981805431941921,5.197633119735047
970,4.945724726361548,5.224120860716787,5.085570697033201,5.888873881966046,5.346293882228527,5.295567294979538,5.078318463921287
971,5.025947629716979,5.684706750496414,5.157475382835552,4.7354888614006425,5.376188018287113,5.0019657338927095,5.0249452700247055
972,5.268833972197412,4.863413004206303,5.259373290881849,5.617429743594171,5.005161364807588,5.232858731031156,5.308013925347872
973,5.416448684671892,4.523354703846498,5.243793801076886,5.672266224121343,5.04223355010865,4.6721665678234645,5.782284764632289
974,4.863467892121864,5.192203315031472,5.32996551609685,5.922384664658436,5.648121142820153,5.156259002273711,4.9679346884236795
975,4.658312215043099,5.536268001027471,5.469587598327591,5.37090980108752,5.413190247032341,4.38048005682367,5.081265468514159
976,5.511905314389659,4.562598218228515,5.437232940747761,4.70923397329611,5.835449065096883,5.926167076452256,5.456357671379027
977,5.085388024136397,4.93772870421158,4.923398508935354,4.691045091514824,5.693155062118949,4.602141566528769,4.955237505397462
978,5.1122217957828795,5.278321762521669,5.8682420648086575,5.500100127898526,4.937795909576105,5.2216221845043265,4.148903647957487
979,5.191085964515547,5.536472268264381,5.3147964496178925,4.227167310367367,4.3676156466390985,4.753573926998804,4.037730190726692
980,4.554869900555437,4.706343720411128,5.766341290050395,5.121736942120273,5.304247853717332,4.939377341310845,5.465197678846442
981,4.889739781780942,4.896147668793416,5.556760658868029,5.039035522901591,4.265338532215306,5.171468856747161,5.09238595128805
982,5.031164719044691,5.099453254832117,5.588966853212181,4.478829088567078,5.494430320432535,4.39635636165243,5.894964374743625
983,4.945855544307225,4.756940910438818,5.440516980164217,4.836513210759643,5.324011630338504,4.093559335001115,5.938559722211711
984,5.225263195066131,4.9565548423189805,5.13586231756467,4.715463083931174,5.010052895358954,5.151996808069054,5.174503788656027
985,4.891277913649111,4.629949983580813,5.135705582799512,4.963814877490472,4.842781305899259,4.739161654999308,3.956108667917704
986,4.9129824978689065,5.501621550863802,5.44947640624924,4.327354927954501,4.909139953162418,4.867604242428116,4.625476367512517
987,4.4344215911526055,5.476587249513455,4.665020287074198,4.460263707458022,4.329726583068015,4.6585442444972855,4.980464063981121
988,4.9443599339650905,5.7948585052876656,5.4651783636478575,5.178532570185742,4.554082345883362,5.141788906449078,5.000954072845778
989,5.025618734136382,5.36909100646505,5.107717430965646,5.022460483689309,4.796225757182544,5.171640007958241,4.884758777445062
990,4.9344736201656225,4.770437071550768,4.698274140874486,5.144336167693752,4.130080216415953,5.433659181933069,5.451406781805106
991,3.975171668038991,5.4522932899455006,4.273675526649707,4.730468566397299,4.838167234561972,4.701733323010496,4.448103952591647
992,4.998823003664358,5.146339394743427,4.858531981959786,5.528210695354704,4.7844309727589005,5.396353334802593,4.4630751904064185
993,4.907944330047482,6.127758913295749,4.228927612855265,5.124250439387073,4.6062227991770985,4.561651758381123,4.157231114875002
994,4.8362508514413465,4.9634257646740725,4.662842781624747,4.835807030527195,4.629701210402525,5.601727337341959,4.909762177403924
995,4.707589583371853,5.3627729261455865,4.964792348306998,5.183401754244746,4.751367546987428,5.219166984758837,4.980610459288489
996,4.791871544970916,3.9775125890602467,5.031307158652154,4.570716454314501,5.188204448284952,4.150149144788255,5.366345049631928
997,4.296613412336719,4.2800306773061925,5.0996884450997175,4.38166015204494,5.210223225244001,4.296547018514269,5.281176855475577
998,4.9814892925344925,5.883928364462611,5.471037619765981,4.889395904949635,4.986442021168859,5.591864675823752,5.1343505343196085
999,4.136935854737619,5.304745762320912,5.05991683411319,4.871928542282759,5.385243137302585,4.9844000461076226,4.811399342980514
1000,4.36275523706801,5.901298434173071,5.397866302027694,4.9630458200323275,5.5759527036593735,4.3500440254435055,5.56719868250172
1001,4.120786450172874,5.416338477035612,5.435757277661443,4.719916003212634,5.690069589106079,4.937143639346242,4.2997524952916395
1002,5.398876421198368,4.901060262948694,4.630107359764771,5.310331938803667,5.652445858854571,5.750032518700114,5.7244953018721825
1003,5.413570074521971,4.810406942496044,4.467190226446809,5.345917748829628,4.853877476218243,4.620740960542872,5.497308638929995
1004,4.8375878105426215,3.9753062798494487,5.415908826453261,4.862390800976415,4.430560650803254,5.392255871557426,5.314041686112423
1005,4.758429511206229,4.44905163382432,5.785518621922916,5.370613841639615,4.494380485402268,4.8042704747302425,5.116523659269966
1006,4.731162614982865,5.637784689706344,5.174456804226365,5.033750046130757,4.538807808125014,4.780586870167136,4.732435461357027
1007,4.903754828581233,5.286916267994654,4.937972118947666,4.862742654183541,5.136428736824676,4.586330081051265,4.939802804640326
1008,5.441431817528467,5.537523591788955,5.089708893147799,5.0120016926992825,5.117722922931735,5.130304446048353,4.997425681784934
1009,4.929688022747847,4.757782431568964,4.818575819609895,4.743374445194747,4.755590836593392,4.856204669466452,5.17786361194425
1010,5.090950253978937,4.574357858456087,5.899546329764388,5.3053510773632855,4.6777596867011315,5.665166524927923,4.6953826757872985
1011,5.533792916272341,4.983709093857688,5.22843199819735,5.319856574213943,5.254061388127032,5.763765099571957,4.51498842200364
1012,5.01069136113947,5.415001205369777,5.145721398494184,5.843136971305152,4.7643785608222,5.847824009821166,5.407828805198315
1013,4.740663902325429,4.903996995233794,5.77043864165258,5.5537166153829425,4.572125139168812,4.80066994555121,5.315136016124975
1014,5.080378191187916,4.60530965862598,4.740804350503391,4.338149338644572,4.664210063492401,5.4810839406375225,4.785160202228938
1015,4.805150700832864,5.075882288304712,4.041319913992485,4.9143919290005575,4.690300758829412,5.1904917865582965,5.088637192834504
1016,5.089496692356118,4.768406915481646,5.197403880388348,5.086158279215544,4.380127061648659,5.705069350204086,5.615579417299418
1017,5.125510623417733,5.24050105988332,4.969534630700171,4.392021931449568,4.34230739628543,4.549817849152105,5.23730974332151
1018,4.771433033678492,5.446889206378495,5.756566111657547,4.999422781124091,4.4913002651816845,5.446654154737842,4.949079810951775
1019,4.5651605542170515,4.971837959608849,4.976070134632371,5.760028399366781,4.802753886259327,4.944150208801305,5.218887600999647
1020,4.875580448424672,5.567697541030485,5.771290213965042,5.377689771659286,6.04620949011123,5.1604189441139034,4.408774885135113
1021,4.748071504773477,5.368679184866651,5.7430872634859025,5.991411781937332,5.463777156180997,4.983502597528912,4.988501712651611
1022,4.126686475521077,5.746240108426414,5.098194022273832,4.869202544213979,5.831648814134472,4.680549893581107,4.598381522201275
1023,4.762797454904087,5.03935199589725,5.098895258746394,5.287463546632625,5.674377622381721,4.492321501971475,4.7450870726553065
1024,5.37020618030766,4.2774309177870125,5.1724172168750036,4.781874875425377,4.619216456107747,4.880485534604959,5.126170876873993
1025,4.989844610313005,5.091954402377269,4.687210219204887,4.406379761980817,5.297720245377364,4.343877518560753,5.9342465959894035
1026,5.543336608678168,4.616080936644657,4.789801043719202,4.868603632114548,5.009572186774098,4.9450090050531905,6.125812149637034
1027,5.470264802103598,4.940373199541281,4.594909868531206,5.507572209832931,5.411369585291889,4.652836065118205,6.194916980162953
1028,5.513463701976821,4.826983115403323,5.6505651021666665,4.972306959269457,5.294558256872186,4.76461537694825,4.992625893589889
1029,5.767695521167044,5.265275110303118,5.485757976168103,4.990493960730723,5.298525335492193,4.662905149697686,4.853572014435099
1030,5.719298216746475,4.270596706116586,5.233346672919368,5.060165470304053,4.933681797532146,5.5660420699195186,4.870918169277484
1031,4.716498270610947,4.312392958674569,5.422378464563349,5.590496445232416,5.605415034023454,4.765645734817039,4.742354807543231
1032,5.358401477108549,5.265056285288407,4.828922008675662,4.801435202616037,5.840129251114039,5.751607147062242,4.926860618713816
1033,5.123916966364185,5.4584163308671165,4.514085761929393,4.569232963014276,5.101407585001676,4.814586745585822,4.862579923253727
1034,4.868544621480488,4.881573997346191,5.160162424155509,5.180479217366557,4.645362521110771,4.971789331678364,5.671290157320986
1035,5.0322929404898,4.5087692515727795,4.7396066968321815,5.481160371808465,5.229007820543815,5.130395690977546,5.62380050460394
1036,5.18917462758645,4.825970983332782,5.209043700735306,5.693517052863537,5.425074012837485,4.970869915357482,4.965280628137129
1037,4.637057104592239,4.549176736968374,5.000940654831506,4.680136025322888,5.217001028663472,5.239063012679365,4.750641801695447
1038,5.034232680718591,4.18210074070988,4.868325782921652,4.906219448552208,5.304849024383693,5.346351509422585,4.34211634999488
1039,4.671384319313075,5.06268652690567,5.121435600695657,4.561402599083469,5.149987322522416,4.267140294869141,4.9375734788792265
1040,5.217893343195146,4.790904065236812,4.401594474254676,5.7423078560510215,4.669413550334308,5.39022731408109,4.532882884134328
1041,5.105481559911948,4.912309084392017,4.417728536002652,4.65790970366056,4.942160785570897,4.606691182918114,5.193315058317608
1042,5.330545124838857,4.664017457405165,5.617522858377524,4.808211593679754,4.95095339933005,4.773851592226247,5.483212250150973
1043,5.1375979040152036,5.138571355610739,5.696025978948063,4.56675383480483,4.834643351467853,4.279322933098457,5.289288396178518
1044,4.419220019882703,5.1039434320999675,5.582274656315987,5.532463747028271,4.748781076772355,5.549225782693582,5.088085254491867
1045,4.512333500157627,5.2160721920063855,5.154674758419608,5.0747612058109866,4.318548171510272,5.056706421387976,4.938943346314993
1046,4.673923002454555,5.0323088238467415,5.767888513306318,4.822299329730479,5.445165926011478,4.697613289211337,4.878961472422817
1047,4.344569129777665,4.900397698288954,4.724182779581997,5.160808186072044,4.830514362141291,5.4706996312904606,5.214882146425915
1048,4.979583261714508,5.130051372160112,5.836507611979107,4.9330808382623905,5.330155034400298,5.38802116051477,4.223324425942698
1049,4.588401955721519,5.366667290787073,4.913721684865891,5.119930224094978,4.461630223438568,4.947083632961364,4.119785004573793
1050,5.3381522500853285,5.939571414280682,5.362469524266967,5.462187015911995,4.624745512101085,5.299623485081711,5.342922979861503
1051,5.5795024978778365,5.357803690237807,5.4336577446697385,5.055780999155532,5.134214808649448,5.413501645237432,5.101451824000726
1052,5.228296758768753,4.158320769360121,5.549645502695854,5.726608809935878,4.5170833680665865,5.58709340900946,4.940115544495345
1053,4.486313800813718,5.110415955672516,5.239928910255191,5.465851939874748,4.442483630715017,4.760821104360333,4.671309931231836
1054,5.223125823449972,4.646713353460414,4.344994906389898,4.779708091945502,5.310299500128657,5.483483811126952,4.563851132215004
1055,4.564597029069376,5.207752614287011,5.119731754169798,5.086837073119681,4.732756563416962,4.989073830471623,5.091322070924961
1056,4.821858276228672,4.516254335212896,5.73010194178522,4.5441703853804585,4.602784171594836,4.66188064315948,4.889590146458236
1057,4.771768851251493,5.093908838348476,4.7961098734464,4.137415789288837,5.051514172098319,4.529668048338715,4.219150376295765
1058,4.883059948192162,5.18770471633181,5.190987397527805,4.775118021324449,5.965518150915292,4.811182617105163,5.254604328885002
1059,4.887898503893416,4.854736714309781,5.690215174822746,4.920217249960866,5.0326211484495555,5.105601775772993,4.86735544000388
1060,5.084861411345481,4.209568196018351,4.78621217238297,5.1754235945351645,4.832516313398922,5.528158364784358,5.697845274442849
1061,4.489777763407013,4.405836223372908,5.348610720070179,5.4094725268719435,4.404051123855717,5.0609810947279925,5.048120799266297
1062,4.560853592920077,4.734316904412978,4.706125581592421,5.226194426684365,5.481010207936547,5.342303929702943,4.707637843138406
1063,4.59743808434085,4.6312041914409745,5.300073467795794,4.7512385386346825,4.921145523376615,4.973456164588843,4.356844289143247
1064,4.7621926481461,4.455803672080615,6.451960252343893,4.611399255115908,4.897204330009948,5.234846320984617,4.767103733138558
1065,4.93106761419795,4.560654308186241,5.583350965365379,4.57047056342341,4.794224843519701,4.768921693843618,5.4790987959380475
1066,5.043825199816124,4.758741691654508,5.991497445944182,4.471810909125257,4.9949160869644755,5.150207196248681,5.776557350949256
1067,5.185862606724143,4.939318099673951,5.5440093021561605,4.343013878381111,5.2187229279985345,4.770153334935641,5.541780350105779
1068,6.158174147619647,5.366207669770981,4.108531215415076,5.323085728580199,5.020397379425816,5.1387692352568735,5.230709941800671
1069,5.188326467371121,5.275641292414617,4.2674632862395,5.511355785624486,5.365043085375077,4.756523733071021,4.762698764601018
1070,4.959142395403487,5.02226791338993,5.371613947514574,4.990487124923461,4.66917035512985,4.543548098272909,4.561911726613013
1071,4.7802407326138,5.282865863529831,5.314659098929313,5.420398353174093,5.241833087637155,4.72176675715255,4.12290326608744
1072,5.13480919589143,5.710770016037013,5.2906784791607375,4.736736907541217,4.84201938901405,5.2801817164179665,5.465654765997258
1073,5.506827134762661,5.66252337127148,6.523200542861605,4.806845942835564,4.809868658142108,4.707687756803239,4.786038050444543
1074,5.451654103806236,5.220288860834046,4.611882600250889,4.776652249145539,5.70059444636187,5.126261805560845,5.041484561805598
1075,5.171046289957159,5.319043641672888,4.771070512874165,4.967577518303416,5.479018226833782,4.796238614311551,4.69097430413026
1076,5.643369965988705,4.9787304791374005,4.60709391978466,6.135363374312091,5.220676931420519,5.207031638749545,4.250500188160301
1077,5.452492028361306,5.587741680763567,4.641007606528535,4.44894140681982,5.654357401218417,4.415371637232059,4.655149288295614
1078,4.983914346622411,4.869401935658615,6.017576522809738,4.525158921871212,5.057486699543705,5.604502802655817,4.78664476939407
1079,4.438133966661871,4.722251152421258,5.673067649467711,4.932889421176667,4.9004512533051185,4.901433441147354,4.191220126624944
1080,5.562020639360188,3.934704702071461,5.314891028694947,5.465578453608528,5.753804110720304,5.369479235971039,5.343120953487871
1081,4.88670245657509,4.659552848535178,5.09547508375507,4.901994588591404,5.6648595031955535,4.7344753664474135,4.7123414883338075
1082,4.992592989476922,4.900239672920489,5.173334618231539,5.387537122502351,4.642381607187663,5.2629986220388885,5.415376065352132
1083,5.210288141795982,5.045612354845392,5.826707802434009,4.924482609961549,4.652785871902866,4.746768565647245,4.6626271219478115
1084,5.0187071495650155,5.2181682181806845,5.671709740631257,5.080840817402787,4.673407472710344,5.072659958799358,4.6963187386303336
1085,4.620713495883034,4.925550881094925,5.512792388386651,5.210138829338392,4.92805712528316,4.65453911305674,5.0590405060094366
1086,5.0540536805114495,5.341146961080915,5.053160549575516,5.303261060952108,5.251356450331874,5.817904010154452,4.927236492290593
1087,5.617377913242869,5.7139258920790175,4.872671341646902,4.86826410642126,5.069218978018978,5.4942342578971015,5.177305275283739
1088,4.777472475539733,4.827683745957287,5.088961412974156,5.441872926744436,4.921845421536528,3.940062581881816,5.104492848529848
1089,4.472917971599016,5.56792882636997,5.403284720390162,5.218999267789904,4.945578167400369,3.907155241977991,4.401392490941298
1090,4.753719625851597,4.983486707343488,4.647137318022387,5.604674925558763,5.409859690381591,4.888380562983252,4.925711839644525
1091,4.985804553142275,4.859846451755009,5.024601612094062,5.376038197438259,4.516554795681752,4.986049679735039,5.665909670421891
1092,5.175594977191907,5.229175960280026,4.979437805788926,4.551611000423998,4.429418197156526,5.66576745914353,4.558912005416992
1093,5.305126827018148,5.113732897604488,4.689949144922324,4.77934055663602,4.6983965433331365,5.421385720903572,4.916763779438758
1094,5.0813885556234775,5.630406708537378,5.312850319009851,5.351184060163172,5.0173085281040235,5.20289954390521,5.007824770939654
1095,4.672110499316749,5.663663705403686,5.3101737281686425,4.782850634008676,5.418909501678845,4.46639992164982,4.603174715433037
1096,5.3033906353482445,4.578543022528845,5.437548043035295,4.932572068391806,4.583356394023392,4.742384892851259,5.033745646683349
1097,5.058027111633034,4.410185039840252,5.370038950527007,5.439883214902784,5.07179363706774,4.555393907037602,5.252382709150871
1098,4.905869321218156,5.285671236447745,4.620242780507912,4.765858866882906,5.189938018747342,4.942489063197826,4.896261430552361
1099,4.995684666359496,5.129356666854294,4.713171704761402,5.3654213184590045,4.975388629435961,4.236802099483491,4.2907568670954594
1100,5.21222674528746,4.7839693006783435,4.4307921934553764,5.054997151784927,4.259991809209933,5.059147409968927,4.852251221906131
1101,4.795147869697696,4.781958207840795,4.27219160972409,4.512359727062109,4.301261571346142,5.1023398593164355,5.0164883034520225
1102,4.90353012257444,5.081219375382147,4.690112058005444,5.055522808315093,4.947623085537358,5.108503977671269,5.490528996774954
1103,5.032347991406649,5.246026219483297,4.468518879621791,5.066997145611077,4.113195688097308,5.301299300820276,5.500385693397054
1104,4.773035566294734,5.53372073698932,4.9282918954495525,4.6610527073693415,5.009192722235465,4.462751485895235,4.558766094292484
1105,4.491385539111216,5.0853206794794374,4.675280963315722,4.646537328760357,4.616499101661132,4.332880374752457,4.790056663101515
1106,5.20531585035608,4.352700904667638,5.127613539774289,5.460415211894589,4.479473278223332,4.849119292348231,5.6920026420033265
1107,4.867800266518445,4.886922408568094,5.2475351021399455,5.41493265308832,4.369689858719792,4.7562920294955155,5.366306875842761
1108,5.170625085569257,4.408998718777943,5.231980010690634,5.916672616283035,5.611327945452297,4.575910222619395,4.9275578936798095
1109,5.013940635352319,4.687207902034403,5.051350469906132,5.537826950676418,5.168883007489946,4.515496403750734,4.877128248252837
1110,5.177878258007696,4.716431190042313,4.782465182529894,5.430554849065368,5.2411220466414274,5.809814608306333,5.675243657385189
1111,5.005003425168759,4.697689460214767,5.414601255862477,6.024258465833819,5.8066999800221994,5.323497677440987,4.617959909907891
1112,5.036244155511536,4.540898008840228,5.693029106356403,5.707233651284994,5.414726029376468,5.1646061789729805,5.709957021297085
1113,4.3595960831322085,4.672173034834233,5.610886559840218,5.47823461241844,5.311605869870431,5.057184806869648,5.895791406416796
1114,5.352500703573096,4.594494828027559,4.96701362683174,5.313224713174097,5.176438613393774,5.057744695563448,4.509115236037771
1115,4.911143191184585,5.4792088260904555,5.555916760947284,5.818753978456625,5.012846805818326,4.832121283731382,4.192387766618079
1116,5.763791137895809,4.9344077111320015,4.601466066060215,4.8681882071462885,4.3760464559643335,4.723914225538552,5.028037289054768
1117,5.314259799468069,5.491798460719961,4.321223270866045,4.154961180784112,5.052648230618463,4.3617568887676805,4.818509171512077
1118,5.781741098405318,5.163532805088518,5.111745633808949,4.523054355983883,4.873358428849791,5.168208673069811,5.056077490885167
1119,5.180847388930855,5.075311773174789,4.572032766423931,4.980156636186259,4.8728006558704,4.666939627548429,4.789571043567629
1120,5.10078591343457,5.253732734463613,5.219851274991761,5.359758332812234,5.760593936593448,5.120379184483447,5.019030363061744
1121,5.101817481628636,4.826092125433546,5.246839411517374,4.821735169673316,5.466258266902997,5.012580599632974,5.018996312190248
1122,4.733105571887213,3.922987838895409,5.29619397727013,4.740751770320268,4.775239226707457,4.9505706421336315,4.778635047572364
1123,4.739127252872583,5.011770574490154,5.302786340747944,4.082188326382631,5.12879729359344,4.276321418907848,4.728240238639082
1124,5.577999723759357,4.5149527259446804,5.112475990857698,4.860709480455601,5.727189140585472,4.924087675329746,5.452390699817065
1125,5.3406181511139295,4.58681181970566,5.381990868615937,5.267978060175593,5.382904691099564,5.027030793589084,4.897042056381328
1126,4.549364306237401,5.227154673317213,5.23050947697753,4.93324115738202,5.04299385869373,4.9738483228285455,5.52794780655185
1127,4.6776145848201685,5.476328794409948,4.908270099577033,4.46703046822523,5.029787046004864,4.7790443844617485,4.998948863425814
1128,4.572930199114401,4.749817984449018,4.565703550142064,5.4847733630938755,5.447776325132114,5.120510268044673,4.609858860401979
1129,4.267099793401,5.73385219763043,5.010091457444159,5.242605547229936,4.7406310807243095,4.53218507466041,5.2604929325195835
1130,5.221293871634297,5.020805094114907,5.151112818252976,5.27061387114436,5.068325926405632,4.949681863764889,5.544127462346922
1131,4.9372566087589576,5.015268114567106,5.134082324452312,4.324165390103989,5.127772047898203,4.487320930444308,4.933204411996336
1132,5.407132243638454,4.913756400742993,5.000434397899828,4.898098664991872,5.483458296114091,4.989132711174532,4.924813289652295
1133,5.788389789567321,5.286202944661258,5.306161173364477,5.045994598877978,4.768272246206149,4.822092234379496,4.481994220827909
1134,5.270228072911695,5.049258640937645,5.661220839316671,5.2589034528600065,4.239693652052699,5.58205063782776,4.860051545772552
1135,4.834205090920462,4.696755226321933,5.143118489058762,4.946553875738601,4.501711718172853,5.442428906911908,3.973816013701252
1136,5.015000000125679,5.375286907240869,5.828781977452422,5.348700855128472,4.755258094153252,5.186908377743457,5.287162200551081
1137,4.990369352194881,5.549369634971835,5.465832358075856,5.109958703454269,4.702474573632509,5.453261521675125,4.898527281785898
1138,4.378726701104708,5.447157006101489,4.777302871464,4.698724591447135,3.8547647883035943,5.083343680207566,4.7601056108870194
1139,4.416309356965289,5.324543526211849,5.006287760147357,6.012937374183092,4.26484092345761,5.2418515415494475,5.568018703048869
1140,4.604900865702538,4.712420595985432,5.746860942831771,4.103913979990768,5.031385519605479,5.6968404714731005,4.937239692635709
1141,4.845496318407655,4.989291946115631,5.693923841951502,3.707363687529943,5.119419786049813,5.591371438921682,4.792731959661008
1142,5.785840926671226,5.088746780949838,5.4574531327085225,5.019499185493592,4.6259352889800756,5.605636358702651,5.03002777155474
1143,5.334004750891073,5.026245437478521,4.735591920725489,4.416225192223908,5.007991368260439,4.644443232853266,5.436583812233
1144,5.415811034280191,5.289981587343346,5.612080817224218,4.757102546348977,4.774309670937724,5.933011739650017,4.920102701479972
1145,4.71962066078309,5.189169686762164,5.010308828569389,4.513423600467287,4.922428313943559,4.645585962357683,5.138379077596489
1146,4.808485233722574,4.963197640209674,5.142829138102096,5.104658643077997,4.962161695690334,4.695033304997681,5.433732015941354
1147,5.259355013915688,5.0107260030099825,5.072938755433201,4.795755423664164,4.821635596175205,4.171468101299058,5.5169253311744955
1148,5.225257752032758,5.310669605727138,4.894963592629087,5.349848288302596,4.796854876025889,5.518098404582075,4.832558092285971
1149,4.819911459901939,5.114457947592686,4.985298144177208,4.957779206620618,4.758397875911838,5.028769006954282,4.444578954032163
1150,4.871644743772577,4.413634186870568,5.3162320055648475,4.382768485795725,4.765631066555115,4.785243148627095,5.793162749351127
1151,4.735104903437893,5.1387508342880635,5.455690446183576,4.519856588111969,4.89401740186113,4.543247015048438,5.371307186818409
1152,5.22837968224964,4.824360113347332,5.794581431380744,5.444240036689456,5.3514416442357415,5.836102246515113,4.9410131026733835
1153,5.2138658070795865,4.94529435762901,5.549178435879914,5.01341766870199,4.7919472115731585,5.022464910032649,4.944898812307938
1154,5.257333049973993,4.89712159617695,5.056483451154196,4.158076104854451,4.843643674662432,4.871195057591447,5.401980341173325
1155,4.577777009409444,5.542063428981786,5.0855420804078495,4.595111409353827,4.5958536514580866,4.87354267251388,4.907988283419088
1156,5.206345684476495,4.402671663235672,4.937669376448096,5.667977886440533,4.707593544422624,5.044608443997494,5.0517534385500635
1157,4.941888000550664,4.631434053747301,5.39759407014742,4.872729481343557,4.661390051340597,5.753265358851569,5.123751823903122
1158,5.291266476697096,3.906341587776403,5.472806549113011,4.45687390532693,4.625552112607583,4.861093804321005,5.696504511647165
1159,4.852985771965313,4.56912712952153,5.3914029324869,4.822810584294499,4.464245345910245,4.415395921335284,5.630179449428771
1160,5.184501118911892,4.676975676664042,5.025285521966385,5.501692239620143,4.806660501220568,5.318723640908483,4.864432671477199
1161,4.597282387364709,4.486286057677604,5.0035487529780065,5.485645703802193,5.2522310863228485,5.73473373393011,4.793521848589912
1162,5.546194501077389,4.751505878968704,4.781951510843424,5.934084110789373,4.960871010678588,4.651865977995989,4.446704537670343
1163,5.495288431026239,5.131743322504102,5.024231165225231,5.393803577179972,5.065590732378273,4.47904052988494,5.103878028235425
1164,4.728241352992743,4.7886610700491765,4.888760020012632,6.22894678260718,4.450033186232977,4.709833754251943,4.983527483987724
1165,4.541023478088566,4.924001488250744,5.449603955673415,5.766360360994821,4.5007762589301965,4.574076100947426,3.7686122485261726
1166,4.503529362724732,5.078867487614224,5.318879177398475,5.193160988464384,5.570049878992388,5.3976912620451465,4.85684925909895
1167,4.491091970225989,5.430956298648908,5.163767154520581,5.541160543754511,5.219654285696805,4.786894414243271,4.755036341036654
1168,5.6599343421671,5.177829150125003,4.762631918965912,4.922289750019579,5.26982629142641,4.940242737961262,4.994526338854327
1169,5.440217549910504,5.159664673580249,5.0965824378138285,4.414150009163953,5.159048068128954,4.390586762360352,4.969782497946914
1170,5.420755201063131,5.059716385158535,5.178374374663033,5.464165669924597,4.278326547229487,4.090566959552707,5.245539953451412
1171,5.6398948056206715,5.170430454657182,5.0358089489687945,4.608084006735825,4.552164673602834,4.071537828431303,4.555372328392892
1172,4.907836180167324,5.110610623163309,5.621839347420038,4.9075401137442265,5.959128018205115,4.8926519070487675,5.435682319479956
1173,4.347670975403659,5.026475937067083,5.152486660415981,5.475717394122869,5.042037686428487,4.050946401588498,4.409963534527863
1174,5.261920171101111,4.84739970971233,5.386519927285844,4.342943489487117,5.5723956793409135,5.162088970749481,4.443675135206055
1175,5.2932552042958765,5.168192464184239,4.778709163125397,4.269468944404144,5.2110851612619555,4.322982986284576,3.764953608127786
1176,4.578405444135863,5.180198551715777,5.464589864641076,5.091774165000666,4.895112599051892,5.476795410159969,4.770740030427208
1177,3.9370563801803966,5.683117252095862,5.356290039730922,4.949433004750825,4.876222566934631,4.870301513222581,4.851528281891659
1178,5.2545911119256825,4.323011863501481,4.7528301131367,4.7503991908331855,5.506630648262475,4.648443922774709,5.113334415559453
1179,4.428292287961965,4.178241305652937,4.876442551973675,5.095113535918822,5.655342473747337,3.782775215616138,4.237356522592135
1180,4.69702422942068,4.478956274202309,6.000616601940219,5.222944661957829,5.20888415041439,4.976388399989232,4.554061398008771
1181,3.9297805426926082,4.948490857632097,5.394238637988753,5.678207312553488,4.747111418777643,4.002792240296709,4.750226507915434
1182,4.466962057086392,4.326120195238905,4.978730238061665,5.887092351876495,5.497239295037681,4.593516219077555,4.804619305773528
1183,4.184042492160929,4.907679193811726,5.533826904964899,5.033368338074579,5.00264453550042,4.773172765572777,4.881049042089174
1184,5.215931440236312,4.5944942900643575,4.482841279327468,4.34989620699581,5.393153408597607,4.615144130422458,4.5078738185614995
1185,4.692784183199989,4.687828902262877,4.508803747114395,4.404273042593532,5.255457811273299,4.415879120026808,5.0132191911076385
1186,5.556085754119819,5.331940123058184,5.085273995579623,4.690832737928021,4.384710537368468,5.58125697216378,5.32834021313622
1187,4.8848246688896255,5.061182081975141,5.042466698212937,4.856840634039087,4.498455183757995,5.250289262119461,5.431940926558941
1188,5.027143643485418,4.42193651471638,4.546299223116126,4.912935234609841,5.189899826805183,5.131045532361432,5.302769841816544
1189,4.613097607798353,5.000732604577394,4.673014789839773,4.837888569338639,5.331217446051744,4.708966857822936,4.66056454222237
1190,4.956396723236249,4.963876596179299,4.568076523798401,5.657090735717758,5.628712646526989,4.910396610477791,4.8579424862983345
1191,4.365958391865329,5.025406618845466,5.149512897605011,4.94221152349561,5.569243297300531,4.966435831435727,4.702563040185637
1192,5.878966590638896,4.04097125284034,5.629532827246406,5.314646019729014,5.624547616334102,5.070698652379546,4.870983255387542
1193,5.126886991650552,4.562166821112003,5.699251953287231,5.153440478328926,5.118904626361408,4.617981551551738,4.370667241218172
1194,4.4425439392598705,5.109196082930856,5.271403029847969,5.768063145513497,5.073841392531498,5.634459944032444,4.836752578270328
1195,4.148122198231726,5.256922118545743,4.951229197892866,4.680034288694495,5.005859665306683,4.484610100099673,4.798585202006662
1196,4.906987553814172,4.6688822894753095,4.737561246847994,5.16014549135449,4.7015279908148875,5.082038743732444,4.963793867710046
1197,4.623310644864463,4.762441202382199,4.82283625497981,5.276745433839252,4.987709104212831,4.556242842715622,5.3165811977325825
1198,5.357756623907796,5.012955785910835,5.219812468729311,5.053390971238211,4.607591233842973,5.028184522583232,5.1230354519192085
1199,4.750975465017861,5.666555737497354,5.13654526637158,4.957161467600157,4.951632903786352,4.704201858242701,5.380808108518668
1200,5.161679333074411,5.144700580564236,5.349356614399747,5.417459228923221,4.927708121524818,5.665466360285284,5.258815409127749
1201,5.062499108486156,5.0116052293488895,4.787693227015959,5.510616052933574,4.846011564867764,4.963604151787853,4.541398884057737
1202,4.99818166085626,4.728410174100047,4.768267570117257,4.6513406890692455,4.468958659071409,5.533104958523701,5.508170508975621
1203,4.823252408440989,5.289857862500192,5.242996176074733,5.088610223413348,4.844362352396344,4.673576932989938,5.251507536324892
1204,5.114898371694206,6.043959382481904,5.514353345042848,5.1972830782152775,5.076641775294784,4.527531583558269,5.486298180004146
1205,4.518605835276586,5.500684160344655,4.938619394026053,5.242852242977955,4.54639255087633,5.151763083465544,5.4319033221370265
1206,5.496433840566419,5.696936316432171,4.4136218410503,4.543122838964978,5.62459814417177,5.168544314795482,3.8614989853651114
1207,5.360230543461066,5.221849060743492,4.990058025198763,5.07540662856122,5.696965275898698,4.913952816150066,4.899778703366186
1208,4.6341502258565495,5.408740339360368,5.523734869541805,6.164529246536923,5.178507731909583,5.296230766996903,4.78331979320529
1209,5.055922948450987,5.693631232561408,5.1612093866675695,5.358167316645427,5.153023659144953,4.709441235033985,4.270657665062165
1210,5.5570304501003385,4.4960846468130935,5.225522769641166,4.925693799686587,5.534803381913186,5.426694515998414,4.935916064788167
1211,4.559466777057154,4.485547671517249,5.671129840992939,4.5305612853480275,5.493466408627476,5.1556951574027385,4.950334466778568
1212,4.622595792169046,4.557603078455045,4.872511321359576,4.902163933721207,4.6057008024039074,4.741994822273208,4.553537166903033
1213,4.822612495616169,4.8805806458856305,5.021568660451602,5.48293226278014,5.11361824837533,4.43796632259547,4.140260845930348
1214,4.340441864114659,4.427324081773955,4.630690815825269,5.237363694624246,5.1497953648434445,5.436929467568336,4.727132811905854
1215,4.725893323114563,4.780873192321059,5.414491493404753,4.78710733505559,4.397362137081122,4.868801410504898,4.687599569684307
1216,5.409396709378977,5.4345874489392205,5.220669730729695,4.823913548330631,4.978054792792525,5.149437707389876,4.748278184983376
1217,5.394962489932009,5.08154733224599,5.186172497209613,4.9999529087141505,5.078062578775822,5.1571176230626685,4.3695867793996985
1218,5.555958112766597,4.928519323655049,6.307703837657469,5.4363167030116015,4.837639423436662,4.483975454013338,4.707785879359427
1219,5.256765037747269,4.715709617424882,5.480432731675567,5.09845584849992,4.39837473391413,4.941891774799626,4.342853138610552
1220,4.704825889529373,5.124464414717368,4.901057490076268,4.9774674492089295,4.948991232620622,4.958111190851637,5.332991440126409
1221,4.769425318513293,5.515036559571473,5.1522997734173615,5.063581342027619,4.383462774028725,5.537418721381108,4.34008304119234
1222,5.577828920559123,4.643057957087838,5.4294987774129435,5.0188883850883625,4.866925308414978,4.883813406441418,5.274773837651246
1223,5.664202340689966,5.185633475508571,5.250120213786726,5.205472229941792,4.772799561382777,4.752391051210487,4.500033795046069
1224,4.983188945130593,4.935148394017607,4.915235494892206,4.998107412449452,5.176185740624909,5.242896218565,5.0950476905119055
1225,4.291398606247524,4.816203972083468,5.350204415468167,4.548466454492076,5.2772460305907,4.926107164830825,5.079562286638279
1226,4.737223400539079,4.962071386707905,5.812245288338801,5.207666186881185,4.864109806594329,5.348693720076316,4.342072671790758
1227,3.865707992204886,5.568971955519151,5.404266123049597,4.536208324969378,4.1613343137290615,4.770534811952642,4.687325433294248
1228,5.257242907003304,4.7751091000119565,5.424296050574002,5.395764593664656,5.1454348987254255,4.357719097752176,5.039642007206936
1229,4.248446337318012,5.332118320863128,4.728104783236768,5.556964224978508,5.215176721716586,4.89799398516308,4.689634250321407
1230,4.741350134186455,5.338970432177057,4.757674827159114,5.0027000570952325,4.588822507111973,4.469735401529583,4.425844112233165
1231,4.45728123962452,5.193178393788233,4.931401058586801,5.642413626596809,4.486295097570103,4.359976299581741,4.484053520006122
1232,5.303694071105305,6.098481930399159,5.7319889880745585,5.21578261126963,5.4310888508064235,5.8099479600960375,4.722998587271665
1233,4.432929937300827,6.006850896137027,5.917058114152381,5.283653878420559,4.911696804320797,4.718269174268675,4.670041912874645
1234,4.797085384600709,4.39044257076318,5.240521279140089,5.073595380335853,4.930126192696756,5.033649781231967,5.310046657280404
1235,4.432959789783292,4.900129829917333,5.676304049092103,4.237518763559717,5.18809232392534,4.900930228594907,5.742863392348522
1236,5.590920239581791,4.020946243577093,5.034339042081897,5.0670545618175105,5.871845627388737,5.756661826931938,5.466286097693465
1237,5.367432692490111,4.499077837031181,4.854595318323434,5.3111684954374025,5.512406049755188,5.219403813727293,5.175957273344176
1238,6.459523918025783,4.24096067018929,4.773855208705347,5.512696928414462,5.402516866228375,5.071434222128973,5.7283622099424525
1239,5.651891061967449,4.257746808824432,5.065790072455921,5.807511241952594,5.422684108982358,4.342727968464639,5.760388755280915
1240,4.693534431400951,4.988588840109385,4.928083782710342,4.912350747721809,4.61995998881692,5.296548561540452,4.591766743091911
1241,4.650576166595438,5.216436048775555,5.089419225644161,4.493955080887603,4.4635005164194785,5.177141054056203,3.960206499893386
1242,4.8077386319497855,4.757430443090753,4.4779204210812695,4.529987979598949,4.475302023791877,4.732441628090883,5.033268513595258
1243,4.819302203559421,5.307313136442819,4.2762989775634415,5.24804999771355,5.076777428790466,4.423321263256268,3.7093354059460926
1244,5.8708732724927035,5.038478120888342,5.592566516550936,5.739220441764254,4.637876236278681,4.874291473195566,5.013755934596055
1245,5.673826091766702,5.56521569614232,5.56083786090356,4.68377265091624,5.078789212002505,5.096492520461387,4.450902154803605
1246,5.265208627324117,5.058230656019019,6.2424888686483815,4.949420988044222,4.39878742195059,5.433359547647305,5.152547937806891
1247,4.905371058118756,5.27979304815572,5.151130055913545,4.910798726058311,4.889715651561217,5.683042584685707,5.522769505486567
1248,4.969138765642832,5.529451080342627,5.2996260532408614,5.23817065437253,4.765909211154773,4.833083768774875,4.888305169743675
1249,4.385096400966261,5.135846611273867,5.4628448159578324,5.222287945426038,4.942230588035998,4.706719715633456,5.110440564565247
1250,5.2975894929607135,4.889269219548996,4.499139952409478,4.7024773285910335,4.858875247235914,5.141308714654562,5.683771001321473
1251,4.409380596412409,5.373817603359099,4.669432959821835,4.623720546330534,5.30790979270149,4.165180492420553,6.061491035918427
1252,5.4973944479308985,5.38147442052617,5.273151658723796,5.113755372146918,4.733995371702661,5.619167765834074,4.889533462542581
1253,5.773972879428472,5.4589705181835075,4.702820184941767,4.516226525263693,4.5437239377780685,4.650772401855704,4.914864769103078
1254,5.307598572469054,5.14967758457877,5.404317459632694,5.568547011258733,5.628291568808909,5.026915632056834,5.1843727412365554
1255,5.26910555085553,5.2494874556125914,4.834915759814911,5.181185055992468,5.683255318513785,4.586280147687413,4.5767970431892735
1256,4.781228226132407,4.614359593384857,5.085177949102034,4.5958529197908184,4.713384027057214,4.279375515062523,5.517594256386927
1257,4.705043860285769,4.565015550604971,5.301783283279611,4.808973820055854,4.757593336273294,3.9153218644401466,4.430188879587632
1258,4.507873107880697,5.375992492050023,5.2299196968280395,5.035232341381445,4.926650283082453,5.221412400216106,4.574579469493868
1259,4.327567912617212,5.302063125661258,5.489585850718787,4.683107659189078,5.550747069230844,4.6067512199864895,4.093027593230516
1260,5.307518334372836,5.022189492850919,5.841234137704979,5.798952237817554,5.362263888081409,5.26174247049221,4.907857434646919
1261,5.113473420096718,5.356031205795776,5.473868119940479,4.866044723706863,5.705339226358236,5.01275213169225,4.982833912691267
1262,4.5749123151478654,4.624187128179705,4.949926208466043,4.495540227101456,5.248568217860865,4.992284793412293,4.712753832108615
1263,4.765686857364253,5.337041362219287,5.541125448331892,4.3480973655754145,5.54939689725881,4.734699212794232,3.958963322100491
1264,5.3002225295682,4.66699756121043,5.033278753111945,4.827006469953859,4.918829995098693,5.511975157336501,4.642548555227119
1265,5.176615045059521,5.713636298440284,4.715222405028243,5.205679962450809,4.716750991732247,5.228190222721093,4.4995561378166204
1266,4.143487540963889,5.13768599774283,5.269437127845878,4.887587590754787,4.893721580468981,4.888189696882836,5.056240415736781
1267,4.21262022439693,5.0714691235379235,5.0377107573126025,4.40936547503345,5.081363324517851,4.620831741634418,4.218188145958161
1268,4.558227904540774,4.833052948186474,4.402081355891049,4.842096109412778,4.553532217875169,4.988658680020037,4.606300870113905
1269,4.092323797831379,4.983739556681484,4.427230835322061,5.247410245192964,4.574373273258704,4.73189897808831,4.685195771754732
1270,4.802202465404301,4.785148419181427,5.38586668006559,5.057716181999605,5.3363731284295355,5.172090254311412,5.2066763553640785
1271,4.859865330174088,4.8588012207979485,5.837346167304084,4.824597186697017,5.422494336059039,5.136762703860758,4.428679561937005
1272,4.6607495721178065,4.603334497171902,5.0487209033656155,5.157093004074092,4.595423898005591,4.700795119011598,5.1606467078342115
1273,4.149993296072743,4.745064410657943,4.754829707980509,4.915002631939566,5.234621815390706,4.636398353277871,4.618446633918841
1274,5.926779842491995,4.792335673120379,4.841547246410864,4.183541413743113,4.743145944667527,5.641849723290981,5.025925203709279
1275,5.200070643013562,4.673034692557723,5.140645820302401,4.070664397384765,4.875712777176686,4.906726804816016,5.147136498223802
1276,4.493196198676005,4.994830862498494,5.297035393315079,5.017465991594415,4.875981609429338,4.511594569342652,4.971341279870639
1277,4.268391082056419,5.823159525951693,5.132145342705722,5.025767218673546,5.012602916324988,4.562788292164404,5.597007495739442
1278,4.917136061513199,4.638676841480659,4.763408103757757,4.946804782485221,5.621144283309396,5.235664005449324,5.151008214965209
1279,5.47986776900095,4.825008044421051,5.210503103623185,5.45156288400356,5.847927473795955,4.432890226216149,4.835193458220176
1280,4.652742926203014,5.256326677772395,4.993032098553278,4.109370345052608,5.133665657017186,4.28650731836673,5.669229868234316
1281,4.613202440176204,5.122464422253134,5.4173627613250295,4.5478037875224615,5.021119689000968,4.40562295667635,4.4588243496027085
1282,5.099858818126745,5.107344780978333,5.396736755778971,4.426141000353646,5.249404375286399,4.725848806238057,4.348153790988174
1283,4.694382727276063,5.44157161077862,4.667189261566537,5.081653406155454,4.730728669920283,5.2644282990524465,4.396259342851316
1284,5.4567543965798535,5.153086231045603,5.955532772383228,4.956436138298691,4.939454193776328,4.771683621236185,5.3307862491638485
1285,5.6334064138852185,5.529774880197633,5.405709355074071,4.469271231126885,5.300978289692919,4.039590524546088,5.053121877825819
1286,5.1460487952292855,4.689350382324891,5.394922167416316,4.367133950560734,5.019398939050588,4.391453642146795,4.665597054608629
1287,4.992749601004787,4.3612760968986315,5.311927776267069,4.912373833434873,4.601831347345364,4.766285610728282,5.0358504523860015
1288,4.5571650310990455,5.818581401972374,4.8808245293010835,5.083453846839064,5.5963565365314105,5.458984899444389,4.730259776953895
1289,4.610184540759316,5.228630750725314,5.148908129417752,4.426807439117268,5.389482286020342,4.96298381408698,4.2832204682357995
1290,4.767375174479048,3.736168182318674,5.091679321644255,4.532159819640291,4.687424630373864,4.9604329693776625,5.631302779589617
1291,4.834576295068584,4.584823900098613,5.406573822430037,4.408153344326737,4.6862834398048925,4.602446665113623,5.700057650859305
1292,5.371612846812844,4.530851895266648,4.986103322894024,4.829515761034927,4.985054047438476,4.672273514247277,4.368666525000788
1293,4.251901305741435,4.486199516331896,4.955360320270045,4.712787877787203,5.082986194227712,4.842984729164431,3.5024912320025985
1294,4.894591283472436,4.780312944310288,5.584523210060438,4.181176105015561,4.282203740842339,4.774520844257821,5.118535153955604
1295,4.621717207807684,4.6874497920331795,5.223964468001833,4.182046257681644,4.544933987301143,4.527959279881939,4.403474607965418
1296,4.909611341559766,4.6722036783219805,5.259686762557508,4.747806195248904,4.809217455741633,4.746571028635768,5.169976586077899
1297,4.163315876496058,4.94657263931754,5.302058874249035,5.080194457987705,4.6567850778589435,4.4550092579059655,5.267077413860187
1298,5.166688608927094,4.841763093791359,4.302559600316087,4.549388388171909,4.798661049704457,5.456081308609506,5.483962997297344
1299,5.092583773289103,4.9341692486485345,4.576524494453579,4.127517398884952,4.523051239675028,4.7232511796977406,4.7765817935506485
1300,5.159001278145611,4.496324047443497,4.821734666747214,4.3141643861702335,5.357457212196401,5.626748457453536,4.509460217793595
1301,5.189409378244966,4.620461099183105,4.914400741234322,4.148920500832171,5.728424779044951,5.497345781566731,4.188506611725142
1302,5.1580034314653265,4.948665854490964,4.800247574720988,4.986289226296465,5.039462190524128,5.18160299253274,4.872611053827818
1303,5.145554650856365,5.020001712397578,4.818234537282149,4.655965037958087,5.2894031828854935,5.019228368998819,4.570004778692994
1304,4.966318937949462,4.373150385765097,5.43528221001056,4.638008915271442,5.333591666338423,4.798917703801894,5.023844185749238
1305,4.522910656793392,4.947870669395449,5.403540057713927,4.448292144740872,4.7254745178392685,3.936054838153467,4.572545153236621
1306,4.875418632689169,4.394681020351694,5.417775521111941,5.104879183063607,5.698183849188902,5.506389430817783,5.832252858160703
1307,5.410864729742142,4.774676291655811,5.57838823628048,5.1837420224506,5.670583523447587,4.69850365079973,5.964869303054666
1308,5.853877761228251,4.397027010368053,4.69810654308629,4.988493643799583,4.966588130016826,4.723316896865427,4.52961336656619
1309,4.686459230799166,4.5270021427149745,4.481298659784835,5.093031903500504,5.077398037185843,5.097391533889001,4.744450413864465
1310,5.31307528676343,4.475568771041285,5.986829617990034,5.320208865733,4.485301742731848,5.086483315830367,5.508425564748358
1311,4.128119854201099,4.868667811685693,5.862383426404332,5.196029222873422,5.052067325809242,4.189765246136388,4.19718380938835
1312,4.673760998281127,5.013857045435601,5.0492706923977195,5.059871841557309,4.3782582210281955,4.965973625837385,4.704850460783256
1313,4.638816295554874,4.9705879717486265,5.224523126669952,4.490952409703308,4.9124001077734984,4.920481607793582,4.144959507073389
1314,4.55701370405798,4.721169906424677,5.440120571598412,5.192420093387487,5.422344716133311,4.180542159382972,4.911748287877471
1315,4.213284377966388,5.345418662062619,4.765471894925165,5.608870123215018,5.738685394626048,3.7818103046469753,4.2841177208509595
1316,4.978414850341659,4.382073549334951,5.562645040211076,4.409897821434991,4.053884245213815,4.736161058514114,5.45604326718104
1317,4.781330262307536,3.9235061713152453,5.225603904858568,4.599433123373359,4.731328200632284,5.0731580044463955,5.312592669135499
1318,5.883545984141926,4.632712313581981,4.932978569599293,5.626353880714893,5.462761530517832,4.670115842413413,4.8253418155378025
1319,5.790672217113232,5.639442009253316,5.1924712894081955,5.158675073159071,5.26088015798172,4.622663360697104,4.387700762105972
1320,4.718798265178115,5.690369072355786,4.01456124905638,4.405423516054007,6.389448841980323,5.316601000504387,5.392507641358958
1321,4.682942083884114,4.851304567772802,4.1417402410425765,4.680326948814577,5.5774862886308485,4.977277376549241,4.38565077520294
1322,5.024251406040775,4.481285506111193,4.073904646103273,5.285982870376959,5.212530375772569,4.568940986483413,4.8536417370701885
1323,5.043304625527198,5.00334137644122,4.933115005711021,5.242734381505865,4.461706957084995,4.735836682716064,5.358009709019772
1324,5.06765685646129,5.085281007192498,5.152383284804341,4.337491303943632,5.202030439863141,4.85708579101187,5.105753744535642
1325,4.947229806567878,4.557944428448047,5.311184579322035,4.176312496749845,4.566013778493054,4.790685980295833,4.678109240495265
1326,4.486597143896183,3.9478069046721846,5.324696050587417,5.594911336544831,4.850611217443281,5.396581512018571,4.745190439766563
1327,4.959444760268979,4.335234141311131,5.077558369825736,5.2328442276296006,4.936277162140494,4.800045572069643,4.200756731872589
1328,5.687794660011,5.195075486380535,5.585672667761571,4.706951160054602,5.158329712995486,5.0018304822697,5.664058446323155
1329,5.642008412783716,4.742511955364852,5.65480369635757,4.304328413045552,5.092863373733534,4.654376640273074,5.808025379869817
1330,5.085550791823827,4.860573931960295,4.513597051509048,4.519350312416891,5.596583024250797,5.164610330534835,4.4191906090873205
1331,5.0482679702765205,4.911121635031279,4.704829317666783,4.5777276052255855,5.475291040037343,4.86042338697488,4.625303699284385
1332,5.264337506952295,4.560798898689306,5.077378224086776,4.712740636814462,4.568982982785792,4.967983061377654,5.734968721869071
1333,5.596887488055147,4.530383590338455,4.840547937938784,4.387552907032898,4.859324724280895,4.576773825713411,5.641917546415057
1334,5.1879699238601225,4.530566126839051,5.629460727368854,4.890767446878447,5.1278965345637,4.633657177276274,5.334893465614318
1335,4.714713139840121,5.001274468514544,5.258934807230787,4.56598380194547,4.49087514473889,4.1318821709577,5.139127681275444
1336,5.502640598873868,4.4885824533319125,4.941281717635282,5.36090414910154,4.865640419346076,5.165305747569835,4.68338179354576
1337,4.899130022205864,4.629168255926658,5.29444206204181,5.267530471292756,4.608053006853308,4.639913043417563,5.053361172734414
1338,5.836014080450637,4.124085117623141,5.572865376056621,5.576456813900558,5.375580882759422,5.001258450062766,5.018974145751424
1339,4.872538660670938,4.638987216688365,5.480404397019475,5.386745219446696,5.367960049470522,4.282930867598909,5.211722763266364
1340,4.39147907834148,4.688789363362227,4.7654999501617805,4.7539213530246,4.63791841039973,5.354781489666201,4.923872471294098
1341,4.554247601755297,4.6643501164182615,4.6177845758149125,4.767843860721556,4.5221000396065065,4.433195491407058,5.289035624600002
1342,4.5467590364551835,4.415494751295458,5.104729287527437,5.509229882971394,4.968509113893796,4.844808878912971,4.371372265710874
1343,4.70885150767905,5.122136960988496,5.965622728709968,5.119288464060142,4.777963609868539,4.387597690084564,4.992814178337686
1344,4.937939130240833,4.470178730471672,5.144496893414941,5.073256116893181,5.143392952434963,5.359060909753284,5.689746195626697
1345,5.147010827689057,4.641358798360393,5.155436904046642,5.431957625542176,4.956042963357563,4.541630481082636,5.1472916878886945
1346,5.486080986770474,4.821054807891918,4.778711353633323,5.0178328501838365,4.310294389126597,4.909968059780611,4.971542515217735
1347,5.224177318186458,4.755903338858638,4.764983236338638,4.929256207635988,4.590735209079916,4.573079358421488,4.138842685347299
1348,5.2269653912625955,5.868597449579161,4.858571122419601,5.497236209677778,4.769681358965683,5.425293777643379,5.109741883036986
1349,4.578156687709898,5.71589264218643,4.827044199184873,5.935442741709316,4.469903277788949,5.096444411045614,4.352598984686961
1350,4.046006842931057,3.967404779956357,4.466838014847398,3.936817454169947,4.1813302997514805,4.133917714595643,4.179284926796402
