name,cobyla_values,spsa_values
ev_op_r,3.1498,3.1498
ev_op_r3,3.15117,3.15117
ev_op_H,3.15117,3.14668
ev_op_H_2f,3.15,3.15488
ev_op_H_3f,3.14883,3.18848
ev_op_Hp,3.14746,3.1498
ev_op_Hp2,3.14805,3.15371
ev_op_Hp3,3.14902,3.15254
ev_op_Hp4,3.14844,3.1543
