name,cobyla_values,spsa_values
ev_op_r,3.37451,3.37451
ev_op_r3,3.37305,3.37354
ev_op_H,3.36914,3.37158
ev_op_H_2f,3.37012,3.48877
ev_op_H_3f,3.36426,3.58252
ev_op_Hp,3.37988,3.37451
ev_op_Hp2,3.37354,3.36816
ev_op_Hp3,3.37744,3.36719
ev_op_Hp4,3.36084,3.3833
