name,cobyla_values,spsa_values
ev_op_r,3.74902,3.74902
ev_op_r3,3.74414,3.74512
ev_op_H,3.72656,3.72949
ev_op_H_2f,3.71484,3.73242
ev_op_H_3f,3.71387,3.72461
ev_op_Hp,3.74902,3.73828
ev_op_Hp2,3.73242,3.72266
ev_op_Hp3,3.71582,3.73242
ev_op_Hp4,3.70508,3.73926
