name,cobyla_values,spsa_values
ev_op_r,4.49805,4.49805
ev_op_r3,4.48535,4.48926
ev_op_H,4.29297,4.31055
ev_op_H_2f,4.28906,4.30664
ev_op_H_3f,4.29102,4.30859
ev_op_Hp,4.44141,4.44141
ev_op_Hp2,4.39453,4.32227
ev_op_Hp3,4.29883,4.34766
ev_op_Hp4,4.28906,4.33008
