,seed_245,seed_198,seed_148,seed_138,seed_158,seed_128
0,7.75830078125,6.8740234375,6.87255859375,6.77099609375,6.66552734375,6.7255859375
1,8.88720703125,7.029296875,6.35302734375,6.6630859375,6.39208984375,6.88623046875
2,8.017578125,6.84619140625,6.59716796875,7.02392578125,6.3974609375,6.822265625
3,8.11376953125,7.37255859375,6.97705078125,6.39892578125,6.30419921875,6.03955078125
4,8.85986328125,6.96728515625,7.5048828125,5.93115234375,6.533203125,8.01513671875
5,7.81201171875,5.78173828125,6.0546875,6.9052734375,6.98974609375,6.07275390625
6,8.24169921875,7.51513671875,6.4609375,7.48583984375,6.96044921875,6.89892578125
7,9.40185546875,6.265625,6.96728515625,5.78076171875,6.12744140625,6.3505859375
8,8.458984375,6.65380859375,6.5390625,7.43017578125,6.81298828125,6.47119140625
9,9.11865234375,7.31494140625,6.87060546875,6.1376953125,6.8681640625,5.61279296875
10,8.3212890625,6.4208984375,6.93798828125,6.06884765625,6.111328125,5.87451171875
11,8.96337890625,7.076171875,6.28369140625,6.8623046875,6.5888671875,6.48046875
12,8.43994140625,7.04833984375,6.6298828125,6.75146484375,6.35400390625,5.93115234375
13,8.81396484375,7.3662109375,6.4384765625,6.50439453125,7.1630859375,7.30517578125
14,8.12744140625,7.22412109375,7.8291015625,6.85009765625,6.10888671875,6.11328125
15,8.64697265625,6.36767578125,5.97802734375,6.623046875,6.60595703125,7.01318359375
16,8.380859375,6.39404296875,6.2880859375,6.58203125,6.9755859375,6.10400390625
17,8.45458984375,6.63134765625,6.341796875,6.091796875,6.36474609375,6.2890625
18,8.9580078125,6.93212890625,6.9921875,5.76953125,6.41650390625,6.7587890625
19,8.62646484375,6.78662109375,6.611328125,6.853515625,6.8193359375,6.255859375
20,9.2802734375,5.474609375,6.85546875,6.1318359375,6.31884765625,6.1640625
21,8.20263671875,7.42041015625,6.49658203125,7.55859375,6.50146484375,6.55908203125
22,8.70947265625,6.974609375,6.56103515625,6.43359375,6.94140625,6.14794921875
23,7.6826171875,6.47412109375,7.306640625,5.68310546875,6.55126953125,7.68798828125
24,8.74853515625,6.142578125,6.31640625,6.76708984375,7.0126953125,7.326171875
25,8.51025390625,7.05029296875,7.21337890625,6.11279296875,6.2177734375,6.39990234375
26,8.28076171875,7.2568359375,6.6005859375,6.333984375,6.52978515625,6.58544921875
27,8.06298828125,7.240234375,6.93994140625,6.9091796875,6.89697265625,6.55517578125
28,8.8408203125,7.15869140625,5.220703125,5.927734375,5.6103515625,5.9716796875
29,8.6103515625,6.44189453125,7.16552734375,6.55126953125,7.09912109375,6.4580078125
30,8.8037109375,7.75537109375,7.0439453125,6.58544921875,6.67724609375,7.09423828125
31,9.23583984375,6.884765625,6.03369140625,6.5791015625,6.21435546875,6.63623046875
32,8.03125,6.87451171875,7.1220703125,5.814453125,7.03125,6.54248046875
33,8.34375,7.19384765625,6.04248046875,6.75244140625,5.8701171875,6.548828125
34,8.0537109375,6.27587890625,6.37158203125,7.439453125,6.708984375,5.8525390625
35,8.38671875,7.41259765625,7.0068359375,6.373046875,6.09716796875,6.818359375
36,8.3759765625,7.36767578125,6.03369140625,6.77783203125,6.326171875,6.55908203125
37,8.01904296875,7.5068359375,6.72412109375,6.36376953125,6.15625,6.32470703125
38,8.51220703125,6.20654296875,7.76904296875,6.080078125,6.89697265625,6.50244140625
39,7.8349609375,7.2236328125,6.36474609375,6.5341796875,5.8515625,6.7119140625
40,9.07470703125,6.49560546875,6.712890625,6.80810546875,6.14990234375,6.56201171875
41,8.45703125,6.474609375,6.88037109375,6.06787109375,6.84130859375,7.2783203125
42,8.6728515625,6.52197265625,7.02685546875,5.2119140625,6.49365234375,7.1923828125
43,8.2119140625,7.10400390625,6.12890625,8.0615234375,6.7197265625,6.2470703125
44,8.435546875,6.5107421875,7.80419921875,6.15185546875,6.36572265625,7.341796875
45,8.302734375,6.10009765625,6.6416015625,6.8076171875,6.7783203125,6.53076171875
46,8.2861328125,6.9990234375,7.58203125,6.748046875,6.0673828125,6.90576171875
47,8.103515625,6.21240234375,6.88427734375,6.294921875,7.09619140625,6.25634765625
48,8.8076171875,6.80322265625,7.02587890625,6.66064453125,7.1484375,6.51416015625
49,8.2978515625,6.9970703125,6.52001953125,6.83935546875,6.15185546875,6.59033203125
50,9.65771484375,7.0439453125,5.71240234375,7.607421875,5.7021484375,6.7548828125
51,8.39111328125,7.09375,8.38525390625,6.03515625,7.17041015625,6.74755859375
52,6.56982421875,6.5888671875,6.796875,5.3818359375,8.7509765625,5.49365234375
53,8.34033203125,7.46875,6.65234375,6.82861328125,7.0869140625,6.4501953125
54,9.0498046875,6.3671875,6.52294921875,7.01904296875,6.42236328125,6.189453125
55,8.77294921875,7.15283203125,6.85595703125,6.21875,6.201171875,5.81689453125
56,8.77294921875,6.5087890625,5.73193359375,5.80517578125,5.8955078125,5.90576171875
57,8.685546875,6.8115234375,6.89892578125,6.2861328125,6.1396484375,6.32568359375
58,8.32373046875,5.7412109375,5.73193359375,5.6337890625,7.10595703125,6.125
59,7.85400390625,6.810546875,3.76806640625,5.82763671875,5.173828125,6.00537109375
60,8.2216796875,6.73876953125,7.09375,4.8955078125,7.26513671875,5.93359375
61,7.22802734375,6.02490234375,5.39013671875,6.32080078125,7.5947265625,5.8291015625
62,7.8544921875,6.4638671875,7.32958984375,5.8310546875,7.20849609375,5.75634765625
63,7.6513671875,6.68798828125,7.056640625,6.140625,7.27001953125,5.5576171875
64,7.005859375,6.13720703125,7.13623046875,6.40625,7.21337890625,5.76953125
65,7.87939453125,6.5185546875,7.1796875,5.59521484375,7.357421875,5.74365234375
66,7.27880859375,6.087890625,6.6533203125,6.29833984375,7.07763671875,5.47314453125
67,6.62353515625,6.19677734375,7.37939453125,5.14697265625,7.66796875,5.91845703125
68,6.87890625,5.98876953125,5.79541015625,5.7373046875,6.19921875,4.97802734375
69,6.4580078125,5.9736328125,6.33447265625,5.392578125,7.1845703125,5.7607421875
70,5.59228515625,6.7451171875,5.55126953125,5.14501953125,6.23779296875,5.92236328125
71,7.01806640625,6.087890625,6.0576171875,6.7265625,5.900390625,4.86572265625
72,6.31298828125,6.0166015625,6.4560546875,6.1689453125,6.1162109375,5.19140625
73,6.787109375,5.392578125,4.4609375,6.53759765625,5.953125,6.17138671875
74,6.9443359375,5.09326171875,4.3076171875,6.537109375,6.29931640625,5.82568359375
75,6.36474609375,5.54150390625,6.0078125,5.763671875,5.53173828125,4.08935546875
76,5.7001953125,5.6552734375,4.84228515625,6.00927734375,5.7041015625,5.57470703125
77,6.34521484375,4.18408203125,6.025390625,5.4697265625,5.81298828125,6.12744140625
78,6.17431640625,5.60107421875,5.6796875,6.06884765625,6.41845703125,6.361328125
79,5.46142578125,4.79296875,5.18359375,5.55615234375,5.02294921875,5.43896484375
80,4.4931640625,5.43603515625,6.02392578125,5.853515625,5.8251953125,5.79931640625
81,6.134765625,5.85009765625,4.5322265625,5.38671875,6.09814453125,5.53564453125
82,5.0400390625,5.56201171875,4.8173828125,5.91748046875,6.16943359375,5.29638671875
83,5.49853515625,5.2841796875,3.8798828125,4.88232421875,6.2724609375,6.24462890625
84,4.50439453125,6.23046875,4.83544921875,5.05419921875,5.38134765625,4.865234375
85,6.322265625,4.7890625,4.4560546875,5.0302734375,6.23876953125,5.4111328125
86,5.626953125,6.1982421875,4.904296875,5.92138671875,4.1005859375,5.5810546875
87,6.1025390625,4.96337890625,4.283203125,4.56005859375,6.14990234375,5.4404296875
88,6.623046875,5.68505859375,4.67333984375,5.38427734375,4.30322265625,4.73046875
89,5.03076171875,5.13720703125,5.4853515625,5.166015625,4.4580078125,6.0
90,6.884765625,4.51318359375,5.802734375,4.86962890625,3.931640625,5.9287109375
91,6.70654296875,5.9365234375,4.21240234375,5.57373046875,4.82861328125,4.90576171875
92,6.705078125,5.20751953125,4.8056640625,4.08984375,4.20654296875,4.84765625
93,6.66064453125,5.31494140625,5.65283203125,5.673828125,4.8359375,5.390625
94,6.93505859375,4.82470703125,5.04638671875,4.2314453125,4.8076171875,5.31787109375
95,6.58203125,5.734375,4.8857421875,4.4833984375,4.7265625,4.48681640625
96,6.90625,4.52587890625,5.703125,4.44091796875,4.33251953125,3.71337890625
97,6.22998046875,5.55224609375,4.7275390625,4.3662109375,4.69677734375,5.3896484375
98,6.06396484375,5.31787109375,5.64404296875,4.2919921875,5.2109375,3.7900390625
99,5.81005859375,3.96484375,4.78369140625,4.67138671875,3.72021484375,4.0849609375
100,5.8994140625,4.35693359375,4.80810546875,3.8525390625,3.15478515625,2.16162109375
101,6.14404296875,3.71240234375,5.05517578125,5.076171875,5.923828125,5.30126953125
102,5.81787109375,3.7880859375,4.7060546875,5.25732421875,5.15185546875,3.72412109375
103,5.880859375,5.06884765625,5.251953125,4.65087890625,6.71142578125,4.64013671875
104,6.46875,5.19287109375,4.51806640625,4.9697265625,4.1015625,4.330078125
105,5.6181640625,5.4091796875,5.150390625,4.720703125,4.87353515625,4.28125
106,5.79638671875,4.48486328125,5.12841796875,4.736328125,4.80810546875,4.49853515625
107,5.48974609375,4.96728515625,4.984375,5.140625,4.712890625,4.25634765625
108,5.64501953125,4.1708984375,3.51806640625,3.70947265625,4.6484375,3.9931640625
109,5.564453125,5.45947265625,5.4755859375,5.5927734375,4.17626953125,4.3447265625
110,5.72021484375,3.8349609375,4.01953125,4.14453125,4.623046875,3.5341796875
111,5.52197265625,5.3505859375,3.92919921875,4.68505859375,5.12744140625,4.7392578125
112,5.513671875,4.16015625,4.8857421875,4.27880859375,4.6025390625,3.34814453125
113,5.7587890625,4.29345703125,3.4833984375,5.05029296875,5.2265625,5.48095703125
114,5.3759765625,4.57666015625,3.3759765625,4.3037109375,4.60546875,5.84228515625
115,5.67724609375,4.68701171875,5.01416015625,4.90625,5.2568359375,4.837890625
116,5.439453125,4.6748046875,4.46728515625,5.30419921875,5.5908203125,4.8115234375
117,5.58056640625,3.93505859375,3.97314453125,4.15185546875,3.7822265625,5.4853515625
118,5.955078125,3.98681640625,4.2880859375,3.90673828125,4.8525390625,5.36962890625
119,5.54248046875,4.56201171875,4.59912109375,5.419921875,4.283203125,5.00341796875
120,5.39111328125,4.09375,4.49365234375,5.43017578125,5.56884765625,4.81103515625
121,5.6484375,5.478515625,4.1513671875,3.5244140625,3.33740234375,5.42626953125
122,5.24951171875,4.587890625,4.8779296875,4.53564453125,5.5703125,5.35595703125
123,5.44091796875,6.13525390625,3.79736328125,4.7783203125,4.94677734375,4.84716796875
124,5.4658203125,5.009765625,4.2373046875,5.4560546875,5.9873046875,5.14111328125
125,5.63427734375,6.1630859375,3.43603515625,3.6259765625,4.59716796875,4.59912109375
126,5.43701171875,6.08349609375,3.65966796875,4.91015625,5.50830078125,4.498046875
127,5.69091796875,4.79541015625,4.4091796875,5.525390625,4.974609375,4.95751953125
128,5.13525390625,4.79345703125,3.90869140625,4.16162109375,4.6630859375,4.3203125
129,6.068359375,5.88232421875,4.01025390625,4.99267578125,5.82421875,4.87939453125
130,5.0205078125,4.78271484375,3.5009765625,5.955078125,5.732421875,3.921875
131,5.95361328125,5.74658203125,4.142578125,2.45849609375,4.59814453125,5.96484375
132,5.28369140625,5.0126953125,3.40625,5.734375,5.232421875,3.67431640625
133,5.29248046875,4.78564453125,3.76220703125,4.5283203125,4.83740234375,6.6259765625
134,5.0595703125,4.56982421875,4.39794921875,5.73779296875,4.74365234375,5.52490234375
135,5.634765625,5.61474609375,3.07958984375,2.8798828125,5.41748046875,5.49755859375
136,5.9677734375,5.2548828125,4.1416015625,3.203125,5.8271484375,5.7197265625
137,5.2177734375,4.892578125,3.94287109375,3.0498046875,3.37744140625,5.90625
138,4.75048828125,5.45458984375,4.24072265625,3.15185546875,4.84326171875,5.2412109375
139,5.89990234375,5.134765625,3.94970703125,2.85693359375,2.6142578125,6.1640625
140,4.80810546875,4.63427734375,3.7763671875,3.595703125,4.0087890625,5.23388671875
141,5.80224609375,4.98193359375,3.43994140625,2.73291015625,3.81689453125,5.03466796875
142,5.06884765625,4.7314453125,4.52587890625,4.09765625,3.822265625,5.5458984375
143,5.46728515625,4.947265625,4.81591796875,2.4921875,4.1572265625,5.2958984375
144,5.578125,5.01025390625,4.56396484375,3.90234375,4.818359375,5.2607421875
145,5.37109375,5.05859375,3.3798828125,3.84228515625,2.36767578125,5.80615234375
146,5.06396484375,5.4296875,3.39501953125,4.4072265625,4.669921875,4.578125
147,5.705078125,4.2548828125,3.56689453125,2.484375,3.0068359375,5.7041015625
148,5.318359375,5.07470703125,3.8427734375,1.837890625,4.30859375,5.70654296875
149,4.98876953125,3.9326171875,4.109375,4.0791015625,4.38427734375,4.15478515625
150,5.29443359375,4.18115234375,4.5869140625,1.9384765625,4.52392578125,4.607421875
151,5.72705078125,4.55810546875,3.22265625,2.9169921875,3.76025390625,5.2734375
152,5.9306640625,4.35009765625,4.18701171875,2.70263671875,3.8388671875,5.1943359375
153,4.35986328125,4.54248046875,3.30078125,3.08642578125,3.8349609375,4.064453125
154,4.8369140625,4.6572265625,4.1298828125,3.31884765625,3.77392578125,4.52587890625
155,3.84814453125,4.5869140625,3.767578125,1.70849609375,4.78076171875,4.0283203125
156,4.515625,3.888671875,3.25927734375,3.3408203125,3.326171875,4.80859375
157,4.1396484375,4.8486328125,3.7587890625,3.34814453125,4.95703125,4.02685546875
158,4.65087890625,4.60595703125,3.7236328125,4.09814453125,5.7880859375,3.44189453125
159,3.4306640625,4.48095703125,3.41259765625,1.86669921875,3.8271484375,4.82568359375
160,3.92919921875,3.796875,3.86572265625,2.3115234375,5.00244140625,4.25
161,3.95556640625,4.466796875,3.33251953125,5.2490234375,5.958984375,4.9873046875
162,4.31005859375,3.76123046875,3.89453125,4.8759765625,4.21484375,3.287109375
163,3.77880859375,4.5986328125,3.572265625,4.7568359375,5.36572265625,4.66455078125
164,3.14208984375,4.46337890625,3.74755859375,4.19091796875,3.203125,2.86279296875
165,4.68505859375,2.92724609375,3.94970703125,4.5615234375,4.5380859375,4.17724609375
166,4.2529296875,3.47900390625,3.60791015625,4.6171875,3.76806640625,3.3935546875
167,4.810546875,3.0244140625,3.67626953125,4.41015625,4.13134765625,3.30517578125
168,4.6083984375,2.791015625,4.01953125,5.60302734375,4.63232421875,3.4384765625
169,4.02001953125,4.2109375,3.6279296875,3.015625,2.53173828125,3.78125
170,4.65771484375,3.99462890625,4.0419921875,2.884765625,3.95654296875,3.85986328125
171,5.01904296875,3.0625,4.021484375,4.2666015625,3.44091796875,3.14111328125
172,4.36669921875,4.15966796875,3.607421875,3.98095703125,4.36279296875,3.12109375
173,4.873046875,3.30615234375,3.28857421875,3.73828125,3.6259765625,3.0625
174,4.5458984375,3.21337890625,3.2841796875,3.568359375,4.3857421875,3.41259765625
175,4.67626953125,2.98486328125,3.421875,3.06591796875,4.22509765625,3.70947265625
176,3.568359375,3.34375,4.27294921875,3.64990234375,3.75048828125,4.638671875
177,5.154296875,4.08984375,3.8955078125,3.25439453125,4.693359375,2.509765625
178,4.45849609375,3.23583984375,3.7802734375,2.3447265625,4.28369140625,2.58740234375
179,4.80322265625,3.6044921875,3.87109375,3.80810546875,3.45849609375,4.1201171875
180,4.474609375,2.7763671875,3.51123046875,3.205078125,2.8359375,2.228515625
181,3.9287109375,4.2958984375,3.1923828125,2.6689453125,4.783203125,3.212890625
182,3.54443359375,4.541015625,3.41796875,3.4404296875,2.51318359375,4.005859375
183,5.513671875,3.60400390625,3.59765625,2.3408203125,4.13671875,2.5673828125
184,5.42578125,2.556640625,3.091796875,1.85009765625,4.373046875,2.748046875
185,4.166015625,4.81103515625,4.0283203125,3.77490234375,1.9990234375,4.29638671875
186,3.9609375,2.4140625,4.6689453125,2.14501953125,4.3818359375,3.2412109375
187,4.8935546875,5.796875,3.29296875,2.7119140625,5.01416015625,4.26318359375
188,3.89501953125,4.10888671875,3.97705078125,3.20751953125,4.77197265625,3.44189453125
189,4.73486328125,3.5322265625,4.45068359375,2.10205078125,4.99951171875,3.93798828125
190,4.30615234375,3.65380859375,3.5771484375,2.00146484375,5.99755859375,4.97802734375
191,4.044921875,4.5009765625,3.615234375,2.498046875,2.57275390625,2.58740234375
192,3.80517578125,4.56201171875,3.4375,2.3828125,3.1103515625,4.39013671875
193,4.3896484375,3.80126953125,3.9619140625,2.4873046875,4.4228515625,3.82861328125
194,4.44580078125,4.3076171875,4.34033203125,3.34228515625,3.3359375,3.5634765625
195,3.787109375,2.87451171875,3.19775390625,1.82177734375,3.9345703125,4.3349609375
196,3.2734375,2.51318359375,4.2265625,3.99267578125,4.05029296875,3.48095703125
197,4.44921875,4.271484375,3.2978515625,2.22265625,3.6591796875,4.154296875
198,3.375,2.6015625,3.8447265625,3.29296875,3.0693359375,4.52587890625
199,3.7265625,4.53369140625,4.21923828125,3.39404296875,4.59619140625,4.22607421875
200,4.46337890625,3.302734375,3.79638671875,3.72021484375,3.13037109375,4.2041015625
201,2.8876953125,3.58740234375,3.7412109375,4.017578125,4.2265625,3.22265625
202,3.71826171875,3.2939453125,3.7509765625,3.1015625,3.03173828125,2.947265625
203,3.86572265625,3.35400390625,2.95361328125,3.216796875,3.26416015625,4.1025390625
204,2.94677734375,3.6943359375,2.99853515625,4.107421875,4.29443359375,3.74853515625
205,4.30029296875,3.1767578125,4.07470703125,2.41748046875,2.5927734375,3.40478515625
206,2.75634765625,3.6826171875,3.57763671875,3.03369140625,3.70263671875,3.6025390625
207,4.7412109375,2.97802734375,3.74951171875,4.087890625,3.13232421875,3.46240234375
208,3.943359375,4.0625,3.36865234375,4.20849609375,3.95556640625,4.25048828125
209,2.12451171875,3.04638671875,3.443359375,1.96923828125,3.99755859375,2.81884765625
210,3.96533203125,3.662109375,3.27490234375,4.7294921875,3.75732421875,4.2666015625
211,2.55126953125,3.22265625,3.322265625,1.48974609375,2.71826171875,3.03125
212,4.14599609375,2.3681640625,3.61279296875,3.8857421875,4.1015625,3.2998046875
213,3.44189453125,4.3076171875,3.28173828125,3.30615234375,3.51953125,3.9140625
214,3.12744140625,3.0146484375,3.30615234375,4.6875,4.515625,3.56494140625
215,3.78125,2.50341796875,3.220703125,2.6513671875,3.298828125,2.36962890625
216,3.77783203125,3.66943359375,3.49755859375,2.568359375,3.6923828125,3.4462890625
217,3.6220703125,2.22900390625,3.662109375,4.4833984375,4.12255859375,3.041015625
218,3.99609375,2.64990234375,3.21484375,3.1259765625,4.16455078125,3.16552734375
219,3.10986328125,3.140625,3.6201171875,2.9775390625,2.79736328125,2.41357421875
220,2.60546875,2.7998046875,3.2314453125,2.5146484375,2.45263671875,2.05224609375
221,3.94091796875,3.689453125,3.09375,3.71630859375,3.73876953125,3.53955078125
222,3.18603515625,2.396484375,3.5009765625,2.8408203125,2.36474609375,1.880859375
223,3.2080078125,3.64501953125,3.0810546875,3.01123046875,3.97412109375,3.35107421875
224,3.2177734375,2.615234375,3.5693359375,3.80322265625,4.84716796875,1.66259765625
225,3.9306640625,2.25830078125,3.3291015625,2.10986328125,2.32666015625,3.14453125
226,3.9521484375,2.81396484375,3.30712890625,2.53125,3.806640625,1.9775390625
227,3.0107421875,2.98583984375,3.29345703125,2.64990234375,5.12109375,2.3076171875
228,2.78271484375,2.3310546875,3.74169921875,1.90673828125,3.99951171875,3.33349609375
229,3.1865234375,3.369140625,3.1640625,3.61279296875,4.736328125,1.78076171875
230,3.798828125,2.47216796875,3.447265625,2.1298828125,5.43359375,1.98876953125
231,3.572265625,2.3212890625,3.16162109375,2.93896484375,2.96875,3.0185546875
232,2.61279296875,2.52783203125,3.43408203125,1.99658203125,4.4541015625,2.6337890625
233,3.64599609375,2.89990234375,3.47412109375,2.888671875,4.4619140625,3.02734375
234,3.087890625,3.45751953125,3.3603515625,2.60693359375,5.02587890625,3.4052734375
235,2.50390625,2.24658203125,3.3193359375,2.43115234375,4.11865234375,1.783203125
236,2.01318359375,1.83349609375,3.08154296875,1.7080078125,5.5107421875,3.1181640625
237,3.8447265625,3.11669921875,3.0732421875,1.94873046875,2.685546875,3.154296875
238,2.97216796875,2.6357421875,3.52197265625,3.01953125,3.60986328125,3.4794921875
239,2.94921875,2.533203125,3.3271484375,2.10693359375,5.29541015625,2.30712890625
240,1.73486328125,3.32421875,3.208984375,2.26806640625,4.89599609375,3.14404296875
241,3.82861328125,2.3837890625,3.31298828125,2.94189453125,3.34912109375,2.517578125
242,3.42333984375,4.46435546875,2.97119140625,2.7314453125,5.1015625,3.16357421875
243,3.06396484375,1.09716796875,3.25244140625,2.7265625,2.44970703125,2.44189453125
244,2.6171875,2.9453125,3.27783203125,2.92822265625,3.15234375,3.32861328125
245,3.02783203125,5.26123046875,3.25244140625,1.72021484375,1.7041015625,2.54345703125
246,2.80078125,3.7197265625,3.63134765625,2.1953125,2.46337890625,2.96533203125
247,2.90673828125,3.52001953125,2.87060546875,2.69677734375,2.79052734375,2.3623046875
248,2.67333984375,3.1318359375,3.09521484375,1.98388671875,2.17236328125,2.849609375
249,3.142578125,3.11767578125,3.35546875,2.12939453125,2.71484375,2.064453125
250,2.208984375,3.13134765625,2.99951171875,2.771484375,3.0234375,2.1591796875
251,3.2099609375,3.56298828125,3.19384765625,1.3447265625,2.8896484375,2.64794921875
252,2.89990234375,3.77099609375,3.08837890625,2.46484375,3.181640625,2.220703125
253,3.45458984375,2.822265625,2.9853515625,2.4951171875,1.857421875,3.2587890625
254,3.79248046875,2.46923828125,3.02294921875,1.6552734375,3.06982421875,3.0234375
255,2.0009765625,3.5224609375,3.0244140625,1.46435546875,2.859375,2.044921875
256,2.34814453125,2.47998046875,3.2578125,1.8046875,2.41943359375,2.89453125
257,2.92333984375,4.2919921875,2.99169921875,2.11376953125,3.5498046875,2.056640625
258,2.015625,2.91162109375,3.466796875,2.45703125,3.216796875,2.2265625
259,4.08203125,4.33349609375,3.00341796875,2.453125,2.81787109375,2.42919921875
260,3.96435546875,3.099609375,3.2958984375,2.1796875,3.47607421875,2.375
261,3.04150390625,3.16796875,3.20556640625,2.1044921875,2.01318359375,3.12890625
262,3.771484375,2.671875,3.79345703125,2.61962890625,3.2255859375,2.71240234375
263,3.2412109375,4.04931640625,3.6044921875,1.6923828125,1.76611328125,2.09716796875
264,3.04736328125,3.65087890625,3.37744140625,1.5302734375,3.01025390625,1.65771484375
265,3.673828125,2.4677734375,3.35546875,1.50244140625,2.73095703125,2.86865234375
266,3.48486328125,3.9892578125,3.455078125,2.41748046875,3.1298828125,2.44580078125
267,3.22607421875,2.5126953125,3.28564453125,1.63330078125,2.0244140625,1.61328125
268,2.197265625,2.3515625,3.2158203125,1.82177734375,2.49560546875,2.70556640625
269,4.07470703125,3.84375,3.04443359375,1.75341796875,2.05419921875,2.39501953125
270,3.48291015625,3.52197265625,3.462890625,2.86181640625,3.32666015625,2.13525390625
271,2.40478515625,2.08447265625,3.48046875,2.0712890625,1.96826171875,2.076171875
272,3.0439453125,3.5625,3.2119140625,1.85791015625,2.96142578125,2.51318359375
273,3.515625,2.0458984375,3.1650390625,1.9560546875,2.55224609375,1.60546875
274,3.68603515625,3.37353515625,3.833984375,2.9921875,2.47900390625,1.712890625
275,2.35107421875,2.447265625,3.28515625,1.841796875,2.322265625,2.18408203125
276,1.79443359375,4.23974609375,3.408203125,2.7919921875,3.05615234375,1.9951171875
277,3.7177734375,1.65673828125,3.3369140625,1.87744140625,3.1494140625,2.89599609375
278,1.509765625,2.15234375,3.1953125,1.7255859375,2.232421875,2.04248046875
279,3.2734375,4.548828125,3.703125,2.69384765625,3.34375,2.4501953125
280,2.09765625,3.74755859375,3.19287109375,1.69384765625,3.68212890625,1.8505859375
281,3.251953125,3.2666015625,3.26611328125,2.2216796875,2.05908203125,2.466796875
282,3.88134765625,3.26416015625,4.01611328125,2.07080078125,2.27685546875,2.13818359375
283,2.27490234375,3.5625,3.12646484375,2.2080078125,4.03857421875,2.2109375
284,2.62646484375,2.79150390625,3.18896484375,2.43994140625,1.96484375,2.54736328125
285,4.60791015625,4.21044921875,3.6015625,2.38818359375,3.2578125,2.01708984375
286,3.32373046875,3.96337890625,3.205078125,2.31982421875,2.955078125,1.8876953125
287,4.76123046875,2.2392578125,3.29248046875,2.30712890625,2.7314453125,2.38525390625
288,4.72265625,2.58203125,2.92626953125,2.58349609375,2.0908203125,1.798828125
289,3.3486328125,3.54345703125,3.15771484375,2.7412109375,2.9287109375,2.80224609375
290,5.04150390625,2.1767578125,2.98291015625,2.53125,1.81884765625,1.2568359375
291,3.0419921875,2.984375,2.88916015625,2.49169921875,2.8466796875,2.26611328125
292,3.458984375,1.75244140625,3.2978515625,1.814453125,1.96533203125,2.443359375
293,5.17138671875,2.96875,3.228515625,1.90087890625,3.30322265625,2.56689453125
294,4.1015625,1.4365234375,3.0537109375,2.70849609375,3.36328125,1.85400390625
295,4.0068359375,2.70703125,3.150390625,2.626953125,2.0673828125,1.6630859375
296,3.86328125,1.70703125,3.72119140625,2.76123046875,3.8486328125,1.71337890625
297,5.087890625,2.94140625,3.25927734375,2.33447265625,2.09375,1.8916015625
298,3.32861328125,2.279296875,3.63134765625,1.77587890625,2.3818359375,2.63916015625
299,4.96875,2.67333984375,3.3828125,2.3740234375,4.03564453125,2.369140625
300,4.2705078125,2.17626953125,2.7958984375,1.6572265625,3.98046875,1.810546875
301,3.74560546875,2.2470703125,3.30224609375,2.36181640625,1.93212890625,2.31005859375
302,3.4443359375,1.4853515625,3.220703125,2.30126953125,3.28662109375,2.50927734375
303,3.7939453125,2.57861328125,3.04736328125,2.37841796875,2.1455078125,1.6650390625
304,3.5400390625,2.11865234375,3.109375,2.12939453125,2.54052734375,1.9150390625
305,3.5947265625,2.74951171875,3.14697265625,2.2275390625,2.42041015625,1.76123046875
306,4.94189453125,2.08837890625,3.34521484375,1.79931640625,3.3671875,2.626953125
307,2.3525390625,2.28857421875,2.90087890625,1.26904296875,3.0966796875,1.533203125
308,3.1884765625,2.41552734375,3.283203125,2.529296875,3.27490234375,1.91357421875
309,4.18115234375,2.162109375,3.39990234375,2.66162109375,2.16552734375,2.0390625
310,3.91796875,2.34912109375,3.2890625,2.42236328125,3.41015625,1.95458984375
311,4.048828125,2.87158203125,3.11865234375,2.66162109375,2.05810546875,2.95703125
312,3.2294921875,2.615234375,3.15185546875,1.4853515625,2.14599609375,2.19091796875
313,3.4248046875,1.6708984375,3.06298828125,2.35791015625,3.60498046875,2.35791015625
314,3.7353515625,2.15625,2.99267578125,2.24609375,3.29736328125,2.4208984375
315,4.52294921875,3.2861328125,3.32763671875,1.921875,2.62158203125,1.875
316,3.7216796875,3.0732421875,3.58642578125,1.6533203125,4.02685546875,1.388671875
317,4.3837890625,1.78955078125,2.966796875,2.77978515625,2.15673828125,2.44970703125
318,4.84033203125,2.072265625,3.60986328125,2.11865234375,4.14697265625,1.7509765625
319,2.6708984375,2.0595703125,3.21533203125,1.4716796875,2.85546875,1.45947265625
320,3.9326171875,2.017578125,3.1953125,1.51220703125,4.08447265625,2.22412109375
321,3.56103515625,2.07275390625,3.3798828125,3.12353515625,2.42822265625,3.0283203125
322,2.95849609375,2.9658203125,3.3046875,2.02197265625,3.62109375,1.3310546875
323,3.9755859375,2.3515625,2.9892578125,2.66162109375,3.02978515625,3.12109375
324,1.36376953125,2.0703125,2.970703125,1.87744140625,4.14208984375,0.99609375
325,5.16943359375,3.15185546875,3.1884765625,2.13916015625,2.30419921875,3.43701171875
326,5.60595703125,2.302734375,2.93359375,2.0693359375,3.900390625,1.39990234375
327,4.3076171875,2.67431640625,3.35888671875,2.21435546875,3.4365234375,3.384765625
328,4.17041015625,2.38671875,3.1162109375,2.0654296875,4.06494140625,1.533203125
329,4.93994140625,3.34326171875,3.380859375,2.00732421875,2.8828125,1.77197265625
330,4.564453125,2.19091796875,3.02587890625,2.4755859375,2.5185546875,1.64013671875
331,4.09521484375,1.8818359375,2.9375,1.73974609375,3.97509765625,1.69287109375
332,2.62109375,1.85791015625,3.3115234375,2.7861328125,3.39453125,1.990234375
333,4.8779296875,2.15478515625,3.19677734375,1.9658203125,2.7880859375,2.51708984375
334,2.55712890625,2.08056640625,3.29150390625,2.8955078125,2.35009765625,2.1474609375
335,3.765625,2.85498046875,2.84423828125,1.25830078125,3.5361328125,1.91064453125
336,2.88671875,1.744140625,2.84228515625,2.3046875,3.62060546875,1.666015625
337,3.54296875,3.1064453125,3.03466796875,1.9931640625,2.39501953125,1.6025390625
338,3.216796875,2.8984375,3.10791015625,2.611328125,3.5390625,1.55419921875
339,2.7548828125,2.46826171875,2.8310546875,1.52978515625,3.0029296875,2.14404296875
340,4.21240234375,2.00732421875,3.34619140625,1.892578125,2.162109375,1.9814453125
341,2.49267578125,2.44287109375,3.25927734375,1.60009765625,3.34619140625,2.115234375
342,2.64453125,1.88818359375,3.02978515625,2.46240234375,2.3701171875,1.572265625
343,3.82470703125,2.86279296875,3.0966796875,1.4736328125,2.22119140625,1.95263671875
344,3.78564453125,3.92431640625,2.9658203125,2.06494140625,2.8125,2.40234375
345,2.646484375,1.53466796875,3.12841796875,1.98974609375,2.17529296875,1.3232421875
346,3.43310546875,2.6875,3.22900390625,1.33740234375,2.60791015625,1.830078125
347,2.3369140625,4.30224609375,3.11181640625,2.3720703125,3.23779296875,2.17578125
348,3.20556640625,3.533203125,3.23681640625,1.31396484375,3.2275390625,1.78515625
349,2.76953125,2.58251953125,3.396484375,1.81103515625,2.1357421875,2.12109375
350,2.8017578125,2.67431640625,3.1689453125,2.23291015625,3.49462890625,1.767578125
351,2.9404296875,2.787109375,3.06787109375,1.96484375,2.30712890625,2.57080078125
352,2.67333984375,3.51220703125,3.12158203125,1.6376953125,1.71875,3.02685546875
353,2.07861328125,2.67236328125,3.34228515625,1.43359375,3.8349609375,2.310546875
354,2.83447265625,3.046875,2.98193359375,1.32470703125,2.90478515625,3.19970703125
355,2.7861328125,3.25537109375,2.94482421875,1.49609375,2.21484375,1.72314453125
356,2.2685546875,3.7451171875,3.31884765625,1.38720703125,3.0107421875,1.4150390625
357,2.2705078125,2.048828125,3.32080078125,1.0556640625,2.0751953125,3.33935546875
358,2.99609375,4.2236328125,3.4501953125,1.83056640625,2.29541015625,2.09912109375
359,2.7900390625,1.69140625,3.4375,2.2685546875,3.873046875,1.890625
360,2.173828125,3.087890625,2.83740234375,1.14111328125,2.69580078125,1.8486328125
361,2.46044921875,2.7607421875,2.6025390625,2.259765625,2.8173828125,2.48291015625
362,2.5703125,2.26416015625,3.16845703125,1.45947265625,2.5078125,1.67431640625
363,3.375,3.1376953125,3.22119140625,1.4521484375,3.59521484375,2.1376953125
364,3.59912109375,2.28271484375,3.2890625,1.87548828125,2.9736328125,2.2001953125
365,1.79736328125,2.71875,3.26318359375,1.60546875,3.5322265625,2.37744140625
366,2.41650390625,2.4833984375,3.130859375,1.9296875,2.85107421875,2.857421875
367,3.0302734375,3.02880859375,3.21240234375,1.2509765625,2.85546875,2.52587890625
368,2.88134765625,3.59619140625,2.9814453125,1.31494140625,3.2294921875,2.205078125
369,2.89404296875,1.64111328125,2.96728515625,1.17578125,2.33203125,2.2802734375
370,2.83740234375,1.87890625,3.56201171875,1.90380859375,3.4130859375,1.6689453125
371,3.6845703125,3.9921875,3.6689453125,2.4951171875,2.06103515625,2.66259765625
372,3.74365234375,2.5302734375,3.08544921875,2.634765625,2.57568359375,1.99267578125
373,2.1787109375,3.6123046875,3.15966796875,1.626953125,2.3603515625,1.447265625
374,2.67431640625,2.09326171875,2.9052734375,1.84130859375,2.2490234375,2.09521484375
375,2.8125,3.36083984375,2.8662109375,1.318359375,3.34765625,1.5224609375
376,2.86865234375,2.36669921875,3.00927734375,1.85302734375,3.13720703125,1.62646484375
377,3.107421875,2.32763671875,3.0400390625,1.27978515625,1.6865234375,2.82373046875
378,3.568359375,3.83544921875,3.0625,1.5947265625,2.86083984375,2.3125
379,2.2685546875,2.79541015625,3.10009765625,2.11572265625,2.4697265625,2.1494140625
380,1.9521484375,2.859375,3.30224609375,2.08251953125,2.73779296875,1.744140625
381,3.71240234375,2.83447265625,3.232421875,1.55322265625,2.95947265625,2.55859375
382,3.3310546875,2.55126953125,3.2978515625,1.8974609375,2.8779296875,2.1201171875
383,2.1630859375,3.86865234375,3.34814453125,2.13330078125,2.3115234375,1.7529296875
384,2.83935546875,3.2333984375,3.22021484375,1.56884765625,2.6533203125,2.70458984375
385,2.25390625,2.8955078125,3.10693359375,1.5673828125,2.79736328125,2.130859375
386,2.24072265625,3.44580078125,2.876953125,2.3330078125,2.6328125,2.13330078125
387,2.75048828125,2.119140625,2.654296875,1.578125,2.474609375,1.7470703125
388,3.20068359375,3.12744140625,3.23095703125,2.65478515625,2.43603515625,2.46630859375
389,2.13330078125,2.1669921875,3.1982421875,1.421875,2.6650390625,1.54541015625
390,1.70458984375,3.01025390625,3.11767578125,2.3798828125,3.38037109375,2.443359375
391,2.45361328125,2.5546875,3.318359375,1.4755859375,1.53466796875,1.82861328125
392,2.27392578125,2.6533203125,3.14990234375,1.32958984375,4.15283203125,1.88525390625
393,2.1630859375,3.466796875,3.12158203125,2.5634765625,1.5517578125,2.27978515625
394,2.21923828125,2.2880859375,3.46435546875,2.06103515625,3.2861328125,2.126953125
395,2.45166015625,2.9150390625,3.56103515625,1.66357421875,3.42529296875,2.40478515625
396,2.330078125,2.81640625,3.2080078125,2.45458984375,2.68408203125,1.9609375
397,2.92041015625,2.5595703125,3.03662109375,1.9375,3.771484375,2.279296875
398,2.52099609375,3.0888671875,3.455078125,2.267578125,3.5146484375,1.431640625
399,2.62255859375,2.05859375,3.2685546875,1.951171875,3.62890625,2.4716796875
400,2.45556640625,2.068359375,3.06787109375,1.21728515625,3.00439453125,3.1025390625
401,2.51611328125,2.615234375,3.04052734375,1.91064453125,3.4228515625,1.82470703125
402,2.92822265625,2.861328125,2.71435546875,1.80322265625,3.16845703125,2.130859375
403,1.9892578125,2.09033203125,2.74365234375,1.228515625,2.47021484375,1.69775390625
404,2.4775390625,3.005859375,3.00439453125,1.53076171875,3.826171875,1.49365234375
405,2.39013671875,1.70849609375,3.095703125,1.126953125,2.1396484375,3.44873046875
406,2.31298828125,2.080078125,2.84765625,1.623046875,3.27587890625,2.1533203125
407,1.91650390625,2.255859375,3.0751953125,1.60107421875,2.466796875,3.04638671875
408,2.509765625,2.55224609375,3.10791015625,2.03173828125,2.46484375,2.32177734375
409,2.41650390625,2.5625,3.0390625,1.4609375,3.45751953125,2.111328125
410,2.68701171875,1.5126953125,2.9345703125,1.92041015625,3.01220703125,3.18359375
411,2.1396484375,2.46826171875,2.92724609375,1.8798828125,2.9677734375,1.857421875
412,2.6357421875,1.966796875,3.15087890625,1.6279296875,2.8125,3.06591796875
413,2.90185546875,2.8134765625,2.9970703125,2.04052734375,3.33154296875,1.67236328125
414,2.4248046875,2.2421875,2.8203125,1.779296875,3.36474609375,2.220703125
415,1.63232421875,2.26953125,2.8662109375,1.97412109375,2.92041015625,1.8984375
416,1.68798828125,2.44873046875,2.94970703125,1.44189453125,3.08740234375,1.333984375
417,2.0244140625,2.08984375,2.8203125,1.48828125,2.85546875,2.57080078125
418,2.037109375,2.16943359375,3.421875,1.587890625,3.26318359375,2.267578125
419,2.59619140625,1.7958984375,2.85302734375,2.6328125,3.1220703125,1.69775390625
420,1.91552734375,2.634765625,3.298828125,1.2880859375,2.873046875,2.12744140625
421,2.68505859375,2.49755859375,3.31689453125,1.892578125,2.8779296875,2.2080078125
422,2.3544921875,2.5673828125,3.0263671875,1.84228515625,3.515625,1.9365234375
423,3.15771484375,2.75244140625,2.96044921875,1.66552734375,2.326171875,1.56982421875
424,1.87646484375,2.615234375,2.94580078125,1.318359375,3.15966796875,1.9619140625
425,2.140625,1.583984375,3.02880859375,2.09228515625,2.46533203125,2.244140625
426,1.7119140625,2.466796875,2.7548828125,1.9453125,3.8076171875,2.34912109375
427,3.4033203125,2.45751953125,3.1025390625,1.95703125,1.9990234375,1.681640625
428,2.2900390625,1.58349609375,2.67822265625,2.0732421875,3.34423828125,2.1611328125
429,3.13623046875,1.83349609375,2.56103515625,1.7255859375,1.96240234375,1.869140625
430,2.576171875,2.244140625,3.1630859375,2.18212890625,3.1513671875,2.2587890625
431,2.91650390625,1.5869140625,2.88916015625,1.87841796875,2.26171875,2.36474609375
432,2.31103515625,2.4287109375,3.3056640625,1.2841796875,3.0048828125,2.02587890625
433,3.1396484375,1.30908203125,3.32958984375,1.76025390625,2.76513671875,2.1865234375
434,2.80810546875,1.6904296875,3.23974609375,1.55859375,1.68310546875,2.87646484375
435,3.47802734375,1.625,3.4091796875,1.62255859375,3.5361328125,2.3515625
436,1.880859375,1.92333984375,3.20703125,1.8984375,2.4638671875,2.41259765625
437,3.53076171875,1.88232421875,2.65380859375,1.46337890625,2.8505859375,1.60791015625
438,2.0224609375,2.34326171875,2.8349609375,1.220703125,3.16796875,2.1201171875
439,3.109375,2.712890625,2.841796875,0.9252929687500001,2.216796875,2.048828125
440,3.1669921875,1.75048828125,3.54541015625,1.84033203125,2.34814453125,2.28173828125
441,2.24609375,1.70751953125,3.56298828125,1.41552734375,2.03955078125,2.07275390625
442,2.423828125,2.2275390625,2.8203125,1.2216796875,2.29931640625,1.71826171875
443,3.7802734375,2.77099609375,2.72216796875,1.83740234375,2.857421875,2.15576171875
444,3.95263671875,2.0439453125,3.31689453125,1.25244140625,3.490234375,1.50341796875
445,2.18994140625,1.37451171875,3.41064453125,1.9423828125,1.7421875,2.1982421875
446,3.548828125,2.20654296875,3.1591796875,1.6806640625,3.9013671875,1.1044921875
447,2.12109375,2.2431640625,3.3173828125,1.8857421875,1.77880859375,1.8095703125
448,3.1845703125,1.73388671875,2.955078125,2.01220703125,3.615234375,1.89501953125
449,2.08642578125,1.568359375,3.03564453125,1.8828125,3.53857421875,2.23388671875
450,2.76513671875,1.75634765625,3.48681640625,1.63037109375,3.5703125,2.265625
451,2.5654296875,2.40966796875,3.279296875,1.59912109375,2.54052734375,2.35546875
452,2.53271484375,2.17626953125,3.33447265625,1.0947265625,3.90576171875,1.39697265625
453,2.8095703125,2.14892578125,3.27099609375,1.48193359375,3.40869140625,1.8671875
454,2.5400390625,1.88525390625,2.98291015625,2.0390625,3.90478515625,1.79541015625
455,1.89453125,1.4619140625,3.11279296875,1.00927734375,2.24658203125,1.8046875
456,2.41943359375,2.17138671875,2.8984375,1.9091796875,2.82861328125,1.59326171875
457,2.3349609375,1.73388671875,2.98193359375,1.60791015625,2.56005859375,1.93017578125
458,2.7734375,1.63232421875,3.017578125,1.779296875,1.33837890625,1.7783203125
459,2.3291015625,1.83203125,3.123046875,1.56201171875,3.95654296875,1.88427734375
460,2.0732421875,2.19287109375,2.97216796875,1.3505859375,1.82177734375,1.7177734375
461,2.58935546875,2.56005859375,3.12353515625,1.1494140625,1.80810546875,1.537109375
462,2.74072265625,1.46826171875,2.7978515625,1.42578125,1.46240234375,2.09033203125
463,2.6025390625,2.0595703125,2.927734375,1.15478515625,2.123046875,1.7724609375
464,3.0009765625,1.7490234375,2.765625,1.3544921875,2.5068359375,1.859375
465,1.81982421875,1.74267578125,2.6123046875,1.3466796875,1.69775390625,1.8955078125
466,3.20947265625,1.849609375,3.00537109375,1.34912109375,2.11181640625,1.41162109375
467,1.44970703125,2.642578125,2.87548828125,0.6713867187500001,1.7529296875,1.748046875
468,3.28076171875,1.93310546875,2.96142578125,1.1513671875,2.841796875,1.93359375
469,1.8095703125,2.697265625,2.912109375,1.517578125,1.8857421875,2.5576171875
470,1.2705078125,1.68701171875,2.70458984375,1.6396484375,2.783203125,1.6474609375
471,2.623046875,1.60888671875,2.85888671875,1.74462890625,1.9580078125,1.9267578125
472,1.6298828125,1.47802734375,3.037109375,1.1376953125,1.61572265625,1.923828125
473,2.54541015625,1.56103515625,3.30615234375,1.26953125,2.7685546875,1.8076171875
474,2.22119140625,1.912109375,2.9384765625,1.77734375,3.03271484375,1.02490234375
475,2.26806640625,2.07568359375,2.8203125,1.5498046875,1.3359375,1.92919921875
476,2.28515625,2.21728515625,3.22412109375,1.33740234375,2.2177734375,1.9609375
477,1.96044921875,1.9443359375,3.1630859375,1.30615234375,2.3564453125,1.56884765625
478,2.32568359375,1.6142578125,2.9521484375,1.57861328125,1.4404296875,2.279296875
479,2.25048828125,2.5361328125,2.9208984375,1.41943359375,2.32861328125,1.77685546875
480,1.71337890625,2.45703125,3.26904296875,1.18701171875,2.0302734375,2.09765625
481,3.0556640625,1.3388671875,3.369140625,1.384765625,1.962890625,2.134765625
482,2.81787109375,1.82177734375,3.38623046875,1.58544921875,2.30322265625,1.3662109375
483,1.7470703125,3.1484375,3.34423828125,1.43505859375,2.37744140625,1.64794921875
484,2.50830078125,2.0,3.08740234375,1.1865234375,2.359375,2.029296875
485,2.0966796875,1.48046875,2.7998046875,1.6005859375,2.17333984375,1.220703125
486,2.345703125,2.0244140625,3.08251953125,1.60595703125,2.10400390625,1.30908203125
487,1.4306640625,1.77685546875,2.86181640625,1.88330078125,2.41796875,1.50048828125
488,2.1396484375,1.6845703125,2.92138671875,1.20068359375,2.04296875,1.4296875
489,1.798828125,2.4306640625,3.13623046875,1.01123046875,1.365234375,1.28271484375
490,1.5009765625,2.8154296875,3.2041015625,1.4150390625,2.19921875,1.78662109375
491,2.34033203125,1.51416015625,2.880859375,1.22119140625,2.4794921875,1.7783203125
492,2.19580078125,1.43994140625,2.88671875,1.40283203125,2.30322265625,1.17822265625
493,3.13427734375,2.5390625,2.49365234375,1.8076171875,1.82177734375,1.93359375
494,2.486328125,1.41455078125,3.0322265625,1.302734375,1.95703125,1.49560546875
495,2.81640625,1.41015625,3.27734375,1.3642578125,2.64013671875,1.291015625
496,1.4833984375,1.78515625,3.10302734375,1.09912109375,2.32666015625,1.68310546875
497,2.9697265625,1.63525390625,3.068359375,1.103515625,1.89111328125,1.6015625
498,2.77001953125,2.341796875,2.69482421875,1.44677734375,2.03173828125,1.3115234375
499,1.9658203125,1.3701171875,2.62939453125,1.11767578125,1.9755859375,1.392578125
500,1.60888671875,1.1484375,2.7109375,1.63037109375,1.78466796875,1.185546875
501,3.3818359375,1.69140625,2.748046875,1.3994140625,1.7509765625,1.30712890625
502,2.49169921875,1.548828125,3.14453125,1.11328125,2.78369140625,1.3125
503,2.7314453125,2.0009765625,2.74853515625,1.26611328125,2.318359375,1.60888671875
504,2.39501953125,1.25830078125,2.93115234375,1.5380859375,1.81396484375,2.2490234375
505,2.658203125,2.25146484375,2.849609375,1.62451171875,2.8544921875,1.50634765625
506,2.62548828125,1.83984375,3.01708984375,0.9189453125,2.13818359375,1.4228515625
507,2.96630859375,1.1552734375,3.10986328125,1.46875,1.91162109375,1.37353515625
508,2.6826171875,2.42578125,3.04833984375,0.962890625,1.4501953125,1.8984375
509,3.11572265625,1.6826171875,3.345703125,1.75244140625,2.58251953125,1.4423828125
510,2.85400390625,1.5146484375,2.8095703125,1.708984375,2.75341796875,1.24072265625
511,2.537109375,1.3330078125,2.560546875,1.25146484375,2.4775390625,1.396484375
512,3.453125,1.74365234375,3.27294921875,1.552734375,2.10400390625,1.75732421875
513,2.11865234375,2.11474609375,2.94287109375,1.62255859375,1.91650390625,1.45068359375
514,3.07373046875,2.0029296875,2.87744140625,1.525390625,2.361328125,1.76416015625
515,2.9892578125,1.5966796875,2.6728515625,1.1884765625,2.0,2.0078125
516,2.8515625,1.228515625,2.65673828125,1.13671875,2.46630859375,1.36572265625
517,3.07568359375,1.2666015625,2.90087890625,1.37939453125,2.12451171875,1.8076171875
518,2.41748046875,1.654296875,2.90185546875,1.40771484375,2.48583984375,1.4814453125
519,2.93798828125,1.22119140625,3.02099609375,1.7138671875,2.068359375,1.53955078125
520,2.67919921875,1.28466796875,2.9638671875,2.11962890625,1.96728515625,1.7109375
521,2.5341796875,1.71630859375,3.1435546875,1.60009765625,1.52099609375,2.03515625
522,2.18798828125,1.52880859375,3.3310546875,1.326171875,1.51708984375,1.91259765625
523,2.50341796875,1.56591796875,3.1162109375,1.01806640625,2.5205078125,1.51416015625
524,3.357421875,1.98193359375,2.85546875,1.57861328125,2.0400390625,2.001953125
525,2.60400390625,2.3369140625,2.98681640625,1.73095703125,1.658203125,1.2939453125
526,2.6103515625,2.25830078125,2.55712890625,1.17822265625,1.6044921875,1.3017578125
527,1.9677734375,1.84326171875,2.5146484375,1.20751953125,1.669921875,1.060546875
528,2.20947265625,1.8349609375,3.080078125,1.5888671875,1.458984375,1.291015625
529,3.31884765625,1.375,2.77783203125,1.31640625,1.3974609375,2.20068359375
530,1.87451171875,1.419921875,3.30078125,1.5,2.03564453125,1.78857421875
531,3.4189453125,1.6943359375,3.4658203125,1.49169921875,1.890625,2.08056640625
532,2.478515625,2.2626953125,2.90576171875,1.216796875,1.9296875,1.23486328125
533,1.98095703125,2.00390625,2.82666015625,1.67724609375,1.771484375,1.544921875
534,3.2607421875,1.3271484375,2.943359375,1.68798828125,1.85791015625,1.26904296875
535,2.42578125,1.677734375,2.74560546875,1.0625,2.3662109375,2.314453125
536,2.228515625,1.591796875,3.0166015625,1.10791015625,1.7177734375,1.63623046875
537,2.48291015625,1.64208984375,2.8291015625,1.611328125,1.50390625,1.93896484375
538,3.29443359375,1.625,3.1474609375,1.75244140625,1.74072265625,1.31884765625
539,1.84228515625,1.5859375,3.07080078125,1.7333984375,1.75830078125,1.99267578125
540,2.07568359375,1.87841796875,3.3037109375,1.1533203125,2.166015625,1.2607421875
541,3.23095703125,1.76708984375,3.080078125,1.29931640625,1.9013671875,2.22119140625
542,2.55419921875,1.65576171875,3.0458984375,1.193359375,1.82373046875,1.23095703125
543,2.390625,1.3974609375,3.1875,1.83984375,2.330078125,1.88623046875
544,2.3876953125,1.75927734375,2.9267578125,1.30712890625,2.30810546875,1.66796875
545,2.4541015625,1.30224609375,3.1552734375,1.494140625,1.7978515625,1.63671875
546,2.669921875,1.70654296875,3.17041015625,1.09765625,2.6337890625,1.7216796875
547,2.54052734375,1.5703125,3.41943359375,0.7778320312500001,2.03759765625,1.474609375
548,2.4560546875,1.216796875,2.734375,1.42236328125,2.01220703125,0.7285156250000001
549,2.3095703125,1.1923828125,3.00146484375,0.8159179687500001,2.1611328125,1.240234375
550,2.6533203125,1.56591796875,2.90380859375,2.1142578125,2.39990234375,1.59326171875
551,1.85888671875,1.50048828125,2.86376953125,1.50048828125,1.51318359375,1.72021484375
552,2.16845703125,1.734375,2.9736328125,0.8837890625,2.5888671875,0.97607421875
553,2.30029296875,1.734375,3.048828125,1.00634765625,1.8662109375,1.43212890625
554,2.44580078125,1.5732421875,2.6357421875,1.47119140625,2.0390625,0.9453125
555,2.5029296875,1.845703125,2.87451171875,1.3974609375,1.49462890625,1.42724609375
556,2.25244140625,1.1513671875,3.29248046875,1.9150390625,1.919921875,1.4443359375
557,2.39208984375,1.07421875,2.6220703125,1.005859375,1.52587890625,1.82177734375
558,2.935546875,2.18212890625,2.6640625,1.22509765625,2.17431640625,1.92578125
559,1.517578125,1.546875,2.5791015625,1.51611328125,2.01318359375,1.70263671875
560,2.94140625,2.1455078125,2.8291015625,1.46240234375,1.98779296875,1.6005859375
561,2.1923828125,2.3017578125,2.98388671875,1.36962890625,1.93798828125,1.17724609375
562,1.7587890625,2.1220703125,3.14013671875,1.34423828125,1.7060546875,1.5771484375
563,2.87548828125,1.865234375,2.8681640625,1.6103515625,2.126953125,1.62939453125
564,2.39013671875,1.927734375,3.48095703125,1.84326171875,2.31787109375,1.97119140625
565,2.4208984375,1.98974609375,3.13525390625,1.28759765625,1.623046875,1.443359375
566,2.232421875,0.98583984375,2.822265625,1.1005859375,2.1640625,1.5966796875
567,2.0966796875,0.8920898437500001,2.48974609375,1.22021484375,1.505859375,1.859375
568,2.158203125,1.57763671875,3.41015625,0.96630859375,2.7626953125,1.2705078125
569,2.14697265625,1.716796875,3.21142578125,0.96142578125,1.654296875,1.8662109375
570,2.6005859375,2.12890625,2.85400390625,1.25244140625,2.5654296875,1.517578125
571,2.5322265625,1.3662109375,3.14404296875,0.74560546875,1.54638671875,1.38623046875
572,2.5205078125,1.7880859375,3.2236328125,1.091796875,2.33349609375,1.57177734375
573,1.84521484375,1.34033203125,3.30126953125,0.70361328125,1.1875,1.58203125
574,1.97119140625,1.400390625,3.07861328125,1.11376953125,1.85009765625,1.15869140625
575,2.81494140625,1.82421875,3.11181640625,1.3896484375,2.13916015625,1.97119140625
576,2.822265625,1.0546875,2.6845703125,1.1064453125,1.6728515625,1.673828125
577,1.8837890625,1.50830078125,2.6455078125,1.08154296875,2.1025390625,1.51611328125
578,1.6611328125,1.87109375,3.4140625,1.21533203125,2.19482421875,1.3271484375
579,2.15185546875,0.982421875,3.14794921875,1.4228515625,1.720703125,1.5869140625
580,2.95654296875,1.76708984375,3.2099609375,1.197265625,2.052734375,1.62451171875
581,1.6103515625,1.3784179687500002,3.04150390625,0.857421875,1.794921875,1.44970703125
582,1.4833984375,1.28271484375,2.580078125,0.970703125,2.54443359375,1.0390625
583,2.77099609375,1.794921875,2.55322265625,0.986328125,2.48291015625,1.0263671875
584,1.18603515625,1.34521484375,2.81494140625,1.35595703125,1.68701171875,1.5087890625
585,2.6796875,1.0546875,2.6171875,1.26513671875,1.7275390625,1.6279296875
586,1.787109375,1.80078125,3.07763671875,1.509765625,2.3310546875,1.31884765625
587,1.71435546875,1.93798828125,3.376953125,1.427734375,2.390625,1.28955078125
588,2.12890625,1.38818359375,3.29296875,1.33544921875,2.39404296875,1.2841796875
589,2.4658203125,1.25537109375,3.1240234375,1.50244140625,2.31298828125,1.60498046875
590,1.24169921875,1.40966796875,3.0068359375,1.54443359375,2.0927734375,1.740234375
591,2.5849609375,1.2626953125,3.14599609375,1.07568359375,1.91943359375,1.107421875
592,1.892578125,1.3740234375,2.91162109375,0.9736328125,1.4794921875,1.408203125
593,1.40673828125,0.951171875,3.2265625,0.7548828125,2.251953125,1.6875
594,1.5224609375,1.1904296875,2.802734375,1.21826171875,1.74951171875,1.40283203125
595,2.05908203125,1.09814453125,2.49853515625,1.38916015625,2.14990234375,1.82470703125
596,1.42626953125,1.79052734375,2.6708984375,1.07373046875,2.0146484375,1.33837890625
597,3.05859375,1.5234375,2.69970703125,0.8237304687500001,1.5087890625,1.80712890625
598,1.22607421875,1.61376953125,2.9453125,1.4765625,2.33447265625,1.255859375
599,3.12744140625,1.5048828125,2.6025390625,1.06494140625,1.61328125,1.61865234375
600,2.01220703125,1.20849609375,3.0029296875,1.03955078125,1.65673828125,1.41162109375
601,2.25537109375,1.5048828125,2.76318359375,0.80517578125,1.505859375,1.57177734375
602,1.27001953125,1.130859375,2.86962890625,1.6298828125,1.48828125,1.43408203125
603,2.4560546875,1.31103515625,2.7861328125,1.8447265625,1.77978515625,1.216796875
604,2.23388671875,1.34814453125,2.978515625,1.25,2.61865234375,1.66650390625
605,1.9619140625,1.8740234375,2.59521484375,1.64208984375,1.796875,1.41259765625
606,1.8623046875,1.4189453125,2.966796875,1.1455078125,1.42529296875,1.640625
607,2.193359375,2.02490234375,2.76318359375,1.08203125,1.236328125,1.40283203125
608,1.1015625,1.708984375,3.09716796875,1.38134765625,1.451171875,1.82080078125
609,2.05859375,1.3505859375,2.9541015625,0.94921875,2.22412109375,1.24560546875
610,1.78515625,1.33984375,3.4990234375,1.35693359375,1.9365234375,1.27685546875
611,1.92138671875,1.43212890625,3.193359375,1.5703125,1.5830078125,1.55712890625
612,1.8193359375,1.44482421875,3.5322265625,1.69677734375,2.322265625,1.60400390625
613,1.6865234375,1.07666015625,3.26123046875,1.51708984375,1.7509765625,1.49755859375
614,1.91064453125,1.79541015625,3.04736328125,1.0458984375,1.95556640625,1.5361328125
615,1.6142578125,1.6982421875,2.8388671875,0.7568359375,1.6884765625,1.5068359375
616,1.6650390625,1.2783203125,2.6171875,1.46923828125,1.94287109375,1.3681640625
617,2.34912109375,1.34423828125,2.77001953125,1.31298828125,2.00830078125,1.724609375
618,1.4794921875,1.4560546875,2.767578125,1.041015625,1.54443359375,1.06005859375
619,2.0341796875,1.513671875,2.56201171875,1.248046875,2.34228515625,1.32373046875
620,1.3583984375,2.009765625,3.01220703125,1.1416015625,2.18408203125,1.619140625
621,1.6630859375,1.67431640625,2.9677734375,0.8994140625,1.9150390625,1.736328125
622,1.6513671875,1.74853515625,3.1806640625,1.15234375,2.51904296875,1.98486328125
623,1.9111328125,1.498046875,3.119140625,1.16748046875,1.48193359375,1.466796875
624,1.35595703125,1.19970703125,2.87158203125,1.09912109375,1.25244140625,1.23828125
625,1.7099609375,1.357421875,2.85009765625,1.220703125,1.283203125,1.03466796875
626,1.47607421875,1.9287109375,2.62353515625,1.34619140625,2.0234375,1.4365234375
627,2.13916015625,1.4716796875,3.08056640625,1.0927734375,1.935546875,1.50439453125
628,1.4013671875,1.748046875,3.07275390625,0.966796875,2.00341796875,1.27490234375
629,2.26318359375,1.72607421875,3.015625,0.84326171875,2.10791015625,1.54931640625
630,1.669921875,1.47607421875,2.6953125,1.09814453125,1.642578125,1.03955078125
631,2.2607421875,1.67529296875,2.82666015625,0.9287109375,1.65869140625,1.11572265625
632,2.0830078125,1.15673828125,2.73388671875,0.92041015625,1.76025390625,1.6123046875
633,2.0390625,1.208984375,2.83056640625,0.91455078125,1.6826171875,1.62255859375
634,1.626953125,2.083984375,2.91552734375,1.32958984375,2.0185546875,1.24267578125
635,1.7216796875,1.22265625,2.87109375,1.27197265625,1.4853515625,1.916015625
636,2.26513671875,1.3232421875,2.6767578125,1.46728515625,2.0576171875,1.67333984375
637,1.494140625,1.380859375,2.51318359375,1.13916015625,1.8486328125,1.60595703125
638,1.9970703125,1.55517578125,2.896484375,0.779296875,1.74072265625,1.646484375
639,1.7646484375,1.46240234375,2.912109375,1.099609375,1.2978515625,1.89306640625
640,2.0390625,1.35400390625,2.89501953125,1.28076171875,1.52880859375,1.44189453125
641,2.02734375,1.04736328125,2.943359375,1.25537109375,1.33203125,1.54638671875
642,1.21044921875,1.20263671875,2.9541015625,1.33056640625,1.71044921875,1.4169921875
643,1.74560546875,1.3935546875,3.189453125,1.55859375,1.49169921875,1.40576171875
644,1.23193359375,1.4228515625,2.892578125,1.0556640625,1.26220703125,1.24365234375
645,1.36865234375,1.94482421875,2.92041015625,1.3720703125,1.4658203125,1.4130859375
646,1.5869140625,1.23193359375,2.86767578125,1.19140625,1.18212890625,1.39990234375
647,1.64453125,1.33642578125,2.9287109375,1.1923828125,1.73486328125,1.4375
648,1.2314453125,1.7109375,2.95947265625,1.779296875,2.1904296875,1.173828125
649,2.060546875,1.85888671875,3.13037109375,1.521484375,1.798828125,1.1494140625
650,1.87109375,1.703125,2.64990234375,0.783203125,1.2841796875,1.4345703125
651,1.29296875,1.77587890625,2.640625,0.7646484375,1.41015625,1.11572265625
652,1.41015625,1.51171875,3.06396484375,1.30859375,1.775390625,1.27197265625
653,1.65380859375,1.48828125,2.75830078125,1.0302734375,2.50830078125,1.65087890625
654,1.88525390625,1.306640625,3.26220703125,1.0244140625,1.8095703125,1.58154296875
655,1.41015625,1.2685546875,2.994140625,1.2978515625,1.39453125,1.67724609375
656,1.25048828125,1.54248046875,2.728515625,0.79248046875,1.58544921875,1.037109375
657,1.8154296875,1.25634765625,2.70849609375,1.0517578125,1.75537109375,1.65478515625
658,1.13818359375,1.65283203125,3.0986328125,1.16748046875,1.5986328125,1.60791015625
659,1.62451171875,1.2490234375,3.29345703125,0.99072265625,1.72998046875,1.6181640625
660,1.537109375,1.85009765625,2.681640625,1.083984375,1.79541015625,1.46044921875
661,1.56201171875,1.41552734375,2.77001953125,1.048828125,1.72509765625,1.11865234375
662,2.06298828125,1.63720703125,2.482421875,0.875,1.52978515625,1.16552734375
663,1.62841796875,1.09130859375,2.36669921875,0.9267578125,1.17138671875,1.66259765625
664,1.75927734375,1.5908203125,3.12548828125,1.490234375,2.11083984375,1.71142578125
665,1.36328125,1.62109375,2.95947265625,1.32666015625,2.15771484375,1.6796875
666,1.2900390625,1.43115234375,3.1005859375,1.09521484375,1.49853515625,1.57177734375
667,1.9228515625,1.54248046875,2.92236328125,0.875,1.9560546875,1.15771484375
668,1.05859375,1.89599609375,2.87109375,1.45849609375,1.43798828125,0.978515625
669,1.3662109375,1.4140625,2.55419921875,1.3544921875,1.89404296875,1.02001953125
670,1.8046875,1.7568359375,3.16015625,1.69384765625,1.52685546875,1.1982421875
671,2.349609375,1.44873046875,2.767578125,1.671875,1.34716796875,1.17822265625
672,1.0966796875,1.23095703125,2.82470703125,1.44287109375,1.2333984375,1.4755859375
673,2.89794921875,1.3388671875,2.58935546875,1.05908203125,1.32470703125,1.09228515625
674,2.7431640625,1.767578125,3.296875,1.2177734375,1.54736328125,0.97998046875
675,1.52685546875,2.0234375,3.31298828125,1.2255859375,1.87744140625,1.615234375
676,1.599609375,1.81787109375,2.9619140625,1.06494140625,1.70068359375,1.22021484375
677,2.02197265625,1.0634765625,2.9814453125,1.48974609375,1.46240234375,1.24755859375
678,0.998046875,1.166015625,2.84912109375,1.61962890625,1.6201171875,1.2744140625
679,1.96826171875,1.16064453125,2.92236328125,1.59228515625,1.22705078125,1.90478515625
680,1.97021484375,1.67138671875,3.1708984375,1.134765625,1.5595703125,1.66015625
681,1.63916015625,1.88720703125,2.97265625,1.03466796875,1.73193359375,2.21484375
682,1.92431640625,1.6708984375,2.705078125,1.07666015625,1.98291015625,1.01806640625
683,1.90478515625,1.65234375,2.71435546875,1.07080078125,1.697265625,1.1142578125
684,1.81591796875,1.7919921875,3.017578125,1.50634765625,1.677734375,1.2509765625
685,1.875,1.63916015625,2.86962890625,1.216796875,1.2900390625,1.1064453125
686,1.57275390625,1.7158203125,3.06884765625,1.08447265625,2.03662109375,1.6220703125
687,1.93896484375,1.1181640625,2.94970703125,1.0390625,1.76123046875,1.1201171875
688,2.08056640625,1.60400390625,3.0224609375,1.14453125,1.82763671875,1.3056640625
689,1.763671875,1.23046875,3.01220703125,1.1533203125,1.119140625,0.90380859375
690,1.943359375,1.654296875,2.61962890625,1.06103515625,1.7509765625,1.52197265625
691,1.8671875,1.44970703125,2.6005859375,0.97802734375,1.22900390625,1.9677734375
692,1.6875,1.029296875,2.58203125,1.24853515625,1.64453125,1.37646484375
693,1.72265625,1.2509765625,2.6806640625,1.384765625,0.9775390625,1.30419921875
694,1.578125,1.546875,2.52099609375,1.3876953125,2.02197265625,1.869140625
695,1.87255859375,1.35107421875,2.580078125,1.3466796875,1.427734375,1.55810546875
696,1.490234375,1.96630859375,3.1962890625,1.51220703125,1.0185546875,1.16552734375
697,1.5869140625,1.66455078125,3.18408203125,1.21240234375,1.44775390625,2.11181640625
698,1.44140625,1.7197265625,3.13720703125,1.533203125,1.060546875,1.49267578125
699,1.34814453125,1.5810546875,3.0341796875,1.73486328125,1.48193359375,0.9990234375
700,1.505859375,1.267578125,2.9091796875,1.34228515625,1.81396484375,1.02197265625
701,1.4150390625,1.3603515625,2.9130859375,0.8466796875000001,1.39599609375,1.640625
702,1.27880859375,0.9345703125,2.90380859375,1.0849609375,1.32958984375,1.12451171875
703,1.60107421875,1.35595703125,2.66357421875,0.810546875,1.74072265625,1.6005859375
704,1.2080078125,1.62158203125,2.8046875,1.697265625,1.6396484375,0.9873046875000001
705,1.70166015625,1.818359375,2.78564453125,1.26171875,1.19677734375,1.2080078125
706,1.3515625,1.23583984375,3.39404296875,0.8955078125,1.4599609375,0.96044921875
707,1.828125,1.34619140625,3.63330078125,1.162109375,1.6787109375,1.0810546875
708,1.2177734375,1.34375,2.94921875,1.1943359375,1.943359375,1.2001953125
709,1.03173828125,1.2158203125,2.88134765625,1.02783203125,1.333984375,1.64501953125
710,1.4794921875,1.55712890625,3.33935546875,0.71630859375,1.9443359375,1.18505859375
711,1.83349609375,1.646484375,3.20263671875,0.7958984375000001,1.29931640625,1.54296875
712,1.4658203125,1.71728515625,3.11474609375,0.94140625,1.2724609375,1.20849609375
713,2.08984375,1.55712890625,2.71630859375,0.91162109375,1.92138671875,1.30810546875
714,1.873046875,1.73046875,2.60595703125,1.013671875,2.005859375,1.419921875
715,1.66162109375,1.5107421875,2.69775390625,1.13232421875,1.52587890625,1.48486328125
716,1.60986328125,1.40771484375,3.09814453125,1.04248046875,1.55859375,1.037109375
717,1.1669921875,1.34521484375,2.89404296875,0.93505859375,1.45458984375,1.32275390625
718,1.732421875,1.8818359375,2.67919921875,1.80712890625,1.85791015625,0.912109375
719,1.82275390625,1.642578125,2.56201171875,1.4814453125,1.8427734375,1.201171875
720,1.94775390625,1.84033203125,2.8193359375,1.2392578125,1.8740234375,0.72265625
721,1.755859375,1.38623046875,2.6328125,1.341796875,1.54736328125,0.9736328125
722,1.197265625,1.65625,3.35595703125,1.2451171875,1.61474609375,1.0703125
723,1.9951171875,1.42626953125,2.79541015625,1.1904296875,1.16943359375,1.462890625
724,1.53076171875,1.91064453125,2.97998046875,1.111328125,1.61474609375,1.5185546875
725,1.8232421875,1.4248046875,2.9072265625,1.2333984375,1.4091796875,1.6240234375
726,1.08251953125,1.13330078125,3.0888671875,0.95751953125,1.01318359375,1.67431640625
727,1.9599609375,1.00390625,3.07958984375,1.0537109375,1.30908203125,1.72705078125
728,2.0732421875,1.1494140625,3.0810546875,0.8896484375,1.15966796875,1.6298828125
729,1.658203125,1.25048828125,2.912109375,1.20849609375,1.11083984375,1.71337890625
730,1.85791015625,1.47265625,2.78369140625,1.02783203125,1.74365234375,1.48779296875
731,2.0810546875,1.7431640625,2.9248046875,0.7983398437500001,1.35400390625,1.3408203125
732,1.3310546875,1.3037109375,2.94482421875,1.07666015625,1.9541015625,1.0947265625
733,1.1923828125,1.03759765625,2.9697265625,0.81103515625,2.3203125,1.3251953125
734,1.29296875,1.69580078125,2.7314453125,1.5185546875,1.10498046875,1.24365234375
735,1.3466796875,1.3994140625,2.62451171875,1.0302734375,1.0859375,1.60302734375
736,1.79443359375,1.1728515625,2.80224609375,1.14599609375,2.10302734375,1.67236328125
737,1.7939453125,1.080078125,2.9423828125,1.28466796875,1.36083984375,1.47607421875
738,1.3017578125,1.28076171875,2.8193359375,1.39794921875,1.54443359375,1.5478515625
739,1.55029296875,1.6005859375,2.755859375,1.1005859375,1.88671875,1.20751953125
740,1.28271484375,1.52294921875,3.32421875,1.1455078125,1.70263671875,1.76611328125
741,1.20654296875,1.365234375,3.1552734375,1.02783203125,0.82177734375,1.5654296875
742,1.12060546875,1.74755859375,2.41845703125,1.66845703125,2.0947265625,0.8618164062500001
743,1.63232421875,1.76513671875,2.4384765625,1.29541015625,1.552734375,1.015625
744,1.5986328125,1.51513671875,3.02587890625,1.5380859375,1.83203125,1.37939453125
745,1.2353515625,1.77880859375,3.3037109375,1.45263671875,1.83203125,1.3564453125
746,1.6064453125,0.9873046875,2.92333984375,1.17626953125,1.61669921875,1.259765625
747,2.1796875,1.0439453125,3.01708984375,1.08154296875,1.35693359375,1.21875
748,1.18701171875,1.41748046875,2.833984375,1.18701171875,1.12890625,1.4833984375
749,2.4345703125,1.52197265625,3.09765625,1.125,1.3486328125,1.30712890625
750,1.43359375,1.30517578125,3.0390625,1.37109375,1.4833984375,1.0458984375
751,1.9072265625,1.70458984375,2.62109375,1.0,1.54736328125,1.0732421875
752,1.49267578125,1.236328125,3.01806640625,1.2177734375,1.43701171875,1.5048828125
753,2.40625,1.16552734375,2.650390625,1.2548828125,1.37255859375,1.58154296875
754,1.79443359375,1.14501953125,3.13037109375,0.7509765625000001,1.96484375,1.14404296875
755,1.2822265625,1.1787109375,2.90771484375,0.85205078125,1.6025390625,1.341796875
756,1.28173828125,1.3115234375,2.8388671875,1.0458984375,1.2578125,1.48974609375
757,1.37060546875,1.35205078125,2.69189453125,0.89453125,1.26904296875,1.64208984375
758,1.6865234375,1.43798828125,2.93798828125,1.23828125,1.06396484375,1.29541015625
759,1.36669921875,1.32421875,2.85009765625,1.4306640625,0.75537109375,1.3779296875
760,1.5146484375,1.43408203125,3.04541015625,0.76953125,1.4541015625,0.8359375000000001
761,1.48095703125,1.42041015625,3.1103515625,0.85791015625,0.7612304687500001,1.1123046875
762,2.29736328125,1.04296875,2.72802734375,1.5029296875,1.4736328125,1.49951171875
763,1.62548828125,1.16552734375,2.36083984375,1.23876953125,1.58642578125,1.291015625
764,1.33349609375,1.71923828125,2.96533203125,1.2646484375,1.52587890625,1.82421875
765,1.548828125,1.3994140625,2.990234375,1.2275390625,2.07666015625,1.5947265625
766,1.79736328125,1.68017578125,2.72265625,0.7451171875,1.69287109375,1.03857421875
767,1.552734375,1.3447265625,3.01416015625,0.97998046875,1.3447265625,1.2509765625
768,1.31982421875,1.8310546875,2.9443359375,1.322265625,1.5546875,1.4794921875
769,2.10009765625,1.283203125,2.98193359375,1.27099609375,1.095703125,1.02978515625
770,1.55224609375,1.888671875,2.966796875,1.1416015625,1.2744140625,1.35400390625
771,1.7177734375,1.4873046875,2.8671875,0.95068359375,1.37060546875,1.46875
772,1.36572265625,1.80810546875,2.5087890625,1.1044921875,1.5205078125,1.24560546875
773,1.65087890625,1.6064453125,2.5498046875,0.9765625,1.62353515625,1.2138671875
774,1.5615234375,1.416015625,3.21142578125,0.99951171875,1.51123046875,1.7958984375
775,1.60302734375,1.22021484375,3.26953125,0.9345703125,1.37109375,1.556640625
776,1.5849609375,1.47705078125,2.9248046875,0.94287109375,1.57958984375,1.0498046875
777,1.3935546875,1.1376953125,2.9228515625,1.07470703125,1.34521484375,1.4765625
778,2.37451171875,1.05419921875,3.232421875,1.17041015625,1.15966796875,1.29833984375
779,1.9365234375,1.0908203125,2.7841796875,1.41943359375,1.13134765625,1.72802734375
780,1.73974609375,1.69580078125,2.56591796875,0.94140625,1.3583984375,1.19384765625
781,1.318359375,1.875,2.35302734375,1.04736328125,1.07861328125,1.53515625
782,1.841796875,1.373046875,3.03369140625,1.22900390625,1.27783203125,1.0341796875
783,1.49365234375,1.3564453125,2.794921875,1.21630859375,1.34375,0.9404296875
784,1.0693359375,1.22607421875,2.4052734375,1.39306640625,1.75146484375,1.16845703125
785,1.65771484375,1.615234375,2.54931640625,1.43212890625,1.4775390625,1.89453125
786,1.255859375,1.12548828125,2.74072265625,0.56982421875,1.376953125,1.29248046875
787,1.0048828125,1.14501953125,2.9072265625,0.5341796875,1.27099609375,1.666015625
788,1.34326171875,1.568359375,3.0029296875,0.81494140625,1.521484375,1.1171875
789,1.17041015625,1.47705078125,3.03369140625,0.853515625,0.99462890625,1.49267578125
790,1.27392578125,1.00634765625,3.43994140625,1.00927734375,1.5966796875,1.76953125
791,1.48486328125,1.35107421875,3.24072265625,0.9208984375000001,1.60302734375,1.720703125
792,1.3525390625,1.4189453125,3.1005859375,1.353515625,1.26123046875,0.8745117187500001
793,1.35546875,1.12353515625,3.1875,1.04150390625,1.21923828125,1.45458984375
794,1.94189453125,1.18017578125,2.87841796875,1.5859375,1.13330078125,1.17578125
795,1.572265625,0.8544921875,2.830078125,1.29345703125,1.01318359375,1.16015625
796,1.49169921875,1.58544921875,3.162109375,0.83984375,1.11865234375,1.18798828125
797,1.7177734375,1.34912109375,3.10009765625,0.90576171875,1.60546875,1.20849609375
798,1.8876953125,1.26953125,2.79150390625,0.98583984375,1.18701171875,0.91162109375
799,1.93505859375,1.1982421875,2.83837890625,0.7451171875,1.3251953125,0.83349609375
800,0.99658203125,1.1689453125,2.935546875,1.23046875,1.724609375,2.091796875
801,1.048828125,1.30615234375,2.76318359375,1.29931640625,1.0595703125,1.46337890625
802,1.8330078125,1.2861328125,3.18017578125,1.009765625,1.4921875,1.63037109375
803,1.6396484375,1.2607421875,2.9609375,1.15478515625,1.615234375,1.52587890625
804,1.4892578125,1.0810546875,2.7333984375,1.00146484375,1.48681640625,1.4052734375
805,1.8515625,0.9423828125,2.5830078125,1.158203125,1.2109375,1.4814453125
806,1.28125,1.1796875,2.92578125,1.3671875,1.22314453125,0.91259765625
807,1.56884765625,1.24267578125,2.7333984375,1.1015625,1.185546875,0.93896484375
808,1.2421875,1.29150390625,3.00048828125,1.3076171875,0.97802734375,1.421875
809,1.60693359375,1.14990234375,2.7900390625,1.04931640625,1.388671875,1.31591796875
810,1.19189453125,1.2490234375,2.388671875,1.294921875,1.29736328125,1.19287109375
811,1.20068359375,1.212890625,2.4443359375,1.3681640625,1.02685546875,1.2109375
812,1.21240234375,0.8974609375,3.1044921875,1.14013671875,1.2451171875,1.16943359375
813,1.78955078125,1.19677734375,2.77001953125,1.22314453125,1.31982421875,1.56005859375
814,1.45458984375,0.8603515625,2.943359375,1.08544921875,0.92333984375,1.02685546875
815,1.7158203125,0.8095703125,2.82861328125,1.0849609375,1.16259765625,1.4736328125
816,2.03369140625,1.15966796875,2.958984375,1.4765625,2.1572265625,1.23193359375
817,1.57958984375,1.14013671875,2.705078125,1.39453125,1.7587890625,1.240234375
818,1.7236328125,1.623046875,3.01611328125,0.87109375,1.431640625,1.01806640625
819,1.44384765625,1.29833984375,3.1298828125,1.015625,1.48876953125,1.3662109375
820,1.50244140625,1.48095703125,3.0703125,1.52197265625,1.845703125,1.46630859375
821,1.92529296875,1.73974609375,2.87451171875,1.197265625,1.375,1.21337890625
822,1.10205078125,1.04931640625,2.98291015625,0.69140625,1.5390625,1.4501953125
823,1.580078125,1.03271484375,2.75390625,0.6201171875,1.56494140625,1.54345703125
824,1.263671875,1.63037109375,3.2705078125,1.51025390625,1.580078125,1.10888671875
825,1.8056640625,1.453125,3.07177734375,1.029296875,1.0478515625,1.05126953125
826,1.5029296875,1.4521484375,3.1220703125,1.15771484375,1.6494140625,1.03466796875
827,1.4892578125,1.3505859375,2.90966796875,0.99072265625,1.08935546875,1.06982421875
828,1.8056640625,1.01904296875,3.0263671875,1.54345703125,1.8955078125,1.1845703125
829,1.18701171875,0.8637695312500001,2.93310546875,1.4394531250000004,1.23388671875,1.0830078125
830,1.4208984375,1.515625,2.86181640625,1.00439453125,1.7119140625,1.07763671875
831,1.2529296875,1.318359375,2.7099609375,1.1484375,1.85986328125,1.4326171875
832,1.35693359375,1.23291015625,2.72705078125,1.248046875,1.10546875,1.13525390625
833,1.38525390625,1.587890625,2.67431640625,1.1337890625,1.02392578125,1.0029296875
834,1.19580078125,1.28076171875,2.80078125,1.43896484375,1.3720703125,1.37255859375
835,1.22412109375,1.439453125,2.83544921875,1.4296875,1.625,1.2275390625
836,1.25146484375,1.7109375,2.90087890625,1.11376953125,1.1044921875,1.21630859375
837,1.341796875,1.3798828125,2.943359375,1.64501953125,1.5693359375,1.08154296875
838,1.380859375,0.95751953125,3.138671875,1.0537109375,1.2646484375,1.2431640625
839,1.71875,0.9306640625,3.0556640625,0.828125,0.8803710937500001,1.3251953125
840,1.6708984375,1.099609375,3.2255859375,1.07861328125,1.4404296875,1.1328125
841,1.28369140625,1.1533203125,2.98974609375,1.15625,1.318359375,1.41064453125
842,1.67919921875,1.55908203125,2.85595703125,0.984375,1.5625,1.392578125
843,1.2724609375,1.21533203125,2.6796875,1.23095703125,1.12060546875,1.74609375
844,1.646484375,1.7744140625,2.57861328125,1.37548828125,1.04736328125,1.0673828125
845,1.27294921875,1.26953125,2.8193359375,1.185546875,1.3291015625,1.3330078125
846,0.880859375,1.1875,2.74951171875,1.55126953125,1.6259765625,1.1201171875
847,1.4521484375,1.306640625,2.81396484375,1.26904296875,1.6689453125,1.51708984375
848,1.3037109375,1.255859375,2.39990234375,1.15380859375,1.3017578125,0.6987304687500001
849,1.33935546875,1.45361328125,2.44482421875,0.8916015625000001,0.8559570312500001,0.79931640625
850,1.6748046875,1.4833984375,2.92333984375,1.11376953125,1.5341796875,1.39404296875
851,1.85595703125,1.76123046875,3.07275390625,1.41259765625,1.15771484375,1.59521484375
852,1.37646484375,1.1904296875,2.93359375,0.91064453125,1.541015625,1.4267578125
853,1.5,1.12353515625,2.91357421875,1.15283203125,1.43408203125,1.64990234375
854,1.36962890625,1.56005859375,3.048828125,0.88623046875,1.50439453125,1.3798828125
855,1.359375,1.236328125,2.9619140625,0.7163085937500001,0.91796875,1.15625
856,1.41015625,1.32861328125,3.09033203125,1.44287109375,1.7353515625,1.20654296875
857,1.56640625,1.3076171875,2.92236328125,1.52783203125,1.44384765625,1.3388671875
858,1.5517578125,1.3779296875,2.69384765625,1.35791015625,1.53662109375,0.7011718750000001
859,1.00390625,0.98046875,2.43310546875,1.1708984375,1.4580078125,1.12890625
860,1.22265625,1.12353515625,2.82080078125,1.10986328125,1.6728515625,1.00341796875
861,1.18359375,0.98681640625,2.58203125,0.93310546875,1.7666015625,1.173828125
862,1.61328125,1.373046875,2.8212890625,1.47265625,1.0986328125,1.537109375
863,1.6474609375,1.1220703125,2.8583984375,1.21435546875,1.06787109375,1.31787109375
864,1.177734375,1.44873046875,3.14990234375,1.1669921875,1.6435546875,1.4794921875
865,1.40185546875,1.60693359375,3.1982421875,0.9711914062500001,1.7275390625,1.2841796875
866,1.10205078125,1.58642578125,2.97412109375,1.01318359375,1.6474609375,1.35107421875
867,1.08349609375,1.541015625,2.97412109375,0.9257812500000001,1.6826171875,1.2744140625
868,1.78857421875,1.615234375,2.7646484375,1.462890625,1.69970703125,0.94775390625
869,1.77099609375,1.25830078125,2.78515625,1.572265625,1.6455078125,1.59619140625
870,1.365234375,1.37158203125,2.7373046875,0.9248046875,2.02685546875,1.5732421875
871,1.46484375,1.13818359375,2.6337890625,0.8222656250000001,1.40185546875,1.248046875
872,1.2783203125,0.8701171875,2.74658203125,1.15771484375,1.341796875,0.79150390625
873,1.70654296875,0.86083984375,2.4794921875,1.2080078125,1.30859375,1.14794921875
874,1.13671875,0.98828125,2.82080078125,1.36083984375,1.5419921875,1.61181640625
875,1.44482421875,1.28125,2.7294921875,1.62451171875,1.2890625,1.73291015625
876,1.484375,0.89013671875,2.697265625,1.1865234375,1.04931640625,1.01025390625
877,1.224609375,0.8662109375,2.45751953125,1.26806640625,1.07763671875,1.337890625
878,1.2666015625,1.0732421875,2.83837890625,1.02197265625,1.3505859375,0.6655273437500001
879,1.70068359375,1.23193359375,2.83984375,0.98779296875,0.779296875,1.1513671875
880,1.25537109375,1.74462890625,3.23828125,1.3447265625,1.27490234375,1.01513671875
881,1.6142578125,1.580078125,3.1484375,0.9345703125,1.380859375,1.3310546875
882,1.3955078125,1.03955078125,2.75390625,0.9111328125,1.8876953125,0.80224609375
883,1.2353515625,1.06787109375,2.521484375,0.76025390625,1.18896484375,1.00927734375
884,1.05029296875,1.30859375,2.78955078125,1.2744140625,1.3916015625,1.34619140625
885,1.4287109375,1.27490234375,3.17041015625,1.1826171875,1.412109375,1.51171875
886,1.5634765625,0.8828125,3.00537109375,1.14404296875,2.04541015625,1.6875
887,1.68896484375,0.77197265625,2.94384765625,1.25244140625,1.5595703125,1.521484375
888,0.66357421875,1.263671875,3.37353515625,1.48828125,1.068359375,1.5849609375
889,0.93896484375,1.19580078125,2.8466796875,1.048828125,1.9541015625,1.2412109375
890,2.05859375,0.806640625,2.6474609375,1.05859375,1.20849609375,1.345703125
891,1.56298828125,0.69189453125,2.59228515625,0.92724609375,0.9951171875,1.3818359375
892,1.18115234375,1.21142578125,2.984375,0.80908203125,1.21728515625,1.0546875
893,1.705078125,1.22021484375,2.8056640625,0.5815429687500001,1.30224609375,0.8115234375
894,1.2841796875,1.41064453125,3.17236328125,0.6196289062500001,1.18212890625,1.31787109375
895,1.1943359375,1.5703125,3.068359375,0.6420898437500001,0.8593750000000001,1.3740234375
896,1.27978515625,1.201171875,2.72509765625,1.14794921875,1.72265625,1.42041015625
897,1.4296875,0.9765625,2.66845703125,1.1123046875,1.41259765625,1.478515625
898,1.05419921875,0.96826171875,2.80322265625,1.12890625,1.19140625,1.150390625
899,1.39892578125,1.0107421875,2.5556640625,0.859375,0.8046875,1.44775390625
900,1.36328125,1.37548828125,2.80029296875,1.15869140625,1.220703125,0.5537109375
901,1.5458984375,1.15478515625,2.48779296875,0.9375,1.06689453125,1.43896484375
902,1.40380859375,1.123046875,2.93017578125,1.16455078125,1.208984375,0.82275390625
903,1.5517578125,0.8984375,2.83935546875,1.4990234375,1.03173828125,1.10205078125
904,1.26904296875,1.14990234375,3.0634765625,0.81201171875,1.59765625,1.19287109375
905,1.58642578125,1.08935546875,2.92578125,0.6157226562500002,1.13037109375,1.1953125
906,1.11669921875,1.5537109375,3.154296875,1.00537109375,1.5126953125,1.00146484375
907,1.4453125,1.65234375,3.1552734375,1.41162109375,1.43798828125,0.9360351562500001
908,1.2451171875,1.43310546875,2.7001953125,1.150390625,1.22998046875,1.126953125
909,1.7744140625,1.4052734375,2.4619140625,1.51318359375,1.185546875,1.09130859375
910,1.25830078125,1.75244140625,2.62060546875,0.85595703125,1.4130859375,1.23291015625
911,1.47021484375,1.74169921875,2.56005859375,0.78076171875,0.84326171875,1.1064453125
912,1.33056640625,0.74462890625,3.0078125,0.76708984375,1.11376953125,1.419921875
913,1.06298828125,0.80322265625,2.7744140625,0.8837890625,0.8583984375,1.435546875
914,1.53466796875,0.96337890625,3.11865234375,1.47021484375,1.59033203125,1.4716796875
915,1.28955078125,1.03515625,3.0712890625,1.0693359375,1.35888671875,1.4970703125
916,1.1435546875,1.46044921875,2.7646484375,1.18017578125,1.37548828125,0.451171875
917,1.75439453125,1.55078125,2.9931640625,1.03662109375,0.935546875,0.8349609375
918,1.18359375,1.1884765625,2.95751953125,1.46240234375,1.3408203125,1.1962890625
919,1.29296875,1.021484375,2.91943359375,1.12353515625,1.23828125,1.041015625
920,1.625,1.41357421875,2.9619140625,1.00048828125,1.10546875,0.93896484375
921,1.69921875,1.82763671875,2.80126953125,1.06787109375,1.17236328125,1.044921875
922,1.5927734375,1.302734375,2.6533203125,1.3193359375,1.20654296875,1.0732421875
923,1.58447265625,1.20166015625,2.74267578125,1.22021484375,1.0322265625,1.0380859375
924,1.53125,1.02294921875,2.68310546875,0.62109375,1.30078125,0.8627929687500001
925,1.19921875,0.99462890625,2.57177734375,0.7353515625000001,1.52587890625,1.14306640625
926,1.15869140625,1.439453125,3.0732421875,1.03466796875,1.103515625,1.04736328125
927,1.3935546875,1.1962890625,2.9482421875,0.8232421875,1.298828125,1.2744140625
928,1.32666015625,1.12060546875,2.642578125,0.68408203125,1.09326171875,1.21484375
929,2.18115234375,1.03955078125,2.5185546875,0.5517578125,1.42529296875,1.06787109375
930,0.97509765625,1.2822265625,2.888671875,0.70556640625,1.50048828125,1.02734375
931,1.19677734375,1.13525390625,2.734375,0.888671875,1.376953125,1.34521484375
932,1.5673828125,0.95703125,2.83984375,0.9287109375000001,1.60986328125,1.1982421875
933,1.41552734375,1.119140625,3.03173828125,0.89208984375,1.65966796875,1.1904296875
934,1.70263671875,0.95947265625,3.1416015625,1.42333984375,1.4306640625,0.9775390625
935,1.86572265625,0.8759765625,2.84716796875,1.16162109375,1.27001953125,1.23681640625
936,1.57275390625,0.99658203125,2.52587890625,1.09814453125,1.27490234375,0.87353515625
937,1.9521484375,1.09228515625,2.69287109375,1.12841796875,1.0498046875,1.02490234375
938,2.02783203125,1.677734375,2.81298828125,0.6884765625,1.31591796875,1.212890625
939,1.46533203125,1.39453125,2.630859375,0.67431640625,1.126953125,1.16650390625
940,1.15625,1.20068359375,2.95947265625,1.12451171875,1.00439453125,1.0205078125
941,2.54541015625,1.3017578125,2.7890625,0.74169921875,1.18017578125,0.99267578125
942,1.890625,1.13623046875,2.98046875,1.044921875,1.16650390625,0.93603515625
943,1.1376953125,1.03857421875,2.77490234375,1.07080078125,0.8041992187500001,1.22900390625
944,1.28759765625,1.34228515625,2.6865234375,1.22900390625,1.52001953125,1.5166015625
945,1.71142578125,1.56298828125,2.6884765625,1.5234375,1.15087890625,1.61279296875
946,1.060546875,1.79541015625,2.53466796875,1.130859375,1.08447265625,1.22119140625
947,1.38134765625,1.54150390625,2.5341796875,1.02392578125,1.13330078125,1.20263671875
948,1.111328125,1.4228515625,3.08642578125,1.1328125,1.3955078125,1.12060546875
949,1.0439453125,1.58642578125,2.921875,0.85205078125,1.27685546875,1.4326171875
950,1.15771484375,1.12451171875,2.86669921875,0.8486328125,0.8203125,1.1787109375
951,1.298828125,0.98291015625,2.650390625,0.93798828125,0.787109375,1.0869140625
952,1.10302734375,1.28173828125,2.8466796875,0.7353515625,1.3037109375,0.92578125
953,1.67724609375,1.5078125,2.599609375,0.5913085937500001,1.130859375,0.89306640625
954,1.1513671875,0.9951171875,2.9091796875,1.517578125,1.87548828125,1.3720703125
955,1.46044921875,0.96533203125,3.27880859375,1.390625,1.3955078125,1.07470703125
956,1.36083984375,1.3466796875,2.92138671875,1.09033203125,1.52587890625,1.20751953125
957,1.31689453125,1.40478515625,2.69775390625,0.8955078125,1.50732421875,1.21337890625
958,1.16552734375,1.109375,3.3154296875,0.8974609375000001,1.251953125,1.1689453125
959,2.00146484375,1.2080078125,3.314453125,0.97412109375,1.037109375,1.26416015625
960,1.64453125,1.51708984375,2.5634765625,1.00439453125,1.26220703125,1.35205078125
961,1.955078125,1.4873046875,2.23828125,1.1923828125,1.40869140625,1.2080078125
962,0.98583984375,0.90087890625,3.0830078125,1.40087890625,1.7373046875,0.9658203125
963,1.9501953125,1.05615234375,3.25830078125,1.26220703125,1.53369140625,1.21142578125
964,1.04541015625,1.134765625,2.89501953125,1.61865234375,1.26416015625,1.01904296875
965,1.22802734375,1.033203125,2.9013671875,1.09912109375,1.18212890625,1.1015625
966,1.63916015625,1.5107421875,3.2080078125,1.23974609375,0.92578125,1.015625
967,1.52978515625,1.3994140625,2.9833984375,0.87939453125,0.8759765625,1.3466796875
968,1.55078125,1.24755859375,3.05810546875,0.798828125,1.81787109375,1.29248046875
969,1.76953125,1.365234375,2.79638671875,0.9697265625,1.357421875,1.0849609375
970,1.33642578125,1.1455078125,2.7744140625,1.1845703125,1.74169921875,0.99365234375
971,1.14453125,1.10986328125,2.708984375,1.306640625,1.23876953125,1.18896484375
972,1.15234375,1.6171875,2.8056640625,0.79150390625,1.322265625,1.1455078125
973,1.2275390625,1.50146484375,2.525390625,0.95703125,0.72412109375,1.2978515625
974,1.23681640625,1.3291015625,2.97412109375,1.2421875,1.412109375,1.36572265625
975,1.33984375,1.3447265625,2.791015625,1.12744140625,1.43408203125,1.21728515625
976,1.41015625,1.53076171875,2.93115234375,0.8369140625000001,1.095703125,1.19775390625
977,2.2373046875,1.068359375,2.6728515625,0.6152343750000001,1.474609375,1.2216796875
978,1.61376953125,1.26708984375,2.71484375,0.9384765625,1.41162109375,0.8466796875
979,1.62255859375,1.18310546875,2.5283203125,1.11865234375,1.55908203125,0.861328125
980,1.73291015625,0.8164062500000001,2.962890625,1.2177734375,1.4267578125,0.955078125
981,1.9658203125,0.95068359375,2.89013671875,1.06494140625,1.525390625,1.35400390625
982,1.71728515625,1.20458984375,2.64453125,1.3017578125,1.22705078125,1.482421875
983,1.685546875,0.89208984375,2.53955078125,1.0615234375,1.658203125,1.37890625
984,1.32080078125,1.16357421875,3.3173828125,1.13671875,1.35107421875,1.1435546875
985,1.697265625,1.03271484375,3.01416015625,0.861328125,1.34619140625,1.21142578125
986,0.93798828125,1.4443359375,2.90869140625,0.59619140625,1.54150390625,0.9208984375
987,1.37646484375,1.306640625,2.72021484375,0.59033203125,1.6484375,1.001953125
988,1.255859375,1.46826171875,2.6416015625,1.15771484375,1.42626953125,1.1044921875
989,1.12451171875,1.36474609375,2.6865234375,1.115234375,1.17919921875,1.427734375
990,1.51123046875,0.93896484375,2.9697265625,0.955078125,1.08154296875,1.24365234375
991,1.60888671875,0.994140625,2.68408203125,1.169921875,0.896484375,1.6357421875
992,1.17138671875,1.341796875,2.78173828125,0.8818359375,1.40380859375,0.8740234375
993,2.22607421875,1.44482421875,2.7275390625,0.7998046875,1.6064453125,1.0703125
994,1.86669921875,1.234375,2.69091796875,0.9755859375,1.9619140625,1.1259765625
995,1.54833984375,1.4013671875,3.033203125,0.84619140625,1.57666015625,1.1796875
996,1.22705078125,1.23779296875,2.96240234375,1.1279296875,1.53955078125,1.4306640625
997,1.64501953125,1.43359375,3.04150390625,0.9653320312500001,1.498046875,1.45654296875
998,1.36376953125,1.27685546875,2.5302734375,1.310546875,1.2412109375,1.30712890625
999,1.55712890625,1.0927734375,2.630859375,1.47119140625,0.8818359375,1.349609375
1000,1.19482421875,1.509765625,2.9267578125,0.8178710937500001,1.4462890625,0.9736328125
1001,1.98388671875,1.4736328125,2.59423828125,0.65185546875,0.8564453125,0.8583984375
1002,1.15673828125,1.5,2.84130859375,1.009765625,1.7197265625,1.31005859375
1003,1.54248046875,1.34765625,2.748046875,0.87890625,1.37109375,1.248046875
1004,1.80859375,0.994140625,2.626953125,0.9477539062500001,1.04443359375,1.45263671875
1005,1.98681640625,0.8759765625,2.47607421875,0.9130859375,1.2470703125,1.1435546875
1006,1.591796875,1.421875,2.6806640625,1.4423828125,1.6455078125,1.07080078125
1007,1.357421875,1.21728515625,2.7529296875,1.30322265625,1.19384765625,0.966796875
1008,1.43359375,1.419921875,3.3564453125,0.7143554687500001,1.91259765625,1.31591796875
1009,2.2548828125,1.25,3.1865234375,0.72705078125,1.13916015625,1.27197265625
1010,1.10595703125,1.21240234375,3.296875,0.875,1.40087890625,1.16650390625
1011,1.92138671875,1.1201171875,2.94921875,1.09130859375,1.5419921875,1.2099609375
1012,1.31787109375,1.34912109375,3.044921875,1.09765625,1.43017578125,1.125
1013,2.107421875,1.3544921875,2.99462890625,1.21875,1.6201171875,1.24658203125
1014,1.4873046875,1.36865234375,2.54150390625,0.88623046875,1.36572265625,1.353515625
1015,1.55859375,1.37841796875,2.373046875,1.04736328125,1.271484375,1.025390625
1016,1.15380859375,1.03076171875,2.8759765625,1.26318359375,1.095703125,0.82421875
1017,1.69677734375,1.0498046875,2.701171875,1.0908203125,1.11767578125,0.80712890625
1018,1.03955078125,1.47998046875,3.0078125,0.888671875,1.5458984375,1.1650390625
1019,1.09765625,1.7275390625,3.17626953125,0.6767578125,1.37890625,1.0859375
1020,1.57958984375,1.41015625,2.98046875,0.88427734375,1.13427734375,0.94677734375
1021,1.13232421875,1.68505859375,2.798828125,0.984375,1.10791015625,1.0146484375
1022,1.10595703125,0.951171875,3.14794921875,0.98193359375,1.0546875,1.0302734375
1023,1.5390625,0.87109375,3.14990234375,1.17138671875,1.75146484375,1.10009765625
1024,0.7890625000000001,0.93896484375,3.0205078125,1.41162109375,1.40966796875,1.01318359375
1025,0.9052734375,1.01318359375,2.7236328125,1.33935546875,1.20068359375,1.05224609375
1026,1.2724609375,1.6103515625,2.416015625,1.08251953125,1.7685546875,1.47705078125
1027,1.33837890625,1.677734375,2.2841796875,1.37841796875,1.234375,1.51806640625
1028,1.681640625,1.0478515625,2.4345703125,1.14794921875,1.33935546875,1.14892578125
1029,1.93994140625,1.16357421875,2.6796875,0.93310546875,1.357421875,1.15478515625
1030,1.47900390625,1.32861328125,2.87548828125,1.1796875,1.72998046875,0.8789062500000001
1031,1.884765625,1.3974609375,2.73974609375,1.25830078125,0.93115234375,1.0859375
1032,1.6630859375,1.41455078125,2.9052734375,1.00927734375,1.2470703125,1.052734375
1033,1.07275390625,1.23046875,2.75341796875,1.11083984375,0.75390625,1.23974609375
1034,1.515625,1.13671875,2.7685546875,1.388671875,1.5673828125,1.2470703125
1035,1.4208984375,1.14990234375,2.73974609375,1.16650390625,1.35107421875,1.388671875
1036,1.78125,1.19287109375,3.1826171875,1.078125,1.0380859375,0.91552734375
1037,1.76025390625,1.3466796875,2.9365234375,0.81884765625,0.66943359375,1.09130859375
1038,1.18994140625,0.8022460937500001,2.91455078125,1.58642578125,0.82470703125,1.00341796875
1039,1.6025390625,0.9169921875,2.7392578125,1.5166015625,0.84765625,1.22802734375
1040,1.1845703125,1.27197265625,2.64599609375,1.67724609375,1.70556640625,1.40576171875
1041,2.24755859375,1.08203125,2.81396484375,1.26025390625,1.1201171875,1.49951171875
1042,0.6284179687500001,1.3037109375,2.67333984375,1.3759765625,1.4296875,0.97705078125
1043,1.8876953125,1.484375,2.47900390625,1.19970703125,1.08203125,1.052734375
1044,1.18994140625,0.9677734375,2.85546875,1.36865234375,0.9443359375,1.2119140625
1045,1.33740234375,1.00146484375,2.73095703125,1.26318359375,1.2802734375,1.32861328125
1046,1.09521484375,1.21630859375,2.74560546875,1.1767578125,1.62646484375,0.90380859375
1047,1.34521484375,1.07861328125,2.70458984375,1.12109375,1.02587890625,0.9052734375
1048,1.39404296875,1.732421875,3.2763671875,1.2705078125,1.30908203125,0.7783203125
1049,1.38330078125,1.4033203125,3.00927734375,1.33154296875,1.41748046875,0.83984375
1050,1.373046875,1.49658203125,3.142578125,1.28564453125,1.25537109375,1.22509765625
1051,1.34521484375,1.43017578125,3.06884765625,1.201171875,1.17138671875,1.1962890625
1052,1.23974609375,1.19384765625,2.83203125,1.265625,1.3603515625,1.44140625
1053,1.42236328125,0.9287109375,2.873046875,1.1455078125,1.3408203125,1.61376953125
1054,1.482421875,1.70751953125,2.97900390625,1.50244140625,1.9375,0.6801757812500001
1055,1.81787109375,1.24365234375,2.7587890625,1.14501953125,1.21875,1.1962890625
1056,1.62744140625,1.2041015625,2.5859375,0.7578125,1.84130859375,0.94384765625
1057,1.56005859375,1.31396484375,2.9091796875,0.72021484375,1.2197265625,1.0615234375
1058,1.49560546875,1.00146484375,2.65234375,1.2587890625,1.03076171875,0.87646484375
1059,1.78173828125,0.970703125,2.62451171875,1.48095703125,1.490234375,0.92822265625
1060,0.96484375,1.74267578125,2.76806640625,1.3076171875,0.875,1.15771484375
1061,2.076171875,1.5400390625,2.9306640625,1.0625,1.0244140625,1.095703125
1062,1.39208984375,1.4912109375,2.69873046875,0.9921875,1.4228515625,1.03369140625
1063,1.53173828125,1.224609375,2.6552734375,1.19677734375,1.46923828125,1.3046875
1064,1.22265625,1.041015625,2.611328125,1.2744140625,1.68798828125,1.048828125
1065,1.84814453125,0.9482421875,2.5439453125,1.1298828125,0.89892578125,0.9755859375
1066,1.2060546875,1.70263671875,2.7607421875,1.29541015625,1.02099609375,1.236328125
1067,0.94921875,1.59716796875,2.62646484375,1.1396484375,1.45361328125,1.40771484375
1068,1.64404296875,1.05712890625,2.939453125,1.04931640625,1.25341796875,1.3349609375
1069,1.37109375,1.11669921875,2.78759765625,1.03369140625,1.2509765625,1.23291015625
1070,0.7080078125,1.1455078125,2.8193359375,0.7744140625,1.36474609375,1.1826171875
1071,0.9482421875,1.33740234375,2.88232421875,0.7563476562500001,1.23046875,1.130859375
1072,1.037109375,1.31689453125,2.69970703125,1.14794921875,1.29736328125,1.49169921875
1073,1.96337890625,1.43603515625,2.80078125,1.0986328125,1.287109375,1.3408203125
1074,0.67041015625,1.205078125,2.92578125,1.30517578125,1.099609375,1.365234375
1075,1.01171875,1.22314453125,3.08984375,0.98974609375,0.78759765625,1.2666015625
1076,1.46533203125,0.859375,2.9296875,0.81640625,1.24853515625,0.98974609375
1077,1.4873046875,0.9111328125,2.814453125,0.85791015625,1.1689453125,1.2080078125
1078,1.1669921875,1.267578125,2.6103515625,1.00732421875,1.43408203125,0.9741210937500001
1079,1.486328125,1.2509765625,2.64892578125,1.4375,1.51953125,0.93115234375
1080,1.0703125,1.05029296875,2.7744140625,1.287109375,1.0302734375,1.22509765625
1081,1.5625,1.29931640625,2.84423828125,1.1220703125,1.14111328125,1.3017578125
1082,0.9619140625,1.36376953125,2.4345703125,0.9658203125,0.90576171875,1.17529296875
1083,1.48486328125,1.41455078125,2.30908203125,0.8759765625000001,1.28857421875,0.8828125
1084,1.9111328125,1.283203125,2.841796875,1.09521484375,1.30859375,1.2568359375
1085,1.35693359375,1.119140625,2.51708984375,1.10791015625,0.77783203125,1.365234375
1086,0.896484375,1.3056640625,2.82958984375,1.35791015625,1.5556640625,1.0126953125
1087,1.06005859375,1.396484375,2.75732421875,1.34619140625,0.9765625,1.03759765625
1088,0.77978515625,1.08740234375,3.10986328125,1.3134765625,1.15380859375,1.068359375
1089,1.44384765625,1.0517578125,2.85107421875,1.32666015625,1.35009765625,1.20166015625
1090,0.9072265625,1.22509765625,3.12255859375,1.26708984375,1.23046875,0.79443359375
1091,1.20751953125,1.01123046875,2.7978515625,1.31005859375,0.875,0.94482421875
1092,1.1513671875,0.9091796875,3.0419921875,0.5576171875,0.88232421875,1.40087890625
1093,0.78125,0.69580078125,2.7529296875,0.45361328125,0.76123046875,1.4560546875
1094,0.8198242187500001,1.1728515625,2.76025390625,1.00537109375,0.9501953125,0.9169921875
1095,1.0009765625,1.20458984375,2.71240234375,1.1845703125,0.6728515625000001,0.92431640625
1096,1.01953125,1.0205078125,2.82958984375,1.2275390625,0.7626953125000001,0.7978515625
1097,1.19189453125,0.92724609375,2.72412109375,1.05029296875,0.84326171875,0.95654296875
1098,1.05615234375,1.26171875,2.896484375,0.64794921875,1.71875,0.7460937500000001
1099,1.15234375,1.396484375,2.77001953125,0.8408203125,1.5302734375,0.74169921875
1100,1.00927734375,1.11083984375,2.7626953125,0.83251953125,1.46728515625,0.97216796875
1101,1.02392578125,1.07568359375,2.5,0.8427734375,0.724609375,0.935546875
1102,1.41357421875,0.94189453125,2.9267578125,0.92724609375,1.0791015625,0.90380859375
1103,1.35498046875,0.853515625,2.58154296875,0.96728515625,1.13916015625,1.23583984375
1104,1.15478515625,1.23681640625,3.02197265625,0.7578125000000001,1.576171875,1.240234375
1105,1.35302734375,1.07568359375,2.75927734375,0.75634765625,1.10302734375,0.71923828125
1106,1.47314453125,1.091796875,2.86376953125,1.28759765625,1.6591796875,1.2548828125
1107,1.4873046875,1.1533203125,2.88720703125,1.22802734375,1.10595703125,1.29541015625
1108,1.1064453125,1.42138671875,2.52783203125,1.11376953125,1.1767578125,1.10546875
1109,1.1328125,1.337890625,2.7080078125,1.12744140625,1.3984375,1.19482421875
1110,1.025390625,1.318359375,3.08056640625,1.125,1.08544921875,1.1357421875
1111,1.33984375,1.2666015625,3.0556640625,0.806640625,1.0693359375,1.43115234375
1112,1.19873046875,1.32177734375,2.921875,1.2421875,0.85693359375,1.005859375
1113,1.17431640625,1.2890625,2.57470703125,1.43359375,0.52392578125,1.04443359375
1114,0.841796875,1.5439453125,2.6767578125,1.08984375,1.33544921875,1.1357421875
1115,0.9794921875,1.24951171875,2.796875,0.923828125,1.130859375,1.09130859375
1116,1.67578125,1.18896484375,2.5830078125,0.814453125,1.3125,1.7421875
1117,1.3818359375,1.11181640625,2.4970703125,0.98046875,1.3427734375,1.4677734375
1118,1.44873046875,1.02490234375,3.0654296875,0.87060546875,1.36328125,1.14990234375
1119,1.43212890625,1.0654296875,2.8017578125,0.8696289062500001,0.986328125,1.2060546875
1120,1.318359375,0.9130859375,2.6591796875,0.84619140625,1.43505859375,0.82568359375
1121,1.30810546875,1.0673828125,2.58935546875,0.81591796875,1.2490234375,1.2275390625
1122,1.03271484375,1.12060546875,2.89501953125,1.5107421875,1.0234375,1.134765625
1123,1.38037109375,1.43994140625,2.6875,1.3896484375,1.078125,1.04052734375
1124,1.37548828125,0.7138671875,2.71630859375,0.62109375,1.24755859375,1.2841796875
1125,1.240234375,0.849609375,2.60498046875,0.56298828125,1.3017578125,1.146484375
1126,0.88037109375,1.29052734375,2.55078125,0.84228515625,1.34326171875,1.04638671875
1127,1.0,1.3095703125,2.64013671875,0.86474609375,1.115234375,1.0458984375
1128,0.8779296875,1.0947265625,3.01953125,1.2763671875,1.4462890625,1.2060546875
1129,1.0595703125,1.0673828125,2.703125,1.54052734375,1.44970703125,1.0009765625
1130,0.970703125,1.57666015625,3.25048828125,1.37890625,0.6103515625,1.11962890625
1131,0.80712890625,1.5703125,3.06005859375,1.0771484375,0.82763671875,1.3662109375
1132,1.24169921875,1.0537109375,2.60498046875,1.1220703125,1.69580078125,1.20458984375
1133,1.34130859375,1.1025390625,2.6298828125,1.177734375,1.21923828125,1.2841796875
1134,1.45751953125,1.3076171875,2.38671875,0.9990234375,1.2734375,0.8828125
1135,1.51025390625,1.19921875,2.3203125,0.90283203125,0.9990234375,0.8330078125
1136,1.14013671875,1.1103515625,2.466796875,1.2998046875,1.58984375,1.34423828125
1137,1.24609375,1.06689453125,2.29052734375,1.2392578125,1.5673828125,1.27099609375
1138,1.2646484375,1.171875,3.0615234375,0.9765625000000001,1.27001953125,0.8623046875
1139,1.66796875,1.3857421875,2.7099609375,1.0009765625,1.34375,1.0078125
1140,1.14501953125,0.78173828125,2.833984375,1.53271484375,1.2734375,0.94677734375
1141,1.05859375,0.94384765625,2.86572265625,1.2548828125,1.31298828125,0.8935546875
1142,1.20556640625,1.41259765625,2.9921875,1.3671875,1.4150390625,1.25634765625
1143,1.23681640625,1.6064453125,3.07177734375,0.892578125,1.04736328125,1.37255859375
1144,1.119140625,1.0595703125,2.73828125,1.3388671875,1.03369140625,1.26416015625
1145,1.01416015625,0.9609375,2.89697265625,1.08544921875,0.939453125,1.40185546875
1146,1.1435546875,1.09130859375,2.99755859375,1.19970703125,1.384765625,1.0244140625
1147,1.3037109375,1.10302734375,2.853515625,1.1484375,1.33251953125,1.2119140625
1148,1.2998046875,1.25048828125,2.88232421875,1.13037109375,1.22900390625,0.69091796875
1149,1.60595703125,1.1201171875,2.8994140625,1.125,0.8852539062500001,0.8486328125
1150,1.24169921875,1.33740234375,3.14111328125,1.26318359375,0.98681640625,0.86767578125
1151,1.109375,1.1640625,2.99267578125,1.2666015625,1.330078125,0.8740234375
1152,1.0576171875,1.2978515625,2.9619140625,0.86279296875,1.47900390625,1.3583984375
1153,1.353515625,1.35595703125,3.0712890625,0.9560546875,1.1875,1.2734375
1154,1.38623046875,1.33984375,2.48095703125,1.0810546875,0.99072265625,0.9521484375
1155,1.466796875,0.91943359375,2.4306640625,1.20849609375,0.76611328125,1.046875
1156,1.34130859375,1.22705078125,2.93798828125,1.400390625,1.52490234375,0.9833984375
1157,1.5888671875,1.14990234375,2.83251953125,1.23779296875,1.34423828125,1.1708984375
1158,1.234375,1.513671875,2.77001953125,1.50146484375,1.32763671875,0.927734375
1159,1.076171875,1.4306640625,2.48779296875,1.09912109375,1.12158203125,1.2958984375
1160,1.5390625,1.27392578125,2.57763671875,0.90283203125,1.20849609375,0.94970703125
1161,1.3447265625,1.400390625,2.52197265625,1.00048828125,0.9814453125,1.21533203125
1162,0.64306640625,1.2763671875,2.81591796875,0.76904296875,1.119140625,0.7138671875
1163,0.9013671875,1.2763671875,2.671875,0.71142578125,0.9140625,0.90087890625
1164,1.32958984375,1.20458984375,2.50537109375,1.10400390625,1.50439453125,1.41259765625
1165,1.005859375,1.14990234375,2.62841796875,1.02587890625,1.58984375,1.23388671875
1166,1.3349609375,1.431640625,2.55126953125,0.8168945312500001,1.23486328125,1.349609375
1167,0.8872070312500001,1.4462890625,2.609375,0.70654296875,1.3095703125,0.97509765625
1168,1.04638671875,1.2177734375,2.84228515625,1.09716796875,1.57275390625,1.40283203125
1169,1.1279296875,1.1611328125,2.619140625,1.03173828125,1.17626953125,1.3916015625
1170,1.47314453125,1.28466796875,2.525390625,1.12890625,1.1357421875,0.81640625
1171,1.478515625,1.41259765625,2.5517578125,1.11181640625,0.97265625,0.96044921875
1172,0.8046875,1.14697265625,3.0986328125,1.04736328125,1.68115234375,1.0322265625
1173,0.90234375,1.30322265625,3.15478515625,0.8935546875000001,1.400390625,1.32763671875
1174,1.041015625,1.4775390625,2.5615234375,1.10986328125,0.90087890625,1.28271484375
1175,1.30810546875,1.6142578125,2.55419921875,0.8574218750000001,0.61376953125,1.26708984375
1176,1.45458984375,1.19921875,2.62109375,1.22314453125,1.51171875,1.197265625
1177,1.576171875,1.28076171875,2.6728515625,1.1435546875,1.5146484375,1.23974609375
1178,1.0771484375,1.16845703125,3.06201171875,1.20068359375,0.9140625000000001,1.04296875
1179,1.47265625,1.11376953125,2.92822265625,1.18359375,1.07861328125,0.9296875
1180,0.76611328125,1.40087890625,2.86865234375,1.1455078125,0.986328125,1.07568359375
1181,0.63916015625,1.07666015625,2.5458984375,1.16064453125,0.72509765625,1.0927734375
1182,1.486328125,1.0751953125,2.6826171875,1.2626953125,1.07861328125,1.14404296875
1183,1.47265625,1.0888671875,2.7431640625,1.24462890625,0.771484375,1.2158203125
1184,1.306640625,0.9384765625,2.6796875,1.65771484375,1.05126953125,0.9677734375
1185,1.36181640625,0.85546875,2.912109375,1.22216796875,1.197265625,1.07470703125
1186,1.197265625,1.46875,3.03173828125,0.84521484375,1.36767578125,1.16748046875
1187,1.34326171875,1.3759765625,2.91845703125,0.9814453125,0.75244140625,1.2109375
1188,0.74365234375,1.2158203125,2.96435546875,0.72802734375,1.2841796875,0.9775390625
1189,0.802734375,1.37451171875,2.7099609375,0.54736328125,0.7250976562500001,1.19775390625
1190,1.19580078125,1.00439453125,3.130859375,1.12109375,1.57373046875,0.7001953125
1191,1.083984375,0.9033203125,2.84814453125,1.64306640625,0.97412109375,0.80126953125
1192,1.18408203125,1.4052734375,2.8125,1.46875,1.24267578125,0.8193359375000001
1193,1.451171875,1.03125,2.68896484375,1.2431640625,1.3984375,0.87353515625
1194,1.208984375,1.50439453125,2.90625,1.24462890625,1.31982421875,0.79345703125
1195,1.4248046875,1.67724609375,2.77978515625,1.1572265625,1.1083984375,1.04052734375
1196,1.3193359375,1.19091796875,2.6845703125,1.326171875,1.1259765625,0.72412109375
1197,1.638671875,1.19287109375,2.6767578125,1.20068359375,1.126953125,0.67529296875
1198,1.1416015625,1.12939453125,2.8486328125,1.19384765625,1.076171875,0.97802734375
1199,1.2919921875,1.14599609375,2.74267578125,1.12744140625,0.8623046875000001,1.20556640625
1200,0.93994140625,1.20751953125,2.822265625,0.96240234375,1.4345703125,0.97216796875
1201,1.2431640625,1.11669921875,2.32421875,1.0283203125,1.125,1.06298828125
1202,1.79931640625,1.126953125,2.859375,1.1650390625,1.16064453125,0.7041015625
1203,1.556640625,1.10498046875,3.06005859375,0.9951171875,0.95947265625,0.85009765625
1204,1.09375,1.02099609375,2.52001953125,1.3291015625,0.6962890625,1.14697265625
1205,1.40771484375,0.85986328125,2.54052734375,1.11376953125,0.74755859375,1.45361328125
1206,1.15283203125,1.248046875,2.55615234375,0.689453125,0.89208984375,0.8310546875
1207,1.357421875,1.31640625,2.5009765625,0.5717773437500001,0.96533203125,0.9794921875
1208,1.06494140625,1.2890625,2.8193359375,0.85205078125,1.28271484375,0.923828125
1209,1.162109375,1.09521484375,2.703125,1.06494140625,0.6782226562500001,0.98291015625
1210,0.89990234375,1.2958984375,2.53857421875,1.17236328125,1.0185546875,1.3662109375
1211,1.4755859375,1.291015625,2.51025390625,1.25146484375,1.0439453125,1.46875
1212,0.7412109375,0.84814453125,3.1005859375,1.255859375,1.001953125,0.87158203125
1213,1.2060546875,0.921875,3.06005859375,1.4638671875,1.06689453125,1.07080078125
1214,1.4326171875,1.28076171875,3.1904296875,0.89208984375,1.39892578125,1.03076171875
1215,1.35546875,0.947265625,2.94189453125,0.6513671875000001,1.6787109375,1.0810546875
1216,1.2412109375,1.38671875,3.005859375,1.21875,1.68701171875,1.53515625
1217,1.23974609375,1.041015625,2.76123046875,1.28466796875,1.2998046875,1.6123046875
1218,1.10986328125,1.31640625,2.5234375,1.34521484375,1.2666015625,0.9541015625
1219,1.2412109375,1.634765625,2.51611328125,1.2265625,1.06640625,0.8603515625
1220,1.06787109375,0.81396484375,2.8681640625,1.3623046875,1.30126953125,0.8505859375
1221,1.10009765625,1.00048828125,2.9091796875,1.41455078125,1.2255859375,0.943359375
1222,0.88330078125,0.94677734375,2.6767578125,0.9208984375,1.2509765625,1.341796875
1223,0.97607421875,1.18359375,2.7568359375,0.8935546875,1.07373046875,1.62841796875
1224,1.31640625,1.3828125,2.859375,1.18212890625,1.03759765625,0.94287109375
1225,1.6201171875,1.10693359375,2.80908203125,1.59326171875,1.05419921875,1.13671875
1226,0.98828125,1.36572265625,2.86181640625,1.35009765625,0.818359375,0.9921875
1227,0.958984375,1.29833984375,2.6962890625,1.0546875,1.28173828125,0.8173828125
1228,0.8491210937500001,0.64208984375,2.7314453125,1.36865234375,1.34521484375,0.6933593750000001
1229,1.19091796875,0.7080078125,2.740234375,0.92333984375,1.07421875,0.73681640625
1230,0.8447265625,1.22119140625,2.70263671875,0.51416015625,1.32666015625,1.04541015625
1231,0.99609375,1.185546875,2.7470703125,0.47900390625,0.98193359375,1.0625
1232,1.63134765625,1.26611328125,2.84765625,1.28466796875,1.640625,0.7451171875
1233,1.30908203125,1.21142578125,2.66943359375,1.14013671875,1.30126953125,1.134765625
1234,0.99755859375,1.14794921875,2.75,0.86669921875,1.42138671875,1.12744140625
1235,0.841796875,1.06787109375,2.48779296875,0.85888671875,1.32666015625,1.296875
1236,1.5615234375,1.21728515625,2.8203125,1.21533203125,1.2431640625,1.0185546875
1237,1.68896484375,1.3642578125,2.658203125,0.896484375,1.13720703125,1.07861328125
1238,1.28564453125,0.8974609375,2.541015625,1.2021484375,1.4072265625,0.85205078125
1239,1.06884765625,0.8144531250000001,2.64697265625,1.47509765625,0.8549804687500001,1.146484375
1240,1.13427734375,1.2451171875,2.9453125,1.1708984375,1.00048828125,1.3671875
1241,1.00634765625,1.0625,3.1943359375,1.24072265625,0.7880859375,1.25244140625
1242,1.34375,1.13916015625,2.802734375,0.7080078125,1.05029296875,1.21240234375
1243,1.75244140625,1.22607421875,2.626953125,0.794921875,1.0087890625,1.1689453125
1244,1.345703125,1.16748046875,3.0185546875,1.25732421875,1.35205078125,0.9487304687500001
1245,1.27197265625,1.033203125,2.759765625,1.1435546875,0.86328125,1.1123046875
1246,1.01123046875,1.24609375,3.08935546875,0.5322265625000002,1.2607421875,1.01904296875
1247,1.39599609375,1.00830078125,2.7734375,0.5078125,0.8847656250000001,1.07470703125
1248,1.23583984375,1.39599609375,2.31591796875,1.2138671875,1.1708984375,1.31982421875
1249,1.52587890625,0.98583984375,2.11962890625,1.09765625,1.16748046875,1.1435546875
1250,1.220703125,1.0771484375,2.48046875,1.37646484375,1.005859375,0.9111328125
1251,1.03466796875,0.85888671875,2.40283203125,1.1181640625,1.3974609375,1.16455078125
1252,1.08203125,0.8876953125,2.6533203125,1.14990234375,0.76416015625,0.82958984375
1253,1.16064453125,0.8310546875,2.5341796875,1.0673828125,0.7246093750000001,0.90283203125
1254,1.00244140625,0.71044921875,3.33154296875,1.00927734375,1.21044921875,0.7622070312500001
1255,1.0166015625,0.69677734375,3.08056640625,1.05078125,1.26806640625,1.0419921875
1256,1.12060546875,1.51318359375,3.05078125,1.07470703125,1.111328125,0.8447265625000001
1257,1.32275390625,1.44775390625,3.1201171875,1.423828125,1.21484375,1.02783203125
1258,0.87646484375,1.05224609375,2.6201171875,1.03466796875,1.20849609375,1.36328125
1259,1.265625,1.03662109375,2.56591796875,0.98583984375,1.20654296875,1.1396484375
1260,1.1689453125,1.38916015625,3.3359375,1.19140625,0.7275390625000002,0.91015625
1261,1.50146484375,1.41259765625,3.27197265625,0.9150390625,0.70947265625,1.06298828125
1262,1.1142578125,0.96728515625,2.70458984375,1.0849609375,0.89306640625,1.02197265625
1263,1.5458984375,0.9775390625,2.45556640625,1.322265625,0.9921875,0.92919921875
1264,1.3349609375,1.14404296875,2.83056640625,1.0712890625,1.14306640625,1.50634765625
1265,1.79541015625,1.04345703125,2.7861328125,1.0556640625,1.27734375,1.39111328125
1266,1.3681640625,1.22119140625,3.0458984375,1.2158203125,1.05615234375,0.6083984375000001
1267,1.5517578125,1.232421875,3.021484375,1.12939453125,1.06103515625,0.904296875
1268,0.970703125,1.38525390625,2.79296875,0.97314453125,1.46044921875,1.12744140625
1269,1.337890625,1.2763671875,2.984375,1.07861328125,1.2236328125,1.23291015625
1270,0.8662109375,1.12939453125,2.6875,0.73095703125,1.4482421875,0.8466796875
1271,1.439453125,1.20849609375,2.63330078125,0.67529296875,1.2939453125,0.9248046875
1272,0.9306640625000001,0.935546875,2.52001953125,1.20556640625,1.478515625,0.99560546875
1273,1.1865234375,1.0556640625,2.5927734375,1.10546875,1.40576171875,0.95263671875
1274,1.0419921875,1.4130859375,2.654296875,1.52734375,0.96484375,0.9853515625
1275,1.30908203125,1.48681640625,2.77685546875,1.2353515625,0.90087890625,1.01953125
1276,1.25,1.45703125,2.509765625,0.95556640625,1.18505859375,1.06591796875
1277,1.21240234375,1.4072265625,2.517578125,0.875,1.408203125,1.18212890625
1278,1.0576171875,1.13623046875,3.0537109375,1.037109375,1.34375,1.20654296875
1279,1.13623046875,1.142578125,2.6806640625,0.8583984375,1.44921875,1.23095703125
1280,1.0068359375,1.302734375,2.95361328125,1.2685546875,1.2548828125,1.2197265625
1281,1.44189453125,1.26416015625,2.82763671875,1.03515625,0.908203125,0.8291015625
1282,0.9482421875,1.2216796875,2.7294921875,1.42578125,1.38427734375,1.23046875
1283,1.1181640625,1.41357421875,2.71142578125,1.18701171875,1.50537109375,1.29638671875
1284,1.4716796875,1.43505859375,2.84130859375,0.93505859375,1.01904296875,1.64111328125
1285,1.15673828125,1.2216796875,2.595703125,0.9521484375000001,0.91845703125,1.2470703125
1286,1.015625,0.99267578125,2.81005859375,1.17919921875,1.5146484375,0.9013671875
1287,0.9384765625,1.07421875,2.43994140625,0.99169921875,1.11669921875,1.001953125
1288,1.029296875,1.1025390625,2.896484375,1.3134765625,0.76953125,1.06787109375
1289,1.0966796875,0.9423828125,2.79443359375,1.1572265625,0.77978515625,1.3271484375
1290,1.43798828125,1.28076171875,2.91064453125,0.76904296875,1.11865234375,1.1787109375
1291,1.40966796875,1.40478515625,2.85693359375,0.767578125,0.8266601562500001,1.09375
1292,1.0830078125,1.107421875,2.76611328125,0.83740234375,1.27783203125,0.9638671875
1293,1.65380859375,1.20068359375,2.62158203125,0.701171875,0.89404296875,0.830078125
1294,0.93115234375,1.27734375,3.126953125,1.03125,0.89013671875,0.89794921875
1295,0.9091796875,1.3173828125,3.33447265625,0.9736328125,0.63427734375,0.98095703125
1296,0.7651367187500001,1.2333984375,3.0263671875,1.08642578125,1.25048828125,0.787109375
1297,1.44921875,1.310546875,2.81787109375,0.91943359375,0.97021484375,0.7939453125000001
1298,1.16748046875,1.30517578125,3.1220703125,1.00927734375,0.857421875,0.97119140625
1299,1.3994140625,1.30517578125,2.86572265625,1.154296875,1.01611328125,1.0322265625
1300,1.4248046875,1.080078125,2.95068359375,0.7666015625,0.9052734375,0.927734375
1301,1.47021484375,1.10791015625,2.9931640625,0.6982421875000001,0.7109375,1.056640625
1302,0.9511718750000001,1.1298828125,2.970703125,1.361328125,1.0810546875,1.62646484375
1303,0.923828125,0.85205078125,2.90087890625,1.0703125,0.994140625,1.5771484375
1304,0.6518554687500001,0.97021484375,2.78173828125,1.34326171875,0.9746093750000001,0.97802734375
1305,0.6879882812500001,0.87109375,2.35888671875,1.390625,1.01611328125,0.7744140625
1306,1.0390625,1.00732421875,2.5791015625,1.2109375,1.0078125,1.216796875
1307,1.28076171875,0.85107421875,2.5283203125,1.14306640625,1.03759765625,1.10302734375
1308,1.40966796875,1.5556640625,2.84521484375,1.59912109375,0.91943359375,1.517578125
1309,1.287109375,1.17578125,2.69677734375,1.15380859375,0.81689453125,1.21533203125
1310,1.45703125,1.32763671875,2.8564453125,0.8876953125,0.9375,1.04833984375
1311,1.251953125,1.5087890625,2.755859375,0.7788085937500001,1.04052734375,1.2333984375
1312,1.28125,0.8471679687500001,2.650390625,1.02099609375,1.41943359375,0.94482421875
1313,1.291015625,0.93603515625,2.89501953125,1.27001953125,1.0,1.07763671875
1314,1.1162109375,1.02099609375,2.76123046875,1.10888671875,0.84521484375,1.21826171875
1315,1.40478515625,1.04833984375,2.583984375,1.19873046875,0.8310546875,1.2978515625
1316,1.4677734375,0.9267578125,2.50927734375,1.431640625,0.935546875,0.974609375
1317,1.19775390625,0.87890625,2.49951171875,1.34619140625,0.83984375,1.4365234375
1318,1.25537109375,1.0107421875,2.5078125,1.0263671875,1.60302734375,1.20947265625
1319,1.30126953125,1.0458984375,2.44580078125,0.9296875,1.35791015625,1.125
1320,1.64892578125,0.92138671875,2.69091796875,0.8642578125,0.70947265625,1.19775390625
1321,1.142578125,1.08447265625,2.75146484375,0.888671875,0.65576171875,1.19091796875
1322,1.21044921875,0.97705078125,2.4755859375,1.13720703125,0.9873046875,1.208984375
1323,1.0908203125,0.935546875,2.4091796875,1.0234375,0.9970703125,1.142578125
1324,0.7885742187500001,1.2607421875,2.8828125,1.2744140625,0.70556640625,1.0625
1325,1.13623046875,1.171875,2.93408203125,1.04931640625,0.62744140625,1.09326171875
1326,1.0458984375,1.35400390625,2.62353515625,0.6123046875,1.173828125,1.46435546875
1327,0.892578125,1.11279296875,2.74658203125,0.564453125,0.9560546875,1.27001953125
1328,1.42529296875,1.47119140625,3.06689453125,1.2265625,1.06640625,1.1298828125
1329,1.369140625,1.57275390625,2.72119140625,1.14453125,1.16796875,1.13134765625
1330,1.12744140625,1.43896484375,2.82421875,1.1611328125,1.6982421875,1.2314453125
1331,1.04541015625,1.34423828125,2.61181640625,1.02490234375,1.24755859375,1.29150390625
1332,1.5517578125,1.21142578125,2.84619140625,0.865234375,1.0986328125,1.03564453125
1333,1.45068359375,1.25146484375,2.5771484375,0.97265625,0.95068359375,1.16259765625
1334,1.07421875,1.2392578125,2.78564453125,0.96630859375,1.23193359375,1.09521484375
1335,1.4296875,1.4150390625,2.52197265625,0.9091796875,1.27294921875,1.0537109375
1336,0.96337890625,1.01953125,2.80712890625,1.19580078125,0.98046875,1.06884765625
1337,0.986328125,0.861328125,2.6552734375,0.81591796875,0.7236328125,0.93408203125
1338,0.5751953125000002,1.16796875,2.935546875,1.05908203125,1.2353515625,0.8828125000000001
1339,0.6630859375,1.3134765625,2.55859375,0.93603515625,1.201171875,0.9775390625
1340,1.39013671875,0.85498046875,3.07568359375,1.30029296875,0.83935546875,0.947265625
1341,1.62109375,1.00439453125,2.67626953125,1.0244140625,0.81494140625,1.06884765625
1342,1.6142578125,0.92578125,2.62841796875,1.35546875,1.162109375,0.8193359375
1343,1.2958984375,0.8354492187500001,2.73681640625,0.95751953125,0.95068359375,1.09326171875
1344,1.33349609375,1.5107421875,2.88427734375,1.24462890625,0.6030273437500001,1.14501953125
1345,1.224609375,1.3505859375,2.77197265625,1.1337890625,0.99072265625,1.01025390625
1346,1.22802734375,1.42333984375,2.869140625,1.0546875,1.10595703125,0.98486328125
1347,1.3662109375,1.4501953125,2.91259765625,1.18017578125,0.98291015625,1.1474609375
1348,0.8261718750000001,1.1669921875,2.5400390625,1.0537109375,1.5205078125,1.05322265625
1349,0.9658203125,1.12060546875,2.474609375,0.8867187500000001,0.7460937500000002,1.275390625
1350,1.14794921875,1.27099609375,2.7802734375,1.03466796875,1.08056640625,1.23876953125
1351,1.24072265625,1.087890625,2.38134765625,0.7988281250000001,0.7583007812500001,1.3603515625
1352,1.00244140625,1.4375,2.79052734375,1.412109375,1.23193359375,0.90283203125
1353,1.07958984375,1.6689453125,2.42431640625,1.33251953125,0.82080078125,1.05126953125
1354,1.11865234375,1.36474609375,2.68505859375,1.50390625,1.56005859375,0.93115234375
1355,0.83544921875,1.248046875,2.70947265625,1.095703125,1.0986328125,1.16552734375
1356,0.8193359375,1.39599609375,3.03076171875,1.38623046875,0.890625,1.02392578125
1357,1.234375,1.49462890625,2.64794921875,0.99365234375,0.87158203125,0.92236328125
1358,1.14697265625,1.58837890625,2.7294921875,1.29345703125,1.38916015625,1.13916015625
1359,1.54248046875,1.23779296875,2.537109375,0.9306640625,1.1416015625,1.36669921875
1360,0.78564453125,1.14892578125,2.83935546875,1.166015625,1.05615234375,1.2197265625
1361,0.8935546875,1.23388671875,2.634765625,1.20263671875,0.5986328125,1.22705078125
1362,1.0673828125,0.88427734375,3.0380859375,1.1796875,1.220703125,1.12060546875
1363,1.3330078125,0.97119140625,2.9873046875,1.0615234375,1.02490234375,1.34521484375
1364,0.97802734375,1.34619140625,3.05224609375,1.1318359375,1.19921875,1.26220703125
1365,1.115234375,1.275390625,2.7333984375,0.8017578125,1.15185546875,1.193359375
1366,0.9501953125,1.27001953125,2.8955078125,0.8056640625000001,0.87548828125,1.31298828125
1367,1.5693359375,1.0810546875,2.798828125,0.884765625,1.14501953125,1.2578125
1368,1.1240234375,1.42236328125,2.4521484375,1.09423828125,1.0791015625,1.15185546875
1369,0.8105468750000001,1.236328125,2.46875,1.16650390625,0.76220703125,1.01708984375
1370,0.7470703125,0.9765625,2.62890625,1.0009765625,0.70263671875,1.25732421875
1371,0.7138671875,0.8896484375000001,2.85302734375,0.9033203125,0.5541992187500001,1.33740234375
1372,1.228515625,1.3369140625,2.83203125,1.3427734375,1.34521484375,0.70654296875
1373,1.4873046875,1.251953125,2.68359375,0.9926757812500001,1.12255859375,0.923828125
1374,1.142578125,1.62255859375,2.7685546875,0.71240234375,1.5322265625,1.13671875
1375,0.9931640625,1.36572265625,2.470703125,0.61962890625,1.05126953125,0.99169921875
1376,1.501953125,0.869140625,2.83447265625,1.05126953125,1.13037109375,0.66455078125
1377,1.080078125,0.8642578125,2.71240234375,1.291015625,0.98876953125,0.94384765625
1378,0.9853515625,1.26318359375,3.1015625,0.94287109375,0.67529296875,0.869140625
1379,1.09130859375,1.0205078125,2.91796875,1.06591796875,0.5654296875,0.82177734375
1380,1.119140625,1.28369140625,2.77734375,1.2822265625,1.41748046875,1.42919921875
1381,1.21240234375,1.1123046875,2.548828125,0.87060546875,1.1123046875,1.27392578125
1382,0.9111328125,1.228515625,2.68603515625,0.6923828125,1.12548828125,1.04150390625
1383,1.15869140625,1.392578125,2.9384765625,0.5717773437500001,1.47314453125,0.935546875
1384,0.6259765625000001,1.513671875,2.96630859375,1.45556640625,1.0888671875,0.70654296875
1385,0.5810546875,1.0634765625,2.865234375,1.29541015625,1.2294921875,0.8662109375
1386,1.1953125,1.3173828125,3.1474609375,0.908203125,1.3955078125,0.98193359375
1387,1.79443359375,1.06591796875,2.98583984375,1.14501953125,1.18408203125,1.0966796875
1388,0.798828125,1.34814453125,2.73291015625,0.8041992187500001,1.6376953125,0.95703125
1389,0.998046875,1.27392578125,2.8701171875,0.7993164062500001,1.18505859375,1.193359375
1390,1.2607421875,0.92431640625,2.71240234375,1.22900390625,0.99072265625,0.875
1391,1.447265625,0.8798828125,2.5048828125,1.6376953125,0.9863281250000001,1.0595703125
1392,1.576171875,1.43798828125,3.00927734375,0.931640625,1.02001953125,1.27587890625
1393,1.3525390625,1.63134765625,2.70361328125,0.7744140625,1.36669921875,1.3330078125
1394,1.34912109375,0.822265625,3.01171875,1.19091796875,0.7333984375000001,0.5332031250000001
1395,1.5078125,0.8486328125,2.72216796875,0.9462890625,0.73193359375,0.79931640625
1396,0.67041015625,1.17529296875,2.70654296875,1.140625,1.443359375,1.21435546875
1397,0.99267578125,1.26220703125,2.619140625,1.01611328125,1.12255859375,1.24951171875
1398,1.318359375,1.15576171875,2.724609375,0.95947265625,1.4052734375,0.9423828125
1399,1.181640625,1.1357421875,2.44677734375,0.943359375,1.13427734375,0.95703125
1400,1.35888671875,0.826171875,2.8017578125,1.0244140625,1.0029296875,0.99560546875
1401,1.34423828125,1.11865234375,2.63525390625,1.0439453125,1.24169921875,1.1767578125
1402,0.9736328125000001,1.2978515625,2.548828125,0.9838867187500001,1.15966796875,1.56298828125
1403,1.021484375,1.20849609375,2.71435546875,0.900390625,0.94140625,1.44287109375
1404,1.20361328125,1.21484375,2.68212890625,0.77978515625,1.59228515625,0.923828125
1405,1.4052734375,1.123046875,2.755859375,0.69287109375,1.33349609375,0.82861328125
1406,1.0,0.77197265625,2.77587890625,1.388671875,1.05517578125,0.99560546875
1407,1.0986328125,1.0654296875,2.61767578125,1.33447265625,0.8105468750000001,0.87060546875
1408,1.2060546875,1.47119140625,2.5029296875,1.1474609375,1.076171875,1.02294921875
1409,1.49755859375,1.38720703125,2.43701171875,1.33984375,1.04541015625,1.37939453125
1410,1.150390625,1.2216796875,2.58984375,1.16845703125,1.3779296875,1.26025390625
1411,0.9418945312500001,1.1982421875,2.42041015625,1.1328125,1.14404296875,1.2978515625
1412,1.0556640625,0.875,2.63818359375,1.56689453125,1.32177734375,0.9028320312500001
1413,0.90966796875,0.9208984375,2.48046875,1.3515625,1.115234375,1.0380859375
1414,1.125,0.8071289062500001,2.8505859375,1.4091796875,1.1591796875,1.03076171875
1415,1.4619140625,1.0283203125,2.697265625,1.12548828125,0.89404296875,1.046875
1416,0.8837890625000001,1.04443359375,2.8095703125,0.96240234375,1.20361328125,0.810546875
1417,1.1416015625,1.0087890625,2.4345703125,0.71044921875,1.03271484375,0.9658203125
1418,1.00830078125,1.291015625,2.6669921875,0.888671875,0.9150390625,1.1220703125
1419,0.93896484375,1.4365234375,2.45166015625,0.81591796875,0.8500976562500001,1.24267578125
1420,0.8447265625,1.16845703125,2.978515625,0.75,0.89599609375,1.0751953125
1421,0.7636718750000001,1.3076171875,2.77294921875,0.79638671875,0.84814453125,1.2734375
1422,1.21875,1.14453125,2.84814453125,1.11083984375,0.99169921875,1.19921875
1423,1.41162109375,0.9189453125,2.40771484375,1.00390625,0.83154296875,1.291015625
1424,1.150390625,1.54833984375,2.70263671875,1.2412109375,0.6240234375,0.77392578125
1425,0.873046875,1.150390625,2.4716796875,1.078125,0.87890625,1.09228515625
1426,1.064453125,1.21142578125,2.4501953125,0.9716796875,1.08154296875,1.1240234375
1427,1.00439453125,0.93896484375,2.5068359375,1.1796875,0.8491210937500001,1.1474609375
1428,1.2529296875,0.98779296875,2.6513671875,0.65283203125,1.1884765625,1.208984375
1429,1.65283203125,0.927734375,2.7197265625,0.849609375,0.8496093750000001,1.37841796875
1430,0.8354492187500001,0.9853515625,3.09912109375,0.7216796875,1.3212890625,0.86474609375
1431,1.22119140625,1.087890625,2.78515625,0.81396484375,1.05712890625,1.115234375
1432,1.33935546875,1.2705078125,2.46923828125,1.4521484375,1.0595703125,1.03173828125
1433,1.32763671875,1.2294921875,2.2939453125,1.3818359375,1.076171875,1.25341796875
1434,0.59423828125,1.33544921875,3.03564453125,1.1123046875,1.39892578125,1.2255859375
1435,0.8720703125000001,1.21484375,2.72265625,1.1259765625,1.27099609375,1.30322265625
1436,0.81005859375,1.1728515625,3.0595703125,1.4580078125,1.36865234375,1.36865234375
1437,0.77783203125,1.33203125,2.880859375,1.29345703125,0.92919921875,1.35595703125
1438,1.07763671875,1.06982421875,3.04638671875,0.95166015625,1.02099609375,1.00927734375
1439,1.01806640625,0.94970703125,2.7216796875,1.01123046875,1.02001953125,0.99267578125
1440,0.7763671875,0.93212890625,2.6494140625,0.99609375,1.0791015625,1.04638671875
1441,1.017578125,1.08740234375,2.41357421875,0.9833984375,0.8330078125,1.20556640625
1442,0.99755859375,1.17724609375,2.91259765625,1.283203125,1.17138671875,0.611328125
1443,1.18505859375,1.14013671875,2.9267578125,1.5078125,0.8662109375,0.919921875
1444,0.6323242187500001,1.17919921875,2.38720703125,0.89306640625,0.75244140625,0.7983398437500001
1445,0.84423828125,0.951171875,2.33203125,0.8896484375,0.53662109375,0.9599609375
1446,1.283203125,1.2041015625,2.80322265625,0.74072265625,1.1572265625,0.85888671875
1447,1.6826171875,1.216796875,2.8037109375,0.79296875,0.87939453125,0.74072265625
1448,0.7739257812500001,0.9023437500000001,2.814453125,0.86083984375,1.51171875,1.2314453125
1449,0.6923828125,1.337890625,2.79736328125,0.65234375,0.88671875,1.3388671875
1450,0.68798828125,1.0498046875,2.81982421875,1.12353515625,1.1376953125,0.76123046875
1451,0.8452148437500001,1.18408203125,2.72509765625,0.9135742187500001,0.8041992187500001,1.11962890625
1452,0.86328125,1.4189453125,2.9130859375,1.03125,1.56201171875,0.7348632812500001
1453,1.1630859375,1.298828125,2.99609375,0.8496093750000001,1.20849609375,0.85400390625
1454,0.60791015625,1.23486328125,2.53125,0.54833984375,1.41064453125,0.9248046875
1455,0.5864257812500001,1.29833984375,2.48779296875,0.53955078125,1.33349609375,1.05419921875
1456,0.6640625,1.0419921875,2.7509765625,1.0068359375,1.37060546875,0.873046875
1457,0.96923828125,1.060546875,2.744140625,0.96484375,1.37548828125,1.48583984375
1458,0.85400390625,1.65625,2.68505859375,0.8505859375,1.08056640625,1.3349609375
1459,1.3818359375,1.212890625,2.5087890625,0.8227539062500001,0.9931640625,1.134765625
1460,0.810546875,1.330078125,2.68212890625,1.451171875,1.0673828125,1.0595703125
1461,0.9462890625,1.1357421875,2.49658203125,1.52734375,1.1748046875,0.91943359375
1462,1.11962890625,1.22265625,2.69287109375,1.0712890625,1.58984375,1.248046875
1463,0.7900390625,1.02587890625,2.9267578125,1.1103515625,1.2841796875,1.2001953125
1464,1.03466796875,1.390625,2.76171875,1.10498046875,1.2646484375,1.01513671875
1465,1.1650390625,1.22216796875,2.83251953125,0.79931640625,0.8330078125,0.9609375
1466,0.958984375,1.25244140625,3.0,1.35693359375,0.888671875,1.109375
1467,0.91162109375,1.13330078125,2.66845703125,1.2607421875,1.05908203125,1.14794921875
1468,1.1943359375,1.49853515625,2.94140625,1.13671875,0.97900390625,1.265625
1469,1.0908203125,1.49560546875,2.943359375,1.1044921875,0.98681640625,1.15576171875
1470,0.7900390625000001,1.0712890625,2.9716796875,0.68310546875,1.31494140625,1.14111328125
1471,0.81787109375,1.2744140625,2.76025390625,0.44970703125,1.16064453125,1.29931640625
1472,1.08984375,1.42236328125,2.94873046875,1.1904296875,1.25830078125,1.0439453125
1473,1.02587890625,1.38232421875,2.74755859375,1.22119140625,1.33154296875,0.93896484375
1474,1.4423828125,0.9462890625,3.189453125,0.765625,1.52001953125,1.15966796875
1475,1.3291015625,0.9619140625,2.8427734375,0.642578125,1.35107421875,1.11669921875
1476,0.8955078125,1.271484375,3.169921875,1.5166015625,1.1767578125,0.8564453125000001
1477,1.19091796875,1.2080078125,3.10107421875,1.25830078125,0.7622070312500001,0.935546875
1478,1.01806640625,1.52880859375,2.6044921875,0.9892578125,0.72412109375,0.74462890625
1479,1.2060546875,1.2939453125,2.58935546875,0.8447265625,0.9482421875,0.83203125
1480,0.919921875,1.22265625,3.1748046875,0.90966796875,1.45361328125,1.11474609375
1481,1.2314453125,1.05419921875,3.03369140625,0.73095703125,1.13134765625,1.177734375
1482,0.9814453125,1.3125,2.3076171875,1.27099609375,1.27001953125,0.748046875
1483,0.9541015625,1.46240234375,2.24267578125,1.216796875,1.353515625,0.7368164062500001
1484,1.0830078125,1.12109375,2.58740234375,1.4892578125,1.1953125,1.287109375
1485,1.17822265625,1.048828125,2.66162109375,1.28759765625,1.02978515625,1.47314453125
1486,1.17431640625,0.90576171875,2.455078125,0.85693359375,0.87158203125,0.876953125
1487,1.25048828125,0.916015625,2.37060546875,0.9389648437500001,1.4462890625,0.884765625
1488,0.6694335937500001,1.4736328125,2.81005859375,1.39208984375,1.35107421875,1.0048828125
1489,0.77099609375,1.515625,2.55908203125,1.26953125,1.48583984375,1.3505859375
1490,0.9111328125,0.84521484375,2.82080078125,0.646484375,1.20751953125,0.9697265625
1491,0.9404296875,0.92333984375,2.9306640625,0.54736328125,1.3505859375,1.1376953125
1492,1.02880859375,1.033203125,2.75146484375,1.1630859375,1.36474609375,1.08740234375
1493,1.32275390625,0.8129882812500001,2.5390625,1.15673828125,0.92919921875,1.111328125
1494,0.67724609375,0.95458984375,2.3544921875,1.06640625,1.12744140625,1.17919921875
1495,0.8955078125,0.71923828125,2.3134765625,0.837890625,0.8662109375000001,1.19677734375
1496,1.041015625,1.42626953125,2.509765625,1.0986328125,1.08544921875,1.07421875
1497,1.24462890625,1.54248046875,2.29296875,1.02001953125,0.9677734375,1.24169921875
1498,1.5673828125,1.13916015625,2.955078125,1.27734375,1.2021484375,1.2216796875
1499,1.5654296875,1.43017578125,2.97705078125,1.3525390625,0.91650390625,1.12158203125
1500,1.0966796875,1.19677734375,2.6591796875,0.78857421875,1.28955078125,0.814453125
1501,1.18798828125,1.32177734375,2.79248046875,0.7138671875000001,1.04248046875,0.92333984375
1502,1.30322265625,1.0361328125,2.94482421875,1.341796875,1.03271484375,0.64892578125
1503,1.169921875,1.3046875,3.1396484375,1.24853515625,0.98779296875,0.82373046875
1504,0.9853515625,1.0439453125,2.90576171875,1.064453125,0.8393554687500001,0.86669921875
1505,1.01904296875,1.2099609375,2.82177734375,0.88623046875,1.27001953125,0.99462890625
1506,0.9140625000000001,1.03515625,3.12890625,1.12744140625,1.5595703125,0.84814453125
1507,1.17919921875,1.1513671875,2.9501953125,1.064453125,1.23291015625,1.00927734375
1508,0.93701171875,1.40771484375,2.76318359375,1.3447265625,1.1337890625,0.8632812500000001
1509,1.18896484375,1.37548828125,2.81689453125,1.32373046875,1.169921875,1.0205078125
1510,0.6733398437500001,1.5244140625,2.5478515625,1.07861328125,1.55908203125,0.9072265625
1511,0.8974609375,1.49462890625,2.47900390625,1.0068359375,1.0380859375,1.099609375
1512,0.7509765625,1.2841796875,2.4609375,1.0498046875,1.01416015625,0.6215820312500001
1513,1.10693359375,1.18701171875,2.39208984375,0.912109375,0.80224609375,0.7607421875
1514,1.1572265625,1.513671875,2.67724609375,0.9482421875,1.18017578125,1.1416015625
1515,1.17626953125,1.4521484375,2.5576171875,1.00244140625,1.27001953125,1.25830078125
1516,1.67138671875,1.2353515625,2.59326171875,0.99169921875,1.232421875,1.20263671875
1517,1.22216796875,1.2470703125,2.45849609375,1.005859375,1.2548828125,1.25244140625
1518,1.14794921875,1.30615234375,3.197265625,1.0693359375,1.01904296875,1.14208984375
1519,1.462890625,0.884765625,3.08740234375,0.87939453125,0.6923828125,1.365234375
1520,0.83154296875,1.04248046875,2.79736328125,1.07177734375,0.82421875,1.10009765625
1521,1.0869140625,1.0224609375,2.857421875,1.013671875,0.7685546875000001,1.18359375
1522,0.8256835937500001,1.19677734375,2.6318359375,0.763671875,1.48974609375,1.0341796875
1523,1.1826171875,1.1396484375,2.82666015625,0.6748046875,1.056640625,1.14794921875
1524,1.41259765625,1.44921875,2.796875,0.97607421875,1.2001953125,0.8525390625
1525,1.47509765625,1.08642578125,2.54638671875,0.7919921875,1.2109375,0.96728515625
1526,1.1708984375,1.20458984375,2.708984375,1.1298828125,1.04931640625,0.82373046875
1527,1.45556640625,1.23095703125,2.64208984375,1.03076171875,1.08837890625,0.78369140625
1528,0.74560546875,1.39453125,2.658203125,1.2958984375,0.712890625,1.38623046875
1529,0.8359375,1.34423828125,2.626953125,1.3310546875,0.7666015625,1.32763671875
1530,0.8842773437500001,1.14599609375,2.6884765625,1.25634765625,0.97314453125,1.18798828125
1531,0.97607421875,1.14453125,2.64599609375,1.1357421875,0.89013671875,1.2216796875
1532,0.9443359375,1.171875,3.02783203125,1.13818359375,1.0087890625,1.21826171875
1533,1.0302734375,1.03662109375,2.7861328125,0.98388671875,1.08251953125,1.0009765625
1534,0.85986328125,1.02685546875,2.90869140625,0.88525390625,1.4716796875,1.208984375
1535,1.21240234375,0.98779296875,2.66943359375,1.02587890625,1.15380859375,1.615234375
1536,1.3720703125,1.66455078125,2.52978515625,1.14990234375,1.083984375,0.5424804687500002
1537,1.5283203125,1.2607421875,2.431640625,1.1728515625,1.02001953125,0.8330078125
1538,1.0615234375,1.0166015625,2.677734375,1.02587890625,1.25732421875,0.93505859375
1539,0.71240234375,0.8671875,2.626953125,0.91796875,0.96630859375,1.13916015625
1540,0.77392578125,1.06298828125,2.98876953125,1.19921875,1.2099609375,1.01416015625
1541,0.9580078125,0.931640625,2.89892578125,0.8671875,1.111328125,1.33935546875
1542,0.970703125,1.33154296875,2.8642578125,1.25634765625,1.240234375,0.7773437500000001
1543,1.19140625,1.2138671875,2.43115234375,1.13330078125,1.15283203125,0.84423828125
1544,1.14404296875,1.0458984375,2.7265625,1.0341796875,1.2060546875,1.02392578125
1545,1.1513671875,0.8500976562500001,2.47314453125,0.7666015625000001,1.427734375,1.23046875
1546,0.5019531250000002,0.8730468750000001,2.69970703125,1.19482421875,1.39404296875,0.76318359375
1547,0.72802734375,1.14599609375,2.7890625,0.97265625,1.29443359375,0.82421875
1548,0.974609375,1.0419921875,2.876953125,1.64453125,1.04736328125,1.37841796875
1549,1.08154296875,1.08740234375,2.81640625,1.08984375,0.8828125,1.40771484375
1550,1.25,1.38623046875,2.74072265625,0.98388671875,0.90869140625,0.90185546875
1551,1.537109375,1.27294921875,2.54345703125,0.87939453125,0.8271484375,0.66552734375
1552,0.8505859375,1.13720703125,2.9423828125,1.00830078125,1.12841796875,1.01708984375
1553,0.94091796875,1.037109375,2.79833984375,0.99755859375,1.21337890625,1.23193359375
1554,0.83203125,1.17822265625,2.49951171875,1.1455078125,0.86767578125,1.20703125
1555,0.8574218750000001,1.1552734375,2.5009765625,0.8984375000000001,0.6337890625,1.3173828125
1556,1.04736328125,1.31787109375,3.13720703125,0.81298828125,1.48876953125,0.62109375
1557,1.361328125,1.31201171875,2.97216796875,0.806640625,1.138671875,0.67041015625
1558,0.7734375,0.8798828125,2.90234375,1.1220703125,1.14306640625,0.92138671875
1559,1.142578125,0.90478515625,2.90576171875,0.91162109375,1.13671875,0.88330078125
1560,0.89208984375,1.06591796875,2.6416015625,0.7426757812500001,1.08740234375,0.9921875
1561,1.0185546875,1.0869140625,2.74169921875,0.79345703125,1.19970703125,1.15087890625
1562,0.93310546875,0.9755859375,3.09326171875,0.98095703125,1.20068359375,0.7373046875
1563,0.8486328125,0.884765625,2.49755859375,1.14990234375,0.90966796875,0.9326171875
1564,0.9624023437500001,1.453125,2.685546875,1.23828125,1.13427734375,0.71484375
1565,1.13818359375,1.43701171875,2.74609375,1.1845703125,1.146484375,0.8662109375
1566,1.43212890625,1.08642578125,2.82470703125,0.6455078125,1.2958984375,0.97705078125
1567,1.19189453125,0.92919921875,2.99072265625,0.51171875,1.15087890625,1.115234375
1568,0.87548828125,1.4619140625,2.8095703125,1.2353515625,1.45703125,0.83837890625
1569,0.865234375,1.2685546875,2.7783203125,0.87890625,1.07275390625,0.87646484375
1570,0.9990234375,0.8916015625,2.76904296875,0.95654296875,1.25927734375,0.89306640625
1571,0.92724609375,0.9306640625,2.76123046875,0.8076171875,1.16064453125,0.7333984375
1572,0.9140625,1.177734375,2.71435546875,0.966796875,1.1953125,0.85400390625
1573,0.93408203125,1.32666015625,2.55029296875,0.71044921875,0.65234375,0.89990234375
1574,1.16162109375,1.328125,2.6318359375,0.9599609375,1.27734375,1.37158203125
1575,1.11181640625,1.08154296875,2.5283203125,0.8662109375,1.12548828125,1.44091796875
1576,0.7958984375,1.20068359375,2.884765625,1.09814453125,1.05712890625,0.85888671875
1577,0.759765625,1.18798828125,3.00146484375,1.0791015625,0.81005859375,0.8696289062500001
1578,0.8125,1.09375,2.75830078125,1.06396484375,1.0029296875,0.892578125
1579,1.115234375,1.35107421875,2.80224609375,1.27294921875,0.888671875,1.09423828125
1580,0.9736328125,1.58837890625,2.79638671875,0.875,1.38720703125,1.48046875
1581,1.404296875,1.59912109375,2.64990234375,0.9091796875,1.10595703125,1.47802734375
1582,1.4140625,1.19775390625,2.7333984375,1.046875,1.23876953125,0.865234375
1583,1.21435546875,1.00830078125,2.56103515625,1.22265625,0.9394531250000001,1.04833984375
1584,1.11376953125,1.669921875,2.44921875,0.80908203125,1.36767578125,0.73388671875
1585,1.38330078125,1.12744140625,2.5615234375,0.62939453125,1.42431640625,0.90576171875
1586,0.7734375,1.04541015625,2.91796875,1.1376953125,1.06689453125,0.9277343750000001
1587,0.5673828125,1.17138671875,2.98193359375,0.96337890625,1.2724609375,1.23974609375
1588,1.28369140625,1.1982421875,2.8828125,0.8935546875,0.77734375,0.7612304687500001
1589,1.22314453125,1.28662109375,2.93505859375,0.673828125,0.5244140625,0.89013671875
1590,1.2119140625,1.34375,2.49462890625,0.83251953125,1.09619140625,0.91259765625
1591,1.17919921875,0.984375,2.388671875,0.8955078125,1.02099609375,0.98876953125
1592,0.849609375,0.8203125,2.74072265625,1.24755859375,0.8779296875,0.9658203125
1593,1.06396484375,0.92236328125,2.7783203125,0.9975585937500001,0.7451171875,1.33203125
1594,0.64013671875,1.08837890625,2.78515625,1.125,1.0595703125,0.86767578125
1595,0.92822265625,1.23974609375,2.50732421875,1.0556640625,0.88427734375,0.86669921875
1596,1.04736328125,0.9248046875,2.8740234375,0.83056640625,0.9970703125,1.119140625
1597,1.05615234375,0.8896484375,2.603515625,0.57177734375,1.076171875,1.3515625
1598,1.1640625,1.2314453125,2.947265625,0.9873046875,1.203125,1.33837890625
1599,1.51123046875,1.25732421875,2.83154296875,0.90087890625,1.33544921875,1.14013671875
1600,0.94677734375,1.32373046875,2.85107421875,1.0712890625,0.849609375,1.06591796875
1601,1.2724609375,1.37744140625,2.80810546875,1.1474609375,0.970703125,1.0537109375
1602,1.041015625,1.40625,3.10595703125,1.1201171875,0.55615234375,0.7792968750000001
1603,0.955078125,1.599609375,3.01220703125,0.8603515625,0.59716796875,0.7900390625
1604,1.07568359375,1.357421875,2.78125,0.70556640625,1.0927734375,0.92529296875
1605,1.17822265625,1.35986328125,2.84619140625,0.5751953125,1.24365234375,1.0263671875
1606,1.14892578125,1.2412109375,2.42578125,1.0390625,1.40087890625,0.90869140625
1607,1.62939453125,1.1943359375,2.595703125,1.078125,1.1884765625,0.9755859375
1608,1.42236328125,1.1767578125,2.9951171875,0.6328125,1.38037109375,1.28369140625
1609,1.46484375,1.00390625,2.72119140625,0.8666992187500001,1.27734375,1.38525390625
1610,0.5844726562500001,1.17138671875,3.0439453125,1.18798828125,1.3935546875,1.09033203125
1611,0.69140625,1.0517578125,3.04833984375,1.1875,1.22802734375,1.2119140625
1612,1.044921875,1.134765625,3.19921875,1.21533203125,0.7636718750000001,1.0673828125
1613,1.22705078125,1.2890625,3.06982421875,1.16259765625,0.81591796875,1.25537109375
1614,0.59912109375,0.96484375,2.951171875,1.05029296875,1.107421875,1.04541015625
1615,1.173828125,0.86181640625,2.64404296875,0.96923828125,0.97607421875,1.12939453125
1616,1.23583984375,0.8935546875000001,3.05126953125,0.99560546875,0.9365234375,0.74365234375
1617,1.13818359375,1.0068359375,3.04248046875,0.8286132812500001,1.04736328125,0.869140625
1618,1.22216796875,0.986328125,2.67724609375,1.21142578125,0.87939453125,1.0751953125
1619,1.1982421875,0.8037109375,2.5546875,1.0810546875,0.6386718750000001,1.11962890625
1620,0.798828125,1.2587890625,2.60498046875,0.9931640625,0.89404296875,0.99462890625
1621,0.83056640625,1.01953125,2.51123046875,0.923828125,0.6250000000000001,1.08544921875
1622,1.07421875,1.4248046875,2.7021484375,1.16455078125,1.357421875,0.8408203125
1623,1.1416015625,1.69970703125,2.56982421875,1.20849609375,1.21923828125,0.70751953125
1624,0.76806640625,1.15576171875,2.822265625,1.13037109375,0.71337890625,1.07470703125
1625,0.90771484375,1.10595703125,2.607421875,0.88134765625,0.79248046875,1.265625
1626,1.1796875,0.931640625,2.51611328125,1.13232421875,1.271484375,1.21875
1627,1.39599609375,0.97998046875,2.5029296875,1.22607421875,1.33154296875,1.06884765625
1628,1.185546875,0.9892578125,2.77490234375,1.17529296875,1.4033203125,1.2724609375
1629,1.17822265625,0.92919921875,2.79541015625,1.02099609375,1.150390625,1.203125
1630,0.986328125,1.24462890625,2.77099609375,0.8818359375,0.91064453125,0.830078125
1631,0.96728515625,1.125,2.5185546875,0.6186523437500001,0.6601562500000001,0.9326171875
1632,1.021484375,1.29541015625,2.64794921875,1.1123046875,1.1396484375,0.7158203125
1633,1.0908203125,1.30517578125,2.7822265625,1.1015625,1.0166015625,1.10595703125
1634,0.87255859375,0.9833984375,2.95361328125,0.97412109375,1.29296875,0.806640625
1635,1.09716796875,0.9921875,2.79736328125,1.0029296875,0.99365234375,0.93994140625
1636,1.001953125,1.03125,2.77197265625,1.23193359375,0.95166015625,1.51171875
1637,1.18408203125,0.91455078125,2.56689453125,1.0927734375,0.69580078125,1.32275390625
1638,1.14794921875,0.8720703125,2.6904296875,1.109375,1.240234375,0.8154296875
1639,1.15625,0.7104492187500001,2.67333984375,0.9384765625000001,1.1025390625,0.830078125
1640,1.083984375,1.39501953125,3.08544921875,0.94189453125,1.09765625,0.7866210937500001
1641,1.10888671875,1.33056640625,2.97509765625,1.11767578125,0.9365234375,1.009765625
1642,1.5380859375,1.2734375,2.5859375,0.8188476562500001,1.103515625,1.15087890625
1643,1.53076171875,1.23486328125,2.69384765625,0.85205078125,1.005859375,1.15771484375
1644,0.7958984375000001,0.92529296875,3.07080078125,0.9819335937500001,1.00048828125,1.04345703125
1645,0.7490234375,0.78466796875,2.80908203125,0.88525390625,0.78271484375,1.3427734375
1646,1.24609375,1.29541015625,2.9013671875,0.9599609375,1.07666015625,1.01806640625
1647,1.50732421875,1.21923828125,2.83740234375,0.90185546875,1.0556640625,1.0517578125
1648,0.451171875,1.2900390625,2.84375,1.541015625,1.29443359375,0.96728515625
1649,0.66357421875,1.36279296875,2.58544921875,1.6064453125,1.2783203125,1.09912109375
1650,0.9033203125000001,1.06640625,3.291015625,0.9785156250000001,1.47900390625,0.99169921875
1651,0.9462890625,0.84716796875,2.77978515625,0.78369140625,1.11572265625,0.89453125
1652,0.642578125,1.32421875,2.86962890625,1.25439453125,1.505859375,0.97802734375
1653,0.86328125,1.3837890625,2.69482421875,1.0244140625,1.00146484375,0.8681640625
1654,0.93701171875,1.3388671875,2.54736328125,0.921875,0.92529296875,0.80224609375
1655,1.13330078125,1.45263671875,2.5556640625,0.6640625,0.82177734375,1.162109375
1656,1.14990234375,0.72216796875,2.68115234375,0.8056640625,1.3154296875,0.91259765625
1657,1.287109375,0.74755859375,2.7119140625,0.5356445312500001,1.26220703125,0.8994140625
1658,1.087890625,1.19482421875,2.84619140625,1.0234375,1.22265625,1.12744140625
1659,1.328125,1.3544921875,2.56787109375,0.8076171875,1.2412109375,1.32666015625
1660,1.10400390625,0.98583984375,2.806640625,0.96142578125,1.1767578125,0.7612304687500001
1661,1.35498046875,1.04052734375,2.64013671875,0.60888671875,0.9599609375,0.8818359375
1662,0.9868164062500001,0.86181640625,2.56787109375,0.8125000000000001,1.0380859375,0.88232421875
1663,1.15234375,0.794921875,2.50634765625,0.83349609375,0.8642578125000001,0.9296875
1664,0.8549804687500001,1.345703125,2.83740234375,1.39111328125,0.818359375,0.89990234375
1665,1.193359375,1.19384765625,3.11474609375,1.18505859375,1.1259765625,1.130859375
1666,1.3857421875,0.9453125,3.0166015625,1.3037109375,1.27978515625,1.4052734375
1667,1.29443359375,0.8447265625,2.884765625,1.09716796875,1.353515625,1.28662109375
1668,1.1142578125,1.49658203125,2.86669921875,1.201171875,1.224609375,1.17919921875
1669,1.412109375,1.27880859375,2.65087890625,1.0712890625,1.0498046875,1.1015625
1670,0.5800781250000001,0.8564453125000001,2.607421875,1.15625,0.7509765625,1.19189453125
1671,0.923828125,0.9130859375,2.576171875,0.943359375,0.8876953125,1.1787109375
1672,0.798828125,1.244140625,2.44482421875,1.11376953125,1.21826171875,0.849609375
1673,1.11181640625,1.138671875,2.5556640625,1.162109375,0.74072265625,1.04736328125
1674,1.13525390625,1.4833984375,3.04443359375,0.7939453125000001,1.21923828125,0.609375
1675,1.40576171875,1.3017578125,2.84375,0.76513671875,1.38525390625,0.6884765625
1676,0.904296875,1.42626953125,2.64013671875,1.18310546875,1.01123046875,0.8090820312500001
1677,1.07763671875,1.28515625,2.57568359375,1.03759765625,1.16162109375,0.88916015625
1678,0.5566406250000001,0.9541015625,2.62060546875,0.79052734375,0.93359375,0.94580078125
1679,0.8066406250000001,1.1005859375,2.54443359375,1.02685546875,1.28955078125,1.18603515625
1680,1.22021484375,0.85546875,2.75732421875,0.76220703125,1.1728515625,0.52490234375
1681,1.23291015625,0.8662109375,2.6162109375,0.7177734375,1.10888671875,0.669921875
1682,0.8085937500000001,1.3486328125,2.8994140625,0.8603515625,1.32470703125,1.1787109375
1683,1.15283203125,1.28662109375,2.9052734375,0.64453125,1.21142578125,1.1875
1684,1.2451171875,0.9287109375,3.1767578125,1.197265625,1.0,0.93408203125
1685,1.43359375,0.88671875,2.82275390625,1.09912109375,0.92138671875,0.96044921875
1686,1.05908203125,1.11181640625,2.85009765625,0.99853515625,1.33447265625,1.16015625
1687,1.138671875,1.03173828125,2.61279296875,1.11669921875,1.0478515625,1.20361328125
1688,0.8808593750000001,1.11181640625,2.87646484375,1.27685546875,0.9672851562500001,1.38037109375
1689,1.18994140625,1.18359375,2.826171875,1.2919921875,0.88232421875,1.408203125
1690,1.04296875,1.109375,2.74951171875,1.0439453125,1.03369140625,1.14501953125
1691,1.13427734375,1.30810546875,2.70703125,1.0556640625,0.83349609375,1.150390625
1692,1.38818359375,1.28466796875,2.42724609375,1.2939453125,1.49267578125,1.2900390625
1693,1.3720703125,1.16748046875,2.3759765625,0.96142578125,1.06884765625,0.9794921875
1694,0.5429687500000001,1.1650390625,2.37890625,1.02392578125,1.13232421875,1.10986328125
1695,0.82421875,1.0986328125,2.3779296875,0.83447265625,1.06787109375,1.32763671875
1696,0.7651367187500001,1.18603515625,2.98095703125,1.39990234375,1.2705078125,0.77001953125
1697,0.90283203125,1.13818359375,2.84375,1.07421875,0.89306640625,1.0263671875
1698,1.14453125,0.8046875,2.69677734375,0.93896484375,1.134765625,0.8642578125000001
1699,1.01513671875,0.90380859375,2.56640625,0.7099609375,0.904296875,0.98046875
1700,0.9560546875,1.33251953125,3.03173828125,0.99755859375,1.41162109375,0.79345703125
1701,1.064453125,1.51708984375,3.03125,1.1611328125,1.31591796875,0.99267578125
1702,0.7871093750000001,1.37158203125,2.70654296875,1.0712890625,1.1748046875,1.197265625
1703,0.69482421875,1.2294921875,2.65478515625,0.7626953125,1.19873046875,1.0107421875
1704,1.1162109375,1.26220703125,3.05029296875,1.0869140625,0.98681640625,0.99755859375
1705,1.05419921875,1.669921875,2.7890625,0.859375,0.83740234375,1.16162109375
1706,0.8769531250000001,0.93115234375,2.71142578125,0.86181640625,1.33447265625,0.4345703125000001
1707,0.9775390625,1.07568359375,2.70751953125,0.6748046875,1.07470703125,0.6533203125
1708,0.8295898437500001,0.65185546875,2.8115234375,1.07177734375,1.35693359375,0.88916015625
1709,0.81982421875,0.6669921875,2.720703125,1.0087890625,1.16357421875,1.16943359375
1710,1.05908203125,0.78955078125,2.6611328125,0.7421875,1.4384765625,0.8837890625
1711,1.3740234375,0.82080078125,2.67041015625,0.6704101562500001,1.11669921875,0.9287109375
1712,0.7817382812500001,1.27734375,2.7578125,0.93017578125,1.1279296875,0.9179687500000001
1713,0.8198242187500001,1.298828125,2.5224609375,0.8232421875,0.76025390625,1.068359375
1714,1.06982421875,1.1396484375,3.06201171875,0.970703125,1.208984375,0.80859375
1715,1.31884765625,1.091796875,2.90087890625,0.99951171875,1.1982421875,1.04296875
1716,0.90478515625,0.9814453125000001,2.89794921875,1.42724609375,0.87841796875,0.712890625
1717,1.265625,0.99853515625,2.54541015625,1.1943359375,1.18017578125,0.7910156250000001
1718,0.71630859375,0.810546875,2.67529296875,1.06005859375,0.900390625,1.05810546875
1719,0.7109375,0.8896484375,2.5146484375,0.8271484375,0.8671875,1.400390625
1720,0.8203125000000001,1.22265625,2.5615234375,0.9248046875,1.1845703125,0.99609375
1721,1.078125,1.14892578125,2.45703125,0.84130859375,0.78173828125,1.1796875
1722,0.7578125000000001,1.10302734375,2.62060546875,1.166015625,0.91650390625,0.8876953125
1723,1.0029296875,1.31787109375,2.6708984375,1.13134765625,0.97607421875,1.138671875
1724,0.9482421875,0.81982421875,2.5712890625,0.830078125,1.048828125,1.0703125
1725,1.13037109375,0.82470703125,2.7109375,0.8276367187500001,0.7636718750000001,1.4365234375
1726,1.30615234375,0.94091796875,2.89990234375,1.16162109375,0.9384765625,1.0751953125
1727,1.0048828125,0.7685546875000001,2.69140625,0.93896484375,0.9599609375000001,0.99462890625
1728,0.6723632812500001,1.1689453125,2.845703125,0.93896484375,0.8671875,0.8564453125
1729,0.94189453125,1.04541015625,2.6474609375,1.06982421875,0.95654296875,0.927734375
1730,1.0654296875,1.08740234375,3.10595703125,1.37548828125,1.13037109375,1.17578125
1731,1.15283203125,0.9326171875,3.0068359375,1.2548828125,0.90576171875,1.30419921875
1732,1.30615234375,1.18212890625,2.90625,0.97607421875,0.9521484375,0.9990234375
1733,1.701171875,1.24169921875,2.8876953125,0.74365234375,1.20849609375,0.95703125
1734,1.10009765625,1.234375,2.9736328125,1.0556640625,0.97119140625,1.08935546875
1735,0.82373046875,1.193359375,3.04833984375,0.8876953125,0.7812500000000001,1.4287109375
1736,1.00439453125,1.10107421875,2.85546875,0.884765625,0.88037109375,0.859375
1737,1.44580078125,1.0302734375,2.7568359375,0.8916015625,0.990234375,1.06103515625
1738,0.93310546875,0.90576171875,2.54296875,1.08642578125,1.05615234375,1.0341796875
1739,1.1630859375,0.88671875,2.3720703125,1.05224609375,1.01123046875,0.92431640625
1740,1.0712890625,1.298828125,2.853515625,0.9052734375,0.8403320312500001,0.6406250000000001
1741,1.021484375,1.2392578125,2.71533203125,0.86865234375,0.90087890625,0.7294921875
1742,0.578125,1.6240234375,2.89794921875,1.1533203125,1.2958984375,1.1337890625
1743,0.5610351562500001,1.62158203125,2.810546875,1.0234375,1.31982421875,1.08642578125
1744,1.35791015625,0.68408203125,2.5693359375,1.49951171875,1.04052734375,0.4482421875
1745,1.166015625,0.93505859375,2.53466796875,1.318359375,1.04443359375,0.71630859375
1746,0.7529296875,1.02783203125,2.80126953125,1.22216796875,1.302734375,1.00244140625
1747,1.1171875,1.1552734375,2.7685546875,0.9379882812500001,1.24462890625,0.8706054687500001
1748,1.27490234375,1.12939453125,2.783203125,1.091796875,1.1044921875,0.9453125
1749,1.19189453125,0.9628906250000001,2.86279296875,1.15087890625,0.6723632812500001,1.0771484375
1750,1.2392578125,1.14013671875,3.02392578125,1.16064453125,0.8896484375,1.06640625
1751,1.36083984375,0.93017578125,3.0615234375,1.28076171875,0.68359375,0.88232421875
1752,0.9560546875,1.18359375,2.6845703125,0.78955078125,1.1181640625,1.52197265625
1753,1.0830078125,1.27978515625,2.55322265625,0.8330078125000001,1.06640625,1.31298828125
1754,0.958984375,1.17236328125,2.97705078125,0.67041015625,1.17724609375,0.94775390625
1755,1.27783203125,0.97607421875,2.759765625,0.7763671875,1.17578125,1.07763671875
1756,0.662109375,1.1767578125,2.86962890625,0.8115234375,1.25830078125,0.98876953125
1757,0.96240234375,1.1728515625,2.6640625,0.82080078125,1.02978515625,0.8549804687500001
1758,1.04443359375,1.06787109375,2.91162109375,1.18115234375,1.63330078125,0.671875
1759,1.0439453125,0.74755859375,2.76953125,0.87646484375,1.3798828125,0.7412109375
1760,1.17236328125,1.0595703125,2.72412109375,1.20556640625,1.2880859375,0.77734375
1761,1.18310546875,1.2216796875,2.61865234375,0.9399414062500001,1.15283203125,0.9248046875
1762,0.9130859375,0.94189453125,2.9423828125,0.84375,1.13818359375,0.6210937500000001
1763,1.03369140625,1.07275390625,2.80322265625,0.7216796875,1.0869140625,0.85791015625
1764,0.87744140625,1.10888671875,2.7705078125,0.83984375,1.06640625,1.09228515625
1765,0.9892578125,1.0087890625,2.4716796875,0.78662109375,0.78369140625,1.09521484375
1766,1.09326171875,1.25390625,2.29052734375,0.92626953125,0.94921875,1.04296875
1767,1.048828125,0.99951171875,2.166015625,1.017578125,1.00439453125,1.02685546875
1768,0.7519531250000001,1.1083984375,2.9267578125,1.24560546875,0.9150390625,0.84130859375
1769,1.01953125,1.09912109375,2.85009765625,1.28125,1.125,1.25732421875
1770,0.9580078125,1.013671875,2.251953125,1.48291015625,1.28857421875,0.8720703125
1771,0.91455078125,0.95068359375,2.2275390625,1.146484375,0.92626953125,0.9306640625
1772,1.2431640625,1.0546875,2.60693359375,1.2021484375,1.28173828125,1.12646484375
1773,1.5,0.89599609375,2.6162109375,1.17822265625,0.9477539062500001,1.126953125
1774,1.07666015625,1.15185546875,2.8134765625,1.08251953125,1.07080078125,0.7275390625
1775,1.2578125,1.12353515625,2.8759765625,1.16748046875,0.7470703125,0.9013671875
1776,1.15771484375,1.07275390625,2.61474609375,1.28125,1.17041015625,0.9365234375
1777,1.306640625,1.15869140625,2.6787109375,1.28955078125,1.02392578125,0.95751953125
1778,0.9326171875,1.05322265625,2.78173828125,0.93701171875,1.0693359375,0.7646484375
1779,1.0,0.81201171875,2.6494140625,1.068359375,1.1103515625,0.90869140625
1780,1.3447265625,0.7373046875,2.9345703125,1.12255859375,0.7080078125,0.77001953125
1781,1.25146484375,0.7294921875,2.85302734375,0.9892578125000001,0.6870117187500001,1.0966796875
1782,0.82421875,1.3662109375,2.81396484375,1.01806640625,0.75244140625,1.0966796875
1783,0.8359375,1.451171875,2.70361328125,0.7910156250000001,0.83837890625,0.9702148437500001
1784,0.59423828125,1.03515625,3.025390625,0.96240234375,1.03515625,1.0927734375
1785,0.68408203125,0.9423828125,2.77392578125,0.845703125,1.11962890625,1.361328125
1786,1.5810546875,0.89404296875,2.7861328125,1.19921875,0.78369140625,1.06396484375
1787,1.38427734375,1.08349609375,2.953125,1.28955078125,1.05078125,0.97509765625
1788,0.8203125,1.24755859375,2.837890625,1.30078125,0.90380859375,0.97216796875
1789,0.9443359375,1.14501953125,2.90234375,1.10595703125,0.96484375,1.01904296875
1790,0.5615234375,1.14794921875,2.57275390625,0.923828125,0.869140625,0.7714843750000001
1791,0.5634765625,0.98388671875,2.408203125,0.82177734375,0.763671875,0.9404296875
1792,1.1171875,1.0361328125,2.95263671875,0.7646484375,0.849609375,1.12255859375
1793,1.37451171875,1.140625,2.97509765625,0.8281250000000001,0.8691406250000001,1.2041015625
1794,1.3046875,1.333984375,2.833984375,0.923828125,1.33984375,1.13134765625
1795,1.2998046875,1.3212890625,2.669921875,1.095703125,0.9931640625,1.1572265625
1796,0.8784179687500001,1.11474609375,2.53759765625,0.65625,1.171875,1.109375
1797,1.0205078125,1.0595703125,2.34716796875,0.76611328125,0.89697265625,1.11376953125
1798,0.984375,1.27099609375,2.85546875,1.05859375,1.10205078125,0.92333984375
1799,1.185546875,1.169921875,2.47412109375,0.8940429687500001,0.9365234375,0.94677734375
1800,0.9619140625,1.06689453125,2.4658203125,1.03857421875,0.7641601562500001,0.71044921875
1801,1.21142578125,1.0048828125,2.490234375,1.0654296875,0.708984375,0.7822265625
1802,0.99853515625,0.9658203125,2.65185546875,0.8461914062500001,0.8564453125,1.20947265625
1803,1.294921875,1.103515625,2.64501953125,0.9130859375,0.732421875,1.17236328125
1804,0.87158203125,1.12158203125,2.73828125,0.5751953125,1.2568359375,1.39892578125
1805,1.328125,1.2451171875,2.677734375,0.5771484375,1.2880859375,1.228515625
1806,0.8623046875,1.087890625,2.8662109375,0.86962890625,1.2841796875,1.19384765625
1807,1.06298828125,1.05517578125,2.80322265625,0.8349609375000001,0.9697265625,1.18701171875
1808,1.06689453125,1.30224609375,2.39208984375,1.1796875,0.90234375,1.2333984375
1809,1.197265625,1.17333984375,2.484375,1.18408203125,0.86083984375,1.4443359375
1810,0.60498046875,1.08642578125,2.96728515625,0.9814453125,1.1552734375,0.82470703125
1811,0.62548828125,0.880859375,2.64697265625,0.83447265625,1.2041015625,0.76611328125
1812,0.8359375,0.9580078125,2.40185546875,1.0390625,1.36279296875,0.76025390625
1813,1.07470703125,0.9580078125,2.2587890625,0.7949218750000001,0.8652343750000001,0.67529296875
1814,1.16455078125,0.9599609375,2.6982421875,1.0205078125,1.32177734375,0.95947265625
1815,1.58544921875,0.89501953125,2.70556640625,1.01513671875,1.2666015625,1.00146484375
1816,0.87548828125,1.3583984375,2.716796875,1.18603515625,1.08251953125,1.08056640625
1817,1.22314453125,1.251953125,2.8466796875,1.3876953125,0.80322265625,1.18212890625
1818,1.24365234375,1.02734375,2.6650390625,1.20849609375,1.0078125,1.14013671875
1819,0.99755859375,0.939453125,2.607421875,1.296875,1.06982421875,1.07373046875
1820,0.5849609375,1.06396484375,2.5087890625,1.0361328125,1.35693359375,0.69775390625
1821,1.09326171875,0.88916015625,2.32080078125,0.98486328125,1.05078125,1.02783203125
1822,0.9111328125,0.83447265625,2.5673828125,1.12646484375,1.41357421875,1.0166015625
1823,1.28857421875,0.73291015625,2.458984375,0.9677734375,0.845703125,1.0966796875
1824,0.9130859375,0.90576171875,2.9130859375,0.58154296875,0.7265625,1.138671875
1825,1.16845703125,0.87841796875,3.01904296875,0.52294921875,0.6689453125,1.07373046875
1826,1.50732421875,0.9638671875,2.72607421875,1.1513671875,1.26708984375,1.0341796875
1827,1.248046875,0.96826171875,2.7509765625,1.373046875,1.244140625,1.10400390625
1828,0.6621093750000001,1.4091796875,2.931640625,0.8876953125,1.7197265625,1.28662109375
1829,0.99658203125,1.30810546875,2.7265625,0.88720703125,1.3779296875,1.36572265625
1830,0.71142578125,0.76123046875,2.8779296875,0.869140625,0.931640625,0.509765625
1831,0.77294921875,0.7255859375000001,2.68310546875,0.8759765625,1.02587890625,0.654296875
1832,1.04248046875,1.35400390625,2.7392578125,1.359375,1.2890625,0.92138671875
1833,1.0986328125,1.1904296875,2.62646484375,1.0263671875,0.97314453125,0.96240234375
1834,1.13134765625,1.3076171875,2.76953125,1.13916015625,1.037109375,1.02978515625
1835,1.09326171875,1.21533203125,2.7177734375,1.1962890625,0.90625,1.1962890625
1836,0.92529296875,0.9169921875,3.134765625,0.99365234375,1.3837890625,1.10205078125
1837,1.24462890625,1.0029296875,3.0302734375,0.9189453125,1.36376953125,1.1005859375
1838,0.810546875,1.455078125,2.70458984375,0.87841796875,0.9453125,0.8144531250000001
1839,0.86328125,1.13134765625,2.64111328125,0.7631835937500001,0.75439453125,0.9033203125
1840,1.19873046875,1.10546875,2.65283203125,0.76513671875,1.7548828125,1.3095703125
1841,1.6044921875,1.197265625,2.48583984375,0.89208984375,1.40869140625,1.21875
1842,0.52294921875,1.2919921875,2.80322265625,1.1142578125,1.62060546875,1.24072265625
1843,0.6035156250000001,1.5283203125,2.62060546875,0.8671875,1.484375,1.1240234375
1844,1.2451171875,1.2607421875,2.78173828125,0.99658203125,1.05029296875,1.287109375
1845,1.14794921875,1.2216796875,3.076171875,0.880859375,1.220703125,1.27978515625
1846,0.9306640625,1.3193359375,2.84912109375,0.99755859375,1.02734375,0.8203125000000001
1847,1.24853515625,1.23046875,2.73583984375,0.95654296875,1.306640625,0.91064453125
1848,0.8232421875,0.8115234375,2.8955078125,1.24609375,1.05712890625,1.1455078125
1849,1.3505859375,0.80712890625,2.89404296875,1.2314453125,0.798828125,1.345703125
1850,1.43359375,0.982421875,2.58056640625,1.345703125,1.38525390625,0.939453125
1851,1.27880859375,0.91015625,2.59423828125,0.99951171875,1.06103515625,1.05615234375
1852,1.00439453125,1.1611328125,3.0986328125,0.7548828125,1.31591796875,0.9482421875
1853,0.8681640625,1.21728515625,3.1640625,0.5327148437500001,1.0478515625,1.21875
1854,0.908203125,1.0458984375,2.708984375,1.01318359375,1.11376953125,1.30810546875
1855,0.9599609375,0.89404296875,2.7080078125,1.02490234375,1.1416015625,1.4345703125
1856,1.173828125,1.06298828125,2.9658203125,1.18115234375,0.9521484375,0.84130859375
1857,1.03564453125,1.04931640625,2.6396484375,0.998046875,1.0380859375,0.8740234375
1858,0.9521484375,1.2578125,2.6494140625,1.076171875,1.17333984375,1.0
1859,1.0126953125,1.244140625,2.59033203125,0.87548828125,0.88720703125,1.13720703125
1860,0.9130859375,0.92724609375,2.970703125,1.16552734375,0.8115234375000001,0.904296875
1861,0.85498046875,0.77294921875,2.8916015625,1.0888671875,0.931640625,1.13232421875
1862,1.119140625,0.892578125,2.79150390625,0.85009765625,0.89697265625,0.98486328125
1863,1.30615234375,0.9755859375,2.763671875,0.8291015625,1.00927734375,1.095703125
1864,1.16650390625,0.9619140625,2.7158203125,0.9375000000000001,0.9775390625000001,1.1171875
1865,1.27197265625,0.9243164062500001,2.5615234375,0.78076171875,1.00634765625,1.21875
1866,1.0869140625,0.93408203125,2.53076171875,0.732421875,1.072265625,1.39599609375
1867,1.06298828125,1.06591796875,2.5322265625,0.66259765625,1.29736328125,1.24462890625
1868,0.826171875,1.046875,2.951171875,0.8491210937500001,1.30126953125,0.74072265625
1869,0.9150390625000001,1.142578125,2.74267578125,0.86767578125,1.44287109375,0.974609375
1870,0.908203125,1.1044921875,2.7236328125,1.1240234375,1.37109375,0.73974609375
1871,1.208984375,0.98583984375,2.82861328125,1.10498046875,1.4169921875,0.9755859375
1872,0.86474609375,0.90576171875,2.83349609375,1.09033203125,0.88037109375,0.7172851562500001
1873,0.98291015625,1.017578125,2.5029296875,1.0390625,0.982421875,0.66796875
1874,1.0048828125,1.126953125,2.96533203125,1.05615234375,1.1044921875,1.0244140625
1875,0.95751953125,1.00634765625,2.7236328125,1.1962890625,0.9765625,1.21533203125
1876,0.85498046875,0.88671875,2.72509765625,1.29248046875,1.3095703125,0.8930664062500001
1877,0.841796875,0.7451171875,2.65185546875,1.16845703125,0.97998046875,0.99658203125
1878,0.77783203125,0.798828125,2.87841796875,0.91943359375,1.072265625,0.87353515625
1879,0.8374023437500001,0.7348632812500001,2.81689453125,0.94580078125,0.8354492187500001,0.8642578125
1880,1.11865234375,1.25341796875,3.00830078125,1.05322265625,1.2080078125,0.5825195312500001
1881,1.11376953125,0.98681640625,3.00390625,0.95556640625,0.9609375000000001,0.77490234375
1882,0.87353515625,1.06298828125,2.93408203125,0.94482421875,1.07080078125,0.9404296875
1883,0.9794921875,0.9130859375,2.916015625,0.97998046875,0.9951171875,1.17431640625
1884,0.81689453125,0.85400390625,2.97509765625,1.17919921875,0.890625,1.005859375
1885,1.0732421875,0.859375,3.068359375,0.830078125,0.92041015625,1.05859375
1886,0.79931640625,1.04150390625,2.5869140625,0.91259765625,1.0751953125,0.85595703125
1887,1.080078125,1.013671875,2.41015625,0.7119140625000001,0.83740234375,0.890625
1888,0.85888671875,0.93017578125,2.51611328125,1.009765625,0.9267578125,0.85302734375
1889,0.9614257812500001,1.06787109375,2.302734375,1.02392578125,0.876953125,0.994140625
1890,1.30712890625,0.8974609375000001,2.71142578125,1.43017578125,1.50439453125,1.3984375
1891,1.47900390625,1.232421875,2.51318359375,1.37939453125,1.10009765625,1.24658203125
1892,1.63525390625,1.12646484375,2.87646484375,0.77880859375,1.46240234375,1.0615234375
1893,1.3037109375,1.04638671875,2.67041015625,0.755859375,1.1787109375,1.14306640625
1894,0.9453125,1.05029296875,2.7158203125,1.15380859375,1.08251953125,0.8408203125000001
1895,0.90380859375,0.88037109375,2.716796875,0.984375,0.8051757812500001,0.9755859375
1896,1.04248046875,1.48779296875,2.62939453125,0.8115234375,1.1630859375,1.048828125
1897,1.3251953125,1.58740234375,2.68701171875,0.6298828125,1.40185546875,1.1494140625
1898,1.0498046875,0.939453125,2.73828125,0.8779296875,1.068359375,0.587890625
1899,1.203125,0.9497070312500001,2.87451171875,0.685546875,1.02685546875,0.84326171875
1900,0.8349609375,1.115234375,2.763671875,1.25,1.05908203125,1.03564453125
1901,1.17578125,1.1396484375,2.71484375,1.21533203125,1.12255859375,1.21484375
1902,0.7543945312500001,1.4287109375,2.923828125,0.8266601562500001,1.1103515625,0.8066406250000001
1903,0.82568359375,1.2314453125,2.70166015625,0.80419921875,1.029296875,0.8837890625
1904,1.27978515625,1.32958984375,3.02197265625,1.37841796875,0.8828125,0.7919921875
1905,1.1796875,1.14111328125,2.8642578125,1.16455078125,0.99072265625,0.9887695312500001
1906,1.17919921875,1.17236328125,2.6484375,1.02001953125,1.294921875,0.74462890625
1907,1.255859375,0.92138671875,2.51416015625,0.8759765625000001,0.9716796875,1.01171875
1908,0.89599609375,0.8071289062500001,2.873046875,0.94873046875,1.14794921875,1.02587890625
1909,1.046875,0.93212890625,2.77685546875,1.01220703125,1.0,1.17431640625
1910,0.81787109375,0.8349609375000001,2.93212890625,1.17822265625,1.4326171875,1.251953125
1911,0.67138671875,0.89013671875,2.69384765625,1.06005859375,0.962890625,1.21240234375
1912,1.0302734375,0.7734375000000001,2.69580078125,0.98388671875,1.626953125,0.8295898437500001
1913,1.20068359375,0.78125,2.49755859375,0.91015625,1.12890625,0.79345703125
1914,1.18212890625,0.7353515625,2.7744140625,1.39208984375,0.9892578125,1.08642578125
1915,1.28759765625,1.0771484375,2.85107421875,1.130859375,0.51171875,0.89404296875
1916,1.14404296875,0.8002929687500001,2.6142578125,1.4638671875,1.11083984375,0.955078125
1917,1.16455078125,1.07373046875,2.46142578125,1.29736328125,1.1708984375,1.29296875
1918,1.04248046875,1.06103515625,2.67626953125,0.9267578125,0.953125,0.89501953125
1919,0.96826171875,1.17822265625,2.49853515625,0.9501953125,0.95166015625,1.0380859375
1920,0.9472656250000001,1.08154296875,2.76513671875,0.79931640625,1.2880859375,1.0654296875
1921,1.05126953125,1.041015625,2.7451171875,0.85693359375,1.19677734375,1.365234375
1922,1.15869140625,1.02392578125,2.95703125,0.99462890625,1.02734375,0.970703125
1923,1.3359375,0.9013671875,2.7021484375,0.94189453125,0.92724609375,1.150390625
1924,0.93701171875,0.7744140625,2.36669921875,1.08984375,0.7744140625,0.74609375
1925,0.81787109375,0.91357421875,2.376953125,1.15966796875,0.7587890625,0.70849609375
1926,1.1669921875,1.533203125,3.26611328125,0.9365234375,0.9384765625,0.6606445312500001
1927,1.25927734375,1.27978515625,2.6923828125,0.8066406250000001,0.71728515625,1.06201171875
1928,0.86181640625,1.07080078125,2.57568359375,0.9829101562500001,1.427734375,0.9296875
1929,1.15625,1.12060546875,2.38037109375,1.02783203125,1.2822265625,1.08251953125
1930,0.72900390625,1.08642578125,2.5380859375,1.2685546875,0.759765625,0.98828125
1931,1.12744140625,0.98388671875,2.47265625,1.20849609375,0.88818359375,1.0732421875
1932,1.08154296875,1.23486328125,2.48681640625,1.12353515625,1.126953125,1.18115234375
1933,1.22607421875,1.29638671875,2.6767578125,1.1455078125,0.9443359375,1.4892578125
1934,1.00830078125,1.09619140625,2.6962890625,1.357421875,1.201171875,1.1494140625
1935,1.2998046875,1.3173828125,2.5283203125,1.14306640625,1.28271484375,1.076171875
1936,0.70947265625,0.90234375,2.6689453125,0.8515625,1.1337890625,0.79052734375
1937,0.767578125,1.0068359375,2.60107421875,0.85986328125,1.14794921875,0.7958984375
1938,0.9111328125,0.9345703125,2.94970703125,0.78369140625,0.90283203125,0.892578125
1939,1.0576171875,0.986328125,2.71142578125,0.6982421875,0.94677734375,0.88134765625
1940,0.6923828125,1.1328125,2.80859375,1.431640625,1.0791015625,1.115234375
1941,1.07275390625,1.19189453125,2.71337890625,1.14013671875,0.759765625,1.29833984375
1942,1.04443359375,0.84228515625,2.52490234375,1.216796875,0.88623046875,1.0546875
1943,1.208984375,0.8935546875,2.48193359375,1.2275390625,0.6528320312500001,0.98828125
1944,0.40234375,1.17724609375,2.4375,0.876953125,0.71728515625,0.8046875
1945,0.66015625,1.12744140625,2.392578125,0.6396484375,0.6337890625,0.8740234375
1946,1.0712890625,1.509765625,2.951171875,1.3056640625,1.1396484375,1.3388671875
1947,1.26416015625,1.46337890625,3.04931640625,1.07080078125,0.97314453125,1.28662109375
1948,0.734375,0.74267578125,2.7861328125,0.921875,0.90234375,0.9843750000000001
1949,0.74951171875,0.666015625,2.8701171875,0.80419921875,0.6640625,1.166015625
1950,0.83349609375,1.28515625,2.6201171875,1.4423828125,1.1455078125,1.21142578125
1951,0.7412109375,1.31494140625,2.71826171875,1.21630859375,1.1435546875,1.13134765625
1952,0.6494140625,1.13427734375,2.85302734375,0.8212890625,1.4384765625,0.78564453125
1953,1.0078125,0.9423828125,2.60986328125,0.8056640625,0.9912109375000001,1.1123046875
1954,0.86669921875,1.0712890625,3.18359375,1.16259765625,1.2734375,1.212890625
1955,0.91455078125,1.0302734375,2.8427734375,0.90234375,1.1435546875,1.30859375
1956,1.17724609375,0.9384765625,2.5673828125,1.19580078125,0.97021484375,1.01708984375
1957,1.37890625,0.9306640625,2.58203125,1.13916015625,0.99609375,0.92431640625
1958,0.7724609375,0.68408203125,2.66552734375,1.08154296875,1.2060546875,1.2451171875
1959,0.89990234375,0.912109375,2.55712890625,1.05517578125,1.0673828125,1.3828125
1960,1.041015625,0.81884765625,2.3701171875,1.0224609375,1.3671875,0.8515625
1961,0.96240234375,0.79541015625,2.3623046875,0.7768554687500001,0.8828125,1.111328125
1962,0.8310546875,0.8896484375,2.82470703125,0.79541015625,1.2529296875,0.6894531250000001
1963,0.8286132812500001,0.9853515625,2.63427734375,0.7900390625000001,1.01318359375,0.86279296875
1964,0.8818359375,0.95751953125,2.7373046875,0.810546875,0.9990234375000001,0.7490234375
1965,0.69482421875,0.9609375,2.7802734375,0.5498046875,0.85498046875,1.0244140625
1966,0.9111328125,0.8378906250000001,2.68359375,0.92626953125,1.255859375,1.1650390625
1967,0.92529296875,0.72509765625,2.8251953125,1.10302734375,1.02099609375,1.056640625
1968,0.6259765625,1.19580078125,2.62939453125,0.9462890625,1.40966796875,0.82958984375
1969,0.8276367187500001,1.24462890625,2.41845703125,0.9267578125,0.9931640625,0.8940429687500001
1970,1.0576171875,1.1748046875,2.8544921875,1.15087890625,1.2470703125,1.21044921875
1971,0.99609375,1.23486328125,2.98291015625,1.216796875,1.1328125,0.96142578125
1972,1.095703125,1.4482421875,2.740234375,1.29638671875,1.51220703125,1.15869140625
1973,1.02490234375,1.1328125,2.7744140625,1.11474609375,0.80322265625,1.375
1974,0.82763671875,1.11572265625,2.94384765625,0.9560546875,1.189453125,0.6455078125
1975,0.89599609375,1.0302734375,2.89013671875,0.75390625,1.169921875,0.87109375
1976,1.25732421875,1.08154296875,3.01025390625,0.97509765625,0.873046875,1.05712890625
1977,1.33984375,0.94873046875,2.81396484375,0.75244140625,0.6650390625,1.21630859375
1978,1.08642578125,1.05224609375,2.2978515625,0.6518554687500001,1.17236328125,0.8857421875
1979,1.1923828125,0.89013671875,2.20166015625,0.72998046875,1.4912109375,0.9404296875
1980,1.02685546875,1.16552734375,2.6806640625,0.99609375,1.416015625,0.80419921875
1981,1.18798828125,1.3212890625,2.6455078125,0.986328125,0.92578125,1.19287109375
1982,1.14599609375,0.75341796875,2.60888671875,1.0068359375,1.37744140625,0.75634765625
1983,1.05859375,0.6982421875,2.7353515625,0.9570312500000001,0.9462890625,0.7944335937500001
1984,0.96240234375,1.04638671875,2.66259765625,1.1748046875,0.931640625,1.31201171875
1985,1.11279296875,0.95751953125,2.4580078125,1.13720703125,0.6718750000000001,1.2861328125
1986,0.7529296875,0.9599609375,2.81201171875,1.09521484375,1.28369140625,1.1123046875
1987,0.66650390625,0.97314453125,2.7568359375,0.90771484375,1.17431640625,1.08642578125
1988,1.01220703125,0.8618164062500001,2.7939453125,1.50146484375,1.12255859375,0.53125
1989,1.0966796875,0.9453125,2.60205078125,1.23486328125,0.9267578125000001,0.6201171875
1990,0.89599609375,0.7578125,2.7138671875,1.283203125,0.9169921875,0.962890625
1991,1.2646484375,0.931640625,2.64990234375,1.28955078125,0.69482421875,1.1923828125
1992,0.5859375,1.10888671875,2.58447265625,0.9648437500000001,1.23046875,1.10693359375
1993,0.9326171875,1.0595703125,2.36181640625,0.90771484375,0.7109375000000001,1.02001953125
1994,0.9970703125,1.27783203125,2.94140625,1.0791015625,0.7905273437500001,0.8032226562500001
1995,1.01513671875,1.087890625,2.6640625,1.01806640625,0.79052734375,0.99169921875
1996,0.90771484375,1.076171875,2.64453125,0.68798828125,1.08154296875,1.12255859375
1997,0.7719726562500001,1.02734375,2.44091796875,0.72314453125,0.98828125,1.240234375
1998,0.9072265625000001,0.70556640625,2.6728515625,0.97607421875,1.09375,1.0322265625
1999,1.0322265625,0.6889648437500001,2.52392578125,0.88916015625,1.0673828125,1.0478515625
2000,1.01220703125,1.185546875,2.74462890625,1.27880859375,0.779296875,0.98974609375
2001,0.99951171875,1.19189453125,2.49169921875,1.2431640625,0.8212890625000001,1.150390625
2002,0.9501953125,0.75927734375,2.89794921875,1.17724609375,1.03076171875,1.10986328125
2003,1.23583984375,0.7490234375,2.759765625,1.52099609375,0.8017578125,0.88330078125
2004,0.56298828125,0.9296875,2.6298828125,0.861328125,0.5742187500000001,1.283203125
2005,0.939453125,1.048828125,2.46484375,0.8134765625,0.779296875,1.1796875
2006,0.55517578125,0.83642578125,2.93798828125,1.09033203125,1.2919921875,1.19921875
2007,0.87255859375,1.0048828125,2.724609375,1.01123046875,1.08740234375,1.14208984375
2008,0.548828125,0.88232421875,2.8310546875,1.08349609375,1.26025390625,0.87939453125
2009,0.7348632812500001,0.76123046875,2.74755859375,0.93017578125,1.2919921875,0.9140625
2010,0.81591796875,1.0048828125,2.39599609375,0.751953125,0.78369140625,0.8818359375
2011,0.958984375,0.859375,2.33349609375,0.73779296875,0.82958984375,1.087890625
2012,1.2197265625,1.0498046875,3.24462890625,0.619140625,1.08251953125,0.7382812500000001
2013,1.50390625,0.884765625,2.84765625,0.57763671875,0.869140625,0.90234375
2014,0.5966796875,1.1435546875,2.666015625,0.97021484375,1.10107421875,1.0576171875
2015,0.75048828125,1.09619140625,2.5869140625,0.9189453125,0.6259765625,1.04296875
2016,0.4921875,1.21142578125,2.576171875,0.9912109375,1.0,0.5751953125000001
2017,0.74951171875,1.2490234375,2.4091796875,0.96240234375,0.91552734375,0.85009765625
2018,0.8603515625,0.89794921875,2.66015625,0.94189453125,1.0771484375,1.11083984375
2019,0.94921875,0.7578125,2.54296875,0.9775390625,1.25,1.337890625
2020,0.95068359375,0.61181640625,2.7216796875,0.6630859375000001,0.8779296875,1.04052734375
2021,1.26611328125,0.6220703125,2.76025390625,0.67236328125,1.1298828125,1.29736328125
2022,1.1689453125,1.220703125,2.93701171875,1.0009765625,1.31884765625,1.2900390625
2023,1.0322265625,1.04150390625,2.7373046875,0.89697265625,1.1474609375,1.2568359375
2024,0.57763671875,1.169921875,2.77734375,1.12548828125,1.25146484375,1.19677734375
2025,0.53369140625,1.236328125,2.68896484375,1.43505859375,0.93994140625,1.30859375
2026,0.8339843750000001,0.9790039062500001,2.728515625,0.876953125,0.841796875,1.42041015625
2027,0.89599609375,0.947265625,2.58203125,0.7905273437500001,0.615234375,1.21875
2028,0.97265625,0.7548828125,2.6337890625,0.55712890625,0.99365234375,1.36376953125
2029,0.98291015625,0.7890625000000001,2.578125,0.52490234375,1.1162109375,1.25
2030,1.27880859375,0.830078125,2.64404296875,1.03662109375,1.30126953125,1.0341796875
2031,0.97607421875,0.7763671875,2.4365234375,0.98681640625,1.31396484375,1.3056640625
2032,0.97412109375,0.85205078125,3.10009765625,0.841796875,1.1064453125,1.25048828125
2033,1.02294921875,0.7734375,2.806640625,0.71142578125,0.91748046875,1.0537109375
2034,1.0126953125,0.58935546875,2.72412109375,0.818359375,1.046875,1.09326171875
2035,0.828125,0.625,2.8896484375,0.99365234375,0.8540039062500001,1.1875
2036,0.82177734375,1.2197265625,2.3876953125,0.9365234375000001,1.15966796875,1.34326171875
2037,0.9013671875000001,1.31201171875,2.51171875,1.0810546875,1.0078125,1.24560546875
2038,0.994140625,0.96435546875,3.05126953125,1.19140625,0.94091796875,1.0087890625
2039,0.90234375,1.0615234375,3.06103515625,1.0068359375,0.5371093750000001,1.0576171875
2040,0.798828125,1.1484375,2.79833984375,0.77392578125,1.11083984375,1.20263671875
2041,0.8437500000000001,1.0439453125,2.7578125,0.7314453125,0.884765625,1.2255859375
2042,0.88623046875,1.083984375,2.67529296875,0.947265625,0.876953125,1.466796875
2043,0.9658203125,1.08251953125,2.5849609375,0.90576171875,0.8759765625,1.26806640625
2044,1.0546875,0.8955078125,2.47705078125,0.88916015625,1.19384765625,0.74951171875
2045,1.166015625,0.98388671875,2.41552734375,0.6782226562500001,0.7841796875,0.90869140625
2046,1.13427734375,0.91796875,2.69677734375,1.01708984375,0.5732421875,1.03662109375
2047,1.0751953125,1.0595703125,2.5791015625,0.7763671875000001,0.54833984375,0.97119140625
2048,0.9140625,0.95849609375,3.05810546875,1.0048828125,0.8994140625,1.08056640625
2049,0.97021484375,0.77294921875,2.9619140625,0.98291015625,0.6718750000000001,1.185546875
2050,0.95654296875,1.228515625,2.99853515625,1.20068359375,1.18359375,0.70654296875
2051,1.01123046875,1.18359375,2.94140625,0.8642578125,1.13232421875,0.8134765625
2052,0.9814453125,1.00634765625,2.80517578125,1.03955078125,0.767578125,1.10888671875
2053,0.9545898437500001,1.18603515625,2.79541015625,0.89501953125,0.76123046875,0.9682617187500001
2054,1.0927734375,1.0625,2.84033203125,1.22314453125,1.26220703125,0.8408203125000001
2055,1.10888671875,0.9921875,2.5888671875,1.1103515625,0.93017578125,0.970703125
2056,0.63232421875,1.0732421875,2.7548828125,0.951171875,1.06787109375,1.0849609375
2057,0.96142578125,1.17529296875,2.7236328125,0.7714843750000001,1.24169921875,1.11328125
2058,0.92236328125,1.1669921875,2.541015625,1.044921875,0.77587890625,0.7265625000000001
2059,0.9584960937500001,0.921875,2.47900390625,0.9384765625,0.669921875,0.974609375
2060,0.9248046875,0.796875,2.74267578125,1.072265625,1.24560546875,1.0263671875
2061,0.91552734375,0.7099609375000001,2.66455078125,1.12939453125,1.0087890625,1.41357421875
2062,0.8242187500000001,1.00439453125,2.6708984375,1.02294921875,0.8710937500000001,1.4140625
2063,1.1630859375,0.92822265625,2.63134765625,1.1328125,0.7607421875,1.38671875
2064,0.9951171875,1.22119140625,2.69482421875,1.10888671875,0.95703125,0.99853515625
2065,1.224609375,0.9677734375,2.53125,0.88134765625,0.7421875,0.90478515625
2066,0.97802734375,1.0107421875,2.6982421875,1.33544921875,1.24951171875,0.8232421875
2067,1.01904296875,0.95654296875,2.64990234375,1.22509765625,0.8447265625000001,0.810546875
2068,1.09326171875,0.9760742187500001,2.55859375,1.0107421875,0.95068359375,0.78125
2069,1.232421875,0.951171875,2.3759765625,1.1279296875,0.7470703125,0.7646484375
2070,1.04345703125,1.015625,2.7734375,0.501953125,1.111328125,0.45458984375
2071,0.8857421875,0.94873046875,2.65625,0.64599609375,1.0419921875,0.64208984375
2072,1.0771484375,0.93212890625,2.90283203125,0.9677734375,0.82080078125,0.8251953125
2073,1.06005859375,0.73779296875,2.93603515625,0.7407226562500001,0.63037109375,0.92041015625
2074,0.89306640625,1.17138671875,2.78173828125,1.23193359375,0.76220703125,0.583984375
2075,0.8916015625,1.19775390625,2.59912109375,1.0126953125,0.73876953125,0.7109375
2076,0.6533203125,1.37939453125,3.03857421875,0.7817382812500001,0.89794921875,0.6787109375000001
2077,0.7529296875000001,1.12353515625,2.8115234375,0.60986328125,0.8500976562500001,0.76513671875
2078,0.8134765625,0.81298828125,2.90966796875,0.5585937500000001,1.22509765625,0.8027343750000001
2079,1.12841796875,0.94970703125,2.79345703125,0.5380859375,1.14453125,0.9326171875
2080,0.6684570312500001,1.12646484375,2.6806640625,1.24658203125,0.97021484375,0.953125
2081,0.7783203125,0.94775390625,2.5302734375,1.0615234375,1.03759765625,0.97802734375
2082,0.6938476562500001,0.8632812500000001,2.83056640625,1.23193359375,1.1044921875,0.91845703125
2083,0.7236328125,0.78955078125,2.580078125,0.84814453125,1.19140625,1.19873046875
2084,1.10986328125,0.9521484375,2.84423828125,0.8334960937500001,1.40380859375,0.8310546875
2085,1.2548828125,0.99609375,2.58837890625,0.79638671875,1.134765625,0.61962890625
2086,0.8330078125,1.12744140625,2.64453125,0.90234375,0.5849609375,0.97705078125
2087,1.05224609375,1.0751953125,2.68212890625,0.85107421875,0.49755859375,1.09521484375
2088,0.81494140625,1.3798828125,2.85791015625,0.83935546875,1.130859375,0.49853515625
2089,0.7666015625000001,1.24560546875,2.70458984375,0.83740234375,0.85205078125,0.7138671875
2090,0.91015625,1.08837890625,2.5439453125,1.14404296875,1.224609375,0.765625
2091,0.9189453125,1.11279296875,2.48388671875,0.89794921875,0.984375,1.048828125
2092,1.173828125,1.2294921875,2.64599609375,0.72802734375,0.80322265625,1.16357421875
2093,1.251953125,1.27880859375,2.59423828125,0.65625,0.67529296875,1.16259765625
2094,0.904296875,1.13427734375,2.7060546875,1.08203125,1.24169921875,1.029296875
2095,1.02294921875,1.18505859375,2.58740234375,0.9169921875,1.150390625,1.22705078125
2096,1.1005859375,0.79052734375,2.63671875,0.92626953125,1.0263671875,0.7011718750000001
2097,1.0009765625,0.755859375,2.52099609375,0.90869140625,1.09765625,0.68798828125
2098,1.45068359375,1.04833984375,2.8974609375,0.7709960937500001,1.26123046875,1.0478515625
2099,1.271484375,1.01171875,2.9072265625,0.66650390625,0.86083984375,1.23876953125
2100,1.2080078125,0.81494140625,2.99609375,1.04345703125,1.2529296875,0.7783203125
2101,1.12451171875,0.8095703125,3.0712890625,0.69873046875,1.13427734375,0.841796875
2102,0.99951171875,1.0009765625,2.59326171875,0.6923828125000001,0.8134765625,0.6889648437500001
2103,1.03662109375,1.072265625,2.38427734375,0.6728515625,0.74755859375,0.71630859375
2104,0.7846679687500001,0.9794921875,2.6708984375,1.07470703125,1.32275390625,0.63330078125
2105,1.10400390625,0.8310546875000001,2.63671875,0.9365234375,1.27490234375,0.7890625
2106,1.0576171875,1.01318359375,2.994140625,0.822265625,1.12744140625,0.87109375
2107,1.27734375,1.0712890625,2.7421875,0.79248046875,0.78466796875,0.8940429687500001
2108,1.14404296875,0.89990234375,2.47607421875,1.45166015625,1.21240234375,1.0654296875
2109,1.36181640625,1.0126953125,2.2822265625,1.26123046875,1.3623046875,1.15380859375
2110,0.7900390625,0.6865234375,2.78662109375,1.1083984375,1.19970703125,0.818359375
2111,0.9736328125,0.79150390625,2.74462890625,0.9677734375,0.89697265625,1.0791015625
2112,0.9736328125,1.03662109375,2.92041015625,0.8115234375,1.3115234375,0.88671875
2113,1.03271484375,0.91455078125,2.62890625,0.93310546875,1.0224609375,0.97314453125
2114,1.0751953125,1.1572265625,2.646484375,1.287109375,0.7783203125,1.0703125
2115,1.25341796875,1.34033203125,2.4970703125,1.20703125,0.4931640625,1.44677734375
2116,0.6147460937500001,0.85986328125,2.56298828125,1.32080078125,1.42724609375,0.58349609375
2117,0.7421875,0.91943359375,2.47265625,1.33544921875,1.072265625,0.5732421875
2118,1.2353515625,1.1806640625,2.91455078125,1.0908203125,0.9013671875000001,0.875
2119,1.16357421875,1.11376953125,2.9228515625,0.95458984375,1.1533203125,1.12939453125
2120,1.052734375,1.42333984375,2.60595703125,1.08251953125,1.2041015625,1.40673828125
2121,0.9921875,1.21630859375,2.5615234375,0.9384765625,1.01171875,1.10693359375
2122,0.7939453125000001,0.81103515625,2.83935546875,0.72705078125,0.97216796875,1.2080078125
2123,0.87890625,0.8212890625,2.525390625,0.6821289062500001,0.8408203125,1.115234375
2124,0.9267578125,1.26025390625,2.79638671875,0.71728515625,1.0009765625,0.88037109375
2125,1.10791015625,1.01318359375,2.6728515625,0.5678710937500001,0.9111328125,0.93505859375
2126,0.78173828125,1.24560546875,2.5107421875,0.88232421875,1.041015625,0.87744140625
2127,0.9873046875,1.2763671875,2.53173828125,0.72021484375,0.93310546875,0.9873046875
2128,1.52587890625,0.5673828125,2.67724609375,0.9169921875,1.0966796875,0.65625
2129,1.396484375,0.65087890625,2.6201171875,0.8291015625,1.0654296875,0.888671875
2130,1.07373046875,1.06640625,2.84765625,0.68310546875,0.74609375,0.8095703125
2131,1.28759765625,0.93603515625,2.5732421875,0.69140625,0.84326171875,0.9765625
2132,0.697265625,1.0634765625,2.86181640625,0.95263671875,1.14501953125,1.1640625
2133,0.8447265625,1.15771484375,2.72265625,0.85595703125,0.8974609375,0.9755859375
2134,0.94873046875,0.8583984375,2.8291015625,0.7451171875000001,0.98095703125,0.89794921875
2135,0.99658203125,0.71240234375,2.56396484375,0.62158203125,0.71337890625,0.87255859375
2136,1.072265625,1.60107421875,2.90380859375,1.23681640625,0.69677734375,0.6928710937500001
2137,1.0927734375,1.4931640625,2.6923828125,1.1396484375,0.89501953125,0.8056640625
2138,1.01806640625,0.8671875,2.974609375,1.0908203125,1.05517578125,0.7265625
2139,1.25,0.5937500000000001,2.75537109375,0.6850585937500001,0.8466796875,0.88525390625
2140,0.8505859375,1.0556640625,2.79541015625,0.83154296875,1.3212890625,1.11474609375
2141,1.01611328125,1.14892578125,2.6416015625,0.943359375,1.4345703125,1.1220703125
2142,0.951171875,1.279296875,2.63330078125,0.8095703125,1.04931640625,1.19921875
2143,0.97802734375,1.16455078125,2.560546875,0.7592773437500001,0.7758789062500001,1.06396484375
2144,0.8427734375,0.83935546875,2.82470703125,1.109375,1.2216796875,0.89599609375
2145,0.89013671875,0.6772460937500001,2.6640625,1.0380859375,1.0185546875,0.93994140625
2146,0.60302734375,1.19677734375,2.91259765625,0.91015625,0.99267578125,0.984375
2147,0.51513671875,1.37255859375,2.541015625,1.1689453125,0.98828125,1.24609375
2148,0.96337890625,0.95751953125,2.71533203125,1.11083984375,0.55419921875,1.19873046875
2149,0.87841796875,1.02978515625,2.4736328125,0.93408203125,0.53662109375,1.1064453125
2150,1.08447265625,1.3564453125,2.89013671875,1.05078125,0.8588867187500001,1.0966796875
2151,1.177734375,1.32958984375,2.958984375,1.07373046875,0.90625,0.9365234375
2152,0.77734375,1.083984375,2.87158203125,0.82373046875,1.16845703125,0.7451171875
2153,0.9736328125,1.05029296875,2.95068359375,0.81591796875,1.25830078125,0.783203125
2154,0.50634765625,0.6040039062500002,2.94580078125,0.9892578125,0.9233398437500001,0.6982421875
2155,0.7841796875,0.689453125,2.75634765625,0.8046875000000001,0.97265625,0.73876953125
2156,1.12353515625,1.13671875,2.59228515625,1.10009765625,1.17724609375,0.7373046875
2157,1.19921875,0.9843750000000001,2.5712890625,0.9550781250000001,0.939453125,0.99609375
2158,0.951171875,0.7304687500000001,2.43505859375,0.7822265625,1.009765625,1.12451171875
2159,1.23974609375,0.6767578125,2.48095703125,0.927734375,0.81494140625,1.224609375
2160,0.9287109375000001,1.06103515625,2.59130859375,0.88427734375,0.9072265625,0.69189453125
2161,1.005859375,1.22998046875,2.47705078125,0.8876953125,0.9931640625,0.84912109375
2162,0.71630859375,1.0087890625,2.52294921875,0.9296875,1.6611328125,0.94873046875
2163,0.82373046875,1.07275390625,2.48486328125,0.80712890625,1.02490234375,1.09814453125
2164,1.2578125,1.0107421875,2.6982421875,0.87890625,1.19775390625,1.197265625
2165,1.33154296875,1.05419921875,2.74267578125,0.7646484375,0.9365234375,1.17626953125
2166,0.84814453125,1.01416015625,2.6376953125,1.052734375,0.95458984375,0.92431640625
2167,1.0390625,0.927734375,2.53173828125,1.2451171875,0.9462890625,1.05419921875
2168,0.9912109375,1.11572265625,2.68701171875,1.2333984375,0.7509765625000001,0.95361328125
2169,1.0673828125,0.931640625,2.7392578125,1.0986328125,0.70458984375,1.2705078125
2170,0.85791015625,0.90283203125,2.52197265625,0.947265625,1.0634765625,0.8354492187500001
2171,0.92822265625,0.755859375,2.43310546875,0.84765625,0.81005859375,0.91455078125
2172,0.8173828125,0.93798828125,3.1875,1.0908203125,1.4033203125,1.0400390625
2173,1.14892578125,0.9453125,2.76513671875,0.91748046875,1.15283203125,1.1259765625
2174,1.24462890625,0.73828125,2.560546875,0.86279296875,1.02197265625,0.720703125
2175,1.31298828125,0.79736328125,2.630859375,0.8349609375000001,0.76171875,0.8095703125000001
2176,0.94873046875,0.86962890625,2.77197265625,0.92236328125,1.240234375,1.03564453125
2177,1.19970703125,0.7109375000000001,2.744140625,0.74365234375,1.23291015625,0.9912109375
2178,1.25341796875,1.185546875,2.837890625,1.041015625,1.15576171875,0.9653320312500001
2179,1.39013671875,1.1953125,2.66259765625,1.1435546875,0.8310546875,1.06640625
2180,0.91796875,1.1328125,2.814453125,1.1103515625,1.2158203125,1.1220703125
2181,1.046875,1.0947265625,2.7177734375,0.95751953125,1.2041015625,1.296875
2182,0.89111328125,0.9248046875,2.6962890625,1.1318359375,1.29833984375,1.0087890625
2183,1.0966796875,0.87841796875,2.7734375,0.796875,0.876953125,0.9140625
2184,0.796875,0.90966796875,2.8857421875,0.8935546875,0.94384765625,1.0791015625
2185,1.0869140625,0.986328125,2.75048828125,0.8159179687500001,0.80029296875,1.05810546875
2186,0.626953125,0.78173828125,2.93115234375,1.3447265625,1.138671875,0.74560546875
2187,0.8671875,0.72998046875,2.58447265625,1.3818359375,1.119140625,0.82470703125
2188,0.63525390625,1.09912109375,2.93798828125,0.9550781250000001,1.45361328125,1.01416015625
2189,0.7294921875,1.14501953125,2.65966796875,0.96923828125,1.33642578125,1.18115234375
2190,1.08544921875,1.05810546875,3.08056640625,1.19287109375,1.22119140625,0.84326171875
2191,1.21337890625,1.005859375,2.73291015625,1.18310546875,0.79443359375,1.0615234375
2192,1.4345703125,0.97802734375,2.56689453125,1.03125,0.91845703125,0.951171875
2193,1.28076171875,0.92333984375,2.62060546875,0.931640625,0.8642578125,1.20751953125
2194,0.7817382812500001,1.01416015625,2.431640625,1.2744140625,0.88037109375,0.685546875
2195,1.1923828125,1.07861328125,2.34814453125,1.3115234375,0.60205078125,0.787109375
2196,0.9331054687500001,1.06201171875,2.81103515625,0.8212890625,1.27099609375,0.90380859375
2197,0.91748046875,1.13671875,2.75244140625,0.6572265625,0.97216796875,0.94384765625
2198,1.0576171875,1.28076171875,2.93017578125,0.6108398437500001,1.45703125,0.84326171875
2199,1.2685546875,1.30126953125,2.890625,0.65673828125,1.24267578125,0.9272460937500001
2200,0.97802734375,0.95556640625,2.53759765625,1.435546875,0.89599609375,0.4667968750000001
2201,0.837890625,0.95458984375,2.458984375,1.16162109375,0.83740234375,0.76708984375
2202,0.78173828125,1.07421875,2.58984375,1.30712890625,1.1943359375,0.97216796875
2203,0.6987304687500001,1.08056640625,2.6748046875,1.240234375,0.6357421875000001,0.9873046875000001
2204,0.9853515625000001,1.02197265625,2.8115234375,0.93701171875,1.26513671875,0.9326171875
2205,1.03857421875,0.953125,2.5302734375,0.80322265625,1.48583984375,1.16552734375
2206,0.7031250000000001,0.9306640625,2.78076171875,1.13720703125,1.27734375,0.6318359375000001
2207,1.00537109375,1.04248046875,2.6875,1.05908203125,1.0625,0.81396484375
2208,0.8955078125,1.1513671875,2.35205078125,0.86767578125,1.111328125,1.13720703125
2209,1.1767578125,1.1123046875,2.27587890625,0.78662109375,1.12548828125,1.22900390625
2210,0.8671875,0.6240234375,3.05322265625,1.083984375,1.08935546875,1.01513671875
2211,0.986328125,0.68017578125,2.9580078125,0.9326171875,1.056640625,0.99267578125
2212,0.53076171875,0.97265625,2.89501953125,1.25537109375,1.0810546875,0.9057617187500001
2213,0.69580078125,1.13720703125,2.71923828125,1.107421875,0.7729492187500001,1.02197265625
2214,1.0908203125,0.57470703125,2.8212890625,1.08251953125,0.94189453125,0.8662109375
2215,1.06103515625,0.7001953125,2.58984375,0.892578125,0.5117187500000001,0.94873046875
2216,1.177734375,1.28271484375,2.51220703125,1.10595703125,0.83056640625,1.1962890625
2217,1.02099609375,1.12060546875,2.54833984375,1.06787109375,0.71435546875,1.10693359375
2218,1.025390625,0.99462890625,2.79736328125,0.5927734375,1.0078125,1.28271484375
2219,1.0185546875,0.9599609375,2.87158203125,0.52880859375,1.00146484375,1.32958984375
2220,1.1513671875,1.35595703125,2.75537109375,0.7065429687500002,1.08544921875,1.05908203125
2221,1.1220703125,1.166015625,2.70556640625,0.77099609375,1.08203125,1.1259765625
2222,0.666015625,1.0859375,2.8193359375,1.37255859375,1.1357421875,1.1162109375
2223,0.5346679687500001,1.06787109375,2.83154296875,1.046875,1.04931640625,1.1796875
2224,0.88916015625,0.87890625,2.50830078125,0.75537109375,1.1259765625,0.9033203125
2225,1.05517578125,0.93896484375,2.5009765625,0.76318359375,1.34619140625,0.86767578125
2226,0.5849609375,1.30810546875,2.79248046875,0.95361328125,1.29248046875,1.001953125
2227,0.5859375000000001,0.994140625,2.8798828125,0.88427734375,1.26513671875,1.1240234375
2228,1.076171875,0.94921875,2.7861328125,0.99169921875,1.22314453125,1.22119140625
2229,1.1552734375,0.84130859375,2.64404296875,0.97900390625,1.26953125,1.26806640625
2230,0.9365234375,1.0244140625,3.12841796875,0.794921875,1.1865234375,1.060546875
2231,1.123046875,0.97216796875,2.75537109375,0.72216796875,1.06298828125,1.130859375
2232,1.1748046875,1.1396484375,2.92138671875,0.78125,0.8896484375,0.93359375
2233,1.10205078125,1.09375,2.63818359375,0.61279296875,0.853515625,0.91259765625
2234,0.79736328125,1.048828125,2.6728515625,1.0205078125,1.04638671875,1.04638671875
2235,0.9794921875,0.99755859375,2.68798828125,0.95263671875,0.6865234375,1.12841796875
2236,0.58203125,1.30126953125,2.5263671875,0.7353515625000001,1.0234375,1.201171875
2237,0.533203125,1.16259765625,2.6025390625,0.69384765625,0.74462890625,1.091796875
2238,1.07861328125,0.79150390625,2.4931640625,0.6708984375000001,1.30126953125,0.90771484375
2239,1.0546875,0.55908203125,2.5087890625,0.7001953125,1.08154296875,0.97119140625
2240,1.00537109375,1.16064453125,2.6220703125,0.8759765625,1.2412109375,1.0703125
2241,1.10595703125,1.1259765625,2.5068359375,0.5478515625,1.1103515625,1.0966796875
2242,0.8603515625000001,1.13720703125,2.5224609375,1.08837890625,0.93408203125,1.12548828125
2243,0.90869140625,1.16259765625,2.53369140625,1.037109375,0.7929687500000001,1.26708984375
2244,1.2626953125,1.11767578125,3.06640625,1.2578125,0.83740234375,0.64697265625
2245,1.103515625,1.1396484375,2.875,1.23974609375,0.91845703125,0.6684570312500001
2246,0.935546875,1.251953125,2.93310546875,1.16015625,1.27685546875,0.86767578125
2247,0.9462890625,1.18310546875,2.6943359375,1.169921875,0.9438476562500001,0.99951171875
2248,0.8828125,0.9882812500000001,2.9375,1.08642578125,0.99658203125,1.05810546875
2249,1.021484375,0.91748046875,2.890625,0.89599609375,0.8544921875000001,1.1865234375
2250,1.0478515625,1.4677734375,2.685546875,0.88818359375,1.21240234375,0.80517578125
2251,1.4150390625,1.32373046875,2.623046875,0.74755859375,0.9501953125,1.01171875
2252,0.90380859375,1.23876953125,2.71142578125,1.00537109375,1.380859375,0.5390625000000001
2253,0.8779296875000001,1.0625,2.51220703125,0.7353515625,1.13818359375,0.75927734375
2254,0.96337890625,0.4438476562500002,2.5703125,0.7011718750000001,0.66748046875,1.10205078125
2255,1.02587890625,0.5537109375,2.70849609375,0.6816406250000001,0.6269531250000001,1.19482421875
2256,0.80712890625,0.7431640625,3.21533203125,1.37841796875,1.255859375,0.56396484375
2257,0.87548828125,0.70263671875,3.00244140625,1.26708984375,1.2138671875,0.72412109375
2258,1.0986328125,1.28369140625,2.77783203125,1.28369140625,1.39599609375,0.52197265625
2259,0.95947265625,1.2548828125,2.830078125,1.29736328125,1.00244140625,0.60546875
2260,0.78271484375,1.11376953125,3.041015625,0.8037109375,1.1220703125,1.37353515625
2261,1.09375,1.06201171875,2.89501953125,0.85791015625,0.8701171875,1.3984375
2262,0.99951171875,0.876953125,2.84228515625,1.05615234375,0.8330078125000001,1.07373046875
2263,1.068359375,0.95458984375,2.505859375,0.95068359375,0.60498046875,1.19287109375
2264,0.7011718750000001,0.91015625,2.7275390625,0.947265625,0.9990234375,1.00390625
2265,0.9931640625,0.8466796875,2.7353515625,1.0029296875,0.9140625,1.02490234375
2266,1.1494140625,1.0029296875,3.04541015625,1.37939453125,0.916015625,1.0537109375
2267,1.49658203125,1.064453125,2.66015625,0.94970703125,0.58984375,1.2900390625
2268,1.07958984375,0.9970703125,2.52685546875,1.09033203125,0.88037109375,1.12451171875
2269,1.13916015625,0.8535156250000001,2.44970703125,0.9658203125000001,1.03662109375,1.01806640625
2270,0.9375,0.89013671875,2.8212890625,0.849609375,1.478515625,1.21630859375
2271,1.17529296875,0.94287109375,2.62841796875,1.0234375,1.43798828125,1.486328125
2272,1.1201171875,1.1767578125,2.83154296875,1.08154296875,1.25341796875,1.005859375
2273,0.94482421875,1.14404296875,2.6015625,0.9658203125,0.94921875,1.27978515625
2274,0.77978515625,1.0712890625,2.62060546875,1.068359375,1.0751953125,0.7392578125
2275,0.6108398437500001,1.01806640625,2.61083984375,1.05859375,1.078125,0.8002929687500001
2276,0.83447265625,1.12353515625,2.7470703125,1.17041015625,1.09033203125,1.35546875
2277,0.7553710937500001,1.12841796875,2.81201171875,1.0439453125,0.84375,1.119140625
2278,0.9907226562500001,1.35205078125,3.07958984375,1.19970703125,1.00048828125,0.8500976562500001
2279,0.9716796875,1.224609375,3.041015625,0.998046875,1.16455078125,0.96875
2280,0.84228515625,1.25830078125,2.9365234375,0.76171875,0.81201171875,1.03662109375
2281,0.9726562500000001,1.19287109375,2.833984375,0.6953125,0.61865234375,1.3935546875
2282,0.94091796875,1.06201171875,2.89208984375,1.01416015625,0.7666015625,0.95263671875
2283,0.767578125,1.04931640625,2.82568359375,0.806640625,0.60693359375,1.00732421875
2284,0.5546875,1.1865234375,2.4130859375,1.22607421875,0.9462890625,0.5390625
2285,0.75244140625,1.14208984375,2.42529296875,0.8818359375,0.791015625,0.69775390625
2286,0.9130859375,1.2099609375,2.5380859375,0.90625,0.9248046875000001,0.9145507812500001
2287,0.8876953125,1.04541015625,2.271484375,0.783203125,1.072265625,1.1201171875
2288,0.8002929687500001,1.01611328125,2.66015625,1.46142578125,1.30517578125,0.7231445312500001
2289,1.09765625,1.12548828125,2.59375,1.23046875,1.2099609375,0.91455078125
2290,0.98291015625,0.8984375,2.703125,0.8417968750000001,0.98974609375,1.26123046875
2291,1.0615234375,0.9541015625,2.5087890625,0.8046875,0.7431640625,1.166015625
2292,0.87451171875,1.55517578125,2.84619140625,0.94091796875,1.13916015625,0.9228515625000001
2293,1.14501953125,1.2265625,2.6083984375,0.7373046875,0.8745117187500001,1.0556640625
2294,0.7954101562500001,1.296875,2.8798828125,0.81494140625,1.0615234375,1.0810546875
2295,0.642578125,1.15478515625,2.75,0.81494140625,0.8344726562500001,1.07958984375
2296,1.12548828125,0.97607421875,2.68701171875,0.91259765625,1.2919921875,1.1083984375
2297,1.095703125,0.9873046875,2.6416015625,0.97314453125,1.1337890625,1.15625
2298,1.03662109375,1.19970703125,2.4873046875,0.95654296875,0.83203125,0.9873046875
2299,1.0732421875,1.0341796875,2.470703125,0.8515625,0.9794921875,1.1220703125
2300,1.12109375,0.60302734375,2.34228515625,1.40087890625,0.78173828125,0.81201171875
2301,1.07861328125,0.52978515625,2.45849609375,1.16162109375,0.9765625,0.861328125
2302,0.90478515625,0.8242187500000001,2.74755859375,0.7451171875,1.01416015625,0.9921875
2303,0.9521484375,0.96533203125,2.44873046875,0.5771484375000001,0.8876953125,1.21923828125
2304,0.923828125,1.19921875,2.98876953125,1.29541015625,0.9912109375,1.15966796875
2305,1.3115234375,1.13427734375,2.7763671875,1.22021484375,0.7021484375,1.3095703125
2306,1.0478515625,1.21044921875,2.75830078125,1.2099609375,1.166015625,1.041015625
2307,1.04150390625,1.21044921875,2.6142578125,1.1689453125,0.9853515625,0.99267578125
2308,0.90380859375,1.3037109375,2.66845703125,1.146484375,1.15478515625,1.23193359375
2309,0.8369140625000001,1.10205078125,2.80419921875,1.20654296875,1.044921875,1.0888671875
2310,0.6572265625,1.11865234375,2.56494140625,1.0380859375,0.89306640625,0.9111328125
2311,0.939453125,1.08203125,2.53466796875,1.1787109375,0.85888671875,1.06494140625
2312,0.7783203125,0.96484375,2.75146484375,1.142578125,0.97607421875,0.9140625
2313,0.9541015625,0.849609375,2.4912109375,1.10107421875,1.1767578125,1.17041015625
2314,1.107421875,1.25830078125,2.56103515625,0.63232421875,1.28564453125,0.89892578125
2315,1.22802734375,1.2578125,2.5888671875,0.916015625,0.88330078125,1.115234375
2316,0.5869140625000001,1.4208984375,2.96630859375,0.98046875,0.9375,1.07958984375
2317,0.78515625,1.21728515625,2.7412109375,0.86279296875,1.07763671875,1.02978515625
2318,0.8916015625,0.9365234375,2.5166015625,1.17724609375,1.26220703125,0.83984375
2319,1.064453125,1.17626953125,2.3583984375,0.97998046875,1.271484375,1.12353515625
2320,0.904296875,1.18359375,2.37255859375,1.04150390625,1.08935546875,1.1572265625
2321,1.029296875,1.4189453125,2.34814453125,1.0771484375,0.8149414062500001,0.90771484375
2322,1.0927734375,1.33203125,2.9609375,0.97412109375,1.44091796875,0.84912109375
2323,0.98681640625,1.228515625,2.65625,1.02099609375,1.45458984375,0.87841796875
2324,1.3037109375,1.27734375,2.580078125,0.95849609375,0.896484375,0.7841796875
2325,1.2880859375,1.13427734375,2.6357421875,0.9970703125,1.04931640625,0.7734375
2326,1.13671875,1.10546875,2.9921875,0.9140625,0.9111328125000001,1.0234375
2327,1.10595703125,0.87939453125,2.9189453125,1.00927734375,0.822265625,1.107421875
2328,0.95068359375,1.0029296875,2.46875,1.1396484375,1.203125,0.8608398437500001
2329,1.0087890625,0.83349609375,2.6181640625,1.06005859375,1.14599609375,0.9375
2330,0.9980468750000001,0.57421875,2.7373046875,1.06396484375,1.1103515625,0.74609375
2331,1.08544921875,0.8203125,2.751953125,0.95068359375,1.03076171875,0.7846679687500001
2332,0.77197265625,0.93994140625,2.82763671875,0.8134765625,0.947265625,0.63330078125
2333,0.89013671875,0.974609375,2.7158203125,0.7280273437500001,0.79052734375,0.8212890625
2334,0.9599609375000001,1.36767578125,2.7578125,0.8662109375,1.1865234375,0.7070312500000001
2335,1.01318359375,1.2138671875,2.68505859375,0.7490234375000001,0.927734375,0.796875
2336,1.037109375,1.17041015625,2.67578125,0.767578125,0.87744140625,0.94677734375
2337,1.07666015625,1.3427734375,2.45849609375,0.7382812500000001,0.8022460937500001,0.96826171875
2338,1.03515625,1.197265625,2.7314453125,0.82568359375,0.7314453125,0.6347656250000001
2339,1.00439453125,1.19091796875,2.87939453125,0.71435546875,0.6987304687500001,0.83740234375
2340,0.86083984375,0.98876953125,2.3359375,1.0751953125,0.9404296875,1.06982421875
2341,1.12353515625,1.0869140625,2.2265625,1.1298828125,0.75732421875,1.26220703125
2342,0.64404296875,1.341796875,2.5087890625,0.89013671875,1.34033203125,0.8115234375
2343,0.73681640625,1.2529296875,2.595703125,0.8486328125,0.9892578125,1.0791015625
2344,0.7573242187500001,0.58837890625,2.716796875,1.3388671875,1.26904296875,1.0087890625
2345,0.6875,0.6328125,2.52685546875,1.2607421875,0.92529296875,1.1142578125
2346,0.4482421875,0.72216796875,2.5244140625,0.7172851562500001,0.9111328125,0.962890625
2347,0.5639648437500001,0.57421875,2.7001953125,0.65478515625,0.9916992187500001,1.30224609375
2348,1.17529296875,0.8222656250000001,2.52734375,1.09619140625,1.1376953125,0.88916015625
2349,1.1083984375,0.841796875,2.5244140625,0.75634765625,1.14501953125,1.150390625
2350,0.9335937500000001,1.3046875,2.82666015625,1.0673828125,0.68408203125,0.79443359375
2351,1.08154296875,1.1953125,2.6630859375,1.0234375,0.5390625,0.9091796875
2352,1.07373046875,1.02197265625,2.740234375,0.98828125,1.4345703125,1.111328125
2353,1.044921875,0.892578125,2.6259765625,0.9072265625,1.2373046875,1.0302734375
2354,0.88671875,0.92626953125,2.78759765625,1.07666015625,1.025390625,0.6357421875
2355,0.9150390625,0.96923828125,2.77685546875,0.89599609375,0.8076171875,0.83544921875
2356,0.7802734375000001,1.21044921875,2.87841796875,0.9462890625,1.0068359375,0.7011718750000001
2357,0.81005859375,1.1337890625,2.59033203125,0.89794921875,0.845703125,0.80908203125
2358,1.18359375,0.5322265625,2.509765625,1.1708984375,1.259765625,1.25439453125
2359,1.333984375,0.544921875,2.416015625,1.12744140625,0.94140625,1.18212890625
2360,1.26171875,1.02490234375,2.84765625,0.6728515625,0.95703125,0.90966796875
2361,1.66552734375,0.8813476562500001,2.81298828125,0.6054687500000002,0.716796875,0.8857421875
2362,0.7734375,1.123046875,2.75048828125,0.7666015625,1.5244140625,1.123046875
2363,0.705078125,0.97216796875,2.57666015625,0.6474609375,1.26416015625,1.12646484375
2364,1.0087890625,0.93896484375,2.88330078125,0.86181640625,1.02490234375,1.07861328125
2365,1.3017578125,1.00048828125,2.87841796875,0.720703125,0.857421875,1.25048828125
2366,1.19873046875,1.1318359375,2.91015625,0.93115234375,0.888671875,1.09814453125
2367,1.181640625,1.13330078125,2.775390625,0.91259765625,1.0234375,1.22998046875
2368,0.9609375,1.328125,2.71923828125,0.9995117187500001,1.166015625,1.125
2369,1.0810546875,1.40087890625,2.6181640625,1.0087890625,1.3662109375,1.19873046875
2370,0.8608398437500001,0.87451171875,2.7783203125,1.06298828125,1.287109375,0.6240234375000001
2371,0.794921875,0.8515625,2.72265625,0.91796875,1.080078125,0.7548828125
2372,1.01513671875,0.76171875,2.90380859375,0.90478515625,1.4111328125,0.9272460937500001
2373,1.201171875,0.83740234375,2.77783203125,0.9702148437500001,0.81982421875,1.05224609375
2374,0.841796875,0.9990234375,2.7734375,1.03125,1.73388671875,0.76513671875
2375,0.7836914062500001,0.8876953125,2.888671875,1.2041015625,1.251953125,0.798828125
2376,0.83056640625,0.7158203125,2.494140625,1.052734375,1.08154296875,1.07958984375
2377,0.962890625,0.77783203125,2.47412109375,1.20166015625,1.1142578125,1.04736328125
2378,1.34423828125,0.88623046875,2.7265625,1.13818359375,1.1044921875,0.7495117187500001
2379,1.50537109375,0.79931640625,2.5322265625,1.17529296875,0.90234375,0.9609375
2380,0.9765625,0.8271484375,2.81201171875,0.8798828125,0.95849609375,1.05029296875
2381,0.8310546875000001,0.86279296875,2.64697265625,0.87890625,0.7827148437500001,0.998046875
2382,0.6572265625,0.8588867187500001,2.642578125,1.1630859375,1.2080078125,1.0078125
2383,0.818359375,0.927734375,2.77099609375,1.02099609375,0.97216796875,1.07666015625
2384,0.6025390625,0.88330078125,2.724609375,0.71435546875,1.22119140625,1.005859375
2385,0.77001953125,0.95166015625,2.66455078125,0.63525390625,1.47119140625,0.9248046875
2386,1.06201171875,1.27294921875,2.5595703125,0.796875,1.046875,1.3134765625
2387,0.92822265625,1.28076171875,2.65625,0.73486328125,0.8291015625,1.201171875
2388,0.9711914062500001,1.33837890625,2.61767578125,0.880859375,1.08251953125,0.7333984375
2389,1.00537109375,1.095703125,2.62353515625,0.81494140625,0.68310546875,0.8833007812500001
2390,1.201171875,0.904296875,2.931640625,0.84375,1.029296875,1.1611328125
2391,1.10546875,0.81103515625,2.9140625,0.6811523437500001,0.853515625,1.07275390625
2392,0.7084960937500001,0.80517578125,2.6630859375,1.25244140625,1.333984375,0.83642578125
2393,0.8642578125,0.82421875,2.75390625,1.30615234375,1.00048828125,0.8764648437500001
2394,0.970703125,0.93115234375,2.5478515625,0.9677734375,1.02734375,1.06982421875
2395,1.177734375,1.1591796875,2.5107421875,0.7426757812500001,1.20166015625,1.06005859375
2396,1.078125,0.6611328125,2.47802734375,0.650390625,1.41357421875,0.47509765625
2397,1.2275390625,0.59228515625,2.43603515625,0.77197265625,1.0458984375,0.56103515625
2398,0.74560546875,0.77001953125,2.9404296875,1.10205078125,1.017578125,0.74951171875
2399,0.99609375,0.80029296875,2.73974609375,1.0771484375,0.92529296875,0.8212890625
2400,0.9580078125,1.3203125,2.75732421875,1.1005859375,0.83154296875,0.8559570312500001
2401,1.0703125,1.28564453125,2.71044921875,1.08935546875,0.83935546875,0.80712890625
2402,0.7763671875,1.3056640625,3.0009765625,0.82080078125,1.048828125,1.11962890625
2403,0.9736328125,1.12158203125,2.59765625,0.65087890625,0.9179687500000001,1.04931640625
2404,0.86279296875,0.931640625,2.80224609375,0.93408203125,1.484375,0.6982421875
2405,0.8876953125,1.1142578125,2.9208984375,0.9853515625,1.4384765625,0.8110351562500001
2406,0.8007812500000001,1.30908203125,2.63427734375,1.0732421875,1.55126953125,0.5844726562500001
2407,1.037109375,1.09130859375,2.73583984375,0.994140625,1.173828125,0.69140625
2408,1.0498046875,1.13134765625,2.94091796875,0.9228515625,0.9169921875,0.89892578125
2409,1.1845703125,0.96435546875,2.6279296875,1.0439453125,0.92822265625,0.88623046875
2410,0.88232421875,0.8740234375,2.80419921875,0.74072265625,0.86328125,0.68798828125
2411,0.9072265625,0.931640625,2.65283203125,0.73291015625,0.66796875,0.80419921875
2412,0.72900390625,0.87353515625,2.85009765625,0.9287109375,0.8076171875000001,1.0927734375
2413,0.6435546875000001,1.00341796875,2.9755859375,0.84228515625,0.7861328125,1.29833984375
2414,0.9130859375000001,0.89453125,3.068359375,0.66845703125,1.2392578125,0.6245117187500001
2415,1.0966796875,0.90380859375,2.82958984375,0.7275390625,1.10107421875,0.72265625
2416,0.61083984375,1.0,2.60693359375,0.92041015625,1.39599609375,0.85595703125
2417,0.896484375,0.95703125,2.75732421875,0.95556640625,0.80517578125,0.9765625
2418,0.8271484375,1.26513671875,2.634765625,1.14208984375,0.7402343750000001,0.90478515625
2419,0.92724609375,1.07666015625,2.55859375,0.822265625,0.6630859375,0.9218750000000001
2420,0.95458984375,0.908203125,2.50732421875,0.984375,1.1181640625,1.55029296875
2421,1.01953125,1.0830078125,2.408203125,0.8037109375,0.9501953125000001,1.32763671875
2422,0.9916992187500001,1.142578125,2.859375,1.10205078125,1.169921875,0.7109375
2423,0.9658203125,1.009765625,2.6748046875,0.958984375,1.0048828125,0.7055664062500001
2424,1.154296875,0.7636718750000001,2.7685546875,1.1669921875,1.154296875,0.75146484375
2425,1.220703125,0.71728515625,2.3974609375,1.18359375,0.9404296875,0.92822265625
2426,0.9389648437500001,1.375,3.0712890625,0.92431640625,1.53271484375,1.11474609375
2427,0.8330078125,1.31494140625,2.7607421875,0.7529296875000001,1.1923828125,1.0068359375
2428,0.84521484375,1.0380859375,3.02978515625,0.89599609375,0.89013671875,0.95263671875
2429,1.10498046875,0.8916015625,2.75634765625,0.7529296875,0.6352539062500001,1.05078125
2430,0.4345703125,1.18994140625,2.5048828125,1.2666015625,1.5556640625,0.68310546875
2431,0.591796875,1.30517578125,2.3525390625,0.95654296875,1.34765625,0.68017578125
2432,1.13671875,0.8037109375,2.611328125,0.89306640625,1.14501953125,1.0234375
2433,1.01220703125,0.833984375,2.40478515625,0.76025390625,0.849609375,1.21875
2434,0.47509765625,0.791015625,2.755859375,0.97802734375,0.96875,1.0537109375
2435,0.52294921875,0.79150390625,2.7529296875,0.87841796875,0.94189453125,1.1962890625
2436,0.6997070312500001,0.52734375,2.70556640625,0.95849609375,1.24853515625,0.9218750000000001
2437,0.75830078125,0.5678710937500001,2.5791015625,0.86328125,0.853515625,1.08251953125
2438,0.8486328125,0.94580078125,2.7431640625,1.30078125,1.19189453125,0.8193359375
2439,0.87255859375,1.2138671875,2.55322265625,1.18408203125,1.3642578125,0.96728515625
2440,0.7900390625,0.78564453125,3.134765625,1.04052734375,0.974609375,1.2841796875
2441,0.9150390625000001,0.796875,2.89404296875,0.79052734375,0.9453125,1.34033203125
2442,0.84765625,0.90576171875,2.796875,1.20166015625,0.92529296875,1.11083984375
2443,0.99462890625,1.04150390625,2.63232421875,1.0927734375,1.07373046875,1.205078125
2444,0.68115234375,1.14501953125,2.50390625,0.9619140625,1.212890625,1.0595703125
2445,0.98291015625,1.13623046875,2.60595703125,1.2255859375,1.310546875,1.0654296875
2446,0.86572265625,1.09130859375,2.95263671875,0.97900390625,0.99560546875,1.05810546875
2447,1.220703125,1.0751953125,2.73876953125,0.9755859375000001,0.86328125,1.232421875
2448,0.86669921875,0.6396484375,2.90380859375,0.90234375,1.26220703125,1.02099609375
2449,0.76171875,0.5390625,2.74072265625,0.958984375,1.07666015625,1.0693359375
2450,1.13427734375,0.94384765625,2.54052734375,0.8427734375,1.18359375,0.69580078125
2451,1.16650390625,0.9609375,2.42236328125,0.60205078125,0.8500976562500001,0.830078125
2452,0.7314453125,0.8740234375000001,2.66796875,1.2919921875,0.85888671875,1.009765625
2453,0.8466796875,0.88232421875,2.71240234375,1.130859375,0.64111328125,1.037109375
2454,0.7836914062500001,0.970703125,2.681640625,1.39111328125,0.8300781250000001,0.7451171875
2455,0.94775390625,1.01171875,2.73583984375,1.39697265625,0.68310546875,0.8876953125
2456,1.1455078125,1.10302734375,3.39697265625,0.9013671875,1.3212890625,1.01904296875
2457,1.1357421875,1.09423828125,2.923828125,0.9169921875,0.724609375,1.04736328125
2458,0.4697265625,1.08984375,2.89501953125,1.072265625,1.46875,0.56787109375
2459,0.55859375,1.0673828125,2.6328125,0.998046875,1.08740234375,0.68701171875
2460,0.8330078125000001,0.96435546875,3.00390625,1.142578125,1.2021484375,1.00927734375
2461,0.9052734375,0.8442382812500001,2.724609375,0.9677734375,0.888671875,1.169921875
2462,0.93310546875,1.1396484375,2.64892578125,0.78173828125,0.9248046875,0.7880859375
2463,0.9853515625,1.18505859375,2.51171875,0.70166015625,0.5917968750000001,0.9995117187500001
2464,0.7841796875000001,1.51513671875,2.52783203125,0.79248046875,1.296875,0.8935546875
2465,0.9423828125,1.453125,2.39111328125,0.5947265625,1.10546875,0.8583984375
2466,1.306640625,0.73486328125,2.6796875,1.20751953125,0.7412109375,0.51953125
2467,1.2177734375,0.77392578125,2.5673828125,1.04833984375,0.607421875,0.66259765625
2468,0.70263671875,1.134765625,2.53857421875,0.7827148437500001,0.97998046875,1.1005859375
2469,0.9750976562500001,0.91064453125,2.72119140625,0.89599609375,0.9111328125,1.3037109375
2470,0.99951171875,0.9970703125,2.373046875,0.8359375,1.22998046875,1.2021484375
2471,1.05517578125,0.85693359375,2.2763671875,0.7539062500000001,1.05615234375,1.19140625
2472,0.75146484375,0.7314453125,2.95654296875,0.92529296875,1.62451171875,0.7001953125
2473,0.7626953125,0.6943359375,2.80322265625,0.8847656250000001,0.98974609375,0.7763671875
2474,0.8515625,0.8515625,2.69384765625,0.8242187500000001,0.9443359375,1.15087890625
2475,0.9208984375,0.8803710937500001,2.57421875,0.7534179687500001,0.9619140625,1.14501953125
2476,0.6845703125000001,1.0078125,2.93994140625,0.87255859375,1.48974609375,0.8388671875
2477,0.71826171875,0.912109375,2.76708984375,0.7934570312500001,1.25830078125,0.7880859375000001
2478,0.744140625,0.80126953125,2.908203125,1.09765625,1.1826171875,0.8681640625
2479,1.0478515625,0.8320312500000001,2.6650390625,1.13330078125,1.23095703125,0.9755859375
2480,0.7070312500000001,1.23388671875,2.52880859375,1.04150390625,1.20947265625,0.83544921875
2481,0.68017578125,1.2197265625,2.5166015625,0.9775390625,1.31787109375,1.0751953125
2482,0.7099609375,0.8955078125000001,2.50537109375,1.1552734375,0.77880859375,0.99658203125
2483,0.88818359375,1.04296875,2.5537109375,1.05712890625,0.93359375,1.119140625
2484,0.87109375,0.724609375,2.67919921875,0.88720703125,1.30615234375,0.6982421875
2485,0.9208984375,0.59033203125,2.57275390625,0.82373046875,0.80859375,0.7861328125
2486,0.9150390625,0.8583984375,2.43017578125,0.9682617187500001,1.1318359375,0.65576171875
2487,1.00439453125,0.9296875,2.34033203125,0.7001953125,1.03173828125,0.7475585937500001
2488,0.6508789062500001,1.15625,2.32470703125,1.01220703125,1.056640625,0.73583984375
2489,0.7626953125,1.08837890625,2.28515625,0.8320312500000001,1.09521484375,0.765625
2490,0.9453125,1.56201171875,2.45556640625,0.83447265625,1.09423828125,0.880859375
2491,0.8251953125,1.3134765625,2.435546875,0.7685546875,1.1484375,0.92724609375
2492,0.99072265625,0.81494140625,2.8486328125,1.2197265625,1.29833984375,1.1455078125
2493,0.8540039062500001,1.1259765625,2.8505859375,0.99365234375,1.05859375,1.11865234375
2494,0.943359375,0.90966796875,2.94580078125,0.99365234375,0.88134765625,0.693359375
2495,1.12109375,0.83642578125,2.86181640625,0.80224609375,1.0341796875,0.7402343750000001
2496,0.9736328125000001,0.9355468750000001,2.51806640625,1.0498046875,0.8369140625,0.7583007812500001
2497,1.11474609375,0.89892578125,2.43115234375,0.9204101562500001,0.55908203125,1.10009765625
2498,1.140625,1.04248046875,3.0673828125,0.91796875,0.9580078125,1.11376953125
2499,1.130859375,0.94873046875,2.8740234375,0.6181640625,0.6596679687500001,1.1513671875
2500,0.87255859375,0.75390625,2.92041015625,1.4453125,0.859375,0.95751953125
2501,0.875,0.7490234375,3.01708984375,1.474609375,0.6474609375000001,1.09130859375
2502,1.08203125,0.8437500000000001,2.5654296875,1.10498046875,1.7216796875,0.93798828125
2503,1.107421875,0.76513671875,2.56640625,1.173828125,1.35009765625,0.84521484375
2504,0.59130859375,1.1845703125,2.4384765625,0.8173828125000001,1.0,1.16259765625
2505,0.59228515625,1.16650390625,2.36376953125,0.7915039062500001,1.10400390625,1.04931640625
2506,0.7641601562500001,1.05224609375,2.79541015625,1.16455078125,0.923828125,0.9150390625
2507,0.892578125,1.05029296875,2.8876953125,1.13916015625,0.837890625,1.0048828125
2508,0.5,1.234375,2.7001953125,1.484375,1.42041015625,0.71484375
2509,0.5175781250000001,1.0146484375,2.3447265625,1.36328125,1.17626953125,0.94580078125
2510,0.9775390625,0.91259765625,2.63671875,1.259765625,0.99755859375,0.8603515625
2511,1.03173828125,0.9287109375,2.490234375,1.24462890625,0.62060546875,1.0537109375
2512,1.09326171875,1.05615234375,2.7783203125,0.96142578125,1.2705078125,0.63720703125
2513,1.0458984375,1.203125,2.8115234375,0.841796875,1.2412109375,0.8701171875000001
2514,0.6787109375,1.173828125,2.81689453125,1.1787109375,1.24853515625,0.8076171875
2515,0.6918945312500001,1.251953125,2.826171875,1.0478515625,0.8710937500000001,0.9638671875
2516,0.4194335937500001,0.87890625,2.78857421875,0.9111328125,0.62744140625,0.88671875
2517,0.6220703125,0.6943359375000001,2.56201171875,0.8154296875,0.4716796875,0.84814453125
2518,1.0634765625,1.03369140625,2.81494140625,1.349609375,1.10205078125,0.7465820312500001
2519,1.044921875,1.20458984375,2.65625,1.20068359375,1.0048828125,0.94921875
2520,0.69873046875,1.1962890625,2.51220703125,1.00048828125,1.17333984375,1.2509765625
2521,0.6528320312500001,1.0625,2.46435546875,1.01220703125,0.91015625,1.60302734375
2522,0.3916015625,1.01904296875,2.86279296875,1.0234375,0.9541015625,0.8798828125
2523,0.5625,1.1171875,2.6884765625,0.8876953125,0.669921875,0.9853515625
2524,1.0244140625,0.72412109375,2.65234375,1.02587890625,0.8701171875,1.0361328125
2525,0.9838867187500001,0.74609375,2.42822265625,1.07373046875,0.70703125,1.15869140625
2526,0.96923828125,0.767578125,2.6728515625,0.98974609375,0.72607421875,0.826171875
2527,1.20458984375,0.7265625,2.5673828125,1.0205078125,0.6376953125000001,1.05712890625
2528,0.8496093750000001,0.99169921875,2.87060546875,1.21728515625,0.8662109375000001,0.99169921875
2529,0.9912109375,0.998046875,2.7490234375,0.9921875,0.7666015625,1.00732421875
2530,0.94091796875,0.73486328125,2.93798828125,1.35986328125,1.333984375,0.9555664062500001
2531,1.09619140625,0.6611328125,2.62158203125,1.4375,1.02099609375,0.91796875
2532,0.78955078125,1.29052734375,2.68505859375,1.17822265625,1.21826171875,0.73193359375
2533,0.8857421875,1.13330078125,2.61767578125,1.06787109375,1.025390625,0.75537109375
2534,1.166015625,1.1513671875,2.88330078125,0.92431640625,1.10791015625,1.13671875
2535,0.986328125,1.09716796875,2.77978515625,0.96337890625,0.74658203125,1.17724609375
2536,0.85400390625,0.89794921875,2.64306640625,0.94091796875,0.8515625,1.03466796875
2537,0.7778320312500001,0.84228515625,2.36474609375,0.74658203125,0.72119140625,1.00634765625
2538,0.9404296875,1.04150390625,3.17822265625,0.9755859375000001,1.2138671875,0.8193359375
2539,1.22705078125,1.18310546875,2.9189453125,0.99560546875,0.9765625,0.923828125
2540,1.15185546875,1.04052734375,2.5849609375,0.982421875,0.71044921875,1.0732421875
2541,1.14111328125,0.9765625,2.5634765625,1.10205078125,0.6435546875,0.96240234375
2542,1.13720703125,0.78466796875,2.37451171875,1.01416015625,0.587890625,1.00927734375
2543,1.0107421875,0.7705078125000001,2.4013671875,1.10791015625,0.44189453125,1.15380859375
2544,1.2099609375,1.06201171875,2.970703125,0.962890625,1.009765625,0.92724609375
2545,1.326171875,1.05029296875,2.708984375,0.81787109375,0.81884765625,1.09619140625
2546,0.80126953125,0.8720703125,2.8681640625,0.87158203125,1.05908203125,1.13134765625
2547,1.01416015625,0.8798828125,2.6650390625,0.91455078125,0.8603515625,1.16455078125
2548,1.05322265625,1.2421875,2.392578125,0.54638671875,1.04833984375,0.6708984375
2549,0.9775390625000001,1.2080078125,2.52587890625,0.60546875,0.71435546875,0.7124023437500001
2550,0.98876953125,1.021484375,2.59326171875,0.9047851562500001,1.6318359375,0.689453125
2551,1.28955078125,0.95654296875,2.62841796875,0.9794921875,1.126953125,0.7421875
2552,0.55859375,0.92578125,2.8310546875,1.23828125,0.7983398437500001,0.85498046875
2553,0.81982421875,0.98046875,2.75830078125,1.11572265625,0.8388671875,1.0234375
2554,0.9248046875,1.4609375,2.455078125,0.568359375,0.947265625,1.03466796875
2555,1.19189453125,1.337890625,2.3642578125,0.45458984375,0.86474609375,1.025390625
2556,0.6606445312500001,0.89599609375,2.8046875,0.974609375,0.7861328125,0.99169921875
2557,0.7353515625,0.9716796875,2.49072265625,0.9462890625,1.06005859375,1.11376953125
2558,0.94580078125,1.33837890625,2.6689453125,0.92626953125,1.001953125,0.9443359375
2559,1.0517578125,1.3974609375,2.56689453125,0.78369140625,0.876953125,1.0166015625
2560,0.5634765625000001,1.224609375,2.8486328125,1.05419921875,1.20263671875,1.31640625
2561,1.04248046875,1.3232421875,3.013671875,0.88525390625,0.98876953125,1.2412109375
2562,0.7934570312500001,1.09228515625,2.6435546875,0.76806640625,1.15576171875,0.4858398437500001
2563,0.73681640625,1.00244140625,2.43798828125,0.78515625,1.0,0.8447265625
2564,1.033203125,0.7119140625,2.8623046875,1.0673828125,0.8159179687500001,0.85205078125
2565,1.26025390625,0.76611328125,2.51904296875,1.03857421875,0.701171875,1.0869140625
2566,1.1708984375,1.3759765625,2.37548828125,0.92333984375,0.8125,1.17431640625
2567,1.14794921875,1.3515625,2.23486328125,0.8740234375,0.8623046875,1.44189453125
2568,0.99169921875,0.73388671875,2.83447265625,1.4111328125,0.7529296875000001,1.20751953125
2569,1.0029296875,0.82666015625,2.65380859375,1.24365234375,0.79638671875,1.03271484375
2570,0.96044921875,1.0498046875,2.65087890625,1.26171875,1.54736328125,1.02001953125
2571,1.07861328125,1.11669921875,2.61572265625,1.03515625,1.13818359375,1.19873046875
2572,0.7187500000000001,1.095703125,2.52392578125,0.939453125,0.80126953125,0.9951171875
2573,0.83251953125,1.130859375,2.52880859375,0.814453125,0.7788085937500001,0.98486328125
2574,0.61474609375,1.05126953125,2.6298828125,1.1005859375,1.34130859375,0.98876953125
2575,0.7568359375000001,1.060546875,2.50439453125,1.1044921875,1.17041015625,1.0693359375
2576,0.65771484375,0.9248046875,2.484375,1.0302734375,0.95166015625,0.6630859375
2577,0.63427734375,0.9389648437500001,2.3828125,0.91064453125,1.16259765625,0.916015625
2578,0.99658203125,1.04736328125,2.41796875,0.96484375,0.9882812500000001,0.8583984375
2579,1.017578125,1.03466796875,2.337890625,0.8603515625,0.7470703125,1.10302734375
2580,0.87890625,1.22607421875,2.57470703125,0.72607421875,1.02978515625,0.88623046875
2581,1.1259765625,1.03564453125,2.3828125,0.80908203125,0.82763671875,0.7666015625000001
2582,1.22998046875,0.6972656250000001,2.5888671875,0.73876953125,0.7871093750000001,1.07080078125
2583,1.35693359375,0.802734375,2.6005859375,0.654296875,0.873046875,1.2099609375
2584,0.6181640625000001,0.6943359375,2.5400390625,0.78564453125,1.30322265625,0.53369140625
2585,0.83447265625,0.71630859375,2.44580078125,0.81982421875,0.91845703125,0.61328125
2586,0.49755859375,0.6357421875,2.51953125,1.26025390625,1.38525390625,0.7548828125
2587,0.5688476562500001,0.521484375,2.3837890625,1.40673828125,1.068359375,0.94189453125
2588,0.85302734375,1.1416015625,2.6748046875,0.77734375,0.97119140625,1.26806640625
2589,0.96533203125,1.0234375,2.68212890625,0.703125,0.9326171875,1.31591796875
2590,0.8076171875,1.2861328125,2.89404296875,1.2138671875,1.37646484375,1.13916015625
2591,0.892578125,1.455078125,2.7548828125,1.08740234375,1.40185546875,0.91015625
2592,1.10107421875,0.99365234375,2.79638671875,1.19873046875,1.35693359375,0.86865234375
2593,1.15283203125,1.07763671875,2.5791015625,1.02099609375,1.02734375,0.9208984375
2594,1.107421875,0.92626953125,2.82373046875,1.03564453125,1.1591796875,0.96630859375
2595,1.2314453125,0.8134765625000001,2.94384765625,0.8784179687500001,0.9711914062500001,0.9711914062500001
2596,0.822265625,0.8828125,2.9404296875,0.9833984375,1.419921875,0.9208984375
2597,0.83251953125,1.0419921875,2.92431640625,0.8740234375,1.29345703125,1.09423828125
2598,0.5224609375000001,1.3466796875,2.7744140625,1.06884765625,0.71875,0.78173828125
2599,0.53662109375,1.2353515625,2.84716796875,0.9750976562500001,0.51953125,0.96435546875
2600,0.736328125,0.87158203125,2.68603515625,0.7954101562500001,1.0791015625,0.6708984375000001
2601,0.99755859375,0.771484375,2.54443359375,0.8320312500000001,1.220703125,0.99365234375
2602,1.20703125,0.8427734375,2.6669921875,0.75390625,1.0859375,0.91259765625
2603,1.07373046875,0.97802734375,2.705078125,0.7724609375,0.5244140625000002,1.158203125
2604,1.0322265625,0.54248046875,3.00732421875,0.833984375,0.63671875,0.6777343750000001
2605,0.9824218750000001,0.62060546875,2.806640625,0.8896484375,0.4985351562500001,0.8125
2606,0.58203125,0.7524414062500001,2.81494140625,0.9165039062500001,1.3271484375,1.22509765625
2607,0.54931640625,0.71044921875,2.53564453125,1.03076171875,1.0390625,1.091796875
2608,0.72021484375,1.30029296875,2.72802734375,1.1806640625,0.8515625000000001,0.80712890625
2609,0.92041015625,1.1455078125,2.79052734375,1.0263671875,0.6728515625,0.99853515625
2610,0.6547851562500001,1.10205078125,2.5810546875,1.208984375,1.0859375,0.81689453125
2611,0.84326171875,1.17431640625,2.49755859375,1.052734375,0.86279296875,1.02001953125
2612,0.79052734375,1.11279296875,2.9580078125,1.10595703125,0.88671875,0.9482421875
2613,0.88037109375,1.04150390625,2.84423828125,0.99951171875,0.728515625,1.01513671875
2614,1.17578125,0.9375,2.5517578125,0.8583984375,0.79638671875,0.87109375
2615,1.23876953125,0.8037109375,2.4228515625,0.83154296875,0.6005859375,0.8359375
2616,0.7666015625000001,1.02392578125,2.82958984375,0.935546875,0.9580078125,0.822265625
2617,0.85205078125,1.1181640625,2.7587890625,1.04150390625,0.79638671875,1.22412109375
2618,0.63232421875,1.0908203125,2.82080078125,0.98876953125,1.03271484375,1.0537109375
2619,0.8095703125000001,1.0390625,2.79443359375,0.92529296875,0.90625,1.11181640625
2620,0.8159179687500001,0.93603515625,2.619140625,0.787109375,0.970703125,0.7578125
2621,0.86669921875,0.89697265625,2.4404296875,0.8505859375,0.98388671875,0.6259765625
2622,0.779296875,0.79833984375,2.5029296875,1.08544921875,1.0791015625,0.57373046875
2623,1.00732421875,0.98291015625,2.36865234375,0.85498046875,0.75830078125,0.67333984375
2624,1.05322265625,0.8876953125000001,2.57373046875,1.07763671875,0.98291015625,0.78173828125
2625,1.30126953125,0.8125,2.48974609375,0.904296875,0.99560546875,0.78515625
2626,0.8369140625,0.7963867187500001,2.34716796875,0.83935546875,1.43115234375,0.95361328125
2627,0.9833984375,0.71240234375,2.2626953125,0.7724609375000001,1.083984375,1.0693359375
2628,0.8046875,1.048828125,2.806640625,0.85498046875,0.8955078125,0.9414062500000001
2629,1.0732421875,0.95458984375,2.78076171875,0.78857421875,0.82080078125,0.82958984375
2630,0.8544921875,1.13623046875,2.88037109375,0.765625,1.2529296875,0.9248046875
2631,0.99755859375,0.974609375,2.77587890625,0.6083984375,1.2021484375,1.05322265625
2632,1.080078125,0.87841796875,2.671875,0.67529296875,1.13525390625,0.5317382812500001
2633,1.2119140625,0.96923828125,2.78271484375,0.6640625,0.89501953125,0.779296875
2634,0.7954101562500001,1.06396484375,2.625,1.10009765625,1.24072265625,1.13623046875
2635,0.8466796875,1.20458984375,2.65625,0.9755859375000001,0.7363281250000001,1.0966796875
2636,1.14208984375,1.2333984375,2.85693359375,0.8271484375,0.6796875000000001,1.05859375
2637,0.9111328125,1.22119140625,2.8056640625,0.7309570312500001,0.76171875,1.22216796875
2638,0.93212890625,1.03125,2.66845703125,1.1015625,0.8486328125,0.82958984375
2639,0.859375,1.1572265625,2.4501953125,0.91845703125,0.9619140625,0.9921875
2640,0.74951171875,0.96875,2.36572265625,0.8046875,0.93505859375,1.2177734375
2641,0.921875,0.9853515625,2.39501953125,0.982421875,0.8071289062500001,1.3203125
2642,0.78515625,0.8896484375,2.65380859375,1.21826171875,1.0625,0.6767578125
2643,0.87744140625,0.99072265625,2.4443359375,1.17578125,0.8505859375,0.7607421875000001
2644,0.93212890625,1.32275390625,2.85986328125,0.70947265625,1.181640625,0.82177734375
2645,0.9873046875,1.09130859375,2.9384765625,0.75927734375,1.15771484375,0.82373046875
2646,0.95751953125,1.05615234375,2.60986328125,0.638671875,0.52099609375,1.09716796875
2647,0.9794921875,1.11962890625,2.75244140625,0.4287109375,0.6552734375,1.01025390625
2648,1.03125,1.138671875,2.78955078125,0.96875,1.13671875,0.68896484375
2649,1.091796875,1.03173828125,2.74267578125,0.888671875,1.01708984375,0.63525390625
2650,0.81005859375,0.96044921875,2.35400390625,0.9868164062500001,0.900390625,0.84375
2651,0.8486328125,0.837890625,2.32861328125,0.98486328125,0.8798828125,0.98681640625
2652,1.16552734375,1.12646484375,2.48828125,0.89501953125,1.11083984375,0.67626953125
2653,1.224609375,1.06884765625,2.5517578125,0.77783203125,0.79052734375,1.00048828125
2654,0.97705078125,0.8505859375,2.63427734375,1.2451171875,1.1669921875,1.1767578125
2655,0.9951171875,0.84228515625,2.6279296875,1.10107421875,0.98974609375,0.91650390625
2656,0.68115234375,1.02294921875,2.7353515625,0.84765625,1.14111328125,1.05908203125
2657,0.7021484375000001,1.02001953125,2.703125,0.8544921875,0.8876953125,1.1279296875
2658,0.9062500000000001,1.04931640625,2.69287109375,0.654296875,1.07177734375,1.23193359375
2659,1.0380859375,0.99658203125,2.52392578125,0.52880859375,0.99658203125,1.375
2660,1.02734375,1.291015625,2.896484375,1.07080078125,1.21044921875,1.00048828125
2661,1.01318359375,1.24951171875,2.7099609375,1.0107421875,1.13232421875,1.18017578125
2662,0.7602539062500001,1.30419921875,2.41162109375,0.5107421875,0.88818359375,0.77783203125
2663,0.79248046875,1.1396484375,2.361328125,0.6220703125,0.8325195312500001,0.7744140625
2664,0.6943359375000001,0.8339843750000001,2.68701171875,0.7661132812500001,0.80712890625,0.79345703125
2665,0.6494140625,0.8740234375,2.439453125,0.634765625,0.9267578125000001,0.91162109375
2666,1.2197265625,1.21728515625,2.80908203125,0.953125,0.8935546875,0.8872070312500001
2667,1.12109375,1.07666015625,2.60400390625,0.81201171875,0.8994140625,1.0146484375
2668,0.9013671875,1.25732421875,2.630859375,0.96533203125,1.01171875,1.20703125
2669,0.9833984375,1.0888671875,2.50927734375,0.8388671875,1.08154296875,1.1279296875
2670,0.77099609375,1.14404296875,2.70556640625,0.9052734375,0.9965820312500001,1.07666015625
2671,1.048828125,1.20556640625,2.48486328125,0.8720703125,0.96923828125,1.1220703125
2672,1.0673828125,0.70947265625,2.880859375,1.08935546875,0.7128906250000001,1.349609375
2673,1.20947265625,0.61279296875,2.84423828125,0.96337890625,0.6748046875,1.3564453125
2674,1.17529296875,1.31103515625,2.9921875,1.166015625,1.1806640625,1.01708984375
2675,1.2255859375,1.17529296875,2.6728515625,0.94384765625,0.85546875,0.86572265625
2676,0.68798828125,1.0009765625,2.7861328125,0.78662109375,0.9443359375,0.7841796875
2677,0.771484375,0.9501953125,2.603515625,0.59130859375,0.7197265625,0.74365234375
2678,0.7197265625,0.90478515625,2.86474609375,1.19189453125,1.2353515625,1.00439453125
2679,0.94775390625,0.8774414062500001,2.7373046875,1.1376953125,1.2568359375,1.34228515625
2680,0.94140625,1.29150390625,2.7841796875,0.5927734375,0.93310546875,1.0
2681,0.92919921875,1.20751953125,2.5751953125,0.61962890625,0.8364257812500001,1.09130859375
2682,0.791015625,0.8037109375000001,2.81396484375,1.1640625,1.021484375,0.9423828125
2683,0.962890625,0.802734375,2.7607421875,1.12060546875,0.87841796875,1.0009765625
2684,0.8803710937500001,1.0390625,2.6943359375,0.748046875,0.7998046875,1.01171875
2685,0.9853515625,0.8007812500000001,2.5693359375,0.7309570312500001,0.5834960937500001,1.0283203125
2686,0.6064453125000001,1.0419921875,2.56298828125,1.0146484375,1.17236328125,1.0205078125
2687,0.76416015625,1.0029296875,2.46875,1.0283203125,0.92236328125,1.1591796875
2688,1.08740234375,0.7216796875000001,2.98193359375,1.1357421875,1.2265625,0.97509765625
2689,1.298828125,0.8154296875,2.94580078125,1.09423828125,0.84521484375,0.98828125
2690,1.30078125,1.2001953125,2.31640625,1.0419921875,1.06103515625,0.9570312500000001
2691,1.38525390625,1.31982421875,2.2021484375,0.9716796875,1.08349609375,0.89306640625
2692,0.95703125,1.33984375,2.74755859375,0.89013671875,1.1728515625,1.01708984375
2693,1.12060546875,1.4150390625,2.60986328125,0.7548828125,0.9638671875,1.19189453125
2694,1.162109375,0.9873046875,3.0009765625,0.86181640625,0.9033203125,1.0625
2695,1.02978515625,0.927734375,2.76708984375,1.08544921875,0.82373046875,1.041015625
2696,0.89697265625,0.7080078125,2.8896484375,1.154296875,1.00732421875,1.2109375
2697,0.94873046875,0.88818359375,2.83984375,1.15380859375,0.8935546875,1.06982421875
2698,0.98046875,0.79443359375,3.08447265625,1.01318359375,0.62158203125,0.96240234375
2699,0.94921875,1.013671875,2.66455078125,1.12548828125,0.3964843750000001,1.072265625
2700,1.09716796875,1.23876953125,2.69482421875,1.119140625,0.8286132812500001,0.91455078125
2701,0.96142578125,1.21435546875,2.87158203125,1.1904296875,0.83642578125,0.82568359375
2702,0.7895507812500001,0.85009765625,2.71435546875,0.8427734375,1.0595703125,0.6953125000000001
2703,1.021484375,0.830078125,2.57763671875,0.958984375,0.8818359375,0.70263671875
2704,1.00732421875,1.19970703125,2.56884765625,1.17724609375,1.2041015625,0.95068359375
2705,1.1123046875,0.94775390625,2.767578125,1.27490234375,1.1923828125,1.0205078125
2706,0.7744140625,1.24267578125,2.81201171875,0.9228515625,1.193359375,1.02392578125
2707,1.11669921875,1.1865234375,2.6865234375,0.90966796875,1.2353515625,1.1748046875
2708,0.6318359375,0.923828125,2.81787109375,0.9208984375,1.43701171875,0.9130859375
2709,0.890625,0.9296875,2.54833984375,0.6562500000000001,1.25,1.18896484375
2710,0.89306640625,1.1337890625,2.82763671875,0.5966796875,0.951171875,0.7133789062500002
2711,0.9130859375000001,1.01611328125,2.744140625,0.55322265625,0.95166015625,0.73779296875
2712,1.0966796875,1.06689453125,2.6689453125,1.19873046875,0.89306640625,0.99267578125
2713,1.68310546875,1.15185546875,2.6025390625,1.15576171875,0.6845703125,1.08837890625
2714,0.94287109375,0.5283203125,2.56591796875,1.01611328125,0.7622070312500001,0.5947265625
2715,0.8525390625,0.59521484375,2.36328125,1.05078125,0.783203125,0.8076171875000001
2716,1.23095703125,0.9853515625,2.6328125,1.119140625,1.2607421875,1.00390625
2717,0.97900390625,0.8476562500000001,2.7431640625,0.9306640625000001,0.91357421875,0.87109375
2718,1.2470703125,0.9736328125,2.568359375,1.072265625,1.1962890625,1.06494140625
2719,1.1015625,0.9140625,2.71337890625,1.1162109375,0.90771484375,1.2451171875
2720,0.8041992187500001,1.0107421875,2.876953125,0.87939453125,0.8095703125,0.6289062500000001
2721,1.154296875,0.91162109375,2.56103515625,0.7353515625,0.9086914062500001,0.77685546875
2722,0.87939453125,1.005859375,2.6513671875,1.41552734375,1.08642578125,1.009765625
2723,1.05029296875,0.875,2.5400390625,1.42822265625,0.84033203125,0.9638671875
2724,1.08154296875,0.94580078125,2.67431640625,1.1923828125,1.19775390625,0.65234375
2725,1.05224609375,0.796875,2.46044921875,0.923828125,0.92138671875,0.6796875000000001
2726,0.904296875,1.119140625,2.7392578125,1.08447265625,1.2158203125,1.09912109375
2727,1.0244140625,0.84521484375,2.6162109375,1.00048828125,1.20703125,1.27001953125
2728,0.705078125,1.04248046875,3.03173828125,1.11328125,1.01171875,0.60107421875
2729,0.96435546875,1.056640625,2.7470703125,0.8330078125,1.07470703125,0.85791015625
2730,0.5517578125,0.64990234375,2.9013671875,1.109375,0.998046875,1.1904296875
2731,0.56787109375,0.57666015625,2.943359375,0.962890625,0.80224609375,0.9755859375
2732,0.90283203125,0.9560546875,2.359375,1.203125,1.05224609375,0.85400390625
2733,0.90478515625,0.916015625,2.4638671875,1.10302734375,0.91064453125,0.84228515625
2734,0.6113281250000001,0.9189453125,2.716796875,0.8623046875,1.20947265625,0.63525390625
2735,0.6547851562500001,0.79931640625,2.62939453125,0.7958984375,1.14306640625,0.96044921875
2736,1.14697265625,1.23388671875,2.68017578125,0.88818359375,0.8325195312500001,0.515625
2737,1.03271484375,1.08984375,2.58056640625,0.853515625,0.6884765625,0.70556640625
2738,0.5703125,0.94140625,2.755859375,0.95703125,1.23193359375,0.8525390625
2739,0.6708984375,0.80517578125,2.63427734375,0.9169921875,0.8740234375,0.9072265625
2740,0.8154296875000001,0.60400390625,2.8447265625,1.10009765625,1.1630859375,0.951171875
2741,0.919921875,0.5615234375,2.80419921875,0.8652343750000001,0.9912109375,0.78955078125
2742,0.896484375,1.00537109375,2.9892578125,0.794921875,0.8740234375,0.72314453125
2743,0.77392578125,1.0751953125,3.06005859375,0.7705078125,0.6357421875,0.8193359375
2744,0.99609375,1.16748046875,2.7138671875,1.2646484375,1.30859375,0.9267578125
2745,1.2119140625,0.99462890625,2.33935546875,1.04248046875,0.87060546875,1.0908203125
2746,0.9804687500000001,0.7890625000000001,2.912109375,0.6894531250000001,0.6826171875,1.09375
2747,0.91796875,0.88671875,2.724609375,0.783203125,0.7744140625,0.9858398437500001
2748,0.767578125,0.9736328125,2.42724609375,0.9941406250000001,0.97412109375,0.7773437500000001
2749,0.7836914062500001,0.81298828125,2.54345703125,0.91162109375,1.1435546875,0.87744140625
2750,0.87060546875,0.82177734375,2.63623046875,1.46728515625,0.66943359375,1.02197265625
2751,1.07470703125,0.80859375,2.486328125,1.185546875,0.7421875,1.2021484375
2752,0.724609375,1.2001953125,2.6337890625,0.95654296875,1.22412109375,0.94384765625
2753,0.7592773437500001,1.20166015625,2.65185546875,0.9697265625,0.82275390625,1.04052734375
2754,0.68505859375,0.9267578125,2.4716796875,0.93408203125,1.37451171875,1.20068359375
2755,0.8408203125,1.00927734375,2.328125,0.79833984375,1.24560546875,1.26318359375
2756,0.9609375,1.064453125,2.5537109375,1.0322265625,1.16015625,0.82763671875
2757,0.91845703125,0.88037109375,2.30029296875,0.87548828125,1.0107421875,0.9892578125
2758,0.94189453125,1.2392578125,2.810546875,0.9521484375,0.95849609375,1.14453125
2759,1.1083984375,0.919921875,2.61962890625,0.96240234375,0.787109375,1.26025390625
2760,1.23779296875,0.87646484375,2.88330078125,1.0986328125,0.79931640625,0.59912109375
2761,1.4658203125,0.92236328125,2.87353515625,0.865234375,0.66259765625,0.8188476562500001
2762,0.66943359375,1.21875,2.24072265625,1.18017578125,1.1650390625,1.134765625
2763,0.8671875,1.02783203125,2.1484375,1.00244140625,1.20947265625,1.33544921875
2764,1.158203125,1.34228515625,2.5341796875,1.107421875,0.9990234375,0.89208984375
2765,0.984375,1.2080078125,2.470703125,0.9282226562500001,0.94921875,0.99609375
2766,0.685546875,0.7758789062500001,3.13232421875,0.7958984375000001,1.328125,0.9091796875
2767,0.8740234375000001,0.74853515625,2.79296875,0.83251953125,1.13623046875,1.0634765625
2768,1.05078125,1.1787109375,2.8037109375,0.7900390625,0.9663085937500001,0.88525390625
2769,1.015625,1.28466796875,2.76025390625,0.798828125,1.1826171875,0.94921875
2770,0.7553710937500001,1.44970703125,2.80029296875,0.9931640625,0.9765625,0.96240234375
2771,0.8564453125000001,1.17919921875,2.76171875,0.740234375,0.93017578125,1.16650390625
2772,0.8017578125,1.27734375,2.650390625,0.9418945312500001,0.90185546875,1.07080078125
2773,0.95263671875,1.12939453125,2.6220703125,0.724609375,0.7529296875,1.07568359375
2774,1.10107421875,0.8662109375,3.126953125,1.05517578125,0.892578125,0.7675781250000001
2775,1.32958984375,0.916015625,3.00830078125,0.9248046875,0.8100585937500001,0.88525390625
2776,0.64697265625,0.6259765625,2.67529296875,0.93359375,1.05859375,0.82177734375
2777,0.74853515625,0.47216796875,2.72021484375,0.83251953125,0.9140625,1.017578125
2778,1.06884765625,1.12744140625,2.72314453125,1.1513671875,1.0859375,0.72216796875
2779,0.99658203125,1.20263671875,2.5791015625,0.9501953125,0.9677734375,0.8041992187500001
2780,0.95703125,1.1494140625,2.83544921875,0.72802734375,1.29931640625,1.2724609375
2781,1.119140625,0.9013671875,2.6171875,0.5986328125,1.0595703125,1.12353515625
2782,0.97119140625,1.16650390625,2.93212890625,0.86474609375,0.9501953125,1.0712890625
2783,1.1884765625,1.00927734375,2.81494140625,0.8066406250000001,1.21826171875,1.03271484375
2784,0.88916015625,0.96240234375,2.7978515625,1.12109375,0.77490234375,0.9658203125
2785,0.94677734375,0.87646484375,2.62548828125,0.7802734375000001,0.61474609375,0.9130859375
2786,0.76953125,0.73974609375,2.71875,0.90087890625,1.09326171875,0.81787109375
2787,0.89111328125,0.71826171875,2.55224609375,0.8505859375,0.93212890625,1.046875
2788,0.8085937500000001,0.58447265625,2.5244140625,1.029296875,1.28662109375,0.8164062500000001
2789,1.169921875,0.74755859375,2.49560546875,0.916015625,1.12158203125,0.96923828125
2790,0.9453125,1.021484375,2.384765625,1.15771484375,0.9248046875,1.3154296875
2791,0.97119140625,0.958984375,2.326171875,0.93115234375,0.705078125,1.23583984375
2792,1.05224609375,1.392578125,2.68359375,1.0986328125,0.54345703125,0.9370117187500001
2793,1.3740234375,1.302734375,2.36669921875,1.0693359375,0.5190429687500002,0.9736328125
2794,1.0166015625,0.91455078125,2.70751953125,1.1640625,1.04345703125,1.12109375
2795,1.03515625,0.8505859375,2.60986328125,1.2177734375,0.89013671875,1.41015625
2796,1.1357421875,0.923828125,2.82958984375,0.68408203125,1.53564453125,0.80908203125
2797,1.19921875,0.91943359375,2.6689453125,0.6743164062500001,1.07373046875,0.95947265625
2798,0.9814453125,1.205078125,2.9443359375,1.0361328125,0.591796875,1.26611328125
2799,1.251953125,1.00439453125,2.84130859375,0.89404296875,0.52001953125,1.275390625
2800,1.01708984375,1.03125,2.63427734375,1.1787109375,0.85107421875,0.9921875
2801,0.8027343750000001,0.95654296875,2.42333984375,1.0283203125,0.7568359375,1.21435546875
2802,1.11376953125,1.5517578125,2.66064453125,0.85302734375,1.2421875,1.19091796875
2803,1.1181640625,1.328125,2.390625,0.6396484375,1.02294921875,1.2802734375
2804,0.79248046875,1.0625,2.9033203125,1.09326171875,0.73046875,0.8154296875
2805,1.12255859375,1.0087890625,2.6474609375,0.94482421875,0.5869140625,0.853515625
2806,1.17041015625,1.20849609375,2.654296875,0.931640625,1.267578125,0.9677734375
2807,1.1142578125,1.08203125,2.5087890625,0.7001953125,1.2060546875,0.9697265625
2808,0.8544921875,1.00732421875,2.81396484375,0.90380859375,1.224609375,1.0244140625
2809,1.20654296875,0.8344726562500001,2.818359375,0.76611328125,0.9843750000000001,1.02783203125
2810,0.97900390625,1.26806640625,2.6787109375,0.9189453125,1.271484375,0.64892578125
2811,0.8808593750000001,1.1474609375,2.623046875,0.91650390625,1.02294921875,0.8002929687500001
2812,0.8037109375000001,0.93408203125,2.6650390625,1.15185546875,1.359375,0.65087890625
2813,0.91357421875,1.04638671875,2.44091796875,0.8769531250000001,1.271484375,0.7905273437500001
2814,0.7978515625000001,1.296875,2.49951171875,0.953125,0.96533203125,0.84033203125
2815,1.0322265625,1.24609375,2.37255859375,0.9995117187500001,0.6611328125,0.966796875
2816,0.8178710937500001,1.0087890625,2.81591796875,1.07861328125,0.92529296875,1.18212890625
2817,0.7548828125,1.1162109375,2.62939453125,0.89111328125,0.70458984375,1.1796875
2818,1.06591796875,1.26171875,2.49267578125,0.8671875,1.24072265625,0.7490234375000001
2819,1.0185546875,1.1328125,2.4404296875,0.7954101562500001,0.9838867187500001,0.9287109375
2820,0.7583007812500001,0.9775390625,2.654296875,0.9877929687500001,1.19384765625,0.822265625
2821,1.05712890625,1.109375,2.41015625,0.90234375,0.974609375,0.8779296875000001
2822,0.50439453125,0.97216796875,2.5712890625,1.0146484375,1.0537109375,1.04541015625
2823,0.85302734375,0.95263671875,2.46533203125,0.9267578125,0.7231445312500001,0.89501953125
2824,0.63427734375,0.82470703125,2.71337890625,0.892578125,0.9990234375,1.17041015625
2825,0.57763671875,0.7861328125000001,2.5703125,0.73193359375,0.7900390625000001,1.13623046875
2826,1.0966796875,0.9794921875,2.7236328125,1.17041015625,0.79296875,0.5507812500000001
2827,1.0634765625,0.8505859375000001,2.5830078125,1.14208984375,0.93896484375,0.66845703125
2828,1.09326171875,1.05078125,2.5087890625,1.1748046875,1.2705078125,0.869140625
2829,1.07958984375,0.86376953125,2.40966796875,1.04345703125,0.86767578125,0.8896484375000001
2830,0.677734375,1.4326171875,2.72412109375,1.12548828125,0.53955078125,1.03125
2831,0.7280273437500001,1.06005859375,2.43115234375,0.98974609375,0.47265625,1.18896484375
2832,0.7490234375000001,0.91162109375,3.15869140625,1.220703125,0.96533203125,0.8662109375
2833,0.85302734375,0.93310546875,2.96337890625,1.05908203125,1.103515625,1.08935546875
2834,0.83984375,1.294921875,2.4404296875,0.7065429687500001,1.04833984375,0.779296875
2835,0.8598632812500001,1.046875,2.45458984375,0.6826171875,0.87060546875,0.9462890625
2836,0.7690429687500001,1.21240234375,2.75537109375,0.91552734375,1.27587890625,0.86474609375
2837,0.85498046875,1.13232421875,2.46533203125,0.8066406250000001,1.1669921875,1.0849609375
2838,1.04345703125,0.95556640625,2.892578125,0.87451171875,0.99365234375,0.6938476562500001
2839,1.244140625,0.923828125,2.6884765625,0.8144531250000001,0.990234375,0.87353515625
2840,0.7138671875,0.99609375,2.87744140625,0.88330078125,0.7822265625,0.9267578125
2841,1.03369140625,0.8676757812500001,2.5927734375,0.86669921875,0.7666015625,0.90283203125
2842,0.935546875,1.07958984375,2.72119140625,1.14892578125,0.90185546875,0.9052734375000001
2843,0.9580078125,1.29736328125,2.7197265625,1.02880859375,0.654296875,1.046875
2844,0.99951171875,0.7880859375,2.4560546875,0.8837890625,0.8076171875,1.3251953125
2845,1.00634765625,0.6293945312500001,2.650390625,0.75537109375,0.7109375,0.947265625
2846,1.1611328125,0.6811523437500001,2.8076171875,0.73681640625,0.98046875,0.91552734375
2847,1.1376953125,0.70947265625,2.673828125,0.6425781250000001,0.7172851562500001,1.0341796875
2848,0.8798828125,0.89892578125,2.2724609375,0.7998046875,1.42041015625,0.74169921875
2849,0.96484375,0.9453125,2.19482421875,0.7250976562500001,1.291015625,0.912109375
2850,0.7026367187500001,1.23388671875,2.42236328125,0.99755859375,1.32861328125,0.814453125
2851,0.7958984375,1.0712890625,2.49072265625,0.8740234375,1.03857421875,0.84033203125
2852,1.13037109375,0.90625,2.8173828125,0.89697265625,0.71728515625,1.08447265625
2853,1.4208984375,0.8759765625000001,2.802734375,0.8051757812500001,0.5913085937500001,1.12158203125
2854,0.66357421875,1.16162109375,2.6103515625,1.0419921875,1.01318359375,0.8974609375
2855,0.74560546875,1.01953125,2.6875,1.1552734375,0.81787109375,0.8017578125000001
2856,0.82861328125,0.95654296875,2.669921875,1.1806640625,1.0703125,0.94775390625
2857,0.9814453125,0.94580078125,2.75146484375,1.10595703125,1.1396484375,0.88720703125
2858,0.96728515625,1.11865234375,3.001953125,0.744140625,1.16064453125,0.85888671875
2859,1.123046875,0.95263671875,2.71435546875,0.65625,1.072265625,0.9501953125
2860,1.07373046875,1.3779296875,2.6162109375,1.041015625,1.02001953125,1.279296875
2861,1.16455078125,1.21484375,2.71533203125,1.09423828125,0.64990234375,1.21630859375
2862,0.7397460937500002,0.80517578125,2.6103515625,1.21630859375,1.2275390625,0.9267578125
2863,1.1787109375,0.7578125,2.57373046875,0.93408203125,1.2607421875,1.138671875
2864,0.74853515625,0.84326171875,2.75634765625,0.8330078125,0.9345703125,0.45947265625
2865,0.8837890625,0.8759765625,2.50390625,0.79052734375,0.7441406250000001,0.673828125
2866,1.0205078125,0.900390625,2.60107421875,0.94091796875,1.1083984375,1.00146484375
2867,1.10791015625,0.84130859375,2.50537109375,0.8583984375,1.291015625,0.98876953125
2868,0.77197265625,0.9345703125,2.72412109375,0.970703125,0.9091796875000001,0.7739257812500001
2869,0.91845703125,0.7958984375,2.61865234375,0.873046875,0.865234375,0.99853515625
2870,0.71826171875,1.00341796875,2.76123046875,0.94970703125,1.212890625,1.12353515625
2871,0.85400390625,0.814453125,2.81884765625,0.75341796875,1.0830078125,1.1650390625
2872,0.9375000000000001,0.8823242187500001,2.74169921875,0.6181640625,1.26611328125,0.65380859375
2873,1.25732421875,0.8427734375,2.521484375,0.4780273437500001,1.00830078125,0.92138671875
2874,0.6357421875,1.01171875,2.8076171875,0.87841796875,1.22216796875,0.91748046875
2875,0.90380859375,0.95458984375,2.5322265625,1.00390625,1.0693359375,0.84033203125
2876,0.8295898437500001,0.89013671875,2.70947265625,0.7255859375,1.0341796875,0.7314453125000001
2877,0.966796875,0.7861328125,2.75537109375,0.61865234375,0.98388671875,0.98046875
2878,0.83642578125,0.82080078125,2.61083984375,0.91552734375,1.2783203125,0.94921875
2879,0.939453125,0.6782226562500001,2.5908203125,1.068359375,1.0966796875,0.94189453125
2880,1.18798828125,0.97802734375,2.35302734375,1.025390625,1.478515625,0.88671875
2881,1.3330078125,0.873046875,2.236328125,1.0400390625,1.224609375,1.15283203125
2882,0.84716796875,0.697265625,2.77392578125,1.0791015625,0.87255859375,1.0888671875
2883,0.6342773437500001,0.908203125,2.70166015625,1.1015625,0.62451171875,1.08251953125
2884,0.6889648437500001,1.09521484375,2.7294921875,0.86669921875,1.216796875,0.85302734375
2885,0.88916015625,1.021484375,2.52783203125,0.83154296875,1.0908203125,0.8925781250000001
2886,1.296875,0.7294921875,2.45703125,1.2109375,0.93310546875,0.81005859375
2887,1.15966796875,0.705078125,2.3173828125,1.04345703125,0.70849609375,0.7470703125000002
2888,0.8720703125000001,0.5615234375,2.7314453125,0.9736328125,1.01416015625,0.9052734375000001
2889,0.87548828125,0.58544921875,2.6884765625,0.79296875,0.73291015625,1.04052734375
2890,1.50244140625,1.08837890625,2.67578125,0.6708984375000001,1.2548828125,0.6088867187500001
2891,1.19287109375,1.02099609375,2.759765625,0.66796875,1.22509765625,0.6767578125
2892,0.6376953125,0.92431640625,2.86474609375,1.08837890625,0.8271484375000001,0.97314453125
2893,0.734375,0.9047851562500001,2.806640625,0.91796875,0.69091796875,1.0478515625
2894,0.8984375,0.8671875,2.65625,1.13671875,1.0400390625,0.751953125
2895,1.1787109375,0.96728515625,2.5888671875,1.076171875,1.318359375,0.6865234375
2896,0.8725585937500001,0.6577148437500001,2.5126953125,1.2626953125,0.75537109375,0.7578125000000001
2897,1.048828125,0.634765625,2.54736328125,1.00732421875,0.7412109375,0.85888671875
2898,0.759765625,1.1572265625,2.54248046875,0.6298828125,1.04443359375,0.755859375
2899,0.91015625,1.2109375,2.37841796875,0.43896484375,0.97021484375,1.025390625
2900,0.7309570312500001,1.02197265625,2.7548828125,0.8974609375,0.919921875,0.76708984375
2901,0.97119140625,0.935546875,2.42138671875,0.7592773437500001,0.88232421875,1.0458984375
2902,1.00146484375,0.8872070312500001,2.64306640625,0.71923828125,1.41162109375,0.99755859375
2903,1.5439453125,0.88623046875,2.50537109375,0.7280273437500001,1.15625,0.89013671875
2904,0.86083984375,0.9150390625,2.74072265625,0.9609375,1.38818359375,1.02587890625
2905,1.14111328125,0.8857421875,2.50244140625,0.82421875,0.8598632812500001,1.24951171875
2906,0.93603515625,1.322265625,3.0341796875,1.09228515625,0.7802734375,1.06689453125
2907,1.1162109375,1.17138671875,2.93115234375,0.93505859375,0.8623046875,0.99609375
2908,0.60888671875,1.18115234375,2.978515625,0.65087890625,0.93896484375,1.28564453125
2909,0.78515625,1.423828125,2.7275390625,0.54931640625,0.9301757812500001,1.22412109375
2910,0.947265625,0.76708984375,2.45654296875,1.03173828125,0.6850585937500001,0.8798828125
2911,1.10400390625,0.6396484375000001,2.2685546875,0.90478515625,0.77392578125,1.0107421875
2912,0.7890625000000001,1.2138671875,2.68798828125,1.00390625,0.8872070312500001,0.72216796875
2913,1.0537109375,1.076171875,2.6962890625,0.84326171875,0.95263671875,0.77587890625
2914,0.78515625,1.01953125,2.662109375,0.525390625,1.24169921875,1.1318359375
2915,0.978515625,0.80810546875,2.58984375,0.4892578125,1.12890625,1.23974609375
2916,0.65625,0.94580078125,2.685546875,0.9296875,1.33056640625,0.99462890625
2917,0.97802734375,1.0107421875,2.58203125,1.033203125,1.1552734375,0.99609375
2918,1.216796875,0.70263671875,2.578125,1.02685546875,1.02587890625,1.1103515625
2919,1.19921875,0.7001953125,2.49267578125,0.85498046875,0.7626953125,0.921875
2920,0.861328125,0.7421875000000001,2.28955078125,0.6752929687500001,1.0556640625,0.90185546875
2921,0.9033203125,0.73779296875,2.26904296875,0.6220703125000001,1.04150390625,0.806640625
2922,1.2744140625,0.7661132812500001,2.994140625,1.17333984375,1.05810546875,0.8359375000000001
2923,1.37255859375,0.9833984375,2.9287109375,1.01953125,0.8837890625,0.93017578125
2924,0.9526367187500001,0.95654296875,2.59375,0.9853515625,0.89990234375,0.92724609375
2925,1.396484375,0.86083984375,2.482421875,0.68505859375,1.0537109375,1.00830078125
2926,1.1416015625,1.14990234375,2.75341796875,0.8681640625,0.681640625,0.72412109375
2927,1.28662109375,1.1708984375,2.59326171875,1.07080078125,0.84765625,0.89990234375
2928,0.6870117187500001,0.7802734375,2.5673828125,1.1884765625,1.18701171875,0.73193359375
2929,0.97900390625,0.875,2.34033203125,1.109375,1.19482421875,0.83740234375
2930,0.99462890625,1.0859375,2.9462890625,0.9453125000000001,0.72412109375,0.5893554687500001
2931,1.29248046875,1.0556640625,2.98046875,1.0869140625,0.62548828125,0.73876953125
2932,0.5659179687500002,0.88671875,2.6494140625,0.9287109375,0.9228515625,1.14501953125
2933,0.77587890625,1.0517578125,2.39404296875,0.84326171875,0.79541015625,0.9951171875
2934,0.91064453125,0.568359375,2.7216796875,1.1494140625,0.80517578125,0.90478515625
2935,0.95263671875,0.580078125,2.67431640625,1.0986328125,0.70556640625,1.1123046875
2936,0.88232421875,1.06689453125,2.60107421875,0.9853515625,1.02734375,0.86083984375
2937,0.8466796875000001,1.0166015625,2.7763671875,0.77587890625,1.26025390625,0.92822265625
2938,1.00537109375,1.091796875,2.88037109375,1.04052734375,1.1455078125,1.33447265625
2939,1.07177734375,0.9765625,2.47021484375,0.9619140625000001,1.00830078125,1.50732421875
2940,0.69091796875,1.0087890625,2.3837890625,0.5722656250000001,0.59033203125,1.275390625
2941,0.9052734375,1.08251953125,2.26611328125,0.6591796875,0.53466796875,1.3203125
2942,0.7451171875,1.06640625,2.45361328125,0.57373046875,0.9169921875,1.044921875
2943,0.802734375,1.10498046875,2.33349609375,0.65625,0.9980468750000001,0.9736328125
2944,0.95166015625,0.91943359375,2.6044921875,0.9658203125,1.04150390625,0.9765625
2945,1.326171875,0.7348632812500001,2.51953125,1.0439453125,0.6787109375000001,1.17138671875
2946,1.10546875,0.65087890625,2.7880859375,1.09033203125,0.9658203125,1.16259765625
2947,1.36181640625,0.5888671875,2.64111328125,1.2314453125,0.779296875,1.19384765625
2948,0.8095703125000001,0.916015625,2.46875,0.86279296875,0.7500000000000001,0.6943359375
2949,0.86572265625,0.9638671875,2.4765625,0.7353515625,0.7509765625,0.72802734375
2950,0.97705078125,1.33203125,2.37890625,0.9150390625,1.2685546875,0.77392578125
2951,0.86328125,1.12939453125,2.2919921875,0.71484375,1.03857421875,0.919921875
2952,0.5478515625,1.05224609375,2.5263671875,0.6225585937500001,0.92724609375,0.60302734375
2953,0.5458984375000001,1.0654296875,2.5380859375,0.837890625,0.93310546875,0.759765625
2954,0.6767578125,1.43603515625,2.884765625,1.119140625,1.240234375,0.7968750000000001
2955,0.6201171875000001,1.27392578125,2.8837890625,0.984375,1.1025390625,0.86083984375
2956,0.7319335937500001,0.79638671875,2.544921875,0.962890625,0.96484375,0.80224609375
2957,1.080078125,0.8349609375,2.439453125,1.0048828125,0.765625,0.9609375
2958,0.515625,0.59814453125,2.6865234375,0.7568359375,0.89697265625,1.0185546875
2959,0.5302734375,0.6044921875,2.6005859375,0.70556640625,0.90087890625,1.1357421875
2960,0.72119140625,1.44189453125,2.88525390625,0.8120117187500001,1.13134765625,1.01416015625
2961,0.89208984375,1.30322265625,2.580078125,0.8515625,1.10693359375,1.06982421875
2962,0.86962890625,0.8818359375,2.97802734375,1.03125,1.0712890625,1.0751953125
2963,0.8330078125,0.974609375,2.8466796875,0.767578125,1.001953125,1.23291015625
2964,0.7666015625000001,1.080078125,2.92138671875,0.8408203125000001,1.06103515625,1.1435546875
2965,0.96044921875,0.93359375,2.43603515625,0.7597656250000001,0.6806640625000001,1.31591796875
2966,0.65673828125,0.9375000000000001,2.4521484375,1.30810546875,1.1884765625,0.6640625
2967,0.9677734375,1.083984375,2.42041015625,1.20556640625,1.1142578125,0.822265625
2968,0.8535156250000001,1.056640625,2.7275390625,1.00732421875,1.25537109375,0.85546875
2969,1.07568359375,0.86669921875,2.6171875,0.8706054687500001,0.91845703125,1.01171875
2970,0.92626953125,1.0986328125,2.775390625,0.9086914062500001,1.07177734375,0.66455078125
2971,1.173828125,0.92041015625,2.6796875,1.05078125,0.81298828125,0.7817382812500001
2972,1.04345703125,0.9716796875,2.7275390625,0.6914062500000001,1.07763671875,1.02197265625
2973,1.19775390625,1.0654296875,2.49755859375,0.6123046875,0.767578125,0.9614257812500001
2974,0.7021484375000001,1.23828125,2.74072265625,1.0966796875,1.1787109375,0.99072265625
2975,0.78125,1.15771484375,2.63330078125,1.05517578125,1.07421875,1.279296875
2976,0.92529296875,1.14208984375,2.80322265625,0.98681640625,1.03857421875,0.6977539062500002
2977,1.16796875,1.24365234375,2.68701171875,0.83935546875,0.96337890625,0.8671875
2978,0.88037109375,0.9174804687500001,2.6357421875,1.0322265625,1.19140625,0.609375
2979,0.9423828125,0.8193359375,2.53515625,1.017578125,0.97216796875,0.8378906250000001
2980,0.83251953125,0.8974609375,2.86279296875,0.85400390625,1.32177734375,0.95263671875
2981,0.89892578125,0.6533203125,2.86767578125,0.6455078125000002,0.8505859375000001,0.7949218750000001
2982,0.869140625,0.94384765625,2.7978515625,1.0341796875,0.73876953125,1.3359375
2983,1.0869140625,1.01220703125,2.52197265625,0.89306640625,0.591796875,1.17529296875
2984,0.74365234375,0.74267578125,2.70458984375,0.94189453125,1.07861328125,1.03466796875
2985,1.0556640625,0.7255859375,2.7607421875,0.96337890625,1.0087890625,1.08740234375
2986,0.63037109375,0.81689453125,2.5390625,0.9482421875,0.77880859375,1.04150390625
2987,0.6669921875000001,0.79345703125,2.38720703125,0.9404296875,0.6523437500000001,1.1298828125
2988,0.5947265625,0.935546875,3.03662109375,0.87451171875,1.00146484375,0.95556640625
2989,0.62158203125,0.87451171875,2.80615234375,0.9140625,0.82763671875,1.080078125
2990,0.8325195312500001,0.998046875,2.88916015625,0.6826171875000001,1.1279296875,0.724609375
2991,0.96337890625,0.9482421875,2.7783203125,0.66650390625,1.2626953125,0.849609375
2992,0.91650390625,1.09912109375,2.8701171875,1.0068359375,1.138671875,0.91455078125
2993,1.15673828125,1.03759765625,2.5888671875,0.826171875,1.07177734375,1.07666015625
2994,0.875,0.70361328125,2.61865234375,0.5859375,1.14306640625,0.986328125
2995,0.8740234375,0.82470703125,2.54052734375,0.4663085937500001,0.81396484375,1.0390625
2996,0.8779296875,1.0234375,2.68994140625,0.9443359375,1.10986328125,1.2373046875
2997,0.88671875,1.0380859375,2.673828125,0.8623046875,1.01318359375,1.43798828125
2998,0.86669921875,0.9541015625,2.61279296875,1.14990234375,0.94921875,0.8642578125
2999,0.92822265625,0.8627929687500001,2.6533203125,0.83447265625,0.8212890625000001,1.05419921875
3000,0.7812500000000002,1.0224609375,2.611328125,0.80322265625,1.07080078125,1.04296875
3001,0.94873046875,1.189453125,2.435546875,0.68701171875,0.8735351562500001,0.92578125
3002,1.03125,1.2041015625,3.1376953125,0.671875,1.3447265625,0.955078125
3003,1.04345703125,1.15380859375,2.8291015625,0.6118164062500001,1.03466796875,0.96337890625
3004,1.01904296875,1.21240234375,2.8271484375,0.90869140625,0.7470703125,0.8681640625000001
3005,0.94384765625,1.19970703125,2.50927734375,0.7836914062500001,0.8178710937500001,1.03564453125
3006,1.00390625,0.947265625,2.46728515625,0.92236328125,1.3603515625,0.65185546875
3007,1.09912109375,0.7822265625000001,2.21044921875,0.8720703125,1.0224609375,0.8798828125
3008,0.5649414062500001,1.0703125,3.0322265625,0.86181640625,0.908203125,0.59228515625
3009,0.7841796875,1.1328125,2.791015625,0.7861328125000001,0.7573242187500001,0.92333984375
3010,0.92626953125,1.0693359375,2.7509765625,1.1162109375,1.17431640625,1.02001953125
3011,0.91650390625,0.94287109375,2.71142578125,1.361328125,1.103515625,1.0791015625
3012,0.80126953125,0.74658203125,2.64892578125,0.71484375,0.9301757812500001,0.81591796875
3013,0.79541015625,0.67529296875,2.6240234375,0.63916015625,0.716796875,0.98974609375
3014,0.4970703125,1.13916015625,2.56640625,0.9658203125,0.8862304687500001,0.9384765625
3015,0.935546875,1.1005859375,2.54248046875,1.19140625,0.8095703125000001,1.01904296875
3016,0.8032226562500001,1.06494140625,2.65380859375,0.7939453125,1.4365234375,1.263671875
3017,0.79931640625,1.1044921875,2.3837890625,0.93212890625,0.8740234375,1.45947265625
3018,0.8916015625,1.05419921875,2.82080078125,0.701171875,1.44970703125,0.91064453125
3019,1.005859375,0.87841796875,2.68310546875,0.68603515625,1.0673828125,1.0869140625
3020,0.6796875,0.93896484375,2.49072265625,1.32666015625,1.17626953125,0.93017578125
3021,0.9833984375000001,0.8652343750000001,2.296875,1.0947265625,0.92236328125,0.8818359375
3022,0.97509765625,1.2275390625,2.76416015625,0.9228515625,1.1572265625,0.9687500000000001
3023,1.0439453125,1.63671875,2.60595703125,0.6416015625,0.94580078125,0.95068359375
3024,0.96728515625,1.2158203125,2.8212890625,1.01025390625,1.27978515625,1.04736328125
3025,1.123046875,1.427734375,2.55078125,0.98486328125,0.94482421875,1.1240234375
3026,0.9931640625,1.0693359375,3.02734375,1.00927734375,1.3740234375,1.06298828125
3027,1.193359375,1.099609375,2.99072265625,0.99169921875,1.1748046875,1.1279296875
3028,0.84912109375,0.88330078125,2.60205078125,0.8076171875000001,0.63525390625,1.14599609375
3029,0.72705078125,1.1435546875,2.49267578125,0.56689453125,0.7182617187500001,0.96435546875
3030,0.7197265625,1.14501953125,2.62939453125,0.8359375,1.30126953125,0.71435546875
3031,0.8183593750000001,0.9306640625,2.42431640625,0.9375,1.06982421875,0.77978515625
3032,0.705078125,1.20654296875,2.8623046875,1.0283203125,0.9775390625,0.81201171875
3033,0.97998046875,0.97314453125,2.6982421875,0.8759765625,0.76806640625,0.845703125
3034,0.82373046875,0.8466796875000001,2.5556640625,0.6845703125,1.1103515625,0.7548828125
3035,1.15283203125,0.89501953125,2.48388671875,0.75439453125,0.8505859375,0.8310546875
3036,1.29345703125,1.01416015625,2.84716796875,0.6782226562500001,1.275390625,1.0107421875
3037,1.572265625,1.109375,2.76611328125,0.6420898437500001,1.11181640625,1.078125
3038,1.06787109375,1.20263671875,2.6240234375,1.27392578125,0.8603515625,1.35302734375
3039,1.2822265625,1.01123046875,2.72802734375,0.96484375,1.0205078125,1.1279296875
3040,0.94873046875,0.61376953125,2.8427734375,0.99853515625,0.92724609375,0.87744140625
3041,0.99462890625,0.6552734375,2.74169921875,1.09814453125,1.1171875,0.814453125
3042,0.84033203125,1.0849609375,2.513671875,1.11474609375,0.7275390625000001,0.7939453125
3043,0.8525390625,1.0830078125,2.41845703125,0.9697265625,0.67626953125,0.7880859375
3044,0.74755859375,1.064453125,2.84716796875,1.10595703125,0.92333984375,1.10986328125
3045,0.9736328125,1.0498046875,2.66259765625,0.9638671875000001,1.22265625,1.07958984375
3046,0.6567382812500001,0.70947265625,2.76318359375,0.642578125,1.0224609375,1.09765625
3047,0.82177734375,0.7114257812500001,2.59033203125,0.58642578125,0.86572265625,0.90234375
3048,1.2353515625,0.90966796875,2.8173828125,0.8544921875,1.126953125,0.908203125
3049,1.255859375,0.8828125,2.79150390625,0.88525390625,0.8769531250000001,0.95361328125
3050,0.7773437500000001,0.90283203125,2.6669921875,0.7939453125,1.0439453125,0.7753906250000001
3051,0.77099609375,0.7763671875000001,2.43310546875,0.8129882812500001,0.736328125,0.84130859375
3052,1.07421875,1.076171875,2.615234375,1.12353515625,1.06640625,0.93212890625
3053,0.9775390625,1.0634765625,2.5556640625,0.8662109375,0.9775390625,0.9169921875
3054,1.04345703125,0.994140625,2.76220703125,0.92578125,0.87744140625,0.85302734375
3055,1.03173828125,1.04443359375,2.5322265625,0.7890625000000002,0.82080078125,1.095703125
3056,0.833984375,1.26318359375,2.5537109375,0.8310546875000001,1.15380859375,0.7607421875
3057,0.97265625,1.13427734375,2.48876953125,0.8330078125,1.15771484375,0.92626953125
3058,0.8125000000000001,1.07080078125,2.7861328125,0.8349609375,0.8154296875,0.947265625
3059,0.669921875,1.07275390625,2.8671875,0.87109375,0.560546875,1.00732421875
3060,0.54736328125,0.9873046875,2.7314453125,0.73828125,1.1884765625,1.16259765625
3061,0.54638671875,0.91748046875,2.72119140625,0.7822265625,0.9384765625,1.07421875
3062,1.07275390625,0.998046875,2.701171875,1.1240234375,1.20703125,0.7788085937500001
3063,0.8916015625000001,0.921875,2.58642578125,0.796875,1.20947265625,0.841796875
3064,0.8447265625,1.15869140625,2.4130859375,0.875,0.634765625,1.02978515625
3065,0.95458984375,1.212890625,2.3681640625,0.8037109375,0.67919921875,1.21044921875
3066,0.63720703125,1.0537109375,2.59912109375,0.6728515625,0.7963867187500001,0.875
3067,0.91650390625,1.14990234375,2.451171875,0.8095703125,0.99365234375,0.935546875
3068,1.16943359375,0.91259765625,2.46728515625,0.8168945312500001,1.2490234375,1.05126953125
3069,1.1103515625,0.95166015625,2.58251953125,0.88232421875,1.09326171875,1.04150390625
3070,0.80908203125,1.06787109375,2.7294921875,0.68896484375,0.87548828125,0.8149414062500001
3071,1.013671875,1.130859375,2.66748046875,0.55322265625,0.6787109375000001,0.86962890625
3072,0.7412109375,1.1552734375,2.44970703125,0.95654296875,1.04541015625,0.8779296875
3073,1.0078125,0.97412109375,2.3203125,0.94384765625,0.9296875,0.97265625
3074,0.9511718750000001,0.8627929687500001,2.81982421875,1.025390625,0.94775390625,1.02099609375
3075,1.26806640625,0.76171875,2.68896484375,0.7246093750000002,0.6918945312500001,1.12158203125
3076,0.7412109375000001,0.6660156250000001,2.81005859375,0.88232421875,1.2158203125,0.95458984375
3077,0.9384765625,0.70654296875,2.70166015625,0.83837890625,1.06298828125,1.0791015625
3078,1.1083984375,0.97119140625,2.80029296875,1.06787109375,0.54736328125,0.6787109375
3079,1.31640625,0.98828125,2.57373046875,0.82568359375,0.5341796875,0.8564453125
3080,0.89892578125,1.35107421875,2.49072265625,1.14013671875,0.8544921875,0.8486328125
3081,1.06005859375,1.1572265625,2.3427734375,0.9677734375000001,0.8452148437500001,0.8139648437500001
3082,1.0517578125,1.1123046875,2.84375,0.8081054687500001,1.1171875,0.92333984375
3083,0.91455078125,1.0478515625,2.736328125,0.8916015625,0.95068359375,0.888671875
3084,0.48974609375,1.01025390625,2.44677734375,0.86083984375,0.9287109375,0.83984375
3085,0.5576171875,0.9521484375,2.38623046875,0.78955078125,1.009765625,1.03564453125
3086,0.42822265625,1.31640625,2.400390625,1.04736328125,0.91455078125,1.2158203125
3087,0.6201171875,1.17236328125,2.53076171875,0.892578125,0.78369140625,1.24560546875
3088,0.939453125,0.77783203125,2.63232421875,0.93115234375,0.98388671875,0.70361328125
3089,0.9658203125,0.80224609375,2.4501953125,0.7055664062500001,0.822265625,0.88916015625
3090,0.8481445312500001,0.79541015625,2.76025390625,0.9482421875,0.91259765625,0.8974609375
3091,1.08056640625,0.83740234375,2.53662109375,0.79296875,0.58642578125,1.2197265625
3092,0.88916015625,1.140625,3.0068359375,0.83154296875,1.20556640625,0.8544921875
3093,1.0546875,1.03271484375,2.9296875,0.724609375,1.00732421875,0.8212890625
3094,0.77294921875,0.86474609375,2.58544921875,0.96875,1.24169921875,0.86572265625
3095,0.97509765625,0.84375,2.7392578125,0.7626953125,1.0107421875,1.16748046875
3096,0.63671875,1.05810546875,2.87939453125,1.080078125,0.93701171875,1.0087890625
3097,0.7285156250000001,1.05517578125,2.69140625,0.7138671875,0.76611328125,1.09130859375
3098,1.0380859375,0.77783203125,2.59228515625,0.94287109375,1.0478515625,1.03125
3099,0.91064453125,0.77587890625,2.544921875,0.89697265625,0.916015625,1.0703125
3100,0.87646484375,1.18115234375,2.525390625,0.7138671875,1.15625,1.0791015625
3101,1.2509765625,0.9462890625,2.52197265625,0.654296875,0.9375,1.18017578125
3102,0.6796875,0.87841796875,2.7958984375,0.9208984375,0.572265625,0.97265625
3103,0.8427734375,0.8608398437500001,2.50244140625,0.87158203125,0.4912109375,0.8720703125
3104,0.9599609375,0.9462890625,3.00830078125,0.85595703125,0.8872070312500001,0.9951171875000001
3105,0.95947265625,0.8481445312500001,2.80126953125,0.7954101562500001,0.88916015625,1.02197265625
3106,0.65966796875,1.20166015625,2.6318359375,0.943359375,0.91064453125,0.9741210937500001
3107,0.6865234375,1.1494140625,2.6904296875,0.95458984375,0.93017578125,0.99951171875
3108,0.7919921875,1.03466796875,2.8447265625,1.06103515625,1.0625,0.75048828125
3109,1.076171875,1.1708984375,2.6767578125,0.95654296875,0.90087890625,0.88134765625
3110,1.0302734375,1.1396484375,2.65576171875,1.08544921875,1.388671875,1.1123046875
3111,1.05712890625,0.984375,2.4755859375,1.00390625,1.3291015625,1.03369140625
3112,0.5214843750000001,1.12109375,2.72216796875,0.76025390625,1.28857421875,1.3203125
3113,0.82421875,0.9921875,2.6611328125,0.671875,1.05810546875,1.13818359375
3114,1.0380859375,1.18896484375,2.69873046875,1.0439453125,1.052734375,1.01513671875
3115,1.2470703125,1.09814453125,2.6025390625,0.94091796875,1.0986328125,0.94140625
3116,0.7290039062500002,0.80859375,2.93603515625,1.291015625,0.95263671875,0.41748046875
3117,0.912109375,0.8603515625000001,2.76220703125,1.17431640625,1.03955078125,0.58642578125
3118,0.92724609375,0.822265625,2.90283203125,0.8432617187500001,1.17626953125,1.08544921875
3119,0.9716796875,0.6181640625000001,2.8369140625,0.8701171875,0.9458007812500001,1.30810546875
3120,0.75,1.35888671875,2.5361328125,1.18994140625,0.640625,0.8662109375
3121,0.8535156250000001,1.3642578125,2.388671875,0.958984375,0.576171875,0.8662109375
3122,0.82373046875,1.11962890625,2.70166015625,1.076171875,1.2255859375,0.931640625
3123,0.83984375,1.16552734375,2.6630859375,0.95361328125,1.23095703125,1.36865234375
3124,0.6904296875000001,1.4345703125,3.00439453125,0.9140625,1.0654296875,1.04638671875
3125,0.77880859375,1.36767578125,2.80712890625,0.70751953125,1.11767578125,1.24755859375
3126,0.73291015625,1.35302734375,2.607421875,1.08740234375,0.8623046875,0.80908203125
3127,0.85546875,1.384765625,2.4423828125,1.0380859375,0.736328125,1.14208984375
3128,0.9697265625,0.7792968750000001,2.43701171875,0.7817382812500001,1.22802734375,0.900390625
3129,1.0009765625,0.87158203125,2.28662109375,0.6640625,0.9755859375,0.88525390625
3130,0.953125,1.01953125,2.38427734375,1.0234375,0.89453125,0.5830078125
3131,1.16552734375,1.3271484375,2.40625,0.8037109375,0.7812500000000001,0.7978515625000001
3132,0.8242187500000001,0.935546875,2.67041015625,1.07958984375,1.02587890625,0.7939453125
3133,0.7421875,0.99609375,2.43017578125,0.95361328125,0.9736328125,0.87890625
3134,0.7075195312500002,1.13134765625,2.67431640625,0.97607421875,1.05615234375,1.04541015625
3135,1.033203125,1.1904296875,2.82275390625,0.8466796875,1.00146484375,1.0556640625
3136,0.98779296875,0.76904296875,2.78857421875,0.76318359375,1.373046875,1.0458984375
3137,0.9384765625000001,0.734375,2.685546875,0.7285156250000001,1.2197265625,1.0908203125
3138,0.5971679687500001,0.8427734375000001,2.59228515625,0.7192382812500001,0.6704101562500001,0.93603515625
3139,0.734375,0.79345703125,2.42724609375,0.70947265625,0.6064453125,0.93896484375
3140,0.98193359375,1.0703125,2.9365234375,0.9931640625,0.8203125,0.86962890625
3141,1.16845703125,0.95458984375,2.7353515625,0.7641601562500001,0.6738281250000001,0.89892578125
3142,0.951171875,0.947265625,2.7021484375,1.16357421875,1.19970703125,0.6640625
3143,0.98779296875,0.84375,2.5693359375,0.8598632812500001,0.7490234375,0.7426757812500001
3144,0.978515625,0.7373046875,2.84033203125,0.748046875,1.3525390625,0.810546875
3145,0.99951171875,0.7392578125,2.84033203125,0.8701171875000001,1.17529296875,0.8300781250000001
3146,0.8046875,0.95166015625,2.65966796875,1.24951171875,0.96826171875,0.43359375
3147,1.00634765625,0.88525390625,2.61865234375,1.3310546875,0.99755859375,0.58447265625
3148,0.7929687500000001,1.08544921875,2.5908203125,0.6787109375,1.06787109375,0.8125
3149,0.9033203125,1.06982421875,2.6015625,0.72216796875,1.0087890625,0.93994140625
3150,0.73583984375,1.0341796875,2.68603515625,0.99609375,1.267578125,0.9765625
3151,1.06591796875,1.1103515625,2.51904296875,0.85498046875,1.0380859375,0.7705078125000001
3152,0.96923828125,1.09326171875,2.7734375,0.908203125,1.28955078125,1.107421875
3153,1.02734375,1.0693359375,2.73876953125,1.0703125,0.6933593750000002,1.09765625
3154,0.8984375,1.02734375,2.830078125,1.0537109375,0.59423828125,0.77685546875
3155,0.9833984375,1.0634765625,2.80126953125,0.9516601562500001,0.55322265625,0.9453125
3156,1.080078125,1.380859375,2.587890625,0.8681640625,1.28076171875,1.3330078125
3157,1.0029296875,1.14453125,2.3486328125,0.8505859375000001,1.18896484375,1.1142578125
3158,0.55029296875,0.7880859375,2.8505859375,0.95556640625,1.2861328125,0.69384765625
3159,0.802734375,0.859375,2.7421875,0.89453125,0.8974609375,0.99658203125
3160,0.72119140625,1.40234375,2.7421875,1.16650390625,0.9033203125,0.89599609375
3161,0.8896484375,1.10302734375,2.49462890625,1.18798828125,0.80126953125,0.7426757812500001
3162,0.97021484375,0.61474609375,2.7607421875,0.71533203125,0.8872070312500001,0.9609375
3163,0.91845703125,0.66845703125,2.54443359375,0.70703125,0.9208984375,1.10107421875
3164,0.9238281250000001,1.04736328125,2.70751953125,0.97119140625,1.033203125,0.9150390625
3165,0.95166015625,1.11376953125,2.56201171875,1.04541015625,0.90625,0.93603515625
3166,0.80078125,0.88427734375,2.4658203125,1.05078125,0.8740234375,0.81005859375
3167,0.939453125,1.0537109375,2.33203125,0.8789062500000001,0.94580078125,0.919921875
3168,1.0556640625,0.99560546875,2.70556640625,0.98828125,0.91357421875,0.93701171875
3169,1.20361328125,0.82568359375,2.61376953125,1.07470703125,0.814453125,0.9326171875
3170,0.751953125,1.09326171875,3.0224609375,0.99609375,0.96533203125,0.93017578125
3171,1.0009765625,1.10107421875,2.5849609375,0.9707031250000001,0.63916015625,1.12744140625
3172,1.166015625,0.7465820312500001,2.72021484375,0.92236328125,1.0927734375,0.69091796875
3173,1.12548828125,0.70751953125,2.53955078125,0.75146484375,0.916015625,0.8251953125
3174,0.6191406250000001,0.73974609375,2.60107421875,0.88232421875,0.904296875,0.7299804687500001
3175,1.00830078125,0.8056640625000001,2.54052734375,0.9599609375,0.62255859375,0.962890625
3176,0.6542968750000001,0.8339843750000001,2.74365234375,0.91455078125,1.189453125,0.4384765625
3177,0.8447265625,0.91455078125,2.85791015625,0.66259765625,0.84423828125,0.6962890625
3178,1.16552734375,0.673828125,2.6103515625,1.0615234375,0.91015625,0.6083984375
3179,1.16162109375,0.74169921875,2.62939453125,0.8593750000000001,0.84130859375,0.88427734375
3180,0.92041015625,1.0048828125,2.8623046875,0.94287109375,0.89306640625,0.95458984375
3181,1.04052734375,1.037109375,2.56494140625,0.9125976562500001,0.73388671875,1.02734375
3182,0.86669921875,1.06103515625,2.48974609375,1.0654296875,0.94921875,1.00341796875
3183,1.14599609375,0.98583984375,2.44580078125,0.904296875,0.7500000000000001,1.05322265625
3184,1.080078125,0.75439453125,2.42138671875,1.0771484375,1.39599609375,0.6689453125
3185,0.916015625,0.7592773437500001,2.392578125,1.08154296875,1.251953125,0.8603515625
3186,1.240234375,0.55029296875,2.6845703125,1.02783203125,0.9482421875,0.9375000000000001
3187,1.20947265625,0.63671875,2.5380859375,0.9228515625,1.064453125,1.22119140625
3188,1.1787109375,1.16162109375,2.8427734375,0.6274414062500001,0.9731445312500001,1.16259765625
3189,1.19873046875,1.13232421875,2.8349609375,0.5029296875000001,1.02001953125,1.076171875
3190,0.53271484375,0.81103515625,2.8359375,0.8720703125,1.13623046875,1.01708984375
3191,0.69970703125,0.91943359375,2.8798828125,0.75341796875,0.9101562500000001,1.10888671875
3192,0.70703125,1.08203125,2.72509765625,1.23193359375,1.18701171875,0.64697265625
3193,0.6923828125,0.9995117187500001,2.46630859375,1.11669921875,1.0595703125,0.70849609375
3194,0.7246093750000001,1.05712890625,2.92236328125,0.4482421875,0.873046875,1.0712890625
3195,0.79052734375,1.02197265625,3.03955078125,0.52685546875,0.8046875,1.19775390625
3196,1.05419921875,0.9306640625,2.47509765625,0.7441406250000001,1.06396484375,1.0517578125
3197,1.154296875,0.9765625,2.4345703125,0.689453125,0.8564453125,1.056640625
3198,0.81103515625,0.94140625,2.59375,1.2158203125,1.00927734375,0.91455078125
3199,1.02490234375,0.88232421875,2.54833984375,1.14599609375,1.388671875,1.1748046875
3200,0.6586914062500001,1.13720703125,2.646484375,0.7919921875000001,1.11376953125,0.8559570312500001
3201,0.8017578125,1.0361328125,2.46044921875,0.69921875,1.076171875,1.00732421875
3202,1.236328125,1.17822265625,2.50048828125,0.89404296875,0.91064453125,0.7109375
3203,1.14892578125,1.15380859375,2.458984375,0.66357421875,0.74365234375,0.759765625
3204,0.67529296875,1.23046875,2.78466796875,0.89453125,1.3828125,0.7729492187500001
3205,0.9643554687500001,1.15087890625,2.4462890625,0.70703125,0.99853515625,0.8740234375
3206,1.064453125,1.0380859375,2.87744140625,0.7583007812500001,0.712890625,0.86474609375
3207,1.01513671875,0.8974609375,2.744140625,0.7412109375,0.5673828125000001,1.03466796875
3208,0.783203125,1.08447265625,2.60595703125,0.81884765625,1.09765625,0.8115234375
3209,0.9560546875,1.2685546875,2.46826171875,0.7841796875,0.9833984375000001,0.8701171875000001
3210,0.98583984375,0.8149414062500001,2.5556640625,1.080078125,0.7861328125,0.87646484375
3211,1.14794921875,0.69677734375,2.5556640625,1.0341796875,0.640625,1.01318359375
3212,0.77294921875,0.89453125,2.60595703125,0.97314453125,0.7788085937500001,0.93994140625
3213,0.79052734375,0.71630859375,2.64501953125,0.88037109375,0.54833984375,0.97607421875
3214,0.9892578125,0.56689453125,2.626953125,0.84375,1.26513671875,0.92529296875
3215,1.14892578125,0.8203125,2.572265625,0.8032226562500001,1.20849609375,0.9541015625000001
3216,1.052734375,0.4887695312500002,2.865234375,1.28662109375,0.935546875,1.23583984375
3217,1.0029296875,0.60107421875,2.66796875,1.01611328125,1.02734375,1.29833984375
3218,0.9047851562500001,0.9697265625,2.919921875,0.6606445312500001,1.48583984375,0.7978515625
3219,1.2529296875,0.82861328125,2.865234375,0.70556640625,1.021484375,0.8090820312500001
3220,0.9194335937500001,1.25390625,2.544921875,1.00048828125,1.2744140625,0.9130859375
3221,1.09814453125,1.27197265625,2.60205078125,0.8974609375,1.0458984375,1.0595703125
3222,0.96728515625,0.92138671875,2.63330078125,0.54296875,0.8095703125,1.2109375
3223,1.12548828125,0.93359375,2.640625,0.4311523437500001,0.5913085937500002,1.1552734375
3224,0.79052734375,1.236328125,2.7265625,0.8623046875,0.98046875,0.9624023437500001
3225,1.01171875,1.10986328125,2.5400390625,0.7690429687500001,0.84765625,0.943359375
3226,0.7382812500000001,0.8525390625000001,3.05322265625,1.02001953125,0.8544921875,1.150390625
3227,0.837890625,0.890625,3.02294921875,0.9970703125,0.6577148437500001,1.138671875
3228,0.89892578125,1.29248046875,2.8818359375,0.96240234375,1.00537109375,0.755859375
3229,1.05859375,1.1494140625,2.7724609375,0.9252929687500001,1.07373046875,0.8603515625
3230,0.71435546875,0.89892578125,2.60791015625,0.6420898437500001,1.17626953125,0.64208984375
3231,1.10302734375,0.88720703125,2.69677734375,0.611328125,1.0361328125,0.7431640625000001
3232,0.6826171875,0.88720703125,2.6484375,0.90380859375,0.98193359375,0.87255859375
3233,0.7817382812500001,0.85107421875,2.36279296875,0.76123046875,0.7265625,0.7700195312500001
3234,0.8330078125,0.98291015625,3.01611328125,0.71923828125,1.16552734375,0.9282226562500001
3235,0.83837890625,1.00830078125,2.931640625,0.5590820312500001,1.29736328125,0.9970703125
3236,0.85302734375,0.8237304687500001,2.62939453125,0.869140625,1.13818359375,0.8955078125
3237,1.2177734375,0.85205078125,2.74755859375,0.818359375,0.974609375,0.91162109375
3238,0.8603515625,0.93701171875,2.4765625,0.7802734375,0.9799804687500001,0.73681640625
3239,1.27783203125,0.908203125,2.57861328125,0.51220703125,0.66845703125,0.82373046875
3240,0.8334960937500001,0.88671875,2.5341796875,0.92431640625,0.935546875,0.95849609375
3241,0.90576171875,1.01171875,2.5205078125,0.7763671875000001,0.87353515625,0.98291015625
3242,1.0517578125,1.22900390625,2.759765625,0.85595703125,1.0234375,0.8583984375
3243,1.14892578125,1.21728515625,2.5693359375,0.951171875,1.00146484375,0.80419921875
3244,0.9521484375,1.05517578125,2.61962890625,0.91748046875,1.0810546875,0.5556640625000001
3245,0.8671875,1.0673828125,2.53857421875,0.826171875,0.845703125,0.74609375
3246,0.943359375,0.7285156250000001,2.58154296875,0.65185546875,1.1259765625,1.11328125
3247,0.82666015625,0.77783203125,2.35693359375,0.5185546875000001,0.8330078125,1.11669921875
3248,0.53369140625,0.8886718750000001,2.8388671875,0.7871093750000001,1.41455078125,0.8491210937500001
3249,0.796875,0.70654296875,2.6494140625,0.771484375,1.2275390625,0.87890625
3250,1.1123046875,0.73974609375,2.6044921875,0.6298828125,0.8330078125000001,0.60888671875
3251,1.17724609375,0.814453125,2.49462890625,0.5810546875,0.73046875,0.8544921875000001
3252,0.93603515625,0.86279296875,2.744140625,0.67822265625,1.20556640625,1.05517578125
3253,1.12841796875,0.8076171875,2.56396484375,0.634765625,0.92919921875,1.20361328125
3254,1.11181640625,0.98974609375,2.97265625,1.01611328125,1.2236328125,1.10400390625
3255,1.30517578125,1.001953125,2.81396484375,0.8916015625,1.21337890625,1.01953125
3256,0.548828125,0.51416015625,2.8447265625,1.16650390625,0.8242187500000001,0.640625
3257,0.759765625,0.6259765625,2.744140625,1.03955078125,0.7041015625,0.77880859375
3258,0.6840820312500002,1.10498046875,2.921875,0.8466796875000001,1.08349609375,0.8427734375
3259,0.9833984375,1.29052734375,2.728515625,0.7783203125,0.98876953125,0.8935546875
3260,0.6884765625,0.7314453125000001,2.5537109375,0.96044921875,0.98828125,0.9677734375
3261,0.7573242187500001,0.75048828125,2.34765625,0.69287109375,0.72314453125,0.93798828125
3262,1.24658203125,1.06494140625,2.63671875,1.2666015625,1.0009765625,0.9482421875
3263,1.30078125,1.09716796875,2.53955078125,1.16845703125,0.77880859375,0.96337890625
3264,0.82861328125,1.1240234375,2.4990234375,0.83740234375,0.802734375,1.08642578125
3265,1.08984375,0.966796875,2.5888671875,0.80078125,0.5219726562500001,1.22021484375
3266,0.75732421875,1.27783203125,2.6201171875,0.7490234375000001,1.3359375,0.7050781250000001
3267,0.8120117187500001,1.126953125,2.509765625,0.796875,0.8662109375,0.83837890625
3268,0.8286132812500001,1.00244140625,2.90380859375,0.84521484375,0.8447265625,0.91357421875
3269,1.10009765625,0.923828125,3.123046875,0.7680664062500001,0.525390625,0.984375
3270,1.04833984375,0.98876953125,2.87646484375,1.0439453125,0.90673828125,0.6923828125
3271,1.2060546875,1.0810546875,2.8701171875,0.74072265625,1.02685546875,0.78564453125
3272,0.77880859375,0.7001953125,2.36474609375,1.25439453125,0.916015625,0.8916015625
3273,0.7934570312500001,0.6826171875,2.271484375,0.97265625,0.9189453125,0.87890625
3274,0.91015625,1.35986328125,2.55029296875,0.9052734375,0.9521484375,0.9501953125
3275,0.833984375,1.37548828125,2.56005859375,0.85693359375,0.86279296875,1.091796875
3276,0.982421875,0.9013671875,2.6171875,0.8022460937500001,1.34228515625,0.92822265625
3277,1.1669921875,0.90478515625,2.646484375,0.77392578125,1.03857421875,0.90966796875
3278,0.85791015625,0.7773437500000001,2.70556640625,0.9838867187500001,1.0244140625,0.677734375
3279,0.9541015625,0.7724609375,2.642578125,1.052734375,1.03271484375,0.76220703125
3280,0.7485351562500001,0.70068359375,2.84716796875,1.05029296875,0.9013671875,0.64013671875
3281,1.0166015625,0.80810546875,2.7314453125,1.00048828125,0.80419921875,0.6464843750000001
3282,1.0595703125,1.2158203125,2.69970703125,0.8447265625000001,1.11328125,1.1005859375
3283,1.1640625,1.28369140625,2.69873046875,0.7763671875,1.1669921875,1.2265625
3284,0.8701171875,0.822265625,2.4990234375,0.96630859375,0.8061523437500001,1.0654296875
3285,0.9072265625000001,0.8759765625,2.47412109375,0.93017578125,0.771484375,1.28125
3286,0.92236328125,1.166015625,2.86669921875,0.9306640625,0.62548828125,1.0478515625
3287,1.0087890625,1.3212890625,2.76171875,0.77783203125,0.59912109375,1.1669921875
3288,0.95947265625,1.369140625,2.76611328125,1.16015625,0.57421875,0.94140625
3289,1.03564453125,1.1826171875,2.75146484375,1.1103515625,0.634765625,0.90576171875
3290,1.0234375,0.9428710937500001,2.73974609375,0.9912109375,1.015625,0.6875000000000001
3291,1.234375,0.86328125,2.5791015625,1.00439453125,0.94384765625,0.91259765625
3292,1.02490234375,1.1533203125,2.76318359375,1.119140625,1.06103515625,0.92822265625
3293,1.21142578125,1.1611328125,2.544921875,1.1435546875,0.53759765625,1.0439453125
3294,0.580078125,0.78076171875,2.53857421875,0.7802734375000001,0.86083984375,1.07763671875
3295,0.6879882812500001,0.71826171875,2.38818359375,0.7421875,0.5263671875,1.0419921875
3296,0.8325195312500001,1.095703125,2.6103515625,1.0224609375,1.13671875,0.9462890625
3297,0.68212890625,0.77001953125,2.66064453125,0.86962890625,0.84326171875,1.0625
3298,0.79248046875,0.814453125,2.56201171875,0.865234375,0.76123046875,0.96875
3299,0.7880859375000001,0.74169921875,2.4814453125,0.8173828125,0.65380859375,0.97216796875
3300,0.7622070312500001,0.8955078125,2.90869140625,1.02099609375,1.15087890625,0.67333984375
3301,1.142578125,0.7412109375,2.69775390625,1.13525390625,1.1142578125,0.7255859375
3302,1.0595703125,1.3076171875,2.7412109375,0.52490234375,0.935546875,0.73388671875
3303,1.0234375,0.94677734375,2.62255859375,0.4423828125,0.91064453125,0.9355468750000001
3304,0.81494140625,1.00341796875,3.0263671875,1.0244140625,1.27783203125,1.298828125
3305,0.8168945312500001,0.96435546875,2.7578125,1.091796875,1.0615234375,1.16650390625
3306,0.93408203125,1.0283203125,2.53955078125,0.7275390625,1.0185546875,0.875
3307,1.19580078125,0.8037109375,2.513671875,0.53564453125,0.6894531250000001,0.7021484375
3308,0.66015625,0.7705078125,2.5615234375,0.98974609375,1.255859375,0.68798828125
3309,0.92919921875,0.71923828125,2.48486328125,0.9365234375,1.185546875,0.7666015625
3310,0.76953125,1.18798828125,2.82470703125,0.66162109375,1.25830078125,0.84814453125
3311,0.7998046875000001,1.291015625,2.65478515625,0.5522460937500001,1.341796875,1.025390625
3312,0.861328125,1.16455078125,2.7490234375,0.8164062500000001,0.93994140625,0.73876953125
3313,1.03271484375,1.0390625,2.51025390625,0.921875,0.8671875,0.8369140625
3314,1.24951171875,0.86181640625,2.42724609375,0.8442382812500001,1.3017578125,0.7490234375000001
3315,1.53515625,0.7480468750000001,2.47265625,0.814453125,0.9697265625,0.7861328125
3316,0.9497070312500001,0.912109375,2.5556640625,0.5493164062500002,1.14892578125,0.54931640625
3317,0.90185546875,0.9189453125,2.4541015625,0.60595703125,1.03955078125,0.72607421875
3318,0.8310546875,1.3857421875,2.92236328125,1.18505859375,0.9721679687500001,0.7612304687500001
3319,1.09619140625,1.1689453125,2.79736328125,1.05859375,1.0966796875,0.837890625
3320,0.9682617187500001,0.9560546875,2.24951171875,0.8251953125,0.912109375,0.873046875
3321,0.98828125,1.0068359375,2.19775390625,0.80908203125,0.79150390625,0.86474609375
3322,0.8427734375,0.84912109375,2.82373046875,0.93359375,1.10791015625,0.68994140625
3323,1.0556640625,0.8505859375,2.59326171875,0.8378906250000001,1.0009765625,0.7783203125000001
3324,0.91064453125,0.86279296875,2.73779296875,0.84033203125,1.05859375,0.81494140625
3325,1.17919921875,0.8291015625,2.6337890625,0.8896484375,1.0361328125,1.1494140625
3326,0.7338867187500001,1.2294921875,2.6298828125,0.953125,1.14892578125,0.8085937500000001
3327,0.8515625,1.09375,2.69287109375,0.8671875,0.99169921875,1.0625
3328,0.44384765625,1.029296875,2.82470703125,0.89208984375,1.283203125,0.6669921875
3329,0.4663085937500002,0.9345703125,2.53369140625,0.96630859375,1.06787109375,0.8837890625
3330,0.83984375,0.869140625,2.64599609375,0.89892578125,0.8740234375,1.177734375
3331,1.14111328125,0.8447265625,2.48095703125,0.86376953125,0.63525390625,1.09228515625
3332,0.83837890625,0.9931640625,2.77294921875,0.87255859375,1.203125,1.0244140625
3333,1.05517578125,0.7958984375,2.6611328125,0.798828125,0.9130859375000001,1.07373046875
3334,0.58154296875,1.11181640625,2.87744140625,1.201171875,1.01904296875,0.84228515625
3335,0.720703125,0.9223632812500001,2.53125,1.3291015625,0.7373046875000001,1.07177734375
3336,0.8212890625,1.1328125,2.7646484375,1.01953125,0.7734375000000001,1.02880859375
3337,0.9541015625,1.22705078125,2.5576171875,0.7871093750000001,0.61767578125,1.25439453125
3338,1.1376953125,0.9868164062500001,2.5654296875,0.75390625,0.78076171875,0.56640625
3339,1.15283203125,0.888671875,2.3486328125,0.6528320312500001,0.74658203125,0.767578125
3340,0.76318359375,0.7685546875,2.9755859375,0.9267578125,1.0166015625,0.7900390625
3341,0.94482421875,0.8540039062500001,2.94384765625,0.755859375,0.97509765625,0.8569335937500001
3342,1.08837890625,0.80029296875,2.6337890625,0.72509765625,0.765625,0.93359375
3343,1.060546875,0.89599609375,2.6201171875,0.61474609375,0.90380859375,1.25830078125
3344,1.0146484375,0.556640625,2.55322265625,1.21337890625,0.662109375,0.7216796875
3345,1.126953125,0.64306640625,2.67529296875,1.11181640625,0.7783203125,0.74853515625
3346,0.9599609375,1.18115234375,2.50537109375,0.9560546875000001,0.8349609375,0.8271484375
3347,1.11279296875,1.03466796875,2.59716796875,0.8994140625,0.6396484375,0.9345703125
3348,0.458984375,0.951171875,2.82275390625,0.755859375,1.552734375,0.70263671875
3349,0.5224609375,0.90185546875,2.611328125,0.7548828125,1.17138671875,0.89111328125
3350,0.8481445312500001,1.1279296875,2.61083984375,0.9150390625,1.07080078125,1.0322265625
3351,0.982421875,1.16845703125,2.466796875,0.9208984375,0.8276367187500001,1.05322265625
3352,0.6176757812500001,1.02734375,2.48583984375,0.9501953125,1.0478515625,1.0458984375
3353,0.92724609375,1.0048828125,2.376953125,0.8095703125,0.79931640625,0.8896484375
3354,0.9345703125,0.7666015625,2.49755859375,1.02294921875,0.88037109375,0.7275390625
3355,1.0244140625,0.7065429687500001,2.3623046875,1.05517578125,0.86962890625,0.94677734375
3356,0.97216796875,0.72705078125,2.77099609375,1.01416015625,1.32177734375,0.5454101562500001
3357,1.09033203125,0.751953125,2.69189453125,0.9702148437500001,1.35205078125,0.73388671875
3358,1.0068359375,1.0263671875,2.89697265625,0.94775390625,1.10693359375,1.04345703125
3359,1.19921875,0.7963867187500001,2.62939453125,0.9443359375000001,0.95458984375,1.14111328125
3360,1.07080078125,1.1474609375,2.4794921875,1.28564453125,1.0048828125,0.65380859375
3361,1.4306640625,1.03857421875,2.3349609375,1.22607421875,0.97900390625,0.81494140625
3362,0.8056640625,0.8251953125,2.6953125,0.8330078125,1.31884765625,0.578125
3363,1.02783203125,0.8203125,2.615234375,0.6704101562500001,1.02978515625,0.6767578125
3364,0.7016601562500001,0.93896484375,2.81591796875,0.70947265625,0.916015625,1.2978515625
3365,0.8173828125,0.95361328125,2.609375,0.5932617187500001,0.81005859375,1.12451171875
3366,0.8857421875,1.2001953125,2.654296875,0.91357421875,0.71826171875,0.80908203125
3367,1.05029296875,0.98046875,2.44970703125,0.99169921875,0.67333984375,0.8935546875
3368,0.84130859375,1.13427734375,2.43408203125,1.0263671875,0.77197265625,1.06982421875
3369,0.8994140625,1.24072265625,2.3701171875,0.9638671875,0.6699218750000001,1.18212890625
3370,0.6689453125,1.255859375,2.703125,1.13916015625,1.2001953125,0.8388671875
3371,0.85888671875,1.0869140625,2.6708984375,1.09521484375,1.25732421875,0.90087890625
3372,1.18798828125,1.11376953125,2.716796875,1.0927734375,1.02294921875,1.01953125
3373,1.34716796875,0.97412109375,2.59765625,0.92919921875,0.96923828125,0.982421875
3374,0.48388671875,0.82373046875,2.92529296875,1.05908203125,0.95458984375,0.93115234375
3375,0.53173828125,0.859375,2.64794921875,0.94921875,0.6879882812500002,1.00537109375
3376,0.7617187500000001,0.7490234375,2.4833984375,0.7822265625,0.86328125,0.79736328125
3377,0.90380859375,0.8408203125,2.392578125,0.7509765625,0.83544921875,0.8369140625
3378,0.8979492187500001,1.3291015625,2.568359375,0.8256835937500001,1.0224609375,0.923828125
3379,1.0732421875,1.16357421875,2.39453125,0.9013671875,0.8173828125000001,0.97509765625
3380,0.7680664062500001,0.6650390625,2.81689453125,1.05224609375,0.6123046875,0.736328125
3381,0.783203125,0.77783203125,2.8095703125,0.9755859375,0.5610351562500001,0.8935546875
3382,1.01513671875,1.37646484375,2.822265625,1.04638671875,0.93212890625,0.86376953125
3383,1.1025390625,1.17041015625,2.70947265625,0.9331054687500001,1.021484375,1.03955078125
3384,0.81640625,0.9404296875000001,2.65234375,0.83740234375,0.85791015625,1.07177734375
3385,1.25390625,1.0869140625,2.75341796875,0.71337890625,0.60498046875,1.078125
3386,1.0146484375,0.8544921875,2.43896484375,0.8017578125,0.853515625,0.75439453125
3387,1.044921875,0.85546875,2.36376953125,0.7709960937500001,0.83349609375,0.90380859375
3388,0.4892578125000001,0.8276367187500001,2.724609375,0.994140625,1.021484375,0.7763671875
3389,0.8427734375,0.771484375,2.53662109375,1.04296875,0.8974609375000001,0.7822265625
3390,0.4853515625,1.5029296875,2.5498046875,0.95166015625,1.0234375,0.70361328125
3391,0.7607421875000001,1.07666015625,2.3642578125,0.78076171875,0.81982421875,1.0400390625
3392,0.7407226562500001,1.05859375,2.55419921875,0.9892578125,0.69873046875,1.0107421875
3393,0.82080078125,1.3515625,2.505859375,0.7421875,0.70947265625,1.06005859375
3394,0.63916015625,1.0390625,2.4560546875,0.7353515625,0.98193359375,1.19921875
3395,0.77490234375,0.96533203125,2.42138671875,0.5341796875,0.8701171875,1.0732421875
3396,0.71142578125,1.275390625,2.82177734375,0.94677734375,0.99951171875,0.8212890625
3397,0.7465820312500001,1.283203125,2.619140625,0.94921875,0.98046875,0.9921875
3398,0.89453125,1.00927734375,2.7080078125,0.77783203125,1.341796875,1.02392578125
3399,1.1474609375,0.96044921875,2.5400390625,0.85205078125,1.24658203125,1.18701171875
3400,0.7978515625,1.00732421875,2.53369140625,1.16943359375,1.17626953125,0.685546875
3401,0.86767578125,0.93017578125,2.384765625,1.0400390625,1.029296875,0.7490234375
3402,0.57861328125,0.5620117187500001,2.8935546875,1.0361328125,1.001953125,0.70068359375
3403,0.64794921875,0.619140625,2.71533203125,0.7734375,1.0458984375,1.01123046875
3404,0.62548828125,1.3134765625,2.6005859375,1.2314453125,0.71435546875,0.6528320312500001
3405,0.658203125,1.36669921875,2.6572265625,1.0927734375,0.6264648437500001,0.77783203125
3406,0.81884765625,1.12939453125,2.5859375,1.0146484375,0.943359375,1.22314453125
3407,0.94287109375,1.05810546875,2.5244140625,0.96484375,0.7265625,1.02294921875
3408,0.8750000000000001,1.19189453125,2.73388671875,1.0673828125,1.52587890625,0.5810546875
3409,1.0341796875,1.185546875,2.552734375,0.9365234375,1.22509765625,0.748046875
3410,0.82080078125,1.0283203125,2.74609375,1.10791015625,1.03515625,0.912109375
3411,0.80615234375,0.7099609375,2.68115234375,1.0732421875,0.9907226562500001,0.8740234375
3412,0.51513671875,0.9765625000000001,2.65283203125,0.7714843750000001,1.1201171875,0.76171875
3413,0.5849609375,0.82275390625,2.3486328125,0.8916015625,0.9458007812500001,1.0771484375
3414,1.2724609375,1.0234375,2.53173828125,0.7783203125000001,1.03515625,0.9765625
3415,1.130859375,0.9462890625,2.44970703125,0.74267578125,0.7626953125000001,1.2578125
3416,0.8515625,0.720703125,2.599609375,0.6362304687500001,1.15478515625,1.103515625
3417,1.119140625,0.74609375,2.53515625,0.68994140625,1.0810546875,1.041015625
3418,0.94140625,0.89306640625,2.6416015625,1.06005859375,0.7949218750000001,0.95361328125
3419,0.974609375,0.912109375,2.42578125,0.853515625,0.69873046875,1.083984375
3420,0.9072265625,1.01708984375,2.796875,0.85009765625,0.7485351562500001,0.6787109375000001
3421,1.22265625,1.09521484375,2.666015625,0.81689453125,0.71435546875,0.9208984375
3422,0.4990234375000001,1.0390625,2.7568359375,0.64306640625,0.7416992187500001,0.96240234375
3423,0.765625,1.0439453125,2.65673828125,0.6186523437500001,0.541015625,1.0498046875
3424,0.8056640625,0.5439453125,2.89697265625,0.859375,0.9921875,0.4755859375
3425,0.91845703125,0.58056640625,2.83203125,0.8764648437500001,1.0224609375,0.615234375
3426,1.0576171875,0.8486328125,2.74072265625,0.884765625,1.1708984375,0.60498046875
3427,1.111328125,0.9072265625,2.66064453125,0.8232421875,1.224609375,0.7612304687500001
3428,0.6123046875,1.1611328125,2.86181640625,0.68359375,0.56787109375,1.0302734375
3429,0.64697265625,0.97705078125,2.76513671875,0.60791015625,0.54541015625,0.99658203125
3430,0.859375,1.3271484375,2.990234375,0.9970703125,1.28125,0.6630859375
3431,0.91064453125,1.42529296875,2.81689453125,0.892578125,1.1025390625,0.78125
3432,0.7099609375000001,0.8564453125,2.66259765625,0.87548828125,1.111328125,0.87646484375
3433,0.884765625,0.9765625,2.5517578125,0.68896484375,1.20263671875,1.0146484375
3434,1.01318359375,1.0888671875,2.91650390625,0.82080078125,0.9990234375000001,0.7900390625
3435,1.13720703125,1.1748046875,2.67822265625,0.806640625,0.919921875,0.998046875
3436,0.81298828125,1.1044921875,2.51220703125,0.89599609375,1.3212890625,0.6845703125000001
3437,0.939453125,1.04638671875,2.36669921875,0.7563476562500001,1.0927734375,0.87841796875
3438,0.96728515625,0.97607421875,2.92041015625,1.267578125,1.1005859375,0.9951171875
3439,1.04248046875,1.05859375,2.845703125,1.2001953125,1.0224609375,1.2275390625
3440,0.9604492187500001,0.8193359375,2.44873046875,0.9296875,1.138671875,0.8046875000000001
3441,1.1103515625,0.80224609375,2.51904296875,0.92724609375,1.19921875,0.93115234375
3442,1.0615234375,1.068359375,2.59326171875,0.95849609375,1.20751953125,0.9306640625
3443,1.19580078125,1.01513671875,2.4794921875,0.880859375,1.01806640625,1.03076171875
3444,0.86572265625,0.7890625,2.79638671875,0.61279296875,1.1103515625,1.25341796875
3445,0.888671875,0.7646484375000001,2.638671875,0.4682617187500001,0.95458984375,1.14990234375
3446,0.55712890625,0.71826171875,2.81396484375,0.9990234375,0.84423828125,0.54833984375
3447,0.775390625,0.779296875,2.6796875,0.9121093750000001,0.6772460937500001,0.61572265625
3448,0.7822265625,1.25048828125,2.66015625,1.36279296875,1.0478515625,0.66796875
3449,1.0615234375,0.99560546875,2.439453125,1.34765625,0.98583984375,0.8056640625
3450,0.94189453125,1.15185546875,2.634765625,0.7534179687500002,1.169921875,0.8203125
3451,0.9262695312500001,1.24658203125,2.69677734375,0.6650390625000001,0.8505859375,0.81884765625
3452,0.7055664062500001,1.01904296875,2.39892578125,0.8139648437500001,1.10595703125,0.73193359375
3453,0.943359375,1.07568359375,2.33251953125,0.61767578125,1.03076171875,0.775390625
3454,0.84130859375,0.75146484375,2.79345703125,0.7626953125000001,1.17041015625,0.5986328125
3455,1.0322265625,0.6723632812500001,2.66845703125,0.6123046875,1.0205078125,0.7241210937500001
3456,0.9296875,0.7705078125,2.68701171875,0.9521484375,0.865234375,0.99853515625
3457,1.0302734375,0.82763671875,2.43212890625,0.8061523437500001,0.83349609375,0.978515625
3458,0.8251953125,0.91845703125,2.92578125,0.55224609375,0.81396484375,0.83349609375
3459,0.99169921875,0.83642578125,2.60986328125,0.5419921875,0.80810546875,0.8671875000000001
3460,0.7041015625000001,1.07421875,2.8837890625,1.25439453125,0.9921875,0.7119140625000001
3461,0.90673828125,1.07421875,2.623046875,1.05859375,0.7392578125,1.02001953125
3462,0.5458984375,0.849609375,2.7802734375,0.83837890625,1.0439453125,0.8203125
3463,0.76416015625,0.9521484375000001,2.486328125,0.734375,1.12841796875,0.86083984375
3464,0.99267578125,0.9521484375,2.40625,0.70654296875,0.494140625,0.984375
3465,1.05712890625,0.97802734375,2.31640625,0.7456054687500001,0.5908203125,1.1357421875
3466,1.06103515625,1.04296875,2.53076171875,0.8486328125,1.26220703125,0.9970703125
3467,0.99951171875,0.7958984375,2.50244140625,0.71728515625,0.95263671875,0.916015625
3468,1.05322265625,1.162109375,2.6875,1.2314453125,1.314453125,0.666015625
3469,1.0810546875,1.1416015625,2.546875,1.21044921875,0.8041992187500001,0.8154296875000001
3470,0.8359375000000001,0.7758789062500001,2.8515625,0.8125,1.16796875,1.01513671875
3471,0.6875,0.96630859375,2.6748046875,0.7734375,1.013671875,0.98876953125
3472,0.85498046875,1.33447265625,2.60302734375,1.13623046875,1.24658203125,1.0234375
3473,0.90771484375,1.05712890625,2.47314453125,1.18603515625,0.875,1.107421875
3474,0.93798828125,1.0078125,2.79248046875,1.1826171875,1.0771484375,0.85791015625
3475,0.9833984375,0.9716796875,2.70751953125,0.98046875,0.99951171875,0.97900390625
3476,0.7236328125,1.18994140625,2.5400390625,1.1484375,0.96044921875,0.81884765625
3477,1.00830078125,1.02685546875,2.48828125,0.8486328125,0.7587890625,1.06591796875
3478,1.37890625,1.1162109375,2.83203125,0.947265625,0.95068359375,0.99267578125
3479,1.10791015625,0.96044921875,2.74755859375,0.8623046875000001,0.83837890625,0.8837890625000001
3480,0.7314453125,1.12109375,2.64990234375,1.0302734375,1.12890625,0.94189453125
3481,1.01904296875,1.03515625,2.5,0.7587890625000001,0.9155273437500001,1.07421875
3482,0.5576171875000001,1.14404296875,2.62548828125,0.6728515625,1.02587890625,0.783203125
3483,0.90966796875,1.09033203125,2.5732421875,0.8896484375,0.7626953125,1.0693359375
3484,0.8896484375000001,1.25732421875,2.72607421875,1.35400390625,0.8471679687500001,0.97412109375
3485,0.85986328125,1.20751953125,2.63818359375,1.20947265625,0.958984375,1.1171875
3486,0.8056640625,1.22021484375,2.34375,1.3984375,0.82568359375,0.9794921875
3487,1.05615234375,0.958984375,2.234375,1.34521484375,0.8408203125,1.04248046875
3488,0.55224609375,1.0283203125,2.46044921875,0.97900390625,1.21142578125,1.0205078125
3489,1.01806640625,1.08251953125,2.54833984375,1.0478515625,1.17822265625,0.9345703125
3490,0.7333984375000001,1.1630859375,2.70947265625,0.625,1.0048828125,0.7734375000000001
3491,1.23291015625,1.09130859375,2.5966796875,0.6640625,0.85546875,1.00439453125
3492,0.5810546875,1.15234375,2.775390625,0.9404296875,0.98193359375,0.97998046875
3493,0.6923828125000001,1.07666015625,2.783203125,0.8623046875,0.80712890625,0.92578125
3494,0.703125,1.15478515625,2.66455078125,0.74267578125,1.10498046875,0.61767578125
3495,0.99072265625,1.06298828125,2.61962890625,0.5717773437500001,0.91650390625,0.83203125
3496,1.00390625,0.7607421875000001,2.69580078125,0.9697265625,0.82568359375,1.21875
3497,0.962890625,0.74072265625,2.64404296875,0.88330078125,0.82080078125,1.09814453125
3498,0.67724609375,1.09619140625,2.73388671875,0.84423828125,0.7705078125000001,0.9360351562500001
3499,0.93115234375,1.265625,2.646484375,0.78271484375,0.7172851562500001,1.09716796875
3500,0.85498046875,1.3076171875,2.177734375,0.7402343750000001,1.0224609375,0.96484375
3501,0.8491210937500001,1.02978515625,2.16015625,0.78515625,0.8662109375,0.9423828125
3502,1.16796875,0.728515625,2.87109375,0.97119140625,0.75341796875,0.8305664062500001
3503,1.14453125,0.78173828125,2.63623046875,0.6889648437500001,0.60546875,0.947265625
3504,0.81982421875,0.8134765625,2.71826171875,0.48339843750000006,1.01611328125,0.94677734375
3505,0.9853515625,0.92919921875,2.54833984375,0.5244140625,0.78759765625,1.10986328125
3506,0.76123046875,0.9658203125,2.41259765625,0.7680664062500001,1.4072265625,0.67822265625
3507,0.91455078125,0.78955078125,2.38134765625,0.6923828125,1.07275390625,0.82421875
3508,1.00830078125,1.04833984375,2.39892578125,1.03076171875,0.73486328125,0.79443359375
3509,0.98583984375,0.91552734375,2.26025390625,0.83251953125,0.8330078125,0.9467773437500001
3510,1.07568359375,0.9951171875,2.68994140625,0.642578125,0.77734375,0.9287109375
3511,1.38037109375,1.037109375,2.56884765625,0.58740234375,0.5664062500000001,1.05517578125
3512,0.7299804687500001,1.474609375,2.7373046875,0.9384765625,1.19482421875,0.97607421875
3513,0.9052734375,1.40478515625,2.68994140625,1.02294921875,1.05029296875,1.177734375
3514,0.92529296875,0.89208984375,2.80810546875,0.97216796875,1.03759765625,0.7900390625
3515,1.00732421875,0.94580078125,2.69677734375,0.89990234375,1.0,0.8759765625000001
3516,0.8779296875,0.96630859375,2.78662109375,0.76708984375,1.31982421875,0.7719726562500001
3517,1.0966796875,0.94580078125,2.41748046875,0.72265625,0.8432617187500001,0.8461914062500001
3518,0.7519531250000001,0.75341796875,2.6875,0.876953125,0.6796875,1.171875
3519,0.82666015625,0.74462890625,2.474609375,0.763671875,0.73095703125,1.2880859375
3520,1.2607421875,1.1474609375,2.494140625,0.82470703125,0.5717773437500001,0.6923828125000002
3521,1.23046875,1.03955078125,2.54443359375,0.7392578125,0.40185546875,0.81494140625
3522,0.861328125,0.8012695312500001,2.3408203125,1.03173828125,1.19775390625,0.7978515625
3523,0.9570312500000001,0.82275390625,2.27587890625,0.93994140625,1.0126953125,0.91357421875
3524,0.39892578125,0.79345703125,2.59716796875,1.00634765625,0.8974609375,1.07763671875
3525,0.8310546875,0.6103515625000001,2.50732421875,1.02001953125,0.8315429687500001,1.08837890625
3526,0.68896484375,0.8378906250000001,2.306640625,1.15869140625,1.2119140625,0.865234375
3527,0.79248046875,0.91650390625,2.34521484375,1.02197265625,1.18798828125,0.8837890625
3528,0.908203125,0.8515625,2.56884765625,0.9599609375000001,1.09228515625,1.1298828125
3529,0.93505859375,0.8994140625,2.55517578125,0.9189453125,1.041015625,1.3427734375
3530,0.6552734375,0.89453125,2.720703125,1.11962890625,1.30908203125,1.111328125
3531,0.8115234375000001,0.8159179687500001,2.576171875,1.18359375,1.21484375,1.19873046875
3532,0.6865234375000001,0.7314453125,3.041015625,0.7255859375,0.99267578125,0.8413085937500001
3533,0.90087890625,0.7519531250000001,2.73046875,0.6123046875,0.8442382812500001,1.02392578125
3534,1.00048828125,1.283203125,2.56396484375,0.7861328125,1.09912109375,0.99951171875
3535,0.84033203125,1.14697265625,2.47509765625,0.72314453125,0.97998046875,1.19482421875
3536,0.45263671875,0.865234375,2.5224609375,1.005859375,1.10302734375,0.94482421875
3537,0.79833984375,0.8315429687500001,2.6806640625,0.896484375,0.9873046875000001,0.7983398437500001
3538,0.8623046875,0.86669921875,2.74853515625,0.85107421875,1.080078125,0.8115234375
3539,0.8999023437500001,0.85009765625,2.634765625,0.8447265625,1.03955078125,0.89892578125
3540,1.0888671875,1.2021484375,2.62158203125,0.861328125,0.73779296875,1.259765625
3541,1.05322265625,1.21044921875,2.5,0.7832031250000001,0.587890625,1.15771484375
3542,0.8935546875,1.017578125,2.70458984375,0.90771484375,0.9833984375,1.01123046875
3543,0.95263671875,1.15234375,2.724609375,1.00341796875,0.76904296875,1.05419921875
3544,0.7895507812500001,1.14111328125,2.69287109375,1.0458984375,1.126953125,1.0703125
3545,0.81689453125,1.0732421875,2.52099609375,1.03271484375,0.96630859375,1.09765625
3546,0.50244140625,0.7656250000000001,2.36572265625,1.06494140625,1.14599609375,0.7084960937500001
3547,0.61865234375,0.78173828125,2.3818359375,1.10009765625,0.8710937500000001,0.767578125
3548,0.99169921875,0.7060546875,2.83154296875,0.72509765625,0.994140625,0.8261718750000001
3549,1.10400390625,0.78466796875,2.63916015625,0.7490234375,0.8862304687500001,0.94921875
3550,0.70263671875,0.9467773437500001,2.95556640625,0.708984375,1.1689453125,1.05029296875
3551,0.8857421875,0.82763671875,2.81640625,0.6479492187500002,1.228515625,1.1982421875
3552,0.8583984375,0.83837890625,2.60107421875,0.85888671875,1.20849609375,0.5849609375
3553,1.095703125,0.82861328125,2.505859375,0.810546875,0.82568359375,0.89501953125
3554,0.7646484375000001,1.01953125,2.6396484375,1.00048828125,0.82568359375,1.2041015625
3555,0.92333984375,0.91748046875,2.69482421875,1.03857421875,0.9755859375,1.146484375
3556,0.73388671875,1.12451171875,2.591796875,0.951171875,1.2578125,0.92626953125
3557,0.8232421875,1.24072265625,2.66259765625,0.79150390625,0.99755859375,1.05859375
3558,0.92333984375,0.931640625,2.888671875,1.0556640625,0.876953125,0.73388671875
3559,0.9941406250000001,0.8759765625,2.8154296875,0.8349609375,1.16357421875,0.865234375
3560,1.4443359375,0.8095703125,2.57080078125,0.97998046875,1.17529296875,0.7548828125
3561,1.27392578125,0.90966796875,2.5556640625,0.6528320312500001,0.89794921875,0.69970703125
3562,0.8823242187500001,1.185546875,2.884765625,1.08154296875,0.6435546875,0.8125000000000001
3563,0.8828125,1.0849609375,2.7275390625,1.07080078125,0.7250976562500001,0.7646484375
3564,1.00732421875,1.30419921875,2.4404296875,0.88427734375,1.00341796875,0.97021484375
3565,1.03369140625,1.25048828125,2.28662109375,0.84716796875,0.92724609375,1.11328125
3566,0.59228515625,1.083984375,2.455078125,0.94921875,1.2294921875,0.7861328125
3567,0.64453125,0.99072265625,2.45068359375,0.85546875,1.1435546875,0.95361328125
3568,0.43994140625,0.8051757812500001,2.7900390625,0.8505859375,0.66845703125,0.61865234375
3569,0.58251953125,0.6728515625,2.7138671875,0.7734375,0.5805664062500001,0.7592773437500001
3570,0.8188476562500001,1.0107421875,2.61962890625,1.01318359375,1.0400390625,0.88671875
3571,1.048828125,1.01416015625,2.6767578125,0.7968750000000001,0.82470703125,1.0439453125
3572,1.10888671875,0.7978515625000001,3.03662109375,1.32861328125,1.34619140625,0.9267578125
3573,0.95068359375,0.80712890625,2.8583984375,1.142578125,0.794921875,1.0302734375
3574,1.29248046875,0.9423828125,2.681640625,1.04296875,0.7216796875000001,1.04931640625
3575,1.2734375,0.9301757812500001,2.55078125,0.9443359375,0.72265625,1.0615234375
3576,0.87744140625,1.431640625,2.546875,0.7998046875,0.75244140625,0.611328125
3577,0.89697265625,1.22509765625,2.4619140625,0.7861328125000001,0.6875,0.7563476562500001
3578,0.82373046875,1.08349609375,2.5625,0.85302734375,1.3544921875,0.818359375
3579,0.87744140625,1.123046875,2.50244140625,0.6875,1.166015625,0.9443359375
3580,0.9165039062500001,0.71240234375,2.73974609375,0.96435546875,0.7294921875,0.7348632812500001
3581,0.9140625,0.728515625,2.38720703125,0.98486328125,0.5507812500000001,0.890625
3582,0.6909179687500001,0.8305664062500001,2.44091796875,1.111328125,1.45947265625,0.7250976562500001
3583,0.78173828125,0.89111328125,2.3173828125,1.0498046875,1.1064453125,0.91064453125
3584,1.16796875,0.92626953125,2.4619140625,0.59326171875,1.017578125,0.81689453125
3585,1.01123046875,0.83642578125,2.3994140625,0.58740234375,0.71923828125,1.09619140625
3586,0.88720703125,1.10107421875,2.654296875,0.7783203125000001,1.0166015625,0.9194335937500001
3587,1.009765625,1.13427734375,2.8544921875,0.71533203125,0.7612304687500001,1.0185546875
3588,0.8818359375,1.0830078125,2.82080078125,0.91650390625,1.24853515625,0.888671875
3589,0.8701171875000001,1.037109375,2.66796875,1.1611328125,1.33642578125,1.048828125
3590,0.8427734375,0.81982421875,2.70703125,1.0849609375,0.6689453125,0.82958984375
3591,0.7841796875000001,0.7675781250000001,2.67333984375,0.8901367187500001,0.5498046875000001,0.8662109375000001
3592,0.8583984375,1.173828125,2.53759765625,1.0380859375,1.1953125,0.87353515625
3593,1.02197265625,1.24365234375,2.455078125,1.20166015625,1.126953125,1.0986328125
3594,0.6040039062500001,1.09423828125,2.7412109375,0.7539062500000001,1.26025390625,0.845703125
3595,0.7177734375,0.931640625,2.68017578125,0.77978515625,1.0185546875,1.18017578125
3596,0.90087890625,1.181640625,2.77734375,0.80029296875,0.90234375,0.53076171875
3597,0.8955078125000001,1.064453125,2.470703125,0.78271484375,0.85693359375,0.62353515625
3598,0.43896484375,0.8110351562500001,2.69873046875,1.1484375,1.15234375,0.81982421875
3599,0.5683593750000001,0.84521484375,2.47119140625,0.8271484375,0.7568359375,0.97216796875
3600,0.9609375,1.28369140625,2.552734375,1.1201171875,0.85205078125,0.9443359375
3601,1.08642578125,0.9365234375,2.400390625,1.07080078125,0.7226562500000001,0.86474609375
3602,0.72802734375,1.00830078125,2.6728515625,0.7705078125,0.9560546875,0.82080078125
3603,0.93994140625,1.076171875,2.54638671875,0.74169921875,0.734375,0.8286132812500001
3604,0.76953125,1.16455078125,2.7841796875,1.15966796875,0.97265625,1.146484375
3605,0.763671875,1.15380859375,2.65771484375,0.94921875,0.7983398437500001,1.1162109375
3606,1.10009765625,0.806640625,2.7685546875,0.95654296875,1.07763671875,0.74609375
3607,1.40478515625,0.822265625,2.57080078125,0.9501953125,0.90576171875,0.7626953125
3608,0.7919921875000001,1.06640625,2.57080078125,1.04248046875,0.8315429687500001,0.89306640625
3609,0.904296875,1.078125,2.4072265625,0.96484375,0.77490234375,1.03955078125
3610,0.6103515625,0.939453125,2.34814453125,1.12548828125,0.89453125,0.95849609375
3611,0.6928710937500001,1.0361328125,2.25634765625,0.87548828125,0.86572265625,1.04345703125
3612,0.8671875000000001,0.8198242187500001,2.98828125,0.5966796875,0.97802734375,0.837890625
3613,0.83642578125,0.9677734375,2.95849609375,0.513671875,0.95751953125,1.080078125
3614,0.677734375,1.14892578125,2.91162109375,0.70458984375,1.09619140625,0.7285156250000001
3615,0.7163085937500001,1.06591796875,2.82177734375,0.5615234375000001,1.05908203125,0.68310546875
3616,0.91259765625,0.5703125,2.97119140625,0.83251953125,0.96142578125,0.8583984375000001
3617,1.076171875,0.67919921875,2.8212890625,0.7055664062500001,0.7153320312500001,0.8515625
3618,0.81689453125,1.05419921875,2.814453125,0.984375,1.0107421875,1.0986328125
3619,0.8349609375000001,1.04248046875,2.6884765625,0.95654296875,1.0732421875,1.1728515625
3620,0.8310546875,1.20751953125,2.302734375,1.26123046875,0.912109375,0.67138671875
3621,1.2353515625,1.17626953125,2.31005859375,1.12744140625,0.6533203125,0.83056640625
3622,1.00830078125,0.75,2.72216796875,1.06787109375,1.12939453125,0.9609375
3623,0.97412109375,0.78271484375,2.67138671875,0.8022460937500001,0.89599609375,1.126953125
3624,0.916015625,1.55322265625,2.7177734375,1.01123046875,0.76171875,1.0458984375
3625,1.06298828125,1.158203125,2.50634765625,0.7299804687500001,0.6899414062500001,1.07470703125
3626,1.15576171875,0.7841796875,2.7685546875,1.2255859375,0.96826171875,0.7851562500000001
3627,1.39111328125,0.66259765625,2.63134765625,1.01953125,0.857421875,0.97412109375
3628,0.82470703125,0.7958984375000001,2.7001953125,1.13818359375,0.94873046875,0.513671875
3629,1.0126953125,0.65478515625,2.703125,0.99169921875,0.84033203125,0.54931640625
3630,1.0078125,0.99365234375,2.966796875,0.98828125,1.361328125,0.73095703125
3631,0.86181640625,0.93701171875,2.80712890625,0.8022460937500001,1.36376953125,0.7905273437500001
3632,0.6005859375,1.02587890625,2.80810546875,0.7470703125,1.0478515625,0.73486328125
3633,0.5791015625,1.0126953125,2.61669921875,0.57421875,0.96728515625,0.95068359375
3634,0.5424804687500001,1.0048828125,2.6767578125,0.9892578125,1.1640625,0.82177734375
3635,0.83544921875,1.01904296875,2.60791015625,1.05322265625,0.7963867187500001,0.8969726562500001
3636,1.03515625,0.8271484375,2.7158203125,0.8076171875,1.14013671875,0.822265625
3637,0.9140625,0.8115234375,2.66162109375,0.7998046875,0.91552734375,0.8134765625
3638,0.5751953125000001,0.85546875,2.41650390625,1.05908203125,0.71728515625,1.12890625
3639,0.69189453125,0.8359375000000001,2.31494140625,0.90380859375,0.64453125,0.9951171875
3640,0.5688476562500001,0.86279296875,2.8125,0.97021484375,1.03466796875,0.751953125
3641,0.9189453125,0.7587890625,2.67138671875,0.8984375,0.79541015625,0.9443359375
3642,0.86181640625,1.06201171875,2.83447265625,1.0556640625,0.9726562500000001,1.24365234375
3643,0.87646484375,0.919921875,2.65087890625,1.21875,0.97021484375,1.25146484375
3644,0.94287109375,0.82958984375,2.54541015625,0.9770507812500001,0.8193359375000001,0.8002929687500001
3645,1.2080078125,0.79443359375,2.4208984375,0.8994140625,0.84033203125,0.8017578125000001
3646,1.23828125,1.14453125,2.72314453125,1.33251953125,1.08544921875,0.81591796875
3647,1.25244140625,1.11669921875,2.66064453125,1.24462890625,1.04296875,0.70068359375
3648,0.8339843750000001,1.29931640625,2.84716796875,0.81787109375,1.25341796875,0.81103515625
3649,0.810546875,1.04345703125,2.69580078125,0.791015625,1.060546875,0.8056640625000001
3650,0.4970703125000001,1.21923828125,2.59619140625,0.8979492187500001,1.23193359375,0.6484375
3651,0.64892578125,1.21240234375,2.59130859375,0.7861328125,1.08251953125,0.82958984375
3652,0.6220703125,0.6767578125,2.66943359375,0.8149414062500001,1.28125,0.76318359375
3653,0.8164062500000001,0.55078125,2.48095703125,0.79541015625,0.8759765625000001,0.9272460937500001
3654,0.8984375,0.9482421875,2.54931640625,1.21826171875,1.14453125,0.9482421875
3655,1.09130859375,0.876953125,2.49462890625,1.0322265625,0.908203125,0.9462890625
3656,0.8876953125,0.955078125,2.75537109375,0.74951171875,1.06787109375,1.2646484375
3657,1.08154296875,1.0498046875,2.5400390625,0.7705078125000001,1.111328125,1.3056640625
3658,0.9775390625,1.2578125,2.68359375,0.92724609375,0.86181640625,0.8017578125000002
3659,0.939453125,1.24267578125,2.56689453125,0.7900390625,0.69482421875,0.833984375
3660,1.0869140625,1.2744140625,2.9912109375,1.091796875,0.73974609375,0.9238281250000001
3661,1.23974609375,1.12255859375,2.8017578125,1.03515625,0.7377929687500001,1.04296875
3662,0.6479492187500001,0.732421875,2.54345703125,1.30615234375,0.8515625000000001,0.875
3663,0.8603515625,0.68310546875,2.36572265625,1.1142578125,0.884765625,0.96044921875
3664,0.5009765625000001,0.865234375,2.5361328125,0.67138671875,0.7207031250000001,0.8720703125
3665,0.7260742187500001,0.83837890625,2.4609375,0.4960937500000001,0.46386718750000006,0.8837890625
3666,0.8046875,1.0224609375,2.6337890625,0.94970703125,1.03466796875,0.7734375000000001
3667,0.7392578125,1.06689453125,2.51708984375,0.9057617187500001,0.89501953125,0.7568359375
3668,0.86328125,1.04443359375,2.56884765625,0.935546875,1.2275390625,0.87109375
3669,0.9794921875,1.0341796875,2.44384765625,0.79296875,1.33056640625,1.24755859375
3670,0.9853515625,0.79345703125,2.52880859375,1.01123046875,0.6923828125,0.9208984375
3671,1.09814453125,0.8623046875,2.52197265625,0.8149414062500001,0.6445312500000001,1.04296875
3672,0.77001953125,0.9208984375,2.66259765625,0.6259765625,0.6074218750000001,1.07958984375
3673,0.86474609375,0.90576171875,2.50244140625,0.50537109375,0.45849609375000006,1.22509765625
3674,0.587890625,1.408203125,2.869140625,0.93408203125,1.2626953125,1.31396484375
3675,0.8007812500000001,1.35498046875,2.77197265625,0.85546875,1.0400390625,1.2021484375
3676,0.748046875,1.14892578125,2.947265625,0.8188476562500001,1.091796875,0.59521484375
3677,0.7167968750000001,1.107421875,2.85107421875,0.56494140625,0.9921875,0.7880859375
3678,0.68017578125,1.09765625,2.57666015625,0.9628906250000001,1.2568359375,0.7763671875
3679,1.0068359375,0.92236328125,2.36865234375,0.78759765625,1.13916015625,0.74560546875
3680,0.62109375,1.04833984375,2.27294921875,0.96533203125,1.0556640625,0.619140625
3681,0.90234375,0.95166015625,2.2412109375,0.7539062500000001,0.9248046875,0.7041015625
3682,0.90869140625,1.08056640625,2.583984375,0.83251953125,1.1005859375,0.96484375
3683,1.22021484375,0.9736328125,2.400390625,0.7265625000000001,0.8344726562500001,1.00244140625
3684,0.85546875,1.37255859375,2.64599609375,1.16796875,1.29931640625,0.6416015625
3685,0.8735351562500001,1.015625,2.720703125,0.84033203125,0.990234375,0.6123046875
3686,1.23681640625,0.5122070312500002,2.70361328125,0.7919921875000001,1.03125,0.84375
3687,1.2880859375,0.61962890625,2.66357421875,0.63916015625,0.904296875,0.98583984375
3688,1.03857421875,0.763671875,2.501953125,0.79541015625,1.05322265625,1.27490234375
3689,1.05224609375,0.7607421875,2.4814453125,0.6298828125,0.7631835937500001,1.25146484375
3690,0.6518554687500001,1.01513671875,2.404296875,0.94140625,1.28857421875,0.5122070312500001
3691,0.8828125,1.00537109375,2.294921875,1.0478515625,0.90380859375,0.74462890625
3692,1.05908203125,0.94677734375,2.72998046875,0.97216796875,0.95703125,0.990234375
3693,1.19287109375,0.83056640625,2.67236328125,0.6943359375000001,0.73681640625,1.00341796875
3694,1.0107421875,0.9208984375,2.46240234375,0.83544921875,1.08251953125,0.6650390625
3695,1.19482421875,1.0458984375,2.392578125,0.8388671875,1.005859375,0.6894531250000001
3696,0.5683593750000001,1.2890625,2.28515625,0.7299804687500001,0.82177734375,0.953125
3697,0.8164062500000001,1.22998046875,2.1875,0.705078125,0.79541015625,0.9853515625
3698,0.6923828125,1.04443359375,2.73681640625,1.03466796875,0.90234375,1.08447265625
3699,0.8203125000000001,0.9882812500000001,2.78125,0.958984375,0.82666015625,1.0859375
3700,0.76513671875,1.2998046875,2.923828125,1.15869140625,1.029296875,0.80615234375
3701,0.91064453125,1.400390625,2.74658203125,1.15087890625,0.7158203125,0.927734375
3702,0.4150390625,1.1669921875,2.8720703125,0.7153320312500001,1.19970703125,0.79931640625
3703,0.4921875,1.17333984375,2.6767578125,0.564453125,1.0615234375,1.01806640625
3704,0.79736328125,1.28662109375,3.0947265625,0.783203125,0.6201171875,1.1689453125
3705,1.09619140625,1.2392578125,2.736328125,0.62451171875,0.765625,1.20947265625
3706,0.9453125,0.8876953125,2.82373046875,0.82861328125,1.0234375,0.93017578125
3707,0.93310546875,0.83056640625,2.77490234375,0.88134765625,0.93701171875,0.93603515625
3708,1.0048828125,1.35009765625,2.697265625,0.697265625,0.5888671875000001,1.25927734375
3709,0.93359375,1.2744140625,2.5771484375,0.7299804687500001,0.4638671875,1.14208984375
3710,0.85400390625,0.6982421875,2.75,0.70068359375,1.0009765625,1.07666015625
3711,0.841796875,0.80517578125,2.58154296875,0.52587890625,0.61279296875,1.072265625
3712,0.97314453125,0.9111328125,2.77392578125,0.8994140625,1.21826171875,0.94580078125
3713,1.0927734375,0.93505859375,2.5419921875,0.7524414062500001,0.94970703125,1.01806640625
3714,0.60986328125,0.9858398437500001,2.8623046875,1.09326171875,0.80419921875,0.92333984375
3715,0.67041015625,0.994140625,2.72998046875,1.18701171875,0.7001953125,0.9541015625
3716,0.79541015625,0.81298828125,2.52783203125,1.02294921875,1.31982421875,0.7861328125
3717,0.7543945312500001,0.75341796875,2.291015625,0.97021484375,0.9589843750000001,0.9853515625
3718,0.71875,0.94384765625,2.48291015625,0.8076171875,0.703125,0.71044921875
3719,1.044921875,0.88134765625,2.43505859375,0.6098632812500001,0.5849609375,0.98583984375
3720,0.96728515625,1.2373046875,2.681640625,0.64404296875,1.26416015625,0.560546875
3721,1.03076171875,1.11474609375,2.5107421875,0.5776367187500001,0.94677734375,0.7880859375
3722,0.826171875,1.2021484375,2.6181640625,1.08251953125,0.876953125,0.7978515625
3723,1.0458984375,1.0830078125,2.525390625,0.87890625,0.73291015625,0.81494140625
3724,0.7158203125,1.150390625,2.37744140625,1.14697265625,0.74462890625,1.0166015625
3725,0.76025390625,1.2177734375,2.4375,1.0078125,0.5854492187500001,1.26171875
3726,0.8613281250000001,0.65966796875,2.4267578125,0.84619140625,1.0771484375,0.76220703125
3727,1.08203125,0.7324218750000001,2.38134765625,0.884765625,1.1220703125,0.8701171875
3728,0.6953125,1.07666015625,2.95458984375,0.87109375,0.78173828125,0.94140625
3729,0.96875,0.998046875,2.861328125,0.7773437500000001,0.6342773437500001,1.1552734375
3730,0.701171875,0.71044921875,2.8369140625,0.9462890625,1.099609375,1.00537109375
3731,0.8818359375,0.9052734375000001,2.81494140625,0.7509765625,0.88134765625,1.046875
3732,1.12353515625,0.96923828125,2.7373046875,1.1201171875,1.130859375,0.69482421875
3733,1.12451171875,0.80224609375,2.75830078125,0.92822265625,0.97412109375,0.787109375
3734,0.84912109375,1.18505859375,2.50927734375,0.88134765625,0.6767578125,0.6767578125
3735,0.7841796875,0.94140625,2.4794921875,0.9951171875,0.6796875,0.5908203125
3736,1.04541015625,0.90283203125,2.943359375,0.8564453125,1.033203125,0.71630859375
3737,1.125,0.857421875,2.7783203125,0.96337890625,0.8129882812500001,0.8544921875000001
3738,0.81591796875,1.0693359375,2.685546875,0.8876953125,1.17431640625,0.5703125
3739,1.09228515625,1.02099609375,2.78271484375,0.869140625,0.7900390625,0.63232421875
3740,0.93798828125,0.892578125,2.64306640625,0.7099609375,1.19775390625,0.77392578125
3741,0.9179687500000001,0.919921875,2.63525390625,0.79248046875,1.0673828125,1.16796875
3742,0.9404296875000001,0.92236328125,2.55029296875,0.7900390625000002,1.21240234375,0.7167968750000001
3743,1.1552734375,0.9584960937500001,2.4814453125,0.765625,1.142578125,0.86328125
3744,0.95947265625,0.998046875,2.82470703125,1.04541015625,1.34326171875,1.06201171875
3745,1.17431640625,0.93408203125,2.671875,0.8994140625,0.97412109375,1.091796875
3746,1.1416015625,0.9599609375,2.4912109375,0.9316406250000001,0.95947265625,1.03759765625
3747,1.1689453125,0.8320312500000001,2.5029296875,0.9150390625,0.82421875,1.1748046875
3748,1.00390625,0.99658203125,2.35888671875,0.92822265625,0.7416992187500001,0.60205078125
3749,0.94677734375,1.1708984375,2.2041015625,0.845703125,0.6318359375,0.69140625
3750,0.875,0.9794921875,2.337890625,1.22998046875,0.90185546875,0.59619140625
3751,1.27685546875,1.17578125,2.31787109375,1.16748046875,0.7978515625000001,0.77294921875
3752,0.8603515625000001,1.0546875,2.73291015625,1.06640625,1.1416015625,0.9970703125
3753,0.7958984375,0.8608398437500001,2.64599609375,1.08984375,0.93798828125,1.19091796875
3754,0.73583984375,1.0830078125,2.77783203125,0.99755859375,0.9370117187500001,1.1328125
3755,0.958984375,1.02587890625,2.77294921875,1.0126953125,0.79052734375,1.14111328125
3756,0.87841796875,0.8642578125,2.76953125,0.79296875,1.25048828125,0.92236328125
3757,0.9208984375,0.7626953125000001,2.60986328125,0.845703125,1.0009765625,0.88134765625
3758,0.9599609375,0.8691406250000001,2.40087890625,0.76953125,0.8720703125,0.97607421875
3759,1.083984375,0.76904296875,2.3857421875,0.603515625,0.8232421875000001,0.95947265625
3760,0.6572265625000001,1.24267578125,2.69384765625,1.12841796875,0.89794921875,0.802734375
3761,0.94482421875,1.10498046875,2.43505859375,1.076171875,0.7558593750000001,1.0400390625
3762,0.7314453125,0.68310546875,2.53564453125,0.9609375,1.291015625,0.7607421875000001
3763,1.048828125,0.6025390625,2.52001953125,0.9345703125,1.220703125,0.8544921875
3764,0.56298828125,0.85009765625,2.63818359375,1.11572265625,1.4716796875,0.9453125
3765,0.7749023437500002,0.9638671875,2.53173828125,0.94677734375,1.20263671875,1.01220703125
3766,0.5810546875000001,1.0947265625,2.83740234375,0.96240234375,0.70263671875,1.28466796875
3767,0.7158203125,1.16357421875,2.68896484375,0.794921875,0.60400390625,1.1943359375
3768,0.7001953125,1.03466796875,2.64501953125,0.8662109375,0.79638671875,0.7275390625000001
3769,0.7519531250000001,0.9453125,2.50634765625,0.9013671875,0.7368164062500001,0.85400390625
3770,0.57080078125,0.962890625,2.8115234375,0.70361328125,1.16845703125,0.8759765625
3771,0.77880859375,1.017578125,2.68017578125,0.4853515625000001,0.8691406250000001,0.82080078125
3772,1.05908203125,0.89599609375,2.37255859375,0.89599609375,0.921875,0.6748046875000001
3773,1.1923828125,0.92333984375,2.2958984375,0.7055664062500001,0.7685546875000001,0.9560546875
3774,0.7021484375,0.658203125,2.8701171875,0.9208984375,1.24609375,0.63818359375
3775,0.8125000000000001,0.78564453125,2.63818359375,0.6826171875000001,0.92822265625,0.9306640625
3776,0.7353515625000001,1.083984375,2.6640625,1.095703125,0.6201171875,0.75927734375
3777,0.93310546875,0.9169921875,2.39013671875,0.98974609375,0.39599609375,0.9501953125
3778,0.9013671875,1.0712890625,2.240234375,1.23046875,1.15576171875,0.7275390625
3779,1.0302734375,0.9697265625,2.20849609375,0.9672851562500001,0.87109375,0.8671875
3780,0.75927734375,0.8837890625,2.58154296875,0.591796875,1.1826171875,0.76025390625
3781,0.7944335937500001,0.8613281250000001,2.5556640625,0.46630859375,0.8447265625,0.8168945312500001
3782,1.1630859375,1.14697265625,2.8662109375,1.19580078125,0.92529296875,0.77880859375
3783,1.20166015625,1.17138671875,2.62841796875,0.8203125,0.6767578125,0.91259765625
3784,0.6748046875,0.81591796875,2.763671875,0.9228515625,0.9916992187500001,0.8623046875
3785,0.7265625,0.7880859375,2.68408203125,0.8212890625000001,0.71435546875,1.06201171875
3786,0.67724609375,0.8574218750000001,2.69287109375,0.6240234375000001,0.7421875000000001,1.1728515625
3787,1.076171875,0.751953125,2.435546875,0.5732421875,0.63427734375,1.2783203125
3788,0.8544921875000001,1.03955078125,2.693359375,1.07763671875,0.8623046875,0.947265625
3789,0.95703125,1.0048828125,2.68115234375,1.091796875,0.79931640625,0.9956054687500001
3790,0.974609375,0.7861328125,2.58056640625,0.8325195312500001,1.0732421875,1.05419921875
3791,1.23828125,0.7968750000000001,2.5693359375,0.6865234375,0.9643554687500001,0.92724609375
3792,1.07958984375,1.12109375,3.00439453125,0.7802734375,0.55078125,1.05322265625
3793,1.39404296875,1.0791015625,2.77685546875,0.61181640625,0.51904296875,1.087890625
3794,1.10888671875,0.9833984375,2.40966796875,1.2939453125,1.216796875,0.8310546875
3795,1.216796875,1.12939453125,2.31103515625,1.06103515625,1.11962890625,0.85302734375
3796,0.98974609375,0.82763671875,2.67041015625,0.9560546875,1.02685546875,1.19775390625
3797,0.9853515625000001,0.9384765625,2.63671875,0.90185546875,0.7221679687500001,1.203125
3798,0.88623046875,0.853515625,2.80908203125,1.041015625,0.8603515625,0.5366210937500001
3799,1.0458984375,0.9091796875,2.716796875,0.9833984375,0.69580078125,0.73876953125
3800,0.6977539062500001,0.54150390625,2.72705078125,0.67236328125,1.3466796875,0.6728515625
3801,0.96533203125,0.6298828125,2.59033203125,0.6958007812500001,1.140625,0.6831054687500001
3802,0.9604492187500001,1.2041015625,2.541015625,1.0107421875,1.04541015625,0.9296875
3803,1.0478515625,1.21142578125,2.45654296875,0.94287109375,0.80712890625,1.05419921875
3804,0.794921875,0.8876953125,2.57666015625,1.06689453125,0.91650390625,0.7207031250000001
3805,0.958984375,0.90087890625,2.44921875,1.07421875,0.77978515625,0.86767578125
3806,1.09326171875,1.2392578125,2.6396484375,0.89501953125,0.951171875,0.65185546875
3807,1.09912109375,1.20068359375,2.54736328125,0.6772460937500001,0.64208984375,0.603515625
3808,0.69482421875,1.12255859375,2.54931640625,1.248046875,1.126953125,0.8134765625
3809,1.04296875,0.984375,2.3798828125,1.1748046875,1.08056640625,1.03173828125
3810,0.53369140625,0.95458984375,2.67138671875,0.93994140625,0.9140625,1.00732421875
3811,0.71337890625,0.92724609375,2.60791015625,0.8623046875,0.98779296875,0.8798828125
3812,0.7412109375,1.1767578125,2.63720703125,0.76513671875,0.82958984375,1.021484375
3813,0.822265625,1.203125,2.47216796875,0.7124023437500001,0.7871093750000001,0.96435546875
3814,0.6352539062500001,1.162109375,2.67529296875,1.12646484375,0.90478515625,0.6855468750000001
3815,0.83203125,1.10107421875,2.60009765625,1.04052734375,0.75146484375,0.9814453125
3816,0.7646484375,0.81884765625,2.99609375,1.03173828125,0.685546875,0.546875
3817,0.9252929687500001,0.931640625,2.70947265625,0.9208984375000001,0.5903320312500002,0.724609375
3818,0.87255859375,0.892578125,2.60546875,0.8857421875,0.92578125,0.92578125
3819,0.91162109375,0.7973632812500001,2.52978515625,0.80029296875,0.6972656250000002,1.0390625
3820,0.70703125,1.25537109375,2.53564453125,1.0517578125,0.77783203125,0.8203125
3821,0.6904296875000001,1.28759765625,2.4521484375,1.095703125,0.7490234375,0.78076171875
3822,1.21728515625,0.9814453125,2.66259765625,1.11181640625,1.20458984375,0.8203125
3823,1.1611328125,0.93310546875,2.64794921875,1.06201171875,1.111328125,1.0615234375
3824,1.05126953125,0.75634765625,2.6845703125,0.990234375,1.216796875,0.7241210937500001
3825,0.9326171875,0.6850585937500001,2.43701171875,0.93798828125,0.77392578125,0.79736328125
3826,0.7944335937500001,1.0087890625,2.86767578125,0.6069335937500001,0.88330078125,0.61669921875
3827,0.94189453125,1.03173828125,2.68212890625,0.501953125,0.7348632812500001,0.7685546875000001
3828,0.78564453125,0.69384765625,2.947265625,0.9130859375,0.83935546875,0.73583984375
3829,0.9291992187500001,0.7128906250000001,2.68115234375,0.8037109375,0.6396484375000001,0.92724609375
3830,1.05908203125,1.03662109375,2.76318359375,0.86181640625,1.18310546875,1.001953125
3831,1.134765625,0.96337890625,2.7470703125,0.71044921875,1.04443359375,0.8642578125
3832,0.8701171875,1.12939453125,2.7021484375,1.3505859375,1.02734375,1.2314453125
3833,0.94677734375,1.00048828125,2.77734375,1.0634765625,0.9990234375,1.03564453125
3834,0.53271484375,0.7143554687500001,2.6455078125,1.21533203125,0.99169921875,0.75244140625
3835,0.640625,0.58056640625,2.47412109375,1.2060546875,0.8481445312500001,0.80859375
3836,0.9736328125,1.015625,2.734375,0.6171875,0.8876953125,0.8876953125
3837,1.1259765625,1.03515625,2.658203125,0.5830078125,0.68359375,0.92919921875
3838,0.90625,0.9858398437500001,2.458984375,1.10498046875,1.00830078125,0.7885742187500001
3839,1.10205078125,0.90087890625,2.3759765625,1.07958984375,1.1455078125,1.07666015625
3840,0.8466796875,1.08984375,2.72314453125,0.60693359375,1.02197265625,0.55224609375
3841,0.91064453125,1.00439453125,2.65625,0.51416015625,0.8837890625,0.73193359375
3842,0.7685546875,1.2861328125,2.72802734375,1.05322265625,0.69140625,0.7426757812500001
3843,1.01220703125,1.123046875,2.54931640625,0.9365234375,0.677734375,0.88427734375
3844,0.634765625,0.8344726562500001,2.33544921875,1.01708984375,1.13232421875,0.73291015625
3845,0.9638671875,1.0771484375,2.16845703125,0.90966796875,0.8964843750000001,0.8657226562500001
3846,0.810546875,0.8427734375,2.37841796875,0.96875,0.884765625,0.89111328125
3847,0.93798828125,0.9833984375,2.234375,0.853515625,0.6953125000000001,0.9150390625
3848,0.70361328125,1.1572265625,2.56396484375,0.62353515625,1.0400390625,0.97998046875
3849,0.92822265625,1.076171875,2.59130859375,0.4565429687500001,0.8784179687500001,1.20654296875
3850,0.80029296875,0.94580078125,2.85400390625,0.7255859375,0.8442382812500001,0.81201171875
3851,0.77685546875,0.98486328125,2.6259765625,0.66455078125,0.83935546875,0.9873046875
3852,1.087890625,0.57421875,2.6103515625,1.21923828125,1.18603515625,1.16455078125
3853,1.15087890625,0.61572265625,2.49755859375,1.173828125,1.083984375,1.1904296875
3854,0.9765625,1.1181640625,2.68994140625,1.2880859375,0.76611328125,0.93212890625
3855,0.93505859375,0.90234375,2.568359375,1.15673828125,0.6489257812500001,0.9794921875000001
3856,0.51953125,1.00341796875,2.40966796875,0.78515625,1.197265625,0.48388671875
3857,0.8369140625,0.84814453125,2.4501953125,0.6616210937500001,0.9951171875,0.66064453125
3858,0.94287109375,0.91650390625,2.8466796875,0.6865234375,1.16796875,0.708984375
3859,1.0244140625,0.8759765625,2.6455078125,0.6132812500000001,0.9814453125,0.7612304687500001
3860,0.75634765625,0.61328125,2.642578125,1.05419921875,0.84716796875,0.93115234375
3861,0.93994140625,0.642578125,2.59423828125,0.88037109375,1.015625,1.10546875
3862,0.8935546875,1.10546875,2.7861328125,0.517578125,1.0859375,0.7285156250000001
3863,1.107421875,1.13232421875,2.61572265625,0.44921875,0.77587890625,0.8564453125
3864,0.6147460937500001,1.12109375,2.68994140625,1.01806640625,0.7543945312500001,0.83056640625
3865,0.7392578125,1.09033203125,2.70068359375,1.09423828125,0.68310546875,0.86376953125
3866,0.98974609375,1.0166015625,2.31689453125,0.72998046875,1.18798828125,0.7646484375
3867,1.16943359375,0.888671875,2.33544921875,0.6284179687500001,0.830078125,0.90234375
3868,0.80712890625,0.8164062500000001,2.64599609375,0.68603515625,0.99169921875,0.75830078125
3869,1.17529296875,0.83251953125,2.72265625,0.552734375,0.82568359375,0.9111328125
3870,0.6347656250000001,1.0478515625,2.83984375,0.98876953125,0.9794921875,0.59033203125
3871,0.8515625,0.982421875,2.56201171875,1.1025390625,0.9155273437500001,0.7998046875000001
3872,0.78955078125,0.83740234375,2.61962890625,0.7924804687500001,1.20361328125,1.01611328125
3873,0.9033203125,0.955078125,2.564453125,0.77880859375,1.0166015625,1.10205078125
3874,0.89892578125,0.6875,2.94677734375,0.97021484375,0.97216796875,0.63916015625
3875,1.16650390625,0.7099609375,2.77099609375,1.10302734375,0.80615234375,0.71435546875
3876,0.6845703125000001,0.99951171875,2.8173828125,0.85693359375,0.8632812500000001,1.0673828125
3877,0.884765625,1.0556640625,2.7119140625,0.8662109375,0.8974609375,1.3212890625
3878,0.59326171875,0.970703125,2.7197265625,0.82763671875,0.8979492187500001,1.0576171875
3879,0.7412109375,0.89599609375,2.71826171875,0.5332031250000001,0.8837890625,1.0703125
3880,0.7265625,1.0126953125,2.46826171875,0.77490234375,1.09130859375,0.876953125
3881,0.86474609375,1.05419921875,2.341796875,0.68115234375,0.8115234375,0.82275390625
3882,0.91748046875,1.015625,2.68310546875,0.7778320312500001,0.88623046875,1.12890625
3883,1.1845703125,0.97119140625,2.677734375,0.77978515625,0.91064453125,1.19287109375
3884,0.6591796875000001,1.01416015625,2.83544921875,1.1845703125,0.75732421875,0.8779296875
3885,0.74951171875,1.3349609375,2.845703125,1.2373046875,0.55224609375,0.9365234375
3886,0.8017578125,0.93017578125,2.63916015625,0.72314453125,0.724609375,0.81787109375
3887,1.1767578125,1.080078125,2.5322265625,0.6323242187500001,0.654296875,0.83056640625
3888,1.306640625,0.771484375,2.470703125,0.85009765625,1.04052734375,0.8593750000000001
3889,1.28564453125,1.00732421875,2.4072265625,0.6123046875000001,0.8828125,1.00830078125
3890,1.23876953125,1.03515625,2.48779296875,1.11962890625,0.91259765625,0.9677734375000001
3891,1.12060546875,1.005859375,2.310546875,1.0634765625,0.7880859375,0.916015625
3892,0.65625,0.869140625,2.4951171875,0.4916992187500002,0.7514648437500001,0.998046875
3893,0.7202148437500001,0.96875,2.44384765625,0.5009765625,0.66162109375,1.04638671875
3894,0.74560546875,0.734375,2.515625,0.9111328125,1.28076171875,0.77001953125
3895,0.8857421875,0.8173828125,2.408203125,0.77099609375,0.9736328125,0.7993164062500001
3896,0.71240234375,1.20068359375,2.63330078125,0.7900390625000001,0.759765625,0.453125
3897,0.83203125,1.08447265625,2.43359375,0.66796875,0.6298828125,0.72705078125
3898,0.6489257812500001,1.015625,2.79541015625,0.7055664062500001,0.88134765625,0.6533203125000001
3899,0.755859375,0.9150390625,2.51904296875,0.81201171875,0.68408203125,0.908203125
3900,0.986328125,0.830078125,2.87548828125,0.87890625,0.8334960937500001,1.09375
3901,1.0458984375,0.890625,2.818359375,1.08544921875,0.794921875,1.009765625
3902,0.92724609375,1.3447265625,2.5322265625,0.98779296875,1.18408203125,0.88427734375
3903,0.9189453125,1.13330078125,2.4775390625,1.0126953125,1.03271484375,1.01416015625
3904,0.6040039062500001,0.73046875,2.4326171875,0.798828125,0.83154296875,0.9067382812500001
3905,0.720703125,0.736328125,2.44580078125,0.7958984375000001,0.8515625000000001,1.0234375
3906,0.91650390625,1.2197265625,2.607421875,0.5341796875,0.88232421875,0.71826171875
3907,0.8457031250000001,1.26708984375,2.68798828125,0.4677734375,0.73193359375,0.7319335937500001
3908,0.6342773437500001,0.94775390625,2.912109375,0.9287109375,0.9384765625,0.7431640625
3909,0.908203125,0.775390625,2.78759765625,1.06884765625,0.70458984375,0.7617187500000001
3910,0.8969726562500001,1.13916015625,2.775390625,0.8798828125,0.97216796875,0.8515625
3911,1.11962890625,0.95263671875,2.5458984375,0.8271484375,0.63134765625,0.904296875
3912,0.7436523437500001,0.79345703125,2.36279296875,0.65869140625,0.7719726562500001,1.01123046875
3913,0.779296875,0.6777343750000001,2.2470703125,0.59228515625,0.65283203125,1.1171875
3914,1.0380859375,0.7778320312500001,2.4560546875,1.05224609375,1.18017578125,0.6669921875
3915,1.34375,0.91455078125,2.35693359375,0.92822265625,0.93115234375,0.7788085937500001
3916,1.2001953125,1.3056640625,2.6474609375,0.83935546875,0.8779296875,0.70556640625
3917,1.11669921875,1.1884765625,2.634765625,0.94775390625,0.810546875,0.79296875
3918,0.70263671875,1.10498046875,2.54150390625,0.89013671875,0.95458984375,0.9252929687500001
3919,0.9111328125,1.02197265625,2.328125,0.7470703125,0.6474609375,0.99365234375
3920,0.60107421875,0.92822265625,2.46728515625,1.072265625,0.96826171875,0.7197265625
3921,0.75048828125,0.96337890625,2.32421875,0.8388671875000001,0.7080078125,0.7304687500000001
3922,0.91064453125,1.0302734375,2.7509765625,1.08056640625,0.8369140625,0.72998046875
3923,1.224609375,1.1259765625,2.64013671875,0.9658203125000001,0.8017578125,1.03271484375
3924,0.9589843750000001,1.27587890625,2.7607421875,0.77001953125,1.11083984375,0.95654296875
3925,1.05224609375,1.20361328125,2.7568359375,0.62451171875,0.82958984375,1.16796875
3926,0.85205078125,1.22900390625,2.63623046875,0.9013671875,1.1962890625,0.7216796875
3927,0.8710937500000001,1.08447265625,2.5517578125,0.6606445312500001,1.005859375,0.78759765625
3928,0.5786132812500001,0.9287109375,2.4072265625,0.96875,0.85888671875,0.787109375
3929,0.6435546875,1.00244140625,2.28076171875,1.029296875,0.82763671875,0.6943359375
3930,1.0078125,0.8305664062500001,2.60693359375,1.01025390625,0.79052734375,0.66748046875
3931,1.171875,0.662109375,2.6513671875,0.77685546875,0.57421875,0.84033203125
3932,0.97412109375,1.08740234375,2.69287109375,1.05712890625,1.14453125,0.7802734375
3933,1.19189453125,0.93505859375,2.55517578125,0.89404296875,1.04296875,0.91357421875
3934,0.8408203125,0.935546875,2.81591796875,0.9560546875,1.35009765625,1.24609375
3935,1.0439453125,0.8520507812500001,2.76806640625,0.6738281250000001,1.1181640625,1.42138671875
3936,0.68798828125,1.47412109375,2.5791015625,0.830078125,1.21630859375,0.76171875
3937,0.98876953125,1.1943359375,2.73388671875,0.7695312500000001,1.1533203125,0.71337890625
3938,0.6435546875,0.80810546875,2.5478515625,1.14794921875,0.9130859375,0.6425781250000001
3939,0.94873046875,0.9565429687500001,2.5986328125,1.0478515625,0.7163085937500001,0.9296875
3940,1.13427734375,0.92529296875,2.58251953125,0.970703125,1.060546875,0.8388671875
3941,1.353515625,0.87744140625,2.578125,0.681640625,0.75341796875,0.76220703125
3942,0.87353515625,0.99951171875,2.71923828125,0.98486328125,0.94091796875,1.00146484375
3943,1.0751953125,0.9384765625,2.58935546875,1.00830078125,0.84716796875,0.8544921875
3944,0.84130859375,0.8994140625,2.650390625,0.6049804687500001,1.1748046875,0.8037109375
3945,1.021484375,0.87109375,2.4814453125,0.61572265625,1.0283203125,1.064453125
3946,0.84130859375,0.94091796875,2.59326171875,0.8837890625,1.0986328125,0.8208007812500001
3947,0.890625,0.87890625,2.68115234375,0.75830078125,1.0048828125,1.08056640625
3948,0.87646484375,1.12158203125,2.69677734375,1.21337890625,1.4013671875,0.91845703125
3949,0.9853515625000001,1.26513671875,2.5546875,1.1630859375,0.900390625,1.01318359375
3950,0.79931640625,1.2109375,2.58837890625,0.9580078125,1.044921875,0.9013671875
3951,0.8862304687500001,1.015625,2.6552734375,0.89453125,0.6918945312500001,0.8828125
3952,0.8251953125,0.9897460937500001,2.7578125,1.11328125,0.9833984375,0.8173828125000001
3953,0.8134765625,1.0400390625,2.68408203125,1.15869140625,0.68505859375,1.09033203125
3954,0.7529296875,0.7080078125000001,2.712890625,0.6596679687500001,0.9599609375,1.09423828125
3955,0.966796875,0.81787109375,2.7568359375,0.58740234375,0.6865234375,1.20751953125
3956,0.7885742187500001,0.86962890625,3.00830078125,0.94287109375,1.1162109375,0.69189453125
3957,0.74462890625,0.86474609375,2.77099609375,0.9174804687500001,0.8193359375,0.6171875000000001
3958,0.98681640625,0.9892578125,2.8212890625,0.8212890625000001,1.14794921875,0.396484375
3959,1.15283203125,1.0556640625,2.7470703125,0.77880859375,1.28515625,0.7255859375
3960,0.53369140625,0.9599609375,2.49951171875,0.982421875,1.1103515625,0.89697265625
3961,0.763671875,0.9306640625,2.435546875,0.85400390625,1.0322265625,0.8427734375
3962,0.9155273437500001,0.9267578125,2.57763671875,0.78271484375,1.1083984375,0.67529296875
3963,1.0478515625,1.09716796875,2.53662109375,0.69189453125,1.22314453125,0.841796875
3964,0.54052734375,0.9384765625000001,2.91650390625,0.85546875,1.42822265625,0.8037109375000001
3965,0.7333984375,1.01220703125,2.751953125,0.7163085937500001,1.1298828125,0.9609375
3966,0.8173828125,0.86376953125,2.71923828125,1.0615234375,1.29833984375,1.0693359375
3967,0.89501953125,0.85546875,2.64599609375,1.107421875,1.16796875,1.07666015625
3968,0.7548828125,0.82177734375,2.52783203125,0.8779296875,1.146484375,0.931640625
3969,0.9267578125,0.78857421875,2.43212890625,0.7104492187500002,0.99072265625,0.85107421875
3970,0.7548828125,1.22265625,2.44482421875,0.8037109375,0.91455078125,0.95556640625
3971,0.95458984375,1.09423828125,2.42431640625,0.70654296875,0.6875000000000001,1.12646484375
3972,1.00634765625,0.998046875,2.93505859375,0.75927734375,0.8232421875,0.7109375000000002
3973,1.1484375,0.85986328125,2.6201171875,0.65087890625,0.669921875,0.7465820312500001
3974,0.88720703125,0.87060546875,2.357421875,1.02783203125,0.76708984375,0.87255859375
3975,1.0712890625,0.916015625,2.35693359375,0.9775390625,0.8212890625,1.08154296875
3976,1.02294921875,0.94140625,2.63330078125,0.939453125,0.8994140625,0.8486328125
3977,1.04736328125,1.07666015625,2.4521484375,0.9404296875,0.84326171875,0.8710937500000001
3978,1.26953125,0.86865234375,2.54541015625,0.87646484375,0.92919921875,0.8173828125000001
3979,1.146484375,0.9091796875,2.4326171875,0.78857421875,0.84375,0.85595703125
3980,1.15673828125,0.822265625,2.580078125,1.01904296875,0.8095703125,0.865234375
3981,0.994140625,0.92041015625,2.61083984375,0.912109375,0.9052734375,1.0
3982,0.8583984375,0.89794921875,2.4150390625,0.7714843750000001,1.20068359375,1.0302734375
3983,0.77734375,0.84375,2.35888671875,0.72412109375,0.88623046875,0.99267578125
3984,0.78271484375,1.11181640625,2.67578125,1.236328125,1.03857421875,1.20361328125
3985,0.8071289062500001,1.18505859375,2.54150390625,1.3388671875,0.892578125,1.166015625
3986,1.02197265625,0.69140625,2.87451171875,0.73828125,1.1025390625,0.81640625
3987,1.263671875,0.71240234375,2.7001953125,0.7460937500000001,1.0234375,0.9599609375
3988,0.7792968750000001,0.95947265625,2.4931640625,0.794921875,1.44580078125,1.0302734375
3989,0.74072265625,0.9990234375,2.37451171875,0.6875000000000001,0.99755859375,1.02783203125
3990,0.8359375,1.12939453125,2.953125,1.0068359375,1.16796875,0.7075195312500002
3991,1.01806640625,0.98779296875,2.90087890625,0.8857421875000001,0.86474609375,0.7744140625000001
3992,0.68115234375,1.0205078125,2.388671875,0.93310546875,1.056640625,1.12109375
3993,0.55322265625,0.8295898437500001,2.4501953125,0.97314453125,1.08447265625,1.0849609375
3994,0.62841796875,1.1953125,2.537109375,0.85498046875,1.10791015625,1.1025390625
3995,0.88427734375,1.08642578125,2.4404296875,1.0634765625,1.02734375,1.09912109375
3996,0.89697265625,1.2255859375,2.50244140625,1.11962890625,1.193359375,0.60693359375
3997,1.0419921875,1.140625,2.51171875,1.052734375,1.19189453125,0.71435546875
3998,0.80517578125,1.08251953125,2.79443359375,0.87646484375,1.06494140625,0.865234375
3999,1.080078125,1.13134765625,2.6962890625,0.94970703125,0.9755859375,0.7968750000000001
4000,0.931640625,1.18701171875,2.79296875,0.97509765625,1.03369140625,0.61279296875
4001,0.99755859375,1.119140625,2.91796875,0.9267578125,0.6621093750000001,0.720703125
4002,0.87255859375,0.71875,2.8408203125,0.859375,1.10205078125,0.6904296875
4003,1.29931640625,0.6352539062500001,2.63134765625,0.8779296875,0.8002929687500001,0.77880859375
4004,1.17578125,1.17431640625,2.70703125,0.64599609375,1.05126953125,0.91162109375
4005,1.13232421875,1.1484375,2.68359375,0.5332031250000001,1.08056640625,1.03271484375
4006,0.75244140625,0.671875,2.43798828125,0.91357421875,1.09423828125,0.82177734375
4007,0.8520507812500001,0.64697265625,2.44921875,0.81396484375,1.2099609375,0.9375
4008,0.8105468750000001,1.0380859375,2.6142578125,1.0791015625,0.93701171875,1.03173828125
4009,1.01318359375,0.875,2.4345703125,1.005859375,0.88330078125,1.09814453125
4010,1.29248046875,1.06103515625,2.8115234375,1.1396484375,1.30029296875,0.81396484375
4011,1.1767578125,1.03076171875,2.6181640625,0.99853515625,0.9165039062500001,1.025390625
4012,1.119140625,0.9765625,2.6318359375,0.955078125,1.08935546875,0.9111328125000001
4013,1.162109375,0.853515625,2.46826171875,0.9072265625,0.994140625,0.89306640625
4014,0.6640625,0.96484375,2.35986328125,0.9482421875,1.25634765625,0.9443359375
4015,0.74609375,0.92041015625,2.2880859375,1.01806640625,1.0458984375,0.9619140625
4016,0.76025390625,1.02880859375,2.6982421875,0.65185546875,0.771484375,0.6201171875
4017,0.81982421875,0.9843750000000001,2.5849609375,0.5546875,0.60888671875,0.77001953125
4018,1.06982421875,0.83740234375,2.94091796875,0.875,0.8847656250000001,0.65673828125
4019,1.04296875,0.74462890625,2.72998046875,0.7255859375000002,0.73291015625,0.81103515625
4020,0.96044921875,0.9970703125,2.6044921875,1.1240234375,1.037109375,0.8564453125
4021,0.8818359375,0.9448242187500001,2.58447265625,1.2470703125,0.6889648437500002,0.9345703125
4022,0.8583984375,1.1025390625,2.61279296875,0.98095703125,1.1884765625,0.5639648437500001
4023,0.966796875,1.11328125,2.56591796875,0.732421875,1.21044921875,0.79541015625
4024,0.85302734375,0.9511718750000001,2.45654296875,0.82275390625,1.07763671875,1.2568359375
4025,1.052734375,0.93017578125,2.50634765625,0.70751953125,0.99365234375,0.98193359375
4026,0.8466796875,1.39453125,2.6923828125,0.75732421875,1.2265625,0.95654296875
4027,1.00537109375,1.26708984375,2.5576171875,0.8154296875,0.90673828125,1.05859375
4028,1.03466796875,0.890625,2.7265625,0.8681640625,0.88037109375,0.91748046875
4029,1.09423828125,0.8359375,2.6015625,0.8623046875,1.09326171875,1.05322265625
4030,1.20556640625,1.24365234375,2.82275390625,0.8427734375,0.86083984375,0.693359375
4031,1.23876953125,1.39208984375,2.7451171875,0.8393554687500001,0.70703125,0.93212890625
4032,0.55908203125,0.96484375,2.826171875,1.29833984375,1.1494140625,0.61669921875
4033,0.837890625,0.8876953125,2.8095703125,1.1025390625,1.19287109375,0.8427734375
4034,0.5981445312500001,0.689453125,2.8251953125,1.10595703125,1.1201171875,1.146484375
4035,0.6904296875,0.751953125,2.490234375,0.9951171875000001,1.013671875,1.00439453125
4036,0.7314453125,0.64501953125,2.88525390625,0.92822265625,1.08642578125,1.0400390625
4037,0.8227539062500001,0.63916015625,2.77880859375,0.82470703125,1.0224609375,1.03076171875
4038,1.22705078125,0.67626953125,2.71484375,0.8212890625,0.79052734375,0.73193359375
4039,1.28759765625,0.68408203125,2.4560546875,0.7236328125,0.90185546875,0.82373046875
4040,0.93359375,1.2763671875,2.349609375,0.9609375,1.00390625,0.91064453125
4041,1.02197265625,1.2197265625,2.283203125,1.00048828125,0.974609375,0.9326171875
4042,0.86181640625,1.50537109375,2.66796875,1.01953125,0.8662109375,0.765625
4043,0.99462890625,1.42431640625,2.7685546875,0.91748046875,0.603515625,0.90869140625
4044,0.609375,1.0283203125,2.96923828125,0.93017578125,0.9580078125,0.7119140625000001
4045,0.88916015625,1.04248046875,2.68896484375,0.8525390625,0.7050781250000001,0.82275390625
4046,0.8037109375,1.1064453125,2.86474609375,1.24072265625,0.9848632812500001,0.76904296875
4047,0.8266601562500001,0.9619140625,2.783203125,0.9921875,0.994140625,0.9462890625
4048,0.59765625,0.7978515625,2.3740234375,0.87744140625,1.08251953125,0.7919921875
4049,0.6162109375,0.8623046875,2.33154296875,0.85498046875,1.0654296875,0.947265625
4050,0.3461914062500001,0.44482421875,2.09228515625,0.41845703125,0.3486328125,0.431640625
