,seed_10,seed_20,seed_30,seed_40,seed_50,seed_155,seed_125
0,6.1904296875,6.66064453125,5.77001953125,4.25439453125,6.00146484375,5.90673828125,6.294921875
1,5.74609375,5.81103515625,6.38671875,4.91064453125,5.24609375,4.59326171875,6.123046875
2,5.4501953125,6.359375,6.07421875,4.88623046875,5.009765625,5.64013671875,6.09423828125
3,5.90576171875,6.0322265625,5.26171875,4.3154296875,5.63525390625,5.16845703125,6.24755859375
4,5.58349609375,6.36181640625,5.69384765625,4.94580078125,5.43896484375,6.05029296875,5.6806640625
5,6.0244140625,5.31640625,5.66259765625,4.427734375,5.4765625,4.60986328125,6.830078125
6,5.9326171875,7.0498046875,5.45654296875,3.89501953125,5.62744140625,5.0771484375,5.41748046875
7,5.68115234375,5.29150390625,6.0419921875,4.99560546875,5.701171875,6.12744140625,7.34912109375
8,5.38427734375,5.14990234375,5.87646484375,3.50244140625,5.4326171875,4.6494140625,5.89111328125
9,6.04052734375,6.4599609375,5.830078125,5.3994140625,5.6728515625,5.7509765625,6.14794921875
10,6.31103515625,6.13232421875,6.29931640625,4.6845703125,4.759765625,5.5751953125,6.35888671875
11,6.33349609375,6.22509765625,5.50244140625,4.72607421875,6.06201171875,5.0615234375,5.9306640625
12,5.92041015625,6.12158203125,6.09326171875,4.8017578125,5.5712890625,5.65576171875,5.904296875
13,5.2919921875,5.88232421875,5.662109375,4.3837890625,5.55859375,5.23681640625,6.203125
14,5.93017578125,6.5400390625,4.98046875,4.89794921875,5.5732421875,5.9892578125,6.10498046875
15,5.35595703125,6.037109375,6.40185546875,4.42333984375,5.44677734375,5.00390625,6.42822265625
16,6.29150390625,6.57275390625,6.56494140625,4.66748046875,5.50537109375,4.27734375,7.27783203125
17,5.87841796875,5.68603515625,5.14404296875,4.970703125,5.8720703125,5.32763671875,5.2041015625
18,5.9404296875,5.56982421875,5.45947265625,5.96630859375,5.93017578125,4.86181640625,6.02685546875
19,6.45556640625,5.9931640625,5.9404296875,2.42919921875,4.8134765625,5.96533203125,6.2919921875
20,6.00634765625,6.31640625,6.31005859375,4.67578125,5.59228515625,5.01318359375,5.65234375
21,5.560546875,6.1162109375,5.58740234375,4.8505859375,5.6103515625,5.2451171875,7.10693359375
22,5.65380859375,4.8251953125,5.79541015625,4.61376953125,5.95703125,4.56787109375,5.98583984375
23,6.39306640625,6.24609375,5.443359375,4.91943359375,5.1142578125,6.15283203125,6.47314453125
24,6.255859375,6.10107421875,6.1884765625,4.80517578125,5.8798828125,5.3896484375,6.25
25,5.73486328125,5.81396484375,5.212890625,4.60888671875,4.88427734375,5.1279296875,6.31298828125
26,6.14990234375,6.32421875,5.552734375,5.3466796875,5.20849609375,4.998046875,6.37890625
27,6.09228515625,5.6533203125,6.03857421875,4.001953125,6.1064453125,6.140625,6.1171875
28,6.39794921875,6.67041015625,5.9228515625,4.69921875,5.54150390625,5.8642578125,5.69482421875
29,5.85888671875,5.92041015625,6.2900390625,4.88525390625,5.6474609375,5.46875,5.4033203125
30,5.69677734375,6.28125,5.8857421875,2.2470703125,5.57763671875,5.32275390625,5.47705078125
31,6.22265625,6.056640625,5.99658203125,5.43603515625,5.3125,5.06787109375,6.7021484375
32,5.7314453125,6.56494140625,4.6923828125,4.2392578125,6.31787109375,5.013671875,6.529296875
33,6.2548828125,5.380859375,6.3798828125,5.025390625,4.92822265625,5.6943359375,5.52392578125
34,6.11669921875,6.4111328125,5.43017578125,3.732421875,5.87158203125,5.08056640625,5.39697265625
35,5.34375,5.71923828125,5.900390625,5.26416015625,5.48974609375,5.37255859375,7.17919921875
36,5.677734375,4.8505859375,6.36279296875,3.98095703125,6.15380859375,5.88916015625,5.837890625
37,6.35205078125,6.4365234375,5.36767578125,5.34765625,5.447265625,4.95068359375,5.68359375
38,5.83544921875,5.4169921875,5.88623046875,4.81591796875,5.439453125,5.7109375,6.5341796875
39,5.58837890625,6.548828125,5.88427734375,4.70556640625,6.11328125,5.23876953125,5.841796875
40,6.8896484375,6.62890625,6.04248046875,3.82080078125,5.79638671875,5.67529296875,6.06201171875
41,5.61962890625,4.84619140625,5.91650390625,5.32421875,6.53466796875,5.5029296875,6.2919921875
42,5.63525390625,6.16015625,6.33154296875,3.42919921875,4.9814453125,5.1083984375,6.18212890625
43,6.05078125,6.47119140625,5.947265625,5.421875,6.35791015625,5.2763671875,6.0185546875
44,5.57568359375,5.83935546875,5.5791015625,4.16552734375,5.1123046875,5.5244140625,6.6513671875
45,5.93310546875,6.291015625,6.30810546875,5.10888671875,6.1240234375,5.11474609375,5.40869140625
46,5.9345703125,6.232421875,5.517578125,4.5595703125,6.1884765625,4.7177734375,5.22265625
47,6.169921875,5.6044921875,6.4306640625,5.001953125,5.36474609375,5.8837890625,6.771484375
48,5.7763671875,5.69482421875,6.21875,5.32861328125,5.20751953125,5.1728515625,5.60888671875
49,6.38134765625,6.85107421875,5.4306640625,3.9697265625,6.26904296875,5.392578125,6.185546875
50,5.80224609375,6.31201171875,6.35400390625,5.05517578125,5.43212890625,5.591796875,5.94580078125
51,6.3427734375,5.55126953125,5.2529296875,4.6484375,5.80517578125,5.43701171875,6.13720703125
52,4.4755859375,5.28173828125,6.77490234375,6.03515625,4.81103515625,4.97314453125,5.599609375
53,5.37060546875,4.28125,5.41552734375,4.65869140625,5.47021484375,5.57666015625,7.07080078125
54,5.67333984375,5.2978515625,7.033203125,4.388671875,4.6416015625,5.03857421875,4.94482421875
55,5.92236328125,6.9833984375,6.3291015625,5.60009765625,5.064453125,5.86474609375,6.009765625
56,5.62744140625,6.234375,4.78662109375,2.12255859375,5.18359375,5.6640625,5.17041015625
57,5.73876953125,4.548828125,5.53125,4.36865234375,4.3857421875,5.0029296875,5.28564453125
58,5.89599609375,5.603515625,5.93701171875,4.88818359375,5.24853515625,4.076171875,5.22119140625
59,5.8564453125,4.6982421875,6.18408203125,5.501953125,5.69775390625,5.978515625,4.6708984375
60,5.83837890625,4.74365234375,6.01611328125,4.4775390625,5.18115234375,5.13916015625,4.5546875
61,6.20263671875,5.611328125,5.84228515625,5.1279296875,5.37548828125,5.29931640625,4.34375
62,5.341796875,4.52685546875,5.72705078125,4.33935546875,5.1279296875,4.80029296875,4.8603515625
63,5.92529296875,5.0419921875,5.6298828125,4.8115234375,4.88427734375,5.52294921875,4.38818359375
64,5.14453125,3.96484375,5.22412109375,4.853515625,4.1875,4.75,4.806640625
65,5.552734375,4.8515625,5.82763671875,4.11962890625,5.70947265625,4.8857421875,4.92431640625
66,4.8095703125,4.59619140625,4.89990234375,3.4033203125,4.2001953125,4.46337890625,4.51708984375
67,5.72265625,4.26416015625,4.7998046875,4.9013671875,4.8857421875,4.96875,4.265625
68,5.03955078125,3.76416015625,4.89990234375,4.46240234375,4.359375,5.38330078125,4.2744140625
69,4.63818359375,4.458984375,5.359375,3.3671875,4.41357421875,4.517578125,5.052734375
70,5.35595703125,4.9375,4.63427734375,4.47607421875,4.6376953125,4.37841796875,4.46044921875
71,4.10986328125,3.43359375,4.8232421875,3.9638671875,4.37060546875,4.9541015625,4.71240234375
72,5.21435546875,5.1103515625,4.82373046875,4.09912109375,3.50634765625,4.75146484375,4.3212890625
73,5.68994140625,4.76318359375,5.18994140625,5.09814453125,4.93017578125,4.30517578125,3.5380859375
74,5.81884765625,5.0625,5.25537109375,4.19091796875,3.72119140625,4.35498046875,2.43798828125
75,4.4560546875,4.615234375,4.8564453125,4.40869140625,3.3740234375,3.65673828125,4.63427734375
76,2.5244140625,4.8408203125,4.88037109375,4.68115234375,4.16357421875,3.9560546875,4.7783203125
77,4.6953125,4.85009765625,5.10107421875,4.59423828125,3.2333984375,3.5908203125,4.35546875
78,6.22802734375,4.900390625,4.94677734375,5.35400390625,3.80224609375,4.08203125,4.33837890625
79,5.43603515625,4.33203125,4.123046875,4.22509765625,3.79150390625,3.83447265625,4.5576171875
80,5.6240234375,4.78466796875,3.17919921875,3.65625,2.71435546875,4.21337890625,4.60498046875
81,5.91650390625,4.29150390625,5.111328125,5.12890625,4.4609375,4.037109375,4.19189453125
82,5.7734375,4.33837890625,4.96240234375,4.158203125,3.91015625,3.99072265625,4.68310546875
83,5.2998046875,5.39990234375,4.99169921875,4.09912109375,3.7041015625,4.26123046875,4.076171875
84,5.26513671875,4.6171875,5.4111328125,4.31298828125,4.22216796875,3.99609375,5.177734375
85,5.6689453125,4.7998046875,5.29541015625,3.9111328125,3.25732421875,4.38525390625,3.2666015625
86,5.1337890625,4.27294921875,5.83642578125,4.20654296875,3.94921875,4.11767578125,3.5517578125
87,5.58349609375,5.15771484375,4.6748046875,3.96435546875,2.701171875,3.9501953125,4.279296875
88,4.2646484375,4.5146484375,3.8876953125,3.701171875,2.06103515625,4.15087890625,3.5595703125
89,5.66552734375,4.61669921875,4.79833984375,4.4267578125,3.98876953125,3.8984375,3.88134765625
90,5.90185546875,4.8291015625,4.38671875,3.6416015625,4.29248046875,3.92333984375,4.279296875
91,5.42431640625,3.97802734375,3.38525390625,4.32177734375,4.3427734375,4.18505859375,3.3994140625
92,4.93505859375,4.3173828125,3.974609375,3.85400390625,4.57958984375,3.9609375,2.35546875
93,5.72119140625,4.09619140625,2.54345703125,4.61279296875,4.26123046875,3.72998046875,4.8427734375
94,5.5029296875,3.50341796875,1.2412109375,4.39453125,3.53369140625,4.021484375,3.75439453125
95,4.728515625,4.50390625,4.21240234375,3.49658203125,4.7568359375,3.74951171875,2.58740234375
96,4.75439453125,3.734375,5.0283203125,4.18408203125,3.43994140625,4.0654296875,2.49951171875
97,4.94189453125,3.68798828125,5.96826171875,3.89306640625,3.3896484375,3.9501953125,3.26708984375
98,4.6064453125,4.2783203125,5.1298828125,2.63427734375,3.75732421875,4.00048828125,4.04150390625
99,4.41650390625,3.345703125,4.8330078125,4.4375,2.69189453125,3.65673828125,1.080078125
100,4.84765625,3.2333984375,4.8359375,4.07177734375,3.5419921875,4.119140625,4.44384765625
101,4.93408203125,4.5595703125,5.29443359375,2.22705078125,3.7734375,3.9111328125,4.17236328125
102,4.74560546875,3.18798828125,4.0390625,2.81201171875,4.07568359375,3.95361328125,4.51708984375
103,4.859375,4.064453125,5.5615234375,3.3671875,2.3046875,3.83740234375,4.47998046875
104,4.86572265625,3.00048828125,3.859375,3.8662109375,3.6767578125,4.2900390625,3.91455078125
105,4.548828125,4.0732421875,3.4462890625,2.255859375,3.591796875,3.95263671875,4.52197265625
106,4.357421875,4.58251953125,3.23583984375,3.1357421875,4.2373046875,3.6376953125,3.88623046875
107,4.74755859375,3.0966796875,3.94970703125,2.52685546875,3.45458984375,4.0390625,4.5771484375
108,4.81298828125,3.966796875,3.1337890625,2.5107421875,3.99951171875,4.67333984375,3.98876953125
109,4.46337890625,3.64990234375,3.79541015625,2.927734375,3.41064453125,3.7626953125,4.14111328125
110,4.45556640625,4.19677734375,2.666015625,2.85595703125,3.5400390625,3.9501953125,4.0400390625
111,4.39013671875,3.69091796875,3.90234375,3.748046875,3.9208984375,3.82421875,3.640625
112,4.0771484375,4.17529296875,3.041015625,2.75341796875,2.98974609375,3.94091796875,3.46630859375
113,4.61474609375,3.86328125,3.71826171875,3.162109375,4.06884765625,4.55029296875,4.322265625
114,4.38037109375,4.3173828125,3.30126953125,1.31396484375,4.18994140625,4.72216796875,3.85009765625
115,3.91455078125,3.36083984375,3.69677734375,3.5693359375,3.03515625,3.6162109375,3.2646484375
116,4.35400390625,3.47900390625,4.0283203125,1.4423828125,3.3603515625,4.658203125,3.54931640625
117,3.53271484375,3.3935546875,3.0126953125,2.033203125,3.96533203125,4.0400390625,3.630859375
118,4.32177734375,3.78173828125,3.6552734375,2.3447265625,3.42041015625,4.26416015625,3.27294921875
119,4.08984375,3.40771484375,3.642578125,0.98486328125,3.51220703125,4.283203125,3.91748046875
120,3.16748046875,3.7373046875,3.89892578125,0.9287109375,3.05419921875,4.2919921875,3.763671875
121,4.5224609375,3.95947265625,3.15087890625,1.63818359375,3.70947265625,3.734375,3.2314453125
122,3.294921875,3.9072265625,3.6669921875,2.6767578125,3.44873046875,4.2734375,3.900390625
123,5.1552734375,3.37158203125,3.130859375,1.40380859375,3.2177734375,3.77783203125,3.22998046875
124,3.80859375,3.85986328125,3.47607421875,1.5078125,2.48388671875,3.62744140625,1.7900390625
125,4.494140625,3.30908203125,3.88720703125,2.8173828125,4.37646484375,4.29296875,4.0458984375
126,4.33251953125,3.55615234375,3.9501953125,1.46533203125,3.9306640625,4.033203125,2.513671875
127,4.17626953125,3.34619140625,3.07470703125,2.6435546875,4.01416015625,3.94091796875,1.2490234375
128,3.8955078125,3.65625,3.33056640625,2.36572265625,4.95703125,4.04345703125,2.28564453125
129,4.53369140625,3.537109375,3.31591796875,2.44873046875,2.75048828125,4.171875,2.2802734375
130,3.68408203125,3.61767578125,3.52783203125,2.2822265625,4.1787109375,3.81982421875,1.94384765625
131,4.701171875,3.4951171875,3.50390625,1.89794921875,3.0751953125,3.888671875,2.15576171875
132,3.5361328125,3.8994140625,3.15283203125,1.62158203125,3.47802734375,4.203125,2.12158203125
133,4.421875,2.8798828125,3.5966796875,1.6689453125,3.71044921875,3.9619140625,2.47412109375
134,3.47705078125,3.8974609375,3.3212890625,2.07763671875,4.076171875,3.99951171875,1.859375
135,4.1484375,2.60009765625,3.66748046875,2.13818359375,2.611328125,4.076171875,2.060546875
136,4.04150390625,3.828125,2.72509765625,2.30322265625,3.2470703125,4.056640625,1.767578125
137,3.70751953125,2.7724609375,4.05810546875,1.9375,3.62744140625,4.25537109375,2.18212890625
138,3.896484375,3.07666015625,3.380859375,1.54296875,3.1572265625,3.546875,2.04443359375
139,3.755859375,3.79736328125,3.103515625,2.3251953125,3.20166015625,4.146484375,2.58642578125
140,3.75146484375,3.0751953125,3.181640625,2.083984375,4.23828125,3.962890625,1.8740234375
141,4.31103515625,3.3857421875,2.99658203125,2.69384765625,2.22265625,3.64404296875,1.7646484375
142,4.435546875,2.5693359375,2.84912109375,2.06884765625,4.28955078125,3.5458984375,2.1259765625
143,3.6611328125,3.46728515625,3.7333984375,1.57763671875,3.8115234375,4.15087890625,1.67822265625
144,4.619140625,3.24462890625,2.83984375,1.8583984375,4.498046875,3.958984375,2.041015625
145,2.9794921875,2.93896484375,3.0693359375,2.78662109375,2.7900390625,3.76708984375,2.55126953125
146,4.68798828125,2.80126953125,3.13623046875,2.703125,1.52978515625,3.5341796875,1.98583984375
147,4.32568359375,2.49755859375,3.181640625,2.458984375,4.2197265625,3.830078125,2.0166015625
148,4.23095703125,2.7744140625,3.4404296875,1.083984375,3.12451171875,3.671875,1.98291015625
149,4.71142578125,2.69921875,2.89306640625,3.16357421875,3.732421875,4.1982421875,2.57275390625
150,3.4931640625,3.1103515625,3.29638671875,2.2412109375,3.78759765625,3.5400390625,1.9599609375
151,4.95166015625,3.0,3.375,1.4150390625,2.79443359375,3.99609375,2.23193359375
152,3.57568359375,3.05908203125,3.5283203125,2.021484375,3.0908203125,3.5390625,1.01416015625
153,4.76171875,3.2470703125,2.97900390625,2.61376953125,2.599609375,3.98046875,3.01123046875
154,5.7744140625,2.75048828125,2.92138671875,1.68798828125,3.80517578125,3.548828125,1.9501953125
155,3.39892578125,3.34033203125,3.49853515625,2.10302734375,2.56884765625,3.818359375,1.642578125
156,5.2138671875,2.90380859375,2.93896484375,1.2822265625,3.18212890625,3.52734375,1.6904296875
157,4.27001953125,2.4091796875,3.02587890625,2.3447265625,2.96923828125,3.76318359375,2.4189453125
158,4.751953125,3.0224609375,2.8544921875,1.0263671875,2.71630859375,3.80126953125,1.2060546875
159,4.0537109375,2.81884765625,3.17041015625,2.5537109375,3.22802734375,4.07470703125,2.14892578125
160,4.60009765625,3.25048828125,2.88818359375,1.73095703125,3.19970703125,3.81787109375,2.4013671875
161,4.23828125,2.8994140625,3.21337890625,1.462890625,3.35009765625,3.7001953125,2.208984375
162,4.49365234375,3.12841796875,2.89306640625,1.953125,2.9501953125,3.90771484375,1.748046875
163,4.1025390625,3.45263671875,3.078125,1.51171875,2.99365234375,3.94189453125,2.0458984375
164,3.87158203125,3.0859375,2.97119140625,0.974609375,3.6181640625,3.86572265625,1.58251953125
165,4.57958984375,2.69482421875,2.83203125,1.8603515625,3.16357421875,3.6787109375,2.13525390625
166,4.8193359375,3.39794921875,3.1650390625,1.91162109375,2.52685546875,3.4423828125,2.3740234375
167,3.83984375,2.60888671875,3.1025390625,0.99072265625,3.80029296875,3.66162109375,1.72998046875
168,4.1396484375,2.962890625,2.99951171875,1.26171875,3.7197265625,3.5224609375,2.60009765625
169,4.19677734375,2.96044921875,3.03564453125,1.25439453125,2.28173828125,3.49462890625,0.78369140625
170,4.12255859375,3.240234375,3.123046875,1.80224609375,2.34130859375,3.73486328125,0.81494140625
171,4.2412109375,2.40087890625,3.134765625,2.40771484375,3.58740234375,3.31689453125,1.84033203125
172,3.7744140625,3.25146484375,3.0361328125,1.08544921875,3.84033203125,3.82373046875,1.4609375
173,4.46533203125,3.04150390625,2.74755859375,0.9287109375,2.47802734375,3.98193359375,1.17431640625
174,4.01708984375,3.02490234375,2.90234375,1.37158203125,3.365234375,3.7841796875,0.84521484375
175,4.21142578125,3.00390625,3.080078125,1.43896484375,2.16796875,3.48291015625,1.75927734375
176,3.7568359375,3.41064453125,2.6865234375,1.22412109375,3.7177734375,4.08251953125,1.67041015625
177,4.19921875,2.9228515625,3.09375,1.72802734375,1.41552734375,3.48876953125,1.4150390625
178,3.765625,2.83984375,3.048828125,0.40185546875,2.34326171875,3.35546875,1.18994140625
179,4.15234375,2.408203125,2.96923828125,2.19189453125,4.13916015625,3.791015625,0.7509765625
180,3.86181640625,3.453125,3.259765625,1.28466796875,3.1083984375,3.41162109375,1.36669921875
181,4.224609375,2.7880859375,3.17724609375,1.2802734375,3.74365234375,3.736328125,0.64990234375
182,3.42431640625,2.9716796875,2.7666015625,0.49658203125,2.91357421875,3.23095703125,2.037109375
183,4.13330078125,3.185546875,3.03466796875,0.9619140625,4.0068359375,3.435546875,0.4150390625
184,3.43212890625,2.85498046875,2.81884765625,1.45556640625,2.85205078125,3.482421875,1.7255859375
185,3.65869140625,3.3603515625,2.72705078125,1.07666015625,3.55859375,3.8037109375,1.5556640625
186,3.9775390625,2.732421875,3.29150390625,1.5009765625,4.091796875,3.361328125,1.0546875
187,3.18798828125,2.953125,3.20263671875,1.70947265625,2.03271484375,3.7412109375,1.08642578125
188,3.48876953125,2.78369140625,3.0390625,1.263671875,3.71728515625,3.87744140625,1.19580078125
189,3.2705078125,2.8603515625,2.75048828125,1.654296875,2.154296875,3.82275390625,0.984375
190,2.70654296875,2.962890625,2.8759765625,0.94140625,2.38134765625,3.4697265625,1.72802734375
191,4.197265625,2.75634765625,2.84716796875,1.08984375,3.11181640625,3.42529296875,1.3681640625
192,2.87109375,2.5771484375,3.126953125,1.2353515625,3.25244140625,3.53466796875,1.58544921875
193,3.93115234375,2.498046875,2.58837890625,1.2958984375,2.62158203125,3.52685546875,0.9208984375
194,3.072265625,2.740234375,2.99267578125,0.775390625,2.8525390625,3.3193359375,1.779296875
195,3.60595703125,2.4130859375,2.72021484375,1.048828125,2.830078125,3.5029296875,0.9052734375
196,3.8486328125,3.568359375,2.74072265625,1.35791015625,2.583984375,3.4970703125,1.80517578125
197,3.09033203125,2.8515625,2.9814453125,1.10009765625,2.4111328125,3.548828125,1.9775390625
198,3.1083984375,3.06103515625,2.904296875,1.1357421875,3.5341796875,3.4423828125,1.80810546875
199,3.55126953125,2.8056640625,3.021484375,1.029296875,1.61474609375,3.61376953125,1.701171875
200,3.388671875,2.8447265625,2.67822265625,1.56494140625,2.84326171875,3.60888671875,1.47607421875
201,3.33447265625,2.92529296875,2.9189453125,1.74609375,1.72265625,3.7529296875,0.67578125
202,3.646484375,3.27099609375,3.04345703125,1.76416015625,2.34765625,3.7431640625,1.7353515625
203,3.16259765625,2.4345703125,2.759765625,1.0166015625,2.271484375,3.92919921875,1.04248046875
204,3.80419921875,2.55029296875,2.96875,0.9638671875,2.01171875,3.50830078125,1.98876953125
205,3.458984375,2.5029296875,3.0400390625,1.2197265625,2.41015625,3.6083984375,1.27490234375
206,3.67236328125,3.54931640625,2.80908203125,1.41650390625,3.41015625,3.8291015625,1.5234375
207,3.556640625,2.7900390625,3.43408203125,0.74462890625,1.1708984375,3.63037109375,2.0419921875
208,3.62646484375,3.4892578125,2.595703125,1.1416015625,3.1962890625,3.59423828125,1.34130859375
209,3.64990234375,2.7841796875,3.001953125,1.21484375,2.77001953125,3.79736328125,2.0439453125
210,3.63134765625,2.65380859375,2.68798828125,0.9912109375,2.7001953125,3.80029296875,1.98876953125
211,3.36572265625,2.681640625,3.3193359375,0.62744140625,2.81298828125,3.83447265625,1.83251953125
212,3.10595703125,3.20556640625,2.55419921875,1.0849609375,3.16796875,3.57275390625,1.25146484375
213,3.953125,2.380859375,2.9326171875,1.29541015625,2.33203125,3.6572265625,1.30029296875
214,3.5771484375,3.12451171875,2.96630859375,1.61865234375,1.65966796875,3.83056640625,1.265625
215,3.03173828125,3.0439453125,2.8466796875,1.62158203125,3.63623046875,3.70068359375,2.41552734375
216,3.20458984375,2.53076171875,2.6474609375,1.1748046875,3.14599609375,3.3525390625,1.78271484375
217,3.587890625,3.07080078125,2.87890625,1.4345703125,2.07421875,3.49267578125,1.208984375
218,4.34912109375,3.23681640625,2.767578125,0.75341796875,3.22216796875,3.6494140625,0.42431640625
219,3.1494140625,3.0,2.8232421875,1.1435546875,1.8935546875,3.50390625,2.45654296875
220,4.0107421875,3.38916015625,2.8046875,0.822265625,2.93408203125,3.56201171875,1.93408203125
221,3.8212890625,2.75146484375,2.818359375,0.8134765625,1.32470703125,3.77880859375,1.12060546875
222,4.10595703125,3.14794921875,2.732421875,0.859375,2.14306640625,3.86669921875,2.0517578125
223,4.18408203125,2.54150390625,2.67138671875,1.31640625,1.85107421875,3.7236328125,1.33837890625
224,3.40234375,3.3662109375,3.1875,1.10009765625,2.5810546875,3.76220703125,1.67431640625
225,4.37548828125,2.6484375,2.7177734375,1.0068359375,1.6689453125,3.44091796875,0.90576171875
226,3.93798828125,3.341796875,3.18798828125,1.51171875,1.857421875,3.8828125,1.33203125
227,3.6416015625,2.54541015625,2.9189453125,1.94580078125,2.00244140625,3.80078125,0.94677734375
228,3.95751953125,2.8056640625,2.8857421875,1.39111328125,2.529296875,3.57861328125,1.12109375
229,4.16748046875,2.99853515625,2.90625,1.54052734375,1.40673828125,3.5888671875,1.52587890625
230,3.759765625,3.05908203125,2.6337890625,1.125,1.5048828125,3.56103515625,0.8896484375
231,4.11767578125,2.34033203125,2.8466796875,0.83056640625,2.42626953125,3.76806640625,0.91357421875
232,2.92919921875,3.20068359375,2.77734375,0.833984375,2.83154296875,3.41748046875,2.00146484375
233,4.8212890625,2.90380859375,3.09130859375,1.09228515625,1.07666015625,3.4384765625,1.63623046875
234,2.951171875,3.15283203125,3.19921875,0.91357421875,2.8681640625,3.79443359375,1.42724609375
235,4.70166015625,2.74853515625,2.5673828125,1.09912109375,0.93505859375,3.720703125,1.11767578125
236,5.0556640625,3.24365234375,2.8408203125,1.11962890625,2.46435546875,3.61474609375,1.76611328125
237,3.08642578125,2.80615234375,2.64599609375,1.51416015625,1.4189453125,3.6220703125,1.25732421875
238,4.17431640625,3.08154296875,2.7353515625,1.236328125,1.55615234375,3.7099609375,1.85595703125
239,5.03759765625,2.30615234375,2.9814453125,1.1103515625,1.94140625,3.76123046875,0.583984375
240,3.31103515625,3.24169921875,2.69140625,0.9560546875,1.830078125,3.734375,2.15966796875
241,4.85400390625,2.9853515625,2.88427734375,0.79443359375,1.361328125,3.90576171875,0.86328125
242,4.04638671875,3.1064453125,2.42041015625,1.56103515625,1.935546875,3.8017578125,0.7744140625
243,4.3203125,2.96923828125,2.76025390625,1.30810546875,1.97216796875,3.81787109375,1.06884765625
244,4.388671875,2.91943359375,2.92626953125,0.673828125,1.90234375,3.5791015625,1.0205078125
245,3.38623046875,3.3369140625,2.828125,0.8896484375,1.73828125,3.6181640625,1.65478515625
246,4.3330078125,2.39111328125,2.7109375,1.67626953125,2.42138671875,3.74658203125,1.146484375
247,3.49365234375,2.623046875,2.798828125,1.41357421875,0.78125,3.8828125,1.83935546875
248,3.9375,2.84375,2.33349609375,1.423828125,0.98193359375,3.63916015625,1.00927734375
249,3.82275390625,2.9189453125,2.6494140625,1.28955078125,1.47607421875,3.70947265625,1.53662109375
250,4.15087890625,2.71142578125,2.693359375,1.19873046875,1.912109375,3.59716796875,1.03125
251,3.69580078125,2.93603515625,2.71875,0.8505859375,1.28173828125,3.7685546875,0.61474609375
252,3.9111328125,2.9921875,2.9833984375,1.18017578125,2.240234375,3.6279296875,1.6767578125
253,3.78125,2.4541015625,2.7109375,1.12841796875,1.1494140625,3.40966796875,1.01171875
254,4.08935546875,2.771484375,2.66845703125,0.89111328125,1.5869140625,3.92138671875,1.65283203125
255,3.46630859375,2.29833984375,3.01513671875,1.11279296875,2.083984375,3.67626953125,0.8515625
256,3.4921875,2.66552734375,2.85400390625,0.76904296875,1.27685546875,3.40087890625,0.8212890625
257,4.31396484375,2.60400390625,2.64599609375,0.7568359375,1.083984375,3.16650390625,1.21923828125
258,3.73876953125,2.765625,2.5625,0.88720703125,1.30615234375,3.74658203125,1.6787109375
259,4.30859375,2.43212890625,2.779296875,1.2001953125,2.0185546875,3.55078125,0.7861328125
260,4.22265625,3.15869140625,2.66845703125,0.9931640625,1.43701171875,3.2890625,1.40234375
261,3.7998046875,3.0390625,2.65576171875,0.92919921875,1.19189453125,3.572265625,1.6318359375
262,4.447265625,3.10595703125,2.5419921875,1.0576171875,1.31591796875,3.55712890625,1.67138671875
263,3.41748046875,2.70556640625,2.53955078125,1.0166015625,1.21533203125,3.67919921875,0.896484375
264,4.1123046875,3.12060546875,2.5126953125,1.134765625,2.1201171875,3.240234375,1.53857421875
265,4.0732421875,2.765625,2.6103515625,1.072265625,1.25634765625,3.2568359375,1.00341796875
266,3.927734375,3.1767578125,2.50537109375,0.72998046875,0.7939453125,3.7392578125,1.0595703125
267,3.6796875,3.005859375,2.474609375,0.63134765625,2.21044921875,3.62109375,1.59814453125
268,3.3125,2.9375,2.5029296875,0.61376953125,1.6552734375,3.76708984375,1.56396484375
269,4.19384765625,2.92919921875,2.775390625,0.6279296875,1.7255859375,3.78173828125,1.0498046875
270,3.7734375,3.06884765625,2.83544921875,1.2607421875,1.5263671875,3.58544921875,0.697265625
271,3.64990234375,2.751953125,2.47998046875,1.09130859375,0.62255859375,3.4423828125,0.4404296875
272,3.5537109375,2.5400390625,2.87353515625,0.89892578125,1.287109375,3.3271484375,0.90625
273,3.45703125,2.4189453125,2.62939453125,0.904296875,1.3466796875,3.1904296875,0.7529296875
274,3.49755859375,2.69384765625,2.4482421875,1.47265625,1.2607421875,3.71923828125,1.28759765625
275,3.666015625,2.640625,2.47216796875,1.23046875,1.55126953125,3.73828125,1.3076171875
276,3.78125,2.947265625,2.736328125,0.72900390625,1.35302734375,3.1962890625,0.927734375
277,3.525390625,2.8798828125,2.810546875,0.822265625,1.24755859375,3.52197265625,0.79833984375
278,3.7822265625,3.03955078125,2.99658203125,1.11767578125,1.46044921875,3.4931640625,0.76220703125
279,2.9404296875,2.5361328125,2.73583984375,1.3369140625,0.927734375,3.46337890625,1.5654296875
280,4.0517578125,2.4140625,2.541015625,0.58447265625,1.083984375,3.48583984375,1.53564453125
281,3.353515625,2.4501953125,2.4931640625,0.82470703125,2.0673828125,3.7021484375,1.6005859375
282,3.78173828125,2.861328125,2.50634765625,0.90771484375,1.17333984375,3.7158203125,1.21044921875
283,2.96044921875,2.81103515625,2.5947265625,1.1640625,0.9833984375,3.76171875,0.87060546875
284,3.27587890625,2.63916015625,2.35791015625,1.15234375,0.36376953125,3.48095703125,1.19091796875
285,3.75634765625,2.64501953125,2.67822265625,0.94873046875,2.0576171875,3.56201171875,0.7236328125
286,3.501953125,2.44873046875,2.8505859375,1.32275390625,0.76220703125,3.396484375,0.947265625
287,3.193359375,2.54638671875,2.3525390625,1.220703125,1.98193359375,3.3876953125,0.89453125
288,3.7001953125,2.96826171875,2.45166015625,0.78515625,0.94482421875,3.82666015625,1.1181640625
289,3.3037109375,2.59326171875,2.60205078125,0.76171875,1.59130859375,3.62451171875,1.30908203125
290,3.5009765625,2.5654296875,2.38134765625,1.3017578125,1.14990234375,3.45458984375,0.95751953125
291,4.0615234375,2.59814453125,2.47412109375,1.0537109375,1.07421875,3.431640625,1.31884765625
292,2.95458984375,2.744140625,2.46875,1.0146484375,1.53173828125,3.4296875,0.86376953125
293,4.11474609375,2.3955078125,2.6318359375,1.0556640625,0.6748046875,3.478515625,1.06591796875
294,3.484375,2.6689453125,2.5078125,1.63671875,1.48974609375,3.58154296875,1.31201171875
295,3.7255859375,2.59716796875,2.68212890625,1.6484375,0.86376953125,3.66943359375,0.94287109375
296,3.02587890625,2.53759765625,2.626953125,0.8740234375,1.43017578125,3.57080078125,1.3623046875
297,3.26123046875,2.51025390625,2.6826171875,1.0537109375,0.62109375,3.83056640625,1.56298828125
298,3.1982421875,2.53125,2.50732421875,0.5341796875,0.93359375,3.53662109375,1.73876953125
299,3.9755859375,2.30810546875,2.65771484375,0.78515625,0.73291015625,3.6259765625,0.78271484375
300,3.3994140625,2.77490234375,2.64404296875,0.9443359375,1.30419921875,3.33984375,1.47119140625
301,3.27197265625,2.65087890625,2.8544921875,1.22314453125,1.12890625,3.3134765625,1.48095703125
302,3.654296875,2.638671875,2.6083984375,0.81640625,1.02099609375,3.4794921875,0.79052734375
303,3.07666015625,2.60302734375,2.9384765625,0.71044921875,0.53271484375,3.60009765625,1.451171875
304,3.4248046875,2.40869140625,2.51220703125,0.935546875,1.60498046875,3.65478515625,0.90185546875
305,3.02392578125,2.44482421875,2.53564453125,1.0556640625,0.849609375,3.79541015625,0.978515625
306,3.67431640625,3.2861328125,2.88427734375,0.830078125,1.11474609375,3.47412109375,1.08154296875
307,2.966796875,2.99462890625,2.57177734375,1.1923828125,1.66259765625,3.4873046875,0.71435546875
308,4.087890625,3.02294921875,2.765625,0.58154296875,0.99365234375,3.5615234375,1.49072265625
309,3.3466796875,2.8984375,2.7099609375,0.765625,0.9052734375,3.77490234375,0.736328125
310,2.7265625,2.9482421875,2.3642578125,1.3974609375,0.91796875,3.66943359375,0.81005859375
311,4.4638671875,2.79345703125,2.486328125,1.69873046875,1.28173828125,3.71337890625,0.92822265625
312,3.60400390625,2.2646484375,2.37744140625,1.2880859375,1.8154296875,3.24609375,1.35986328125
313,4.1904296875,2.2978515625,2.4033203125,1.21923828125,1.12646484375,3.51953125,0.70458984375
314,3.39111328125,3.1435546875,2.4833984375,0.8583984375,0.85400390625,3.576171875,0.904296875
315,4.4375,2.81982421875,2.66748046875,1.16455078125,1.53857421875,3.57763671875,1.080078125
316,3.76611328125,2.7802734375,2.53466796875,1.20263671875,0.96875,3.56884765625,0.712890625
317,4.50634765625,3.2021484375,2.54150390625,0.9833984375,1.43115234375,3.697265625,0.75146484375
318,4.23486328125,2.7001953125,2.7451171875,1.00048828125,1.5146484375,3.646484375,0.79931640625
319,4.30908203125,2.34228515625,2.66943359375,0.75830078125,1.20556640625,3.8359375,1.35693359375
320,4.28515625,3.08056640625,2.7900390625,1.10498046875,1.009765625,3.57763671875,1.16845703125
321,3.8994140625,2.87109375,2.6220703125,1.27001953125,1.91455078125,3.609375,1.03466796875
322,4.06689453125,3.01220703125,2.71435546875,0.35986328125,1.89892578125,3.767578125,0.58642578125
323,3.46728515625,2.79736328125,2.7255859375,0.3994140625,1.69921875,3.857421875,1.12255859375
324,3.72998046875,3.07861328125,2.42138671875,1.00048828125,1.2802734375,3.56884765625,0.8515625
325,3.76953125,2.42236328125,2.60107421875,0.98486328125,0.8974609375,3.55322265625,0.71484375
326,3.6513671875,2.5810546875,2.72021484375,1.08837890625,0.865234375,3.50146484375,0.861328125
327,3.44384765625,3.0634765625,2.8232421875,1.25439453125,2.3720703125,3.53515625,0.81982421875
328,4.1630859375,3.0947265625,2.46044921875,0.6162109375,1.10400390625,3.79443359375,1.025390625
329,3.45068359375,3.12841796875,2.55322265625,0.65380859375,1.24267578125,3.68115234375,1.02490234375
330,3.94287109375,2.53662109375,2.564453125,1.08642578125,0.96923828125,3.3466796875,0.94287109375
331,3.5185546875,2.5302734375,2.64697265625,1.18798828125,2.0537109375,3.31298828125,1.044921875
332,3.623046875,2.9921875,2.48828125,0.7666015625,1.3310546875,3.35986328125,1.19140625
333,3.84375,2.87841796875,2.748046875,0.84619140625,0.91455078125,3.3720703125,0.927734375
334,3.3427734375,2.9697265625,2.66015625,1.16650390625,2.18115234375,3.38916015625,1.27490234375
335,3.453125,2.86279296875,2.8369140625,1.2861328125,1.29736328125,3.5029296875,0.880859375
336,2.9658203125,2.650390625,2.5478515625,1.01611328125,1.267578125,3.484375,1.5625
337,3.59765625,2.66943359375,2.58544921875,1.091796875,1.47021484375,3.50537109375,0.72509765625
338,3.7109375,2.8359375,2.9013671875,0.32958984375,1.49462890625,3.56298828125,1.2626953125
339,3.69189453125,2.5458984375,2.72412109375,0.4716796875,1.259765625,3.66259765625,1.333984375
340,3.2109375,2.43798828125,2.78125,1.26416015625,1.373046875,3.533203125,0.79150390625
341,3.6279296875,2.49169921875,2.72900390625,1.12890625,1.95947265625,3.61083984375,0.9892578125
342,3.83642578125,2.9765625,2.5322265625,1.30224609375,1.951171875,3.4287109375,1.32958984375
343,3.39599609375,2.8232421875,2.58837890625,1.33935546875,1.39990234375,3.52001953125,0.962890625
344,3.810546875,2.57666015625,2.5,1.21435546875,0.8330078125,3.43212890625,1.3525390625
345,3.04150390625,2.70703125,2.4013671875,1.2041015625,2.10107421875,3.51025390625,0.90087890625
346,2.9052734375,3.16259765625,2.537109375,0.84619140625,1.2900390625,3.55078125,0.96826171875
347,3.66748046875,3.19287109375,2.52734375,1.05419921875,1.68505859375,3.71875,1.3671875
348,3.95751953125,2.39599609375,2.6552734375,0.7255859375,1.76904296875,3.431640625,0.595703125
349,2.5615234375,2.43603515625,2.75732421875,0.982421875,0.95703125,3.51806640625,0.69287109375
350,3.16259765625,3.09521484375,2.4931640625,1.2119140625,1.60107421875,3.59033203125,1.337890625
351,3.45263671875,3.42919921875,2.5712890625,1.40185546875,1.40966796875,3.720703125,1.25048828125
352,2.68896484375,2.32958984375,2.67529296875,0.8134765625,1.49169921875,3.46875,1.10107421875
353,3.4853515625,2.23046875,2.64599609375,1.0400390625,1.84619140625,3.48388671875,0.79833984375
354,3.0703125,2.84423828125,2.7109375,0.990234375,0.78125,3.46533203125,0.8896484375
355,3.390625,2.48046875,2.70751953125,0.8837890625,1.33740234375,3.40234375,1.02099609375
356,2.44287109375,3.24365234375,2.44873046875,1.19091796875,0.93603515625,3.60986328125,1.25244140625
357,3.19580078125,2.931640625,2.5693359375,0.99609375,1.3740234375,3.640625,1.19873046875
358,2.65625,3.19189453125,2.6669921875,0.85546875,1.619140625,3.60107421875,1.06494140625
359,3.56201171875,3.09619140625,2.7275390625,1.04833984375,0.7978515625,3.55224609375,0.8740234375
360,2.9033203125,2.3544921875,2.62744140625,0.91064453125,1.1083984375,3.2138671875,1.16015625
361,3.14013671875,2.236328125,2.43798828125,1.08056640625,1.23193359375,3.48779296875,1.0634765625
362,3.40283203125,2.8515625,2.5341796875,0.90185546875,1.6513671875,3.23193359375,1.02294921875
363,2.662109375,2.5078125,2.62451171875,1.39453125,1.07861328125,3.3916015625,1.40185546875
364,2.7958984375,2.62939453125,2.5244140625,0.7998046875,1.3828125,3.22607421875,0.8857421875
365,2.9873046875,2.46142578125,2.65283203125,0.84033203125,1.59521484375,3.25390625,0.8251953125
366,2.59228515625,2.47900390625,2.4482421875,0.8671875,1.5966796875,3.38525390625,0.869140625
367,2.51220703125,2.4384765625,2.65771484375,0.74462890625,1.24267578125,3.490234375,0.49609375
368,3.33740234375,2.79736328125,2.58349609375,1.02685546875,1.201171875,3.81787109375,1.0947265625
369,3.06591796875,2.3544921875,2.67529296875,1.25048828125,1.515625,3.69873046875,1.1875
370,3.28076171875,2.640625,2.416015625,0.74462890625,0.77197265625,3.57958984375,0.71533203125
371,3.2392578125,2.88720703125,2.53662109375,0.92529296875,1.365234375,3.67626953125,0.60546875
372,2.94921875,2.62060546875,2.56103515625,0.80810546875,1.0517578125,3.60546875,0.71044921875
373,2.693359375,2.42138671875,2.5478515625,1.2587890625,0.970703125,3.69580078125,0.78173828125
374,2.43310546875,2.73583984375,2.451171875,0.8974609375,1.05712890625,3.3994140625,1.35009765625
375,2.9130859375,2.70703125,2.396484375,0.9521484375,0.85888671875,3.46630859375,1.0361328125
376,2.4873046875,2.75927734375,2.71875,1.13671875,1.61962890625,3.44482421875,1.2822265625
377,2.95849609375,2.9892578125,2.7666015625,0.794921875,1.078125,3.48583984375,0.86328125
378,2.787109375,2.900390625,2.36474609375,0.8720703125,1.41162109375,3.48779296875,0.64892578125
379,2.91796875,2.98046875,2.48779296875,0.86181640625,1.1923828125,3.54443359375,0.58984375
380,2.70458984375,2.25439453125,2.66943359375,1.08837890625,0.62939453125,3.43994140625,1.041015625
381,2.7890625,2.2587890625,2.57275390625,1.15966796875,1.712890625,3.451171875,0.91748046875
382,2.7353515625,3.021484375,2.7451171875,1.15869140625,0.7841796875,3.42041015625,0.45654296875
383,2.697265625,2.83837890625,2.6630859375,1.08447265625,0.64501953125,3.46728515625,0.60986328125
384,2.66943359375,2.6845703125,2.5205078125,1.44873046875,0.9111328125,3.38232421875,1.1748046875
385,2.990234375,2.55078125,2.46630859375,1.35595703125,0.9638671875,3.51416015625,1.08154296875
386,2.86474609375,2.56884765625,2.60888671875,0.65966796875,1.306640625,3.7353515625,1.0615234375
387,3.025390625,2.44775390625,2.68212890625,0.65673828125,0.40966796875,3.70947265625,0.95556640625
388,3.09619140625,2.66845703125,2.51318359375,0.77734375,0.58203125,3.33544921875,0.99853515625
389,2.8642578125,2.51904296875,2.62109375,0.94189453125,0.94287109375,3.36376953125,1.130859375
390,2.9189453125,2.5927734375,2.33837890625,1.19384765625,1.05029296875,3.48974609375,0.80859375
391,2.8876953125,2.1630859375,2.3974609375,1.12255859375,0.5712890625,3.52978515625,0.9482421875
392,2.95703125,2.96337890625,2.39208984375,0.82275390625,1.0595703125,3.37890625,0.8544921875
393,2.697265625,2.80908203125,2.79541015625,0.7734375,1.1552734375,3.296875,0.859375
394,2.81591796875,2.72607421875,2.6357421875,0.71630859375,1.099609375,3.43701171875,1.20458984375
395,2.90234375,2.5322265625,2.5546875,0.685546875,1.53466796875,3.5498046875,1.15673828125
396,2.65625,2.798828125,2.521484375,0.6943359375,1.19091796875,3.51611328125,0.85693359375
397,2.91748046875,2.59375,2.47265625,0.84228515625,0.71826171875,3.53955078125,0.6552734375
398,2.876953125,2.73291015625,2.27392578125,0.9921875,1.45263671875,3.7470703125,0.68408203125
399,2.427734375,2.60595703125,2.51416015625,1.306640625,0.75439453125,3.7275390625,0.8056640625
400,2.642578125,2.61474609375,2.50146484375,0.9716796875,1.0771484375,3.439453125,0.92138671875
401,3.06005859375,2.42138671875,2.6201171875,1.19775390625,1.19775390625,3.412109375,0.880859375
402,2.5615234375,2.48095703125,2.56494140625,0.67333984375,1.0859375,3.4150390625,0.6630859375
403,2.91357421875,2.28662109375,2.591796875,0.52978515625,1.0302734375,3.51220703125,0.57275390625
404,2.77197265625,3.18359375,2.4541015625,0.7001953125,0.92138671875,3.3232421875,0.662109375
405,2.677734375,2.93310546875,2.55078125,0.69140625,0.96630859375,3.30419921875,0.4306640625
406,2.61865234375,2.7626953125,2.642578125,0.923828125,0.8955078125,3.50048828125,0.70947265625
407,2.259765625,2.81298828125,2.5712890625,1.1728515625,1.51708984375,3.568359375,0.70751953125
408,2.56494140625,2.5517578125,2.6064453125,0.85009765625,0.95556640625,3.376953125,0.7021484375
409,2.8095703125,2.47119140625,2.6923828125,0.884765625,1.1982421875,3.44921875,0.51171875
410,2.6201171875,3.06201171875,2.53369140625,1.17431640625,0.7900390625,3.4775390625,0.95556640625
411,2.6171875,3.07568359375,2.60595703125,1.31396484375,0.857421875,3.517578125,0.8046875
412,2.62060546875,2.9052734375,2.67529296875,0.5615234375,1.3388671875,3.67822265625,0.86572265625
413,2.28369140625,3.021484375,2.71337890625,0.65380859375,1.3203125,3.7236328125,1.0791015625
414,2.81884765625,2.7587890625,2.6416015625,0.81201171875,1.45947265625,3.384765625,1.13134765625
415,2.88427734375,2.5830078125,2.654296875,1.2080078125,0.7119140625,3.423828125,0.931640625
416,3.13671875,2.50537109375,2.5576171875,0.939453125,0.8447265625,3.46044921875,0.84716796875
417,3.10546875,2.431640625,2.72998046875,1.111328125,0.88671875,3.38916015625,0.880859375
418,2.462890625,2.80859375,2.5126953125,0.99267578125,1.08154296875,3.44775390625,0.80322265625
419,2.814453125,2.5263671875,2.6142578125,0.95361328125,0.73046875,3.37060546875,0.83349609375
420,2.46044921875,2.630859375,2.68212890625,1.25634765625,0.77197265625,3.3623046875,0.76904296875
421,2.54833984375,2.69921875,2.48291015625,1.388671875,0.646484375,3.591796875,0.89501953125
422,2.47705078125,2.70458984375,2.7412109375,0.8544921875,1.4638671875,3.62353515625,0.9912109375
423,2.3515625,2.48291015625,2.57421875,0.83740234375,1.0947265625,3.5849609375,1.16748046875
424,2.59521484375,2.66357421875,2.58056640625,1.220703125,1.36865234375,3.40673828125,0.48681640625
425,2.5849609375,2.52197265625,2.63525390625,1.3203125,1.0576171875,3.48876953125,0.67626953125
426,2.69287109375,2.81396484375,2.58837890625,0.64208984375,1.208984375,3.7802734375,0.84765625
427,2.9580078125,2.74658203125,2.521484375,0.626953125,0.6123046875,3.66552734375,0.8642578125
428,2.80615234375,2.69287109375,2.55322265625,1.09375,0.98046875,3.7080078125,1.171875
429,2.830078125,2.47119140625,2.6611328125,1.39599609375,0.88818359375,3.7060546875,1.1904296875
430,2.822265625,2.72021484375,2.3896484375,0.82080078125,0.40869140625,3.2861328125,0.60595703125
431,2.78173828125,2.58447265625,2.453125,1.0009765625,0.30126953125,3.21533203125,0.6318359375
432,2.7861328125,2.8349609375,2.5068359375,1.25634765625,1.58642578125,3.48193359375,0.43798828125
433,2.65087890625,2.6376953125,2.568359375,1.18310546875,0.9443359375,3.57470703125,0.4697265625
434,2.70751953125,2.90625,2.505859375,0.53564453125,0.84375,3.46826171875,0.86572265625
435,2.95849609375,2.7470703125,2.525390625,0.68603515625,0.947265625,3.56201171875,0.912109375
436,2.853515625,3.20751953125,2.51513671875,0.798828125,0.5322265625,3.5419921875,1.34130859375
437,2.8134765625,3.0634765625,2.5615234375,1.11181640625,0.5947265625,3.548828125,1.12353515625
438,2.9853515625,2.6435546875,2.4609375,0.919921875,0.8271484375,3.46142578125,0.54052734375
439,2.75634765625,2.482421875,2.5615234375,0.8525390625,0.93896484375,3.486328125,0.59814453125
440,2.73828125,3.0673828125,2.54248046875,0.64501953125,0.8740234375,3.75,0.64453125
441,2.64013671875,2.943359375,2.64794921875,0.62744140625,0.951171875,3.7841796875,0.72607421875
442,2.349609375,3.04833984375,2.2958984375,0.560546875,1.0224609375,3.26318359375,1.076171875
443,2.4189453125,2.8505859375,2.5166015625,0.64794921875,1.2529296875,3.4384765625,0.79150390625
444,2.36572265625,2.29833984375,2.453125,0.8095703125,0.71142578125,3.634765625,0.43994140625
445,2.294921875,2.50634765625,2.55029296875,0.80859375,0.45849609375,3.55810546875,0.5166015625
446,2.5791015625,2.7783203125,2.40234375,0.93701171875,0.70947265625,3.0830078125,0.712890625
447,2.74755859375,2.75732421875,2.33154296875,1.0947265625,0.8046875,3.328125,0.615234375
448,2.88671875,2.837890625,2.55126953125,1.26171875,0.7568359375,3.40576171875,1.00732421875
449,2.90185546875,2.90576171875,2.62060546875,1.38623046875,0.9267578125,3.62451171875,0.9951171875
450,2.3173828125,2.5712890625,2.76953125,0.8310546875,1.1005859375,3.43017578125,0.8564453125
451,2.34912109375,2.4345703125,2.76513671875,0.79833984375,0.75634765625,3.28466796875,0.8193359375
452,2.84423828125,2.74267578125,2.75439453125,1.041015625,0.99365234375,3.3408203125,1.11474609375
453,2.6865234375,2.7724609375,2.708984375,0.951171875,1.39697265625,3.33203125,1.0693359375
454,2.65673828125,2.51904296875,2.52294921875,1.20166015625,1.16796875,3.31494140625,1.0361328125
455,2.681640625,2.58154296875,2.6923828125,1.24072265625,1.36279296875,3.49755859375,1.33154296875
456,2.8330078125,2.50146484375,2.43115234375,0.99658203125,0.95361328125,3.5673828125,0.9609375
457,2.86181640625,2.52490234375,2.44970703125,1.12158203125,0.7939453125,3.708984375,0.935546875
458,2.61572265625,2.96630859375,2.31591796875,1.01513671875,0.75,3.373046875,0.48828125
459,2.689453125,2.6875,2.52783203125,1.36328125,0.72998046875,3.30126953125,0.693359375
460,2.6162109375,2.7734375,2.47216796875,1.10400390625,1.1484375,3.70361328125,0.84326171875
461,2.62109375,2.47705078125,2.61865234375,1.00634765625,0.7763671875,3.701171875,0.767578125
462,2.52197265625,2.66552734375,2.65576171875,0.455078125,0.7783203125,3.51171875,0.7265625
463,2.63525390625,2.80908203125,2.51416015625,0.63623046875,1.35888671875,3.67578125,0.94091796875
464,2.64892578125,2.8974609375,2.3994140625,1.0244140625,1.19873046875,3.65087890625,1.251953125
465,2.89111328125,2.63720703125,2.43603515625,1.0830078125,1.24609375,3.77783203125,1.1787109375
466,2.79736328125,2.28759765625,2.22705078125,0.81689453125,0.60400390625,3.45947265625,0.53271484375
467,2.79931640625,2.27880859375,2.30517578125,0.75537109375,0.42333984375,3.55908203125,0.537109375
468,2.63037109375,2.8603515625,2.39794921875,0.46142578125,1.0380859375,3.46630859375,1.0078125
469,2.7548828125,2.65478515625,2.54248046875,0.7265625,0.96337890625,3.54833984375,0.91162109375
470,2.82421875,2.43896484375,2.45849609375,0.7421875,0.88525390625,3.32470703125,0.49853515625
471,2.853515625,2.4052734375,2.6171875,0.78662109375,1.01416015625,3.40625,0.38720703125
472,2.8193359375,2.873046875,2.44873046875,1.16552734375,1.49609375,3.3994140625,1.08154296875
473,2.89111328125,2.84814453125,2.5283203125,1.39111328125,1.0009765625,3.47998046875,1.1025390625
474,2.78173828125,2.9013671875,2.720703125,1.06591796875,0.7216796875,3.6484375,1.1630859375
475,2.986328125,2.76611328125,2.66015625,1.185546875,1.12646484375,3.623046875,1.0361328125
476,2.919921875,3.10205078125,2.3359375,1.10009765625,0.8564453125,3.38671875,0.98681640625
477,2.60791015625,3.0107421875,2.40283203125,0.9990234375,0.8447265625,3.349609375,0.7490234375
478,2.67822265625,2.8447265625,2.60498046875,1.1171875,0.51220703125,3.4404296875,0.8828125
479,2.9365234375,2.73388671875,2.5595703125,0.89892578125,0.744140625,3.537109375,1.0810546875
480,2.8916015625,2.93212890625,2.26904296875,0.70947265625,0.2783203125,3.6181640625,0.35400390625
481,2.95361328125,2.90185546875,2.45947265625,0.76318359375,0.36328125,3.4873046875,0.4013671875
482,2.28515625,2.65576171875,2.55517578125,1.35546875,0.97900390625,3.71923828125,0.5986328125
483,2.26220703125,2.65380859375,2.58544921875,1.3173828125,0.68408203125,3.693359375,0.533203125
484,2.6044921875,2.67822265625,2.34912109375,1.060546875,0.60009765625,3.4833984375,1.1708984375
485,2.591796875,2.46337890625,2.341796875,1.1123046875,0.58544921875,3.6376953125,0.955078125
486,2.73876953125,2.8779296875,2.62109375,0.82421875,1.00634765625,3.5029296875,1.3291015625
487,2.69580078125,2.58251953125,2.568359375,0.79052734375,1.28955078125,3.486328125,1.16357421875
488,2.62060546875,2.44970703125,2.44287109375,0.89892578125,0.970703125,3.45751953125,0.83251953125
489,2.5703125,2.40869140625,2.51123046875,1.279296875,0.66796875,3.431640625,0.9736328125
490,2.89599609375,2.431640625,2.62255859375,1.234375,0.8662109375,3.48974609375,0.962890625
491,2.99462890625,2.30712890625,2.5625,1.22412109375,0.7900390625,3.54833984375,0.970703125
492,2.2890625,2.95458984375,2.49267578125,0.982421875,1.501953125,3.3056640625,0.50146484375
493,2.33203125,2.58984375,2.521484375,1.30029296875,1.27001953125,3.4501953125,0.6298828125
494,2.4833984375,2.62646484375,2.6484375,1.10693359375,1.5439453125,3.66015625,0.638671875
495,2.55126953125,2.6728515625,2.625,1.388671875,1.28857421875,3.658203125,0.748046875
496,2.38134765625,2.55029296875,2.4482421875,0.66455078125,0.57470703125,3.646484375,0.45263671875
497,2.396484375,2.78857421875,2.65234375,0.74169921875,0.46484375,3.6396484375,0.4716796875
498,2.49755859375,2.54736328125,2.4462890625,0.4443359375,0.94580078125,3.4423828125,0.78564453125
499,2.5830078125,2.59716796875,2.52392578125,0.404296875,0.802734375,3.4208984375,0.638671875
500,2.4521484375,2.91162109375,2.44384765625,0.83984375,0.744140625,3.419921875,0.96533203125
501,2.5791015625,2.9013671875,2.771484375,1.072265625,0.740234375,3.52978515625,0.7587890625
502,2.671875,2.49658203125,2.22998046875,1.22607421875,0.86865234375,3.623046875,0.62890625
503,2.6923828125,2.6416015625,2.28125,0.880859375,0.8125,3.5498046875,0.63134765625
504,2.4013671875,2.609375,2.4453125,1.0439453125,1.033203125,3.46630859375,0.8232421875
505,2.314453125,2.41455078125,2.54833984375,1.1162109375,1.02197265625,3.525390625,0.9462890625
506,2.470703125,2.98291015625,2.2568359375,0.33203125,0.63330078125,3.28125,0.69140625
507,2.58203125,2.65625,2.2822265625,0.29443359375,0.4765625,3.4296875,0.66796875
508,2.87353515625,2.505859375,2.470703125,0.740234375,0.93017578125,3.43017578125,0.99609375
509,2.80859375,2.306640625,2.3896484375,0.58740234375,1.0390625,3.3212890625,0.8232421875
510,2.80126953125,2.7412109375,2.52294921875,1.0537109375,0.94921875,3.53759765625,0.74267578125
511,2.7216796875,2.59814453125,2.521484375,1.11083984375,0.90625,3.7001953125,0.63232421875
512,2.72119140625,2.56298828125,2.59033203125,0.7236328125,0.6982421875,3.41943359375,0.8154296875
513,2.6689453125,2.5390625,2.4775390625,0.87890625,0.6728515625,3.5029296875,0.63671875
514,2.59716796875,2.64599609375,2.39453125,0.36621093750000006,0.37841796875,3.4951171875,0.71044921875
515,2.57666015625,2.62744140625,2.4296875,0.46826171875,0.37744140625,3.52587890625,0.712890625
516,2.8994140625,2.859375,2.42236328125,0.73828125,1.0185546875,3.62060546875,0.78759765625
517,2.87060546875,2.6884765625,2.60205078125,0.630859375,0.98095703125,3.59130859375,0.7705078125
518,2.88232421875,2.91162109375,2.60205078125,0.984375,1.16259765625,3.65673828125,1.20849609375
519,2.7529296875,2.56005859375,2.64208984375,1.1318359375,0.99609375,3.7412109375,0.97705078125
520,2.62158203125,2.609375,2.44580078125,0.810546875,0.41650390625,3.71875,0.8427734375
521,2.625,2.4404296875,2.443359375,0.71533203125,0.25341796875,3.7587890625,0.97314453125
522,2.68896484375,3.306640625,2.45947265625,0.8291015625,0.7978515625,3.53271484375,0.703125
523,2.56884765625,3.03955078125,2.3330078125,0.68798828125,0.8037109375,3.7470703125,0.53955078125
524,2.43994140625,3.0068359375,2.42041015625,1.0986328125,0.7958984375,3.42529296875,0.61572265625
525,2.38134765625,2.884765625,2.4052734375,1.19873046875,0.5234375,3.3583984375,0.615234375
526,2.7353515625,2.662109375,2.65576171875,0.72265625,0.68408203125,3.6357421875,0.98291015625
527,2.7080078125,2.73583984375,2.7861328125,0.82470703125,0.65771484375,3.5517578125,1.36376953125
528,2.42724609375,2.76953125,2.3544921875,0.69384765625,0.54296875,3.61474609375,1.35498046875
529,2.42431640625,2.78759765625,2.4287109375,0.83203125,0.666015625,3.8359375,1.095703125
530,2.82275390625,2.75830078125,2.6845703125,0.892578125,0.6044921875,3.53564453125,1.013671875
531,2.732421875,2.67822265625,2.65478515625,0.9453125,0.4716796875,3.5830078125,0.646484375
532,2.69482421875,3.134765625,2.328125,1.1943359375,1.1748046875,3.54248046875,0.6103515625
533,2.78076171875,2.9921875,2.56494140625,1.0634765625,1.05126953125,3.578125,0.6064453125
534,2.5263671875,2.62353515625,2.4921875,0.642578125,1.2373046875,3.28857421875,1.07080078125
535,2.5927734375,2.70947265625,2.68798828125,0.56396484375,1.1591796875,3.42333984375,0.82470703125
536,2.50244140625,2.9658203125,2.2333984375,0.9501953125,1.0205078125,3.36669921875,0.61083984375
537,2.67529296875,2.3955078125,2.564453125,0.859375,0.87939453125,3.36962890625,0.3857421875
538,2.515625,2.63623046875,2.71044921875,0.93359375,0.95751953125,3.49609375,0.80029296875
539,2.576171875,2.6025390625,2.7470703125,1.03271484375,0.93701171875,3.54345703125,0.71435546875
540,2.5009765625,3.0302734375,2.44921875,0.65625,0.95751953125,3.6396484375,1.04736328125
541,2.4921875,2.87841796875,2.49462890625,0.80126953125,0.90869140625,3.6171875,0.7119140625
542,2.92578125,2.4287109375,2.595703125,1.2666015625,0.79052734375,3.38232421875,0.509765625
543,2.8076171875,2.298828125,2.56103515625,1.24658203125,0.72802734375,3.48779296875,0.4775390625
544,2.63037109375,2.46728515625,2.46630859375,1.083984375,0.927734375,3.51904296875,0.89892578125
545,2.41650390625,2.40087890625,2.599609375,1.12109375,0.8076171875,3.5849609375,0.744140625
546,2.4775390625,2.71044921875,2.5205078125,0.45996093750000006,0.91796875,3.40087890625,0.4833984375
547,2.3798828125,2.6083984375,2.49951171875,0.47021484375,0.46875,3.3037109375,0.4365234375
548,2.673828125,2.58642578125,2.27392578125,1.1123046875,1.0927734375,3.57421875,1.06494140625
549,2.80029296875,2.517578125,2.35302734375,1.29345703125,0.73388671875,3.5830078125,0.888671875
550,2.7744140625,3.10107421875,2.62890625,1.15625,0.76123046875,3.71630859375,0.95751953125
551,2.8779296875,2.876953125,2.56689453125,1.29638671875,0.82861328125,3.646484375,0.72998046875
552,2.61474609375,2.51611328125,2.47802734375,0.97705078125,0.72998046875,3.509765625,1.23046875
553,2.62255859375,2.404296875,2.7109375,0.90625,0.77587890625,3.6025390625,0.96435546875
554,2.5380859375,2.6484375,2.40673828125,0.64990234375,0.83447265625,3.43603515625,1.00048828125
555,2.53173828125,2.546875,2.482421875,0.67724609375,0.75634765625,3.4296875,1.06591796875
556,2.63134765625,2.9208984375,2.3525390625,0.75927734375,0.57177734375,3.609375,1.0107421875
557,2.6171875,2.91796875,2.337890625,0.818359375,0.8662109375,3.6728515625,0.787109375
558,2.6689453125,2.515625,2.5478515625,0.9580078125,0.837890625,3.2578125,0.63134765625
559,2.751953125,2.5595703125,2.578125,0.97509765625,0.66357421875,3.38720703125,0.68701171875
560,2.59619140625,2.6748046875,2.447265625,1.26806640625,0.67236328125,3.4189453125,0.697265625
561,2.60400390625,2.6669921875,2.69140625,1.318359375,0.703125,3.41943359375,0.5986328125
562,2.40869140625,2.486328125,2.3662109375,0.42138671875,0.50390625,3.17431640625,0.6923828125
563,2.400390625,2.5458984375,2.5849609375,0.533203125,0.45166015625,3.205078125,0.6494140625
564,2.54052734375,2.833984375,2.25390625,0.31591796875,0.9892578125,3.419921875,0.66064453125
565,2.6865234375,2.75390625,2.3701171875,0.2900390625,0.93798828125,3.51513671875,0.81689453125
566,2.244140625,2.97509765625,2.7900390625,0.79248046875,0.875,3.455078125,0.95947265625
567,2.373046875,2.63330078125,2.60107421875,0.75830078125,0.95849609375,3.490234375,0.9443359375
568,2.45654296875,2.33447265625,2.4228515625,0.6376953125,0.97802734375,3.60595703125,0.99169921875
569,2.43994140625,2.251953125,2.77001953125,0.67919921875,1.056640625,3.6572265625,0.69091796875
570,2.79541015625,2.96435546875,2.4296875,0.58447265625,1.046875,3.30712890625,0.4462890625
571,2.70068359375,2.64892578125,2.3330078125,0.66162109375,0.81201171875,3.21875,0.48486328125
572,2.48046875,2.76953125,2.515625,0.9052734375,0.57568359375,3.5888671875,0.76123046875
573,2.6513671875,2.779296875,2.60546875,0.99951171875,0.6796875,3.57861328125,0.7607421875
574,2.583984375,2.48583984375,2.5693359375,0.82421875,0.6572265625,3.5703125,0.78662109375
575,2.5234375,2.396484375,2.5517578125,0.7021484375,0.62646484375,3.6044921875,0.78857421875
576,2.68603515625,3.009765625,2.611328125,0.59375,0.98095703125,3.30419921875,0.8076171875
577,2.6943359375,2.85595703125,2.60498046875,0.5810546875,0.9033203125,3.2939453125,0.73876953125
578,2.4736328125,2.80029296875,2.3984375,0.75830078125,0.5263671875,3.60400390625,1.00244140625
579,2.615234375,2.7451171875,2.5439453125,0.7373046875,0.58984375,3.583984375,0.724609375
580,2.5869140625,2.74365234375,2.37939453125,0.5751953125,0.87158203125,3.6337890625,0.8955078125
581,2.57080078125,2.484375,2.63232421875,0.556640625,0.67626953125,3.64599609375,0.6708984375
582,2.4345703125,2.37060546875,2.41259765625,0.56640625,0.85791015625,3.34521484375,0.8984375
583,2.41162109375,2.37109375,2.43212890625,0.72265625,0.59423828125,3.44873046875,0.802734375
584,2.7939453125,2.97314453125,2.474609375,1.02099609375,0.4521484375,3.26708984375,0.89404296875
585,2.79541015625,2.90771484375,2.49658203125,1.00146484375,0.560546875,3.24267578125,0.69677734375
586,2.4619140625,3.2197265625,2.41943359375,0.47119140625,1.0478515625,3.52978515625,0.73095703125
587,2.4482421875,2.67919921875,2.41357421875,0.6064453125,0.6142578125,3.49853515625,0.7958984375
588,2.5380859375,2.99267578125,2.66259765625,0.99951171875,1.00048828125,3.35009765625,0.7236328125
589,2.7275390625,2.9306640625,2.65380859375,1.18798828125,0.79052734375,3.31689453125,0.61572265625
590,2.63525390625,2.40673828125,2.619140625,0.712890625,0.7099609375,3.779296875,0.783203125
591,2.6630859375,2.412109375,2.62841796875,0.70947265625,0.712890625,3.5849609375,0.662109375
592,2.4765625,2.69140625,2.431640625,0.72705078125,0.51171875,3.4287109375,0.9384765625
593,2.5458984375,2.43505859375,2.45947265625,0.9482421875,0.484375,3.62060546875,0.6064453125
594,2.54052734375,2.5556640625,2.34912109375,0.89990234375,0.82421875,3.6025390625,0.8447265625
595,2.53662109375,2.63525390625,2.5078125,1.03955078125,1.09521484375,3.46142578125,0.78369140625
596,2.36083984375,2.9287109375,2.361328125,0.6416015625,0.892578125,3.45556640625,0.85546875
597,2.39892578125,2.7841796875,2.4482421875,0.64208984375,0.7138671875,3.42236328125,0.68603515625
598,2.46923828125,2.68310546875,2.27001953125,0.662109375,1.00732421875,3.39501953125,0.76171875
599,2.66796875,2.43798828125,2.4150390625,1.02685546875,1.0107421875,3.4453125,0.47998046875
600,2.7763671875,2.720703125,2.435546875,0.51904296875,0.52587890625,3.546875,1.08837890625
601,2.662109375,2.3828125,2.5654296875,0.5908203125,0.46533203125,3.53955078125,0.88427734375
602,2.4541015625,2.42529296875,2.3486328125,0.67431640625,1.087890625,3.359375,0.89990234375
603,2.5068359375,2.2587890625,2.48583984375,0.9619140625,0.9599609375,3.37841796875,0.9716796875
604,2.56396484375,2.94921875,2.38427734375,0.75,0.67578125,3.69384765625,1.0537109375
605,2.5751953125,2.74658203125,2.46435546875,0.826171875,0.5634765625,3.5390625,0.76806640625
606,2.6611328125,2.54443359375,2.47509765625,0.76806640625,0.64208984375,3.1513671875,0.923828125
607,2.6552734375,2.35205078125,2.48046875,1.1044921875,0.67578125,3.34423828125,0.88330078125
608,2.8359375,2.4775390625,2.52685546875,1.13818359375,0.69775390625,3.41064453125,1.033203125
609,2.8828125,2.44189453125,2.4658203125,1.12890625,0.6923828125,3.5009765625,0.91796875
610,2.833984375,2.89306640625,2.279296875,1.07666015625,1.072265625,3.3369140625,1.0634765625
611,2.76806640625,2.7109375,2.39404296875,1.27197265625,0.9951171875,3.27099609375,0.93310546875
612,2.69775390625,2.84130859375,2.431640625,0.9248046875,0.6455078125,3.67431640625,0.66796875
613,2.6435546875,2.62353515625,2.482421875,0.98974609375,0.57958984375,3.72705078125,0.572265625
614,2.96484375,2.5732421875,2.55322265625,0.9453125,0.919921875,3.537109375,0.9814453125
615,2.8388671875,2.51708984375,2.6474609375,1.03271484375,0.98876953125,3.4765625,0.88134765625
616,2.5830078125,2.89794921875,2.35205078125,0.80224609375,0.76123046875,3.5419921875,1.65478515625
617,2.59619140625,2.74072265625,2.40673828125,0.9990234375,0.6923828125,3.52978515625,1.2353515625
618,2.71044921875,2.31396484375,2.447265625,0.39208984375,0.69140625,3.646484375,0.994140625
619,2.72412109375,2.193359375,2.49462890625,0.51513671875,0.53564453125,3.74072265625,0.78759765625
620,2.66845703125,2.404296875,2.4931640625,0.857421875,0.80615234375,3.427734375,0.95068359375
621,2.69677734375,2.39013671875,2.60498046875,0.88671875,0.572265625,3.48974609375,0.6953125
622,2.59619140625,3.01123046875,2.4697265625,1.0048828125,0.94189453125,3.47021484375,0.53271484375
623,2.43701171875,2.85302734375,2.5302734375,0.94482421875,0.888671875,3.38623046875,0.6083984375
624,2.63134765625,2.76513671875,2.6748046875,0.84912109375,1.05029296875,3.271484375,1.46142578125
625,2.69189453125,2.7001953125,2.51416015625,1.0185546875,1.2412109375,3.29638671875,0.921875
626,2.45703125,2.48046875,2.46630859375,0.75341796875,0.5146484375,3.43994140625,0.68212890625
627,2.38037109375,2.41650390625,2.5751953125,0.9072265625,0.5888671875,3.34619140625,0.7939453125
628,2.5693359375,2.84228515625,2.31298828125,0.5380859375,0.82373046875,3.47705078125,0.3203125
629,2.6943359375,2.93408203125,2.38134765625,0.685546875,0.70556640625,3.4296875,0.291015625
630,2.66015625,2.98974609375,2.49560546875,0.5419921875,0.81884765625,3.6005859375,1.1455078125
631,2.7939453125,2.919921875,2.4541015625,0.51953125,0.63525390625,3.609375,0.89501953125
632,2.8427734375,3.076171875,2.373046875,0.8974609375,0.796875,3.3447265625,0.51123046875
633,2.6728515625,2.7724609375,2.3046875,1.0087890625,0.84814453125,3.46630859375,0.37890625
634,2.57470703125,2.69580078125,2.4306640625,0.82177734375,0.55224609375,3.67724609375,0.7646484375
635,2.55712890625,2.40234375,2.5751953125,0.94140625,0.52294921875,3.57080078125,0.7587890625
636,2.64794921875,2.70947265625,2.35546875,0.6728515625,0.7333984375,3.09765625,0.55322265625
637,2.79736328125,2.8046875,2.51708984375,0.77490234375,0.744140625,3.2763671875,0.81591796875
638,2.6376953125,2.4736328125,2.384765625,1.0341796875,0.61083984375,3.5439453125,0.48193359375
639,2.76318359375,2.4013671875,2.46826171875,1.07763671875,0.7177734375,3.6103515625,0.51416015625
640,2.41552734375,2.59326171875,2.306640625,0.642578125,0.76708984375,3.56396484375,1.13818359375
641,2.36669921875,2.4404296875,2.41796875,0.81787109375,0.8203125,3.4345703125,1.1474609375
642,2.4296875,2.76318359375,2.46826171875,0.98486328125,0.78955078125,3.19384765625,0.947265625
643,2.57861328125,2.5791015625,2.4775390625,1.05517578125,0.5595703125,3.3896484375,0.7294921875
644,2.91015625,2.54833984375,2.470703125,1.099609375,1.53515625,3.55712890625,1.28125
645,2.75537109375,2.56884765625,2.4375,1.15966796875,1.5966796875,3.541015625,1.1669921875
646,2.43310546875,2.8466796875,2.3603515625,1.2841796875,0.77490234375,3.2607421875,0.96875
647,2.41552734375,2.5830078125,2.38037109375,1.29638671875,0.666015625,3.3564453125,1.16259765625
648,2.4833984375,2.6484375,2.42822265625,0.99267578125,0.90380859375,3.330078125,1.0341796875
649,2.607421875,2.45068359375,2.533203125,0.85205078125,0.818359375,3.4306640625,0.79150390625
650,2.619140625,2.4677734375,2.4833984375,0.6240234375,0.69775390625,3.29833984375,0.6123046875
651,2.57958984375,2.59423828125,2.47900390625,0.673828125,0.7568359375,3.2822265625,0.5107421875
652,2.53173828125,2.49951171875,2.37939453125,0.7294921875,0.5244140625,3.7021484375,0.5341796875
653,2.54833984375,2.5,2.59619140625,0.7314453125,0.44921875,3.72607421875,0.38525390625
654,2.6337890625,2.75390625,2.587890625,0.6416015625,0.92431640625,3.16064453125,0.83837890625
655,2.50537109375,2.53369140625,2.53125,0.76806640625,0.70556640625,3.25048828125,0.77734375
656,2.646484375,3.00439453125,2.44873046875,0.74658203125,0.74072265625,3.263671875,0.92041015625
657,2.552734375,2.63671875,2.46484375,0.80126953125,0.82373046875,3.35888671875,0.88232421875
658,2.77587890625,2.3095703125,2.4521484375,0.52197265625,0.67431640625,3.35302734375,0.63427734375
659,2.68359375,2.42041015625,2.541015625,0.404296875,0.8046875,3.42138671875,0.47998046875
660,2.84326171875,2.423828125,2.4580078125,0.88427734375,1.04345703125,3.50439453125,0.93505859375
661,2.85498046875,2.36376953125,2.5009765625,1.0791015625,0.81787109375,3.4931640625,1.13720703125
662,2.3662109375,2.763671875,2.3603515625,0.798828125,0.9033203125,3.39599609375,0.916015625
663,2.43896484375,2.6513671875,2.39892578125,1.01708984375,0.9638671875,3.240234375,0.88427734375
664,2.65283203125,2.703125,2.51904296875,0.3173828125,0.84375,3.35546875,0.79931640625
665,2.73486328125,2.5,2.6923828125,0.30224609375,0.78662109375,3.35791015625,0.49072265625
666,2.453125,2.85498046875,2.3720703125,0.74072265625,1.0517578125,3.470703125,0.65185546875
667,2.59814453125,2.89794921875,2.5341796875,0.81298828125,0.87353515625,3.44873046875,0.716796875
668,2.40478515625,2.783203125,2.38916015625,0.6416015625,0.55712890625,3.52294921875,1.12744140625
669,2.2900390625,2.6826171875,2.42724609375,0.9287109375,0.51416015625,3.50927734375,0.85400390625
670,2.56494140625,2.833984375,2.35205078125,0.81494140625,0.72998046875,3.12841796875,1.26416015625
671,2.638671875,2.740234375,2.4365234375,0.8935546875,0.84912109375,3.28369140625,1.0654296875
672,2.51025390625,2.876953125,2.73291015625,0.814453125,0.9951171875,3.5029296875,1.06689453125
673,2.62109375,2.69775390625,2.7001953125,1.0146484375,0.765625,3.4091796875,0.99560546875
674,2.74560546875,2.806640625,2.337890625,0.51513671875,0.53662109375,3.220703125,0.97119140625
675,2.6923828125,2.767578125,2.31201171875,0.4990234375,0.4716796875,3.29931640625,0.96875
676,2.826171875,2.46923828125,2.48828125,0.8408203125,0.74169921875,3.26953125,0.63916015625
677,2.88330078125,2.58740234375,2.60595703125,0.74609375,0.85400390625,3.3564453125,0.36962890625
678,2.9072265625,2.73583984375,2.48583984375,0.8779296875,0.74267578125,3.1669921875,0.67822265625
679,2.83935546875,2.619140625,2.45263671875,0.95556640625,1.01318359375,3.23876953125,0.59423828125
680,2.65771484375,2.80908203125,2.63818359375,0.4384765625,0.88330078125,3.4462890625,0.8017578125
681,2.7080078125,2.84228515625,2.6015625,0.564453125,0.54443359375,3.54931640625,0.75244140625
682,2.57861328125,2.93017578125,2.6298828125,0.81787109375,0.92724609375,3.3779296875,0.7109375
683,2.69677734375,2.724609375,2.6962890625,0.95654296875,0.78515625,3.43603515625,0.333984375
684,2.69189453125,2.90771484375,2.4365234375,0.35107421875,0.96923828125,3.1513671875,0.755859375
685,2.72998046875,2.86328125,2.39208984375,0.35400390625,0.7939453125,3.181640625,0.9384765625
686,2.90283203125,2.82763671875,2.53515625,1.04736328125,0.60498046875,3.6982421875,0.9814453125
687,2.91162109375,2.6884765625,2.64990234375,1.11865234375,0.388671875,3.76904296875,0.76513671875
688,2.755859375,2.41943359375,2.4326171875,0.68115234375,0.49658203125,3.62451171875,0.31494140625
689,3.009765625,2.56103515625,2.4296875,0.66357421875,0.580078125,3.5595703125,0.2490234375
690,2.490234375,2.59033203125,2.5634765625,0.7998046875,0.7060546875,3.724609375,0.76806640625
691,2.61767578125,2.32568359375,2.60693359375,0.92626953125,0.55029296875,3.58837890625,0.6513671875
692,2.552734375,2.5244140625,2.5703125,0.8779296875,0.677734375,3.435546875,0.85205078125
693,2.75244140625,2.35009765625,2.658203125,0.79931640625,0.79541015625,3.41552734375,0.7333984375
694,2.78271484375,2.93994140625,2.3974609375,1.0703125,0.71728515625,3.48583984375,0.88525390625
695,2.79150390625,2.8173828125,2.4130859375,1.251953125,0.796875,3.4052734375,0.6640625
696,2.56494140625,2.572265625,2.42333984375,0.64208984375,0.49072265625,3.56982421875,0.75439453125
697,2.81787109375,2.5146484375,2.44775390625,0.8974609375,0.419921875,3.4970703125,0.548828125
698,2.78076171875,2.66015625,2.41162109375,0.708984375,0.35888671875,3.37548828125,0.6162109375
699,2.7431640625,2.5751953125,2.46484375,1.076171875,0.4697265625,3.43310546875,0.62548828125
700,2.7900390625,2.30908203125,2.5244140625,0.513671875,0.7958984375,3.5517578125,0.814453125
701,2.7841796875,2.36328125,2.49365234375,0.49853515625,0.79296875,3.609375,0.943359375
702,2.546875,2.47998046875,2.40966796875,0.85888671875,0.6103515625,3.35400390625,0.72607421875
703,2.564453125,2.44677734375,2.498046875,0.95703125,0.60595703125,3.42333984375,0.5234375
704,2.7412109375,2.9775390625,2.45263671875,0.69873046875,0.42431640625,3.39501953125,0.64990234375
705,2.7734375,2.91796875,2.49853515625,0.685546875,0.56005859375,3.443359375,0.6884765625
706,2.705078125,2.70703125,2.42236328125,0.6220703125,1.12451171875,3.74462890625,0.48583984375
707,2.62890625,2.76611328125,2.53466796875,0.74853515625,1.17919921875,3.6328125,0.7958984375
708,2.47998046875,2.5234375,2.64453125,0.5390625,0.43994140625,3.43115234375,1.10302734375
709,2.45166015625,2.431640625,2.587890625,0.6201171875,0.37255859375,3.50146484375,0.89599609375
710,2.677734375,2.5771484375,2.505859375,0.71240234375,0.52783203125,3.302734375,0.7294921875
711,2.7138671875,2.591796875,2.4794921875,0.87353515625,0.64404296875,3.33544921875,0.701171875
712,2.76025390625,2.705078125,2.4609375,0.6171875,0.95068359375,3.41259765625,0.6630859375
713,2.84326171875,2.48876953125,2.46630859375,0.53125,0.716796875,3.51025390625,0.58984375
714,2.599609375,2.7041015625,2.59716796875,0.86376953125,0.41943359375,3.42919921875,0.78466796875
715,2.5458984375,2.63623046875,2.5810546875,1.10009765625,0.560546875,3.396484375,0.8193359375
716,2.36962890625,2.869140625,2.5009765625,1.16943359375,0.45361328125,3.4033203125,0.71826171875
717,2.42626953125,2.9599609375,2.46435546875,1.1591796875,0.41455078125,3.541015625,0.6064453125
718,2.90283203125,2.85595703125,2.57470703125,0.572265625,0.537109375,3.32080078125,0.6103515625
719,2.876953125,2.79443359375,2.56298828125,0.6552734375,0.4619140625,3.46142578125,0.5361328125
720,2.5478515625,3.04736328125,2.54443359375,0.82470703125,1.01318359375,3.46826171875,0.70947265625
721,2.630859375,2.89453125,2.501953125,0.95654296875,0.80712890625,3.49169921875,0.43896484375
722,2.650390625,2.56982421875,2.53076171875,0.72802734375,1.10009765625,3.384765625,0.537109375
723,2.7626953125,2.47607421875,2.625,0.9482421875,1.0263671875,3.46044921875,0.38134765625
724,2.39404296875,2.6953125,2.599609375,0.501953125,0.9765625,3.4453125,1.1259765625
725,2.3857421875,2.6884765625,2.5400390625,0.6328125,1.0927734375,3.55712890625,0.90380859375
726,2.39501953125,3.02392578125,2.396484375,1.078125,0.7587890625,3.20703125,1.03662109375
727,2.47021484375,2.6748046875,2.50048828125,0.81005859375,0.880859375,3.3017578125,0.89013671875
728,2.66357421875,2.4443359375,2.4599609375,0.41552734375,0.6591796875,3.435546875,0.17041015625000003
729,2.64501953125,2.5322265625,2.57763671875,0.45947265625,0.60205078125,3.44921875,0.28515625
730,2.49462890625,2.890625,2.4609375,0.44287109375,0.84033203125,3.53466796875,0.6650390625
731,2.59375,2.6826171875,2.3935546875,0.56494140625,0.7626953125,3.607421875,0.50439453125
732,2.421875,2.46142578125,2.369140625,0.51953125,0.6376953125,3.36279296875,0.6171875
733,2.517578125,2.3154296875,2.39208984375,0.6142578125,0.63818359375,3.5244140625,0.66064453125
734,2.69482421875,2.66943359375,2.43798828125,0.5869140625,1.201171875,3.4189453125,0.4287109375
735,2.873046875,2.51025390625,2.42236328125,0.85791015625,0.96044921875,3.2919921875,0.470703125
736,2.525390625,2.37451171875,2.39794921875,0.62939453125,1.2841796875,3.248046875,0.68408203125
737,2.4140625,2.3359375,2.46240234375,0.5859375,1.1669921875,3.33154296875,0.9296875
738,2.7919921875,2.744140625,2.30224609375,0.4326171875,0.9375,3.5712890625,0.779296875
739,2.9267578125,2.73291015625,2.3134765625,0.39453125,0.84130859375,3.54150390625,0.7607421875
740,2.751953125,3.03369140625,2.29345703125,0.26953125,0.59716796875,3.16455078125,0.64501953125
741,2.7880859375,2.875,2.42236328125,0.26513671875,0.58349609375,3.173828125,0.56689453125
742,2.7353515625,2.62109375,2.4873046875,1.064453125,0.60888671875,3.42041015625,0.7333984375
743,2.7255859375,2.486328125,2.60546875,1.10546875,0.50439453125,3.30712890625,0.57275390625
744,2.4052734375,2.46728515625,2.4765625,0.984375,0.58349609375,3.4697265625,0.81689453125
745,2.4873046875,2.6181640625,2.62109375,0.98828125,0.64794921875,3.4765625,0.7666015625
746,2.60693359375,2.57666015625,2.50146484375,0.4541015625,0.724609375,3.22607421875,0.73291015625
747,2.662109375,2.419921875,2.56787109375,0.5986328125,0.806640625,3.291015625,0.7109375
748,2.76611328125,2.82861328125,2.63427734375,0.609375,0.9755859375,3.5009765625,0.80517578125
749,2.955078125,2.82470703125,2.55517578125,0.7392578125,0.92236328125,3.42333984375,0.84521484375
750,2.7822265625,2.8916015625,2.49462890625,0.85498046875,1.044921875,3.591796875,0.84912109375
751,2.7119140625,2.6328125,2.41015625,0.921875,1.04345703125,3.55029296875,0.77392578125
752,2.65185546875,2.89208984375,2.5390625,1.03173828125,1.12451171875,3.3916015625,0.74169921875
753,2.79248046875,2.68994140625,2.64404296875,1.0810546875,1.0498046875,3.45166015625,0.75244140625
754,2.35205078125,2.91259765625,2.6005859375,0.72119140625,0.669921875,3.5146484375,0.77587890625
755,2.52392578125,2.8046875,2.5673828125,0.90283203125,0.66015625,3.486328125,0.71435546875
756,2.32470703125,2.47802734375,2.60791015625,0.9921875,0.76220703125,3.287109375,0.7724609375
757,2.22265625,2.3359375,2.5400390625,1.1474609375,0.7109375,3.35107421875,0.57080078125
758,2.64111328125,2.59130859375,2.43212890625,0.6484375,0.759765625,3.2841796875,0.70166015625
759,2.548828125,2.494140625,2.46533203125,0.79248046875,0.58203125,3.1923828125,0.63037109375
760,2.33642578125,2.72900390625,2.41162109375,1.09033203125,0.4765625,3.28857421875,0.71728515625
761,2.48486328125,2.77392578125,2.42626953125,1.16064453125,0.5615234375,3.33935546875,0.96484375
762,2.48388671875,2.57177734375,2.201171875,0.79296875,0.72998046875,3.248046875,0.3115234375
763,2.56640625,2.39794921875,2.30322265625,0.89404296875,0.60693359375,3.271484375,0.28955078125
764,2.42529296875,2.66845703125,2.63525390625,1.10302734375,1.0009765625,3.30712890625,1.0859375
765,2.43994140625,2.61572265625,2.64306640625,1.1318359375,0.7900390625,3.3369140625,0.8544921875
766,2.609375,2.56640625,2.3388671875,0.85009765625,1.251953125,3.279296875,0.5478515625
767,2.61376953125,2.58154296875,2.35791015625,1.11865234375,1.0576171875,3.29296875,0.6259765625
768,2.3623046875,2.59033203125,2.58642578125,0.55712890625,0.994140625,3.3076171875,0.44384765625
769,2.36083984375,2.62158203125,2.56103515625,0.759765625,0.7626953125,3.29296875,0.46826171875
770,2.314453125,2.88037109375,2.462890625,0.9287109375,0.76416015625,3.41796875,0.76513671875
771,2.375,2.70703125,2.515625,1.00634765625,0.93994140625,3.39892578125,0.48193359375
772,2.39501953125,2.82763671875,2.3642578125,0.8251953125,1.08349609375,3.2294921875,0.5810546875
773,2.38916015625,2.64990234375,2.42919921875,0.9775390625,1.05322265625,3.2119140625,0.5732421875
774,2.59033203125,2.57666015625,2.4970703125,0.9375,0.73779296875,3.2939453125,0.9560546875
775,2.85302734375,2.333984375,2.48681640625,1.10107421875,0.6181640625,3.390625,0.74609375
776,2.3046875,2.96630859375,2.27734375,0.9296875,0.6591796875,3.1689453125,0.658203125
777,2.4755859375,2.6416015625,2.34375,0.9951171875,0.71240234375,3.400390625,0.5537109375
778,2.91650390625,2.8583984375,2.546875,0.6884765625,0.5888671875,3.3125,0.7001953125
779,2.7880859375,2.525390625,2.60302734375,0.69091796875,0.66943359375,3.384765625,0.4150390625
780,2.87744140625,2.673828125,2.1806640625,1.08203125,0.45068359375,3.27392578125,0.93359375
781,2.89306640625,2.64599609375,2.27783203125,1.138671875,0.43115234375,3.39794921875,0.86474609375
782,2.28076171875,2.65380859375,2.60986328125,0.75537109375,0.708984375,3.3525390625,0.9228515625
783,2.42041015625,2.47021484375,2.63134765625,0.74169921875,0.90380859375,3.3349609375,0.9169921875
784,2.50244140625,2.5146484375,2.59521484375,0.69970703125,0.6201171875,3.24560546875,1.09326171875
785,2.52978515625,2.3642578125,2.62060546875,0.78857421875,0.61572265625,3.27490234375,0.80078125
786,2.66015625,2.60693359375,2.5048828125,0.5029296875,0.79638671875,3.14892578125,0.4912109375
787,2.6650390625,2.6142578125,2.52197265625,0.54345703125,0.7353515625,3.224609375,0.4345703125
788,2.53369140625,2.767578125,2.34912109375,0.97705078125,0.81005859375,3.30126953125,0.83740234375
789,2.56787109375,2.72509765625,2.408203125,1.291015625,0.66796875,3.40673828125,0.63671875
790,2.330078125,2.49072265625,2.52392578125,0.35156250000000006,0.2587890625,3.4208984375,0.373046875
791,2.61572265625,2.53857421875,2.47412109375,0.50390625,0.21435546875000003,3.47021484375,0.50341796875
792,2.5576171875,2.60693359375,2.48095703125,0.59912109375,0.86279296875,3.72607421875,0.86767578125
793,2.6552734375,2.43359375,2.49951171875,0.60986328125,0.82373046875,3.64208984375,0.77685546875
794,2.8291015625,2.6123046875,2.57080078125,0.68115234375,0.8203125,3.2373046875,0.708984375
795,2.78564453125,2.6767578125,2.615234375,0.51171875,0.8330078125,3.2998046875,0.51904296875
796,2.92236328125,2.64794921875,2.49462890625,1.19140625,0.83203125,3.3642578125,0.62841796875
797,2.9453125,2.61767578125,2.548828125,1.25244140625,0.662109375,3.28662109375,0.6611328125
798,2.51708984375,2.70654296875,2.39501953125,0.46875,0.912109375,3.29736328125,0.33056640625
799,2.46923828125,2.787109375,2.369140625,0.46875,0.72509765625,3.48388671875,0.42578125
800,2.6787109375,3.0126953125,2.515625,1.0693359375,0.630859375,3.275390625,0.61865234375
801,2.59521484375,2.87158203125,2.46923828125,1.1064453125,0.5712890625,3.30908203125,0.478515625
802,2.84130859375,2.76416015625,2.412109375,0.60693359375,0.33837890625,3.35400390625,0.56591796875
803,2.80322265625,2.66796875,2.52392578125,0.751953125,0.33447265625,3.33984375,0.6064453125
804,2.5654296875,2.7666015625,2.23681640625,0.75830078125,0.94580078125,3.47119140625,1.2333984375
805,2.69189453125,2.81103515625,2.296875,0.8193359375,1.15087890625,3.484375,0.8046875
806,2.767578125,2.88134765625,2.279296875,0.85986328125,0.4697265625,3.33642578125,1.03515625
807,2.7783203125,2.7236328125,2.390625,1.029296875,0.47021484375,3.46044921875,1.16845703125
808,2.60986328125,2.49072265625,2.28173828125,0.8232421875,0.48095703125,3.29443359375,0.81884765625
809,2.6591796875,2.31103515625,2.3212890625,1.14794921875,0.34716796875,3.50732421875,0.76806640625
810,2.6201171875,2.4951171875,2.43994140625,0.6689453125,0.86865234375,3.5791015625,0.67724609375
811,2.736328125,2.33740234375,2.525390625,0.8154296875,0.66748046875,3.556640625,0.38916015625
812,2.52392578125,2.55810546875,2.33203125,0.98193359375,0.56884765625,3.2626953125,0.6962890625
813,2.4169921875,2.33447265625,2.38427734375,1.123046875,0.65869140625,3.2490234375,0.56787109375
814,2.619140625,2.56005859375,2.42626953125,0.92919921875,0.927734375,3.48974609375,0.25537109375
815,2.74462890625,2.5009765625,2.41845703125,0.9267578125,0.89306640625,3.4423828125,0.21972656250000003
816,2.50341796875,2.60888671875,2.31494140625,0.6796875,0.8525390625,3.29248046875,0.72314453125
817,2.65380859375,2.57421875,2.416015625,0.7060546875,0.7587890625,3.3271484375,0.62841796875
818,2.55517578125,2.6357421875,2.7294921875,1.17822265625,0.77783203125,3.46728515625,0.6103515625
819,2.61328125,2.61181640625,2.62451171875,1.12158203125,0.5634765625,3.45947265625,0.43310546875
820,2.68603515625,2.41162109375,2.22314453125,0.99560546875,0.630859375,3.361328125,0.7119140625
821,2.66943359375,2.27978515625,2.38525390625,1.06396484375,0.47216796875,3.35498046875,0.4892578125
822,2.2939453125,2.54296875,2.421875,1.07177734375,0.47314453125,3.2392578125,1.1357421875
823,2.18603515625,2.3564453125,2.65087890625,1.029296875,0.3876953125,3.22509765625,1.1396484375
824,2.47509765625,2.9072265625,2.3330078125,0.59423828125,1.17724609375,3.26806640625,0.33984375
825,2.5166015625,2.7568359375,2.44873046875,0.74560546875,1.02392578125,3.36669921875,0.22607421875
826,2.7470703125,2.54296875,2.53076171875,0.857421875,1.08984375,3.30712890625,0.8515625
827,2.74072265625,2.43505859375,2.46875,0.9130859375,1.01806640625,3.31689453125,0.6533203125
828,2.60107421875,2.8193359375,2.3818359375,0.96826171875,0.7294921875,3.34765625,0.86376953125
829,2.73876953125,2.69384765625,2.373046875,0.75146484375,0.60205078125,3.4658203125,0.7890625
830,2.3291015625,2.740234375,2.3984375,0.7236328125,0.32275390625,3.27978515625,0.45458984375
831,2.38330078125,2.8447265625,2.33642578125,0.78662109375,0.48583984375,3.203125,0.51123046875
832,2.56103515625,2.30712890625,2.36083984375,0.56201171875,0.78466796875,3.32861328125,0.7890625
833,2.7109375,2.2841796875,2.486328125,0.640625,0.65478515625,3.41943359375,0.51025390625
834,2.33984375,2.54736328125,2.638671875,0.8251953125,0.9091796875,3.45849609375,0.65966796875
835,2.37939453125,2.3544921875,2.6435546875,1.02001953125,0.94189453125,3.37841796875,0.6640625
836,2.69970703125,2.470703125,2.38525390625,0.75439453125,0.58203125,3.41748046875,0.6044921875
837,2.79345703125,2.365234375,2.40771484375,0.70654296875,0.4892578125,3.5400390625,0.60205078125
838,2.74951171875,2.85205078125,2.59326171875,1.02880859375,0.9462890625,3.37255859375,0.7685546875
839,2.6123046875,2.7216796875,2.68798828125,0.93798828125,1.150390625,3.46728515625,0.755859375
840,2.5986328125,2.82373046875,2.61376953125,0.98583984375,1.04052734375,3.40234375,0.609375
841,2.77099609375,2.87646484375,2.53466796875,1.193359375,0.8466796875,3.3193359375,0.58349609375
842,2.79541015625,2.71435546875,2.27734375,0.95263671875,0.849609375,3.482421875,0.38671875000000006
843,2.779296875,2.53955078125,2.42333984375,1.1796875,0.7001953125,3.46240234375,0.41455078125
844,2.91455078125,2.755859375,2.42578125,0.76318359375,0.92431640625,3.48828125,0.783203125
845,2.80908203125,2.826171875,2.53271484375,0.82080078125,0.6591796875,3.541015625,0.568359375
846,2.27197265625,2.33642578125,2.26806640625,0.40625,1.01025390625,3.40087890625,0.95068359375
847,2.400390625,2.2431640625,2.38525390625,0.59033203125,1.0146484375,3.56982421875,0.7509765625
848,2.76171875,2.8623046875,2.48046875,0.9912109375,0.65576171875,3.3310546875,0.61083984375
849,2.8447265625,2.93408203125,2.4775390625,0.919921875,0.49169921875,3.259765625,0.5283203125
850,2.76611328125,2.63037109375,2.33154296875,1.15576171875,0.80810546875,3.54541015625,0.76416015625
851,2.8330078125,2.38623046875,2.3671875,1.1220703125,0.5439453125,3.50390625,0.65185546875
852,2.69970703125,2.73779296875,2.44189453125,1.1044921875,0.5322265625,3.33154296875,0.4609375
853,2.67431640625,2.451171875,2.5810546875,1.0791015625,0.39208984375,3.474609375,0.4912109375
854,2.6171875,2.90087890625,2.37451171875,0.86083984375,0.7646484375,3.25732421875,0.71533203125
855,2.70361328125,2.5146484375,2.3916015625,0.87451171875,0.56787109375,3.212890625,0.71240234375
856,2.67626953125,2.53271484375,2.55810546875,0.5712890625,0.7236328125,3.376953125,1.0078125
857,2.65869140625,2.35009765625,2.59716796875,0.73681640625,0.67333984375,3.22216796875,0.80615234375
858,2.53955078125,2.50732421875,2.494140625,1.23876953125,0.72900390625,3.42431640625,1.021484375
859,2.4697265625,2.42626953125,2.5888671875,1.26318359375,0.61328125,3.47607421875,1.0419921875
860,2.9169921875,2.4912109375,2.54248046875,0.9619140625,0.845703125,3.49658203125,0.83447265625
861,2.84033203125,2.453125,2.51806640625,1.03955078125,0.79296875,3.5537109375,0.8251953125
862,2.5517578125,2.87451171875,2.49609375,0.80908203125,0.361328125,3.318359375,0.48828125
863,2.5673828125,2.7763671875,2.5966796875,0.81103515625,0.52392578125,3.419921875,0.234375
864,2.5888671875,2.6103515625,2.52685546875,0.861328125,0.74462890625,3.28857421875,0.7841796875
865,2.77392578125,2.2421875,2.46728515625,1.10400390625,0.861328125,3.3740234375,0.8486328125
866,2.60498046875,2.55712890625,2.61669921875,0.6630859375,0.619140625,3.60498046875,0.6806640625
867,2.765625,2.23828125,2.61083984375,0.92529296875,0.533203125,3.5849609375,0.63916015625
868,2.30859375,2.78369140625,2.3916015625,0.740234375,0.90283203125,3.52685546875,0.65625
869,2.2587890625,2.64306640625,2.5439453125,0.89990234375,0.99169921875,3.5234375,0.734375
870,2.5634765625,2.87353515625,2.49951171875,0.69189453125,0.6171875,3.47607421875,0.61376953125
871,2.51611328125,2.60009765625,2.47802734375,0.73046875,0.6376953125,3.5712890625,0.41748046875
872,2.54736328125,2.8505859375,2.32421875,0.51953125,0.7451171875,3.232421875,0.5537109375
873,2.5224609375,2.55615234375,2.3564453125,0.7587890625,0.67529296875,3.30712890625,0.53076171875
874,2.349609375,2.6689453125,2.4423828125,0.87158203125,1.0986328125,3.1591796875,0.837890625
875,2.3876953125,2.50634765625,2.4892578125,1.00341796875,0.9169921875,3.28759765625,0.857421875
876,2.5419921875,2.607421875,2.56591796875,0.45703125,0.599609375,3.54052734375,0.921875
877,2.6298828125,2.60986328125,2.5146484375,0.54931640625,0.60107421875,3.5830078125,0.91455078125
878,2.572265625,2.3798828125,2.4072265625,0.8349609375,0.81298828125,3.4443359375,0.62890625
879,2.72998046875,2.392578125,2.56201171875,0.83642578125,0.6533203125,3.4736328125,0.50830078125
880,2.55078125,2.41650390625,2.34912109375,1.06298828125,0.57080078125,3.50439453125,0.57470703125
881,2.59765625,2.31103515625,2.42578125,1.14501953125,0.57275390625,3.61474609375,0.55712890625
882,2.3720703125,2.88037109375,2.43603515625,0.5185546875,0.75,3.34423828125,0.75
883,2.5107421875,2.7607421875,2.3427734375,0.47900390625,0.86083984375,3.3857421875,0.765625
884,2.5458984375,2.7734375,2.31689453125,1.0615234375,0.66162109375,3.53125,0.4072265625
885,2.6044921875,2.6044921875,2.36767578125,1.1708984375,0.669921875,3.6142578125,0.43408203125
886,2.42822265625,2.3828125,2.328125,0.7890625,0.5546875,3.078125,0.8515625
887,2.4931640625,2.2705078125,2.32958984375,0.60400390625,0.5830078125,3.15478515625,0.82470703125
888,2.41455078125,2.6201171875,2.32275390625,0.21533203125000003,0.9384765625,3.4453125,0.8134765625
889,2.548828125,2.54443359375,2.4267578125,0.294921875,0.86767578125,3.57080078125,0.62890625
890,2.47216796875,2.30615234375,2.4921875,1.158203125,0.81689453125,3.27880859375,0.65185546875
891,2.5712890625,2.4326171875,2.61279296875,1.15234375,0.75927734375,3.26708984375,0.529296875
892,2.505859375,2.6279296875,2.38427734375,0.681640625,0.466796875,3.29150390625,1.0224609375
893,2.537109375,2.2685546875,2.4892578125,0.80126953125,0.326171875,3.30224609375,0.78173828125
894,2.7412109375,2.6845703125,2.5869140625,0.62255859375,0.64208984375,3.43505859375,0.2255859375
895,2.587890625,2.603515625,2.515625,0.66845703125,0.50390625,3.53515625,0.19042968750000003
896,2.64501953125,2.54443359375,2.41259765625,0.935546875,0.9482421875,3.318359375,0.5947265625
897,2.6650390625,2.3544921875,2.36767578125,1.001953125,0.837890625,3.25537109375,0.564453125
898,2.69140625,2.22314453125,2.2607421875,1.08984375,0.6884765625,3.38525390625,0.81005859375
899,2.69677734375,2.09326171875,2.328125,1.02587890625,0.884765625,3.42822265625,0.4912109375
900,2.54833984375,2.896484375,2.36328125,0.40283203125000006,0.607421875,3.43115234375,0.8056640625
901,2.537109375,2.69091796875,2.4697265625,0.4091796875,0.59130859375,3.404296875,0.93359375
902,2.529296875,2.56689453125,2.37451171875,0.8115234375,0.7216796875,3.287109375,0.904296875
903,2.6845703125,2.42431640625,2.50341796875,0.9736328125,0.62109375,3.2939453125,0.6083984375
904,2.62646484375,2.328125,2.47509765625,0.244140625,0.8955078125,3.2021484375,0.947265625
905,2.6337890625,2.3271484375,2.4873046875,0.25634765625,0.9296875,3.22021484375,1.00537109375
906,2.77490234375,2.57275390625,2.4580078125,0.44384765625,0.69091796875,3.2646484375,0.763671875
907,2.7802734375,2.41796875,2.6025390625,0.56591796875,0.57177734375,3.30517578125,0.923828125
908,2.63916015625,2.56884765625,2.35107421875,0.759765625,0.84375,3.439453125,1.10400390625
909,2.71044921875,2.4384765625,2.47607421875,0.70166015625,0.919921875,3.4609375,0.98095703125
910,2.701171875,2.5029296875,2.62158203125,0.5615234375,0.4921875,3.32080078125,1.11328125
911,2.6005859375,2.3955078125,2.505859375,0.50732421875,0.44287109375,3.4638671875,0.869140625
912,2.904296875,2.72607421875,2.18896484375,0.666015625,0.451171875,3.31640625,0.89453125
913,2.86474609375,2.76953125,2.2744140625,0.83935546875,0.46484375,3.40869140625,0.47509765625000006
914,2.703125,2.56884765625,2.52685546875,0.6904296875,0.8349609375,3.263671875,0.46435546875
915,2.81103515625,2.39697265625,2.478515625,0.88134765625,0.85107421875,3.25537109375,0.56005859375
916,2.611328125,2.9892578125,2.45654296875,0.5927734375,0.6669921875,3.0634765625,0.74267578125
917,2.82568359375,2.65185546875,2.41650390625,0.67529296875,0.55224609375,3.1572265625,0.86767578125
918,2.3896484375,2.529296875,2.45361328125,0.83642578125,0.68896484375,3.3427734375,0.54736328125
919,2.46875,2.3798828125,2.478515625,0.82763671875,0.72119140625,3.36181640625,0.5830078125
920,2.49072265625,2.64697265625,2.4150390625,0.71240234375,0.71044921875,3.27978515625,0.89990234375
921,2.5,2.53125,2.4541015625,0.72509765625,0.68017578125,3.3544921875,0.7294921875
922,2.76318359375,2.76318359375,2.51171875,0.49462890625,0.5146484375,3.42138671875,0.5546875
923,2.9091796875,2.43115234375,2.38134765625,0.58935546875,0.404296875,3.49365234375,0.4892578125
924,2.64697265625,2.63037109375,2.37353515625,0.6748046875,0.654296875,3.2392578125,0.6923828125
925,2.77197265625,2.53271484375,2.30224609375,0.802734375,0.57470703125,3.38427734375,0.4931640625
926,2.20556640625,2.525390625,2.50341796875,0.66357421875,0.64013671875,3.48681640625,0.927734375
927,2.2705078125,2.48193359375,2.60498046875,0.88720703125,0.65185546875,3.47802734375,0.90869140625
928,2.64208984375,2.60595703125,2.2890625,0.4599609375,0.99609375,3.59130859375,0.404296875
929,2.59521484375,2.59765625,2.2919921875,0.52734375,0.89697265625,3.6064453125,0.30517578125
930,2.42822265625,2.5751953125,2.4384765625,0.578125,0.24365234375,3.2900390625,0.52294921875
931,2.53857421875,2.4599609375,2.51171875,0.7041015625,0.25634765625,3.4423828125,0.43310546875
932,2.673828125,2.67236328125,2.4658203125,0.724609375,0.369140625,3.1259765625,0.70556640625
933,2.59033203125,2.56884765625,2.40771484375,0.6005859375,0.46240234375,3.25927734375,0.7373046875
934,2.515625,2.72314453125,2.4091796875,0.8720703125,0.7607421875,3.267578125,0.462890625
935,2.34912109375,2.54931640625,2.45849609375,0.88916015625,0.77685546875,3.42578125,0.42919921875
936,2.71826171875,2.62255859375,2.37451171875,0.533203125,0.29345703125,3.43994140625,0.60302734375
937,2.60107421875,2.71142578125,2.3984375,0.6708984375,0.17822265625,3.4375,0.6064453125
938,2.76025390625,2.45751953125,2.46826171875,0.7578125,0.8359375,3.35546875,0.8515625
939,2.75146484375,2.2490234375,2.4716796875,0.90283203125,0.81787109375,3.3779296875,0.6982421875
940,2.4365234375,2.728515625,2.44921875,0.90283203125,0.81005859375,3.5791015625,0.765625
941,2.56982421875,2.49072265625,2.55908203125,0.875,0.66796875,3.609375,0.6162109375
942,2.5439453125,2.6513671875,2.4140625,0.68115234375,0.4560546875,3.30517578125,0.8251953125
943,2.56103515625,2.728515625,2.560546875,0.77880859375,0.46044921875,3.25048828125,0.62939453125
944,2.58447265625,2.53271484375,2.486328125,0.7880859375,1.02978515625,3.59423828125,0.70654296875
945,2.70458984375,2.46337890625,2.54248046875,0.96875,0.6611328125,3.51953125,0.53369140625
946,2.53662109375,2.517578125,2.34033203125,0.66259765625,0.67333984375,3.47216796875,0.77880859375
947,2.63134765625,2.44921875,2.44970703125,0.71533203125,0.7138671875,3.49365234375,0.5869140625
948,2.64794921875,2.6123046875,2.44775390625,0.55078125,0.78466796875,3.42578125,0.52587890625
949,2.66845703125,2.41845703125,2.498046875,0.7451171875,0.8154296875,3.470703125,0.53955078125
950,2.498046875,2.58544921875,2.5048828125,0.42089843750000006,0.66015625,3.3330078125,0.353515625
951,2.578125,2.46875,2.5986328125,0.4248046875,0.7568359375,3.22802734375,0.38623046875
952,2.64794921875,2.751953125,2.3955078125,0.54345703125,0.6943359375,3.68310546875,0.63623046875
953,2.70849609375,2.68896484375,2.60009765625,0.68310546875,0.62353515625,3.49462890625,0.51904296875
954,2.64794921875,2.54833984375,2.41064453125,0.71435546875,1.0087890625,3.22998046875,0.46875
955,2.58837890625,2.36962890625,2.4462890625,0.87255859375,0.82373046875,3.25,0.54541015625
956,2.66845703125,2.59521484375,2.45458984375,0.9697265625,0.361328125,3.42919921875,0.77490234375
957,2.6767578125,2.4765625,2.52197265625,1.0361328125,0.4560546875,3.365234375,0.60107421875
958,2.5234375,2.42626953125,2.390625,1.0654296875,0.666015625,3.2041015625,0.59423828125
959,2.58984375,2.2626953125,2.4443359375,1.15087890625,0.52392578125,3.263671875,0.4580078125
960,2.55126953125,2.759765625,2.5224609375,0.70654296875,0.80859375,3.357421875,0.77587890625
961,2.49072265625,2.625,2.51025390625,0.85302734375,0.87548828125,3.53759765625,0.619140625
962,2.51318359375,2.56201171875,2.32470703125,0.71923828125,0.4189453125,3.2177734375,0.6162109375
963,2.53662109375,2.58642578125,2.40771484375,0.88232421875,0.396484375,3.25439453125,0.54345703125
964,2.5830078125,2.70458984375,2.32568359375,0.71826171875,0.61376953125,3.3115234375,0.958984375
965,2.595703125,2.490234375,2.373046875,0.70703125,0.60693359375,3.234375,0.80810546875
966,2.392578125,2.52490234375,2.37060546875,0.98486328125,0.2265625,3.59033203125,0.58349609375
967,2.34521484375,2.3095703125,2.37109375,0.982421875,0.18359375,3.60302734375,0.4580078125
968,2.77001953125,2.21875,2.37060546875,0.59033203125,0.85693359375,3.48486328125,0.640625
969,2.7548828125,2.21142578125,2.39111328125,0.626953125,0.82763671875,3.5205078125,0.81298828125
970,2.79150390625,2.8798828125,2.22607421875,0.6689453125,1.0234375,3.60791015625,0.86767578125
971,2.86767578125,2.73095703125,2.36328125,0.89501953125,0.83251953125,3.818359375,0.7841796875
972,2.78955078125,2.37744140625,2.626953125,0.6728515625,0.64599609375,3.15380859375,0.4931640625
973,2.71240234375,2.271484375,2.560546875,0.896484375,0.95166015625,3.27783203125,0.271484375
974,2.4501953125,2.8232421875,2.455078125,0.6796875,0.6298828125,3.390625,0.599609375
975,2.41455078125,2.66796875,2.5234375,0.53857421875,0.61328125,3.34228515625,0.59619140625
976,2.314453125,2.54736328125,2.42822265625,0.515625,0.818359375,3.3115234375,0.38623046875
977,2.4404296875,2.5009765625,2.453125,0.7255859375,0.8828125,3.2568359375,0.36376953125
978,2.67626953125,2.9150390625,2.43603515625,0.796875,0.6826171875,3.38916015625,0.84375
979,2.60205078125,2.5888671875,2.4423828125,0.87255859375,0.60986328125,3.49267578125,0.70068359375
980,2.52294921875,2.7255859375,2.50537109375,0.89306640625,0.60205078125,3.5,0.6171875
981,2.54296875,2.6494140625,2.548828125,0.9501953125,0.46972656250000006,3.4755859375,0.5205078125
982,2.7431640625,2.13232421875,2.3251953125,0.70263671875,0.7001953125,3.34814453125,0.36767578125
983,2.7734375,2.158203125,2.353515625,0.94189453125,0.5380859375,3.30615234375,0.35498046875
984,2.5009765625,2.7919921875,2.4560546875,0.7001953125,0.68359375,3.39990234375,0.81884765625
985,2.5380859375,2.71923828125,2.55029296875,0.98974609375,0.6943359375,3.3984375,0.5478515625
986,2.62255859375,2.990234375,2.3369140625,0.55126953125,0.69140625,3.3701171875,1.07763671875
987,2.56103515625,3.03662109375,2.263671875,0.68701171875,0.533203125,3.4169921875,0.8369140625
988,2.583984375,2.85546875,2.42431640625,0.853515625,0.77001953125,3.365234375,0.58154296875
989,2.611328125,2.82861328125,2.3994140625,1.03125,0.7109375,3.328125,0.50732421875
990,2.47705078125,2.41162109375,2.41650390625,0.751953125,0.53125,3.474609375,0.2685546875
991,2.57177734375,2.2177734375,2.43359375,0.93408203125,0.4599609375,3.6376953125,0.08349609375000007
992,2.62939453125,2.8212890625,2.3349609375,0.498046875,0.779296875,3.19482421875,0.32275390625
993,2.703125,2.57666015625,2.4111328125,0.4462890625,0.5654296875,3.28857421875,0.42578125
994,2.50244140625,2.5126953125,2.3876953125,0.97802734375,0.30859375,3.33984375,0.6669921875
995,2.4794921875,2.41357421875,2.4267578125,1.0146484375,0.27392578125,3.4052734375,0.7509765625
996,2.4775390625,2.69970703125,2.56689453125,0.72412109375,0.64404296875,3.37451171875,0.7470703125
997,2.5048828125,2.64892578125,2.54736328125,0.9453125,0.771484375,3.59716796875,0.6953125
998,2.72021484375,2.60986328125,2.38623046875,0.74169921875,0.59033203125,3.544921875,0.69970703125
999,2.7587890625,2.61669921875,2.4521484375,0.79345703125,0.513671875,3.54345703125,0.45068359375
1000,2.59423828125,2.41357421875,2.470703125,0.39111328125,0.39599609375,3.4521484375,0.626953125
1001,2.6328125,2.4169921875,2.42236328125,0.4091796875,0.3466796875,3.42578125,0.6064453125
1002,2.5732421875,2.595703125,2.56201171875,0.59765625,0.259765625,3.2939453125,0.75537109375
1003,2.626953125,2.3603515625,2.50341796875,0.59033203125,0.18994140625,3.36181640625,0.85546875
1004,2.6044921875,2.90869140625,2.505859375,0.4599609375,0.4384765625,3.15185546875,0.8701171875
1005,2.728515625,2.6904296875,2.63427734375,0.78564453125,0.44091796875,3.25146484375,0.59423828125
1006,2.734375,2.7158203125,2.67822265625,1.1923828125,0.76025390625,3.5380859375,0.6435546875
1007,2.75634765625,2.45361328125,2.56201171875,1.27880859375,0.818359375,3.50634765625,0.51416015625
1008,2.6572265625,2.25732421875,2.64501953125,0.82763671875,0.9072265625,3.3251953125,0.46044921875
1009,2.5888671875,2.19189453125,2.58056640625,0.78466796875,0.89404296875,3.30615234375,0.59326171875
1010,2.52880859375,2.2763671875,2.5029296875,0.9091796875,0.3193359375,3.25048828125,0.73388671875
1011,2.5517578125,2.2998046875,2.48046875,0.93896484375,0.4560546875,3.166015625,0.94091796875
1012,2.666015625,2.5322265625,2.349609375,0.7861328125,0.55029296875,3.47607421875,0.5517578125
1013,2.65625,2.4267578125,2.455078125,0.89306640625,0.52294921875,3.3681640625,0.45458984375
1014,2.318359375,2.52587890625,2.46044921875,1.1884765625,0.55126953125,3.544921875,0.8603515625
1015,2.33349609375,2.5888671875,2.55712890625,1.251953125,0.41552734375,3.5732421875,0.8896484375
1016,2.46826171875,2.48876953125,2.5107421875,0.85595703125,0.4345703125,3.4423828125,0.220703125
1017,2.52587890625,2.52197265625,2.56201171875,0.87548828125,0.3359375,3.5537109375,0.12939453125000006
1018,2.49951171875,2.486328125,2.345703125,0.56494140625,0.71826171875,3.10546875,0.71435546875
1019,2.515625,2.44580078125,2.341796875,0.69580078125,0.7734375,3.14208984375,0.697265625
1020,2.544921875,2.80615234375,2.59326171875,0.48681640625,0.38330078125,3.35888671875,0.98876953125
1021,2.43017578125,2.6201171875,2.52734375,0.53076171875,0.36181640625,3.431640625,0.9375
1022,2.7421875,2.31982421875,2.56494140625,0.99951171875,0.767578125,3.41650390625,0.96142578125
1023,2.7333984375,2.296875,2.65771484375,1.16796875,0.55810546875,3.49951171875,0.90185546875
1024,2.32373046875,2.35986328125,2.3330078125,0.71923828125,1.03515625,3.2724609375,0.84814453125
1025,2.42138671875,2.49365234375,2.36083984375,0.88623046875,0.8857421875,3.3046875,0.58642578125
1026,2.62158203125,2.48828125,2.46337890625,0.822265625,0.888671875,3.134765625,0.7080078125
1027,2.71142578125,2.35693359375,2.57958984375,0.84228515625,0.673828125,3.08984375,0.69873046875
1028,2.76904296875,2.5322265625,2.4833984375,0.65478515625,0.99609375,3.5703125,0.8994140625
1029,2.75146484375,2.48193359375,2.53857421875,0.7919921875,0.78125,3.474609375,0.81298828125
1030,2.60498046875,2.88232421875,2.28955078125,0.623046875,0.74609375,3.19580078125,0.443359375
1031,2.6962890625,2.58154296875,2.41015625,0.666015625,0.64111328125,3.251953125,0.39208984375
1032,2.529296875,2.5673828125,2.53076171875,0.43603515625,0.46435546875,3.3876953125,0.583984375
1033,2.5927734375,2.64306640625,2.62353515625,0.52783203125,0.51416015625,3.3779296875,0.41943359375
1034,2.689453125,2.626953125,2.33251953125,1.0205078125,0.35986328125,3.41162109375,0.76513671875
1035,2.66552734375,2.4833984375,2.35107421875,0.99365234375,0.40576171875,3.447265625,0.55859375
1036,2.48681640625,2.642578125,2.4599609375,0.6435546875,0.2080078125,3.36181640625,0.83203125
1037,2.525390625,2.609375,2.50732421875,0.69921875,0.212890625,3.53564453125,0.60009765625
1038,2.5107421875,2.4287109375,2.33447265625,0.7958984375,0.60498046875,3.51611328125,0.56396484375
1039,2.57080078125,2.28125,2.3701171875,0.81591796875,0.669921875,3.4833984375,0.4462890625
1040,2.27099609375,2.75146484375,2.45654296875,0.7197265625,1.03564453125,3.46044921875,0.78857421875
1041,2.27880859375,2.73828125,2.44140625,0.86279296875,0.77783203125,3.3916015625,0.54248046875
1042,2.5146484375,2.41796875,2.39208984375,1.177734375,0.5517578125,3.224609375,0.58447265625
1043,2.5751953125,2.5244140625,2.38232421875,1.22314453125,0.48046875,3.330078125,0.52099609375
1044,2.85498046875,2.59619140625,2.53857421875,0.35156250000000006,0.8291015625,3.505859375,0.5654296875
1045,2.7529296875,2.5283203125,2.57861328125,0.44873046875,0.8271484375,3.517578125,0.64306640625
1046,2.36083984375,2.396484375,2.4296875,0.73974609375,0.47314453125,3.30322265625,0.828125
1047,2.4501953125,2.22314453125,2.45263671875,0.73291015625,0.56103515625,3.40673828125,0.78125
1048,2.38671875,2.36669921875,2.50732421875,0.908203125,0.7275390625,3.05859375,0.8076171875
1049,2.32177734375,2.3056640625,2.56201171875,0.9765625,0.5712890625,3.18115234375,0.52294921875
1050,2.4658203125,2.376953125,2.45556640625,0.95166015625,1.060546875,3.244140625,0.7099609375
1051,2.33154296875,2.28955078125,2.54931640625,0.87451171875,0.6796875,3.47607421875,0.6474609375
1052,2.3056640625,2.8427734375,2.41650390625,0.88916015625,0.890625,3.2568359375,0.71728515625
1053,2.45166015625,2.67626953125,2.361328125,1.03759765625,0.75830078125,3.3212890625,0.54638671875
1054,2.609375,2.86474609375,2.30029296875,0.4091796875,0.68701171875,3.2216796875,0.5771484375
1055,2.53857421875,2.8154296875,2.4306640625,0.54052734375,0.7529296875,3.19873046875,0.423828125
1056,2.3974609375,2.66259765625,2.50927734375,0.60205078125,0.3720703125,3.38330078125,0.64208984375
1057,2.42822265625,2.30810546875,2.5458984375,0.6171875,0.37548828125,3.41357421875,0.40576171875
1058,2.6435546875,2.6357421875,2.57080078125,0.5966796875,0.427734375,3.3818359375,0.7099609375
1059,2.79296875,2.4296875,2.65283203125,0.62060546875,0.29345703125,3.4853515625,0.5439453125
1060,2.79931640625,2.88916015625,2.20263671875,0.61767578125,1.06591796875,3.50537109375,1.04296875
1061,2.79931640625,2.6875,2.333984375,0.6708984375,0.83740234375,3.580078125,0.84912109375
1062,2.56201171875,2.76123046875,2.56201171875,0.49853515625,0.67919921875,3.44384765625,0.63134765625
1063,2.55419921875,2.646484375,2.4814453125,0.3828125,0.708984375,3.4375,0.66015625
1064,2.59326171875,2.4404296875,2.57080078125,0.55322265625,0.7861328125,3.353515625,0.76513671875
1065,2.66015625,2.150390625,2.49755859375,0.68359375,0.74951171875,3.44384765625,0.56884765625
1066,2.67626953125,2.48388671875,2.4228515625,0.46484375000000006,0.25244140625,3.5693359375,0.96337890625
1067,2.68896484375,2.34228515625,2.4189453125,0.4140625,0.2734375,3.548828125,0.83203125
1068,2.59326171875,2.63818359375,2.546875,0.59326171875,0.5693359375,3.453125,0.7373046875
1069,2.5810546875,2.41015625,2.6123046875,0.66259765625,0.560546875,3.609375,0.51220703125
1070,2.634765625,2.40576171875,2.5087890625,0.56982421875,0.7841796875,3.33544921875,0.98095703125
1071,2.5146484375,2.34375,2.5595703125,0.60595703125,0.8828125,3.4091796875,0.677734375
1072,2.68408203125,2.53857421875,2.58251953125,0.5078125,0.91064453125,3.40380859375,0.51611328125
1073,2.61181640625,2.423828125,2.4736328125,0.736328125,0.85595703125,3.41259765625,0.49951171875
1074,2.41650390625,2.529296875,2.4296875,0.71630859375,0.95703125,3.220703125,0.3154296875
1075,2.5927734375,2.45849609375,2.59228515625,0.81689453125,0.861328125,3.29541015625,0.3427734375
1076,2.49853515625,2.8896484375,2.4111328125,0.60888671875,0.96533203125,3.3896484375,0.86181640625
1077,2.552734375,2.6552734375,2.40625,0.5888671875,0.8291015625,3.42724609375,0.90380859375
1078,2.54736328125,2.7080078125,2.3349609375,0.92041015625,0.3935546875,3.41259765625,0.51171875
1079,2.58056640625,2.6298828125,2.41064453125,1.08349609375,0.4443359375,3.40234375,0.5146484375
1080,2.4033203125,2.9140625,2.46533203125,0.77392578125,0.60888671875,3.287109375,0.7802734375
1081,2.37548828125,2.6083984375,2.5703125,0.79150390625,0.62451171875,3.28515625,0.60888671875
1082,2.60009765625,2.8203125,2.3896484375,0.72265625,0.830078125,3.498046875,0.59765625
1083,2.67919921875,2.7666015625,2.421875,0.84716796875,0.94775390625,3.587890625,0.45654296875
1084,2.466796875,2.74609375,2.3095703125,0.38427734375,0.9970703125,3.388671875,0.70068359375
1085,2.5029296875,2.453125,2.4658203125,0.48876953125,0.93603515625,3.5166015625,0.71240234375
1086,2.6181640625,2.52734375,2.26904296875,0.6103515625,1.10400390625,3.4560546875,0.5146484375
1087,2.63427734375,2.41748046875,2.47265625,0.69091796875,0.8671875,3.5322265625,0.46337890625
1088,2.46337890625,2.64208984375,2.552734375,0.72998046875,1.03662109375,3.458984375,0.56591796875
1089,2.48486328125,2.693359375,2.63134765625,0.80029296875,0.80908203125,3.54541015625,0.4169921875
1090,2.85595703125,2.73876953125,2.41943359375,0.30517578125,0.85205078125,3.29296875,0.88330078125
1091,2.9033203125,2.64892578125,2.47509765625,0.26025390625,0.708984375,3.33203125,0.80615234375
1092,2.4462890625,2.64892578125,2.5166015625,0.91064453125,0.89794921875,3.40966796875,0.671875
1093,2.4365234375,2.51123046875,2.54248046875,1.05029296875,0.66015625,3.580078125,0.67822265625
1094,2.67333984375,2.82568359375,2.3828125,0.23779296875,0.5166015625,3.27294921875,0.86181640625
1095,2.6953125,2.595703125,2.38720703125,0.306640625,0.4638671875,3.32470703125,0.7890625
1096,2.44677734375,2.685546875,2.52099609375,0.21679687500000003,0.59521484375,3.3994140625,0.89013671875
1097,2.5068359375,2.47021484375,2.5771484375,0.240234375,0.7138671875,3.47705078125,0.76171875
1098,2.5146484375,2.458984375,2.478515625,0.57373046875,0.966796875,3.30712890625,0.76171875
1099,2.513671875,2.47021484375,2.51318359375,0.638671875,0.8056640625,3.35693359375,0.638671875
1100,2.6337890625,2.42041015625,2.37744140625,0.90673828125,1.05419921875,3.3369140625,0.36376953125
1101,2.6376953125,2.16015625,2.43017578125,1.046875,0.97802734375,3.30078125,0.33935546875
1102,2.6240234375,2.57177734375,2.6357421875,0.58447265625,0.8564453125,3.21826171875,0.52392578125
1103,2.52294921875,2.6611328125,2.5537109375,0.68701171875,0.6845703125,3.24560546875,0.2666015625
1104,2.33154296875,2.423828125,2.44384765625,0.71630859375,0.40673828125,3.3212890625,0.693359375
1105,2.31591796875,2.18017578125,2.47314453125,0.875,0.39404296875,3.36962890625,0.50390625
1106,2.59375,2.77587890625,2.45654296875,0.9453125,0.68310546875,3.5361328125,0.88720703125
1107,2.5986328125,2.54150390625,2.42578125,0.98779296875,0.7216796875,3.66796875,0.75439453125
1108,2.5732421875,2.759765625,2.4501953125,0.42041015625,0.70361328125,3.4599609375,0.77880859375
1109,2.5849609375,2.6064453125,2.60009765625,0.47509765625,0.818359375,3.46484375,0.55615234375
1110,2.5,2.607421875,2.5966796875,0.59375,0.6640625,3.234375,0.6201171875
1111,2.576171875,2.3310546875,2.59326171875,0.7509765625,0.57568359375,3.24658203125,0.64404296875
1112,2.78515625,2.5322265625,2.41015625,0.53515625,0.4296875,3.1357421875,0.822265625
1113,2.80517578125,2.41015625,2.4384765625,0.7265625,0.357421875,3.22314453125,0.82080078125
1114,2.21337890625,2.70947265625,2.310546875,0.66162109375,0.6171875,3.2802734375,0.3623046875
1115,2.28662109375,2.5390625,2.36962890625,0.6943359375,0.642578125,3.2529296875,0.26171875
1116,2.4560546875,2.36865234375,2.505859375,1.01611328125,0.609375,3.34521484375,0.62890625
1117,2.44287109375,2.3486328125,2.55322265625,0.994140625,0.45556640625,3.27587890625,0.66552734375
1118,2.32177734375,2.55224609375,2.43408203125,0.8427734375,0.37744140625,3.2294921875,0.49755859375
1119,2.35693359375,2.57861328125,2.4189453125,0.91845703125,0.39208984375,3.40185546875,0.4677734375
1120,2.51025390625,2.755859375,2.3701171875,0.396484375,0.67919921875,3.33544921875,0.841796875
1121,2.5439453125,2.8330078125,2.46923828125,0.49267578125,0.73486328125,3.3779296875,0.81103515625
1122,2.45654296875,2.25830078125,2.29248046875,0.78271484375,0.36962890625,3.45556640625,0.56884765625
1123,2.54296875,2.0654296875,2.349609375,0.97900390625,0.3544921875,3.537109375,0.5537109375
1124,2.6064453125,2.6865234375,2.20556640625,1.05419921875,0.7353515625,3.66943359375,0.58251953125
1125,2.6884765625,2.52392578125,2.28662109375,1.06591796875,0.59326171875,3.59033203125,0.52294921875
1126,2.4482421875,2.4208984375,2.36865234375,0.5673828125,1.0146484375,3.30322265625,0.6162109375
1127,2.5849609375,2.17431640625,2.470703125,0.65234375,0.9287109375,3.35693359375,0.49853515625
1128,2.51123046875,2.82568359375,2.361328125,0.63623046875,0.888671875,3.43798828125,0.6806640625
1129,2.43603515625,2.6767578125,2.3642578125,0.654296875,0.8349609375,3.53125,0.5341796875
1130,2.47119140625,2.69091796875,2.232421875,0.80078125,0.6328125,3.3486328125,0.50244140625
1131,2.4921875,2.4453125,2.27197265625,0.93310546875,0.482421875,3.337890625,0.576171875
1132,2.38232421875,2.400390625,2.5263671875,0.69140625,0.33935546875,3.28564453125,0.89013671875
1133,2.4462890625,2.21435546875,2.48876953125,0.783203125,0.34912109375,3.30078125,0.595703125
1134,2.49462890625,2.6201171875,2.36474609375,0.61669921875,0.32763671875,3.4248046875,1.08349609375
1135,2.5244140625,2.54443359375,2.4423828125,0.7041015625,0.18603515625,3.45361328125,0.8408203125
1136,2.40869140625,2.44189453125,2.51953125,0.60888671875,1.017578125,3.17431640625,0.4853515625
1137,2.45068359375,2.49462890625,2.57421875,0.572265625,0.8486328125,3.255859375,0.5068359375
1138,2.375,2.43017578125,2.5,1.0380859375,0.537109375,3.53466796875,0.40966796875
1139,2.3623046875,2.48828125,2.46533203125,1.07275390625,0.46044921875,3.51806640625,0.29345703125
1140,2.67626953125,2.85546875,2.53369140625,0.5166015625,0.96630859375,3.28759765625,0.630859375
1141,2.72412109375,2.60205078125,2.5185546875,0.62841796875,0.55615234375,3.341796875,0.71875
1142,2.26904296875,2.3203125,2.19921875,0.814453125,0.5673828125,3.5537109375,0.69482421875
1143,2.3203125,2.19140625,2.302734375,0.94775390625,0.57568359375,3.60107421875,0.4755859375
1144,2.4892578125,2.50390625,2.55517578125,0.70751953125,0.9111328125,3.45751953125,0.64794921875
1145,2.537109375,2.38330078125,2.544921875,0.71484375,0.8359375,3.46142578125,0.61767578125
1146,2.36767578125,2.619140625,2.25341796875,0.8017578125,0.52392578125,3.15869140625,0.30078125
1147,2.39501953125,2.505859375,2.25830078125,1.00244140625,0.54345703125,3.21142578125,0.39892578125
1148,2.59814453125,2.48828125,2.45556640625,0.59326171875,0.662109375,3.44873046875,0.8916015625
1149,2.5966796875,2.4541015625,2.42138671875,0.697265625,0.77978515625,3.44873046875,0.75390625
1150,2.73388671875,2.49951171875,2.45263671875,0.89013671875,0.85546875,3.10302734375,0.86767578125
1151,2.7158203125,2.4931640625,2.54443359375,1.0888671875,0.68505859375,3.15673828125,0.5859375
1152,2.498046875,2.51953125,2.6474609375,0.34667968750000006,0.85498046875,3.38037109375,0.59716796875
1153,2.6103515625,2.49462890625,2.6708984375,0.48486328125,0.79296875,3.46337890625,0.40478515625000006
1154,2.47509765625,2.4853515625,2.38916015625,0.88671875,0.67236328125,3.09375,0.76904296875
1155,2.666015625,2.451171875,2.51611328125,0.76904296875,0.71826171875,3.16943359375,0.62451171875
1156,2.52880859375,2.6279296875,2.296875,0.7255859375,0.3232421875,3.3779296875,0.65869140625
1157,2.41943359375,2.43212890625,2.3642578125,0.86474609375,0.36669921875,3.42578125,0.63134765625
1158,2.529296875,2.6484375,2.478515625,0.32031250000000006,0.8125,3.32275390625,0.8515625
1159,2.48291015625,2.47216796875,2.595703125,0.4326171875,0.7724609375,3.40478515625,0.69775390625
1160,2.76513671875,2.86767578125,2.548828125,0.751953125,0.91845703125,3.36181640625,0.517578125
1161,2.669921875,2.8447265625,2.47119140625,0.7646484375,0.82470703125,3.44970703125,0.50244140625
1162,2.30224609375,2.63720703125,2.28857421875,0.50634765625,0.5849609375,3.50390625,0.80810546875
1163,2.33349609375,2.6845703125,2.330078125,0.69189453125,0.5322265625,3.48779296875,0.90771484375
1164,2.20751953125,2.298828125,2.2607421875,0.970703125,0.63427734375,3.546875,0.5009765625
1165,2.14599609375,2.30078125,2.38232421875,1.03759765625,0.52001953125,3.587890625,0.4892578125
1166,2.3642578125,2.84521484375,2.3408203125,0.7880859375,0.41015625,3.1591796875,0.23779296875
1167,2.40625,2.84814453125,2.48046875,0.8046875,0.39892578125,3.2265625,0.28955078125000006
1168,2.30419921875,2.5791015625,2.423828125,0.80224609375,0.69384765625,3.3408203125,0.4970703125
1169,2.28564453125,2.287109375,2.46044921875,0.69287109375,0.69091796875,3.40869140625,0.5302734375
1170,2.6572265625,2.55126953125,2.50341796875,0.759765625,0.55908203125,3.2607421875,0.4765625
1171,2.7958984375,2.4931640625,2.48974609375,0.703125,0.44677734375,3.38134765625,0.42626953125
1172,2.51416015625,2.58984375,2.48583984375,0.85009765625,0.63916015625,3.4228515625,0.4384765625
1173,2.5087890625,2.44970703125,2.6640625,0.82763671875,0.50927734375,3.46630859375,0.3388671875
1174,2.3251953125,2.19970703125,2.4501953125,0.91259765625,0.87841796875,3.17529296875,0.7724609375
1175,2.36181640625,2.17919921875,2.53173828125,1.18603515625,0.7646484375,3.17041015625,0.59033203125
1176,2.33740234375,2.57958984375,2.33837890625,0.484375,0.55029296875,3.17333984375,0.75146484375
1177,2.48974609375,2.61181640625,2.361328125,0.6123046875,0.5615234375,3.328125,0.65869140625
1178,2.65380859375,2.6396484375,2.271484375,1.04296875,0.38134765625,3.11328125,0.837890625
1179,2.68408203125,2.45751953125,2.435546875,1.001953125,0.4462890625,3.19970703125,0.75439453125
1180,2.720703125,2.29345703125,2.357421875,0.56787109375,0.576171875,3.5263671875,0.37841796875
1181,2.69482421875,2.30029296875,2.44482421875,0.78271484375,0.54345703125,3.5263671875,0.28369140625
1182,2.62890625,2.56787109375,2.48388671875,0.6044921875,0.537109375,3.24267578125,0.7900390625
1183,2.6865234375,2.33837890625,2.4111328125,0.73876953125,0.4599609375,3.294921875,0.576171875
1184,2.48583984375,2.7275390625,2.64013671875,0.41650390625,0.3203125,3.45703125,0.63720703125
1185,2.61474609375,2.712890625,2.576171875,0.482421875,0.29833984375,3.42822265625,0.65771484375
1186,2.544921875,2.771484375,2.63818359375,0.92236328125,0.54296875,3.5380859375,0.88427734375
1187,2.53271484375,2.7626953125,2.5712890625,1.001953125,0.4794921875,3.42236328125,0.81396484375
1188,2.703125,2.5087890625,2.54931640625,0.62744140625,1.01220703125,3.49169921875,0.66748046875
1189,2.7490234375,2.4267578125,2.42919921875,0.6376953125,0.7412109375,3.5478515625,0.6357421875
1190,2.4267578125,2.6044921875,2.365234375,0.5712890625,0.95751953125,3.35986328125,0.482421875
1191,2.4501953125,2.55810546875,2.29150390625,0.68603515625,1.05224609375,3.3310546875,0.49951171875
1192,2.44921875,2.49169921875,2.45166015625,0.7646484375,0.77294921875,3.29296875,0.62548828125
1193,2.443359375,2.3837890625,2.47705078125,0.8369140625,0.478515625,3.33544921875,0.68896484375
1194,2.46240234375,2.541015625,2.39208984375,0.7509765625,0.44482421875,3.25146484375,0.45751953125
1195,2.49560546875,2.38623046875,2.41796875,0.92919921875,0.314453125,3.310546875,0.46435546875
1196,2.46484375,2.65185546875,2.4619140625,0.34521484375,0.81689453125,3.32421875,0.5205078125
1197,2.544921875,2.3857421875,2.404296875,0.470703125,0.5810546875,3.36279296875,0.51611328125
1198,2.57958984375,2.9521484375,2.3798828125,0.73681640625,0.76123046875,3.32763671875,0.77783203125
1199,2.66650390625,2.6953125,2.4072265625,0.833984375,0.65185546875,3.421875,0.66015625
1200,2.533203125,2.28076171875,2.458984375,0.6748046875,0.546875,3.298828125,0.6396484375
1201,2.53076171875,2.14697265625,2.46044921875,0.83837890625,0.5654296875,3.18603515625,0.70849609375
1202,2.52001953125,2.568359375,2.36572265625,0.67578125,0.6640625,3.46484375,0.43408203125
1203,2.541015625,2.52587890625,2.45263671875,0.912109375,0.64501953125,3.50146484375,0.2270507812500001
1204,2.36962890625,2.4794921875,2.4560546875,1.02490234375,0.798828125,3.43603515625,0.38818359375
1205,2.263671875,2.38623046875,2.4931640625,1.1240234375,0.6962890625,3.43115234375,0.2807617187500001
1206,2.7294921875,2.541015625,2.384765625,0.6513671875,0.921875,3.166015625,0.88427734375
1207,2.78466796875,2.46044921875,2.38037109375,0.763671875,0.80078125,3.20703125,0.7265625
1208,2.4453125,2.337890625,2.478515625,0.7919921875,0.5400390625,3.44140625,0.900390625
1209,2.2626953125,2.173828125,2.54638671875,0.81787109375,0.46875,3.548828125,0.91943359375
1210,2.70166015625,2.43701171875,2.37158203125,0.50927734375,0.72705078125,3.32763671875,0.7177734375
1211,2.7529296875,2.46533203125,2.42138671875,0.625,0.50732421875,3.3349609375,0.58740234375
1212,2.5673828125,2.68359375,2.55517578125,0.60888671875,0.15429687500000003,3.21240234375,0.8720703125
1213,2.60546875,2.52978515625,2.70654296875,0.64697265625,0.19873046875000003,3.369140625,0.779296875
1214,2.83642578125,2.6630859375,2.3994140625,0.578125,0.78369140625,3.3662109375,0.7080078125
1215,2.70361328125,2.5322265625,2.43603515625,0.5986328125,0.82958984375,3.3271484375,0.55029296875
1216,2.59521484375,2.3662109375,2.45849609375,0.47363281250000006,0.98193359375,3.38916015625,0.60888671875
1217,2.6640625,2.32373046875,2.4921875,0.3701171875,0.8154296875,3.45849609375,0.65234375
1218,2.474609375,2.34716796875,2.36279296875,0.20800781250000003,0.4462890625,3.4423828125,0.93798828125
1219,2.58984375,2.35888671875,2.3662109375,0.23828125000000003,0.34375,3.369140625,0.72998046875
1220,2.19140625,2.7451171875,2.50341796875,1.1279296875,0.44287109375,3.27490234375,0.5615234375
1221,2.28662109375,2.56005859375,2.50244140625,1.07763671875,0.47412109375,3.27880859375,0.380859375
1222,2.65234375,2.45068359375,2.44580078125,0.783203125,0.76318359375,3.3544921875,0.35888671875
1223,2.83544921875,2.3388671875,2.576171875,0.7900390625,0.64208984375,3.37451171875,0.27490234375
1224,2.673828125,2.599609375,2.39404296875,0.634765625,0.29541015625,3.3369140625,0.546875
1225,2.697265625,2.46240234375,2.3828125,0.505859375,0.30615234375,3.3466796875,0.63330078125
1226,2.419921875,2.669921875,2.4072265625,0.982421875,0.5986328125,3.47021484375,0.7685546875
1227,2.576171875,2.52880859375,2.44580078125,0.99951171875,0.5517578125,3.37060546875,0.56298828125
1228,2.4345703125,2.625,2.43212890625,0.98876953125,1.16357421875,3.59912109375,0.54052734375
1229,2.5078125,2.30126953125,2.52685546875,1.05078125,0.91259765625,3.626953125,0.37109375
1230,2.6259765625,2.36376953125,2.21875,0.40283203125,0.81884765625,3.35009765625,0.822265625
1231,2.7236328125,2.23828125,2.24853515625,0.4599609375,0.61962890625,3.46875,0.84814453125
1232,2.72314453125,2.7412109375,2.25732421875,0.9716796875,0.6015625,3.63525390625,0.5146484375
1233,2.6982421875,2.59228515625,2.38134765625,0.947265625,0.611328125,3.5966796875,0.4423828125
1234,2.52490234375,2.4423828125,2.33203125,0.48193359375,0.52197265625,3.24267578125,0.11425781250000004
1235,2.52197265625,2.4287109375,2.32275390625,0.66015625,0.52685546875,3.2783203125,0.13427734375000006
1236,2.31494140625,2.4794921875,2.390625,0.71044921875,0.82275390625,3.255859375,0.5361328125
1237,2.31982421875,2.3486328125,2.38330078125,0.7939453125,0.697265625,3.2275390625,0.47265625
1238,2.47998046875,2.732421875,2.333984375,0.52294921875,0.97607421875,3.5830078125,0.69775390625
1239,2.5048828125,2.46435546875,2.35595703125,0.65087890625,0.880859375,3.52392578125,0.70849609375
1240,2.18701171875,2.61181640625,2.35986328125,0.73681640625,0.82177734375,3.3583984375,0.43408203125
1241,2.26953125,2.4501953125,2.40771484375,0.81201171875,0.96875,3.39892578125,0.46728515625
1242,2.63037109375,2.70849609375,2.28271484375,0.92578125,0.72509765625,3.40966796875,0.7744140625
1243,2.775390625,2.61279296875,2.28369140625,1.08837890625,0.46533203125,3.46533203125,0.77392578125
1244,2.42919921875,2.5166015625,2.43212890625,0.54052734375,0.728515625,3.453125,0.74169921875
1245,2.431640625,2.26123046875,2.451171875,0.68017578125,0.62646484375,3.58935546875,0.830078125
1246,2.62841796875,2.81494140625,2.44873046875,0.419921875,0.638671875,3.4775390625,0.39550781250000006
1247,2.58447265625,2.66943359375,2.35791015625,0.54931640625,0.53369140625,3.673828125,0.2744140625
1248,2.486328125,2.408203125,2.4267578125,0.77734375,0.54443359375,3.271484375,0.54833984375
1249,2.52978515625,2.2734375,2.46435546875,0.86328125,0.43115234375000006,3.34716796875,0.42724609375
1250,2.34228515625,2.49560546875,2.447265625,0.58251953125,0.38525390625,3.138671875,0.40966796875
1251,2.40771484375,2.45703125,2.525390625,0.60205078125,0.388671875,3.16357421875,0.3017578125
1252,2.47314453125,2.65869140625,2.3916015625,0.64306640625,0.36083984375,3.6748046875,0.75244140625
1253,2.49951171875,2.40478515625,2.41845703125,0.75634765625,0.2880859375,3.60888671875,0.7412109375
1254,2.68212890625,2.515625,2.37939453125,0.6494140625,0.8076171875,3.236328125,0.8623046875
1255,2.7333984375,2.3037109375,2.41015625,0.6513671875,0.865234375,3.32177734375,0.74560546875
1256,2.64990234375,2.5,2.33349609375,0.61962890625,0.7197265625,3.51318359375,0.60400390625
1257,2.6875,2.45263671875,2.35302734375,0.61083984375,0.63818359375,3.5224609375,0.4296875
1258,2.6376953125,2.60986328125,2.525390625,0.79541015625,0.52978515625,3.30029296875,0.763671875
1259,2.607421875,2.60986328125,2.4736328125,0.884765625,0.55419921875,3.31884765625,0.53759765625
1260,2.3447265625,2.771484375,2.45751953125,0.6201171875,0.47119140625,3.48876953125,0.71484375
1261,2.36279296875,2.58251953125,2.52685546875,0.72216796875,0.4560546875,3.49853515625,0.73779296875
1262,2.31884765625,2.677734375,2.37109375,0.623046875,0.55419921875,3.07177734375,0.71337890625
1263,2.5029296875,2.556640625,2.39208984375,0.6611328125,0.48681640625,3.1416015625,0.58984375
1264,2.189453125,2.32177734375,2.375,0.6162109375,0.580078125,3.578125,0.85400390625
1265,2.25732421875,2.28173828125,2.48974609375,0.818359375,0.44482421875,3.4755859375,0.63623046875
1266,2.63134765625,2.66943359375,2.4345703125,0.783203125,0.61181640625,3.3056640625,0.59814453125
1267,2.546875,2.52880859375,2.36767578125,0.845703125,0.52978515625,3.47900390625,0.57568359375
1268,2.69384765625,2.31689453125,2.40869140625,0.72216796875,0.44091796875,3.5146484375,0.22900390625
1269,2.74658203125,2.2080078125,2.4267578125,0.72802734375,0.2919921875,3.673828125,0.19140625
1270,2.56689453125,2.52587890625,2.5380859375,0.59619140625,0.69580078125,3.45751953125,0.66455078125
1271,2.55517578125,2.35302734375,2.60791015625,0.58984375,0.65234375,3.494140625,0.66162109375
1272,2.41162109375,2.58251953125,2.4091796875,0.59912109375,0.69384765625,3.26904296875,0.49853515625
1273,2.4130859375,2.55810546875,2.36328125,0.671875,0.55419921875,3.21337890625,0.47216796875
1274,2.8662109375,2.3681640625,2.53369140625,0.626953125,0.89794921875,3.3525390625,0.45556640625
1275,2.8935546875,2.26318359375,2.5732421875,0.70849609375,0.8076171875,3.41162109375,0.5498046875
1276,2.55908203125,2.62353515625,2.5205078125,0.87255859375,0.7294921875,3.46337890625,0.68359375
1277,2.60107421875,2.40087890625,2.50634765625,0.9619140625,0.61865234375,3.603515625,0.70263671875
1278,2.50341796875,2.5400390625,2.24072265625,0.54150390625,0.6083984375,3.39111328125,0.66748046875
1279,2.5439453125,2.30615234375,2.25341796875,0.62060546875,0.45703125,3.458984375,0.541015625
1280,2.49609375,2.5380859375,2.29248046875,0.75244140625,0.654296875,3.40869140625,0.71240234375
1281,2.5986328125,2.53857421875,2.29833984375,0.8271484375,0.7119140625,3.544921875,0.57080078125
1282,2.44921875,2.6123046875,2.38525390625,0.6328125,0.55712890625,3.35888671875,0.60595703125
1283,2.47998046875,2.46630859375,2.49169921875,0.8037109375,0.44580078125,3.33447265625,0.6953125
1284,2.5595703125,2.62744140625,2.43896484375,0.3662109375,0.81640625,3.37939453125,0.73974609375
1285,2.54150390625,2.6953125,2.470703125,0.40185546875000006,0.72998046875,3.443359375,0.552734375
1286,2.3701171875,2.6015625,2.576171875,0.5654296875,0.751953125,3.212890625,0.71337890625
1287,2.3212890625,2.365234375,2.6044921875,0.6591796875,0.8564453125,3.24267578125,0.65283203125
1288,2.44384765625,2.658203125,2.39404296875,1.119140625,0.61865234375,3.2197265625,0.84130859375
1289,2.45849609375,2.47119140625,2.416015625,1.18408203125,0.546875,3.22412109375,0.65380859375
1290,2.8212890625,2.41455078125,2.29443359375,0.51611328125,1.0146484375,3.39013671875,0.9462890625
1291,2.7275390625,2.3037109375,2.3828125,0.62890625,0.79443359375,3.3896484375,0.89306640625
1292,2.6396484375,2.6767578125,2.49755859375,0.99072265625,0.38330078125,3.19873046875,0.70458984375
1293,2.6181640625,2.3583984375,2.5400390625,1.2197265625,0.361328125,3.30322265625,0.58349609375
1294,2.45361328125,2.39013671875,2.39208984375,0.705078125,0.72705078125,3.41357421875,0.99755859375
1295,2.5126953125,2.2001953125,2.4091796875,0.7705078125,0.61474609375,3.42236328125,0.740234375
1296,2.1904296875,2.7001953125,2.40087890625,0.76123046875,0.3974609375,3.34326171875,0.7412109375
1297,2.27294921875,2.57470703125,2.41015625,0.8671875,0.3271484375,3.38330078125,0.4912109375
1298,2.21533203125,2.65478515625,2.47021484375,0.765625,0.38427734375,3.15869140625,0.5576171875
1299,2.17822265625,2.548828125,2.53369140625,0.7568359375,0.3525390625,3.185546875,0.37744140625
1300,2.66357421875,2.291015625,2.65625,0.79541015625,0.49462890625,3.36865234375,0.45263671875
1301,2.76904296875,2.27685546875,2.6259765625,0.8818359375,0.51025390625,3.4404296875,0.453125
1302,2.50341796875,2.90283203125,2.60302734375,0.78759765625,0.70751953125,3.22998046875,0.14843750000000006
1303,2.615234375,2.5947265625,2.6416015625,0.95166015625,0.8798828125,3.3369140625,0.16357421875000003
1304,2.4169921875,2.81201171875,2.36572265625,0.5634765625,0.3603515625,3.240234375,0.37939453125
1305,2.4189453125,2.48583984375,2.4072265625,0.69775390625,0.29785156250000006,3.2001953125,0.21044921875
1306,2.39599609375,2.2861328125,2.4384765625,0.90380859375,0.5537109375,3.36962890625,0.8544921875
1307,2.25048828125,2.2568359375,2.421875,1.009765625,0.455078125,3.3837890625,0.7783203125
1308,2.64404296875,2.47314453125,2.30908203125,0.8037109375,0.5546875,3.32373046875,0.849609375
1309,2.68359375,2.45947265625,2.37109375,0.7958984375,0.482421875,3.37060546875,0.7880859375
1310,2.53662109375,2.4384765625,2.27880859375,0.5361328125,0.68896484375,3.390625,0.31640625000000006
1311,2.6259765625,2.31103515625,2.37939453125,0.56640625,0.52587890625,3.36376953125,0.26708984375
1312,2.58251953125,2.4765625,2.56640625,0.93896484375,0.56640625,3.1357421875,0.56103515625
1313,2.73681640625,2.3828125,2.560546875,1.125,0.62060546875,3.22021484375,0.384765625
1314,2.75927734375,2.43115234375,2.39453125,0.62109375,0.5517578125,3.55712890625,0.63330078125
1315,2.814453125,2.46923828125,2.453125,0.841796875,0.5546875,3.751953125,0.6669921875
1316,2.42236328125,2.75927734375,2.2060546875,0.73486328125,0.380859375,3.32373046875,0.5126953125
1317,2.4736328125,2.50634765625,2.306640625,0.74609375,0.3525390625,3.3828125,0.390625
1318,2.67236328125,2.43603515625,2.36474609375,0.34277343750000006,0.4677734375,3.2060546875,0.7138671875
1319,2.66552734375,2.2744140625,2.4951171875,0.3974609375,0.4736328125,3.27685546875,0.5458984375
1320,2.38330078125,2.45263671875,2.26416015625,0.587890625,0.60009765625,3.294921875,0.31103515625
1321,2.4462890625,2.35595703125,2.38818359375,0.607421875,0.64892578125,3.43017578125,0.31884765625
1322,2.35546875,2.41015625,2.45361328125,0.4638671875,0.70654296875,3.14404296875,0.6171875
1323,2.3515625,2.34033203125,2.43896484375,0.50048828125,0.69384765625,3.3984375,0.7177734375
1324,2.42724609375,2.69189453125,2.525390625,0.78759765625,0.58056640625,3.2333984375,0.28857421875
1325,2.5234375,2.4853515625,2.5546875,0.78466796875,0.4833984375,3.2314453125,0.31787109375
1326,2.6572265625,2.64501953125,2.5185546875,0.95751953125,0.787109375,3.39453125,0.453125
1327,2.66845703125,2.49755859375,2.5263671875,0.86572265625,0.64599609375,3.45166015625,0.4599609375
1328,2.4599609375,2.77294921875,2.39990234375,0.5634765625,0.595703125,3.2412109375,0.8544921875
1329,2.46484375,2.62060546875,2.384765625,0.58837890625,0.53955078125,3.3896484375,0.78466796875
1330,2.755859375,2.404296875,2.40185546875,0.21777343750000003,0.619140625,3.43505859375,0.5283203125
1331,2.72265625,2.32470703125,2.38916015625,0.2705078125,0.46630859375,3.4169921875,0.40966796875
1332,2.490234375,2.61279296875,2.45703125,1.03369140625,0.68994140625,3.298828125,0.82421875
1333,2.54736328125,2.453125,2.45166015625,1.1572265625,0.6298828125,3.34130859375,0.74365234375
1334,2.6142578125,2.65869140625,2.427734375,0.775390625,0.3505859375,3.31787109375,0.81103515625
1335,2.6337890625,2.4775390625,2.5322265625,0.86474609375,0.34228515625,3.35400390625,0.53125
1336,2.49951171875,2.587890625,2.49267578125,0.82763671875,0.576171875,3.470703125,0.49658203125
1337,2.40478515625,2.6015625,2.5791015625,0.9296875,0.484375,3.59375,0.45410156250000006
1338,2.77490234375,2.6787109375,2.44580078125,0.98876953125,0.7373046875,3.20166015625,0.50927734375
1339,2.97265625,2.54345703125,2.4287109375,1.01953125,0.50439453125,3.224609375,0.4462890625
1340,2.203125,2.70263671875,2.40087890625,0.52685546875,0.5078125,3.07763671875,0.50244140625
1341,2.21484375,2.59326171875,2.40185546875,0.68798828125,0.54638671875,3.23388671875,0.44873046875
1342,2.67529296875,2.53125,2.439453125,0.9638671875,0.5205078125,3.2060546875,0.39892578125
1343,2.60595703125,2.5625,2.41357421875,1.19482421875,0.23388671875,3.18310546875,0.34716796875
1344,2.57421875,2.56298828125,2.43310546875,0.25146484375,0.5595703125,3.23291015625,0.59326171875
1345,2.5517578125,2.513671875,2.369140625,0.2646484375,0.43115234375,3.171875,0.58935546875
1346,2.4228515625,2.79833984375,2.45849609375,0.6923828125,0.57470703125,3.388671875,0.125
1347,2.548828125,2.54931640625,2.591796875,0.71826171875,0.5166015625,3.43408203125,0.11962890625000007
1348,2.53271484375,2.1484375,2.47314453125,0.7607421875,0.5458984375,2.99755859375,0.89990234375
1349,2.6572265625,2.1240234375,2.49462890625,0.8125,0.443359375,3.13037109375,0.705078125
1350,2.419921875,2.568359375,2.24072265625,0.646484375,0.87841796875,3.3095703125,0.634765625
1351,2.4091796875,2.5458984375,2.33203125,0.75732421875,0.849609375,3.37646484375,0.625
1352,2.4228515625,2.63916015625,2.42822265625,0.48583984375000006,0.13623046875000003,3.25634765625,0.97119140625
1353,2.51806640625,2.427734375,2.4111328125,0.6240234375,0.11572265625000006,3.3310546875,0.59814453125
1354,2.55615234375,2.5009765625,2.2958984375,0.65625,0.5849609375,3.32470703125,0.70166015625
1355,2.48974609375,2.3583984375,2.33642578125,0.640625,0.4306640625,3.3486328125,0.533203125
1356,2.64794921875,2.85693359375,2.32666015625,0.36328125,0.4111328125,3.26708984375,0.29003906250000006
1357,2.51220703125,2.7626953125,2.3896484375,0.47802734375,0.34423828125,3.48291015625,0.34228515625
1358,2.6806640625,2.53173828125,2.38232421875,0.83203125,0.58251953125,3.3173828125,0.689453125
1359,2.72900390625,2.47998046875,2.5400390625,0.8994140625,0.5,3.56787109375,0.66015625
1360,2.75927734375,2.44287109375,2.35107421875,0.6689453125,0.89453125,3.20751953125,0.63818359375
1361,2.72412109375,2.498046875,2.34326171875,0.57958984375,0.69384765625,3.28369140625,0.66455078125
1362,2.53564453125,2.4453125,2.36328125,0.20068359375000003,0.583984375,3.35546875,0.19238281250000003
1363,2.4921875,2.3427734375,2.3740234375,0.283203125,0.57080078125,3.333984375,0.08984375000000006
1364,2.62255859375,2.353515625,2.3740234375,0.576171875,0.7470703125,3.28759765625,0.44384765625000006
1365,2.6552734375,2.21337890625,2.47314453125,0.65087890625,0.59130859375,3.33251953125,0.49560546875
1366,2.6201171875,2.40576171875,2.3525390625,0.88916015625,0.58837890625,3.38720703125,0.76123046875
1367,2.765625,2.32177734375,2.45458984375,0.91552734375,0.458984375,3.3984375,0.82177734375
1368,2.6513671875,2.47900390625,2.267578125,0.671875,0.90576171875,3.19482421875,0.912109375
1369,2.69482421875,2.359375,2.4794921875,0.73095703125,0.8603515625,3.28369140625,0.66064453125
1370,2.56982421875,2.77197265625,2.48779296875,0.619140625,0.322265625,3.34033203125,0.36083984375
1371,2.48193359375,2.541015625,2.57861328125,0.6572265625,0.345703125,3.32666015625,0.2514648437500001
1372,2.6044921875,2.42138671875,2.52490234375,0.67822265625,0.84619140625,3.232421875,0.662109375
1373,2.73681640625,2.412109375,2.5380859375,0.79296875,0.73193359375,3.306640625,0.61669921875
1374,2.5302734375,2.73583984375,2.552734375,0.55419921875,0.65869140625,3.3115234375,0.58984375
1375,2.47607421875,2.62841796875,2.62890625,0.62548828125,0.669921875,3.35888671875,0.7255859375
1376,2.591796875,2.55517578125,2.3701171875,0.8662109375,0.74609375,3.48095703125,0.43798828125000006
1377,2.6162109375,2.4697265625,2.42822265625,1.03515625,0.74072265625,3.50732421875,0.24365234375
1378,2.5029296875,2.4775390625,2.39208984375,0.3828125,0.5908203125,3.28857421875,0.34423828125
1379,2.658203125,2.40625,2.43017578125,0.43310546875,0.46044921875,3.31201171875,0.34765625
1380,2.416015625,2.33251953125,2.2880859375,0.66015625,0.91650390625,3.5029296875,0.33251953125
1381,2.341796875,2.56103515625,2.341796875,0.8310546875,0.67919921875,3.4814453125,0.291015625
1382,2.86376953125,2.90087890625,2.42919921875,0.26708984375,0.50244140625,3.3603515625,0.71826171875
1383,2.951171875,2.7861328125,2.43359375,0.21923828125000003,0.43115234375,3.4267578125,0.4775390625
1384,2.86279296875,2.36376953125,2.376953125,0.53662109375,0.8623046875,3.41796875,0.701171875
1385,2.78515625,2.29345703125,2.48388671875,0.66162109375,0.8408203125,3.517578125,0.6826171875
1386,2.63671875,2.2978515625,2.3369140625,0.55810546875,0.806640625,3.33984375,0.6875
1387,2.6640625,2.18359375,2.45849609375,0.66748046875,0.73974609375,3.412109375,0.40673828125000006
1388,2.67333984375,2.6015625,2.3232421875,0.8056640625,0.81982421875,3.1513671875,0.42822265625
1389,2.54833984375,2.67138671875,2.4345703125,1.01904296875,0.80810546875,3.22119140625,0.38330078125
1390,2.67919921875,2.68017578125,2.43701171875,0.33642578125,0.89990234375,3.3486328125,0.6953125
1391,2.73388671875,2.60107421875,2.4921875,0.4853515625,0.84326171875,3.37646484375,0.5390625
1392,2.69091796875,2.59521484375,2.341796875,0.82177734375,0.91943359375,3.43701171875,0.38427734375
1393,2.70654296875,2.46484375,2.38916015625,0.9619140625,0.79248046875,3.4443359375,0.2890625
1394,2.6064453125,2.74267578125,2.447265625,0.46630859375,0.5517578125,3.3095703125,0.6767578125
1395,2.77685546875,2.5205078125,2.5205078125,0.58544921875,0.5009765625,3.40625,0.52783203125
1396,2.55712890625,2.529296875,2.28076171875,0.5947265625,0.60546875,3.3154296875,0.80419921875
1397,2.671875,2.3291015625,2.365234375,0.6279296875,0.533203125,3.2919921875,0.84326171875
1398,2.49365234375,2.68896484375,2.4453125,0.58203125,0.63037109375,3.103515625,0.6181640625
1399,2.54638671875,2.38525390625,2.45947265625,0.53466796875,0.3720703125,3.18994140625,0.5927734375
1400,2.57763671875,2.4541015625,2.41650390625,0.45751953125,0.47900390625,3.224609375,0.45703125
1401,2.54296875,2.22802734375,2.5322265625,0.478515625,0.53564453125,3.21044921875,0.47265625
1402,2.93408203125,2.63232421875,2.296875,0.51904296875,0.83642578125,3.3310546875,0.5
1403,2.94970703125,2.6923828125,2.3720703125,0.62109375,0.6533203125,3.35693359375,0.4072265625
1404,2.66943359375,2.44921875,2.44091796875,0.53662109375,0.634765625,3.0625,0.92578125
1405,2.72900390625,2.34423828125,2.47216796875,0.611328125,0.6533203125,3.15380859375,0.79931640625
1406,2.7314453125,2.607421875,2.52392578125,0.67138671875,0.86572265625,3.4560546875,0.82470703125
1407,2.77783203125,2.55322265625,2.45947265625,0.98583984375,0.7802734375,3.5068359375,0.78515625
1408,2.44189453125,2.33740234375,2.5048828125,0.68896484375,0.6513671875,3.29638671875,0.64990234375
1409,2.6328125,2.267578125,2.58544921875,0.755859375,0.703125,3.27490234375,0.6650390625
1410,2.6904296875,2.7216796875,2.4765625,0.75244140625,0.43994140625,3.18603515625,0.85302734375
1411,2.62353515625,2.59619140625,2.55078125,0.685546875,0.279296875,3.24609375,0.689453125
1412,2.80810546875,2.7587890625,2.39453125,0.6669921875,0.58984375,3.24560546875,0.45068359375
1413,2.8837890625,2.7421875,2.34619140625,0.8173828125,0.4931640625,3.26416015625,0.50341796875
1414,2.45556640625,2.5634765625,2.263671875,1.00146484375,0.70654296875,3.42578125,0.77734375
1415,2.404296875,2.4326171875,2.37548828125,1.08447265625,0.716796875,3.51025390625,0.6923828125
1416,2.451171875,2.16943359375,2.2041015625,0.98193359375,0.57958984375,3.39111328125,0.875
1417,2.5126953125,2.05517578125,2.3251953125,0.87646484375,0.55224609375,3.3134765625,0.85302734375
1418,2.2490234375,2.4658203125,2.4375,0.5244140625,0.7392578125,3.14111328125,0.59521484375
1419,2.2763671875,2.43994140625,2.390625,0.6533203125,0.681640625,3.23779296875,0.72412109375
1420,2.6904296875,2.546875,2.4970703125,0.71044921875,0.21240234375000003,3.32421875,0.826171875
1421,2.62548828125,2.46630859375,2.42626953125,0.771484375,0.10986328125000006,3.3427734375,0.75732421875
1422,2.7529296875,2.48876953125,2.35888671875,0.630859375,1.02880859375,3.224609375,0.67724609375
1423,2.68701171875,2.40283203125,2.41015625,0.7255859375,0.8994140625,3.14599609375,0.537109375
1424,2.5908203125,2.72119140625,2.439453125,0.3994140625,0.45068359375,3.34521484375,0.4853515625
1425,2.71728515625,2.48388671875,2.51123046875,0.501953125,0.31982421875,3.34033203125,0.57470703125
1426,2.447265625,2.64306640625,2.32373046875,0.9599609375,0.4326171875,3.31201171875,0.5478515625
1427,2.513671875,2.45751953125,2.38525390625,1.05126953125,0.24755859375,3.35888671875,0.49365234375
1428,2.3349609375,2.84619140625,2.42333984375,0.67626953125,0.697265625,3.51025390625,0.53466796875
1429,2.3564453125,2.6865234375,2.47314453125,0.81298828125,0.50341796875,3.52587890625,0.53662109375
1430,2.35546875,2.49658203125,2.37255859375,0.68994140625,0.72265625,3.07470703125,0.4423828125
1431,2.3466796875,2.49951171875,2.34765625,0.82958984375,0.64599609375,3.13671875,0.41455078125
1432,2.59716796875,2.32275390625,2.35986328125,0.78369140625,0.6865234375,3.29052734375,0.6708984375
1433,2.5244140625,2.35302734375,2.41357421875,1.0205078125,0.728515625,3.375,0.53662109375
1434,2.52392578125,2.8056640625,2.412109375,0.865234375,0.3115234375,3.2978515625,0.5205078125
1435,2.58544921875,2.7431640625,2.53662109375,0.9755859375,0.33056640625,3.3154296875,0.4921875
1436,2.5380859375,2.5234375,2.30712890625,0.529296875,0.7666015625,3.37158203125,0.6162109375
1437,2.63916015625,2.5126953125,2.3671875,0.49658203125,0.654296875,3.421875,0.63525390625
1438,2.751953125,2.4619140625,2.4375,0.80517578125,0.681640625,3.47802734375,0.6142578125
1439,2.8681640625,2.45849609375,2.42431640625,0.876953125,0.650390625,3.57568359375,0.685546875
1440,2.4111328125,2.85791015625,2.341796875,0.91796875,0.806640625,3.27099609375,0.42822265625
1441,2.50048828125,2.6630859375,2.5048828125,1.06689453125,0.73095703125,3.42041015625,0.2490234375
1442,2.40673828125,2.423828125,2.34033203125,0.57666015625,0.30029296875,3.30615234375,0.45654296875
1443,2.5205078125,2.27197265625,2.43994140625,0.6875,0.41357421875,3.412109375,0.47119140625
1444,2.5166015625,2.81689453125,2.1943359375,0.35009765625,0.65576171875,3.36767578125,0.6201171875
1445,2.42822265625,2.544921875,2.23681640625,0.42578125,0.67236328125,3.42041015625,0.6533203125
1446,2.54248046875,2.6953125,2.56298828125,0.83544921875,0.95947265625,3.3212890625,0.759765625
1447,2.59326171875,2.509765625,2.50927734375,0.919921875,0.9072265625,3.4111328125,0.71435546875
1448,2.71533203125,2.6611328125,2.3203125,0.82763671875,0.61328125,3.3447265625,0.72216796875
1449,2.79736328125,2.5419921875,2.35595703125,0.8447265625,0.49169921875,3.439453125,0.64404296875
1450,2.361328125,2.23291015625,2.392578125,0.58349609375,0.6982421875,3.36474609375,0.62939453125
1451,2.412109375,2.013671875,2.39892578125,0.55517578125,0.673828125,3.4306640625,0.689453125
1452,2.56298828125,2.2109375,2.5859375,1.06982421875,0.7919921875,3.234375,0.17041015625000003
1453,2.61279296875,2.14111328125,2.5341796875,1.072265625,0.9013671875,3.4130859375,0.15087890625
1454,2.4765625,2.3232421875,2.52978515625,0.6396484375,0.60546875,3.3330078125,0.71923828125
1455,2.4091796875,2.234375,2.57421875,0.701171875,0.6328125,3.30908203125,0.82177734375
1456,2.58935546875,2.294921875,2.59326171875,0.3720703125,0.69677734375,3.31494140625,0.66552734375
1457,2.6572265625,2.2177734375,2.6474609375,0.447265625,0.62646484375,3.35107421875,0.49072265625
1458,2.52783203125,2.4990234375,2.33642578125,0.62939453125,0.75830078125,3.2705078125,0.5712890625
1459,2.5302734375,2.35888671875,2.46142578125,0.66650390625,0.8125,3.3955078125,0.42431640625
1460,2.3076171875,2.8896484375,2.5009765625,0.80859375,0.5224609375,3.09130859375,0.34423828125
1461,2.3125,2.5341796875,2.49853515625,0.76904296875,0.443359375,3.21044921875,0.306640625
1462,2.61083984375,2.3798828125,2.3994140625,0.6005859375,0.3603515625,3.53515625,0.5078125
1463,2.63427734375,2.28076171875,2.43603515625,0.65869140625,0.3076171875,3.59375,0.404296875
1464,2.44482421875,2.39306640625,2.390625,0.767578125,0.47509765625,3.166015625,0.62158203125
1465,2.46484375,2.29150390625,2.3759765625,0.93212890625,0.51806640625,3.19384765625,0.6611328125
1466,2.3173828125,2.48779296875,2.4462890625,0.58984375,0.51220703125,3.31640625,0.7685546875
1467,2.32470703125,2.36083984375,2.5498046875,0.68115234375,0.4765625,3.3173828125,0.59716796875
1468,2.630859375,2.63671875,2.4345703125,1.0478515625,0.466796875,3.3662109375,0.53076171875
1469,2.69775390625,2.44677734375,2.44970703125,1.017578125,0.4375,3.388671875,0.45654296875
1470,2.6455078125,2.51806640625,2.27783203125,0.84814453125,0.763671875,3.44873046875,0.30761718750000006
1471,2.70068359375,2.466796875,2.34912109375,0.72021484375,0.7783203125,3.40869140625,0.28857421875
1472,2.3173828125,2.3916015625,2.23193359375,0.51611328125,0.79541015625,3.349609375,0.6953125
1473,2.32080078125,2.3505859375,2.36279296875,0.55810546875,0.7431640625,3.3896484375,0.57275390625
1474,2.30810546875,2.8896484375,2.50830078125,0.5595703125,0.93310546875,3.1767578125,0.6708984375
1475,2.3642578125,2.73876953125,2.515625,0.59130859375,0.744140625,3.2529296875,0.49560546875
1476,2.58935546875,2.484375,2.40966796875,0.75830078125,0.76513671875,3.20947265625,0.80859375
1477,2.630859375,2.341796875,2.4921875,0.7265625,0.67333984375,3.32861328125,0.6328125
1478,2.53076171875,2.6376953125,2.3671875,0.48779296875,0.67919921875,3.43994140625,0.8427734375
1479,2.69873046875,2.5859375,2.42333984375,0.4638671875,0.580078125,3.5009765625,0.79052734375
1480,2.87646484375,2.4755859375,2.29248046875,0.8740234375,0.6552734375,3.271484375,0.28564453125
1481,2.81689453125,2.32763671875,2.3583984375,0.9384765625,0.8017578125,3.40087890625,0.25390625
1482,2.541015625,2.31103515625,2.42041015625,0.63232421875,0.330078125,3.57275390625,0.4462890625
1483,2.61376953125,2.27392578125,2.4775390625,0.7685546875,0.3349609375,3.54150390625,0.46142578125000006
1484,2.45751953125,2.78125,2.2998046875,0.41796875,0.98486328125,3.16748046875,0.30712890625
1485,2.50439453125,2.4306640625,2.32666015625,0.6728515625,0.8623046875,3.173828125,0.21533203125000006
1486,2.46875,2.29345703125,2.5185546875,0.7763671875,0.4404296875,3.37744140625,0.31689453125000006
1487,2.54345703125,2.1650390625,2.548828125,0.90966796875,0.275390625,3.31884765625,0.21630859375
1488,2.70751953125,2.68408203125,2.2314453125,0.33203125000000006,0.4091796875,3.41259765625,0.5380859375
1489,2.85302734375,2.55908203125,2.2666015625,0.4169921875,0.3056640625,3.328125,0.51025390625
1490,2.2890625,2.22998046875,2.35498046875,0.78759765625,0.3779296875,3.41162109375,0.5048828125
1491,2.22216796875,2.19482421875,2.38623046875,0.91650390625,0.30908203125,3.55029296875,0.5576171875
1492,2.8056640625,2.8291015625,2.46826171875,0.40576171875,0.66455078125,3.41357421875,0.56494140625
1493,2.76220703125,2.7802734375,2.50732421875,0.4287109375,0.568359375,3.30517578125,0.61962890625
1494,2.5517578125,2.52490234375,2.4658203125,0.82568359375,0.76904296875,3.29931640625,0.6865234375
1495,2.57421875,2.509765625,2.4736328125,0.765625,0.6806640625,3.34521484375,0.56494140625
1496,2.65234375,2.5810546875,2.4111328125,0.798828125,0.75830078125,3.54736328125,0.59912109375
1497,2.7109375,2.36572265625,2.4375,0.93408203125,0.6298828125,3.443359375,0.55615234375
1498,2.212890625,2.50390625,2.3251953125,0.337890625,0.42529296875,3.38330078125,0.68017578125
1499,2.3037109375,2.3369140625,2.3798828125,0.48583984375,0.3046875,3.48974609375,0.6708984375
1500,2.39990234375,2.63134765625,2.35302734375,0.47802734375,0.38916015625,3.35888671875,0.63720703125
1501,2.41259765625,2.537109375,2.36376953125,0.48828125,0.32763671875,3.44091796875,0.60205078125
1502,2.458984375,2.65087890625,2.2587890625,0.375,0.3408203125,3.44970703125,0.50244140625
1503,2.52978515625,2.77685546875,2.3974609375,0.49755859375,0.2797851562500001,3.4697265625,0.5078125
1504,2.42138671875,2.37353515625,2.38916015625,0.759765625,0.69921875,3.375,0.65869140625
1505,2.43701171875,2.2509765625,2.36279296875,0.76806640625,0.73681640625,3.4716796875,0.59375
1506,2.36669921875,2.7626953125,2.513671875,0.59619140625,0.61376953125,3.38525390625,0.65185546875
1507,2.3662109375,2.5703125,2.525390625,0.77197265625,0.61572265625,3.33837890625,0.48486328125
1508,2.34765625,2.31005859375,2.291015625,0.615234375,0.6162109375,3.06201171875,0.466796875
1509,2.3310546875,2.255859375,2.39892578125,0.75048828125,0.4892578125,3.07177734375,0.470703125
1510,2.4365234375,2.5810546875,2.5048828125,0.6943359375,0.19433593750000003,3.4287109375,0.67431640625
1511,2.43359375,2.3740234375,2.6533203125,0.75927734375,0.14208984375000003,3.3115234375,0.5263671875
1512,2.6669921875,2.3564453125,2.47900390625,0.41650390625,0.32080078125,3.2587890625,0.8701171875
1513,2.68603515625,2.251953125,2.47412109375,0.39208984375,0.2680664062500001,3.28369140625,0.74169921875
1514,2.47509765625,2.388671875,2.43994140625,0.8212890625,0.7724609375,3.2294921875,0.25634765625
1515,2.427734375,2.14599609375,2.5498046875,0.88818359375,0.79296875,3.24951171875,0.275390625
1516,2.33740234375,2.375,2.30615234375,0.54345703125,1.01123046875,3.34765625,0.52587890625
1517,2.345703125,2.33056640625,2.30322265625,0.53759765625,0.82080078125,3.41845703125,0.40966796875
1518,2.5693359375,2.70166015625,2.568359375,0.68408203125,0.5390625,3.52734375,0.54638671875
1519,2.650390625,2.60693359375,2.560546875,0.76513671875,0.46435546875,3.67919921875,0.3681640625
1520,2.3447265625,2.49658203125,2.32958984375,0.64599609375,0.70068359375,3.20556640625,0.69140625
1521,2.310546875,2.5068359375,2.49267578125,0.49560546875,0.65283203125,3.12646484375,0.79541015625
1522,2.69677734375,2.7431640625,2.31201171875,0.7412109375,0.83837890625,3.45263671875,0.4755859375
1523,2.68896484375,2.583984375,2.380859375,0.73681640625,0.69775390625,3.36279296875,0.42431640625
1524,2.34814453125,2.40478515625,2.48193359375,0.8935546875,0.92041015625,3.298828125,0.4658203125
1525,2.279296875,2.5,2.40234375,1.01904296875,0.791015625,3.40087890625,0.5263671875
1526,2.7080078125,2.4814453125,2.38818359375,0.54150390625,0.54052734375,3.296875,0.85791015625
1527,2.646484375,2.3623046875,2.4453125,0.5302734375,0.42626953125,3.3310546875,0.73974609375
1528,2.6357421875,2.75048828125,2.2861328125,0.78955078125,0.74365234375,3.5078125,0.72412109375
1529,2.6328125,2.59912109375,2.33154296875,0.828125,0.7666015625,3.50439453125,0.61767578125
1530,2.55859375,2.64501953125,2.38037109375,0.44921875,0.6337890625,3.349609375,0.71875
1531,2.65478515625,2.4248046875,2.521484375,0.38916015625,0.65869140625,3.359375,0.5888671875
1532,2.65087890625,2.4453125,2.5859375,0.68701171875,0.4755859375,3.31298828125,0.51513671875
1533,2.5,2.30712890625,2.5048828125,0.82080078125,0.54296875,3.4130859375,0.42431640625
1534,2.470703125,2.33837890625,2.5283203125,0.69677734375,0.85302734375,3.4716796875,0.68701171875
1535,2.4296875,2.23974609375,2.58203125,0.7353515625,0.84033203125,3.408203125,0.48876953125
1536,2.58740234375,2.7978515625,2.45068359375,0.43115234375,0.54541015625,3.24072265625,0.9248046875
1537,2.58056640625,2.5869140625,2.5009765625,0.5634765625,0.50732421875,3.3515625,0.8408203125
1538,2.5556640625,2.34326171875,2.43994140625,0.18798828125000003,0.4541015625,3.3193359375,0.4931640625
1539,2.6708984375,2.29150390625,2.51416015625,0.26171875,0.486328125,3.38330078125,0.4365234375
1540,2.6162109375,2.24755859375,2.39013671875,0.90185546875,0.7421875,3.2705078125,0.7001953125
1541,2.64111328125,2.27685546875,2.35400390625,0.96826171875,0.59326171875,3.37744140625,0.8369140625
1542,2.4765625,2.52880859375,2.4794921875,0.71630859375,0.544921875,3.361328125,0.76025390625
1543,2.48486328125,2.6904296875,2.4853515625,0.9775390625,0.5380859375,3.49365234375,0.76611328125
1544,2.818359375,2.4267578125,2.51123046875,0.6728515625,0.775390625,3.279296875,0.76513671875
1545,2.837890625,2.3779296875,2.51611328125,0.92822265625,0.8837890625,3.36572265625,0.69287109375
1546,2.5771484375,2.56298828125,2.36474609375,0.46630859375,0.4130859375,3.2177734375,0.556640625
1547,2.5859375,2.43212890625,2.43115234375,0.5634765625,0.5556640625,3.29248046875,0.48291015625
1548,2.31396484375,2.5126953125,2.302734375,0.91552734375,0.37646484375000006,3.45556640625,0.18505859375000006
1549,2.34326171875,2.40771484375,2.39111328125,0.79345703125,0.29150390625,3.5263671875,0.16259765625000003
1550,2.751953125,2.53173828125,2.48876953125,0.37744140625,0.650390625,3.36767578125,0.18945312500000006
1551,2.72900390625,2.42724609375,2.4697265625,0.39501953125,0.59912109375,3.408203125,0.13134765625000003
1552,2.47265625,2.5078125,2.296875,0.8515625,0.7314453125,3.49462890625,0.43603515625
1553,2.5361328125,2.4248046875,2.3408203125,0.89404296875,0.56689453125,3.47900390625,0.43115234375000006
1554,2.60107421875,2.60302734375,2.28369140625,0.57177734375,0.94775390625,3.09814453125,0.40625
1555,2.59814453125,2.47802734375,2.3876953125,0.53662109375,0.935546875,3.21435546875,0.25390625
1556,2.19775390625,2.314453125,2.40283203125,0.5517578125,0.5947265625,3.259765625,0.78857421875
1557,2.2783203125,2.291015625,2.4599609375,0.6357421875,0.521484375,3.37890625,0.80419921875
1558,2.61474609375,2.32421875,2.32763671875,0.466796875,0.6982421875,3.23291015625,0.3955078125
1559,2.6201171875,2.1904296875,2.44091796875,0.6162109375,0.6416015625,3.31494140625,0.27490234375
1560,2.77978515625,2.267578125,2.44091796875,0.63916015625,0.701171875,3.34228515625,0.64453125
1561,2.82080078125,2.16015625,2.45654296875,0.6845703125,0.53173828125,3.44091796875,0.63427734375
1562,2.169921875,2.73876953125,2.3525390625,0.595703125,0.57177734375,3.25,0.708984375
1563,2.22509765625,2.50244140625,2.41357421875,0.89111328125,0.53369140625,3.31640625,0.529296875
1564,2.20751953125,2.67138671875,2.3134765625,0.3779296875,0.8837890625,3.53759765625,0.7568359375
1565,2.1884765625,2.29833984375,2.40087890625,0.39111328125,0.94873046875,3.5126953125,0.78271484375
1566,2.52001953125,2.53369140625,2.3232421875,0.6162109375,0.548828125,3.29296875,0.12500000000000003
1567,2.43505859375,2.4912109375,2.427734375,0.55322265625,0.404296875,3.4228515625,0.13916015625000006
1568,2.64990234375,2.5751953125,2.46826171875,0.50634765625,0.52880859375,3.37548828125,0.30712890625
1569,2.59375,2.38232421875,2.5322265625,0.7138671875,0.41796875,3.46630859375,0.2358398437500001
1570,2.44287109375,2.47021484375,2.51513671875,0.6435546875,0.35498046875000006,3.513671875,0.18310546875000006
1571,2.5859375,2.44189453125,2.544921875,0.8212890625,0.27587890625,3.47216796875,0.12792968750000003
1572,2.53857421875,2.404296875,2.39892578125,0.6650390625,0.88818359375,3.60986328125,0.61181640625
1573,2.58740234375,2.27783203125,2.40966796875,0.7900390625,0.69482421875,3.57373046875,0.55517578125
1574,2.41357421875,2.44677734375,2.41845703125,0.3212890625,0.5634765625,3.33251953125,0.8310546875
1575,2.42138671875,2.39111328125,2.36669921875,0.47656250000000006,0.51220703125,3.478515625,0.67333984375
1576,2.56005859375,2.7294921875,2.29052734375,0.51611328125,0.67138671875,3.10986328125,0.5419921875
1577,2.412109375,2.54443359375,2.3544921875,0.626953125,0.68798828125,3.169921875,0.41162109375
1578,2.369140625,2.60791015625,2.59765625,0.5634765625,0.4169921875,3.20751953125,0.78076171875
1579,2.4697265625,2.54541015625,2.57568359375,0.6435546875,0.29345703125,3.2744140625,0.7841796875
1580,2.2548828125,2.62744140625,2.27978515625,0.6123046875,0.53466796875,3.33056640625,0.36083984375
1581,2.1875,2.54248046875,2.38330078125,0.787109375,0.51220703125,3.39990234375,0.29345703125
1582,2.5966796875,2.625,2.4560546875,0.50830078125,0.8037109375,3.44189453125,0.7939453125
1583,2.8349609375,2.361328125,2.4697265625,0.5341796875,0.60693359375,3.5048828125,0.7138671875
1584,2.62744140625,2.33544921875,2.27294921875,0.68212890625,0.31884765625,3.32763671875,0.93896484375
1585,2.73046875,2.3359375,2.30712890625,0.78369140625,0.330078125,3.42822265625,0.88671875
1586,2.888671875,2.46533203125,2.22802734375,0.701171875,0.9169921875,3.4228515625,0.8583984375
1587,2.87841796875,2.33740234375,2.1826171875,0.669921875,0.74658203125,3.40234375,0.66064453125
1588,2.880859375,2.49658203125,2.21923828125,1.03662109375,0.7802734375,3.515625,0.68115234375
1589,2.85546875,2.349609375,2.21875,1.08203125,0.68310546875,3.55517578125,0.5859375
1590,2.29541015625,2.58447265625,2.49267578125,1.13818359375,0.7275390625,3.33544921875,0.59912109375
1591,2.34716796875,2.44970703125,2.44482421875,1.18701171875,0.4775390625,3.345703125,0.591796875
1592,2.7314453125,2.4775390625,2.33349609375,0.248046875,0.38671875,3.2060546875,0.45166015625000006
1593,2.71435546875,2.29345703125,2.40185546875,0.2080078125,0.302734375,3.20166015625,0.40576171875
1594,2.64892578125,2.6259765625,2.25732421875,0.60595703125,0.39111328125,3.3603515625,0.6767578125
1595,2.5712890625,2.52587890625,2.35546875,0.6357421875,0.31982421875,3.3984375,0.537109375
1596,2.3466796875,2.6337890625,2.283203125,0.55908203125,0.52001953125,3.3662109375,0.38427734375
1597,2.35888671875,2.49853515625,2.31396484375,0.67333984375,0.5224609375,3.38818359375,0.333984375
1598,2.73583984375,2.42236328125,2.55517578125,0.40283203125,0.84814453125,3.1162109375,0.6123046875
1599,2.75830078125,2.3427734375,2.474609375,0.46142578125,0.66259765625,3.09033203125,0.55859375
1600,2.54052734375,2.45751953125,2.29638671875,0.505859375,0.4609375,3.3603515625,0.84375
1601,2.51025390625,2.291015625,2.3349609375,0.5107421875,0.47802734375,3.416015625,0.75927734375
1602,2.3291015625,2.65625,2.23876953125,0.36083984375,0.37353515625,3.35595703125,0.5458984375
1603,2.33984375,2.45068359375,2.30615234375,0.4609375,0.21142578125,3.275390625,0.49658203125
1604,2.6181640625,2.58203125,2.37060546875,0.86865234375,0.7138671875,3.2822265625,0.5693359375
1605,2.64453125,2.455078125,2.357421875,0.93212890625,0.658203125,3.37109375,0.3759765625
1606,2.291015625,2.3701171875,2.30859375,0.59228515625,0.3681640625,3.24560546875,0.79296875
1607,2.3603515625,2.3271484375,2.45458984375,0.75390625,0.3095703125,3.30322265625,0.73095703125
1608,2.23388671875,2.35693359375,2.544921875,0.3388671875,1.00146484375,3.2880859375,0.64404296875
1609,2.2939453125,2.37841796875,2.55029296875,0.42822265625,0.81591796875,3.3515625,0.59521484375
1610,2.38134765625,2.3701171875,2.31005859375,0.89697265625,0.63427734375,3.19189453125,0.48583984375
1611,2.47998046875,2.208984375,2.28759765625,0.88818359375,0.60791015625,3.20361328125,0.599609375
1612,2.78076171875,2.68115234375,2.46533203125,0.35595703125,0.84033203125,3.228515625,0.61376953125
1613,2.65380859375,2.45751953125,2.48779296875,0.48388671875000006,0.841796875,3.25634765625,0.7216796875
1614,2.29833984375,2.541015625,2.41796875,0.53369140625,0.66796875,3.53076171875,0.724609375
1615,2.3857421875,2.3642578125,2.43603515625,0.6025390625,0.54736328125,3.4580078125,0.58642578125
1616,2.50634765625,2.6962890625,2.56787109375,0.41455078125,0.375,3.3798828125,0.64501953125
1617,2.49072265625,2.59326171875,2.4716796875,0.35888671875,0.33544921875,3.36865234375,0.470703125
1618,2.52978515625,2.55029296875,2.56298828125,0.90673828125,0.3466796875,3.44970703125,0.50390625
1619,2.57763671875,2.36865234375,2.5419921875,0.8896484375,0.20800781250000003,3.546875,0.40673828125
1620,2.583984375,2.79248046875,2.4775390625,0.63134765625,0.48681640625,2.966796875,0.49365234375
1621,2.591796875,2.71044921875,2.5517578125,0.6875,0.41552734375,3.07470703125,0.49267578125
1622,2.767578125,2.375,2.37548828125,0.4091796875,0.81884765625,3.552734375,0.625
1623,2.69189453125,2.33251953125,2.416015625,0.36669921875,0.81005859375,3.60498046875,0.56982421875
1624,2.1962890625,2.69580078125,2.3095703125,0.23291015625,0.587890625,3.51318359375,0.365234375
1625,2.1669921875,2.44482421875,2.318359375,0.19580078125,0.42431640625,3.52880859375,0.26318359375
1626,2.5087890625,2.67626953125,2.3115234375,0.58203125,0.3095703125,3.42724609375,0.48291015625
1627,2.54931640625,2.41943359375,2.42431640625,0.74169921875,0.36328125,3.341796875,0.48779296875
1628,2.6875,2.78173828125,2.43798828125,0.8388671875,0.732421875,3.39404296875,0.87451171875
1629,2.63671875,2.6474609375,2.4169921875,0.95361328125,0.58544921875,3.43359375,0.7353515625
1630,2.41552734375,2.25390625,2.31494140625,0.34033203125,0.43359375,3.58544921875,0.44970703125
1631,2.50732421875,2.19384765625,2.388671875,0.4130859375,0.32373046875,3.48095703125,0.3056640625
1632,2.54443359375,2.4892578125,2.45068359375,0.7412109375,0.513671875,3.5361328125,0.3603515625
1633,2.50830078125,2.37109375,2.4296875,1.00439453125,0.46923828125,3.58203125,0.34228515625
1634,2.61376953125,2.40673828125,2.416015625,0.5849609375,0.73291015625,3.42236328125,0.548828125
1635,2.56494140625,2.2158203125,2.5126953125,0.724609375,0.603515625,3.35009765625,0.404296875
1636,2.46484375,2.65771484375,2.39794921875,0.56494140625,0.4833984375,3.2607421875,0.75732421875
1637,2.45654296875,2.37060546875,2.40625,0.55859375,0.42724609375,3.296875,0.65966796875
1638,2.3662109375,2.623046875,2.35400390625,0.61962890625,0.78515625,3.3701171875,0.43408203125
1639,2.41259765625,2.60888671875,2.43603515625,0.595703125,0.92626953125,3.37353515625,0.28564453125
1640,2.4892578125,2.1484375,2.27294921875,0.71337890625,0.515625,3.39453125,0.45263671875
1641,2.46630859375,2.09130859375,2.3076171875,0.68017578125,0.5322265625,3.56689453125,0.51318359375
1642,2.43017578125,2.56396484375,2.38671875,0.56494140625,0.517578125,3.453125,0.69189453125
1643,2.3349609375,2.5556640625,2.32666015625,0.66845703125,0.46142578125,3.5673828125,0.61279296875
1644,2.6357421875,2.36572265625,2.458984375,0.5615234375,0.5791015625,3.28076171875,0.59716796875
1645,2.55908203125,2.20166015625,2.52783203125,0.5859375,0.40234375000000006,3.35546875,0.5791015625
1646,2.72021484375,2.56884765625,2.51953125,0.6728515625,0.537109375,3.28564453125,0.5302734375
1647,2.70654296875,2.38671875,2.54150390625,0.6435546875,0.4658203125,3.38916015625,0.41357421875
1648,2.611328125,2.38330078125,2.39208984375,0.5302734375,0.7880859375,3.20849609375,0.73974609375
1649,2.6552734375,2.3505859375,2.369140625,0.62158203125,0.7880859375,3.3515625,0.79052734375
1650,2.625,2.78662109375,2.4072265625,0.958984375,0.541015625,3.40869140625,0.61962890625
1651,2.68359375,2.73974609375,2.46533203125,0.8916015625,0.3837890625,3.43359375,0.568359375
1652,2.3173828125,2.654296875,2.24609375,0.66162109375,0.41552734375,3.294921875,0.65283203125
1653,2.234375,2.4189453125,2.36279296875,0.64599609375,0.32275390625,3.36083984375,0.5859375
1654,2.10546875,2.68505859375,2.42529296875,0.17138671875000003,0.80859375,3.39599609375,0.46875
1655,2.1416015625,2.765625,2.4462890625,0.2451171875,0.7509765625,3.47119140625,0.4521484375
1656,2.68994140625,2.4794921875,2.23046875,0.697265625,0.3203125,3.20361328125,0.44921875
1657,2.6611328125,2.32177734375,2.31689453125,0.67333984375,0.271484375,3.25537109375,0.37060546875000006
1658,2.3984375,2.64599609375,2.4638671875,0.72412109375,0.33984375,3.50927734375,0.64892578125
1659,2.4013671875,2.525390625,2.53173828125,0.70947265625,0.2729492187500001,3.580078125,0.6455078125
1660,2.400390625,2.58349609375,2.3193359375,0.8251953125,0.720703125,3.33984375,0.4677734375
1661,2.41552734375,2.4013671875,2.4013671875,0.83837890625,0.634765625,3.44580078125,0.43359375
1662,2.82958984375,2.7841796875,2.4619140625,0.4580078125,0.36181640625000006,3.46826171875,0.8056640625
1663,2.8583984375,2.66796875,2.50927734375,0.57421875,0.314453125,3.39306640625,0.765625
1664,2.66845703125,2.3564453125,2.376953125,0.74462890625,0.37060546875,3.419921875,0.26123046875
1665,2.60546875,2.28125,2.3876953125,0.9990234375,0.2587890625,3.6796875,0.24218750000000006
1666,2.66162109375,2.44091796875,2.517578125,0.533203125,0.369140625,3.20654296875,0.55126953125
1667,2.73291015625,2.4619140625,2.50244140625,0.6591796875,0.35693359375,3.20849609375,0.427734375
1668,2.18017578125,2.7001953125,2.45263671875,0.19482421875000003,0.53173828125,3.15869140625,0.88427734375
1669,2.11328125,2.56103515625,2.517578125,0.20117187500000003,0.3720703125,3.26171875,0.74462890625
1670,2.43701171875,2.7666015625,2.45068359375,0.8486328125,0.70166015625,3.2236328125,0.33935546875
1671,2.5302734375,2.7197265625,2.40966796875,0.96142578125,0.640625,3.23046875,0.314453125
1672,2.615234375,2.72216796875,2.33203125,0.50390625,1.0029296875,3.13525390625,0.451171875
1673,2.57470703125,2.6220703125,2.29833984375,0.59228515625,0.5947265625,3.21337890625,0.42529296875
1674,2.5693359375,2.7158203125,2.51513671875,0.349609375,0.16552734375000006,3.17822265625,0.6064453125
1675,2.5078125,2.5654296875,2.4970703125,0.50390625,0.15722656250000003,3.34326171875,0.65380859375
1676,2.28271484375,2.30859375,2.380859375,0.783203125,0.51123046875,3.06787109375,0.7666015625
1677,2.40576171875,2.24365234375,2.376953125,0.83056640625,0.4326171875,3.12109375,0.47216796875
1678,2.505859375,2.546875,2.3837890625,0.537109375,0.6162109375,3.4228515625,0.8115234375
1679,2.58740234375,2.6328125,2.50732421875,0.53955078125,0.4404296875,3.57421875,0.65625
1680,2.5166015625,2.5810546875,2.4912109375,0.6552734375,0.490234375,3.158203125,0.61181640625
1681,2.62841796875,2.57666015625,2.45556640625,0.7353515625,0.52294921875,3.1396484375,0.5693359375
1682,2.32421875,2.7001953125,2.30859375,0.701171875,0.37890625,3.21826171875,0.763671875
1683,2.30029296875,2.646484375,2.3466796875,0.71484375,0.33154296875,3.25439453125,0.7919921875
1684,2.5615234375,2.5263671875,2.52294921875,0.45361328125,0.5068359375,3.39990234375,0.15966796875
1685,2.55322265625,2.3740234375,2.51025390625,0.42919921875,0.45556640625,3.384765625,0.2265625
1686,2.64208984375,2.33935546875,2.26513671875,0.86376953125,0.888671875,3.35400390625,0.546875
1687,2.64208984375,2.2958984375,2.38427734375,0.9423828125,0.67626953125,3.46923828125,0.32177734375
1688,2.337890625,2.44091796875,2.34423828125,0.97216796875,0.47412109375,3.00390625,0.50830078125
1689,2.3876953125,2.53125,2.38916015625,0.99267578125,0.5263671875,3.21923828125,0.43701171875
1690,2.47509765625,2.48486328125,2.30810546875,0.35400390625,0.66943359375,3.2138671875,0.85546875
1691,2.59326171875,2.4658203125,2.35009765625,0.44873046875,0.57861328125,3.20556640625,0.77685546875
1692,2.412109375,2.51708984375,2.33740234375,0.57470703125,0.19921875000000006,3.0654296875,0.650390625
1693,2.49462890625,2.330078125,2.35009765625,0.7568359375,0.15136718750000003,3.142578125,0.6220703125
1694,2.45458984375,2.69677734375,2.47900390625,0.66064453125,0.5419921875,3.30712890625,0.5048828125
1695,2.51708984375,2.681640625,2.4560546875,0.72021484375,0.4619140625,3.505859375,0.47216796875
1696,2.29248046875,2.572265625,2.42431640625,0.8232421875,0.6455078125,3.14111328125,0.650390625
1697,2.3681640625,2.4052734375,2.453125,0.68994140625,0.6884765625,3.2353515625,0.6162109375
1698,2.8056640625,2.69189453125,2.44189453125,0.66162109375,0.6875,3.36767578125,0.75244140625
1699,2.8408203125,2.55615234375,2.52001953125,0.6005859375,0.48876953125,3.3984375,0.73486328125
1700,2.443359375,2.6181640625,2.45458984375,0.87890625,0.70751953125,3.40283203125,0.30126953125
1701,2.48828125,2.81298828125,2.48876953125,1.02734375,0.47607421875,3.39599609375,0.2963867187500001
1702,2.32568359375,2.58935546875,2.42041015625,0.55859375,0.84130859375,3.271484375,0.587890625
1703,2.29443359375,2.46728515625,2.49951171875,0.8017578125,0.7451171875,3.34130859375,0.609375
1704,2.63134765625,2.490234375,2.3828125,0.4306640625,0.34619140625,3.26513671875,0.49658203125
1705,2.69140625,2.38671875,2.384765625,0.4248046875,0.32861328125,3.322265625,0.3974609375
1706,2.66162109375,2.17626953125,2.29443359375,0.51171875,0.92724609375,3.36572265625,0.2158203125
1707,2.69970703125,2.0498046875,2.44091796875,0.5986328125,0.70654296875,3.3994140625,0.12792968750000006
1708,2.67578125,2.5546875,2.5947265625,0.599609375,0.37353515625,3.22705078125,0.8876953125
1709,2.6484375,2.533203125,2.5849609375,0.609375,0.2622070312500001,3.1962890625,0.85498046875
1710,2.5537109375,2.728515625,2.2822265625,0.72412109375,0.68017578125,3.431640625,0.49462890625
1711,2.53515625,2.56005859375,2.43310546875,0.72412109375,0.64892578125,3.525390625,0.44873046875
1712,2.49853515625,2.3759765625,2.603515625,0.33544921875000006,0.83544921875,3.37158203125,0.44140625
1713,2.4638671875,2.38720703125,2.548828125,0.3408203125,0.72607421875,3.42578125,0.44921875
1714,2.46484375,2.51806640625,2.283203125,0.84716796875,0.86328125,3.28271484375,0.49560546875
1715,2.54052734375,2.45947265625,2.33154296875,0.85302734375,0.71875,3.3251953125,0.4150390625
1716,2.33251953125,2.53173828125,2.23095703125,0.51171875,0.58203125,3.33203125,0.65771484375
1717,2.33203125,2.42724609375,2.33349609375,0.642578125,0.45458984375,3.39599609375,0.53173828125
1718,2.3330078125,2.400390625,2.39697265625,0.5546875,0.658203125,3.13232421875,0.40869140625
1719,2.3154296875,2.11669921875,2.44287109375,0.48974609375,0.5498046875,3.1357421875,0.40478515625
1720,2.59326171875,2.50390625,2.50634765625,0.61962890625,0.3388671875,3.56982421875,0.79052734375
1721,2.64453125,2.42626953125,2.4794921875,0.7119140625,0.2490234375,3.66796875,0.71435546875
1722,2.45166015625,2.55615234375,2.33544921875,0.33642578125,0.6376953125,3.4326171875,0.46826171875
1723,2.45361328125,2.548828125,2.41748046875,0.51220703125,0.6796875,3.44384765625,0.3857421875
1724,2.58642578125,2.44921875,2.35888671875,0.46728515625,0.5341796875,3.1904296875,0.677734375
1725,2.7412109375,2.2587890625,2.42822265625,0.53564453125,0.4404296875,3.3271484375,0.53759765625
1726,2.09619140625,2.46142578125,2.36328125,0.17968750000000003,0.30615234375,3.27490234375,0.38525390625
1727,2.15283203125,2.27099609375,2.47705078125,0.21923828125000003,0.2783203125,3.26953125,0.564453125
1728,2.56103515625,2.55908203125,2.20166015625,0.45068359375,0.67626953125,3.29833984375,0.74658203125
1729,2.64990234375,2.51123046875,2.2919921875,0.4560546875,0.64990234375,3.3876953125,0.84716796875
1730,2.48681640625,2.27685546875,2.4521484375,0.43359375,0.6064453125,3.28759765625,0.86865234375
1731,2.72265625,2.24560546875,2.56005859375,0.61865234375,0.65869140625,3.2998046875,0.6953125
1732,2.64453125,2.61669921875,2.34326171875,0.55029296875,0.75732421875,3.39892578125,0.32470703125
1733,2.51220703125,2.3701171875,2.4267578125,0.744140625,0.87060546875,3.49755859375,0.42041015625
1734,2.22607421875,2.8623046875,2.4677734375,0.79052734375,0.5166015625,3.34423828125,0.478515625
1735,2.25830078125,2.64013671875,2.4736328125,0.96484375,0.482421875,3.31494140625,0.4619140625
1736,2.7685546875,2.75732421875,2.431640625,0.5400390625,0.91259765625,3.35546875,0.77294921875
1737,2.60693359375,2.7119140625,2.416015625,0.5693359375,0.7236328125,3.4189453125,0.6845703125
1738,2.55322265625,2.4521484375,2.44091796875,0.83740234375,0.564453125,3.2216796875,0.4453125
1739,2.53125,2.27685546875,2.45556640625,0.85888671875,0.47216796875,3.2431640625,0.48486328125
1740,2.705078125,2.64306640625,2.32275390625,0.65283203125,0.814453125,3.40283203125,0.49658203125
1741,2.65966796875,2.53466796875,2.3876953125,0.67236328125,0.83056640625,3.48486328125,0.35888671875
1742,2.51123046875,2.4541015625,2.353515625,0.859375,0.6943359375,3.18017578125,0.5791015625
1743,2.49609375,2.36328125,2.4609375,0.94482421875,0.66748046875,3.1376953125,0.62060546875
1744,2.64794921875,2.66796875,2.4169921875,0.4716796875,0.3955078125,3.43359375,0.55224609375
1745,2.78662109375,2.5009765625,2.4697265625,0.54052734375,0.35107421875,3.41064453125,0.40576171875
1746,2.56298828125,2.3359375,2.4248046875,0.67626953125,0.77587890625,3.30078125,0.72314453125
1747,2.52978515625,2.13623046875,2.39453125,0.82421875,0.5810546875,3.43017578125,0.46240234375
1748,2.18603515625,2.4287109375,2.2001953125,0.4453125,0.806640625,3.251953125,0.51025390625
1749,2.15234375,2.34033203125,2.26953125,0.58154296875,0.736328125,3.25927734375,0.36474609375
1750,2.615234375,2.6884765625,2.37939453125,0.6396484375,0.77685546875,3.392578125,0.81787109375
1751,2.5810546875,2.6328125,2.47265625,0.7294921875,0.78369140625,3.4765625,0.751953125
1752,2.2802734375,2.45263671875,2.466796875,0.53564453125,0.48291015625,3.4970703125,0.7607421875
1753,2.287109375,2.306640625,2.498046875,0.5986328125,0.48095703125,3.45947265625,0.650390625
1754,2.46875,2.630859375,2.38427734375,0.541015625,0.71337890625,3.36767578125,0.61865234375
1755,2.41943359375,2.5224609375,2.513671875,0.58349609375,0.56005859375,3.33740234375,0.51171875
1756,2.515625,2.72216796875,2.3095703125,0.8037109375,0.6181640625,3.37548828125,0.6240234375
1757,2.65234375,2.49072265625,2.3671875,0.955078125,0.3896484375,3.40771484375,0.6953125
1758,2.6591796875,2.5693359375,2.40478515625,0.2333984375,0.47509765625,3.26318359375,0.59033203125
1759,2.5859375,2.47900390625,2.46337890625,0.15478515625,0.478515625,3.271484375,0.458984375
1760,2.4560546875,2.3212890625,2.423828125,0.20214843750000003,0.630859375,3.3212890625,0.43408203125
1761,2.5380859375,2.28125,2.478515625,0.17773437500000003,0.60009765625,3.40673828125,0.24511718750000003
1762,2.44580078125,2.4970703125,2.38525390625,1.02685546875,0.69775390625,3.376953125,0.76513671875
1763,2.505859375,2.30078125,2.49951171875,1.02734375,0.59716796875,3.37890625,0.6611328125
1764,2.451171875,2.623046875,2.2412109375,0.8720703125,0.6328125,3.20361328125,0.2763671875
1765,2.57763671875,2.45166015625,2.380859375,0.8095703125,0.59716796875,3.2119140625,0.3046875
1766,2.658203125,2.7021484375,2.45947265625,0.39941406250000006,0.6123046875,3.09619140625,0.509765625
1767,2.75146484375,2.51220703125,2.36376953125,0.5517578125,0.57958984375,3.15966796875,0.36279296875
1768,2.56494140625,2.36865234375,2.32568359375,0.751953125,0.34423828125,3.427734375,0.537109375
1769,2.689453125,2.3115234375,2.34912109375,0.69140625,0.24462890625,3.3876953125,0.37402343750000006
1770,2.86328125,2.29833984375,2.46875,0.66748046875,0.6669921875,3.24169921875,0.3486328125
1771,2.7353515625,2.228515625,2.4638671875,0.76611328125,0.583984375,3.2451171875,0.22314453125
1772,2.17626953125,2.4384765625,2.49755859375,0.43701171875,0.7392578125,3.3056640625,0.810546875
1773,2.23681640625,2.42529296875,2.40966796875,0.5595703125,0.62646484375,3.3916015625,0.634765625
1774,2.42822265625,2.39013671875,2.4208984375,0.61572265625,0.67724609375,3.3544921875,0.3388671875
1775,2.51318359375,2.29638671875,2.453125,0.6435546875,0.58740234375,3.45068359375,0.1899414062500001
1776,2.49755859375,2.4072265625,2.318359375,0.55517578125,0.50244140625,3.4033203125,0.619140625
1777,2.5146484375,2.318359375,2.408203125,0.54296875,0.47119140625,3.4228515625,0.33349609375
1778,2.41357421875,2.533203125,2.435546875,0.78955078125,0.61376953125,3.2626953125,0.31787109375
1779,2.5283203125,2.34619140625,2.50634765625,0.994140625,0.66015625,3.26171875,0.33837890625
1780,2.556640625,2.60009765625,2.41943359375,0.6669921875,0.47265625,3.125,0.42236328125
1781,2.609375,2.51416015625,2.4853515625,0.6640625,0.47216796875,3.25390625,0.46826171875
1782,2.6357421875,2.37109375,2.39892578125,0.50048828125,0.623046875,3.166015625,0.90283203125
1783,2.62841796875,2.306640625,2.40673828125,0.60302734375,0.63916015625,3.19970703125,0.830078125
1784,2.32958984375,2.52734375,2.35546875,0.78857421875,0.29980468750000006,3.11572265625,0.4970703125
1785,2.39111328125,2.46923828125,2.36962890625,0.72412109375,0.39990234375,3.18115234375,0.41455078125
1786,2.5068359375,2.74462890625,2.3251953125,0.65478515625,0.6787109375,3.38671875,0.8466796875
1787,2.51416015625,2.6669921875,2.40771484375,0.68359375,0.56396484375,3.3671875,0.6513671875
1788,2.51171875,2.60791015625,2.45166015625,0.72216796875,0.86767578125,3.41064453125,0.431640625
1789,2.57861328125,2.45654296875,2.5537109375,0.68310546875,0.8466796875,3.32763671875,0.4228515625
1790,2.65966796875,2.65234375,2.408203125,0.38037109375,0.68115234375,3.5703125,0.66748046875
1791,2.67919921875,2.3310546875,2.44677734375,0.40673828125,0.5576171875,3.54052734375,0.5986328125
1792,2.5087890625,2.26611328125,2.39306640625,0.61767578125,0.3369140625,3.16064453125,0.60986328125
1793,2.623046875,2.20849609375,2.43359375,0.62353515625,0.32421875,3.17626953125,0.65576171875
1794,2.541015625,2.71044921875,2.36865234375,0.4814453125,0.3974609375,3.3681640625,0.65185546875
1795,2.55615234375,2.3984375,2.39794921875,0.57861328125,0.24609375,3.58544921875,0.60546875
1796,2.6376953125,2.431640625,2.52197265625,0.68115234375,0.791015625,3.4169921875,0.38623046875000006
1797,2.68994140625,2.30908203125,2.5849609375,0.77978515625,0.85009765625,3.408203125,0.45703125
1798,2.49169921875,2.3759765625,2.357421875,0.49365234375,0.4052734375,3.25634765625,0.72705078125
1799,2.501953125,2.2373046875,2.43017578125,0.66552734375,0.29052734375,3.3505859375,0.65869140625
1800,2.73974609375,2.64208984375,2.29248046875,0.5439453125,0.478515625,3.4677734375,0.21435546875
1801,2.67431640625,2.63330078125,2.33837890625,0.482421875,0.38378906250000006,3.40087890625,0.12646484375
1802,2.70751953125,2.50244140625,2.48095703125,0.68310546875,0.82373046875,3.21337890625,0.60888671875
1803,2.7705078125,2.3369140625,2.4814453125,0.720703125,0.7412109375,3.27392578125,0.56591796875
1804,2.701171875,2.41064453125,2.4677734375,0.52978515625,0.84765625,3.2099609375,0.86962890625
1805,2.7080078125,2.28662109375,2.4697265625,0.6865234375,0.68505859375,3.20751953125,0.67724609375
1806,2.3359375,2.6064453125,2.58203125,0.5322265625,0.78515625,3.23193359375,0.5029296875
1807,2.32080078125,2.53173828125,2.5048828125,0.56982421875,0.79638671875,3.2548828125,0.41650390625
1808,2.4326171875,2.6708984375,2.31640625,0.60498046875,0.65478515625,3.365234375,0.3740234375
1809,2.44873046875,2.51513671875,2.35107421875,0.65869140625,0.5517578125,3.3994140625,0.2958984375
1810,2.412109375,2.39794921875,2.287109375,0.6884765625,0.642578125,3.31591796875,0.7978515625
1811,2.36962890625,2.47314453125,2.4296875,0.77734375,0.587890625,3.35400390625,0.67138671875
1812,2.677734375,2.45703125,2.41943359375,0.76220703125,0.6044921875,3.267578125,0.537109375
1813,2.70263671875,2.51953125,2.47265625,0.8642578125,0.658203125,3.34033203125,0.46240234375
1814,2.28466796875,2.603515625,2.27197265625,0.736328125,0.66015625,3.29833984375,0.3916015625
1815,2.43017578125,2.4931640625,2.38525390625,0.677734375,0.677734375,3.46484375,0.55419921875
1816,2.70458984375,2.443359375,2.28271484375,0.60791015625,0.64404296875,3.16455078125,0.41552734375
1817,2.630859375,2.404296875,2.404296875,0.544921875,0.57421875,3.2216796875,0.48095703125
1818,2.32470703125,2.54052734375,2.49365234375,0.806640625,0.47705078125,3.4375,0.49072265625
1819,2.35498046875,2.41796875,2.58935546875,0.8291015625,0.4306640625,3.49169921875,0.41650390625
1820,2.5693359375,2.80029296875,2.505859375,0.677734375,0.67626953125,3.20556640625,0.42236328125
1821,2.61962890625,2.57861328125,2.59130859375,0.7783203125,0.6337890625,3.337890625,0.38525390625
1822,2.36376953125,2.46044921875,2.3818359375,0.861328125,0.4970703125,3.28515625,0.3408203125
1823,2.30078125,2.482421875,2.453125,0.85595703125,0.50146484375,3.3232421875,0.263671875
1824,2.55419921875,2.3583984375,2.48388671875,0.49853515625,0.48388671875,3.33740234375,0.64208984375
1825,2.50732421875,2.23828125,2.5166015625,0.67236328125,0.36230468750000006,3.3564453125,0.54931640625
1826,2.42138671875,2.40966796875,2.2275390625,0.60888671875,0.52197265625,3.14111328125,0.6357421875
1827,2.3818359375,2.36083984375,2.30419921875,0.5791015625,0.39599609375000006,3.2333984375,0.62939453125
1828,2.5029296875,2.6064453125,2.3193359375,0.49609375,0.533203125,3.212890625,0.736328125
1829,2.5556640625,2.70166015625,2.498046875,0.392578125,0.4423828125,3.2255859375,0.64404296875
1830,2.52734375,2.5888671875,2.421875,0.6162109375,0.32763671875,3.35595703125,0.3759765625
1831,2.40283203125,2.4384765625,2.4208984375,0.66015625,0.27001953125,3.4443359375,0.34814453125
1832,2.5615234375,2.408203125,2.45068359375,0.74658203125,0.48583984375,3.26220703125,0.263671875
1833,2.52392578125,2.36279296875,2.421875,0.94775390625,0.41650390625,3.43603515625,0.30126953125
1834,2.31787109375,2.39111328125,2.40966796875,0.982421875,0.70751953125,3.31396484375,0.7607421875
1835,2.33935546875,2.328125,2.3671875,0.9814453125,0.6240234375,3.458984375,0.6787109375
1836,2.33740234375,2.640625,2.556640625,0.77099609375,0.6064453125,3.2001953125,0.52392578125
1837,2.345703125,2.54736328125,2.5341796875,0.8466796875,0.68701171875,3.28515625,0.3828125
1838,2.232421875,2.42919921875,2.26806640625,0.46044921875,0.50634765625,3.0986328125,0.45361328125
1839,2.26513671875,2.3125,2.32177734375,0.71826171875,0.45556640625,3.15576171875,0.47998046875
1840,2.9326171875,2.54638671875,2.3974609375,0.5673828125,0.546875,3.5068359375,0.595703125
1841,2.9541015625,2.51025390625,2.38818359375,0.64892578125,0.42919921875,3.47607421875,0.55908203125
1842,2.77294921875,2.443359375,2.435546875,0.2255859375,0.31250000000000006,3.36865234375,0.650390625
1843,2.78662109375,2.27294921875,2.51025390625,0.21728515625000003,0.33154296875,3.49609375,0.6796875
1844,2.44482421875,2.39013671875,2.4013671875,0.6064453125,0.626953125,3.3359375,0.10546875000000004
1845,2.41455078125,2.18212890625,2.41552734375,0.7255859375,0.578125,3.36962890625,0.11865234375000011
1846,2.46875,2.62939453125,2.46337890625,0.58203125,0.47412109375,3.57275390625,0.7041015625
1847,2.541015625,2.43896484375,2.486328125,0.60595703125,0.3125,3.55224609375,0.55810546875
1848,2.7158203125,2.79345703125,2.455078125,0.59228515625,0.671875,3.4423828125,0.46728515625
1849,2.65673828125,2.73779296875,2.5166015625,0.63720703125,0.5537109375,3.49951171875,0.48681640625
1850,2.6494140625,2.65478515625,2.29931640625,0.7294921875,0.7236328125,3.38720703125,0.513671875
1851,2.68212890625,2.68359375,2.294921875,0.841796875,0.759765625,3.49609375,0.36279296875
1852,2.32275390625,2.33984375,2.4384765625,0.5537109375,0.47900390625,3.11181640625,0.5224609375
1853,2.3896484375,2.35205078125,2.4814453125,0.720703125,0.4384765625,3.2255859375,0.4267578125
1854,2.7021484375,2.3095703125,2.44384765625,0.6845703125,0.3505859375,3.2021484375,0.392578125
1855,2.82666015625,2.2470703125,2.47802734375,0.8662109375,0.22021484375000003,3.32958984375,0.26806640625
1856,2.61181640625,2.35009765625,2.28955078125,0.802734375,0.9208984375,3.0546875,0.6279296875
1857,2.52197265625,2.181640625,2.40234375,0.89453125,0.740234375,3.12744140625,0.44775390625
1858,2.8203125,2.63232421875,2.21240234375,0.8681640625,0.45751953125,3.38232421875,0.51708984375
1859,2.87841796875,2.43115234375,2.25146484375,0.89306640625,0.48583984375,3.37451171875,0.5244140625
1860,2.56689453125,2.5087890625,2.40966796875,0.44384765625,0.818359375,3.400390625,0.5654296875
1861,2.65673828125,2.44970703125,2.49853515625,0.56005859375,0.69677734375,3.50927734375,0.4453125
1862,2.580078125,2.52880859375,2.3642578125,0.37109375,0.62451171875,3.1455078125,0.50830078125
1863,2.654296875,2.3828125,2.431640625,0.33203125,0.6884765625,3.23291015625,0.49853515625
1864,2.1220703125,2.33935546875,2.341796875,0.23681640625,0.49560546875,3.369140625,0.49609375
1865,2.16845703125,2.4521484375,2.4384765625,0.22607421875,0.44189453125,3.33740234375,0.35888671875
1866,2.4384765625,2.30126953125,2.3759765625,0.68994140625,0.7509765625,3.3935546875,0.37939453125
1867,2.55126953125,2.18017578125,2.43603515625,0.8896484375,0.64404296875,3.43115234375,0.2197265625
1868,2.70556640625,2.3876953125,2.41259765625,0.63232421875,0.517578125,3.12646484375,0.59130859375
1869,2.6591796875,2.24853515625,2.54248046875,0.65283203125,0.48876953125,3.20849609375,0.64501953125
1870,2.27392578125,2.6396484375,2.28759765625,0.58642578125,0.85888671875,3.51025390625,0.45654296875
1871,2.228515625,2.47900390625,2.40576171875,0.54541015625,0.712890625,3.58642578125,0.43408203125
1872,2.46875,2.51611328125,2.3857421875,0.53759765625,0.5107421875,3.28271484375,0.306640625
1873,2.537109375,2.396484375,2.40673828125,0.63232421875,0.48681640625,3.2568359375,0.20751953125000006
1874,2.560546875,2.5595703125,2.3544921875,0.5185546875,0.34619140625,3.52099609375,0.33349609375
1875,2.62353515625,2.45458984375,2.44921875,0.61474609375,0.29736328125,3.57763671875,0.24169921875
1876,2.4169921875,2.4267578125,2.5,0.15722656250000003,0.5625,3.38037109375,0.51806640625
1877,2.455078125,2.30517578125,2.5087890625,0.26416015625,0.4306640625,3.478515625,0.42041015625
1878,2.46044921875,2.49365234375,2.27587890625,0.36279296875,0.4580078125,3.376953125,0.7744140625
1879,2.458984375,2.3095703125,2.29248046875,0.36181640625,0.408203125,3.3916015625,0.6689453125
1880,2.68798828125,2.43359375,2.3173828125,0.63037109375,0.6943359375,3.11181640625,0.3544921875
1881,2.87890625,2.27197265625,2.36474609375,0.73876953125,0.5517578125,3.18994140625,0.35400390625
1882,2.3466796875,2.27001953125,2.50927734375,0.61572265625,0.69970703125,3.23291015625,0.5673828125
1883,2.40087890625,2.19970703125,2.58740234375,0.546875,0.4833984375,3.318359375,0.33154296875
1884,2.44140625,2.48291015625,2.27783203125,0.57861328125,0.42871093750000006,3.44189453125,0.65234375
1885,2.443359375,2.33447265625,2.3427734375,0.5771484375,0.4462890625,3.45361328125,0.5927734375
1886,2.67626953125,2.384765625,2.4755859375,0.60400390625,0.73779296875,3.2568359375,0.31298828125
1887,2.609375,2.41455078125,2.4892578125,0.6962890625,0.517578125,3.27880859375,0.28076171875
1888,2.61279296875,2.3544921875,2.40869140625,0.34228515625,0.44775390625,3.22216796875,0.79833984375
1889,2.55810546875,2.28369140625,2.40087890625,0.41015625,0.4169921875,3.25830078125,0.68017578125
1890,2.4287109375,2.45751953125,2.34716796875,0.4541015625,0.79736328125,3.419921875,0.65478515625
1891,2.392578125,2.29541015625,2.4541015625,0.54638671875,0.845703125,3.44873046875,0.544921875
1892,2.2646484375,2.52294921875,2.4052734375,0.4853515625,0.6640625,3.34033203125,0.509765625
1893,2.3173828125,2.5302734375,2.4638671875,0.56982421875,0.5390625,3.388671875,0.34619140625
1894,2.5615234375,2.361328125,2.39208984375,0.7705078125,0.365234375,3.31640625,0.80615234375
1895,2.5458984375,2.2705078125,2.38330078125,0.7822265625,0.28173828125,3.42919921875,0.6572265625
1896,2.72802734375,2.595703125,2.47802734375,0.4609375,0.439453125,3.3125,0.63232421875
1897,2.7548828125,2.51123046875,2.5185546875,0.60205078125,0.37451171875,3.29541015625,0.48486328125
1898,2.5224609375,2.49169921875,2.36474609375,0.48828125000000006,0.6484375,3.2177734375,0.3447265625
1899,2.6240234375,2.431640625,2.51904296875,0.48193359375,0.41943359375,3.263671875,0.19140625000000017
1900,2.31591796875,2.35888671875,2.29931640625,0.7529296875,0.4951171875,3.4716796875,0.68017578125
1901,2.36767578125,2.21875,2.3388671875,0.8232421875,0.4228515625,3.5419921875,0.6181640625
1902,2.47265625,2.5078125,2.30908203125,0.32568359375,0.8662109375,3.234375,0.71435546875
1903,2.482421875,2.4296875,2.42919921875,0.43505859375,0.7314453125,3.28515625,0.6328125
1904,2.544921875,2.5234375,2.2978515625,0.7509765625,0.609375,3.33056640625,0.6318359375
1905,2.5791015625,2.572265625,2.44580078125,0.70849609375,0.4638671875,3.35498046875,0.5556640625
1906,2.5771484375,2.5029296875,2.37451171875,0.328125,0.70068359375,3.232421875,0.5126953125
1907,2.65087890625,2.4873046875,2.4716796875,0.43164062500000006,0.5361328125,3.31884765625,0.41064453125
1908,2.587890625,2.3076171875,2.39892578125,0.14550781250000003,0.431640625,3.3720703125,0.86376953125
1909,2.65966796875,2.22509765625,2.36083984375,0.21386718750000003,0.4892578125,3.30615234375,0.80908203125
1910,2.28076171875,2.69091796875,2.25830078125,0.783203125,0.70361328125,3.20703125,0.2666015625
1911,2.3154296875,2.50439453125,2.3095703125,0.927734375,0.8193359375,3.2373046875,0.2998046875000001
1912,2.6796875,2.5791015625,2.54638671875,0.57421875,0.3173828125,3.361328125,0.4345703125
1913,2.68896484375,2.33544921875,2.63623046875,0.61572265625,0.2978515625,3.408203125,0.40429687500000006
1914,2.19384765625,2.400390625,2.35498046875,0.6298828125,0.8369140625,3.18505859375,0.642578125
1915,2.1875,2.27001953125,2.392578125,0.7421875,0.69287109375,3.1865234375,0.57275390625
1916,2.603515625,2.2861328125,2.39990234375,0.8271484375,0.5380859375,3.26708984375,0.748046875
1917,2.71240234375,2.24755859375,2.4248046875,0.9599609375,0.4814453125,3.3681640625,0.73876953125
1918,2.70947265625,2.61376953125,2.322265625,0.51220703125,0.5556640625,3.11328125,0.572265625
1919,2.80517578125,2.5283203125,2.46337890625,0.5498046875,0.40771484375,3.1171875,0.453125
1920,2.86474609375,2.69873046875,2.38720703125,0.48291015625,0.53759765625,3.23046875,0.62353515625
1921,2.7578125,2.59033203125,2.42138671875,0.5986328125,0.4921875,3.30810546875,0.6259765625
1922,2.5966796875,2.85205078125,2.4228515625,0.59814453125,0.56298828125,3.16650390625,0.94384765625
1923,2.56982421875,2.55517578125,2.49755859375,0.83935546875,0.509765625,3.17333984375,0.80712890625
1924,2.1962890625,2.63330078125,2.36328125,0.52685546875,0.90380859375,3.1025390625,0.47509765625
1925,2.1181640625,2.48974609375,2.43896484375,0.578125,0.66552734375,3.08935546875,0.37646484375000006
1926,2.583984375,2.38671875,2.41796875,0.607421875,0.9267578125,3.28662109375,0.615234375
1927,2.69140625,2.2861328125,2.3125,0.54150390625,0.7119140625,3.2421875,0.51708984375
1928,2.55029296875,2.50390625,2.29541015625,0.41162109375,0.30615234375,3.32861328125,0.63916015625
1929,2.61279296875,2.46630859375,2.3203125,0.42236328125,0.32470703125,3.37060546875,0.51318359375
1930,2.53125,2.3291015625,2.25927734375,0.6015625,0.638671875,3.52197265625,0.63232421875
1931,2.4248046875,2.2626953125,2.31005859375,0.61376953125,0.53173828125,3.58349609375,0.609375
1932,2.6259765625,2.41357421875,2.47705078125,0.546875,0.76611328125,3.2001953125,0.15917968750000006
1933,2.78271484375,2.212890625,2.5107421875,0.55712890625,0.740234375,3.25,0.13671875000000003
1934,2.5654296875,2.67041015625,2.36376953125,0.80419921875,0.5703125,3.20703125,0.81689453125
1935,2.5810546875,2.48193359375,2.45654296875,0.638671875,0.42724609375,3.20166015625,0.70751953125
1936,2.6240234375,2.50146484375,2.263671875,0.736328125,0.53271484375,3.40380859375,0.6162109375
1937,2.7548828125,2.35009765625,2.36572265625,0.68115234375,0.4228515625,3.51318359375,0.62060546875
1938,2.31005859375,2.62060546875,2.2646484375,0.81640625,0.86181640625,3.3759765625,0.5693359375
1939,2.34423828125,2.482421875,2.2900390625,0.87890625,0.6103515625,3.3505859375,0.66796875
1940,2.7666015625,2.75830078125,2.31787109375,0.8427734375,0.31689453125,3.44384765625,0.6416015625
1941,2.8466796875,2.52294921875,2.37353515625,0.9638671875,0.3544921875,3.56494140625,0.55126953125
1942,2.43310546875,2.60400390625,2.2509765625,0.54443359375,0.7158203125,3.05712890625,0.53857421875
1943,2.4287109375,2.6025390625,2.32275390625,0.5556640625,0.49511718750000006,3.13232421875,0.57275390625
1944,2.697265625,2.37548828125,2.2841796875,0.7666015625,0.55078125,3.22607421875,0.537109375
1945,2.76123046875,2.30810546875,2.39990234375,0.841796875,0.42822265625,3.22265625,0.3896484375
1946,2.33447265625,2.10400390625,2.46044921875,0.53271484375,0.9296875,3.45556640625,0.5087890625
1947,2.2939453125,2.06396484375,2.51025390625,0.71875,0.81494140625,3.4970703125,0.31982421875
1948,2.31982421875,2.39306640625,2.5068359375,0.63037109375,0.39697265625,3.27294921875,0.5263671875
1949,2.4375,2.3994140625,2.59130859375,0.8408203125,0.2666015625,3.2314453125,0.43603515625
1950,2.1884765625,2.40087890625,2.3017578125,0.95849609375,0.6962890625,3.09765625,0.8037109375
1951,2.19140625,2.3125,2.32666015625,1.09228515625,0.46484375,3.15673828125,0.734375
1952,2.212890625,2.640625,2.36767578125,0.36328125,0.49609375,3.41064453125,0.60986328125
1953,2.20361328125,2.52294921875,2.40380859375,0.5234375,0.44580078125,3.5009765625,0.56787109375
1954,2.318359375,2.4267578125,2.5078125,0.654296875,0.70947265625,3.41357421875,0.36767578125
1955,2.3466796875,2.14013671875,2.52001953125,0.78466796875,0.787109375,3.4326171875,0.2226562500000001
1956,2.3232421875,2.392578125,2.3564453125,0.734375,0.697265625,3.10595703125,0.42724609375
1957,2.3349609375,2.33984375,2.3984375,0.76123046875,0.5126953125,3.201171875,0.42578125
1958,2.41796875,2.50537109375,2.38916015625,0.64794921875,0.54443359375,3.39697265625,0.5078125
1959,2.3486328125,2.47802734375,2.43994140625,0.681640625,0.45654296875,3.33349609375,0.40478515625
1960,2.587890625,2.6953125,2.36572265625,0.56591796875,0.74169921875,3.13671875,0.14843750000000003
1961,2.560546875,2.609375,2.44287109375,0.5263671875,0.60888671875,3.14794921875,0.15234375000000006
1962,2.333984375,2.51611328125,2.29638671875,0.31884765625,0.60009765625,3.19091796875,0.68603515625
1963,2.50927734375,2.484375,2.33056640625,0.46044921875,0.609375,3.20458984375,0.47265625
1964,2.5478515625,2.21484375,2.3056640625,0.939453125,0.2060546875,3.36669921875,0.34423828125000006
1965,2.50634765625,2.01171875,2.33251953125,0.9765625,0.10986328125000006,3.4912109375,0.21044921875
1966,2.46142578125,2.48779296875,2.396484375,0.7275390625,0.640625,2.970703125,0.71044921875
1967,2.458984375,2.2802734375,2.4462890625,0.6728515625,0.60009765625,3.05322265625,0.48046875
1968,2.37744140625,2.45068359375,2.3359375,0.31640625,0.6201171875,3.23583984375,0.25732421875
1969,2.40771484375,2.2958984375,2.3125,0.3671875,0.6455078125,3.27978515625,0.29931640625
1970,2.4609375,2.53173828125,2.44677734375,0.36865234375,0.61181640625,3.2763671875,0.55712890625
1971,2.517578125,2.62255859375,2.4111328125,0.43505859375,0.6005859375,3.25146484375,0.53857421875
1972,2.5595703125,2.525390625,2.3984375,0.822265625,0.416015625,3.27783203125,0.6171875
1973,2.66259765625,2.3779296875,2.466796875,0.916015625,0.232421875,3.39453125,0.513671875
1974,2.37451171875,2.52001953125,2.3564453125,0.35400390625000006,0.15869140625000006,3.23974609375,0.5986328125
1975,2.52685546875,2.43896484375,2.42919921875,0.29541015625,0.16894531250000003,3.20166015625,0.58056640625
1976,2.3447265625,2.29345703125,2.3583984375,0.734375,0.70361328125,3.56494140625,0.67138671875
1977,2.33984375,2.27880859375,2.35009765625,0.84423828125,0.5439453125,3.509765625,0.51416015625
1978,2.31103515625,2.4423828125,2.314453125,0.15039062500000003,0.66259765625,3.10595703125,0.42382812500000006
1979,2.2998046875,2.38232421875,2.34912109375,0.22705078125000003,0.53515625,3.21923828125,0.388671875
1980,2.64990234375,2.21826171875,2.46923828125,0.572265625,0.56396484375,3.0234375,0.08935546875000007
1981,2.6220703125,2.06005859375,2.4765625,0.767578125,0.509765625,3.10107421875,0.1787109375
1982,2.48779296875,2.27392578125,2.3408203125,0.5263671875,0.3154296875,3.4296875,0.61767578125
1983,2.51220703125,2.12841796875,2.41455078125,0.5283203125,0.35205078125,3.52685546875,0.6552734375
1984,2.78564453125,2.595703125,2.43505859375,0.64990234375,0.17675781250000006,3.38916015625,0.611328125
1985,2.85986328125,2.556640625,2.4248046875,0.740234375,0.10449218750000006,3.486328125,0.56005859375
1986,2.36962890625,2.59326171875,2.35107421875,0.5048828125,0.48583984375,3.2109375,0.33349609375
1987,2.34521484375,2.6279296875,2.39794921875,0.51416015625,0.47265625,3.2314453125,0.2177734375
1988,2.251953125,2.3994140625,2.31298828125,0.5576171875,0.44287109375,3.15478515625,0.5810546875
1989,2.275390625,2.46826171875,2.3349609375,0.49658203125,0.38037109375000006,3.2001953125,0.51708984375
1990,2.59130859375,2.51953125,2.49267578125,0.44433593750000006,0.77685546875,3.30712890625,0.353515625
1991,2.6630859375,2.416015625,2.56591796875,0.5234375,0.7646484375,3.40771484375,0.224609375
1992,2.55078125,2.31884765625,2.50732421875,0.52978515625,0.599609375,3.33544921875,0.4248046875
1993,2.52001953125,2.1474609375,2.46484375,0.65625,0.6904296875,3.396484375,0.3896484375
1994,2.56591796875,2.58154296875,2.48193359375,0.64111328125,0.75830078125,3.22509765625,0.81591796875
1995,2.48974609375,2.3037109375,2.50390625,0.6943359375,0.7578125,3.16845703125,0.6572265625
1996,2.24267578125,2.87353515625,2.38623046875,0.60009765625,0.51123046875,3.296875,0.6337890625
1997,2.31591796875,2.70654296875,2.51123046875,0.7060546875,0.42236328125,3.3544921875,0.51318359375
1998,2.3642578125,2.4453125,2.47802734375,0.67919921875,0.30712890625,3.408203125,0.68212890625
1999,2.390625,2.3251953125,2.439453125,0.7041015625,0.25439453125,3.494140625,0.55078125
2000,2.30810546875,2.5556640625,2.4599609375,0.51025390625,0.3544921875,3.09619140625,0.69384765625
2001,2.33642578125,2.4267578125,2.43798828125,0.60595703125,0.27734375,3.20556640625,0.53369140625
2002,2.384765625,2.3095703125,2.48095703125,0.4853515625,0.71826171875,3.33740234375,0.12207031250000004
2003,2.37939453125,2.177734375,2.498046875,0.57958984375,0.53662109375,3.46923828125,0.1552734375
2004,2.5380859375,2.5205078125,2.47412109375,0.2939453125,0.63671875,3.275390625,0.43408203125
2005,2.517578125,2.36083984375,2.5625,0.4111328125,0.60986328125,3.3427734375,0.4375
2006,2.30126953125,2.40087890625,2.447265625,0.68994140625,0.564453125,3.17822265625,0.53173828125
2007,2.36865234375,2.40234375,2.4404296875,0.63134765625,0.42626953125,3.169921875,0.45556640625
2008,2.67236328125,2.4365234375,2.40869140625,0.50048828125,0.3349609375,3.173828125,0.69775390625
2009,2.689453125,2.52197265625,2.478515625,0.591796875,0.326171875,3.20166015625,0.52783203125
2010,2.3056640625,2.56005859375,2.369140625,0.61865234375,0.5380859375,3.46533203125,0.6552734375
2011,2.35107421875,2.5419921875,2.3798828125,0.58984375,0.43896484375,3.52587890625,0.53759765625
2012,2.55126953125,2.39306640625,2.31298828125,0.16943359375000003,0.8818359375,3.2197265625,0.72412109375
2013,2.55224609375,2.30126953125,2.42822265625,0.16113281250000003,0.74072265625,3.3154296875,0.82177734375
2014,2.56494140625,2.3447265625,2.5693359375,0.80078125,0.27880859375,3.23291015625,0.18945312500000006
2015,2.66259765625,2.21826171875,2.52099609375,0.92431640625,0.294921875,3.27294921875,0.12304687500000003
2016,2.33447265625,2.2353515625,2.4912109375,0.6748046875,0.7197265625,3.19677734375,0.490234375
2017,2.3798828125,2.0859375,2.486328125,0.7919921875,0.798828125,3.35205078125,0.400390625
2018,2.47216796875,2.3271484375,2.28369140625,0.60302734375,0.65625,3.3095703125,0.51416015625
2019,2.4775390625,2.3349609375,2.28173828125,0.673828125,0.56494140625,3.4384765625,0.40771484375
2020,2.6474609375,2.53173828125,2.37353515625,0.36621093750000006,0.6689453125,3.2109375,0.31591796875
2021,2.73828125,2.47021484375,2.48046875,0.35302734375,0.482421875,3.37890625,0.2333984375
2022,2.59619140625,2.544921875,2.4296875,0.8193359375,0.7158203125,3.29150390625,0.47119140625
2023,2.63134765625,2.376953125,2.427734375,0.8515625,0.4716796875,3.3779296875,0.43310546875
2024,2.46044921875,2.57763671875,2.18798828125,0.7509765625,0.43701171875,3.3720703125,0.58447265625
2025,2.6162109375,2.49658203125,2.2236328125,0.92626953125,0.5185546875,3.359375,0.65380859375
2026,2.51904296875,2.474609375,2.45556640625,0.6708984375,0.51953125,3.60302734375,0.46240234375
2027,2.59521484375,2.38671875,2.4736328125,0.6728515625,0.36767578125,3.57568359375,0.40478515625
2028,2.65966796875,2.7216796875,2.3671875,0.9130859375,0.76416015625,3.109375,0.47412109375
2029,2.720703125,2.6435546875,2.404296875,1.06298828125,0.77099609375,3.17041015625,0.36572265625000006
2030,2.3671875,2.4072265625,2.25390625,0.66015625,0.62255859375,3.06201171875,0.5400390625
2031,2.43505859375,2.3125,2.32373046875,0.7041015625,0.5908203125,3.1494140625,0.4814453125
2032,2.1787109375,2.65771484375,2.208984375,0.56640625,0.90625,2.94775390625,0.48828125
2033,2.16455078125,2.54833984375,2.2705078125,0.63671875,0.74951171875,3.1044921875,0.39453125
2034,2.5,2.5185546875,2.466796875,0.36865234375,0.55126953125,3.1728515625,0.4306640625
2035,2.580078125,2.53662109375,2.45703125,0.568359375,0.38427734375,3.23291015625,0.43359375
2036,2.59716796875,2.58154296875,2.40087890625,0.71533203125,0.64404296875,3.4130859375,0.45849609375
2037,2.603515625,2.39208984375,2.4697265625,0.73193359375,0.63525390625,3.3984375,0.40869140625
2038,2.45068359375,2.32421875,2.37255859375,0.486328125,0.69580078125,3.39794921875,0.3408203125
2039,2.548828125,2.12939453125,2.3408203125,0.60986328125,0.56103515625,3.361328125,0.3154296875
2040,2.4814453125,2.607421875,2.31005859375,0.47021484375,0.68701171875,3.12060546875,0.49755859375
2041,2.60498046875,2.4267578125,2.3681640625,0.4296875,0.46728515625,3.14453125,0.39501953125
2042,2.876953125,2.32373046875,2.3681640625,0.34619140625,0.5029296875,3.41015625,0.3828125
2043,2.74267578125,2.263671875,2.38671875,0.35888671875,0.4677734375,3.392578125,0.26171875
2044,2.55029296875,2.4638671875,2.39599609375,0.72509765625,0.5908203125,3.2705078125,0.431640625
2045,2.60302734375,2.3515625,2.43994140625,0.9375,0.46533203125,3.3564453125,0.447265625
2046,2.50732421875,2.60986328125,2.2138671875,0.57373046875,0.341796875,3.47509765625,0.43310546875000006
2047,2.44287109375,2.6064453125,2.32470703125,0.76318359375,0.322265625,3.4189453125,0.44384765625
2048,2.4384765625,2.4482421875,2.43994140625,0.5048828125,0.67236328125,3.06884765625,0.44189453125
2049,2.470703125,2.31494140625,2.41162109375,0.60400390625,0.55126953125,3.12939453125,0.44287109375
2050,2.705078125,2.470703125,2.46484375,0.73583984375,0.54736328125,3.0869140625,0.67138671875
2051,2.74072265625,2.3466796875,2.52392578125,0.71533203125,0.49072265625,3.14306640625,0.52587890625
2052,2.4296875,2.63916015625,2.45361328125,0.529296875,0.36328125,3.3779296875,0.65283203125
2053,2.44921875,2.42333984375,2.458984375,0.55322265625,0.3583984375,3.37255859375,0.5283203125
2054,2.63427734375,2.39453125,2.36669921875,0.796875,0.4990234375,3.326171875,0.70751953125
2055,2.64501953125,2.337890625,2.44873046875,0.9443359375,0.4345703125,3.42724609375,0.64453125
2056,2.3779296875,2.396484375,2.3212890625,0.87060546875,0.77685546875,3.326171875,0.6123046875
2057,2.38232421875,2.22265625,2.37646484375,0.83935546875,0.69140625,3.3515625,0.59912109375
2058,2.3291015625,2.51220703125,2.42919921875,0.63525390625,0.455078125,3.3828125,0.76025390625
2059,2.30419921875,2.41943359375,2.4736328125,0.5419921875,0.51025390625,3.38330078125,0.6376953125
2060,2.52392578125,2.54150390625,2.50048828125,0.6005859375,0.61669921875,3.37939453125,0.32373046875
2061,2.58349609375,2.4384765625,2.44384765625,0.68994140625,0.53369140625,3.40478515625,0.26953125
2062,2.4228515625,2.61279296875,2.421875,0.45947265625,0.498046875,3.45361328125,0.4560546875
2063,2.4375,2.53076171875,2.49755859375,0.5400390625,0.43115234375,3.55078125,0.4140625
2064,2.69775390625,2.26123046875,2.37109375,0.87109375,0.546875,3.2314453125,0.451171875
2065,2.73974609375,2.25732421875,2.46142578125,1.072265625,0.4697265625,3.3828125,0.33154296875
2066,2.578125,2.6103515625,2.314453125,0.6748046875,0.712890625,3.32861328125,0.4951171875
2067,2.54931640625,2.41162109375,2.404296875,0.7900390625,0.53173828125,3.37939453125,0.42236328125
2068,2.71337890625,2.63818359375,2.44091796875,0.13281250000000003,0.70849609375,3.2763671875,0.50341796875
2069,2.72607421875,2.49609375,2.3798828125,0.21972656250000003,0.7333984375,3.4638671875,0.44677734375
2070,2.44873046875,2.61669921875,2.36279296875,0.87109375,0.49072265625,3.06787109375,0.4970703125
2071,2.4814453125,2.5654296875,2.5224609375,1.06689453125,0.52197265625,3.1796875,0.41552734375
2072,2.58740234375,2.396484375,2.32666015625,0.6220703125,0.6669921875,3.56494140625,0.32177734375
2073,2.55712890625,2.32080078125,2.44970703125,0.7421875,0.6220703125,3.548828125,0.3193359375
2074,2.66943359375,2.27685546875,2.40673828125,0.4912109375,0.55126953125,3.0927734375,0.619140625
2075,2.69921875,2.236328125,2.4453125,0.513671875,0.3515625000000001,3.31982421875,0.64794921875
2076,2.5859375,2.333984375,2.53466796875,0.654296875,0.6669921875,3.2685546875,0.77978515625
2077,2.701171875,2.291015625,2.55517578125,0.8095703125,0.46435546875,3.3466796875,0.72412109375
2078,2.74560546875,2.6943359375,2.4423828125,0.54443359375,0.6103515625,3.3037109375,0.48681640625
2079,2.6669921875,2.634765625,2.42919921875,0.484375,0.60986328125,3.2880859375,0.3779296875
2080,2.40771484375,2.55029296875,2.470703125,0.13085937500000003,0.8955078125,3.01611328125,0.4443359375
2081,2.388671875,2.44482421875,2.4951171875,0.21191406250000003,0.8681640625,3.115234375,0.42871093750000006
2082,2.568359375,2.375,2.25927734375,0.4541015625,0.47509765625,3.1923828125,0.54443359375
2083,2.5322265625,2.28369140625,2.31787109375,0.48193359375,0.4140625,3.3984375,0.5478515625
2084,2.4423828125,2.3662109375,2.18994140625,0.66748046875,0.19091796875000003,3.2314453125,0.5810546875
2085,2.38671875,2.26220703125,2.24462890625,0.77978515625,0.1142578125,3.23095703125,0.560546875
2086,2.671875,2.64208984375,2.41455078125,0.6591796875,0.47705078125,3.3251953125,0.63818359375
2087,2.5986328125,2.50244140625,2.43603515625,0.861328125,0.47314453125,3.404296875,0.5927734375
2088,2.3388671875,2.63525390625,2.3388671875,0.29785156250000006,0.73388671875,3.31640625,0.6845703125
2089,2.5390625,2.49267578125,2.43310546875,0.375,0.66064453125,3.39892578125,0.5830078125
2090,2.59375,2.447265625,2.43212890625,0.83447265625,0.4013671875,3.24462890625,0.4306640625
2091,2.716796875,2.34228515625,2.4541015625,0.89697265625,0.2294921875,3.36669921875,0.4365234375
2092,2.26220703125,2.4541015625,2.25634765625,0.908203125,0.5458984375,3.24267578125,0.7568359375
2093,2.41796875,2.45556640625,2.3193359375,0.9169921875,0.4443359375,3.36572265625,0.64501953125
2094,2.45751953125,2.43896484375,2.40087890625,0.4169921875,0.48876953125,3.3125,0.158203125
2095,2.47607421875,2.177734375,2.4482421875,0.43505859375,0.548828125,3.40478515625,0.1845703125
2096,2.30029296875,2.6845703125,2.41357421875,0.7392578125,0.7001953125,3.330078125,0.56640625
2097,2.3359375,2.51318359375,2.4033203125,0.87939453125,0.88671875,3.361328125,0.56201171875
2098,2.30078125,2.41796875,2.39453125,0.63134765625,0.521484375,3.18359375,0.27734375
2099,2.39892578125,2.25341796875,2.40234375,0.6396484375,0.47412109375,3.21826171875,0.20410156250000003
2100,2.57275390625,2.4228515625,2.322265625,0.556640625,0.572265625,3.3310546875,0.28271484375
2101,2.5361328125,2.39404296875,2.31787109375,0.69677734375,0.361328125,3.35498046875,0.2705078125
2102,2.58251953125,2.43017578125,2.39453125,0.3525390625,0.60107421875,3.2841796875,0.4599609375
2103,2.69775390625,2.181640625,2.353515625,0.31494140625,0.6337890625,3.32421875,0.3857421875
2104,2.51220703125,2.44091796875,2.36767578125,0.669921875,1.07470703125,3.07275390625,0.6806640625
2105,2.48876953125,2.46923828125,2.419921875,0.76025390625,0.76708984375,3.14306640625,0.53076171875
2106,2.67041015625,2.41455078125,2.40673828125,0.6328125,0.5322265625,3.423828125,0.61181640625
2107,2.7958984375,2.32470703125,2.51318359375,0.57958984375,0.4443359375,3.4462890625,0.5732421875
2108,2.5126953125,2.4326171875,2.47900390625,0.72705078125,0.6875,3.205078125,0.48095703125
2109,2.5302734375,2.39111328125,2.4404296875,0.85400390625,0.60498046875,3.1826171875,0.4228515625
2110,2.583984375,2.5908203125,2.3916015625,0.64111328125,0.28857421875,3.1064453125,0.60205078125
2111,2.83642578125,2.36962890625,2.45166015625,0.63232421875,0.3212890625,3.138671875,0.546875
2112,2.67578125,2.63134765625,2.39306640625,0.38525390625,0.4697265625,3.41357421875,0.66943359375
2113,2.62158203125,2.41259765625,2.484375,0.4208984375,0.40820312500000006,3.58349609375,0.52783203125
2114,2.6201171875,2.42529296875,2.16943359375,0.76953125,0.83251953125,3.3486328125,0.67236328125
2115,2.7109375,2.41064453125,2.2255859375,0.85595703125,0.72900390625,3.33544921875,0.47998046875
2116,2.3232421875,2.357421875,2.2548828125,0.48486328125,0.32373046875,3.23583984375,0.3876953125
2117,2.326171875,2.328125,2.33544921875,0.57763671875,0.2949218750000001,3.310546875,0.46142578125
2118,2.44140625,2.30126953125,2.33740234375,0.294921875,0.32080078125,3.072265625,0.48291015625
2119,2.43017578125,2.2861328125,2.37158203125,0.4638671875,0.33837890625,3.13623046875,0.41113281250000006
2120,2.71240234375,2.74951171875,2.51953125,0.50634765625,0.9169921875,3.2236328125,0.537109375
2121,2.76318359375,2.67138671875,2.509765625,0.55712890625,0.86474609375,3.34130859375,0.4140625
2122,2.4375,2.2353515625,2.45263671875,0.55615234375,0.5478515625,3.3828125,0.7412109375
2123,2.5166015625,2.0986328125,2.5087890625,0.76708984375,0.4384765625,3.4443359375,0.72802734375
2124,2.50244140625,2.59619140625,2.27978515625,0.4404296875,0.5634765625,3.22314453125,0.32421875
2125,2.60302734375,2.39208984375,2.3212890625,0.416015625,0.60888671875,3.28662109375,0.2387695312500001
2126,2.623046875,2.5126953125,2.22509765625,0.51953125,0.49951171875,3.33154296875,0.57373046875
2127,2.56103515625,2.49365234375,2.28564453125,0.6181640625,0.41650390625,3.27685546875,0.6171875
2128,2.45361328125,2.6123046875,2.390625,0.55810546875,0.47216796875,3.10205078125,0.60888671875
2129,2.37744140625,2.431640625,2.57958984375,0.70458984375,0.39208984375,3.18896484375,0.6357421875
2130,2.6611328125,2.43115234375,2.41259765625,0.44580078125,0.79052734375,3.416015625,0.74609375
2131,2.638671875,2.42919921875,2.4609375,0.55517578125,0.69921875,3.57958984375,0.78125
2132,2.70458984375,2.5009765625,2.32568359375,0.67236328125,0.5791015625,3.1083984375,0.48095703125
2133,2.7314453125,2.3857421875,2.3134765625,0.59619140625,0.38720703125,3.14599609375,0.39697265625
2134,2.763671875,2.3056640625,2.3251953125,0.3779296875,0.4794921875,3.26611328125,0.47607421875
2135,2.71826171875,2.25732421875,2.3779296875,0.33447265625000006,0.4580078125,3.38623046875,0.4521484375
2136,2.2353515625,2.72705078125,2.3271484375,0.4892578125,0.29150390625000006,3.14794921875,0.59521484375
2137,2.19189453125,2.666015625,2.4228515625,0.6123046875,0.2998046875,3.22607421875,0.576171875
2138,2.19873046875,2.6201171875,2.2744140625,0.8798828125,0.6083984375,3.19287109375,0.6728515625
2139,2.255859375,2.54052734375,2.3154296875,0.90869140625,0.625,3.24755859375,0.52685546875
2140,2.287109375,2.234375,2.35986328125,0.6240234375,0.31201171875,3.2880859375,0.58984375
2141,2.34130859375,2.119140625,2.38427734375,0.63818359375,0.15820312500000006,3.36865234375,0.5341796875
2142,2.490234375,2.40087890625,2.373046875,0.3310546875,0.7294921875,3.18603515625,0.61767578125
2143,2.513671875,2.3701171875,2.36328125,0.3837890625,0.68212890625,3.1845703125,0.60888671875
2144,2.7099609375,2.421875,2.26171875,0.42822265625000006,0.5244140625,3.4033203125,0.5615234375
2145,2.77685546875,2.41796875,2.36279296875,0.5654296875,0.4287109375,3.37353515625,0.54052734375
2146,2.65576171875,2.42138671875,2.47900390625,0.60791015625,0.3203125,3.40380859375,0.67041015625
2147,2.65380859375,2.29052734375,2.548828125,0.7685546875,0.31591796875,3.48291015625,0.52490234375
2148,2.7763671875,2.67578125,2.28369140625,0.58447265625,0.8037109375,3.0830078125,0.9208984375
2149,2.638671875,2.62548828125,2.34765625,0.724609375,0.70654296875,3.11767578125,0.75830078125
2150,2.50732421875,2.3857421875,2.29052734375,0.57568359375,0.35205078125,3.26953125,0.591796875
2151,2.63916015625,2.3740234375,2.33984375,0.490234375,0.28369140625,3.361328125,0.52685546875
2152,2.431640625,2.50048828125,2.44921875,0.33740234375,0.56298828125,3.24658203125,0.14453125000000006
2153,2.47314453125,2.46240234375,2.4873046875,0.38671875,0.4453125,3.248046875,0.10498046875000007
2154,2.51904296875,2.3515625,2.33251953125,0.919921875,0.4609375,3.06298828125,0.46337890625
2155,2.62353515625,2.14208984375,2.4306640625,1.0224609375,0.39208984375,3.07666015625,0.404296875
2156,2.30419921875,2.47998046875,2.28955078125,0.62451171875,0.5849609375,3.38916015625,0.39892578125
2157,2.3720703125,2.4794921875,2.29052734375,0.72705078125,0.61572265625,3.4208984375,0.173828125
2158,2.47900390625,2.57470703125,2.431640625,0.4619140625,0.6953125,3.3544921875,0.7470703125
2159,2.58056640625,2.3408203125,2.3486328125,0.37158203125,0.591796875,3.4189453125,0.71435546875
2160,2.3388671875,2.30615234375,2.41162109375,0.49169921875,0.580078125,3.21826171875,0.59326171875
2161,2.3291015625,2.19677734375,2.3427734375,0.56787109375,0.556640625,3.24560546875,0.615234375
2162,2.33935546875,2.76171875,2.44482421875,0.59619140625,0.501953125,3.1015625,0.4423828125
2163,2.36767578125,2.6650390625,2.3486328125,0.6875,0.478515625,3.20703125,0.537109375
2164,2.80615234375,2.45166015625,2.3310546875,0.6484375,0.609375,3.2509765625,0.6923828125
2165,2.83056640625,2.330078125,2.373046875,0.72607421875,0.4248046875,3.28076171875,0.52685546875
2166,2.53955078125,2.32666015625,2.4375,0.32568359375,0.4521484375,3.416015625,0.65380859375
2167,2.56494140625,2.28173828125,2.4365234375,0.40576171875,0.42626953125,3.408203125,0.51953125
2168,2.46923828125,2.56201171875,2.3212890625,0.73974609375,0.466796875,3.2216796875,0.3349609375
2169,2.41552734375,2.6474609375,2.4033203125,0.86474609375,0.40966796875,3.26708984375,0.2407226562500001
2170,2.515625,2.23876953125,2.37646484375,0.7451171875,0.87744140625,3.2578125,0.50048828125
2171,2.494140625,2.064453125,2.4521484375,0.837890625,0.58544921875,3.31982421875,0.3671875
2172,2.814453125,2.46240234375,2.39404296875,0.66552734375,0.6865234375,3.38232421875,0.3642578125
2173,2.69873046875,2.39599609375,2.396484375,0.958984375,0.599609375,3.58642578125,0.255859375
2174,2.37548828125,2.5224609375,2.4345703125,0.541015625,0.3154296875,3.11181640625,0.67529296875
2175,2.4345703125,2.3125,2.4677734375,0.51953125,0.28466796875,3.15625,0.6953125
2176,2.57470703125,2.228515625,2.28857421875,0.2265625,0.5595703125,3.48828125,0.76171875
2177,2.60302734375,2.16552734375,2.35595703125,0.22021484375,0.55712890625,3.44091796875,0.6796875
2178,2.44482421875,2.3837890625,2.51220703125,0.6083984375,0.669921875,3.23974609375,0.64501953125
2179,2.46533203125,2.21337890625,2.4365234375,0.67431640625,0.80810546875,3.27294921875,0.45166015625
2180,2.607421875,2.22607421875,2.28173828125,0.58251953125,0.65185546875,3.11767578125,0.4443359375
2181,2.61328125,2.1298828125,2.3818359375,0.68798828125,0.529296875,3.1240234375,0.50244140625
2182,2.5283203125,2.37744140625,2.3974609375,0.52001953125,0.54931640625,3.31640625,0.50732421875
2183,2.541015625,2.3603515625,2.3623046875,0.63427734375,0.404296875,3.45703125,0.4306640625
2184,2.57666015625,2.45068359375,2.31005859375,0.6416015625,0.888671875,3.0966796875,0.48486328125
2185,2.5830078125,2.32275390625,2.30712890625,0.7587890625,0.77099609375,3.15283203125,0.31103515625
2186,2.330078125,2.6640625,2.375,0.30810546875,0.69873046875,3.3984375,0.4521484375
2187,2.25537109375,2.630859375,2.4658203125,0.3349609375,0.5859375,3.375,0.47314453125
2188,2.67236328125,2.51611328125,2.23388671875,0.353515625,0.673828125,3.39404296875,0.6552734375
2189,2.693359375,2.45947265625,2.32373046875,0.3115234375,0.5625,3.37646484375,0.4931640625
2190,2.5791015625,2.4658203125,2.31103515625,0.46533203125,0.5771484375,3.251953125,0.42333984375
2191,2.58837890625,2.341796875,2.32470703125,0.544921875,0.44140625,3.298828125,0.390625
2192,2.34619140625,2.6484375,2.337890625,0.595703125,0.35986328125,3.1181640625,0.7978515625
2193,2.33544921875,2.642578125,2.5146484375,0.552734375,0.271484375,3.21484375,0.69482421875
2194,2.49267578125,2.279296875,2.4375,0.80322265625,0.77392578125,3.39306640625,0.7421875
2195,2.53076171875,2.2841796875,2.50341796875,0.96142578125,0.7041015625,3.36572265625,0.572265625
2196,2.4931640625,2.4130859375,2.45849609375,0.658203125,0.50537109375,3.373046875,0.61962890625
2197,2.50537109375,2.33837890625,2.52490234375,0.662109375,0.43994140625,3.359375,0.52978515625
2198,2.64599609375,2.4990234375,2.4638671875,0.71435546875,0.60205078125,3.31298828125,0.75341796875
2199,2.6259765625,2.4306640625,2.4375,0.69677734375,0.53662109375,3.45751953125,0.669921875
2200,2.4580078125,2.384765625,2.3623046875,0.36572265625,0.60400390625,3.28564453125,0.56298828125
2201,2.44970703125,2.34423828125,2.44921875,0.37646484375,0.65478515625,3.36767578125,0.5390625
2202,2.513671875,2.61474609375,2.35888671875,0.568359375,0.66015625,3.3212890625,0.6533203125
2203,2.5009765625,2.412109375,2.4228515625,0.68017578125,0.51708984375,3.31396484375,0.5390625
2204,2.49462890625,2.4560546875,2.41552734375,0.79248046875,0.5986328125,3.2802734375,0.375
2205,2.384765625,2.2802734375,2.4912109375,0.8662109375,0.50927734375,3.3310546875,0.236328125
2206,2.28271484375,2.49462890625,2.3642578125,0.50732421875,0.6650390625,3.0361328125,0.28857421875
2207,2.2109375,2.54052734375,2.40869140625,0.509765625,0.5400390625,3.10400390625,0.2470703125
2208,2.462890625,2.6162109375,2.22119140625,0.5029296875,0.31640625,3.4306640625,0.4833984375
2209,2.36767578125,2.4150390625,2.31005859375,0.6044921875,0.2338867187500001,3.3701171875,0.3623046875
2210,2.4111328125,2.54833984375,2.37158203125,0.34130859375,0.60986328125,3.2041015625,0.7548828125
2211,2.4755859375,2.4150390625,2.544921875,0.3486328125,0.78759765625,3.47900390625,0.77294921875
2212,2.681640625,2.53173828125,2.19677734375,0.494140625,0.29150390625,3.28271484375,0.6884765625
2213,2.75048828125,2.50537109375,2.232421875,0.5400390625,0.3291015625,3.369140625,0.71240234375
2214,2.5732421875,2.3896484375,2.26416015625,0.578125,0.9599609375,3.31396484375,0.34130859375
2215,2.724609375,2.21826171875,2.42822265625,0.66748046875,0.734375,3.3369140625,0.24609375
2216,2.658203125,2.44384765625,2.22314453125,0.52099609375,0.8359375,3.078125,0.79248046875
2217,2.587890625,2.40087890625,2.2626953125,0.52197265625,0.7373046875,3.16943359375,0.6904296875
2218,2.3212890625,2.1591796875,2.53125,0.724609375,0.59375,3.28369140625,0.38134765625
2219,2.4384765625,2.0341796875,2.43896484375,0.6337890625,0.57275390625,3.33447265625,0.2509765625000001
2220,2.46142578125,2.458984375,2.470703125,0.5478515625,0.7001953125,3.09814453125,0.60498046875
2221,2.5361328125,2.29638671875,2.4853515625,0.58740234375,0.81640625,3.103515625,0.53955078125
2222,2.4775390625,2.49560546875,2.39892578125,0.79296875,0.7109375,3.41162109375,0.3232421875
2223,2.5146484375,2.447265625,2.52490234375,0.8125,0.533203125,3.5078125,0.2392578125
2224,2.8212890625,2.28173828125,2.40625,0.82275390625,0.517578125,3.365234375,0.7197265625
2225,2.791015625,2.169921875,2.4208984375,0.857421875,0.32568359375,3.435546875,0.6298828125
2226,2.3671875,2.34814453125,2.42724609375,0.67041015625,0.84130859375,3.10107421875,0.7705078125
2227,2.37353515625,2.36279296875,2.5478515625,0.60888671875,0.82177734375,3.07568359375,0.6708984375
2228,2.3154296875,2.42236328125,2.51611328125,0.5205078125,0.68505859375,3.2568359375,0.67578125
2229,2.3232421875,2.29052734375,2.44384765625,0.55322265625,0.45703125,3.3994140625,0.45751953125
2230,2.43603515625,2.177734375,2.39599609375,0.45556640625,0.49560546875,3.26171875,0.82861328125
2231,2.43212890625,2.078125,2.41650390625,0.44775390625,0.37646484375,3.28271484375,0.88525390625
2232,2.4677734375,2.42041015625,2.5029296875,0.5283203125,0.40283203125,3.41845703125,0.45849609375
2233,2.455078125,2.3564453125,2.46630859375,0.55419921875,0.2802734375,3.43798828125,0.3671875
2234,2.37353515625,2.3955078125,2.51220703125,0.6328125,0.29052734375,3.35009765625,0.7353515625
2235,2.48291015625,2.2783203125,2.57421875,0.8662109375,0.29638671875000006,3.2783203125,0.63232421875
2236,2.2998046875,2.4501953125,2.3115234375,0.7431640625,0.61865234375,3.138671875,0.876953125
2237,2.3056640625,2.37451171875,2.3251953125,0.7314453125,0.5830078125,3.25048828125,0.7333984375
2238,2.54443359375,2.619140625,2.4609375,0.79248046875,0.6162109375,3.42431640625,0.09570312500000004
2239,2.59521484375,2.392578125,2.490234375,0.783203125,0.6259765625,3.34814453125,0.08496093750000007
2240,2.81298828125,2.75537109375,2.43603515625,0.7021484375,0.62890625,3.2490234375,0.48486328125
2241,2.93994140625,2.54248046875,2.4560546875,0.841796875,0.4228515625,3.1962890625,0.33349609375
2242,2.55078125,2.32666015625,2.42138671875,0.50927734375,0.36962890625,3.4033203125,0.767578125
2243,2.49267578125,2.30029296875,2.47900390625,0.42529296875000006,0.3427734375,3.40869140625,0.6201171875
2244,2.4697265625,2.19482421875,2.412109375,0.18701171875000003,0.33203125,3.14404296875,0.5830078125
2245,2.55908203125,2.01318359375,2.5517578125,0.2333984375,0.29833984375,3.14306640625,0.3515625
2246,2.4521484375,2.57470703125,2.2421875,0.44091796875000006,0.43896484375,3.2333984375,0.45751953125
2247,2.4482421875,2.48779296875,2.333984375,0.56201171875,0.47607421875,3.2646484375,0.32519531250000006
2248,2.669921875,2.29150390625,2.28564453125,0.4931640625,0.6748046875,3.1455078125,0.5673828125
2249,2.623046875,2.2177734375,2.33837890625,0.54248046875,0.49462890625,3.28662109375,0.57373046875
2250,2.57568359375,2.712890625,2.34130859375,0.20800781250000003,0.4765625,3.2802734375,0.5576171875
2251,2.45458984375,2.5185546875,2.41943359375,0.18994140625000003,0.48486328125,3.37158203125,0.42529296875
2252,2.52197265625,2.52001953125,2.34375,0.7060546875,0.89404296875,3.283203125,0.40234375000000006
2253,2.52197265625,2.5234375,2.38818359375,0.69921875,0.919921875,3.28271484375,0.46728515625
2254,2.740234375,2.6171875,2.39697265625,0.30615234375,0.69775390625,3.00732421875,0.28857421875000006
2255,2.85595703125,2.51416015625,2.54150390625,0.35644531250000006,0.55029296875,3.083984375,0.2744140625
2256,2.44189453125,2.435546875,2.322265625,0.6455078125,0.31884765625,3.1806640625,0.40380859375
2257,2.39990234375,2.302734375,2.4072265625,0.6142578125,0.3505859375,3.27734375,0.404296875
2258,2.3134765625,2.5087890625,2.37890625,0.50634765625,0.5234375,3.2431640625,0.46875
2259,2.4091796875,2.47265625,2.49169921875,0.537109375,0.3662109375000001,3.25244140625,0.33056640625000006
2260,2.50634765625,2.56884765625,2.29150390625,0.6162109375,0.15625000000000006,3.41064453125,0.884765625
2261,2.55126953125,2.439453125,2.3583984375,0.69775390625,0.11816406250000006,3.39794921875,0.76318359375
2262,2.68115234375,2.31591796875,2.38330078125,0.474609375,0.64013671875,3.392578125,0.58203125
2263,2.70654296875,2.29248046875,2.44775390625,0.45068359375,0.58447265625,3.40283203125,0.51220703125
2264,2.39208984375,2.703125,2.3662109375,0.66064453125,0.505859375,3.3994140625,0.8740234375
2265,2.40966796875,2.458984375,2.46435546875,0.87109375,0.37353515625,3.39599609375,0.8544921875
2266,2.302734375,2.5029296875,2.23193359375,0.3623046875,0.470703125,3.12451171875,0.5439453125
2267,2.29736328125,2.4619140625,2.25927734375,0.4228515625,0.46435546875,3.1845703125,0.5986328125
2268,2.2021484375,2.4716796875,2.27978515625,0.74560546875,0.35009765625,3.220703125,0.509765625
2269,2.2353515625,2.22265625,2.31005859375,0.783203125,0.24707031250000003,3.24267578125,0.47802734375
2270,2.29638671875,2.3798828125,2.357421875,0.50146484375,0.34814453125,3.46630859375,0.861328125
2271,2.32080078125,2.2578125,2.400390625,0.52099609375,0.45654296875,3.52001953125,0.80615234375
2272,2.4951171875,2.2900390625,2.353515625,0.3427734375,0.634765625,3.3896484375,0.32177734375
2273,2.59326171875,2.1826171875,2.302734375,0.3173828125,0.68896484375,3.40283203125,0.25634765625
2274,2.48046875,2.357421875,2.39306640625,0.46630859375,0.357421875,3.2900390625,0.4873046875
2275,2.41845703125,2.2529296875,2.41943359375,0.44140625,0.21630859375,3.3525390625,0.40087890625
2276,2.35693359375,2.3603515625,2.44775390625,0.62939453125,0.60546875,3.220703125,0.4775390625
2277,2.4345703125,2.20263671875,2.4833984375,0.642578125,0.57568359375,3.27587890625,0.3388671875000001
2278,2.3671875,2.7646484375,2.45654296875,0.31591796875,0.31591796875,3.06982421875,0.5078125
2279,2.35693359375,2.54150390625,2.4296875,0.37109375,0.251953125,3.1083984375,0.40087890625
2280,2.77001953125,2.4052734375,2.23095703125,0.76220703125,0.568359375,3.384765625,0.17919921875000006
2281,2.76220703125,2.38037109375,2.2939453125,0.75244140625,0.5400390625,3.44873046875,0.12402343750000001
2282,2.3642578125,2.34375,2.560546875,0.52783203125,0.35791015625,3.2216796875,0.56640625
2283,2.361328125,2.12158203125,2.53271484375,0.6513671875,0.333984375,3.2109375,0.546875
2284,2.32958984375,2.611328125,2.595703125,0.43896484375,0.6357421875,3.27587890625,0.41162109375
2285,2.27197265625,2.55859375,2.5107421875,0.42724609375,0.6162109375,3.34716796875,0.48095703125
2286,2.47705078125,2.2958984375,2.3271484375,0.48095703125,0.62353515625,3.400390625,0.8779296875
2287,2.41796875,2.27734375,2.40673828125,0.53955078125,0.5869140625,3.4501953125,0.74169921875
2288,2.29931640625,2.3095703125,2.40673828125,0.646484375,0.16845703125000003,3.30517578125,0.24853515625
2289,2.33447265625,2.28955078125,2.470703125,0.76171875,0.12158203125,3.34521484375,0.22070312500000006
2290,2.65771484375,2.431640625,2.330078125,0.5380859375,0.74609375,3.1572265625,0.56982421875
2291,2.7021484375,2.24951171875,2.380859375,0.73046875,0.74365234375,3.3359375,0.513671875
2292,2.49755859375,2.54638671875,2.49072265625,0.34814453125,0.73779296875,3.20263671875,0.29443359375
2293,2.3896484375,2.36865234375,2.537109375,0.39892578125,0.6943359375,3.2412109375,0.2788085937500001
2294,2.65478515625,2.37451171875,2.39990234375,0.42041015625,0.3232421875,3.4287109375,0.40380859375
2295,2.6630859375,2.09814453125,2.40576171875,0.54736328125,0.36767578125,3.4521484375,0.40380859375
2296,2.484375,2.28515625,2.42822265625,0.44091796875000006,0.50830078125,3.412109375,0.25830078125000006
2297,2.42919921875,2.08349609375,2.46044921875,0.5283203125,0.41552734375,3.49267578125,0.26318359375000006
2298,2.4931640625,2.2607421875,2.578125,0.6728515625,0.62939453125,3.25146484375,0.71923828125
2299,2.36962890625,2.23828125,2.603515625,0.705078125,0.50927734375,3.27880859375,0.6708984375
2300,2.41455078125,2.5888671875,2.396484375,0.310546875,0.7060546875,3.33740234375,0.44580078125
2301,2.51025390625,2.42724609375,2.4482421875,0.35400390625,0.5986328125,3.37646484375,0.4169921875
2302,2.61669921875,2.76513671875,2.33251953125,0.6982421875,0.48193359375,3.5849609375,0.48828125
2303,2.65185546875,2.65478515625,2.388671875,0.85498046875,0.4267578125,3.61376953125,0.34716796875
2304,2.8564453125,2.349609375,2.4013671875,0.19091796875000003,0.330078125,3.322265625,0.4638671875
2305,2.8544921875,2.29833984375,2.423828125,0.17626953125000003,0.2568359375,3.431640625,0.37060546875000006
2306,2.58935546875,2.44287109375,2.38330078125,0.28955078125,0.16796875,3.4052734375,0.78466796875
2307,2.69140625,2.44677734375,2.447265625,0.45068359375000006,0.14648437500000003,3.3583984375,0.77587890625
2308,2.51171875,2.619140625,2.27734375,0.6025390625,0.6767578125,3.43701171875,0.67919921875
2309,2.59033203125,2.40283203125,2.33251953125,0.67431640625,0.572265625,3.40576171875,0.6708984375
2310,2.763671875,2.5478515625,2.3271484375,0.80322265625,0.14599609375000006,3.3583984375,0.701171875
2311,2.89208984375,2.43798828125,2.41357421875,0.84765625,0.10937500000000006,3.43603515625,0.60498046875
2312,2.55859375,2.33154296875,2.21826171875,0.47265625,0.77197265625,3.37646484375,0.6357421875
2313,2.68408203125,2.25732421875,2.33154296875,0.5703125,0.6962890625,3.4833984375,0.53271484375
2314,2.296875,2.5615234375,2.4189453125,0.87109375,0.62744140625,3.21875,0.3271484375
2315,2.337890625,2.45556640625,2.40087890625,1.0263671875,0.52587890625,3.28271484375,0.21435546875
2316,2.4638671875,2.31103515625,2.5283203125,0.62939453125,0.564453125,3.41064453125,0.6376953125
2317,2.6328125,2.24462890625,2.55908203125,0.7412109375,0.57275390625,3.47607421875,0.5234375
2318,2.3046875,2.7607421875,2.47802734375,0.4501953125,0.791015625,3.1728515625,0.841796875
2319,2.34619140625,2.70361328125,2.51318359375,0.56005859375,0.60498046875,3.19140625,0.74658203125
2320,2.32373046875,2.2548828125,2.341796875,0.685546875,0.703125,3.42236328125,0.7109375
2321,2.2744140625,2.28564453125,2.40625,0.63525390625,0.69287109375,3.4326171875,0.6806640625
2322,2.32275390625,2.38916015625,2.458984375,0.5126953125,0.46728515625,3.32470703125,0.70166015625
2323,2.35595703125,2.34228515625,2.52197265625,0.6259765625,0.37890625,3.37353515625,0.46044921875
2324,2.68359375,2.44189453125,2.39990234375,0.32275390625,0.833984375,3.3349609375,0.46435546875
2325,2.6826171875,2.255859375,2.3798828125,0.376953125,0.7255859375,3.35595703125,0.39013671875
2326,2.65869140625,2.537109375,2.42822265625,0.27783203125,0.43164062500000006,3.1142578125,0.71630859375
2327,2.73193359375,2.42724609375,2.47900390625,0.4072265625,0.3876953125,3.15380859375,0.68994140625
2328,2.57080078125,2.52001953125,2.44189453125,0.8466796875,0.6474609375,3.25341796875,0.58740234375
2329,2.6513671875,2.26416015625,2.47509765625,0.75439453125,0.49755859375,3.29443359375,0.5205078125
2330,2.30810546875,2.26220703125,2.3681640625,0.55078125,0.6005859375,3.28955078125,0.14453125
2331,2.43017578125,2.24169921875,2.36669921875,0.6455078125,0.56689453125,3.29248046875,0.14501953125
2332,2.6005859375,2.2880859375,2.34814453125,0.62646484375,0.41796875,3.3955078125,0.49365234375
2333,2.5498046875,2.14111328125,2.40576171875,0.5693359375,0.451171875,3.400390625,0.3955078125
2334,2.4150390625,2.80615234375,2.36767578125,0.6708984375,0.6708984375,3.28759765625,0.7314453125
2335,2.4912109375,2.5166015625,2.32861328125,0.7900390625,0.5654296875,3.45751953125,0.62646484375
2336,2.65283203125,2.07763671875,2.2841796875,0.4384765625,0.474609375,3.27099609375,0.43652343750000006
2337,2.7158203125,2.0458984375,2.37109375,0.4853515625,0.4658203125,3.369140625,0.41162109375
2338,2.8251953125,2.57373046875,2.4228515625,0.24951171875,0.51220703125,3.1943359375,0.34863281250000006
2339,2.7919921875,2.57568359375,2.501953125,0.46484375000000006,0.42578125,3.3115234375,0.27734375
2340,2.12451171875,2.7373046875,2.28955078125,0.33349609375,0.494140625,3.265625,0.65966796875
2341,2.19921875,2.703125,2.3681640625,0.3935546875,0.38623046875,3.32080078125,0.50732421875
2342,2.4404296875,2.7216796875,2.36865234375,0.61962890625,0.58447265625,3.10693359375,0.70263671875
2343,2.43359375,2.52783203125,2.42138671875,0.70068359375,0.58837890625,3.232421875,0.64599609375
2344,2.384765625,2.40771484375,2.32763671875,0.29345703125,0.80322265625,3.31103515625,0.57470703125
2345,2.49267578125,2.34375,2.4521484375,0.453125,0.6181640625,3.50146484375,0.36181640625
2346,2.52783203125,2.3427734375,2.376953125,0.44775390625,0.60302734375,3.3466796875,0.41894531250000006
2347,2.63671875,2.2412109375,2.42431640625,0.55517578125,0.5732421875,3.54150390625,0.34326171875
2348,2.4140625,2.4765625,2.3447265625,0.35205078125,0.39990234375,3.49658203125,0.77587890625
2349,2.42236328125,2.2900390625,2.4814453125,0.47265625,0.4697265625,3.490234375,0.59521484375
2350,2.42626953125,2.392578125,2.3203125,0.25341796875,0.4794921875,3.10009765625,0.5849609375
2351,2.447265625,2.25048828125,2.45361328125,0.34814453125,0.390625,3.05078125,0.5322265625
2352,2.61474609375,2.59423828125,2.42626953125,0.794921875,0.57763671875,3.4814453125,0.5224609375
2353,2.669921875,2.50830078125,2.50732421875,0.84033203125,0.58251953125,3.4580078125,0.6484375
2354,2.28662109375,2.3681640625,2.3251953125,0.76611328125,0.33056640625,3.24560546875,0.5986328125
2355,2.3359375,2.4140625,2.43505859375,0.91943359375,0.29150390625,3.2607421875,0.54150390625
2356,2.435546875,2.21533203125,2.51220703125,0.32763671875000006,0.40380859375000006,3.259765625,0.6669921875
2357,2.48388671875,2.2158203125,2.48046875,0.29736328125,0.419921875,3.2646484375,0.5
2358,2.4384765625,2.5595703125,2.39697265625,0.71875,0.669921875,3.0849609375,0.56591796875
2359,2.484375,2.39111328125,2.375,0.81005859375,0.48046875,3.1484375,0.552734375
2360,2.48583984375,2.4990234375,2.43115234375,0.5283203125,0.591796875,3.43994140625,0.54443359375
2361,2.42626953125,2.380859375,2.53759765625,0.48583984375,0.60302734375,3.46728515625,0.58935546875
2362,2.6435546875,2.5205078125,2.2353515625,0.82568359375,0.42822265625,3.27783203125,0.14843750000000006
2363,2.6455078125,2.3798828125,2.30615234375,0.7919921875,0.4951171875,3.24853515625,0.09375
2364,2.41845703125,2.45361328125,2.3740234375,0.60546875,0.62841796875,3.16259765625,0.728515625
2365,2.44384765625,2.21923828125,2.43408203125,0.81201171875,0.4951171875,3.34912109375,0.681640625
2366,2.63525390625,2.4453125,2.41357421875,0.53173828125,0.6845703125,3.28564453125,0.49755859375
2367,2.6767578125,2.26806640625,2.513671875,0.5302734375,0.4912109375,3.34228515625,0.40283203125
2368,2.63720703125,2.54931640625,2.4599609375,0.2294921875000001,0.17626953125000003,3.10595703125,0.4873046875
2369,2.646484375,2.3212890625,2.45654296875,0.3828125,0.12255859375000003,3.28759765625,0.39697265625
2370,2.509765625,2.25341796875,2.3876953125,0.57080078125,0.6005859375,3.3681640625,0.462890625
2371,2.490234375,2.1953125,2.4140625,0.6396484375,0.53564453125,3.39404296875,0.32958984375
2372,2.51123046875,2.63134765625,2.39990234375,0.2490234375000001,0.44384765625,3.2314453125,0.59326171875
2373,2.57958984375,2.40966796875,2.45556640625,0.2783203125,0.41943359375,3.32421875,0.5810546875
2374,2.28955078125,2.236328125,2.30029296875,0.7314453125,0.49853515625,3.236328125,0.27783203125
2375,2.29541015625,2.15185546875,2.32275390625,0.84423828125,0.38232421875,3.25244140625,0.2216796875
2376,2.3876953125,2.291015625,2.3564453125,0.70166015625,0.45263671875,3.10986328125,0.564453125
2377,2.43359375,2.13330078125,2.4208984375,0.93994140625,0.453125,3.1796875,0.59716796875
2378,2.4931640625,2.384765625,2.43798828125,0.5625,0.81201171875,3.1396484375,0.61181640625
2379,2.59619140625,2.24755859375,2.4609375,0.5107421875,0.76025390625,3.2158203125,0.47998046875
2380,2.431640625,2.572265625,2.27392578125,0.41455078125,0.78662109375,3.3291015625,0.74853515625
2381,2.453125,2.2890625,2.408203125,0.58203125,0.65673828125,3.47802734375,0.705078125
2382,2.556640625,2.466796875,2.2392578125,0.42626953125,0.48681640625,3.28662109375,0.6328125
2383,2.6005859375,2.29833984375,2.34423828125,0.458984375,0.35400390625,3.33984375,0.5419921875
2384,2.4697265625,2.3173828125,2.3466796875,0.3740234375,0.73193359375,3.40869140625,0.6044921875
2385,2.439453125,2.24267578125,2.41455078125,0.44580078125,0.68603515625,3.5087890625,0.5634765625
2386,2.462890625,2.42529296875,2.37744140625,0.4931640625,0.51416015625,3.43505859375,0.4462890625
2387,2.46630859375,2.296875,2.45947265625,0.49609375,0.40771484375,3.49072265625,0.48291015625
2388,2.42919921875,2.55908203125,2.2509765625,0.19140625000000006,0.58837890625,3.35498046875,0.5146484375
2389,2.49560546875,2.5966796875,2.23291015625,0.29541015625,0.54541015625,3.412109375,0.310546875
2390,2.3642578125,2.23046875,2.32373046875,0.8369140625,0.56201171875,3.2861328125,0.7998046875
2391,2.330078125,2.09228515625,2.341796875,0.9912109375,0.43994140625,3.31494140625,0.845703125
2392,2.61279296875,2.4990234375,2.33740234375,0.59375,0.5390625,3.23291015625,0.4873046875
2393,2.6220703125,2.474609375,2.3994140625,0.634765625,0.44482421875,3.2109375,0.38525390625
2394,2.53125,2.29052734375,2.24658203125,0.4873046875,0.5341796875,3.29150390625,0.78857421875
2395,2.51123046875,2.1298828125,2.298828125,0.48828125,0.43115234375,3.29345703125,0.64013671875
2396,2.28515625,2.74560546875,2.35888671875,0.63037109375,0.83837890625,3.361328125,0.96044921875
2397,2.32177734375,2.67822265625,2.4267578125,0.79052734375,0.75830078125,3.40966796875,0.90625
2398,2.50341796875,2.44970703125,2.361328125,0.7451171875,0.36474609375,3.5478515625,0.771484375
2399,2.54833984375,2.39501953125,2.3466796875,0.89208984375,0.2822265625,3.59130859375,0.6689453125
2400,2.39990234375,2.458984375,2.40673828125,0.44238281250000006,0.5458984375,3.181640625,0.75048828125
2401,2.42724609375,2.322265625,2.43212890625,0.43994140625,0.5478515625,3.30419921875,0.6279296875
2402,2.1435546875,2.35986328125,2.27783203125,0.6318359375,0.603515625,3.42529296875,0.6533203125
2403,2.13916015625,2.17724609375,2.42333984375,0.70166015625,0.49755859375,3.43017578125,0.5087890625
2404,2.56640625,2.24462890625,2.4873046875,0.50830078125,0.75341796875,3.42529296875,0.6474609375
2405,2.587890625,2.1318359375,2.4794921875,0.68115234375,0.66845703125,3.45947265625,0.4970703125
2406,2.59765625,2.74951171875,2.38427734375,0.32958984375,0.6884765625,3.38916015625,0.64453125
2407,2.66259765625,2.7021484375,2.3994140625,0.3818359375,0.6123046875,3.5888671875,0.44189453125
2408,2.4853515625,2.47119140625,2.3681640625,0.52392578125,0.4501953125,3.21240234375,0.43554687500000006
2409,2.47412109375,2.42578125,2.3935546875,0.47021484375,0.36474609375,3.2685546875,0.400390625
2410,2.5478515625,2.09521484375,2.29541015625,0.48193359375,0.53369140625,3.4580078125,0.3271484375
2411,2.515625,2.03662109375,2.39892578125,0.5537109375,0.66796875,3.453125,0.2041015625
2412,2.52099609375,2.431640625,2.38671875,0.873046875,0.49560546875,3.38525390625,0.72021484375
2413,2.546875,2.31396484375,2.3837890625,0.97119140625,0.43310546875,3.40673828125,0.66748046875
2414,2.44091796875,2.40966796875,2.4619140625,0.689453125,0.46630859375,3.27001953125,0.61865234375
2415,2.3681640625,2.3115234375,2.458984375,0.921875,0.4873046875,3.29931640625,0.78173828125
2416,2.634765625,2.54052734375,2.265625,0.5166015625,0.685546875,3.4052734375,0.8876953125
2417,2.65087890625,2.45654296875,2.33740234375,0.69921875,0.4560546875,3.51806640625,0.666015625
2418,2.498046875,2.54150390625,2.30078125,0.302734375,0.57958984375,3.1201171875,0.84912109375
2419,2.68115234375,2.31494140625,2.40576171875,0.4150390625,0.525390625,3.19921875,0.658203125
2420,2.67138671875,2.60791015625,2.4013671875,0.837890625,0.4140625,3.2548828125,0.552734375
2421,2.7275390625,2.51220703125,2.48828125,0.958984375,0.3974609375,3.365234375,0.57080078125
2422,2.56201171875,2.533203125,2.38232421875,0.61376953125,0.451171875,3.0869140625,0.68408203125
2423,2.49169921875,2.49658203125,2.49462890625,0.68603515625,0.3403320312500001,3.12255859375,0.58544921875
2424,2.46240234375,2.521484375,2.41552734375,0.61376953125,0.85400390625,3.19677734375,0.76513671875
2425,2.47705078125,2.287109375,2.3896484375,0.72314453125,0.8544921875,3.169921875,0.60888671875
2426,2.56982421875,2.60498046875,2.34814453125,0.47314453125000006,0.5537109375,3.29736328125,0.55615234375
2427,2.46826171875,2.48974609375,2.38037109375,0.45458984375,0.34228515625,3.29150390625,0.54541015625
2428,2.3828125,2.11572265625,2.36328125,0.70703125,0.634765625,3.35498046875,0.6044921875
2429,2.45068359375,2.03173828125,2.40966796875,0.783203125,0.54150390625,3.43017578125,0.568359375
2430,2.31201171875,2.30126953125,2.43896484375,0.26953125,0.41650390625,3.466796875,0.74169921875
2431,2.3544921875,2.24462890625,2.46337890625,0.37695312500000006,0.427734375,3.4638671875,0.794921875
2432,2.509765625,2.50048828125,2.373046875,0.5087890625,0.5166015625,3.59521484375,0.64404296875
2433,2.56689453125,2.44775390625,2.46435546875,0.5966796875,0.60009765625,3.62646484375,0.72705078125
2434,2.3916015625,2.22998046875,2.23828125,0.7080078125,0.87255859375,3.42529296875,0.53662109375
2435,2.474609375,2.18212890625,2.32958984375,0.77294921875,0.66748046875,3.50341796875,0.6064453125
2436,2.66796875,2.80712890625,2.49462890625,0.607421875,0.65380859375,3.1552734375,0.65478515625
2437,2.650390625,2.515625,2.58935546875,0.61181640625,0.57470703125,3.15966796875,0.595703125
2438,2.5087890625,2.8427734375,2.41943359375,0.42333984375,0.615234375,3.251953125,0.6796875
2439,2.49755859375,2.60302734375,2.4873046875,0.39111328125,0.5615234375,3.244140625,0.6962890625
2440,2.42431640625,2.6884765625,2.4482421875,0.861328125,0.50390625,3.212890625,0.54296875
2441,2.44287109375,2.42041015625,2.44091796875,0.79296875,0.494140625,3.43212890625,0.55859375
2442,2.2998046875,2.49560546875,2.29248046875,0.70703125,0.607421875,3.05517578125,0.490234375
2443,2.29833984375,2.4208984375,2.3017578125,0.568359375,0.55419921875,3.22802734375,0.421875
2444,2.38427734375,2.35009765625,2.4560546875,0.7548828125,0.462890625,3.298828125,0.740234375
2445,2.37646484375,2.18896484375,2.478515625,0.84228515625,0.36328125,3.37646484375,0.68798828125
2446,2.62890625,2.58203125,2.19775390625,0.77490234375,0.70751953125,3.22998046875,0.47412109375
2447,2.54833984375,2.51904296875,2.2685546875,0.92919921875,0.60009765625,3.3203125,0.40478515625
2448,2.40771484375,2.3642578125,2.3017578125,0.78271484375,0.470703125,3.15234375,0.2734375
2449,2.34912109375,2.17626953125,2.28076171875,0.814453125,0.37353515625000006,3.13818359375,0.22802734375
2450,2.64990234375,2.43994140625,2.52783203125,0.4775390625,0.78515625,3.12548828125,0.63232421875
2451,2.6865234375,2.3115234375,2.599609375,0.61865234375,0.74365234375,3.2412109375,0.73193359375
2452,2.17138671875,2.72265625,2.31396484375,0.23046875,0.2636718750000001,3.14990234375,0.74560546875
2453,2.24755859375,2.4169921875,2.298828125,0.18945312500000003,0.30419921875,3.23095703125,0.68701171875
2454,2.69921875,2.609375,2.36083984375,0.17285156250000006,0.4501953125,3.30224609375,0.07763671875000007
2455,2.68896484375,2.41015625,2.4990234375,0.2294921875,0.49609375,3.31005859375,0.12695312500000006
2456,2.61962890625,2.60546875,2.25732421875,0.55029296875,0.29638671875,3.17431640625,0.66650390625
2457,2.64599609375,2.40234375,2.39501953125,0.6474609375,0.2661132812500001,3.1962890625,0.5
2458,2.7041015625,2.3740234375,2.34423828125,0.41015625000000006,0.44921875,3.37841796875,0.75537109375
2459,2.71875,2.32275390625,2.4033203125,0.509765625,0.36230468750000006,3.564453125,0.59423828125
2460,2.43798828125,2.330078125,2.19775390625,0.77587890625,0.51220703125,3.41943359375,0.27197265625
2461,2.4677734375,2.2119140625,2.2734375,0.8203125,0.40234375,3.49072265625,0.2646484375
2462,2.72705078125,2.51171875,2.328125,0.44287109375,0.47412109375,3.3603515625,0.478515625
2463,2.65576171875,2.31982421875,2.423828125,0.35205078125,0.40673828125,3.2802734375,0.40478515625
2464,2.35791015625,2.2734375,2.29736328125,0.5302734375,0.68017578125,3.30322265625,0.47900390625
2465,2.38427734375,2.236328125,2.31005859375,0.638671875,0.63720703125,3.33203125,0.37890625
2466,2.400390625,2.48828125,2.3955078125,0.68896484375,0.71484375,3.27197265625,0.447265625
2467,2.443359375,2.349609375,2.421875,0.84033203125,0.81298828125,3.41748046875,0.33837890625
2468,2.60498046875,2.1630859375,2.3037109375,0.60400390625,0.47705078125,3.04931640625,0.51318359375
2469,2.69287109375,1.9921875,2.35205078125,0.79150390625,0.35253906250000006,3.06005859375,0.52880859375
2470,2.5576171875,2.71435546875,2.48974609375,0.45703125,0.30517578125,3.3291015625,0.7392578125
2471,2.50146484375,2.44921875,2.50634765625,0.4306640625,0.236328125,3.42138671875,0.70263671875
2472,2.337890625,2.41650390625,2.36181640625,0.31201171875,0.39501953125,3.17724609375,0.7783203125
2473,2.3115234375,2.3125,2.3896484375,0.384765625,0.458984375,3.291015625,0.64794921875
2474,2.4130859375,2.3544921875,2.48291015625,0.501953125,0.78955078125,3.30224609375,0.72900390625
2475,2.4541015625,2.2001953125,2.568359375,0.494140625,0.65234375,3.29150390625,0.60107421875
2476,2.37255859375,2.431640625,2.4111328125,0.67578125,0.626953125,3.384765625,0.5966796875
2477,2.35546875,2.28857421875,2.45458984375,0.68408203125,0.38916015625,3.41943359375,0.43994140625
2478,2.49853515625,2.5078125,2.28564453125,0.263671875,0.44775390625,3.162109375,0.48876953125
2479,2.55126953125,2.2822265625,2.38134765625,0.30859375000000006,0.40087890625000006,3.18994140625,0.4091796875
2480,2.42431640625,2.32861328125,2.3544921875,0.65869140625,0.484375,3.24755859375,0.49072265625
2481,2.431640625,2.1884765625,2.39453125,0.89208984375,0.45556640625,3.31640625,0.38427734375
2482,2.515625,2.3486328125,2.30615234375,0.56201171875,0.5,3.25048828125,0.46240234375
2483,2.50537109375,2.24267578125,2.4326171875,0.7333984375,0.38330078125,3.287109375,0.46630859375
2484,2.45361328125,2.40087890625,2.32080078125,0.64208984375,0.32177734375,3.240234375,0.86767578125
2485,2.61083984375,2.255859375,2.3984375,0.58935546875,0.29833984375,3.33349609375,0.541015625
2486,2.248046875,2.43701171875,2.4208984375,0.712890625,0.83056640625,3.34375,0.4873046875
2487,2.28515625,2.28515625,2.46484375,0.6953125,0.65283203125,3.39404296875,0.34033203125
2488,2.3291015625,2.31787109375,2.333984375,0.76318359375,0.453125,3.34423828125,0.57177734375
2489,2.35107421875,2.32568359375,2.37451171875,0.822265625,0.47119140625,3.4912109375,0.50341796875
2490,2.630859375,2.45263671875,2.3896484375,0.619140625,0.5966796875,3.10498046875,0.58251953125
2491,2.6064453125,2.35205078125,2.373046875,0.6552734375,0.55908203125,3.1494140625,0.61376953125
2492,2.51025390625,2.44775390625,2.37109375,0.318359375,0.14013671875000006,2.966796875,0.5029296875
2493,2.548828125,2.2958984375,2.435546875,0.3310546875,0.11132812500000006,3.06103515625,0.39111328125
2494,2.3193359375,2.4736328125,2.43701171875,0.41064453125000006,0.74462890625,3.37548828125,0.302734375
2495,2.42822265625,2.35693359375,2.51708984375,0.54541015625,0.51708984375,3.3623046875,0.2583007812500001
2496,2.3896484375,2.6806640625,2.4677734375,0.45068359375000006,0.15283203125000006,3.3310546875,0.40966796875000006
2497,2.4912109375,2.53955078125,2.51953125,0.47998046875,0.07812500000000006,3.41943359375,0.48583984375
2498,2.74609375,2.62548828125,2.3701171875,0.60498046875,0.46533203125,3.3154296875,0.51025390625
2499,2.78271484375,2.51318359375,2.42822265625,0.67529296875,0.37109375000000006,3.45166015625,0.3837890625
2500,2.32470703125,2.32568359375,2.47265625,0.62109375,0.4248046875,3.1142578125,0.77978515625
2501,2.35888671875,2.10205078125,2.466796875,0.6943359375,0.396484375,3.228515625,0.65478515625
2502,2.333984375,2.279296875,2.3955078125,0.4765625,0.89599609375,3.20703125,0.71875
2503,2.3212890625,2.1240234375,2.37060546875,0.515625,0.8671875,3.337890625,0.63818359375
2504,2.466796875,2.32666015625,2.29931640625,0.63623046875,0.60693359375,3.0810546875,0.70458984375
2505,2.5400390625,2.21923828125,2.31298828125,0.8916015625,0.5166015625,3.11669921875,0.7001953125
2506,2.48583984375,2.34912109375,2.4267578125,0.8349609375,0.44921875,3.04638671875,0.10595703125000007
2507,2.564453125,2.21875,2.416015625,0.98828125,0.33935546875,3.14697265625,0.10253906250000006
2508,2.44091796875,2.2236328125,2.48486328125,0.4384765625,0.3486328125,3.28515625,0.78955078125
2509,2.49853515625,2.09814453125,2.46875,0.52587890625,0.21435546875,3.28759765625,0.6259765625
2510,2.361328125,2.619140625,2.52685546875,1.00048828125,0.21826171875,3.3583984375,0.48974609375
2511,2.41015625,2.48583984375,2.484375,1.0107421875,0.14794921875000003,3.4052734375,0.3544921875000001
2512,2.5009765625,2.64208984375,2.35595703125,0.66845703125,0.65234375,3.4287109375,0.337890625
2513,2.50732421875,2.45703125,2.412109375,0.78173828125,0.50634765625,3.46240234375,0.25634765625
2514,2.626953125,2.59326171875,2.42919921875,0.27587890625,0.4892578125,3.35888671875,0.45556640625
2515,2.5947265625,2.56298828125,2.51904296875,0.33154296875,0.31689453125,3.4853515625,0.3984375
2516,2.73779296875,2.3662109375,2.21044921875,0.46044921875,0.74072265625,3.4521484375,0.8994140625
2517,2.703125,2.306640625,2.27197265625,0.466796875,0.66455078125,3.56103515625,0.8740234375
2518,2.5595703125,2.32763671875,2.369140625,0.52294921875,0.64111328125,3.23583984375,0.64599609375
2519,2.67724609375,2.22119140625,2.41943359375,0.5087890625,0.630859375,3.2939453125,0.52978515625
2520,2.44189453125,2.52294921875,2.3505859375,0.13085937500000003,0.51025390625,3.4287109375,0.62109375
2521,2.4228515625,2.5751953125,2.31005859375,0.13037109375000006,0.40234375,3.47119140625,0.57666015625
2522,2.55712890625,2.61865234375,2.1962890625,0.451171875,0.4462890625,3.3544921875,0.55859375
2523,2.58740234375,2.39453125,2.26171875,0.6005859375,0.33154296875,3.38818359375,0.57470703125
2524,2.66796875,2.4365234375,2.380859375,0.42138671875,0.69091796875,3.28564453125,0.43701171875
2525,2.671875,2.2509765625,2.408203125,0.58984375,0.55859375,3.4404296875,0.3759765625
2526,2.5771484375,2.44482421875,2.51416015625,0.5263671875,0.50048828125,3.2568359375,0.44189453125
2527,2.650390625,2.25390625,2.52392578125,0.669921875,0.404296875,3.32080078125,0.5126953125
2528,2.50537109375,2.43701171875,2.2587890625,0.73486328125,0.39208984375,3.193359375,0.28271484375
2529,2.57177734375,2.26904296875,2.43505859375,0.86767578125,0.4208984375,3.20751953125,0.2729492187500001
2530,2.310546875,2.8076171875,2.31298828125,0.14550781250000003,0.4345703125,3.41064453125,0.6044921875
2531,2.3544921875,2.56689453125,2.40576171875,0.14062500000000003,0.31982421875,3.3525390625,0.4150390625
2532,2.16259765625,2.17333984375,2.302734375,0.6376953125,0.587890625,3.2587890625,0.466796875
2533,2.19287109375,2.15087890625,2.35107421875,0.57861328125,0.5595703125,3.27587890625,0.365234375
2534,2.45556640625,2.2822265625,2.27294921875,0.36083984375,0.46435546875000006,3.3134765625,0.5810546875
2535,2.451171875,2.27783203125,2.34716796875,0.51123046875,0.4228515625,3.33203125,0.47900390625
2536,2.51513671875,2.14453125,2.28076171875,0.52587890625,0.4267578125,3.55029296875,0.44482421875
2537,2.5849609375,2.12744140625,2.3662109375,0.4404296875,0.47412109375,3.6103515625,0.40869140625
2538,2.4482421875,2.18603515625,2.43896484375,0.51123046875,0.67822265625,3.39111328125,0.74365234375
2539,2.4775390625,1.99951171875,2.5146484375,0.55078125,0.6796875,3.47216796875,0.5927734375
2540,2.564453125,2.53369140625,2.314453125,0.66259765625,0.70703125,3.06494140625,0.73193359375
2541,2.5654296875,2.39111328125,2.42138671875,0.75,0.666015625,3.126953125,0.6015625
2542,2.337890625,2.2314453125,2.47314453125,0.43994140625,0.46044921875,3.1474609375,0.7216796875
2543,2.31103515625,2.25634765625,2.50146484375,0.47216796875,0.38427734375,3.22607421875,0.68701171875
2544,2.521484375,2.36279296875,2.3447265625,0.56982421875,0.45019531250000006,3.23974609375,0.3896484375
2545,2.681640625,2.18017578125,2.46826171875,0.6806640625,0.4462890625,3.34033203125,0.20361328125000003
2546,2.32763671875,2.2666015625,2.37744140625,0.62548828125,0.83544921875,3.3369140625,0.32080078125
2547,2.408203125,2.11572265625,2.4765625,0.8056640625,0.77587890625,3.49072265625,0.2421875
2548,2.33203125,2.4697265625,2.3173828125,0.6083984375,0.27783203125,3.2158203125,0.26220703125
2549,2.40478515625,2.31640625,2.3681640625,0.74072265625,0.27001953125,3.255859375,0.2485351562500001
2550,2.71337890625,2.576171875,2.421875,0.80712890625,0.5888671875,3.2607421875,0.27978515625
2551,2.6181640625,2.40478515625,2.38916015625,0.8046875,0.54736328125,3.263671875,0.2343750000000001
2552,2.59716796875,2.49267578125,2.25341796875,0.66748046875,0.64013671875,3.5146484375,0.60986328125
2553,2.71728515625,2.35498046875,2.30029296875,0.62744140625,0.5078125,3.52490234375,0.48193359375
2554,2.34423828125,2.55078125,2.41064453125,0.73193359375,0.65478515625,3.34765625,0.69921875
2555,2.4189453125,2.3642578125,2.44775390625,0.67578125,0.60205078125,3.31298828125,0.64501953125
2556,2.310546875,2.4990234375,2.29638671875,0.2177734375,0.51318359375,3.32666015625,0.56494140625
2557,2.3486328125,2.34765625,2.39453125,0.42041015625,0.38525390625,3.427734375,0.4755859375000001
2558,2.39990234375,2.42431640625,2.34423828125,0.66943359375,0.5185546875,3.30810546875,0.30908203125000006
2559,2.4130859375,2.35107421875,2.3720703125,0.76416015625,0.6123046875,3.40185546875,0.2041015625
2560,2.5078125,2.583984375,2.412109375,0.5830078125,0.732421875,3.21142578125,0.2880859375
2561,2.376953125,2.4609375,2.48876953125,0.52001953125,0.7314453125,3.30322265625,0.24902343750000003
2562,2.412109375,2.353515625,2.337890625,0.30712890625,0.65771484375,3.2197265625,0.84130859375
2563,2.36962890625,2.2880859375,2.44775390625,0.3056640625,0.564453125,3.40185546875,0.77001953125
2564,2.1123046875,2.4931640625,2.27587890625,0.94677734375,0.609375,3.21484375,0.14453125000000006
2565,2.2001953125,2.4111328125,2.33837890625,0.880859375,0.53369140625,3.28125,0.07812500000000012
2566,2.39013671875,2.337890625,2.349609375,0.46533203125,0.51611328125,3.404296875,0.43798828125000006
2567,2.46826171875,2.248046875,2.35400390625,0.53515625,0.48193359375,3.46240234375,0.42041015625
2568,2.16943359375,2.390625,2.359375,0.4365234375,0.5166015625,3.35791015625,0.431640625
2569,2.14306640625,2.25244140625,2.34619140625,0.3720703125,0.46044921875,3.34765625,0.35302734375
2570,2.43798828125,2.30810546875,2.36474609375,0.42138671875,0.45751953125,3.248046875,0.29833984375
2571,2.45263671875,2.1953125,2.3515625,0.49365234375,0.3759765625,3.29833984375,0.2734375
2572,2.2353515625,2.44287109375,2.30322265625,0.37695312500000006,0.66943359375,3.341796875,0.41113281250000006
2573,2.26953125,2.28515625,2.3466796875,0.4775390625,0.59765625,3.3193359375,0.36328125
2574,2.55712890625,2.51171875,2.4638671875,0.3896484375,0.5869140625,3.158203125,0.74609375
2575,2.521484375,2.36376953125,2.48681640625,0.4775390625,0.50341796875,3.21728515625,0.62744140625
2576,2.47509765625,2.384765625,2.28271484375,0.44677734375,0.4462890625,3.20458984375,0.41357421875
2577,2.54638671875,2.28515625,2.29541015625,0.42382812500000006,0.4326171875,3.21142578125,0.3916015625
2578,2.63134765625,2.35888671875,2.3623046875,0.64697265625,0.751953125,3.26904296875,0.51708984375
2579,2.59765625,2.17236328125,2.4697265625,0.6923828125,0.66259765625,3.267578125,0.37548828125
2580,2.1171875,2.40869140625,2.44580078125,0.36962890625000006,0.7197265625,3.4052734375,0.47216796875
2581,2.099609375,2.34619140625,2.42919921875,0.49853515625,0.6728515625,3.3720703125,0.3212890625
2582,2.44873046875,2.33935546875,2.28564453125,0.42773437500000006,0.50146484375,3.2587890625,0.4541015625
2583,2.46533203125,2.2705078125,2.42578125,0.5263671875,0.39013671875,3.27099609375,0.4462890625
2584,2.66064453125,2.63037109375,2.32421875,0.6083984375,0.7275390625,3.33154296875,0.45361328125
2585,2.60888671875,2.4853515625,2.4169921875,0.7431640625,0.66650390625,3.3037109375,0.3994140625
2586,2.521484375,2.517578125,2.39111328125,0.52197265625,0.33251953125,3.13134765625,0.62744140625
2587,2.60888671875,2.408203125,2.50048828125,0.75341796875,0.20410156250000003,3.22802734375,0.5283203125
2588,2.50732421875,2.33251953125,2.39892578125,0.59228515625,0.4375,3.25634765625,0.59619140625
2589,2.541015625,2.216796875,2.380859375,0.77392578125,0.4013671875,3.2919921875,0.52783203125
2590,2.34619140625,2.6357421875,2.35693359375,0.5537109375,0.45263671875,3.39697265625,0.5126953125
2591,2.41015625,2.4384765625,2.40869140625,0.74267578125,0.35595703125,3.40234375,0.5390625
2592,2.708984375,2.4931640625,2.29345703125,0.49365234375,0.3369140625,3.2451171875,0.6171875
2593,2.8681640625,2.4033203125,2.35546875,0.61376953125,0.23046875,3.32470703125,0.51123046875
2594,2.6123046875,2.390625,2.4208984375,0.27783203125,0.3349609375,3.19287109375,0.6240234375
2595,2.44482421875,2.35498046875,2.53125,0.24658203125,0.2431640625,3.28173828125,0.60546875
2596,2.21923828125,2.5068359375,2.505859375,0.482421875,0.609375,3.3837890625,0.2578125
2597,2.30908203125,2.42138671875,2.43798828125,0.5791015625,0.505859375,3.3359375,0.2192382812500001
2598,2.6162109375,2.61572265625,2.4091796875,0.77880859375,0.33984375,3.509765625,0.6962890625
2599,2.61865234375,2.482421875,2.4814453125,0.7744140625,0.318359375,3.533203125,0.74462890625
2600,2.52978515625,2.671875,2.38232421875,0.580078125,0.296875,3.2724609375,0.56201171875
2601,2.5166015625,2.484375,2.45166015625,0.552734375,0.19042968750000008,3.20654296875,0.52783203125
2602,2.82568359375,2.453125,2.26171875,0.625,0.49267578125,3.20703125,0.6142578125
2603,2.75341796875,2.1845703125,2.32861328125,0.6171875,0.37792968750000006,3.33984375,0.45166015625
2604,2.46240234375,2.49267578125,2.384765625,0.36767578125,0.79931640625,3.0576171875,0.470703125
2605,2.4970703125,2.20947265625,2.4775390625,0.3046875,0.64599609375,3.189453125,0.359375
2606,2.236328125,2.64208984375,2.4912109375,0.85302734375,0.552734375,3.23681640625,0.2421875
2607,2.2294921875,2.55810546875,2.427734375,0.8642578125,0.5390625,3.24560546875,0.2470703125000001
2608,2.466796875,2.38232421875,2.451171875,0.27001953125,0.2587890625,3.26953125,0.50830078125
2609,2.50048828125,2.31298828125,2.4482421875,0.41455078125000006,0.26318359375,3.37158203125,0.2958984375000001
2610,2.369140625,2.5283203125,2.51904296875,0.4892578125,0.34130859375,3.35791015625,0.357421875
2611,2.40869140625,2.45654296875,2.4453125,0.60400390625,0.28466796875,3.37890625,0.294921875
2612,2.58154296875,2.40869140625,2.3173828125,0.85498046875,0.75244140625,3.3955078125,0.5830078125
2613,2.5712890625,2.431640625,2.35986328125,0.68603515625,0.64599609375,3.4306640625,0.5322265625
2614,2.59619140625,2.22998046875,2.2646484375,0.83837890625,0.53173828125,3.21142578125,0.60546875
2615,2.63134765625,2.13671875,2.248046875,0.86083984375,0.55029296875,3.26220703125,0.59228515625
2616,2.40673828125,2.29736328125,2.40185546875,0.572265625,0.67919921875,3.10595703125,0.28906250000000006
2617,2.52392578125,2.17529296875,2.470703125,0.5693359375,0.484375,3.12109375,0.22705078125
2618,2.38525390625,2.5087890625,2.35205078125,0.634765625,0.7841796875,3.12255859375,0.2705078125
2619,2.44970703125,2.2705078125,2.38623046875,0.869140625,0.67578125,3.1015625,0.29443359375
2620,2.359375,2.48291015625,2.41015625,0.31396484375,0.6044921875,3.24609375,0.11132812500000004
2621,2.2724609375,2.37841796875,2.44775390625,0.2509765625,0.5263671875,3.3251953125,0.09082031250000007
2622,2.5361328125,2.13427734375,2.4267578125,0.39306640625,0.4423828125,3.46240234375,0.44189453125
2623,2.54150390625,2.0068359375,2.42724609375,0.6015625,0.4423828125,3.5830078125,0.40576171875
2624,2.47314453125,2.39990234375,2.330078125,0.11035156250000004,0.47998046875,3.298828125,0.47802734375
2625,2.59130859375,2.32177734375,2.45703125,0.15136718750000006,0.37109375,3.3740234375,0.40869140625
2626,2.259765625,2.365234375,2.19287109375,0.45458984375,0.46142578125,3.484375,0.59130859375
2627,2.22607421875,2.392578125,2.212890625,0.43212890625,0.3955078125,3.40087890625,0.5185546875
2628,2.53173828125,2.33740234375,2.390625,0.5234375,0.3525390625,3.35986328125,0.6767578125
2629,2.5771484375,2.15673828125,2.39990234375,0.44580078125000006,0.271484375,3.32421875,0.66650390625
2630,2.3515625,2.40869140625,2.2275390625,0.455078125,0.65283203125,3.287109375,0.61328125
2631,2.42529296875,2.2119140625,2.25537109375,0.517578125,0.50439453125,3.3310546875,0.51025390625
2632,2.3203125,2.5703125,2.2626953125,0.564453125,0.61962890625,3.53759765625,0.626953125
2633,2.3935546875,2.27880859375,2.345703125,0.6689453125,0.4765625,3.5126953125,0.53125
2634,2.2861328125,2.51904296875,2.4296875,0.1982421875000001,0.3193359375,3.5244140625,0.29150390625
2635,2.24951171875,2.3681640625,2.46533203125,0.32470703125,0.26123046875,3.451171875,0.21923828125
2636,2.54248046875,2.09814453125,2.32421875,0.33349609375,0.29150390625,3.19189453125,0.27783203125
2637,2.54736328125,2.07666015625,2.4169921875,0.32421875000000006,0.2626953125,3.20654296875,0.26416015625
2638,2.49462890625,2.08740234375,2.40380859375,0.4775390625,0.55126953125,3.05126953125,0.46728515625
2639,2.5439453125,2.00390625,2.421875,0.39111328125,0.5458984375,3.10107421875,0.3662109375
2640,2.263671875,2.6865234375,2.2607421875,0.78759765625,0.66357421875,3.353515625,0.625
2641,2.30908203125,2.470703125,2.359375,0.8154296875,0.71484375,3.3388671875,0.62060546875
2642,2.3642578125,2.529296875,2.37109375,0.4609375,0.408203125,2.9609375,0.607421875
2643,2.43701171875,2.3837890625,2.40087890625,0.47314453125,0.33984375,3.01513671875,0.45654296875
2644,2.46142578125,2.57177734375,2.38134765625,0.609375,0.4677734375,3.2060546875,0.23876953125000003
2645,2.4560546875,2.4140625,2.45263671875,0.60400390625,0.37646484375,3.296875,0.25
2646,2.52880859375,2.189453125,2.49609375,0.39990234375,0.29248046875,3.181640625,0.59375
2647,2.5625,2.14013671875,2.52734375,0.54296875,0.20849609375,3.2626953125,0.607421875
2648,2.537109375,2.6669921875,2.306640625,0.70458984375,0.45947265625,3.251953125,0.53515625
2649,2.5166015625,2.439453125,2.33544921875,0.83154296875,0.466796875,3.24072265625,0.5107421875000001
2650,2.150390625,2.4521484375,2.3671875,0.615234375,0.82861328125,3.24462890625,0.09521484375000007
2651,2.16796875,2.2685546875,2.42578125,0.70947265625,0.82421875,3.240234375,0.10888671875000012
2652,2.22412109375,2.58837890625,2.2744140625,0.44482421875,0.4619140625,3.48046875,0.5146484375
2653,2.24658203125,2.32861328125,2.3447265625,0.39208984375,0.4033203125,3.57177734375,0.36962890625
2654,2.39306640625,2.37353515625,2.4716796875,0.4501953125,0.58544921875,3.16162109375,0.564453125
2655,2.40283203125,2.20166015625,2.50341796875,0.50048828125,0.53515625,3.12060546875,0.53759765625
2656,2.28173828125,2.33251953125,2.443359375,0.3388671875,0.79248046875,3.423828125,0.48486328125
2657,2.35400390625,2.3359375,2.43017578125,0.2978515625,0.6494140625,3.412109375,0.38330078125000006
2658,2.56494140625,2.5,2.5283203125,0.48193359375,0.5166015625,3.48046875,0.47265625
2659,2.6904296875,2.373046875,2.55712890625,0.49560546875,0.29931640625,3.50732421875,0.47607421875
2660,2.5166015625,2.41357421875,2.345703125,0.48779296875,0.76025390625,3.16796875,0.67236328125
2661,2.5517578125,2.27294921875,2.423828125,0.4580078125,0.6865234375,3.2216796875,0.7099609375
2662,2.513671875,2.32275390625,2.2900390625,0.53173828125,0.5498046875,3.21435546875,0.564453125
2663,2.58447265625,2.1904296875,2.37939453125,0.65576171875,0.322265625,3.23291015625,0.603515625
2664,2.47412109375,2.638671875,2.31787109375,0.498046875,0.51904296875,3.18896484375,0.67431640625
2665,2.52978515625,2.52392578125,2.294921875,0.54833984375,0.3857421875,3.18212890625,0.68994140625
2666,2.53076171875,2.5419921875,2.279296875,0.52783203125,0.57568359375,3.25732421875,0.79931640625
2667,2.513671875,2.390625,2.31494140625,0.62890625,0.5888671875,3.2890625,0.59228515625
2668,2.19873046875,2.279296875,2.34716796875,0.55712890625,0.47021484375,3.24609375,0.48681640625
2669,2.24072265625,2.18408203125,2.43896484375,0.70654296875,0.42626953125,3.30029296875,0.41650390625
2670,2.2900390625,2.5546875,2.40625,0.64990234375,0.37158203125,3.33056640625,0.18750000000000006
2671,2.35302734375,2.3701171875,2.47900390625,0.6328125,0.40625,3.4326171875,0.09375000000000007
2672,2.42431640625,2.56396484375,2.408203125,0.578125,0.587890625,3.15087890625,0.43896484375
2673,2.40576171875,2.416015625,2.34521484375,0.7451171875,0.5517578125,3.18603515625,0.3623046875
2674,2.37109375,2.3984375,2.43896484375,0.3037109375,0.49755859375,3.07421875,0.3818359375
2675,2.39501953125,2.294921875,2.435546875,0.30126953125,0.3818359375,3.14697265625,0.2373046875000001
2676,2.59375,2.18603515625,2.34326171875,0.45166015625,0.38330078125,3.32763671875,0.7451171875
2677,2.634765625,2.03662109375,2.43408203125,0.5458984375,0.4384765625,3.46728515625,0.61376953125
2678,2.41259765625,2.39599609375,2.26611328125,0.50390625,0.6884765625,3.3173828125,0.44384765625
2679,2.43896484375,2.30078125,2.384765625,0.5869140625,0.68994140625,3.31640625,0.37109375
2680,2.82958984375,2.64990234375,2.55224609375,0.3046875,0.3271484375,3.11376953125,0.88134765625
2681,2.78076171875,2.5732421875,2.58935546875,0.35791015625,0.27392578125,3.134765625,0.72265625
2682,2.3525390625,2.548828125,2.3994140625,0.52734375,0.630859375,3.10498046875,0.5458984375
2683,2.32958984375,2.45458984375,2.4130859375,0.63134765625,0.4287109375,3.20849609375,0.4794921875
2684,2.32421875,2.1328125,2.38818359375,0.48779296875,0.4609375,3.4072265625,0.609375
2685,2.32763671875,2.05908203125,2.46875,0.41064453125,0.41796875,3.4609375,0.52001953125
2686,2.6083984375,2.3662109375,2.2763671875,0.48828125,0.4697265625,3.333984375,0.5029296875
2687,2.6962890625,2.19873046875,2.34130859375,0.4462890625,0.3403320312500001,3.3203125,0.44580078125
2688,2.55810546875,2.38232421875,2.22705078125,0.24560546875,0.65673828125,3.291015625,0.5625
2689,2.607421875,2.185546875,2.30419921875,0.38818359375000006,0.5869140625,3.35009765625,0.57080078125
2690,2.24609375,2.47802734375,2.4716796875,0.29296875,0.62158203125,3.45947265625,0.69580078125
2691,2.248046875,2.38525390625,2.54736328125,0.33056640625,0.5771484375,3.56494140625,0.66162109375
2692,2.2294921875,2.70263671875,2.45849609375,0.39404296875,0.3291015625,3.1494140625,0.83349609375
2693,2.21728515625,2.56103515625,2.4228515625,0.55419921875,0.31884765625,3.1162109375,0.8173828125
2694,2.4111328125,2.49755859375,2.4775390625,0.43017578125,0.16455078125000006,3.41650390625,0.392578125
2695,2.44287109375,2.32763671875,2.48095703125,0.52197265625,0.15625,3.48193359375,0.4345703125
2696,2.43994140625,2.39599609375,2.32958984375,0.35595703125000006,0.29931640625,3.51611328125,0.404296875
2697,2.478515625,2.3056640625,2.35107421875,0.44775390625,0.16455078125000006,3.54296875,0.244140625
2698,2.59814453125,2.44921875,2.51708984375,0.1904296875,0.431640625,3.20166015625,0.91259765625
2699,2.572265625,2.412109375,2.5234375,0.2021484375,0.33447265625000006,3.1982421875,0.71044921875
2700,2.5908203125,2.28076171875,2.3330078125,0.8310546875,0.63134765625,3.3447265625,0.5390625
2701,2.6572265625,2.0888671875,2.3173828125,0.81201171875,0.578125,3.373046875,0.52294921875
2702,2.64990234375,2.287109375,2.42138671875,0.62109375,0.52490234375,3.19677734375,0.5703125
2703,2.60986328125,2.208984375,2.51123046875,0.6728515625,0.431640625,3.25390625,0.57275390625
2704,2.55029296875,2.4951171875,2.5,0.4375,0.560546875,3.2880859375,0.697265625
2705,2.57763671875,2.28076171875,2.50830078125,0.458984375,0.4130859375,3.25927734375,0.69482421875
2706,2.6123046875,2.46875,2.3671875,0.57666015625,0.48046875,3.22265625,0.611328125
2707,2.7392578125,2.39306640625,2.4228515625,0.6162109375,0.45849609375,3.2861328125,0.5703125
2708,2.6708984375,2.5830078125,2.427734375,0.4873046875,0.49462890625,3.3798828125,0.591796875
2709,2.69921875,2.31201171875,2.43505859375,0.419921875,0.41650390625,3.3427734375,0.48193359375
2710,2.49658203125,2.58056640625,2.3662109375,0.49658203125,0.4775390625,3.06103515625,0.4462890625
2711,2.59228515625,2.49609375,2.41357421875,0.63671875,0.37890625,3.0927734375,0.330078125
2712,2.59912109375,2.32373046875,2.2880859375,0.4521484375,0.44921875,3.2705078125,0.3466796875
2713,2.673828125,2.267578125,2.3310546875,0.5390625,0.51953125,3.2529296875,0.2998046875
2714,2.435546875,2.587890625,2.255859375,0.61962890625,0.4541015625,3.259765625,0.703125
2715,2.44873046875,2.5615234375,2.33154296875,0.64404296875,0.3642578125000001,3.326171875,0.6650390625
2716,2.4140625,2.13330078125,2.42529296875,0.4443359375,0.4462890625,3.28271484375,0.3037109375
2717,2.513671875,1.9755859375,2.3759765625,0.47119140625,0.4384765625,3.34423828125,0.18359375000000008
2718,2.27783203125,2.4873046875,2.50390625,0.32177734375000006,0.59521484375,3.29833984375,0.3974609375
2719,2.2529296875,2.34130859375,2.5146484375,0.564453125,0.5888671875,3.4140625,0.23046875000000003
2720,2.67431640625,2.30517578125,2.3544921875,0.55419921875,0.16796875000000003,3.14990234375,0.66455078125
2721,2.6484375,2.19580078125,2.43603515625,0.60498046875,0.11718750000000006,3.310546875,0.46630859375
2722,2.5302734375,2.42333984375,2.2001953125,0.58056640625,0.34716796875,3.32470703125,0.30615234375
2723,2.572265625,2.3818359375,2.24267578125,0.62548828125,0.30517578125,3.3828125,0.2392578125000001
2724,2.5234375,2.388671875,2.4052734375,0.53515625,0.4384765625,3.4189453125,0.455078125
2725,2.55712890625,2.31396484375,2.43310546875,0.6953125,0.3603515625,3.46728515625,0.4697265625
2726,2.58837890625,2.68505859375,2.32666015625,0.31689453125000006,0.58984375,3.26123046875,0.55712890625
2727,2.61572265625,2.4169921875,2.38134765625,0.28857421875,0.51953125,3.2421875,0.48388671875
2728,2.5400390625,2.3603515625,2.27734375,0.27392578125000006,0.515625,3.330078125,0.75634765625
2729,2.60498046875,2.24267578125,2.40234375,0.294921875,0.52587890625,3.38232421875,0.72216796875
2730,2.3310546875,2.47265625,2.4033203125,0.24902343750000006,0.74609375,3.21044921875,0.53955078125
2731,2.3271484375,2.33642578125,2.4521484375,0.33203125,0.63916015625,3.3017578125,0.52734375
2732,2.63330078125,2.2734375,2.275390625,0.55859375,0.69970703125,3.37060546875,0.43359375
2733,2.56494140625,2.154296875,2.32275390625,0.5947265625,0.69482421875,3.38037109375,0.330078125
2734,2.369140625,2.51953125,2.43896484375,0.47802734375,0.57421875,3.20654296875,0.81103515625
2735,2.4560546875,2.3359375,2.4287109375,0.5224609375,0.572265625,3.2802734375,0.71826171875
2736,2.4794921875,2.35888671875,2.33056640625,0.7861328125,0.28955078125,3.41064453125,0.66552734375
2737,2.58984375,2.2548828125,2.37841796875,0.716796875,0.2001953125,3.53076171875,0.64794921875
2738,2.423828125,2.44091796875,2.30859375,0.48583984375,0.5693359375,3.18115234375,0.5615234375
2739,2.423828125,2.318359375,2.3037109375,0.47705078125,0.54736328125,3.27099609375,0.47900390625000006
2740,2.375,2.36328125,2.47412109375,0.529296875,0.61572265625,3.298828125,0.541015625
2741,2.34716796875,2.16162109375,2.45703125,0.6083984375,0.54736328125,3.29345703125,0.52734375
2742,2.529296875,2.3408203125,2.2314453125,0.53466796875,0.7265625,3.2353515625,0.59326171875
2743,2.4658203125,2.2890625,2.2880859375,0.62646484375,0.6435546875,3.3154296875,0.521484375
2744,2.54443359375,2.5283203125,2.31103515625,0.29052734375,0.5771484375,3.4091796875,0.56298828125
2745,2.5751953125,2.41796875,2.4248046875,0.3134765625,0.53662109375,3.36181640625,0.5380859375
2746,2.4462890625,2.6181640625,2.43798828125,0.546875,0.4970703125,3.23388671875,0.43603515625
2747,2.423828125,2.48828125,2.4990234375,0.5869140625,0.41015625,3.30322265625,0.34912109375
2748,2.72265625,2.30712890625,2.416015625,0.5478515625,0.4833984375,3.19091796875,0.83935546875
2749,2.6787109375,2.2216796875,2.4794921875,0.49951171875,0.39501953125,3.31591796875,0.755859375
2750,2.62158203125,2.6318359375,2.42431640625,0.41162109375,1.00341796875,3.28662109375,0.39794921875000006
2751,2.662109375,2.5322265625,2.52978515625,0.568359375,0.77783203125,3.3115234375,0.41162109375
2752,2.48095703125,2.3232421875,2.318359375,0.71728515625,0.2763671875,3.42724609375,0.6669921875
2753,2.4931640625,2.2373046875,2.39111328125,0.705078125,0.24658203125000003,3.474609375,0.5283203125
2754,2.6044921875,2.48681640625,2.43603515625,0.09179687500000004,0.609375,3.111328125,0.44580078125
2755,2.68603515625,2.4560546875,2.38525390625,0.14599609375000003,0.53076171875,3.14208984375,0.43359375
2756,2.40625,2.56005859375,2.32568359375,0.5537109375,0.79931640625,3.21728515625,0.7529296875
2757,2.443359375,2.39794921875,2.44140625,0.7109375,0.63916015625,3.2822265625,0.5732421875
2758,2.32421875,2.4619140625,2.24560546875,0.412109375,0.6533203125,3.2509765625,0.89111328125
2759,2.30712890625,2.4267578125,2.33349609375,0.4814453125,0.49023437500000006,3.23486328125,0.673828125
2760,2.669921875,2.47265625,2.2333984375,0.3173828125,0.46142578125000006,3.1953125,0.6171875
2761,2.62744140625,2.33642578125,2.3330078125,0.37939453125,0.41015625,3.25341796875,0.529296875
2762,2.2431640625,2.43603515625,2.39013671875,0.63232421875,0.72509765625,3.21875,0.65478515625
2763,2.298828125,2.4541015625,2.45361328125,0.71337890625,0.69873046875,3.33837890625,0.60546875
2764,2.296875,2.76611328125,2.302734375,0.5087890625,0.6474609375,3.09814453125,0.6513671875
2765,2.3525390625,2.58203125,2.37353515625,0.34130859375,0.4267578125,3.19189453125,0.5048828125
2766,2.67578125,2.509765625,2.41015625,0.3857421875,0.46533203125,3.31982421875,0.61328125
2767,2.72119140625,2.3837890625,2.44873046875,0.3564453125,0.43359375,3.3916015625,0.52392578125
2768,2.52783203125,2.5673828125,2.4130859375,0.22070312500000006,0.69384765625,3.28173828125,0.3798828125
2769,2.52001953125,2.5029296875,2.3916015625,0.35009765625,0.66064453125,3.3544921875,0.24267578125
2770,2.28076171875,2.4677734375,2.48681640625,0.42089843750000006,0.40576171875000006,3.40625,0.57666015625
2771,2.31591796875,2.46240234375,2.46923828125,0.49951171875,0.39990234375,3.43701171875,0.4638671875
2772,2.51416015625,2.62646484375,2.236328125,0.47412109375,0.4833984375,3.16259765625,0.14111328125
2773,2.587890625,2.5654296875,2.37548828125,0.4931640625,0.466796875,3.23095703125,0.09570312500000006
2774,2.54345703125,2.5322265625,2.35205078125,0.3916015625,0.50146484375,3.3662109375,0.732421875
2775,2.62890625,2.5244140625,2.4482421875,0.5341796875,0.38671875,3.45751953125,0.6865234375
2776,2.71728515625,2.53076171875,2.4697265625,0.59326171875,0.46484375,3.41357421875,0.423828125
2777,2.8271484375,2.3720703125,2.44677734375,0.69482421875,0.44384765625,3.46044921875,0.3828125
2778,2.57568359375,2.45703125,2.26318359375,0.6103515625,0.4794921875,3.28955078125,0.27246093750000006
2779,2.5400390625,2.18896484375,2.28662109375,0.697265625,0.3984375,3.3837890625,0.23876953125
2780,2.6728515625,2.34814453125,2.27587890625,0.26123046875,0.5380859375,3.2666015625,0.41259765625
2781,2.6708984375,2.265625,2.373046875,0.23242187500000003,0.58251953125,3.34619140625,0.39892578125
2782,2.61376953125,2.40625,2.4599609375,0.58740234375,0.62744140625,3.32470703125,0.56494140625
2783,2.5869140625,2.43408203125,2.40966796875,0.6005859375,0.57373046875,3.41259765625,0.55029296875
2784,2.35546875,2.48583984375,2.4306640625,0.6396484375,0.13134765625000006,3.30126953125,0.6123046875
2785,2.35693359375,2.31591796875,2.4794921875,0.65087890625,0.10693359375000006,3.486328125,0.578125
2786,2.3369140625,2.5537109375,2.30859375,0.45849609375,0.40478515625000006,3.10986328125,0.69140625
2787,2.29931640625,2.3427734375,2.4326171875,0.58984375,0.4111328125,3.23046875,0.69677734375
2788,2.5947265625,2.1923828125,2.34521484375,0.453125,0.41064453125000006,3.38720703125,0.63330078125
2789,2.55029296875,2.16162109375,2.38134765625,0.525390625,0.39892578125000006,3.3291015625,0.49609375
2790,2.541015625,2.4853515625,2.2353515625,0.720703125,0.740234375,3.18701171875,0.7841796875
2791,2.62841796875,2.40673828125,2.388671875,0.818359375,0.63525390625,3.2431640625,0.58203125
2792,2.4814453125,2.48974609375,2.4482421875,0.431640625,0.7294921875,3.35009765625,0.26220703125
2793,2.39892578125,2.42529296875,2.421875,0.4248046875,0.70751953125,3.3701171875,0.26757812500000006
2794,2.33935546875,2.4306640625,2.19482421875,0.41064453125,0.52197265625,3.50537109375,0.896484375
2795,2.3251953125,2.30908203125,2.333984375,0.44580078125,0.38916015625,3.43603515625,0.8330078125
2796,2.28515625,2.267578125,2.4619140625,0.52001953125,0.4267578125,3.41357421875,0.57421875
2797,2.28271484375,2.09619140625,2.5439453125,0.60791015625,0.4404296875,3.44580078125,0.5830078125
2798,2.59912109375,2.35009765625,2.4453125,0.923828125,0.5703125,3.18505859375,0.6259765625
2799,2.59814453125,2.3515625,2.55419921875,0.9345703125,0.58642578125,3.18701171875,0.50537109375
2800,2.4541015625,2.60546875,2.4677734375,0.18896484375000006,0.49169921875,3.14892578125,0.349609375
2801,2.50830078125,2.5078125,2.47705078125,0.15869140625000006,0.3701171875,3.3046875,0.2021484375
2802,2.63818359375,2.3369140625,2.44921875,0.5478515625,0.65234375,3.2373046875,0.29296875
2803,2.58935546875,2.275390625,2.5029296875,0.47265625,0.5234375,3.30126953125,0.236328125
2804,2.72314453125,2.58056640625,2.2841796875,0.60693359375,0.4423828125,3.166015625,0.68359375
2805,2.78076171875,2.673828125,2.3896484375,0.69189453125,0.35791015625,3.185546875,0.7265625
2806,2.5,2.5341796875,2.41162109375,0.4228515625,0.474609375,3.17529296875,0.26953125
2807,2.50048828125,2.37646484375,2.4677734375,0.43017578125,0.4462890625,3.28076171875,0.2167968750000001
2808,2.26416015625,2.763671875,2.3544921875,0.4111328125,0.74560546875,2.935546875,0.42236328125
2809,2.25,2.4697265625,2.45703125,0.47021484375,0.611328125,3.03759765625,0.279296875
2810,2.48291015625,2.38134765625,2.18896484375,0.5947265625,0.48876953125,3.296875,0.56494140625
2811,2.521484375,2.203125,2.25048828125,0.61572265625,0.3818359375,3.4404296875,0.3388671875
2812,2.357421875,2.2158203125,2.33447265625,0.51806640625,0.2880859375,3.2041015625,0.62255859375
2813,2.3544921875,2.1630859375,2.357421875,0.6552734375,0.25732421875,3.3056640625,0.44287109375
2814,2.28076171875,2.4130859375,2.31103515625,0.412109375,0.4775390625,3.037109375,0.47265625
2815,2.30224609375,2.27490234375,2.3623046875,0.453125,0.30322265625,3.05859375,0.34716796875
2816,2.4375,2.6904296875,2.39306640625,0.59130859375,0.39013671875,3.28173828125,0.15869140625000003
2817,2.5751953125,2.4892578125,2.37939453125,0.5791015625,0.33203125,3.31689453125,0.11962890625000006
2818,2.7080078125,2.6357421875,2.32177734375,0.5263671875,0.765625,3.12939453125,0.67822265625
2819,2.62255859375,2.55908203125,2.400390625,0.56103515625,0.67138671875,3.12353515625,0.48095703125
2820,2.650390625,2.41064453125,2.46337890625,0.25830078125,0.5322265625,3.16845703125,0.6279296875
2821,2.72314453125,2.3935546875,2.43310546875,0.39404296875,0.48779296875,3.2216796875,0.46240234375
2822,2.7880859375,2.44921875,2.4306640625,0.63134765625,0.62890625,3.2548828125,0.56103515625
2823,2.7890625,2.3671875,2.4716796875,0.65771484375,0.55224609375,3.3193359375,0.51904296875
2824,2.2236328125,2.39208984375,2.36181640625,0.7431640625,0.35546875,3.16552734375,0.720703125
2825,2.30615234375,2.25244140625,2.45068359375,0.76220703125,0.2646484375,3.24365234375,0.6728515625
2826,2.41552734375,2.52099609375,2.3671875,0.5615234375,0.4296875,3.267578125,0.30126953125
2827,2.4375,2.38916015625,2.46240234375,0.54931640625,0.4345703125,3.275390625,0.23388671875000003
2828,2.240234375,2.43798828125,2.3154296875,0.21923828125,0.60693359375,3.2919921875,0.5537109375
2829,2.294921875,2.28125,2.416015625,0.30810546875,0.54541015625,3.3779296875,0.5126953125
2830,2.4990234375,2.31005859375,2.52783203125,0.4091796875,0.6630859375,3.29296875,0.52294921875
2831,2.60009765625,2.1845703125,2.56787109375,0.45947265625,0.48876953125000006,3.36376953125,0.3330078125
2832,2.2958984375,2.33349609375,2.3486328125,0.5693359375,0.31982421875000006,3.228515625,0.62890625
2833,2.390625,2.19287109375,2.37744140625,0.62841796875,0.25927734375,3.40478515625,0.490234375
2834,2.4560546875,2.32763671875,2.4619140625,0.31494140625,0.64453125,3.2490234375,0.55029296875
2835,2.5693359375,2.193359375,2.4306640625,0.2646484375,0.44091796875000006,3.2333984375,0.5849609375
2836,2.20703125,2.75048828125,2.234375,0.537109375,0.53759765625,3.3681640625,0.6162109375
2837,2.2177734375,2.55419921875,2.23046875,0.68701171875,0.54736328125,3.4111328125,0.45556640625
2838,2.49560546875,2.3955078125,2.400390625,0.66162109375,0.60107421875,3.31298828125,0.76904296875
2839,2.5810546875,2.2880859375,2.4580078125,0.6845703125,0.53759765625,3.3525390625,0.66748046875
2840,2.28271484375,2.23681640625,2.26171875,0.44140625,0.619140625,3.2958984375,0.46142578125
2841,2.31787109375,2.08203125,2.4091796875,0.572265625,0.5771484375,3.38037109375,0.50927734375
2842,2.5146484375,2.06689453125,2.42333984375,0.619140625,0.59521484375,3.0478515625,0.59033203125
2843,2.52001953125,2.05712890625,2.46484375,0.59375,0.44921875,3.09228515625,0.57958984375
2844,2.51318359375,2.3134765625,2.28564453125,0.58447265625,0.58154296875,3.44091796875,0.45361328125
2845,2.66455078125,2.24072265625,2.32373046875,0.607421875,0.58056640625,3.421875,0.44189453125
2846,2.5078125,2.48291015625,2.4052734375,0.60400390625,0.42138671875,3.31298828125,0.27197265625
2847,2.470703125,2.4091796875,2.3974609375,0.6689453125,0.4580078125,3.36328125,0.24951171875
2848,2.396484375,2.30859375,2.1884765625,0.4033203125,0.57421875,3.265625,0.40771484375
2849,2.38671875,2.25048828125,2.212890625,0.47509765625,0.5126953125,3.25634765625,0.38525390625000006
2850,2.46435546875,2.359375,2.27783203125,0.72705078125,0.33544921875,3.23291015625,0.8798828125
2851,2.4765625,2.1474609375,2.36328125,0.83642578125,0.27099609375,3.275390625,0.71337890625
2852,2.26171875,2.6181640625,2.37451171875,0.56689453125,0.4482421875,3.24609375,0.39062500000000006
2853,2.3369140625,2.63134765625,2.4345703125,0.56884765625,0.45166015625,3.31103515625,0.46435546875
2854,2.42236328125,2.63134765625,2.36083984375,0.501953125,0.4853515625,3.171875,0.611328125
2855,2.46044921875,2.462890625,2.4248046875,0.56884765625,0.4072265625,3.22802734375,0.45751953125
2856,2.5283203125,2.2861328125,2.390625,0.34521484375,0.49755859375,3.16015625,0.6240234375
2857,2.54736328125,2.205078125,2.40673828125,0.32861328125,0.4560546875,3.31640625,0.55615234375
2858,2.69921875,2.333984375,2.27783203125,0.5244140625,0.4169921875,3.13232421875,0.40185546875
2859,2.63671875,2.18798828125,2.36474609375,0.5966796875,0.39697265625,3.20751953125,0.4013671875
2860,2.69384765625,2.41015625,2.2490234375,0.58154296875,0.43994140625,3.09521484375,0.47998046875
2861,2.7275390625,2.208984375,2.32763671875,0.64892578125,0.41015625,3.1533203125,0.40283203125
2862,2.3759765625,2.47265625,2.2080078125,0.6845703125,0.2861328125,3.11083984375,0.17578125000000006
2863,2.4384765625,2.2490234375,2.32470703125,0.783203125,0.2031250000000001,3.17626953125,0.09570312500000006
2864,2.482421875,2.3388671875,2.5322265625,0.34619140625000006,0.48486328125,3.36474609375,0.6865234375
2865,2.55126953125,2.2783203125,2.4951171875,0.4013671875,0.34082031250000006,3.42529296875,0.6689453125
2866,2.3115234375,2.40234375,2.3857421875,0.41748046875000006,0.4931640625,3.310546875,0.5263671875
2867,2.32470703125,2.2890625,2.48828125,0.46875,0.41650390625,3.2412109375,0.400390625
2868,2.47607421875,2.2880859375,2.3798828125,0.54443359375,0.35888671875,3.31396484375,0.71923828125
2869,2.43408203125,2.20556640625,2.38623046875,0.634765625,0.2861328125,3.4228515625,0.51123046875
2870,2.39794921875,2.5751953125,2.32763671875,0.55615234375,0.81689453125,3.4326171875,0.73388671875
2871,2.505859375,2.56201171875,2.46826171875,0.548828125,0.7626953125,3.4033203125,0.66650390625
2872,2.68212890625,2.68798828125,2.2490234375,0.44970703125,0.7607421875,3.39599609375,0.67138671875
2873,2.8125,2.52685546875,2.28369140625,0.5537109375,0.65576171875,3.3955078125,0.49560546875
2874,2.50830078125,2.36962890625,2.40576171875,0.515625,0.7451171875,3.083984375,0.66357421875
2875,2.65771484375,2.19580078125,2.4228515625,0.6025390625,0.64794921875,3.19287109375,0.6748046875
2876,2.3330078125,2.56787109375,2.4091796875,0.41162109375,0.60791015625,3.36767578125,0.2607421875000001
2877,2.36181640625,2.49609375,2.412109375,0.5380859375,0.47705078125,3.34619140625,0.21679687500000006
2878,2.61328125,2.50439453125,2.29150390625,0.44482421875000006,0.13671875000000003,3.1044921875,0.65185546875
2879,2.615234375,2.20654296875,2.4033203125,0.45654296875,0.10400390625000006,3.21826171875,0.45751953125
2880,2.7099609375,2.3720703125,2.5556640625,0.50732421875,0.474609375,3.3115234375,0.31689453125
2881,2.69384765625,2.21630859375,2.44482421875,0.53076171875,0.3857421875,3.35107421875,0.25341796875
2882,2.28662109375,2.41455078125,2.55859375,0.611328125,0.58203125,3.35009765625,0.7021484375
2883,2.314453125,2.345703125,2.58984375,0.7607421875,0.478515625,3.45166015625,0.767578125
2884,2.42529296875,2.513671875,2.271484375,0.47314453125,0.419921875,3.20849609375,0.6884765625
2885,2.41357421875,2.42431640625,2.29736328125,0.5234375,0.32812500000000006,3.2783203125,0.59912109375
2886,2.20947265625,2.34228515625,2.32080078125,0.41992187500000006,0.45166015625000006,3.34716796875,0.57568359375
2887,2.2490234375,2.279296875,2.32861328125,0.50341796875,0.3427734375,3.3720703125,0.54541015625
2888,2.48486328125,2.376953125,2.39208984375,0.61767578125,0.59521484375,3.30419921875,0.66748046875
2889,2.48583984375,2.2666015625,2.44091796875,0.8173828125,0.45214843750000006,3.43212890625,0.49462890625
2890,2.6337890625,2.205078125,2.41064453125,0.31640625,0.3125,3.287109375,0.63232421875
2891,2.6142578125,2.138671875,2.43017578125,0.36279296875,0.24853515625,3.32958984375,0.47900390625
2892,2.3544921875,2.5078125,2.3154296875,0.43896484375,0.60107421875,3.14892578125,0.4990234375
2893,2.373046875,2.3359375,2.333984375,0.44140625,0.50341796875,3.255859375,0.423828125
2894,2.4736328125,2.18896484375,2.29638671875,0.626953125,0.49755859375,3.318359375,0.5927734375
2895,2.5390625,2.1005859375,2.35302734375,0.6025390625,0.599609375,3.42041015625,0.49658203125
2896,2.19384765625,2.31201171875,2.31298828125,0.47607421875,0.5791015625,3.193359375,0.9404296875
2897,2.1728515625,2.13330078125,2.462890625,0.5439453125,0.4404296875,3.2080078125,0.6279296875
2898,2.4033203125,2.55517578125,2.3701171875,0.7509765625,0.61669921875,3.3125,0.7021484375
2899,2.38623046875,2.46240234375,2.32177734375,0.7763671875,0.55029296875,3.29052734375,0.67529296875
2900,2.2607421875,2.29833984375,2.3232421875,0.37988281250000006,0.55322265625,3.392578125,0.595703125
2901,2.3076171875,2.34326171875,2.3720703125,0.4072265625,0.51708984375,3.40283203125,0.61767578125
2902,2.556640625,2.2646484375,2.396484375,0.3857421875,0.44775390625,3.1845703125,0.3037109375
2903,2.56640625,2.162109375,2.40380859375,0.45166015625,0.37158203125,3.220703125,0.267578125
2904,2.541015625,2.22998046875,2.40576171875,0.45654296875,0.642578125,3.43310546875,0.68505859375
2905,2.53125,2.24169921875,2.4296875,0.41162109375,0.66259765625,3.42626953125,0.513671875
2906,2.50146484375,2.67724609375,2.2666015625,0.814453125,0.615234375,3.3564453125,0.466796875
2907,2.529296875,2.37548828125,2.373046875,0.90673828125,0.4990234375,3.328125,0.39306640625
2908,2.52197265625,2.18798828125,2.25,0.552734375,0.3642578125,3.04248046875,0.70556640625
2909,2.48095703125,2.09423828125,2.3486328125,0.7138671875,0.2646484375,3.09765625,0.68408203125
2910,2.51220703125,2.541015625,2.47265625,0.443359375,0.34472656250000006,3.326171875,0.9326171875
2911,2.61181640625,2.31005859375,2.5703125,0.59423828125,0.2470703125,3.33984375,0.70849609375
2912,2.69384765625,2.10302734375,2.28759765625,0.27490234375,0.70458984375,3.4150390625,0.45361328125
2913,2.669921875,2.0009765625,2.359375,0.29248046875,0.4794921875,3.40478515625,0.36767578125
2914,2.451171875,2.33642578125,2.384765625,0.32568359375000006,0.66162109375,3.21630859375,0.70361328125
2915,2.5185546875,2.08154296875,2.3759765625,0.29052734375,0.70458984375,3.24365234375,0.69091796875
2916,2.50830078125,2.5849609375,2.27783203125,0.62353515625,0.599609375,3.419921875,0.47314453125
2917,2.5263671875,2.42626953125,2.32666015625,0.6962890625,0.61181640625,3.4580078125,0.3291015625
2918,2.41748046875,2.31591796875,2.42236328125,0.5263671875,0.509765625,3.20556640625,0.26953125
2919,2.423828125,2.21240234375,2.474609375,0.62060546875,0.36181640625,3.283203125,0.20605468750000003
2920,2.56396484375,2.24951171875,2.39208984375,0.6572265625,0.45068359375000006,3.23046875,0.736328125
2921,2.505859375,2.1787109375,2.4404296875,0.70361328125,0.373046875,3.34912109375,0.72802734375
2922,2.75537109375,2.67724609375,2.3779296875,0.5859375,0.326171875,3.24365234375,0.7734375
2923,2.6494140625,2.60009765625,2.37744140625,0.61279296875,0.29296875,3.31494140625,0.81396484375
2924,2.55615234375,2.1669921875,2.22705078125,0.28613281250000006,0.3017578125,3.486328125,0.2646484375
2925,2.57861328125,1.99560546875,2.33203125,0.333984375,0.20556640625000003,3.4287109375,0.2158203125000001
2926,2.42138671875,2.29296875,2.3115234375,0.69189453125,0.26953125,3.1416015625,0.4658203125
2927,2.52294921875,2.2216796875,2.36572265625,0.7587890625,0.25927734375,3.197265625,0.3671875
2928,2.44384765625,2.44775390625,2.482421875,0.5048828125,0.81396484375,2.98681640625,0.603515625
2929,2.4033203125,2.29443359375,2.46923828125,0.4462890625,0.69873046875,3.07373046875,0.513671875
2930,2.39453125,2.34716796875,2.20751953125,0.6533203125,0.70166015625,3.306640625,0.462890625
2931,2.44775390625,2.2763671875,2.287109375,0.58349609375,0.52685546875,3.45947265625,0.36669921875
2932,2.427734375,2.404296875,2.42041015625,0.5400390625,0.263671875,3.2548828125,0.6064453125
2933,2.42431640625,2.26953125,2.478515625,0.583984375,0.30712890625,3.30126953125,0.4970703125
2934,2.564453125,2.3291015625,2.35009765625,0.38964843750000006,0.6142578125,3.38720703125,0.63427734375
2935,2.66552734375,2.271484375,2.3818359375,0.45556640625,0.529296875,3.482421875,0.72021484375
2936,2.1865234375,2.7578125,2.345703125,0.70458984375,0.44677734375,3.06982421875,0.54345703125
2937,2.2001953125,2.5556640625,2.396484375,0.69287109375,0.3984375,3.09814453125,0.462890625
2938,2.673828125,2.49462890625,2.3681640625,0.45410156250000006,0.44140625,3.36767578125,0.4189453125
2939,2.732421875,2.380859375,2.3818359375,0.427734375,0.412109375,3.4921875,0.32763671875
2940,2.47900390625,2.24951171875,2.2021484375,0.4833984375,0.294921875,3.35595703125,0.27978515625
2941,2.515625,2.13720703125,2.349609375,0.67138671875,0.29296875,3.396484375,0.27099609375
2942,2.4384765625,2.43505859375,2.39794921875,0.38476562500000006,0.8828125,3.005859375,0.45068359375
2943,2.48388671875,2.36865234375,2.3505859375,0.435546875,0.73828125,3.06689453125,0.42578125
2944,2.31396484375,2.62548828125,2.46875,0.580078125,0.28369140625,3.33056640625,0.46435546875
2945,2.32958984375,2.48583984375,2.5205078125,0.6484375,0.25830078125000006,3.35009765625,0.4150390625
2946,2.44873046875,2.19482421875,2.26806640625,0.57421875,0.5673828125,3.3642578125,0.55126953125
2947,2.48095703125,2.10205078125,2.26953125,0.55322265625,0.42333984375,3.46728515625,0.59423828125
2948,2.49951171875,2.2373046875,2.26318359375,0.25341796875000006,0.66064453125,3.30419921875,0.41259765625
2949,2.41748046875,2.07861328125,2.3076171875,0.291015625,0.49462890625,3.3115234375,0.43115234375
2950,2.55029296875,2.44287109375,2.35595703125,0.8330078125,0.24853515625000006,3.4130859375,0.7080078125
2951,2.56005859375,2.4921875,2.37060546875,0.84814453125,0.31005859375,3.4140625,0.63818359375
2952,2.28955078125,2.43212890625,2.48095703125,0.6044921875,0.61962890625,3.30322265625,0.3212890625
2953,2.296875,2.3896484375,2.46484375,0.64599609375,0.458984375,3.3466796875,0.26513671875
2954,2.4873046875,2.5556640625,2.46875,0.51171875,0.32373046875,3.09326171875,0.462890625
2955,2.47607421875,2.29931640625,2.46728515625,0.50439453125,0.28173828125,3.05322265625,0.3896484375
2956,2.63232421875,2.22705078125,2.4501953125,0.607421875,0.15234375000000003,3.2412109375,0.4267578125
2957,2.64306640625,2.13671875,2.44384765625,0.64697265625,0.10302734375,3.3388671875,0.3291015625000001
2958,2.39404296875,2.47119140625,2.2470703125,0.27880859375000006,0.62744140625,3.26904296875,0.62451171875
2959,2.46923828125,2.32763671875,2.3193359375,0.2587890625,0.70458984375,3.28271484375,0.69873046875
2960,2.291015625,2.3486328125,2.4873046875,0.6513671875,0.39794921875,3.21044921875,0.60595703125
2961,2.3115234375,2.2734375,2.5302734375,0.669921875,0.44140625,3.265625,0.47412109375
2962,2.5478515625,2.2880859375,2.30322265625,0.31787109375,0.54052734375,3.2080078125,0.53466796875
2963,2.58544921875,2.2978515625,2.36669921875,0.37548828125,0.57470703125,3.37841796875,0.52783203125
2964,2.7392578125,2.5576171875,2.4326171875,0.34228515625,0.44091796875,3.244140625,0.52099609375
2965,2.77587890625,2.53125,2.4482421875,0.32080078125,0.2900390625,3.24658203125,0.486328125
2966,2.3125,2.3681640625,2.40234375,0.54345703125,0.47705078125,3.11376953125,0.412109375
2967,2.25390625,2.3994140625,2.39501953125,0.65478515625,0.4052734375,3.15771484375,0.357421875
2968,2.32177734375,2.47314453125,2.501953125,0.53955078125,0.25048828125,3.38623046875,0.54638671875
2969,2.3046875,2.24755859375,2.38037109375,0.63330078125,0.255859375,3.48974609375,0.5087890625
2970,2.322265625,2.181640625,2.271484375,0.38623046875000006,0.47607421875,3.330078125,0.29638671875
2971,2.3828125,1.94091796875,2.3330078125,0.37939453125,0.39208984375,3.40576171875,0.2177734375000001
2972,2.50390625,2.41552734375,2.2861328125,0.2114257812500001,0.68896484375,3.21337890625,0.44970703125
2973,2.46044921875,2.36181640625,2.36962890625,0.2802734375,0.73193359375,3.26708984375,0.31787109375
2974,2.58056640625,2.306640625,2.41357421875,0.6962890625,0.53125,3.36767578125,0.25244140625
2975,2.6376953125,2.2626953125,2.42724609375,0.85400390625,0.4990234375,3.37939453125,0.2861328125
2976,2.5498046875,2.5322265625,2.2919921875,0.6748046875,0.29248046875,3.15771484375,0.32568359375
2977,2.50390625,2.3525390625,2.3837890625,0.806640625,0.1962890625000001,3.216796875,0.24658203125
2978,2.53515625,2.45263671875,2.517578125,0.33984375000000006,0.59912109375,3.333984375,0.3193359375
2979,2.5458984375,2.57421875,2.51806640625,0.443359375,0.46484375,3.34033203125,0.2265625000000001
2980,2.32568359375,2.611328125,2.3896484375,0.517578125,0.583984375,2.982421875,0.43505859375
2981,2.32080078125,2.5283203125,2.43603515625,0.39453125,0.46240234375,3.07373046875,0.380859375
2982,2.10791015625,2.3642578125,2.34521484375,0.6982421875,0.55126953125,3.60888671875,0.2617187500000001
2983,2.14697265625,2.28125,2.40283203125,0.6513671875,0.4970703125,3.53759765625,0.22021484375
2984,2.572265625,2.38671875,2.39208984375,0.30078125,0.44775390625000006,3.1123046875,0.3828125000000001
2985,2.576171875,2.236328125,2.4384765625,0.33642578125,0.3984375,3.1337890625,0.33154296875000006
2986,2.45654296875,2.53662109375,2.3984375,0.5205078125,0.57177734375,3.15673828125,0.60107421875
2987,2.3876953125,2.384765625,2.46484375,0.5712890625,0.501953125,3.28662109375,0.5068359375
2988,2.44970703125,2.4599609375,2.3076171875,0.4765625,0.525390625,3.37744140625,0.275390625
2989,2.4521484375,2.23095703125,2.39453125,0.72412109375,0.54931640625,3.48974609375,0.17773437500000003
2990,2.3056640625,2.49853515625,2.3115234375,0.455078125,0.53173828125,3.22265625,0.69140625
2991,2.23876953125,2.33837890625,2.31396484375,0.5537109375,0.52880859375,3.25537109375,0.62548828125
2992,2.4873046875,2.35498046875,2.4306640625,0.34863281250000006,0.67138671875,3.21435546875,0.48583984375
2993,2.44287109375,2.2568359375,2.4228515625,0.44140625,0.73681640625,3.2978515625,0.38330078125
2994,2.29931640625,2.36474609375,2.3056640625,0.673828125,0.5791015625,3.36572265625,0.40869140625
2995,2.2802734375,2.23779296875,2.3291015625,0.81005859375,0.533203125,3.4287109375,0.35888671875000006
2996,2.55615234375,2.62939453125,2.560546875,0.66796875,0.572265625,3.1171875,0.38427734375
2997,2.60107421875,2.4296875,2.47314453125,0.7021484375,0.37353515625,3.14306640625,0.36279296875
2998,2.57275390625,2.67626953125,2.25390625,0.2958984375,0.49609375,3.19921875,0.66845703125
2999,2.5576171875,2.34228515625,2.3232421875,0.3681640625,0.4091796875,3.20458984375,0.4384765625
3000,2.2626953125,2.2978515625,2.2568359375,0.73291015625,0.4072265625,3.5048828125,0.400390625
3001,2.3046875,2.1435546875,2.291015625,0.80615234375,0.35498046875000006,3.56298828125,0.3720703125
3002,2.46240234375,2.62109375,2.31982421875,0.560546875,0.60791015625,3.20947265625,0.28759765625
3003,2.56005859375,2.41845703125,2.31201171875,0.59521484375,0.42285156250000006,3.2822265625,0.35400390625
3004,2.34521484375,2.49072265625,2.357421875,0.3603515625,0.7119140625,3.40673828125,0.36376953125
3005,2.3291015625,2.25439453125,2.37451171875,0.44482421875,0.666015625,3.365234375,0.25537109375
3006,2.57177734375,2.26318359375,2.1875,0.59619140625,0.49169921875,3.47607421875,0.44628906250000006
3007,2.5439453125,2.11669921875,2.2861328125,0.80224609375,0.40380859375,3.59619140625,0.384765625
3008,2.66455078125,2.51416015625,2.29638671875,0.37841796875,0.8759765625,3.4423828125,0.26025390625
3009,2.65673828125,2.35986328125,2.3515625,0.421875,0.76611328125,3.48193359375,0.23291015625
3010,2.3154296875,2.26318359375,2.22021484375,0.59619140625,0.68896484375,3.11962890625,0.572265625
3011,2.31396484375,2.1689453125,2.30029296875,0.5458984375,0.6279296875,3.18701171875,0.4912109375
3012,2.26513671875,2.29443359375,2.265625,0.5673828125,0.61962890625,3.123046875,0.69384765625
3013,2.2958984375,2.18994140625,2.396484375,0.60400390625,0.4736328125,3.22900390625,0.62109375
3014,2.7431640625,2.3603515625,2.380859375,0.4306640625,0.56640625,3.138671875,0.4501953125
3015,2.72900390625,2.18896484375,2.4921875,0.4873046875,0.52392578125,3.1484375,0.41845703125
3016,2.306640625,2.255859375,2.38525390625,0.64990234375,0.572265625,3.26806640625,0.4462890625
3017,2.38427734375,2.1181640625,2.3837890625,0.77734375,0.4970703125,3.23779296875,0.37109375
3018,2.21142578125,2.494140625,2.38671875,0.5869140625,0.42822265625000006,3.21435546875,0.38671875
3019,2.19384765625,2.490234375,2.412109375,0.60986328125,0.3974609375,3.3125,0.42626953125000006
3020,2.3544921875,2.48583984375,2.4423828125,0.6806640625,0.505859375,3.111328125,0.7626953125
3021,2.41943359375,2.39794921875,2.46728515625,0.74072265625,0.44140625,3.17041015625,0.6142578125
3022,2.28076171875,2.61865234375,2.43212890625,0.74609375,0.67138671875,3.4619140625,0.6572265625
3023,2.25048828125,2.47314453125,2.45068359375,0.8740234375,0.69482421875,3.6240234375,0.58984375
3024,2.45654296875,2.3740234375,2.42041015625,0.37841796875,0.46044921875,3.30615234375,0.4970703125
3025,2.521484375,2.18896484375,2.42041015625,0.46240234375,0.3828125,3.41162109375,0.4580078125
3026,2.7548828125,2.32275390625,2.3115234375,0.23974609375,0.32373046875,3.13623046875,0.12353515625000003
3027,2.74560546875,2.3818359375,2.25341796875,0.31787109375,0.23388671875,3.3056640625,0.14013671875
3028,2.40625,2.15478515625,2.34521484375,0.4296875,0.43505859375,3.3291015625,0.41357421875
3029,2.38037109375,2.01220703125,2.44140625,0.490234375,0.4111328125,3.35302734375,0.42382812500000006
3030,2.18603515625,2.41064453125,2.33984375,0.54296875,0.6806640625,3.3037109375,0.14697265625000006
3031,2.208984375,2.4189453125,2.3955078125,0.59228515625,0.47998046875,3.341796875,0.10546875000000001
3032,2.6103515625,2.33984375,2.29443359375,0.46533203125,0.42626953125,3.24365234375,0.76904296875
3033,2.59423828125,2.2919921875,2.3564453125,0.4833984375,0.34521484375,3.25537109375,0.62451171875
3034,2.43701171875,2.4609375,2.21484375,0.36767578125,0.650390625,3.42431640625,0.45947265625
3035,2.43359375,2.25537109375,2.2880859375,0.47607421875,0.490234375,3.4423828125,0.3227539062500001
3036,2.48486328125,2.31884765625,2.31591796875,0.64013671875,0.32080078125,3.25341796875,0.43310546875
3037,2.44091796875,2.244140625,2.44189453125,0.783203125,0.26611328125,3.23193359375,0.36474609375000006
3038,2.53759765625,2.3525390625,2.26123046875,0.2529296875,0.71240234375,3.4267578125,0.76513671875
3039,2.52099609375,2.26611328125,2.3955078125,0.28955078125,0.572265625,3.416015625,0.58837890625
3040,2.3759765625,2.5087890625,2.53271484375,0.283203125,0.494140625,3.33544921875,0.8525390625
3041,2.40625,2.44482421875,2.52099609375,0.2583007812500001,0.36572265625,3.38134765625,0.81103515625
3042,2.6064453125,2.63623046875,2.46875,0.78955078125,0.48876953125,3.263671875,0.81396484375
3043,2.6767578125,2.4228515625,2.484375,0.814453125,0.35498046875,3.2841796875,0.7001953125
3044,2.6875,2.59619140625,2.3662109375,0.70068359375,0.62939453125,3.28759765625,0.40234375
3045,2.69189453125,2.4228515625,2.43505859375,0.76416015625,0.556640625,3.28076171875,0.3598632812500001
3046,2.388671875,2.09619140625,2.4130859375,0.29736328125,0.58056640625,3.26025390625,0.228515625
3047,2.47412109375,1.953125,2.42431640625,0.2539062500000001,0.50244140625,3.29052734375,0.11132812500000004
3048,2.26708984375,2.40869140625,2.29296875,0.4775390625,0.59228515625,3.1357421875,0.48095703125
3049,2.28271484375,2.2392578125,2.328125,0.5810546875,0.51123046875,3.22998046875,0.361328125
3050,2.8125,2.484375,2.3447265625,0.4130859375,0.4482421875,3.3974609375,0.43408203125
3051,2.8046875,2.3798828125,2.34912109375,0.48779296875,0.318359375,3.56689453125,0.38671875
3052,2.39453125,2.4580078125,2.4306640625,0.33740234375,0.15820312500000006,2.98291015625,0.49951171875
3053,2.52392578125,2.4560546875,2.4658203125,0.43994140625,0.10351562500000006,3.12939453125,0.400390625
3054,2.13427734375,2.6611328125,2.20166015625,0.7412109375,0.3447265625,3.19677734375,0.52880859375
3055,2.12158203125,2.70263671875,2.380859375,0.7158203125,0.22998046875,3.22998046875,0.50244140625
3056,2.6103515625,2.611328125,2.3505859375,0.51025390625,0.14062500000000003,3.416015625,0.46044921875
3057,2.61572265625,2.43798828125,2.43505859375,0.6142578125,0.08886718750000006,3.35791015625,0.39501953125
3058,2.263671875,2.41259765625,2.39794921875,0.52978515625,0.64892578125,3.2666015625,0.3818359375
3059,2.2958984375,2.349609375,2.3837890625,0.49365234375,0.6513671875,3.30126953125,0.359375
3060,2.59228515625,2.171875,2.36279296875,0.52783203125,0.6640625,3.35791015625,0.73486328125
3061,2.6630859375,2.09619140625,2.4326171875,0.61572265625,0.6455078125,3.349609375,0.6328125
3062,2.513671875,2.41552734375,2.31787109375,0.33544921875,0.5537109375,3.10546875,0.56298828125
3063,2.58984375,2.23828125,2.33349609375,0.2587890625,0.52734375,3.18603515625,0.46142578125
3064,2.44580078125,2.4365234375,2.26123046875,0.42919921875,0.27783203125,3.1708984375,0.78662109375
3065,2.47705078125,2.2431640625,2.2763671875,0.52197265625,0.244140625,3.30859375,0.73095703125
3066,2.1962890625,2.56005859375,2.53466796875,0.15380859375000006,0.44580078125,3.36328125,0.4326171875
3067,2.22412109375,2.34033203125,2.48095703125,0.17236328125000003,0.46435546875,3.42529296875,0.376953125
3068,2.5263671875,2.1904296875,2.3544921875,0.6806640625,0.5146484375,3.259765625,0.43798828125
3069,2.58447265625,2.1259765625,2.39013671875,0.724609375,0.54541015625,3.2783203125,0.40625
3070,2.611328125,2.38525390625,2.38134765625,0.56005859375,0.453125,3.07421875,0.53515625
3071,2.66455078125,2.30224609375,2.44921875,0.5595703125,0.4150390625,3.16162109375,0.5400390625
3072,2.4384765625,2.33984375,2.39501953125,0.28271484375,0.6708984375,3.16064453125,0.734375
3073,2.462890625,2.2255859375,2.5009765625,0.275390625,0.4677734375,3.21337890625,0.68359375
3074,2.41796875,2.4150390625,2.38427734375,0.4921875,0.4404296875,3.13134765625,0.380859375
3075,2.43994140625,2.34375,2.49609375,0.41650390625,0.31152343750000006,3.17236328125,0.24560546875
3076,2.384765625,2.58251953125,2.18994140625,0.78955078125,0.45947265625,3.10498046875,0.56640625
3077,2.4052734375,2.55126953125,2.22216796875,0.978515625,0.37646484375,3.1328125,0.359375
3078,2.4365234375,2.357421875,2.283203125,0.60888671875,0.259765625,3.20947265625,0.67236328125
3079,2.4423828125,2.322265625,2.36181640625,0.56298828125,0.234375,3.28369140625,0.52294921875
3080,2.625,2.39208984375,2.365234375,0.4375,0.6162109375,3.419921875,0.5361328125
3081,2.61474609375,2.3046875,2.38427734375,0.63916015625,0.46240234375,3.39794921875,0.345703125
3082,2.5732421875,2.607421875,2.31884765625,0.41992187500000006,0.2534179687500001,3.25537109375,0.47607421875
3083,2.521484375,2.498046875,2.3544921875,0.47265625,0.29052734375,3.310546875,0.41552734375
3084,2.748046875,2.21435546875,2.3671875,0.48193359375,0.27294921875,3.40966796875,0.23974609375
3085,2.7490234375,2.12451171875,2.4443359375,0.64404296875,0.21972656250000003,3.39990234375,0.2763671875
3086,2.39501953125,2.35986328125,2.28125,0.26416015625,0.73681640625,3.4423828125,0.6201171875
3087,2.43701171875,2.29638671875,2.33251953125,0.376953125,0.6357421875,3.54296875,0.40771484375
3088,2.3515625,2.44873046875,2.3408203125,0.27880859375,0.5771484375,3.201171875,0.455078125
3089,2.408203125,2.3916015625,2.4541015625,0.31787109375,0.43701171875,3.2646484375,0.3115234375
3090,2.7099609375,2.4326171875,2.4140625,0.25244140625,0.75341796875,3.15087890625,0.45947265625
3091,2.73486328125,2.32421875,2.466796875,0.25830078125,0.853515625,3.169921875,0.3916015625
3092,2.23828125,2.287109375,2.30712890625,0.7939453125,0.8095703125,3.38525390625,0.48046875
3093,2.24365234375,2.18212890625,2.31591796875,0.779296875,0.64013671875,3.40869140625,0.29541015625
3094,2.33447265625,2.2939453125,2.28466796875,0.15625000000000003,0.55126953125,3.419921875,0.30908203125
3095,2.51806640625,2.25537109375,2.34130859375,0.14062500000000003,0.4560546875,3.3935546875,0.22314453125000003
3096,2.30419921875,2.146484375,2.3349609375,0.70068359375,0.45361328125000006,3.19677734375,0.38134765625
3097,2.2939453125,1.96240234375,2.36767578125,0.77392578125,0.4052734375,3.28125,0.43310546875
3098,2.2734375,2.54248046875,2.4384765625,0.5234375,0.4072265625,3.1591796875,0.14599609375000006
3099,2.296875,2.55859375,2.52587890625,0.5791015625,0.34521484375,3.15771484375,0.10791015625
3100,2.47265625,2.3359375,2.38037109375,0.24121093750000003,0.748046875,3.14111328125,0.81494140625
3101,2.5048828125,2.169921875,2.4111328125,0.35009765625,0.71875,3.1298828125,0.57275390625
3102,2.56396484375,2.08251953125,2.3359375,0.31591796875,0.34423828125,3.306640625,0.62548828125
3103,2.7373046875,2.046875,2.39306640625,0.31494140625000006,0.34326171875,3.40625,0.5546875
3104,2.31787109375,2.54833984375,2.31982421875,0.435546875,0.13085937500000003,3.33154296875,0.71923828125
3105,2.32275390625,2.39013671875,2.37646484375,0.4248046875,0.11132812500000006,3.25634765625,0.58056640625
3106,2.435546875,2.578125,2.4716796875,0.7314453125,0.68798828125,3.07861328125,0.42333984375
3107,2.4248046875,2.50439453125,2.447265625,0.75,0.49755859375,3.162109375,0.3916015625
3108,2.29248046875,2.5771484375,2.37060546875,0.4990234375,0.5,2.978515625,0.45263671875000006
3109,2.3427734375,2.47509765625,2.38330078125,0.60302734375,0.43505859375,3.037109375,0.33935546875
3110,2.50830078125,2.6064453125,2.44384765625,0.5634765625,0.52099609375,3.38671875,0.4365234375
3111,2.61767578125,2.49609375,2.45751953125,0.779296875,0.36181640625,3.5009765625,0.3544921875
3112,2.49853515625,2.29150390625,2.40283203125,0.56640625,0.61474609375,3.17919921875,0.6455078125
3113,2.4052734375,2.28662109375,2.39208984375,0.64013671875,0.56005859375,3.22607421875,0.501953125
3114,2.365234375,2.4775390625,2.3984375,0.3388671875,0.5322265625,3.22216796875,0.31103515625
3115,2.345703125,2.357421875,2.484375,0.38818359375,0.3935546875,3.2255859375,0.2094726562500001
3116,2.61669921875,2.7158203125,2.29345703125,0.51513671875,0.5,3.28662109375,0.5751953125
3117,2.69189453125,2.50732421875,2.33935546875,0.619140625,0.38671875,3.357421875,0.52099609375
3118,2.48876953125,2.46826171875,2.31298828125,0.5068359375,0.65869140625,3.2470703125,0.62841796875
3119,2.45263671875,2.34423828125,2.3603515625,0.59375,0.7197265625,3.33349609375,0.49658203125
3120,2.2919921875,2.49169921875,2.29443359375,0.6650390625,0.5283203125,3.3857421875,0.56640625
3121,2.35400390625,2.42333984375,2.35546875,0.65966796875,0.474609375,3.39306640625,0.4794921875
3122,2.19287109375,2.18017578125,2.3447265625,0.5361328125,0.43603515625,3.40625,0.6376953125
3123,2.12451171875,2.16845703125,2.46728515625,0.71337890625,0.4345703125,3.564453125,0.51806640625
3124,2.4150390625,2.2158203125,2.24609375,0.37695312500000006,0.2509765625,3.15283203125,0.439453125
3125,2.44091796875,2.17431640625,2.38720703125,0.38818359375,0.2939453125,3.24169921875,0.38720703125
3126,2.42333984375,2.57421875,2.3564453125,0.6943359375,0.5595703125,3.39404296875,0.65869140625
3127,2.4365234375,2.32080078125,2.41064453125,0.63916015625,0.48095703125,3.42822265625,0.65576171875
3128,2.5908203125,2.3955078125,2.35986328125,0.62939453125,0.73974609375,3.37353515625,0.29003906250000006
3129,2.6416015625,2.2431640625,2.47314453125,0.8251953125,0.6640625,3.3896484375,0.2021484375
3130,2.42333984375,2.24560546875,2.4150390625,0.36279296875,0.4384765625,3.33935546875,0.400390625
3131,2.388671875,2.20654296875,2.42041015625,0.53271484375,0.41162109375,3.37353515625,0.3876953125
3132,2.4921875,2.39306640625,2.3203125,0.41845703125,0.3232421875,3.107421875,0.67333984375
3133,2.57568359375,2.27490234375,2.474609375,0.33837890625,0.2578125,3.19677734375,0.42822265625000006
3134,2.40625,2.40283203125,2.36376953125,0.14599609375000006,0.16503906250000006,3.4921875,0.43164062500000006
3135,2.43701171875,2.2509765625,2.4208984375,0.09033203125000007,0.07226562500000006,3.431640625,0.35888671875
3136,2.52099609375,2.341796875,2.4560546875,0.60888671875,0.470703125,3.17724609375,0.63623046875
3137,2.60986328125,2.2841796875,2.5029296875,0.72607421875,0.3525390625,3.13232421875,0.73876953125
3138,2.25732421875,2.56298828125,2.26025390625,0.23974609375000006,0.59765625,3.3720703125,0.78369140625
3139,2.30322265625,2.46142578125,2.32470703125,0.328125,0.552734375,3.3359375,0.63916015625
3140,2.6259765625,2.419921875,2.31982421875,0.3037109375,0.58056640625,3.09716796875,0.31347656250000006
3141,2.60498046875,2.27099609375,2.35400390625,0.3369140625,0.478515625,3.1201171875,0.25634765625
3142,2.3681640625,2.4794921875,2.26171875,0.51025390625,0.537109375,3.4140625,0.18457031250000006
3143,2.33837890625,2.21630859375,2.33251953125,0.62841796875,0.50048828125,3.4140625,0.07275390625000003
3144,2.208984375,2.31982421875,2.341796875,0.54931640625,0.29833984375,3.29345703125,0.28369140625000006
3145,2.27197265625,2.14404296875,2.44287109375,0.58740234375,0.25634765625,3.3466796875,0.2275390625
3146,2.5732421875,2.501953125,2.24560546875,0.47705078125,0.40087890625,3.10302734375,0.814453125
3147,2.583984375,2.39208984375,2.28125,0.525390625,0.46923828125,3.12060546875,0.564453125
3148,2.26025390625,2.396484375,2.45166015625,0.6376953125,0.70849609375,3.314453125,0.54736328125
3149,2.291015625,2.21044921875,2.3935546875,0.6455078125,0.5869140625,3.39404296875,0.44775390625
3150,2.33251953125,2.3515625,2.2685546875,0.41943359375,0.60009765625,3.1162109375,0.6826171875
3151,2.310546875,2.32275390625,2.34130859375,0.568359375,0.50830078125,3.19091796875,0.64404296875
3152,2.51708984375,2.3291015625,2.42041015625,0.482421875,0.40966796875,3.14208984375,0.599609375
3153,2.560546875,2.2861328125,2.38037109375,0.46533203125,0.3427734375,3.177734375,0.451171875
3154,2.52197265625,2.64208984375,2.22705078125,0.5703125,0.466796875,3.166015625,0.58935546875
3155,2.59716796875,2.5419921875,2.3271484375,0.53369140625,0.3393554687500001,3.20458984375,0.5078125
3156,2.51123046875,2.263671875,2.41162109375,0.5625,0.68115234375,3.28515625,0.5390625
3157,2.50341796875,2.205078125,2.51220703125,0.7783203125,0.58056640625,3.35986328125,0.44970703125
3158,2.32421875,2.2607421875,2.37255859375,0.458984375,0.8056640625,3.283203125,0.4609375
3159,2.283203125,2.15771484375,2.3974609375,0.40576171875,0.6123046875,3.47314453125,0.3046875
3160,2.36376953125,2.52880859375,2.32666015625,0.4072265625,0.73876953125,3.197265625,0.47412109375
3161,2.42041015625,2.3779296875,2.30126953125,0.47802734375,0.58544921875,3.2724609375,0.35107421875000006
3162,2.57373046875,2.60546875,2.412109375,0.3984375,0.69189453125,3.201171875,0.66943359375
3163,2.69189453125,2.39306640625,2.5009765625,0.4814453125,0.626953125,3.30615234375,0.61181640625
3164,2.39306640625,2.61572265625,2.3212890625,0.56982421875,0.77978515625,3.32763671875,0.5888671875
3165,2.43310546875,2.48388671875,2.41064453125,0.6171875,0.56591796875,3.3505859375,0.48779296875
3166,2.234375,2.30078125,2.37744140625,0.26220703125,0.4111328125,3.21923828125,0.7255859375
3167,2.26025390625,2.20947265625,2.509765625,0.326171875,0.4658203125,3.287109375,0.60107421875
3168,2.48779296875,2.435546875,2.28369140625,0.44873046875000006,0.4072265625,3.02685546875,0.66064453125
3169,2.5810546875,2.365234375,2.341796875,0.56396484375,0.3818359375,3.06103515625,0.46728515625
3170,2.39208984375,2.37744140625,2.388671875,0.5087890625,0.51708984375,3.37109375,0.59423828125
3171,2.38232421875,2.24755859375,2.47265625,0.4970703125,0.3505859375,3.46484375,0.51416015625
3172,2.24072265625,2.283203125,2.38525390625,0.64697265625,0.44091796875,3.40380859375,0.4580078125
3173,2.18359375,2.14697265625,2.4794921875,0.73193359375,0.3134765625,3.328125,0.37841796875
3174,2.1123046875,2.26708984375,2.28662109375,0.552734375,0.15283203125000003,3.27880859375,0.5029296875
3175,2.14453125,2.078125,2.330078125,0.7734375,0.10595703125000006,3.2431640625,0.4931640625
3176,2.5302734375,2.4853515625,2.34619140625,0.33154296875,0.447265625,3.37646484375,0.36962890625
3177,2.47509765625,2.3486328125,2.38232421875,0.2607421875,0.3125,3.416015625,0.20703125
3178,2.35595703125,2.58642578125,2.3359375,0.53955078125,0.43603515625000006,3.2373046875,0.8037109375
3179,2.34814453125,2.5419921875,2.3359375,0.49853515625,0.28466796875000006,3.2802734375,0.77880859375
3180,2.35302734375,2.3203125,2.44482421875,0.39697265625,0.4326171875,3.146484375,0.39892578125
3181,2.46337890625,2.30615234375,2.50341796875,0.47216796875,0.333984375,3.24951171875,0.37158203125
3182,2.681640625,2.54931640625,2.51904296875,0.31494140625,0.4619140625,3.42529296875,0.7666015625
3183,2.60205078125,2.333984375,2.6279296875,0.28564453125,0.3217773437500001,3.53173828125,0.52783203125
3184,2.62744140625,2.5341796875,2.263671875,0.32763671875,0.5341796875,3.11279296875,0.23486328125
3185,2.79052734375,2.3642578125,2.365234375,0.453125,0.4931640625,3.181640625,0.2197265625
3186,2.13916015625,2.37158203125,2.255859375,0.4931640625,0.58642578125,3.1767578125,0.3779296875
3187,2.119140625,2.20849609375,2.353515625,0.4853515625,0.51513671875,3.23095703125,0.38232421875
3188,2.548828125,2.458984375,2.27197265625,0.41015625,0.5869140625,3.2783203125,0.59375
3189,2.59033203125,2.400390625,2.37255859375,0.4921875,0.494140625,3.32080078125,0.32470703125
3190,2.4521484375,2.37353515625,2.443359375,0.48193359375,0.69384765625,3.38720703125,0.60400390625
3191,2.44677734375,2.0986328125,2.4833984375,0.56201171875,0.759765625,3.5009765625,0.51513671875
3192,2.4853515625,2.48828125,2.42529296875,0.24755859375,0.45458984375,3.2001953125,0.8271484375
3193,2.4560546875,2.5048828125,2.47607421875,0.306640625,0.35498046875,3.2509765625,0.68359375
3194,2.30810546875,2.44189453125,2.333984375,0.3359375,0.42626953125,3.2861328125,0.58740234375
3195,2.3046875,2.3896484375,2.365234375,0.32568359375000006,0.3842773437500001,3.31201171875,0.48876953125000006
3196,2.35693359375,2.611328125,2.2783203125,0.2705078125,0.64208984375,3.111328125,0.44140625
3197,2.33251953125,2.52734375,2.31689453125,0.38085937500000006,0.6494140625,3.18896484375,0.41552734375
3198,2.39208984375,2.4248046875,2.4111328125,0.43359375,0.79296875,3.1904296875,0.451171875
3199,2.447265625,2.30078125,2.46728515625,0.49072265625,0.67138671875,3.26220703125,0.3334960937500001
3200,2.64404296875,2.6259765625,2.3603515625,0.56640625,0.67041015625,3.2490234375,0.46533203125
3201,2.59033203125,2.39013671875,2.408203125,0.5615234375,0.67041015625,3.2353515625,0.3271484375
3202,2.484375,2.44482421875,2.42626953125,0.45654296875,0.12890625000000006,3.35205078125,0.8369140625
3203,2.5947265625,2.44677734375,2.4755859375,0.5625,0.08203125000000006,3.4296875,0.771484375
3204,2.36376953125,2.38818359375,2.255859375,0.39306640625,0.5712890625,3.31103515625,0.68408203125
3205,2.453125,2.1845703125,2.34228515625,0.39697265625,0.40185546875000006,3.26318359375,0.681640625
3206,2.55810546875,2.31640625,2.384765625,0.35791015625000006,0.5478515625,3.33056640625,0.40625
3207,2.5576171875,2.2216796875,2.546875,0.4453125,0.48388671875,3.41455078125,0.37646484375
3208,2.36572265625,2.10986328125,2.35009765625,0.3876953125,0.39599609375,3.39501953125,0.2768554687500001
3209,2.3359375,1.998046875,2.44677734375,0.46826171875,0.34033203125000006,3.4150390625,0.2216796875
3210,2.28173828125,2.1044921875,2.28125,0.6259765625,0.537109375,3.138671875,0.623046875
3211,2.3466796875,1.998046875,2.3291015625,0.67626953125,0.5732421875,3.12939453125,0.427734375
3212,2.71923828125,2.43212890625,2.33642578125,0.41259765625,0.57763671875,3.201171875,0.68505859375
3213,2.72265625,2.287109375,2.31201171875,0.458984375,0.4677734375,3.2265625,0.6337890625
3214,2.67138671875,2.18115234375,2.36279296875,0.390625,0.45703125,3.00537109375,0.5302734375
3215,2.61376953125,2.03271484375,2.4326171875,0.36572265625,0.3154296875,3.15625,0.5048828125
3216,2.41845703125,2.34423828125,2.35546875,0.748046875,0.41845703125,3.3544921875,0.4501953125
3217,2.39404296875,2.23193359375,2.4609375,0.7861328125,0.31982421875,3.291015625,0.36669921875
3218,2.1513671875,2.2529296875,2.51513671875,0.673828125,0.392578125,3.513671875,0.58251953125
3219,2.12451171875,2.171875,2.5322265625,0.80712890625,0.39013671875000006,3.4921875,0.5126953125
3220,2.51953125,2.70361328125,2.35791015625,0.53125,0.3720703125,3.37646484375,0.26269531250000006
3221,2.50732421875,2.32666015625,2.43359375,0.611328125,0.35546875,3.384765625,0.2041015625
3222,2.5185546875,2.21923828125,2.234375,0.4677734375,0.46875,3.3984375,0.2294921875
3223,2.5439453125,2.16796875,2.25146484375,0.56689453125,0.37744140625,3.37939453125,0.2998046875
3224,2.43701171875,2.45361328125,2.36962890625,0.4267578125,0.6083984375,3.24560546875,0.435546875
3225,2.505859375,2.26025390625,2.44140625,0.47607421875,0.51953125,3.37060546875,0.36181640625
3226,2.49853515625,2.30078125,2.24755859375,0.4833984375,0.60546875,3.076171875,0.54150390625
3227,2.50048828125,2.19482421875,2.38818359375,0.58203125,0.52685546875,3.150390625,0.5517578125
3228,2.44580078125,2.19921875,2.4931640625,0.26660156250000006,0.59912109375,3.30126953125,0.67578125
3229,2.44384765625,1.99462890625,2.49267578125,0.3017578125,0.57177734375,3.4052734375,0.62841796875
3230,2.14306640625,2.1669921875,2.40283203125,0.5546875,0.32763671875,3.30517578125,0.525390625
3231,2.1650390625,2.0234375,2.37744140625,0.68994140625,0.212890625,3.3212890625,0.54541015625
3232,2.56396484375,2.5751953125,2.361328125,0.66015625,0.62451171875,3.0712890625,0.4580078125
3233,2.69287109375,2.41015625,2.42138671875,0.71728515625,0.45703125,3.17041015625,0.36669921875
3234,2.21533203125,2.474609375,2.34423828125,0.42919921875,0.4296875,3.12548828125,0.2900390625
3235,2.24169921875,2.45068359375,2.44189453125,0.466796875,0.408203125,3.10546875,0.31298828125000006
3236,2.22802734375,2.47314453125,2.23291015625,0.37548828125000006,0.44091796875,3.34912109375,0.5390625
3237,2.2060546875,2.4970703125,2.23779296875,0.4765625,0.3984375,3.28369140625,0.51025390625
3238,2.2587890625,2.12255859375,2.2568359375,0.63525390625,0.60009765625,3.380859375,0.45263671875
3239,2.27197265625,2.11572265625,2.28271484375,0.63818359375,0.46484375,3.404296875,0.443359375
3240,2.31591796875,2.5166015625,2.30419921875,0.54541015625,0.42041015625,3.31494140625,0.5791015625
3241,2.3203125,2.33154296875,2.33056640625,0.533203125,0.4267578125,3.43505859375,0.48193359375
3242,2.66552734375,2.4150390625,2.27685546875,0.41064453125000006,0.42138671875,3.47607421875,0.5029296875
3243,2.60400390625,2.17138671875,2.39501953125,0.46337890625,0.36376953125000006,3.45263671875,0.4130859375
3244,2.34814453125,2.4345703125,2.3134765625,0.361328125,0.26953125,3.1787109375,0.55078125
3245,2.3603515625,2.25048828125,2.3837890625,0.47607421875,0.2421875,3.2353515625,0.4541015625
3246,2.2294921875,2.4072265625,2.4150390625,0.53759765625,0.42871093750000006,3.2177734375,0.74951171875
3247,2.2412109375,2.30517578125,2.482421875,0.5693359375,0.34033203125000006,3.2607421875,0.6826171875
3248,2.310546875,2.3125,2.29736328125,0.26123046875,0.591796875,3.24560546875,0.6484375
3249,2.35693359375,2.17431640625,2.39794921875,0.32128906250000006,0.5546875,3.32666015625,0.50439453125
3250,2.517578125,2.13427734375,2.33349609375,0.728515625,0.7919921875,3.18505859375,0.6748046875
3251,2.68603515625,2.109375,2.36474609375,0.7705078125,0.65771484375,3.33447265625,0.64208984375
3252,2.5498046875,2.47265625,2.33935546875,0.35107421875,0.28369140625,3.39892578125,0.275390625
3253,2.6572265625,2.34130859375,2.4130859375,0.3896484375,0.16259765625000008,3.4453125,0.19287109375000003
3254,2.61474609375,2.2919921875,2.18798828125,0.46630859375,0.42041015625000006,3.38427734375,0.54736328125
3255,2.61572265625,2.3115234375,2.24267578125,0.65185546875,0.3486328125,3.47265625,0.55078125
3256,2.50732421875,2.3154296875,2.33544921875,0.572265625,0.62744140625,3.1484375,0.587890625
3257,2.6572265625,2.18212890625,2.37158203125,0.61181640625,0.56201171875,3.2216796875,0.4765625
3258,2.4462890625,2.5390625,2.20263671875,0.36230468750000006,0.51611328125,3.28564453125,0.54296875
3259,2.45458984375,2.41162109375,2.25830078125,0.4150390625,0.53759765625,3.302734375,0.470703125
3260,2.3564453125,2.15673828125,2.431640625,0.5654296875,0.59912109375,3.20849609375,0.427734375
3261,2.4091796875,2.0986328125,2.40771484375,0.58056640625,0.55126953125,3.2548828125,0.45166015625
3262,2.67236328125,2.287109375,2.24365234375,0.4833984375,0.638671875,3.29345703125,0.51904296875
3263,2.6650390625,2.08251953125,2.33837890625,0.63720703125,0.48583984375,3.33349609375,0.2998046875
3264,2.49169921875,2.181640625,2.421875,0.16064453125000006,0.5322265625,3.384765625,0.31201171875
3265,2.55615234375,2.0390625,2.4794921875,0.11035156250000003,0.47998046875000006,3.4013671875,0.22900390625000003
3266,2.462890625,2.40625,2.27685546875,0.51171875,0.12060546875000004,3.130859375,0.56787109375
3267,2.53076171875,2.3564453125,2.39013671875,0.44384765625000006,0.09765625000000006,3.25,0.43896484375000006
3268,2.232421875,2.24755859375,2.2490234375,0.40869140625,0.55126953125,3.13525390625,0.16699218750000006
3269,2.2353515625,2.15087890625,2.30224609375,0.42822265625,0.5478515625,3.17431640625,0.09228515625000006
3270,2.51708984375,2.6005859375,2.337890625,0.37695312500000006,0.46826171875,3.1416015625,0.54248046875
3271,2.7265625,2.400390625,2.3515625,0.451171875,0.38330078125,3.212890625,0.46533203125
3272,2.578125,2.63623046875,2.42138671875,0.43505859375,0.30615234375,3.1552734375,0.35888671875
3273,2.564453125,2.42333984375,2.45751953125,0.5947265625,0.16210937500000006,3.19287109375,0.31201171875
3274,2.42919921875,2.4375,2.34228515625,0.4296875,0.43310546875,2.99267578125,0.67626953125
3275,2.42431640625,2.41455078125,2.3701171875,0.45361328125,0.33251953125,3.064453125,0.68115234375
3276,2.1328125,2.3330078125,2.3896484375,0.13916015625000006,0.50146484375,3.177734375,0.2685546875000001
3277,2.09423828125,2.19482421875,2.45458984375,0.11621093750000003,0.33935546875,3.23388671875,0.23193359375
3278,2.71923828125,2.45654296875,2.322265625,0.15039062500000006,0.53662109375,3.3642578125,0.6171875
3279,2.62841796875,2.169921875,2.36962890625,0.16259765625000003,0.505859375,3.35986328125,0.5234375
3280,2.83642578125,2.3876953125,2.3447265625,0.41650390625000006,0.16992187500000003,3.17724609375,0.23681640625000006
3281,2.81396484375,2.1484375,2.36328125,0.4462890625,0.10449218750000006,3.20166015625,0.23291015625
3282,2.30859375,2.52197265625,2.37744140625,0.61767578125,0.58837890625,3.15185546875,0.40966796875
3283,2.3154296875,2.40771484375,2.42431640625,0.48486328125,0.41650390625,3.31982421875,0.35888671875
3284,2.51318359375,2.3828125,2.18701171875,0.3916015625,0.7333984375,3.04052734375,0.4140625
3285,2.62890625,2.3046875,2.29541015625,0.48046875,0.61572265625,3.037109375,0.3984375
3286,2.5068359375,2.560546875,2.21728515625,0.39111328125000006,0.4521484375,3.2685546875,0.50634765625
3287,2.4755859375,2.41943359375,2.328125,0.4609375,0.39892578125,3.24072265625,0.50830078125
3288,2.11767578125,2.4921875,2.25732421875,0.38330078125,0.33935546875,3.34130859375,0.4892578125
3289,2.189453125,2.32763671875,2.3857421875,0.44384765625,0.18994140625000003,3.50927734375,0.36474609375
3290,2.2763671875,2.51318359375,2.32177734375,0.5703125,0.59619140625,3.36279296875,0.7041015625
3291,2.32763671875,2.34326171875,2.44189453125,0.65185546875,0.51904296875,3.375,0.62158203125
3292,2.52294921875,2.447265625,2.3935546875,0.50537109375,0.4130859375,3.3125,0.435546875
3293,2.50927734375,2.228515625,2.4140625,0.60888671875,0.41015625,3.3291015625,0.3671875
3294,2.47265625,2.3271484375,2.365234375,0.49267578125,0.4189453125,3.46044921875,0.5078125
3295,2.513671875,2.25390625,2.47607421875,0.552734375,0.3916015625,3.41943359375,0.552734375
3296,2.2314453125,2.3623046875,2.380859375,0.43212890625,0.322265625,3.5234375,0.5654296875
3297,2.29931640625,2.1982421875,2.38232421875,0.57958984375,0.27880859375,3.5556640625,0.49853515625
3298,2.6962890625,2.421875,2.359375,0.7685546875,0.70849609375,3.185546875,0.693359375
3299,2.64208984375,2.21484375,2.43896484375,0.8134765625,0.603515625,3.31298828125,0.583984375
3300,2.58935546875,2.40234375,2.267578125,0.4794921875,0.55908203125,3.384765625,0.2490234375000001
3301,2.5166015625,2.3125,2.326171875,0.63134765625,0.513671875,3.49560546875,0.20556640625
3302,2.36572265625,2.4775390625,2.2587890625,0.23583984375,0.4091796875,3.1357421875,0.5595703125
3303,2.4482421875,2.5341796875,2.33642578125,0.34863281250000006,0.43359375,3.1845703125,0.33837890625
3304,2.5,2.234375,2.2373046875,0.5439453125,0.6259765625,3.28564453125,0.70849609375
3305,2.470703125,2.07958984375,2.306640625,0.57421875,0.404296875,3.30029296875,0.71875
3306,2.5390625,2.4248046875,2.318359375,0.5576171875,0.5673828125,3.3681640625,0.49755859375
3307,2.60205078125,2.34375,2.4072265625,0.728515625,0.55810546875,3.4150390625,0.4892578125
3308,2.49462890625,2.19384765625,2.37939453125,0.326171875,0.6171875,3.43017578125,0.58642578125
3309,2.63330078125,2.07763671875,2.5009765625,0.333984375,0.49560546875,3.41064453125,0.5263671875
3310,2.150390625,2.4111328125,2.328125,0.3935546875,0.56005859375,3.1826171875,0.59228515625
3311,2.1923828125,2.35791015625,2.4033203125,0.4716796875,0.55615234375,3.19677734375,0.42236328125
3312,2.60107421875,2.30712890625,2.32373046875,0.38769531250000006,0.58837890625,3.19287109375,0.6630859375
3313,2.7001953125,2.24609375,2.40380859375,0.4267578125,0.46826171875,3.29541015625,0.68359375
3314,2.66357421875,2.29833984375,2.3974609375,0.54345703125,0.822265625,3.2763671875,0.419921875
3315,2.640625,2.0732421875,2.38720703125,0.58984375,0.74951171875,3.2451171875,0.34326171875
3316,2.28466796875,2.45751953125,2.50634765625,0.43017578125,0.43994140625,3.22314453125,0.32568359375
3317,2.2138671875,2.400390625,2.4931640625,0.4697265625,0.36279296875,3.2421875,0.212890625
3318,2.67041015625,2.564453125,2.26806640625,0.634765625,0.3916015625,3.39208984375,0.75146484375
3319,2.8046875,2.3408203125,2.2861328125,0.66845703125,0.2734375,3.4755859375,0.59814453125
3320,2.64697265625,2.18896484375,2.2353515625,0.36474609375,0.28076171875,3.16162109375,0.4287109375
3321,2.64990234375,2.0576171875,2.37451171875,0.5029296875,0.29248046875,3.1875,0.35888671875
3322,2.345703125,2.4453125,2.48876953125,0.57470703125,0.3916015625,3.1376953125,0.4287109375
3323,2.33203125,2.3193359375,2.46875,0.66357421875,0.369140625,3.263671875,0.36572265625
3324,2.49755859375,2.29931640625,2.4384765625,0.576171875,0.31103515625,3.041015625,0.595703125
3325,2.53955078125,2.1640625,2.4912109375,0.64013671875,0.22705078125,3.0791015625,0.5263671875
3326,2.26904296875,2.55908203125,2.3759765625,0.240234375,0.4326171875,3.31640625,0.734375
3327,2.314453125,2.58837890625,2.41455078125,0.333984375,0.3486328125,3.341796875,0.623046875
3328,2.52490234375,2.36181640625,2.25244140625,0.25341796875,0.4736328125,3.18212890625,0.70166015625
3329,2.52001953125,2.2373046875,2.25732421875,0.328125,0.4560546875,3.3427734375,0.626953125
3330,2.32958984375,2.20849609375,2.5322265625,0.43408203125,0.45556640625,3.06201171875,0.521484375
3331,2.30029296875,2.228515625,2.55419921875,0.43896484375000006,0.3974609375,3.12158203125,0.5126953125
3332,2.29931640625,2.6865234375,2.37109375,0.263671875,0.328125,3.4306640625,0.43310546875
3333,2.4013671875,2.57861328125,2.3505859375,0.32519531250000006,0.14501953125000003,3.4736328125,0.38134765625
3334,2.46240234375,2.21142578125,2.41259765625,0.27392578125,0.53662109375,2.99658203125,0.41308593750000006
3335,2.43310546875,2.1171875,2.4423828125,0.33789062500000006,0.52001953125,3.03515625,0.32275390625000006
3336,2.57373046875,2.37158203125,2.3681640625,0.837890625,0.49365234375,3.2919921875,0.3662109375
3337,2.56298828125,2.26220703125,2.36279296875,0.80712890625,0.359375,3.36572265625,0.33349609375000006
3338,2.337890625,2.24462890625,2.37548828125,0.2705078125,0.54638671875,3.42333984375,0.63232421875
3339,2.3291015625,2.076171875,2.4150390625,0.38232421875,0.5361328125,3.59765625,0.6650390625
3340,2.32421875,2.318359375,2.2421875,0.62109375,0.3837890625,3.4140625,0.4140625
3341,2.35791015625,2.228515625,2.34423828125,0.73974609375,0.38427734375,3.38330078125,0.3642578125
3342,2.35546875,2.35595703125,2.216796875,0.2607421875,0.748046875,3.2783203125,0.69970703125
3343,2.365234375,2.26513671875,2.263671875,0.36425781250000006,0.70166015625,3.29931640625,0.587890625
3344,2.60498046875,2.46923828125,2.4365234375,0.35302734375,0.52099609375,3.01953125,0.38134765625000006
3345,2.63427734375,2.474609375,2.46728515625,0.36083984375,0.517578125,3.12646484375,0.40771484375
3346,2.46875,2.21044921875,2.32861328125,0.16015625000000003,0.78466796875,3.357421875,0.34716796875
3347,2.56298828125,2.1796875,2.42919921875,0.14550781250000003,0.6806640625,3.31982421875,0.25048828125
3348,2.26953125,2.51220703125,2.39453125,0.5390625,0.86767578125,3.3759765625,0.466796875
3349,2.263671875,2.4658203125,2.44580078125,0.62890625,0.6474609375,3.36279296875,0.375
3350,2.712890625,2.41943359375,2.37548828125,0.4208984375,0.34814453125,3.42431640625,0.6689453125
3351,2.759765625,2.40380859375,2.35009765625,0.45556640625,0.24951171875,3.49609375,0.470703125
3352,2.41259765625,2.216796875,2.42578125,0.59033203125,0.60986328125,3.1806640625,0.7275390625
3353,2.4755859375,2.10595703125,2.42578125,0.62939453125,0.43115234375,3.21484375,0.576171875
3354,2.65478515625,2.53662109375,2.25439453125,0.42626953125,0.3232421875,3.20556640625,0.63037109375
3355,2.62353515625,2.34521484375,2.39697265625,0.4677734375,0.2573242187500001,3.26123046875,0.48828125
3356,2.67138671875,2.31494140625,2.3173828125,0.56689453125,0.58154296875,3.13232421875,0.53466796875
3357,2.72119140625,2.28271484375,2.34912109375,0.60302734375,0.47021484375,3.220703125,0.49462890625
3358,2.466796875,2.45849609375,2.40576171875,0.27783203125,0.24658203125,3.263671875,0.7353515625
3359,2.5361328125,2.3603515625,2.3740234375,0.3037109375,0.23779296875,3.3125,0.59130859375
3360,2.59716796875,2.376953125,2.37109375,0.73486328125,0.1611328125,3.22265625,0.4482421875
3361,2.51611328125,2.31982421875,2.5322265625,0.787109375,0.13134765625000006,3.29833984375,0.31494140625000006
3362,2.57666015625,2.37890625,2.294921875,0.69580078125,0.7158203125,3.0537109375,0.57177734375
3363,2.6396484375,2.28076171875,2.29541015625,0.7626953125,0.736328125,3.10986328125,0.47900390625
3364,2.29150390625,2.40771484375,2.33251953125,0.69140625,0.76611328125,3.04443359375,0.58544921875
3365,2.32861328125,2.27734375,2.36181640625,0.81201171875,0.78759765625,3.09814453125,0.3950195312500001
3366,2.52294921875,2.0908203125,2.3974609375,0.6640625,0.4375,3.2197265625,0.43994140625
3367,2.5234375,2.0419921875,2.5087890625,0.54150390625,0.41259765625,3.294921875,0.39453125
3368,2.66015625,2.408203125,2.375,0.8310546875,0.46533203125,3.2294921875,0.306640625
3369,2.62548828125,2.35302734375,2.37841796875,0.73486328125,0.3330078125,3.2578125,0.25048828125
3370,2.4501953125,2.48681640625,2.404296875,0.59619140625,0.7880859375,3.08837890625,0.56640625
3371,2.4716796875,2.40625,2.45751953125,0.5537109375,0.72265625,3.23095703125,0.4697265625
3372,2.52587890625,2.34228515625,2.38720703125,0.69873046875,0.55224609375,3.2060546875,0.56298828125
3373,2.47607421875,2.109375,2.49072265625,0.75244140625,0.51904296875,3.17138671875,0.4453125
3374,2.52880859375,2.50537109375,2.2646484375,0.5498046875,0.384765625,3.21923828125,0.58349609375
3375,2.58642578125,2.27880859375,2.37646484375,0.58642578125,0.38623046875,3.22705078125,0.47216796875
3376,2.4453125,2.35791015625,2.33154296875,0.57861328125,0.431640625,3.54248046875,0.26220703125
3377,2.37939453125,2.32568359375,2.41943359375,0.5732421875,0.36376953125,3.58935546875,0.2011718750000001
3378,2.7822265625,2.240234375,2.42529296875,0.3154296875,0.486328125,3.2060546875,0.33251953125
3379,2.7177734375,2.2138671875,2.4072265625,0.34814453125,0.31494140625,3.17578125,0.2451171875
3380,2.423828125,2.4345703125,2.29736328125,0.40625,0.345703125,3.17626953125,0.392578125
3381,2.48876953125,2.31298828125,2.349609375,0.47900390625,0.20898437500000003,3.24609375,0.39990234375
3382,2.27978515625,2.4443359375,2.33251953125,0.37890625,0.64013671875,3.12353515625,0.61669921875
3383,2.2060546875,2.39453125,2.39990234375,0.453125,0.41748046875,3.2626953125,0.49462890625
3384,2.267578125,2.3544921875,2.39404296875,0.396484375,0.3193359375,3.509765625,0.26513671875
3385,2.3603515625,2.22802734375,2.435546875,0.46826171875,0.24169921875,3.41650390625,0.2587890625
3386,2.4111328125,2.2822265625,2.36572265625,0.39404296875,0.2431640625,3.583984375,0.6357421875
3387,2.439453125,2.29833984375,2.42724609375,0.44140625,0.17480468750000003,3.5556640625,0.458984375
3388,2.40185546875,2.4951171875,2.35595703125,0.556640625,0.615234375,3.2919921875,0.412109375
3389,2.46728515625,2.42236328125,2.3251953125,0.67236328125,0.662109375,3.390625,0.36523437500000006
3390,2.11572265625,2.48193359375,2.36279296875,0.63330078125,0.6376953125,3.2470703125,0.4345703125
3391,2.17431640625,2.3447265625,2.4033203125,0.619140625,0.61474609375,3.2578125,0.373046875
3392,2.5419921875,2.48046875,2.40283203125,0.4873046875,0.60986328125,3.40234375,0.2617187500000001
3393,2.48974609375,2.36669921875,2.5341796875,0.60498046875,0.51416015625,3.4638671875,0.1923828125
3394,2.42919921875,2.4794921875,2.31884765625,0.29296875,0.5537109375,3.1025390625,0.60498046875
3395,2.42529296875,2.314453125,2.3955078125,0.25537109375000006,0.50537109375,3.10986328125,0.498046875
3396,2.57373046875,2.55517578125,2.1943359375,0.26708984375,0.4326171875,3.28369140625,0.306640625
3397,2.63427734375,2.33544921875,2.2861328125,0.30175781250000006,0.341796875,3.28955078125,0.212890625
3398,2.4052734375,2.34716796875,2.19775390625,0.51806640625,0.65625,3.4208984375,0.376953125
3399,2.5205078125,2.1435546875,2.361328125,0.57373046875,0.5693359375,3.48876953125,0.4013671875
3400,2.41943359375,2.53515625,2.2998046875,0.50244140625,0.51318359375,3.28125,0.544921875
3401,2.42431640625,2.3798828125,2.3466796875,0.57373046875,0.39892578125,3.32470703125,0.48828125
3402,2.58203125,2.38232421875,2.40771484375,0.4091796875,0.5712890625,3.24853515625,0.70654296875
3403,2.6220703125,2.2265625,2.4130859375,0.51416015625,0.53466796875,3.28466796875,0.61181640625
3404,2.5029296875,2.27001953125,2.45947265625,0.544921875,0.41455078125,3.33154296875,0.52392578125
3405,2.47802734375,2.06298828125,2.4423828125,0.64013671875,0.40771484375000006,3.44482421875,0.5029296875
3406,2.556640625,2.41064453125,2.35986328125,0.48974609375,0.70849609375,3.3671875,0.19384765625000006
3407,2.404296875,2.33154296875,2.3486328125,0.498046875,0.60009765625,3.4609375,0.1357421875
3408,2.57421875,2.47021484375,2.2763671875,0.7001953125,0.6025390625,3.10986328125,0.55517578125
3409,2.513671875,2.3515625,2.3330078125,0.81298828125,0.49169921875,3.23974609375,0.53564453125
3410,2.3935546875,2.15380859375,2.45263671875,0.56005859375,0.4404296875,3.24609375,0.4384765625
3411,2.43310546875,1.99609375,2.482421875,0.6416015625,0.35693359375,3.30859375,0.3486328125
3412,2.4638671875,2.1005859375,2.18212890625,0.5068359375,0.9169921875,3.2099609375,0.42041015625000006
3413,2.51318359375,2.01171875,2.31591796875,0.61865234375,0.69580078125,3.40478515625,0.35693359375
3414,2.4912109375,2.373046875,2.2890625,0.23876953125,0.6044921875,3.35546875,0.49072265625
3415,2.49267578125,2.29248046875,2.33642578125,0.32763671875,0.455078125,3.33837890625,0.3310546875
3416,2.61376953125,2.39111328125,2.43896484375,0.82666015625,0.51171875,3.14892578125,0.8583984375
3417,2.65478515625,2.37451171875,2.42431640625,0.87890625,0.482421875,3.1513671875,0.7890625
3418,2.52587890625,2.248046875,2.498046875,0.29980468750000006,0.11621093750000004,3.27197265625,0.76611328125
3419,2.5625,2.1328125,2.396484375,0.4072265625,0.08886718750000006,3.39599609375,0.62890625
3420,2.30810546875,2.5546875,2.1904296875,0.5556640625,0.69677734375,3.3232421875,0.39599609375
3421,2.2587890625,2.4189453125,2.2763671875,0.56884765625,0.64306640625,3.4033203125,0.37939453125
3422,2.31396484375,2.4736328125,2.2998046875,0.5361328125,0.5322265625,3.359375,0.60595703125
3423,2.34130859375,2.37060546875,2.3125,0.65625,0.5341796875,3.42578125,0.47119140625
3424,2.52587890625,2.39697265625,2.34521484375,0.2255859375,0.70361328125,3.04833984375,0.58837890625
3425,2.62158203125,2.29833984375,2.3671875,0.31689453125,0.7255859375,3.10205078125,0.51416015625
3426,2.4072265625,2.35302734375,2.4111328125,0.603515625,0.6962890625,3.185546875,0.13964843750000006
3427,2.46630859375,2.3388671875,2.4384765625,0.6591796875,0.572265625,3.24462890625,0.10449218750000001
3428,2.6298828125,2.24365234375,2.36376953125,0.42138671875,0.32763671875,2.9873046875,0.5810546875
3429,2.6513671875,2.1162109375,2.47021484375,0.49755859375,0.28369140625,3.046875,0.52392578125
3430,2.60302734375,2.24609375,2.2939453125,0.24462890625000003,0.611328125,3.44287109375,0.4091796875
3431,2.5390625,1.9658203125,2.310546875,0.35107421875,0.47314453125,3.44482421875,0.36669921875
3432,2.2861328125,2.50146484375,2.38330078125,0.3017578125,0.31689453125000006,3.25146484375,0.68017578125
3433,2.2861328125,2.35595703125,2.41650390625,0.25830078125,0.19384765625,3.384765625,0.5830078125
3434,2.2958984375,2.4755859375,2.40771484375,0.35400390625,0.43115234375,3.21337890625,0.232421875
3435,2.22900390625,2.33740234375,2.49755859375,0.30029296875,0.333984375,3.224609375,0.17871093750000008
3436,2.49267578125,2.361328125,2.27783203125,0.4248046875,0.40966796875,3.5712890625,0.69091796875
3437,2.52978515625,2.21240234375,2.31884765625,0.5,0.32519531250000006,3.466796875,0.58984375
3438,2.5556640625,2.32763671875,2.3056640625,0.42431640625,0.54150390625,3.06982421875,0.26806640625
3439,2.49853515625,2.23388671875,2.41064453125,0.48046875,0.57421875,3.1025390625,0.23828125
3440,2.38818359375,2.408203125,2.4619140625,0.5673828125,0.27587890625,3.41748046875,0.40576171875000006
3441,2.45556640625,2.28369140625,2.53173828125,0.5283203125,0.20166015625,3.4794921875,0.33203125000000006
3442,2.47314453125,2.1767578125,2.3671875,0.24755859375,0.466796875,3.07763671875,0.5400390625
3443,2.48193359375,2.109375,2.4541015625,0.31542968750000006,0.4638671875,3.1396484375,0.48876953125000006
3444,2.3828125,2.37060546875,2.3212890625,0.4111328125,0.46240234375,3.2177734375,0.548828125
3445,2.44091796875,2.24267578125,2.32763671875,0.44970703125,0.39013671875000006,3.31787109375,0.478515625
3446,2.3857421875,2.5400390625,2.35888671875,0.53076171875,0.28564453125000006,3.03369140625,0.3740234375
3447,2.412109375,2.40478515625,2.412109375,0.53271484375,0.24169921875,3.2060546875,0.1733398437500001
3448,2.232421875,2.4111328125,2.38720703125,0.396484375,0.15966796875000006,3.1337890625,0.29248046875
3449,2.2666015625,2.34130859375,2.4189453125,0.3310546875,0.07470703125000006,3.19873046875,0.26513671875000006
3450,2.328125,2.33251953125,2.3291015625,0.2783203125,0.30615234375,3.2861328125,0.38378906250000006
3451,2.3681640625,2.13623046875,2.400390625,0.2470703125,0.3232421875,3.36083984375,0.42236328125
3452,2.49169921875,2.4609375,2.25244140625,0.3496093750000001,0.4013671875,3.0947265625,0.68212890625
3453,2.623046875,2.38232421875,2.4130859375,0.4111328125,0.3662109375,3.271484375,0.60009765625
3454,2.390625,2.62158203125,2.26123046875,0.57763671875,0.6240234375,3.13427734375,0.4560546875
3455,2.40087890625,2.49951171875,2.32861328125,0.5859375,0.44775390625,3.2158203125,0.3828125
3456,2.275390625,2.603515625,2.3125,0.42041015625,0.5302734375,3.4384765625,0.537109375
3457,2.39599609375,2.44287109375,2.37158203125,0.63623046875,0.4658203125,3.49755859375,0.47119140625
3458,2.5771484375,2.14111328125,2.43701171875,0.35546875,0.64404296875,3.14697265625,0.22265625
3459,2.5869140625,1.94921875,2.48876953125,0.47265625,0.75,3.1962890625,0.1899414062500001
3460,2.66796875,2.12060546875,2.23828125,0.48779296875,0.7421875,3.36767578125,0.43896484375
3461,2.6728515625,2.1201171875,2.35791015625,0.54150390625,0.7333984375,3.4765625,0.3564453125
3462,2.6220703125,2.22802734375,2.31396484375,0.388671875,0.40380859375,3.49072265625,0.59521484375
3463,2.5986328125,2.14208984375,2.380859375,0.43994140625,0.3525390625000001,3.63720703125,0.5087890625
3464,2.24951171875,2.7548828125,2.3818359375,0.46923828125,0.58984375,3.4130859375,0.27148437500000006
3465,2.25927734375,2.55859375,2.43701171875,0.54638671875,0.49755859375,3.529296875,0.19970703125
3466,2.6103515625,2.4306640625,2.46142578125,0.67041015625,0.60546875,3.30029296875,0.67431640625
3467,2.5087890625,2.25830078125,2.48095703125,0.662109375,0.53466796875,3.28955078125,0.62060546875
3468,2.40966796875,2.4306640625,2.4296875,0.4140625,0.5087890625,3.2783203125,0.63037109375
3469,2.38525390625,2.298828125,2.45166015625,0.50244140625,0.39794921875,3.38525390625,0.47021484375
3470,2.46337890625,2.1044921875,2.36767578125,0.609375,0.17675781250000006,3.103515625,0.20068359375000003
3471,2.44482421875,2.07470703125,2.4775390625,0.65283203125,0.12744140625,3.09912109375,0.32958984375
3472,2.5517578125,2.3115234375,2.4482421875,0.60693359375,0.27099609375,3.19384765625,0.5908203125
3473,2.56396484375,2.24267578125,2.5009765625,0.73681640625,0.18701171875000003,3.20166015625,0.46630859375
3474,2.38427734375,2.50146484375,2.384765625,0.73876953125,0.515625,3.32958984375,0.24218750000000003
3475,2.34326171875,2.2587890625,2.3857421875,0.76611328125,0.46923828125,3.39990234375,0.33740234375
3476,2.60986328125,2.31494140625,2.25439453125,0.44482421875,0.345703125,3.16064453125,0.24560546875
3477,2.72265625,2.103515625,2.38720703125,0.4521484375,0.29833984375,3.23291015625,0.20507812500000006
3478,2.68798828125,2.30419921875,2.3955078125,0.3388671875000001,0.3896484375,3.24853515625,0.7333984375
3479,2.5927734375,2.1767578125,2.373046875,0.4462890625,0.38916015625,3.2822265625,0.72216796875
3480,2.31787109375,2.70166015625,2.38818359375,0.40966796875,0.57275390625,3.384765625,0.56982421875
3481,2.25732421875,2.376953125,2.34716796875,0.44091796875,0.48486328125,3.45849609375,0.47265625
3482,2.08935546875,2.37890625,2.29345703125,0.35400390625000006,0.79052734375,3.1728515625,0.54150390625
3483,2.1640625,2.30517578125,2.31494140625,0.4267578125,0.603515625,3.25537109375,0.5830078125
3484,2.376953125,2.35400390625,2.32080078125,0.56591796875,0.44189453125,3.3701171875,0.5576171875
3485,2.37353515625,2.2080078125,2.35791015625,0.55078125,0.419921875,3.39013671875,0.4365234375
3486,2.46142578125,2.4541015625,2.38818359375,0.38867187500000006,0.42626953125,3.23828125,0.50439453125
3487,2.46875,2.373046875,2.3896484375,0.4384765625,0.326171875,3.3291015625,0.36376953125
3488,2.6748046875,2.36376953125,2.3818359375,0.45166015625,0.27783203125,3.4169921875,0.763671875
3489,2.6064453125,2.25732421875,2.42138671875,0.47021484375,0.24560546875000003,3.369140625,0.5771484375
3490,2.5869140625,2.3828125,2.41650390625,0.5322265625,0.55078125,3.2490234375,0.59619140625
3491,2.58642578125,2.2275390625,2.3935546875,0.5185546875,0.32861328125,3.30322265625,0.4755859375
3492,2.34375,2.59912109375,2.34814453125,0.79638671875,0.89599609375,3.25,0.712890625
3493,2.3740234375,2.435546875,2.39892578125,0.7939453125,0.67919921875,3.2763671875,0.58203125
3494,2.365234375,2.58837890625,2.31005859375,0.22021484375,0.41064453125,3.29345703125,0.45166015625
3495,2.37353515625,2.48876953125,2.4619140625,0.3349609375,0.3935546875,3.33740234375,0.34765625
3496,2.33984375,2.5302734375,2.4033203125,0.60400390625,0.35107421875,3.03857421875,0.29443359375
3497,2.3671875,2.39306640625,2.421875,0.68798828125,0.4775390625,3.0888671875,0.21533203125
3498,2.66015625,2.4267578125,2.392578125,0.5537109375,0.4482421875,3.3310546875,0.7421875
3499,2.634765625,2.2900390625,2.486328125,0.5126953125,0.41748046875,3.38134765625,0.638671875
3500,2.57177734375,2.3583984375,2.36328125,0.6162109375,0.416015625,3.17724609375,0.3232421875
3501,2.67529296875,2.23876953125,2.39453125,0.72314453125,0.3466796875,3.25,0.23388671875
3502,2.4755859375,2.50830078125,2.447265625,0.23095703125,0.40771484375,3.2060546875,0.61669921875
3503,2.47314453125,2.42529296875,2.51513671875,0.3564453125,0.2714843750000001,3.26220703125,0.5107421875
3504,2.623046875,2.521484375,2.35595703125,0.412109375,0.36865234375,3.3583984375,0.69384765625
3505,2.62744140625,2.314453125,2.43505859375,0.44970703125,0.34179687500000006,3.31982421875,0.59326171875
3506,2.2802734375,2.40966796875,2.5244140625,0.56689453125,0.53955078125,3.2294921875,0.43115234375
3507,2.30029296875,2.3310546875,2.48095703125,0.58740234375,0.462890625,3.30322265625,0.3447265625
3508,2.4912109375,2.31396484375,2.33984375,0.25146484375,0.376953125,3.40576171875,0.47509765625
3509,2.51611328125,2.18359375,2.40576171875,0.326171875,0.37451171875,3.4501953125,0.361328125
3510,2.40576171875,2.4375,2.2451171875,0.2475585937500001,0.62646484375,3.06884765625,0.54541015625
3511,2.447265625,2.3779296875,2.31591796875,0.33154296875,0.56396484375,3.2021484375,0.44921875
3512,2.625,2.4541015625,2.3310546875,0.32519531250000006,0.4443359375,3.25634765625,0.46142578125
3513,2.603515625,2.48681640625,2.32958984375,0.41845703125,0.38037109375,3.29150390625,0.42138671875
3514,2.35107421875,2.3232421875,2.3330078125,0.49169921875,0.376953125,3.21435546875,0.62744140625
3515,2.4248046875,2.23681640625,2.33740234375,0.50732421875,0.48095703125,3.29541015625,0.4970703125
3516,2.4208984375,2.45751953125,2.31591796875,0.4013671875,0.55859375,3.365234375,0.4423828125
3517,2.53515625,2.42578125,2.3818359375,0.38916015625,0.501953125,3.4814453125,0.36328125
3518,2.48583984375,2.52099609375,2.22705078125,0.38623046875,0.6181640625,3.27294921875,0.09228515625000007
3519,2.404296875,2.22607421875,2.28662109375,0.4091796875,0.65966796875,3.2998046875,0.09814453125000007
3520,2.3955078125,2.3203125,2.46337890625,0.525390625,0.52294921875,3.17138671875,0.25634765625
3521,2.44287109375,2.2451171875,2.5029296875,0.6376953125,0.4951171875,3.18408203125,0.22363281250000003
3522,2.4619140625,2.32470703125,2.32373046875,0.390625,0.75341796875,3.25,0.43896484375
3523,2.41943359375,2.2099609375,2.33447265625,0.51953125,0.54345703125,3.31982421875,0.3525390625
3524,2.5078125,2.35205078125,2.314453125,0.5263671875,0.435546875,3.39404296875,0.25244140625
3525,2.5576171875,2.26953125,2.40234375,0.5673828125,0.3837890625,3.43798828125,0.298828125
3526,2.20458984375,2.3505859375,2.3916015625,0.6611328125,0.701171875,3.44091796875,0.4560546875
3527,2.24365234375,2.25,2.375,0.7939453125,0.568359375,3.58203125,0.46240234375
3528,2.7841796875,2.64990234375,2.2021484375,0.50439453125,0.43798828125,3.0673828125,0.41845703125
3529,2.74755859375,2.5546875,2.29150390625,0.46728515625,0.41455078125,3.10400390625,0.3896484375
3530,2.6298828125,2.35498046875,2.2421875,0.20800781250000003,0.42822265625,3.4560546875,0.12109375000000001
3531,2.783203125,2.18896484375,2.30419921875,0.29541015625,0.31884765625,3.48876953125,0.13623046875
3532,2.3984375,2.26708984375,2.2578125,0.37841796875000006,0.7236328125,3.287109375,0.42431640625
3533,2.35205078125,2.158203125,2.31591796875,0.42919921875,0.63525390625,3.36328125,0.39111328125
3534,2.388671875,2.19140625,2.42236328125,0.64599609375,0.46435546875,3.10498046875,0.40087890625
3535,2.44287109375,2.13818359375,2.49658203125,0.7431640625,0.35986328125,3.107421875,0.3916015625
3536,2.4423828125,2.09765625,2.3251953125,0.66845703125,0.404296875,3.23876953125,0.8837890625
3537,2.470703125,2.03955078125,2.40673828125,0.7578125,0.3125,3.2236328125,0.76025390625
3538,2.50927734375,2.0556640625,2.33203125,0.43505859375000006,0.6728515625,3.09423828125,0.60400390625
3539,2.62646484375,1.98046875,2.3154296875,0.53857421875,0.57861328125,3.1552734375,0.4921875
3540,2.3642578125,2.4169921875,2.44873046875,0.42236328125,0.4462890625,3.38330078125,0.345703125
3541,2.5107421875,2.31494140625,2.44140625,0.68896484375,0.35986328125,3.38330078125,0.23486328125
3542,2.48828125,2.353515625,2.27001953125,0.2421875,0.64697265625,3.16357421875,0.6396484375
3543,2.55908203125,2.2568359375,2.34033203125,0.32177734375000006,0.51025390625,3.28271484375,0.47216796875
3544,2.33642578125,2.11962890625,2.38232421875,0.54150390625,0.255859375,3.2412109375,0.77001953125
3545,2.3720703125,2.01904296875,2.3955078125,0.56494140625,0.2861328125,3.302734375,0.51806640625
3546,2.6044921875,2.47998046875,2.3818359375,0.52880859375,0.435546875,3.10400390625,0.5009765625
3547,2.6884765625,2.37841796875,2.47509765625,0.53466796875,0.3896484375,3.236328125,0.3212890625
3548,2.5517578125,2.3984375,2.392578125,0.3251953125,0.37841796875,3.2470703125,0.39013671875
3549,2.56494140625,2.36474609375,2.51513671875,0.44482421875,0.39404296875,3.24365234375,0.39599609375
3550,2.5615234375,2.5478515625,2.34814453125,0.38330078125,0.58056640625,3.20361328125,0.6396484375
3551,2.5185546875,2.24267578125,2.46728515625,0.25146484375,0.50830078125,3.30224609375,0.58251953125
3552,2.44482421875,2.56689453125,2.2666015625,0.29638671875000006,0.27001953125,3.0947265625,0.4208984375
3553,2.50244140625,2.4091796875,2.38134765625,0.31884765625,0.20507812500000003,3.140625,0.34521484375
3554,2.4775390625,2.55078125,2.18115234375,0.6708984375,0.419921875,3.1650390625,0.4287109375
3555,2.5634765625,2.462890625,2.18505859375,0.7177734375,0.3515625000000001,3.2119140625,0.37841796875
3556,2.63720703125,2.42822265625,2.34619140625,0.3876953125,0.2998046875,3.05419921875,0.39599609375
3557,2.58642578125,2.52490234375,2.40576171875,0.39892578125,0.23095703125,3.123046875,0.32958984375
3558,2.541015625,2.19287109375,2.3759765625,0.546875,0.41259765625,3.32275390625,0.421875
3559,2.505859375,2.16455078125,2.4208984375,0.64013671875,0.35400390625,3.4775390625,0.36279296875
3560,2.6396484375,2.2900390625,2.296875,0.60205078125,0.7451171875,3.30517578125,0.55029296875
3561,2.6455078125,2.10400390625,2.3671875,0.63232421875,0.65087890625,3.38232421875,0.45361328125
3562,2.45947265625,2.3515625,2.2578125,0.6142578125,0.67333984375,3.3525390625,0.8828125
3563,2.36669921875,2.19189453125,2.31201171875,0.71923828125,0.798828125,3.38134765625,0.685546875
3564,2.4111328125,2.28857421875,2.228515625,0.662109375,0.2958984375,3.3154296875,0.7783203125
3565,2.49267578125,2.15283203125,2.28564453125,0.78466796875,0.26611328125,3.5087890625,0.78369140625
3566,2.34375,2.37841796875,2.28515625,0.599609375,0.44384765625,3.56494140625,0.337890625
3567,2.3076171875,2.23486328125,2.4052734375,0.71435546875,0.39013671875,3.47607421875,0.40869140625000006
3568,2.50439453125,2.41259765625,2.3427734375,0.24804687500000003,0.7138671875,2.96484375,0.5869140625
3569,2.53564453125,2.31689453125,2.39892578125,0.33251953125,0.68017578125,3.06689453125,0.52392578125
3570,2.52099609375,2.4443359375,2.40966796875,0.552734375,0.677734375,3.291015625,0.46386718750000006
3571,2.517578125,2.24951171875,2.49658203125,0.568359375,0.6728515625,3.3515625,0.541015625
3572,2.2802734375,2.25048828125,2.31689453125,0.38916015625000006,0.44873046875,3.16845703125,0.39990234375
3573,2.2080078125,2.1201171875,2.34228515625,0.455078125,0.40576171875000006,3.13134765625,0.34619140625000006
3574,2.453125,2.47119140625,2.47021484375,0.34033203125000006,0.46875,3.228515625,0.45458984375
3575,2.53076171875,2.4970703125,2.484375,0.423828125,0.33349609375,3.296875,0.359375
3576,2.2333984375,2.32373046875,2.2333984375,0.81591796875,0.59228515625,3.41845703125,0.2568359375
3577,2.30712890625,2.14208984375,2.375,0.8662109375,0.47705078125,3.3466796875,0.27832031250000006
3578,2.60498046875,2.189453125,2.28564453125,0.38671875000000006,0.64306640625,3.09716796875,0.83251953125
3579,2.53564453125,2.13818359375,2.33984375,0.4609375,0.53759765625,3.1328125,0.8173828125
3580,2.35595703125,2.34130859375,2.32861328125,0.63720703125,0.5517578125,3.279296875,0.41552734375000006
3581,2.40380859375,2.25048828125,2.43994140625,0.7646484375,0.46142578125,3.2861328125,0.36816406250000006
3582,2.5537109375,2.5068359375,2.359375,0.5068359375,0.65966796875,3.0361328125,0.52685546875
3583,2.4658203125,2.3916015625,2.35595703125,0.591796875,0.6025390625,3.09521484375,0.517578125
3584,2.49609375,2.39306640625,2.2021484375,0.255859375,0.26123046875,3.24072265625,0.48046875
3585,2.51416015625,2.3623046875,2.25146484375,0.27490234375,0.2216796875,3.328125,0.34033203125
3586,2.44287109375,2.45263671875,2.423828125,0.66064453125,0.57275390625,3.1728515625,0.5771484375
3587,2.30859375,2.28564453125,2.45751953125,0.7626953125,0.52001953125,3.3037109375,0.4990234375
3588,2.72265625,2.51318359375,2.39404296875,0.44677734375,0.861328125,3.21435546875,0.67041015625
3589,2.59814453125,2.38232421875,2.44921875,0.44140625,0.71728515625,3.2958984375,0.6513671875
3590,2.43603515625,2.3056640625,2.2744140625,0.7509765625,0.4453125,3.27294921875,0.58056640625
3591,2.515625,2.08447265625,2.36962890625,0.7783203125,0.36376953125,3.25244140625,0.5439453125
3592,2.61865234375,2.48095703125,2.216796875,0.63623046875,0.41015625,3.380859375,0.24658203125
3593,2.6640625,2.39501953125,2.33984375,0.76171875,0.31689453125,3.35791015625,0.27294921875
3594,2.4091796875,2.2958984375,2.3623046875,0.41943359375,0.2963867187500001,3.255859375,0.46630859375
3595,2.42822265625,2.20654296875,2.400390625,0.505859375,0.26513671875,3.22216796875,0.38134765625
3596,2.34033203125,2.3125,2.255859375,0.57275390625,0.66748046875,3.2412109375,0.611328125
3597,2.3759765625,2.25146484375,2.29296875,0.5517578125,0.5673828125,3.2177734375,0.51318359375
3598,2.345703125,2.31689453125,2.39599609375,0.5087890625,0.45751953125,3.24462890625,0.5419921875
3599,2.3271484375,2.08544921875,2.44384765625,0.5791015625,0.36572265625000006,3.22265625,0.48974609375
3600,2.5126953125,2.4912109375,2.39013671875,0.24072265625,0.5,3.3193359375,0.3173828125
3601,2.4912109375,2.3544921875,2.45556640625,0.22802734375,0.3935546875,3.3525390625,0.2084960937500001
3602,2.38134765625,2.1923828125,2.21484375,0.53955078125,0.55078125,2.92822265625,0.470703125
3603,2.5078125,2.13232421875,2.25732421875,0.61865234375,0.44482421875,3.03955078125,0.32177734375
3604,2.48779296875,2.5390625,2.33740234375,0.47998046875,0.55810546875,3.18310546875,0.568359375
3605,2.4326171875,2.373046875,2.40869140625,0.63623046875,0.50244140625,3.23291015625,0.423828125
3606,2.6533203125,2.71435546875,2.3564453125,0.53173828125,0.35009765625,3.30517578125,0.435546875
3607,2.66845703125,2.41064453125,2.41943359375,0.53759765625,0.22021484375000006,3.39404296875,0.42529296875
3608,2.50537109375,2.4443359375,2.2353515625,0.24169921875,0.47412109375,3.19970703125,0.4970703125
3609,2.521484375,2.22705078125,2.25341796875,0.33984375,0.35205078125,3.28125,0.50048828125
3610,2.56982421875,2.53955078125,2.3330078125,0.5712890625,0.45556640625,3.27392578125,0.2744140625
3611,2.51123046875,2.39404296875,2.42724609375,0.5810546875,0.34423828125,3.314453125,0.16943359375000008
3612,2.48876953125,2.24365234375,2.31005859375,0.30078125,0.46142578125,3.376953125,0.59912109375
3613,2.5830078125,2.2294921875,2.31591796875,0.2763671875,0.32861328125,3.40771484375,0.47753906250000006
3614,2.353515625,2.43603515625,2.39697265625,0.6787109375,0.5615234375,3.40087890625,0.55419921875
3615,2.34619140625,2.275390625,2.431640625,0.66259765625,0.41552734375000006,3.41650390625,0.51708984375
3616,2.43798828125,2.6171875,2.34912109375,0.37304687500000006,0.4169921875,3.09228515625,0.697265625
3617,2.3798828125,2.54931640625,2.359375,0.38623046875,0.36376953125,3.21337890625,0.5654296875
3618,2.6494140625,2.17626953125,2.32861328125,0.369140625,0.81591796875,3.3583984375,0.37890625000000006
3619,2.65185546875,2.068359375,2.4072265625,0.3974609375,0.54150390625,3.361328125,0.396484375
3620,2.24755859375,2.29248046875,2.43212890625,0.33056640625,0.57568359375,3.25244140625,0.57861328125
3621,2.3173828125,2.3203125,2.48779296875,0.22607421875000003,0.49316406250000006,3.32666015625,0.4921875
3622,2.55078125,2.5185546875,2.447265625,0.24023437500000003,0.712890625,3.14599609375,0.51806640625
3623,2.5390625,2.40478515625,2.44921875,0.32373046875,0.55712890625,3.17431640625,0.52734375
3624,2.494140625,2.5166015625,2.38330078125,0.265625,0.60107421875,3.1298828125,0.5673828125
3625,2.5185546875,2.37451171875,2.49951171875,0.31542968750000006,0.5380859375,3.287109375,0.47216796875
3626,2.64453125,2.10888671875,2.373046875,0.50146484375,0.35839843750000006,3.3125,0.59814453125
3627,2.63671875,1.982421875,2.45263671875,0.59716796875,0.37646484375000006,3.37548828125,0.4794921875
3628,2.3662109375,2.51953125,2.3486328125,0.48291015625,0.47607421875,3.26025390625,0.42773437500000006
3629,2.5009765625,2.44970703125,2.47119140625,0.53466796875,0.2744140625,3.306640625,0.35937500000000006
3630,2.74560546875,2.29541015625,2.40234375,0.54296875,0.5302734375,3.08544921875,0.455078125
3631,2.75,2.15576171875,2.49853515625,0.548828125,0.4453125,3.1103515625,0.33447265625
3632,2.42529296875,2.28125,2.2724609375,0.6044921875,0.708984375,3.1748046875,0.24169921875
3633,2.44775390625,2.2080078125,2.3681640625,0.73779296875,0.52978515625,3.251953125,0.28759765625
3634,2.5087890625,2.63818359375,2.34716796875,0.21484375,0.6572265625,3.1689453125,0.68701171875
3635,2.47265625,2.66064453125,2.33984375,0.2509765625,0.40625000000000006,3.34619140625,0.6044921875
3636,2.5126953125,2.4833984375,2.34912109375,0.3203125,0.6669921875,3.12255859375,0.58544921875
3637,2.50732421875,2.4091796875,2.38818359375,0.35107421875,0.51904296875,3.12939453125,0.482421875
3638,2.31201171875,2.44677734375,2.423828125,0.38623046875,0.5166015625,3.1416015625,0.4111328125
3639,2.40283203125,2.36376953125,2.423828125,0.53369140625,0.490234375,3.1611328125,0.31689453125
3640,2.54248046875,2.2724609375,2.212890625,0.29931640625,0.72998046875,3.06884765625,0.3271484375
3641,2.63330078125,2.23681640625,2.28076171875,0.27978515625000006,0.58642578125,3.1142578125,0.23876953125
3642,2.34521484375,2.28466796875,2.39892578125,0.65380859375,0.4091796875,3.3994140625,0.65771484375
3643,2.3271484375,2.19970703125,2.4423828125,0.71533203125,0.390625,3.548828125,0.533203125
3644,2.49755859375,2.63623046875,2.3369140625,0.1962890625,0.44238281250000006,3.416015625,0.5146484375
3645,2.546875,2.3701171875,2.40234375,0.30810546875,0.27490234375000006,3.4638671875,0.37060546875000006
3646,2.65625,2.306640625,2.37451171875,0.40722656250000006,0.3037109375,3.15087890625,0.5322265625
3647,2.63330078125,2.16748046875,2.43896484375,0.37890625,0.31298828125,3.28857421875,0.55810546875
3648,2.21923828125,2.4853515625,2.33544921875,0.71875,0.40917968750000006,3.02197265625,0.67724609375
3649,2.2216796875,2.3095703125,2.37353515625,0.67431640625,0.3212890625,3.09619140625,0.55322265625
3650,2.3603515625,2.52734375,2.34814453125,0.57080078125,0.8037109375,3.3310546875,0.19580078125000006
3651,2.39306640625,2.341796875,2.3125,0.54248046875,0.63818359375,3.32373046875,0.09326171875000007
3652,2.2431640625,2.099609375,2.3544921875,0.5029296875,0.4482421875,3.20263671875,0.56787109375
3653,2.28125,1.98193359375,2.44384765625,0.560546875,0.28857421875,3.3603515625,0.53564453125
3654,2.4208984375,2.2216796875,2.31103515625,0.15527343750000006,0.728515625,3.2099609375,0.43701171875
3655,2.34619140625,2.138671875,2.408203125,0.10302734375000006,0.68310546875,3.3212890625,0.39794921875
3656,2.6337890625,2.314453125,2.447265625,0.41943359375,0.5595703125,3.15283203125,0.43359375000000006
3657,2.748046875,2.2158203125,2.4609375,0.43017578125,0.48828125,3.2197265625,0.3349609375
3658,2.33154296875,2.560546875,2.45751953125,0.4345703125,0.43701171875,3.35888671875,0.44873046875
3659,2.34375,2.3876953125,2.44384765625,0.43115234375,0.4521484375,3.421875,0.39062500000000006
3660,2.29296875,2.63720703125,2.33447265625,0.486328125,0.5390625,3.12841796875,0.33691406250000006
3661,2.39501953125,2.5458984375,2.36572265625,0.56396484375,0.43798828125,3.19580078125,0.36767578125
3662,2.591796875,2.3388671875,2.33251953125,0.82958984375,0.36865234375,3.25244140625,0.44287109375
3663,2.5927734375,2.21044921875,2.37841796875,0.828125,0.31103515625,3.34912109375,0.3359375
3664,2.2724609375,2.431640625,2.20947265625,0.4091796875,0.7373046875,3.314453125,0.68896484375
3665,2.32373046875,2.3193359375,2.2939453125,0.48291015625,0.65576171875,3.32177734375,0.55029296875
3666,2.62548828125,2.44873046875,2.3330078125,0.484375,0.666015625,3.0654296875,0.65625
3667,2.6416015625,2.3955078125,2.43701171875,0.578125,0.5927734375,3.14501953125,0.6357421875
3668,2.46533203125,2.318359375,2.24755859375,0.15283203125000006,0.3671875,3.3515625,0.46240234375
3669,2.48486328125,2.21142578125,2.33837890625,0.19140625000000003,0.2177734375,3.44482421875,0.32519531250000006
3670,2.53564453125,2.474609375,2.365234375,0.546875,0.4765625,3.19580078125,0.5244140625
3671,2.4990234375,2.466796875,2.49658203125,0.5712890625,0.44091796875,3.1669921875,0.48046875
3672,2.40869140625,2.23046875,2.29736328125,0.498046875,0.779296875,3.0625,0.56201171875
3673,2.47509765625,2.26025390625,2.32763671875,0.65380859375,0.625,3.18505859375,0.46435546875
3674,2.52001953125,2.45263671875,2.28857421875,0.435546875,0.42236328125,3.15478515625,0.5634765625
3675,2.552734375,2.3515625,2.3818359375,0.49755859375,0.283203125,3.27880859375,0.4697265625
3676,2.56689453125,2.21728515625,2.27294921875,0.35400390625,0.59765625,3.31494140625,0.20166015625
3677,2.5224609375,2.01806640625,2.31591796875,0.48291015625,0.55126953125,3.36279296875,0.3193359375
3678,2.3798828125,2.6962890625,2.36279296875,0.37207031250000006,0.28955078125,3.09521484375,0.62158203125
3679,2.4248046875,2.55322265625,2.40185546875,0.455078125,0.23925781250000003,3.08447265625,0.48193359375000006
3680,2.41845703125,2.47021484375,2.3310546875,0.3247070312500001,0.46728515625,3.4462890625,0.5986328125
3681,2.39794921875,2.35400390625,2.38623046875,0.39794921875,0.39697265625,3.455078125,0.453125
3682,2.36962890625,2.2451171875,2.30419921875,0.67626953125,0.4521484375,3.3154296875,0.42822265625
3683,2.37890625,2.07763671875,2.33203125,0.70458984375,0.24365234375,3.37939453125,0.3798828125
3684,2.52685546875,2.52880859375,2.263671875,0.62109375,0.45166015625,3.11669921875,0.44970703125
3685,2.48095703125,2.3115234375,2.35009765625,0.7236328125,0.4296875,3.2861328125,0.3193359375
3686,2.3857421875,2.5712890625,2.32421875,0.3935546875,0.4130859375,3.14501953125,0.46923828125
3687,2.357421875,2.40869140625,2.36474609375,0.47705078125,0.359375,3.23583984375,0.35986328125
3688,2.57080078125,2.41015625,2.3779296875,0.67626953125,0.4765625,3.2890625,0.7216796875
3689,2.6640625,2.21923828125,2.36962890625,0.662109375,0.359375,3.25048828125,0.5966796875
3690,2.5498046875,2.2080078125,2.28076171875,0.42919921875,0.71435546875,3.25537109375,0.8349609375
3691,2.70458984375,2.1298828125,2.33251953125,0.5146484375,0.59375,3.310546875,0.65966796875
3692,2.68701171875,2.3125,2.39404296875,0.6376953125,0.39257812500000006,3.064453125,0.13037109375000006
3693,2.77685546875,2.1689453125,2.4755859375,0.69189453125,0.330078125,3.11767578125,0.10644531250000001
3694,2.50634765625,2.25634765625,2.4296875,0.4091796875,0.5380859375,3.51025390625,0.30078125
3695,2.55810546875,2.228515625,2.490234375,0.443359375,0.57861328125,3.53369140625,0.19140625
3696,2.583984375,2.4970703125,2.3173828125,0.5546875,0.57470703125,3.13037109375,0.27294921875
3697,2.5205078125,2.37939453125,2.4091796875,0.5693359375,0.4853515625,3.142578125,0.25146484375
3698,2.47119140625,2.45556640625,2.40576171875,0.359375,0.70458984375,3.294921875,0.46484375
3699,2.53369140625,2.26171875,2.41064453125,0.49365234375,0.52734375,3.2919921875,0.3281250000000001
3700,2.4755859375,2.3681640625,2.396484375,0.40478515625000006,0.56591796875,3.1279296875,0.5341796875
3701,2.49658203125,2.27001953125,2.525390625,0.3955078125,0.44091796875,3.171875,0.44384765625
3702,2.52880859375,2.38134765625,2.265625,0.6083984375,0.71826171875,3.25244140625,0.57470703125
3703,2.5166015625,2.2744140625,2.3994140625,0.7353515625,0.65087890625,3.3017578125,0.57861328125
3704,2.62109375,2.37158203125,2.2490234375,0.4150390625,0.40771484375000006,3.09619140625,0.4345703125
3705,2.673828125,2.3046875,2.35986328125,0.44775390625000006,0.34277343750000006,3.171875,0.37255859375
3706,2.24951171875,2.30029296875,2.36865234375,0.2919921875,0.64697265625,3.11767578125,0.29443359375
3707,2.2998046875,2.23193359375,2.38720703125,0.494140625,0.4716796875,3.181640625,0.216796875
3708,2.6044921875,2.58203125,2.46435546875,0.4365234375,0.32177734375,3.28076171875,0.50830078125
3709,2.6015625,2.50048828125,2.44287109375,0.62939453125,0.17871093750000006,3.234375,0.58544921875
3710,2.26708984375,2.24365234375,2.4541015625,0.59033203125,0.43701171875,3.21435546875,0.2861328125
3711,2.34033203125,2.14208984375,2.50390625,0.54736328125,0.32080078125,3.23291015625,0.2524414062500001
3712,2.35546875,2.56689453125,2.40478515625,0.6416015625,0.27001953125,3.09130859375,0.26025390625
3713,2.4677734375,2.474609375,2.39453125,0.5966796875,0.22314453125,3.1455078125,0.22021484375
3714,2.71044921875,2.31884765625,2.208984375,0.69580078125,0.12402343750000004,3.22412109375,0.603515625
3715,2.72900390625,2.2470703125,2.39208984375,0.7431640625,0.091796875,3.287109375,0.53515625
3716,2.5283203125,2.4580078125,2.32373046875,0.2421875,0.64990234375,3.072265625,0.5224609375
3717,2.57470703125,2.1728515625,2.41796875,0.2685546875000001,0.6103515625,3.0732421875,0.46533203125
3718,2.3505859375,2.3974609375,2.34033203125,0.71240234375,0.43994140625,2.9169921875,0.56884765625
3719,2.3017578125,2.26416015625,2.34765625,0.7841796875,0.3720703125,3.0556640625,0.52001953125
3720,2.44677734375,2.630859375,2.25341796875,0.29150390625,0.85009765625,2.99609375,0.60888671875
3721,2.41015625,2.4130859375,2.314453125,0.2529296875,0.759765625,3.1318359375,0.68310546875
3722,2.4404296875,2.35107421875,2.3115234375,0.21630859375,0.39306640625,3.15478515625,0.6865234375
3723,2.45263671875,2.2744140625,2.38232421875,0.32421875,0.36865234375,3.1474609375,0.59375
3724,2.33203125,2.52099609375,2.35009765625,0.32666015625,0.43798828125,3.32373046875,0.28027343750000006
3725,2.35498046875,2.2412109375,2.3857421875,0.27880859375,0.353515625,3.29052734375,0.22021484375
3726,2.2919921875,2.65185546875,2.3544921875,0.2998046875,0.6455078125,3.30419921875,0.58544921875
3727,2.359375,2.45263671875,2.4072265625,0.25927734375,0.70263671875,3.3955078125,0.45654296875
3728,2.59423828125,2.587890625,2.36083984375,0.23095703125000003,0.39453125,3.314453125,0.5361328125
3729,2.60546875,2.36962890625,2.412109375,0.39501953125,0.33642578125,3.31103515625,0.5009765625
3730,2.6826171875,2.44091796875,2.36962890625,0.50341796875,0.7529296875,3.32373046875,0.4150390625
3731,2.681640625,2.31201171875,2.40869140625,0.55615234375,0.6162109375,3.353515625,0.373046875
3732,2.5009765625,2.07421875,2.37744140625,0.51806640625,0.5205078125,3.20458984375,0.50244140625
3733,2.48828125,2.0283203125,2.41357421875,0.478515625,0.49462890625,3.24853515625,0.35107421875
3734,2.2958984375,2.36865234375,2.396484375,0.42529296875,0.681640625,3.181640625,0.22216796875
3735,2.35546875,2.28955078125,2.44775390625,0.435546875,0.58251953125,3.27490234375,0.2021484375
3736,2.3330078125,2.076171875,2.3681640625,0.51708984375,0.3251953125,3.20849609375,0.30126953125
3737,2.36376953125,1.95654296875,2.37744140625,0.615234375,0.2197265625,3.33154296875,0.32177734375
3738,2.5361328125,2.48583984375,2.3935546875,0.31005859375,0.3291015625,3.0703125,0.65185546875
3739,2.5537109375,2.24755859375,2.43701171875,0.29296875,0.23876953125,3.09326171875,0.5576171875
3740,2.25634765625,2.41357421875,2.33544921875,0.587890625,0.70849609375,3.44921875,0.423828125
3741,2.2255859375,2.3330078125,2.29931640625,0.74609375,0.60546875,3.4658203125,0.36181640625
3742,2.2177734375,2.220703125,2.35791015625,0.5498046875,0.2763671875,3.17529296875,0.41015625
3743,2.20751953125,2.14599609375,2.45849609375,0.5869140625,0.22509765625,3.2197265625,0.3505859375
3744,2.619140625,2.25732421875,2.2421875,0.3232421875,0.6376953125,3.1142578125,0.61865234375
3745,2.603515625,2.28173828125,2.349609375,0.45458984375,0.43603515625,3.25146484375,0.50146484375
3746,2.4228515625,2.4794921875,2.400390625,0.28173828125,0.58935546875,3.3134765625,0.3740234375
3747,2.44091796875,2.30224609375,2.498046875,0.35009765625,0.45654296875,3.36767578125,0.296875
3748,2.5546875,2.5126953125,2.29296875,0.5625,0.12695312500000006,3.3447265625,0.59912109375
3749,2.54443359375,2.4404296875,2.3466796875,0.5634765625,0.09179687500000006,3.47412109375,0.62255859375
3750,2.4951171875,2.41650390625,2.255859375,0.3916015625,0.45263671875,3.22998046875,0.40869140625
3751,2.50244140625,2.337890625,2.3076171875,0.37841796875,0.37060546875,3.3046875,0.32958984375
3752,2.40283203125,2.380859375,2.28466796875,0.6240234375,0.84033203125,3.33056640625,0.3115234375
3753,2.4169921875,2.26123046875,2.35986328125,0.703125,0.72412109375,3.39306640625,0.1894531250000001
3754,2.37255859375,2.291015625,2.44140625,0.69775390625,0.8525390625,3.17041015625,0.57568359375
3755,2.3173828125,2.18994140625,2.52490234375,0.72216796875,0.736328125,3.27734375,0.48974609375
3756,2.525390625,2.58447265625,2.4013671875,0.5244140625,0.3994140625,3.267578125,0.50537109375
3757,2.51513671875,2.3935546875,2.48291015625,0.6494140625,0.42431640625,3.2724609375,0.31982421875
3758,2.14990234375,2.47021484375,2.2783203125,0.703125,0.39990234375,3.298828125,0.52783203125
3759,2.12548828125,2.28564453125,2.3212890625,0.80517578125,0.29687500000000006,3.314453125,0.49755859375
3760,2.41552734375,2.54833984375,2.19189453125,0.36669921875,0.27685546875,3.310546875,0.26123046875000006
3761,2.4072265625,2.474609375,2.275390625,0.40771484375,0.18017578125000003,3.36474609375,0.18896484375
3762,2.39892578125,2.39404296875,2.48095703125,0.51513671875,0.41552734375,3.2470703125,0.59228515625
3763,2.462890625,2.37060546875,2.61328125,0.50146484375,0.4375,3.28271484375,0.51123046875
3764,2.53076171875,2.158203125,2.404296875,0.69140625,0.71875,3.212890625,0.3251953125
3765,2.607421875,1.93408203125,2.4052734375,0.67724609375,0.5556640625,3.23046875,0.23681640625
3766,2.14501953125,2.64306640625,2.43896484375,0.47412109375,0.525390625,3.4326171875,0.671875
3767,2.169921875,2.5234375,2.5087890625,0.5,0.38037109375,3.40185546875,0.55517578125
3768,2.412109375,2.51806640625,2.400390625,0.57958984375,0.271484375,3.431640625,0.78515625
3769,2.54345703125,2.30078125,2.4296875,0.4794921875,0.25732421875,3.52392578125,0.703125
3770,2.32275390625,2.21337890625,2.31640625,0.18457031250000006,0.5986328125,3.3740234375,0.697265625
3771,2.25390625,2.08251953125,2.2880859375,0.2509765625,0.39257812500000006,3.48388671875,0.55517578125
3772,2.39794921875,2.6162109375,2.45751953125,0.56201171875,0.28173828125,3.0869140625,0.42236328125
3773,2.41259765625,2.41650390625,2.48095703125,0.63623046875,0.24169921875,3.13916015625,0.32958984375
3774,2.1259765625,2.30517578125,2.42236328125,0.45263671875000006,0.54052734375,3.01806640625,0.26855468750000006
3775,2.13818359375,2.27001953125,2.419921875,0.5439453125,0.51806640625,3.025390625,0.20703125
3776,2.4755859375,2.53564453125,2.296875,0.3701171875,0.10937500000000004,3.15087890625,0.54931640625
3777,2.60693359375,2.2880859375,2.35888671875,0.45458984375,0.06396484375000006,3.31201171875,0.47265625
3778,2.47802734375,2.3837890625,2.2626953125,0.66748046875,0.83837890625,3.20458984375,0.5556640625
3779,2.49853515625,2.29541015625,2.37060546875,0.712890625,0.7099609375,3.3193359375,0.51513671875
3780,2.26416015625,2.45751953125,2.42431640625,0.34375,0.6884765625,3.3115234375,0.37304687500000006
3781,2.3505859375,2.2333984375,2.44970703125,0.421875,0.55810546875,3.3369140625,0.34423828125
3782,2.45458984375,2.5146484375,2.1953125,0.2607421875,0.13574218750000006,3.25048828125,0.09667968750000001
3783,2.56982421875,2.37060546875,2.26025390625,0.23681640625000003,0.07324218750000006,3.376953125,0.06640625000000003
3784,2.126953125,2.3603515625,2.4169921875,0.60400390625,0.55859375,3.0654296875,0.486328125
3785,2.09130859375,2.26708984375,2.439453125,0.6767578125,0.5283203125,3.20654296875,0.46484375
3786,2.4599609375,2.33447265625,2.29541015625,0.27099609375,0.32470703125,3.26953125,0.4697265625
3787,2.41357421875,2.20703125,2.36572265625,0.3037109375,0.15625000000000003,3.3359375,0.33203125
3788,2.3955078125,2.248046875,2.47705078125,0.34765625,0.81982421875,3.26416015625,0.09082031250000007
3789,2.46435546875,2.140625,2.49658203125,0.54345703125,0.6474609375,3.36767578125,0.05859375000000005
3790,2.5439453125,2.22119140625,2.30419921875,0.416015625,0.5078125,3.24169921875,0.80126953125
3791,2.5048828125,2.0498046875,2.28564453125,0.4912109375,0.50439453125,3.29296875,0.7490234375
3792,2.38671875,2.466796875,2.4765625,0.615234375,0.74560546875,3.06982421875,0.4208984375
3793,2.44384765625,2.2705078125,2.43701171875,0.76220703125,0.626953125,3.16845703125,0.392578125
3794,2.46240234375,2.68017578125,2.21435546875,0.56640625,0.71728515625,3.29248046875,0.40576171875
3795,2.458984375,2.53466796875,2.31298828125,0.5458984375,0.5908203125,3.31982421875,0.37353515625
3796,2.484375,2.42578125,2.419921875,0.28808593750000006,0.6171875,3.27734375,0.5693359375
3797,2.4150390625,2.29345703125,2.4853515625,0.2587890625,0.4892578125,3.25,0.47216796875
3798,2.3154296875,2.29638671875,2.31982421875,0.35546875,0.54736328125,3.13623046875,0.578125
3799,2.33056640625,2.18017578125,2.4169921875,0.4169921875,0.484375,3.201171875,0.48828125
3800,2.3134765625,2.544921875,2.33935546875,0.25390625,0.615234375,3.240234375,0.54345703125
3801,2.255859375,2.41943359375,2.37109375,0.294921875,0.59033203125,3.232421875,0.48583984375
3802,2.5078125,2.28857421875,2.302734375,0.8037109375,0.541015625,3.2421875,0.58740234375
3803,2.45654296875,2.1494140625,2.31298828125,0.8125,0.4541015625,3.40478515625,0.45263671875
3804,2.38720703125,2.6572265625,2.30029296875,0.61083984375,0.76123046875,3.388671875,0.71923828125
3805,2.4384765625,2.4521484375,2.41943359375,0.72802734375,0.59228515625,3.37255859375,0.5849609375
3806,2.36767578125,2.337890625,2.302734375,0.25830078125,0.54833984375,3.02490234375,0.3046875
3807,2.3330078125,2.240234375,2.35400390625,0.28271484375,0.5380859375,3.08056640625,0.23779296875
3808,2.4833984375,2.59912109375,2.4130859375,0.234375,0.572265625,3.34619140625,0.73779296875
3809,2.5107421875,2.45751953125,2.51123046875,0.25,0.45751953125000006,3.37353515625,0.65087890625
3810,2.2919921875,2.36767578125,2.35205078125,0.541015625,0.72412109375,3.28466796875,0.48828125
3811,2.30078125,2.12060546875,2.35107421875,0.6162109375,0.6044921875,3.3388671875,0.46484375
3812,2.40234375,2.25146484375,2.30712890625,0.61328125,0.451171875,3.470703125,0.48388671875
3813,2.44482421875,2.22412109375,2.3251953125,0.716796875,0.36376953125,3.462890625,0.36328125
3814,2.27783203125,2.1669921875,2.32080078125,0.50732421875,0.2802734375,3.42822265625,0.60888671875
3815,2.29833984375,2.1279296875,2.46142578125,0.5107421875,0.2744140625,3.3876953125,0.494140625
3816,2.45703125,2.591796875,2.27490234375,0.25927734375,0.23486328125,3.22509765625,0.3974609375
3817,2.43505859375,2.49365234375,2.34814453125,0.2734375,0.2163085937500001,3.2568359375,0.39648437500000006
3818,2.453125,2.17138671875,2.3681640625,0.4052734375,0.6923828125,3.27197265625,0.38281250000000006
3819,2.55126953125,2.0126953125,2.44140625,0.3837890625,0.61767578125,3.3837890625,0.4111328125
3820,2.404296875,2.34765625,2.3505859375,0.55322265625,0.27197265625000006,3.35986328125,0.12841796875000006
3821,2.37451171875,2.28369140625,2.4560546875,0.5986328125,0.21093750000000003,3.33642578125,0.12109375
3822,2.4169921875,2.40283203125,2.21533203125,0.4208984375,0.529296875,3.1982421875,0.7177734375
3823,2.41015625,2.41552734375,2.33203125,0.46435546875,0.4453125,3.3251953125,0.650390625
3824,2.64453125,2.330078125,2.41357421875,0.33056640625,0.40283203125,3.3154296875,0.7021484375
3825,2.78369140625,2.283203125,2.4404296875,0.44091796875,0.32666015625000006,3.3935546875,0.6015625
3826,2.49169921875,2.34814453125,2.22998046875,0.69580078125,0.38427734375,3.43310546875,0.25927734375
3827,2.4541015625,2.3876953125,2.23779296875,0.75634765625,0.36181640625000006,3.43603515625,0.265625
3828,2.51416015625,2.69580078125,2.26123046875,0.42138671875,0.6103515625,3.12353515625,0.369140625
3829,2.56201171875,2.68798828125,2.2880859375,0.64013671875,0.43701171875,3.2353515625,0.39013671875
3830,2.3544921875,2.2978515625,2.337890625,0.33447265625000006,0.603515625,3.22021484375,0.65283203125
3831,2.4033203125,2.2001953125,2.349609375,0.46240234375,0.49169921875,3.3466796875,0.5615234375
3832,2.59765625,2.5390625,2.44091796875,0.419921875,0.5283203125,3.126953125,0.294921875
3833,2.6884765625,2.27880859375,2.39013671875,0.3974609375,0.47802734375,3.216796875,0.2138671875
3834,2.3173828125,2.2841796875,2.353515625,0.54345703125,0.56494140625,3.158203125,0.39453125
3835,2.2724609375,2.2568359375,2.31787109375,0.59326171875,0.48193359375000006,3.19091796875,0.37451171875
3836,2.22412109375,2.39794921875,2.375,0.12304687500000004,0.5888671875,3.326171875,0.59716796875
3837,2.2548828125,2.31103515625,2.39892578125,0.17919921875000003,0.498046875,3.38720703125,0.4052734375
3838,2.6650390625,2.46923828125,2.28466796875,0.4248046875,0.59033203125,3.1494140625,0.72119140625
3839,2.72314453125,2.451171875,2.4267578125,0.5380859375,0.6669921875,3.2841796875,0.61962890625
3840,2.53857421875,2.4248046875,2.34375,0.57080078125,0.37500000000000006,3.3681640625,0.6337890625
3841,2.56640625,2.2978515625,2.36572265625,0.70263671875,0.46484375,3.43896484375,0.6181640625
3842,2.36083984375,2.3798828125,2.244140625,0.34912109375,0.12939453125000003,3.2275390625,0.71240234375
3843,2.37939453125,2.22607421875,2.2919921875,0.49169921875,0.05761718750000006,3.23046875,0.580078125
3844,2.21435546875,2.37939453125,2.3203125,0.498046875,0.61279296875,3.060546875,0.5888671875
3845,2.24267578125,2.30078125,2.4765625,0.58349609375,0.67822265625,3.1416015625,0.513671875
3846,2.52392578125,2.59814453125,2.298828125,0.49365234375,0.65234375,3.31884765625,0.3046875
3847,2.49658203125,2.48388671875,2.388671875,0.63134765625,0.71630859375,3.44091796875,0.23876953125000003
3848,2.552734375,2.39111328125,2.4716796875,0.54150390625,0.62158203125,3.42333984375,0.32080078125
3849,2.576171875,2.1787109375,2.517578125,0.4716796875,0.53466796875,3.49951171875,0.2109375
3850,2.68359375,2.4609375,2.3720703125,0.36767578125000006,0.2924804687500001,3.3017578125,0.52197265625
3851,2.6455078125,2.22998046875,2.48193359375,0.45263671875,0.23779296875,3.361328125,0.49365234375
3852,2.3515625,2.49609375,2.41845703125,0.46630859375,0.45458984375,3.27783203125,0.4462890625
3853,2.32421875,2.4912109375,2.48974609375,0.59033203125,0.36376953125,3.31298828125,0.36767578125
3854,2.3134765625,2.0546875,2.3359375,0.23242187500000006,0.36767578125000006,3.205078125,0.736328125
3855,2.28759765625,2.0458984375,2.4150390625,0.26953125,0.37939453125,3.24853515625,0.58544921875
3856,2.35693359375,2.62060546875,2.380859375,0.69287109375,0.7041015625,2.94189453125,0.3017578125
3857,2.31494140625,2.36376953125,2.39013671875,0.68505859375,0.6630859375,3.04736328125,0.26171875
3858,2.59130859375,2.376953125,2.419921875,0.5625,0.61572265625,3.11083984375,0.40625000000000006
3859,2.59814453125,2.2841796875,2.4619140625,0.59814453125,0.47412109375,3.21875,0.38134765625
3860,2.38330078125,2.3662109375,2.39013671875,0.53857421875,0.57275390625,3.28662109375,0.49707031250000006
3861,2.42919921875,2.23291015625,2.31591796875,0.58544921875,0.49560546875,3.36474609375,0.47314453125
3862,2.779296875,2.32275390625,2.42138671875,0.55322265625,0.4609375,3.09619140625,0.55029296875
3863,2.7939453125,2.08935546875,2.46435546875,0.4833984375,0.35302734375,3.14013671875,0.5380859375
3864,2.3681640625,2.46142578125,2.38671875,0.39208984375000006,0.27392578125,3.2470703125,0.61572265625
3865,2.4150390625,2.3681640625,2.41259765625,0.42431640625,0.22802734375000003,3.31591796875,0.4775390625
3866,2.4228515625,2.5732421875,2.32373046875,0.22265625,0.44287109375,2.99853515625,0.7021484375
3867,2.5830078125,2.35009765625,2.3505859375,0.32080078125,0.39404296875,3.10205078125,0.63720703125
3868,2.384765625,2.314453125,2.32275390625,0.6455078125,0.7685546875,3.107421875,0.42919921875
3869,2.421875,2.12548828125,2.35986328125,0.64892578125,0.73486328125,3.18505859375,0.3564453125
3870,2.53466796875,2.3251953125,2.39404296875,0.814453125,0.13623046875000003,3.37158203125,0.55224609375
3871,2.47998046875,2.23876953125,2.4638671875,0.77978515625,0.08203125000000006,3.25244140625,0.46533203125
3872,2.3876953125,2.2978515625,2.2939453125,0.44970703125,0.63818359375,3.1201171875,0.48193359375
3873,2.41455078125,2.18408203125,2.41748046875,0.38916015625,0.673828125,3.20068359375,0.31982421875
3874,2.3544921875,2.392578125,2.27783203125,0.2392578125,0.63916015625,3.2958984375,0.2783203125
3875,2.3779296875,2.29931640625,2.30859375,0.2236328125,0.4384765625,3.2724609375,0.21142578125000006
3876,2.66650390625,2.50146484375,2.39501953125,0.46728515625,0.51025390625,3.21435546875,0.498046875
3877,2.72509765625,2.33203125,2.32861328125,0.35839843750000006,0.58203125,3.263671875,0.46337890625
3878,2.5947265625,2.17529296875,2.3603515625,0.48046875,0.44189453125,3.22314453125,0.72900390625
3879,2.59912109375,2.08251953125,2.36767578125,0.5126953125,0.33203125,3.32568359375,0.56103515625
3880,2.4208984375,2.37255859375,2.3642578125,0.4970703125,0.71337890625,3.15576171875,0.63427734375
3881,2.43603515625,2.2138671875,2.4619140625,0.544921875,0.59912109375,3.1923828125,0.47900390625
3882,2.2294921875,2.23095703125,2.33984375,0.34277343750000006,0.46142578125,3.462890625,0.51025390625
3883,2.2177734375,2.1416015625,2.37939453125,0.40185546875,0.40283203125,3.38330078125,0.5498046875
3884,2.2744140625,2.421875,2.23046875,0.45361328125000006,0.54248046875,3.45947265625,0.47021484375
3885,2.2919921875,2.19287109375,2.3642578125,0.634765625,0.51904296875,3.45166015625,0.4033203125
3886,2.22021484375,2.505859375,2.349609375,0.55908203125,0.14599609375000003,3.1669921875,0.3720703125
3887,2.20068359375,2.4208984375,2.392578125,0.7060546875,0.08837890625000006,3.228515625,0.37060546875
3888,2.6845703125,2.453125,2.341796875,0.3720703125,0.2470703125,3.1767578125,0.50439453125
3889,2.72314453125,2.38671875,2.33935546875,0.4736328125,0.22802734375,3.22802734375,0.33935546875
3890,2.1533203125,2.35888671875,2.23876953125,0.564453125,0.69091796875,3.28759765625,0.5634765625
3891,2.15771484375,2.2724609375,2.2822265625,0.5537109375,0.65380859375,3.291015625,0.53076171875
3892,2.18505859375,2.31591796875,2.3681640625,0.14697265625000006,0.27880859375,3.24365234375,0.5859375
3893,2.2041015625,2.30322265625,2.3916015625,0.13476562500000003,0.20703125000000008,3.23291015625,0.453125
3894,2.658203125,2.236328125,2.33447265625,0.80224609375,0.5302734375,3.52783203125,0.2534179687500001
3895,2.66943359375,2.1513671875,2.39013671875,0.92041015625,0.4384765625,3.46435546875,0.26171875
3896,2.39453125,2.34521484375,2.251953125,0.3037109375,0.3515625,3.10302734375,0.73974609375
3897,2.43896484375,2.20068359375,2.28076171875,0.3056640625,0.33886718750000006,3.25048828125,0.75390625
3898,2.376953125,2.4326171875,2.45751953125,0.30908203125,0.57275390625,3.32958984375,0.427734375
3899,2.34423828125,2.21240234375,2.48388671875,0.42919921875,0.48486328125,3.42822265625,0.28271484375
3900,2.43115234375,2.28564453125,2.2890625,0.5966796875,0.96875,3.2099609375,0.32666015625
3901,2.44091796875,2.17578125,2.33984375,0.69189453125,0.6328125,3.22314453125,0.3212890625
3902,2.4150390625,2.41650390625,2.31787109375,0.56396484375,0.38232421875,3.08154296875,0.67041015625
3903,2.45849609375,2.27490234375,2.33935546875,0.53076171875,0.4150390625,3.10546875,0.58935546875
3904,2.4091796875,2.40966796875,2.34130859375,0.34082031250000006,0.732421875,3.29296875,0.75732421875
3905,2.34130859375,2.27392578125,2.3681640625,0.3505859375,0.6142578125,3.33935546875,0.75439453125
3906,2.4013671875,2.38818359375,2.3408203125,0.27392578125,0.32275390625,3.19140625,0.49853515625
3907,2.470703125,2.3798828125,2.37841796875,0.37451171875,0.19287109375000003,3.228515625,0.37841796875
3908,2.46923828125,2.42822265625,2.39208984375,0.43994140625,0.41650390625,3.44140625,0.39599609375
3909,2.3818359375,2.26123046875,2.42919921875,0.583984375,0.349609375,3.45263671875,0.37646484375
3910,2.27783203125,2.31396484375,2.40185546875,0.33544921875,0.42724609375,3.1630859375,0.5107421875
3911,2.33447265625,2.1572265625,2.46142578125,0.40283203125,0.38720703125,3.2138671875,0.375
3912,2.27734375,2.61962890625,2.244140625,0.3125,0.29248046875,3.39990234375,0.60302734375
3913,2.24462890625,2.61474609375,2.28955078125,0.27294921875,0.2275390625,3.43701171875,0.4228515625
3914,2.375,2.30859375,2.26416015625,0.26416015625000006,0.26904296875,3.22265625,0.6064453125
3915,2.396484375,2.22607421875,2.29638671875,0.29541015625,0.1694335937500001,3.24267578125,0.60107421875
3916,2.7353515625,2.46826171875,2.31640625,0.49365234375,0.689453125,3.24853515625,0.36328125
3917,2.73095703125,2.2373046875,2.38232421875,0.57470703125,0.537109375,3.2197265625,0.26904296875
3918,2.50244140625,2.68359375,2.240234375,0.48681640625000006,0.2626953125,3.26171875,0.28173828125
3919,2.48095703125,2.35107421875,2.3125,0.5595703125,0.2509765625,3.3310546875,0.2094726562500001
3920,2.56005859375,2.59130859375,2.2451171875,0.32763671875,0.4091796875,3.4033203125,0.46142578125
3921,2.6318359375,2.5078125,2.330078125,0.4130859375,0.3359375,3.38330078125,0.29931640625
3922,2.3896484375,2.2978515625,2.29248046875,0.431640625,0.29248046875,3.34521484375,0.40771484375
3923,2.3603515625,2.30810546875,2.3681640625,0.447265625,0.224609375,3.37255859375,0.35009765625000006
3924,2.3916015625,2.4267578125,2.19482421875,0.3740234375,0.66748046875,3.37451171875,0.5458984375
3925,2.35693359375,2.25830078125,2.27734375,0.482421875,0.435546875,3.4404296875,0.56494140625
3926,2.228515625,2.3916015625,2.36279296875,0.80078125,0.27880859375,3.1376953125,0.65625
3927,2.22119140625,2.2841796875,2.47802734375,0.83154296875,0.24169921875,3.21923828125,0.55859375
3928,2.42626953125,2.5576171875,2.3583984375,0.6630859375,0.525390625,3.1494140625,0.8681640625
3929,2.4755859375,2.4013671875,2.470703125,0.798828125,0.41796875,3.25537109375,0.666015625
3930,2.53173828125,2.30859375,2.2099609375,0.52734375,0.3681640625,3.1396484375,0.611328125
3931,2.5927734375,2.14453125,2.24169921875,0.72119140625,0.3203125000000001,3.15673828125,0.44189453125
3932,2.42236328125,2.21728515625,2.302734375,0.5546875,0.38916015625,3.27783203125,0.62841796875
3933,2.46533203125,2.09619140625,2.4169921875,0.47998046875,0.37841796875,3.310546875,0.50341796875
3934,2.2529296875,2.208984375,2.23193359375,0.39501953125,0.1435546875,3.08251953125,0.552734375
3935,2.3046875,2.1044921875,2.33544921875,0.392578125,0.07080078125000006,3.10107421875,0.48583984375
3936,2.4541015625,2.43017578125,2.39013671875,0.43896484375000006,0.12304687500000003,3.06787109375,0.27783203125000006
3937,2.46728515625,2.2724609375,2.4599609375,0.52490234375,0.09863281250000006,3.1376953125,0.193359375
3938,2.3125,2.40283203125,2.41845703125,0.46435546875,0.4326171875,3.29833984375,0.33544921875
3939,2.3486328125,2.255859375,2.4345703125,0.5615234375,0.3447265625,3.41845703125,0.388671875
3940,2.52392578125,2.359375,2.27783203125,0.11767578125000004,0.27978515625,3.1884765625,0.50048828125
3941,2.5361328125,2.23681640625,2.34033203125,0.09082031250000007,0.2133789062500001,3.2890625,0.44140625
3942,2.64501953125,2.35888671875,2.2412109375,0.55224609375,0.68017578125,3.25390625,0.6611328125
3943,2.71337890625,2.15478515625,2.23291015625,0.54736328125,0.5888671875,3.28955078125,0.57666015625
3944,2.5771484375,2.5390625,2.3525390625,0.08056640625000004,0.67724609375,3.29296875,0.5498046875
3945,2.587890625,2.427734375,2.439453125,0.14501953125,0.5458984375,3.23974609375,0.44482421875
3946,2.52783203125,2.35791015625,2.31689453125,0.35937500000000006,0.6005859375,3.2412109375,0.6123046875
3947,2.56396484375,2.2333984375,2.3837890625,0.45166015625,0.4306640625,3.2998046875,0.45556640625
3948,2.19970703125,2.263671875,2.25341796875,0.51513671875,0.53125,3.28955078125,0.51953125
3949,2.17626953125,2.14990234375,2.35595703125,0.5400390625,0.50537109375,3.328125,0.45947265625
3950,2.4150390625,2.4375,2.38916015625,0.2841796875,0.75439453125,3.052734375,0.42626953125000006
3951,2.4306640625,2.2314453125,2.45751953125,0.2900390625,0.61083984375,3.0810546875,0.373046875
3952,2.42431640625,2.41650390625,2.318359375,0.33203125,0.55322265625,3.22412109375,0.3759765625
3953,2.50048828125,2.27685546875,2.35595703125,0.41503906250000006,0.58349609375,3.23876953125,0.376953125
3954,2.416015625,2.44091796875,2.4384765625,0.427734375,0.396484375,3.1943359375,0.40478515625
3955,2.3974609375,2.232421875,2.41943359375,0.39648437500000006,0.42041015625,3.29052734375,0.3417968750000001
3956,2.5,2.390625,2.31982421875,0.52392578125,0.45263671875000006,3.24853515625,0.63525390625
3957,2.541015625,2.2646484375,2.3740234375,0.57177734375,0.38427734375,3.26123046875,0.6220703125
3958,2.53662109375,2.1904296875,2.31787109375,0.53076171875,0.51953125,3.2978515625,0.736328125
3959,2.4970703125,1.9814453125,2.37353515625,0.5224609375,0.58251953125,3.3642578125,0.58740234375
3960,2.689453125,2.62744140625,2.3154296875,0.57373046875,0.68212890625,3.09912109375,0.70947265625
3961,2.70263671875,2.46142578125,2.44921875,0.73046875,0.6318359375,3.16162109375,0.58984375
3962,2.625,2.375,2.28564453125,0.4609375,0.42431640625,3.16357421875,0.66357421875
3963,2.57177734375,2.20751953125,2.35595703125,0.43359375,0.3125,3.23876953125,0.56689453125
3964,2.6171875,2.3408203125,2.20556640625,0.419921875,0.39990234375,3.42138671875,0.55419921875
3965,2.58837890625,2.23388671875,2.35693359375,0.443359375,0.37158203125,3.4658203125,0.5380859375
3966,2.2392578125,2.484375,2.30517578125,0.30273437500000006,0.45947265625,2.9951171875,0.62060546875
3967,2.26904296875,2.26025390625,2.36083984375,0.41064453125,0.453125,3.11181640625,0.44873046875
3968,2.45166015625,2.31982421875,2.34814453125,0.7392578125,0.779296875,3.3994140625,0.37158203125
3969,2.49365234375,2.19091796875,2.28857421875,0.7744140625,0.7529296875,3.46826171875,0.39990234375
3970,2.70458984375,2.48583984375,2.3623046875,0.54150390625,0.26806640625,3.26416015625,0.60302734375
3971,2.74462890625,2.3671875,2.427734375,0.56298828125,0.18066406250000006,3.24609375,0.47900390625
3972,2.38916015625,2.12939453125,2.37841796875,0.37109375,0.39501953125,3.43017578125,0.25341796875
3973,2.4951171875,1.94287109375,2.46142578125,0.45458984375,0.44384765625,3.33251953125,0.27197265625
3974,2.267578125,2.56591796875,2.32763671875,0.48388671875,0.4013671875,3.22607421875,0.52294921875
3975,2.27685546875,2.49169921875,2.4091796875,0.54296875,0.34326171875,3.216796875,0.4912109375
3976,2.251953125,2.46875,2.33154296875,0.37060546875000006,0.2568359375,3.03564453125,0.19287109375000003
3977,2.2607421875,2.427734375,2.4189453125,0.412109375,0.2880859375,3.115234375,0.19042968750000003
3978,2.30859375,2.36572265625,2.318359375,0.36865234375,0.869140625,3.28857421875,0.39697265625
3979,2.44873046875,2.2900390625,2.3662109375,0.47021484375,0.64208984375,3.3056640625,0.3837890625
3980,2.56298828125,2.30029296875,2.28564453125,0.2416992187500001,0.2958984375,3.42578125,0.37841796875
3981,2.5791015625,2.171875,2.3564453125,0.28759765625,0.19873046875000003,3.40673828125,0.34619140625
3982,2.4501953125,2.39501953125,2.19873046875,0.5673828125,0.5283203125,3.1171875,0.38085937500000006
3983,2.4609375,2.2451171875,2.251953125,0.61328125,0.490234375,3.1640625,0.3627929687500001
3984,2.5751953125,2.412109375,2.39208984375,0.27587890625000006,0.4130859375,3.44921875,0.6611328125
3985,2.49853515625,2.26171875,2.396484375,0.26611328125,0.412109375,3.46875,0.64794921875
3986,2.64306640625,2.53369140625,2.3466796875,0.3017578125,0.69287109375,3.14453125,0.68115234375
3987,2.5625,2.400390625,2.3779296875,0.26025390625,0.52001953125,3.22412109375,0.60205078125
3988,2.57275390625,2.30712890625,2.42724609375,0.35546875,0.701171875,3.25439453125,0.693359375
3989,2.59521484375,2.27392578125,2.48583984375,0.3984375,0.5830078125,3.271484375,0.5654296875
3990,2.4951171875,2.20166015625,2.39111328125,0.32080078125,0.56103515625,3.22265625,0.6845703125
3991,2.525390625,2.11328125,2.4052734375,0.41943359375000006,0.4560546875,3.20947265625,0.5546875
3992,2.1953125,2.3505859375,2.251953125,0.267578125,0.54541015625,3.04296875,0.43310546875
3993,2.14501953125,2.28955078125,2.3232421875,0.26904296875,0.5849609375,3.060546875,0.40869140625
3994,2.52294921875,2.349609375,2.41650390625,0.5556640625,0.48681640625,3.38671875,0.4697265625
3995,2.482421875,2.255859375,2.4013671875,0.5390625,0.33544921875,3.44287109375,0.34521484375000006
3996,2.6572265625,2.69970703125,2.1904296875,0.35693359375,0.44873046875,3.3564453125,0.638671875
3997,2.53125,2.53759765625,2.2626953125,0.5576171875,0.38330078125,3.37158203125,0.49169921875
3998,2.49853515625,2.505859375,2.26123046875,0.56982421875,0.53955078125,3.2548828125,0.52490234375
3999,2.53173828125,2.4453125,2.30517578125,0.69189453125,0.43115234375000006,3.2626953125,0.37646484375
4000,2.529296875,2.458984375,2.42333984375,0.47509765625,0.40234375,3.328125,0.6044921875
4001,2.59130859375,2.232421875,2.5263671875,0.541015625,0.36767578125,3.27783203125,0.45849609375
4002,2.50048828125,2.296875,2.2373046875,0.37304687500000006,0.54248046875,3.0419921875,0.42724609375
4003,2.5751953125,2.18310546875,2.3662109375,0.4599609375,0.44677734375,3.126953125,0.3510742187500001
4004,2.4990234375,2.45361328125,2.3486328125,0.57080078125,0.50146484375,3.3828125,0.2905273437500001
4005,2.51611328125,2.314453125,2.42138671875,0.5302734375,0.4697265625,3.48388671875,0.20458984375000003
4006,2.390625,2.47021484375,2.302734375,0.53759765625,0.43212890625,3.47705078125,0.54638671875
4007,2.404296875,2.36572265625,2.37451171875,0.5078125,0.36669921875,3.52001953125,0.447265625
4008,2.490234375,2.62841796875,2.220703125,0.45361328125,0.39111328125,3.00634765625,0.2822265625
4009,2.45947265625,2.5869140625,2.36181640625,0.63818359375,0.36865234375,3.10595703125,0.2529296875
4010,2.52978515625,2.595703125,2.27099609375,0.44482421875,0.43798828125,3.1142578125,0.486328125
4011,2.560546875,2.39794921875,2.3115234375,0.56494140625,0.376953125,3.2060546875,0.55322265625
4012,2.5947265625,2.42822265625,2.5166015625,0.41455078125000006,0.52685546875,3.45556640625,0.51904296875
4013,2.63720703125,2.24755859375,2.484375,0.55322265625,0.3603515625,3.5302734375,0.466796875
4014,2.54296875,2.5654296875,2.419921875,0.39501953125,0.39599609375,2.9580078125,0.39404296875
4015,2.640625,2.38037109375,2.42724609375,0.451171875,0.4189453125,3.0771484375,0.44287109375
4016,2.55322265625,2.46630859375,2.3251953125,0.326171875,0.57470703125,3.0556640625,0.4375
4017,2.580078125,2.36279296875,2.47021484375,0.35058593750000006,0.53564453125,3.09375,0.3095703125
4018,2.453125,2.45263671875,2.29052734375,0.38134765625,0.3955078125,3.16015625,0.5107421875
4019,2.52099609375,2.2705078125,2.42919921875,0.40576171875000006,0.326171875,3.193359375,0.44140625
4020,2.39111328125,2.3974609375,2.49267578125,0.49853515625,0.3056640625,3.2734375,0.71142578125
4021,2.35107421875,2.33056640625,2.48095703125,0.57080078125,0.15478515625000003,3.31201171875,0.6962890625
4022,2.439453125,2.439453125,2.384765625,0.55615234375,0.443359375,3.34619140625,0.6220703125
4023,2.53173828125,2.31982421875,2.42529296875,0.68505859375,0.31298828125000006,3.34619140625,0.60107421875
4024,2.5478515625,2.4189453125,2.32568359375,0.38818359375,0.16552734375000003,3.09130859375,0.6044921875
4025,2.54736328125,2.19921875,2.39013671875,0.43603515625000006,0.08544921875000006,3.15283203125,0.46923828125
4026,2.30322265625,2.09423828125,2.3564453125,0.2275390625000001,0.7470703125,3.09716796875,0.29541015625
4027,2.31640625,1.99169921875,2.3701171875,0.2861328125,0.830078125,3.22900390625,0.22802734375
4028,2.412109375,2.3271484375,2.423828125,0.478515625,0.5751953125,3.05029296875,0.24658203125
4029,2.46484375,2.14111328125,2.44921875,0.634765625,0.3017578125,3.18115234375,0.333984375
4030,2.541015625,2.21728515625,2.23095703125,0.08007812500000004,0.54150390625,3.1162109375,0.43115234375
4031,2.517578125,2.18994140625,2.25,0.13232421875000006,0.5673828125,3.169921875,0.396484375
4032,2.35546875,2.3740234375,2.30078125,0.33837890625,0.572265625,3.30126953125,0.56640625
4033,2.37548828125,2.2578125,2.32958984375,0.25048828125,0.576171875,3.31884765625,0.4765625
4034,2.3310546875,2.48681640625,2.396484375,0.51806640625,0.4326171875,3.22021484375,0.55615234375
4035,2.2919921875,2.3115234375,2.4091796875,0.60302734375,0.26513671875,3.3681640625,0.513671875
4036,2.70849609375,2.45166015625,2.40380859375,0.22509765625,0.421875,3.39013671875,0.60595703125
4037,2.67236328125,2.4130859375,2.451171875,0.326171875,0.359375,3.48876953125,0.47998046875
4038,2.42138671875,2.3828125,2.35400390625,0.5224609375,0.25634765625,3.38818359375,0.53857421875
4039,2.44189453125,2.2724609375,2.46728515625,0.56396484375,0.25244140625,3.36767578125,0.52587890625
4040,2.3564453125,2.291015625,2.341796875,0.44580078125,0.48681640625,3.30712890625,0.283203125
4041,2.3779296875,2.25830078125,2.38232421875,0.529296875,0.32958984375,3.3642578125,0.26806640625
4042,2.54638671875,2.4130859375,2.38818359375,0.34228515625,0.46240234375,3.294921875,0.30859375
4043,2.666015625,2.2734375,2.36572265625,0.5341796875,0.3310546875,3.31689453125,0.22412109375
4044,2.3603515625,2.1533203125,2.21923828125,0.32275390625,0.84228515625,3.27978515625,0.7255859375
4045,2.44580078125,2.12841796875,2.302734375,0.49658203125,0.6513671875,3.27392578125,0.6181640625
4046,2.40185546875,2.2197265625,2.3740234375,0.4208984375,0.25732421875000006,3.19189453125,0.666015625
4047,2.43798828125,1.984375,2.44384765625,0.5,0.19531250000000003,3.23291015625,0.5478515625
4048,2.310546875,2.59619140625,2.25927734375,0.66259765625,0.7548828125,3.296875,0.41845703125
4049,2.22119140625,2.5771484375,2.27490234375,0.79248046875,0.61767578125,3.3720703125,0.36865234375000006
4050,2.029296875,2.00390625,2.080078125,0.07373046875000007,0.08642578125000007,2.9248046875,0.04003906250000007
