,seed_10,seed_20,seed_30,seed_40,seed_50,seed_155,seed_125
0,7.18798828125,7.94287109375,7.076171875,5.4931640625,7.01611328125,7.11669921875,7.671875
1,6.61376953125,6.8974609375,7.619140625,5.97216796875,6.7177734375,5.7275390625,7.443359375
2,6.40380859375,7.5732421875,7.1806640625,5.837890625,5.9091796875,6.8681640625,7.05419921875
3,6.955078125,7.33349609375,6.08984375,5.52783203125,6.96484375,6.25244140625,7.47021484375
4,6.53759765625,7.70654296875,6.77490234375,5.79638671875,6.29541015625,7.25390625,6.75146484375
5,7.099609375,6.376953125,6.734375,5.6943359375,6.72998046875,5.7705078125,8.05810546875
6,7.119140625,8.2470703125,6.53759765625,5.236328125,6.611328125,6.2314453125,6.5
7,6.619140625,6.580078125,7.419921875,5.9521484375,6.7392578125,7.37744140625,8.3759765625
8,6.70361328125,6.431640625,6.90185546875,4.44677734375,6.75,5.79345703125,7.1572265625
9,7.09326171875,7.58837890625,6.8203125,6.5517578125,6.80908203125,7.00146484375,7.16796875
10,7.34375,7.31640625,7.30517578125,5.83740234375,5.97412109375,6.64453125,7.6943359375
11,7.552734375,7.3017578125,6.9013671875,5.45361328125,7.2890625,6.26708984375,6.87255859375
12,6.91455078125,7.34326171875,7.28857421875,5.98828125,6.59716796875,6.744140625,7.1767578125
13,6.33740234375,7.1474609375,6.44580078125,5.3740234375,6.65869140625,6.3798828125,7.36279296875
14,6.92822265625,8.00341796875,5.83544921875,6.0400390625,6.70703125,7.294921875,7.462890625
15,6.349609375,7.25,7.6689453125,5.52978515625,6.6318359375,6.203125,7.490234375
16,7.4052734375,7.849609375,7.818359375,5.79443359375,6.6572265625,5.22509765625,8.552734375
17,6.86767578125,6.83544921875,6.1259765625,6.087890625,6.91064453125,6.51416015625,6.10986328125
18,7.0771484375,6.76416015625,6.6845703125,7.09912109375,7.30126953125,5.94921875,7.15771484375
19,7.60498046875,6.7998046875,7.14111328125,3.46142578125,5.796875,7.08203125,7.41455078125
20,7.24609375,7.5869140625,7.6572265625,5.83837890625,6.849609375,5.98193359375,6.86181640625
21,6.51953125,7.416015625,6.4951171875,6.064453125,6.76806640625,6.53076171875,8.05322265625
22,6.734375,5.890625,6.6875,5.71337890625,7.1787109375,5.71484375,7.2080078125
23,7.69140625,7.369140625,6.576171875,5.87353515625,6.31884765625,7.4287109375,7.66015625
24,7.39697265625,7.1943359375,7.4150390625,6.0185546875,6.99755859375,6.572265625,7.3486328125
25,6.748046875,6.93017578125,5.96240234375,5.6083984375,5.658203125,6.34228515625,7.4091796875
26,7.30078125,7.5712890625,6.45458984375,6.56201171875,6.46484375,6.2744140625,7.66064453125
27,7.23486328125,7.015625,7.23779296875,5.03515625,7.2705078125,7.28076171875,7.05224609375
28,7.625,7.88720703125,7.01171875,5.796875,6.634765625,7.30908203125,6.8447265625
29,7.015625,7.1962890625,7.42724609375,6.00634765625,6.7685546875,6.68310546875,6.30712890625
30,6.7841796875,7.56494140625,7.10546875,3.27001953125,6.66650390625,6.3876953125,6.6826171875
31,7.298828125,7.23046875,7.1923828125,6.51171875,6.4736328125,6.333984375,7.81591796875
32,6.87744140625,8.05859375,5.25244140625,5.24169921875,7.3759765625,6.1328125,7.671875
33,7.43505859375,6.4599609375,7.3994140625,6.125,6.01025390625,6.8017578125,6.49365234375
34,7.31396484375,7.75146484375,6.43603515625,4.8251953125,6.974609375,6.3115234375,6.54541015625
35,6.42041015625,6.87646484375,7.32666015625,6.53173828125,6.8125,6.51123046875,8.15087890625
36,6.755859375,5.92236328125,7.45751953125,4.90966796875,7.29541015625,7.22412109375,7.02099609375
37,7.40087890625,7.6171875,6.2421875,6.490234375,6.73388671875,6.1279296875,6.5830078125
38,6.857421875,6.62109375,6.876953125,5.626953125,6.484375,6.8515625,7.63818359375
39,6.5009765625,7.7548828125,6.97216796875,5.7890625,7.2802734375,6.623046875,7.1708984375
40,8.2021484375,7.80615234375,6.91162109375,4.880859375,6.95361328125,7.07373046875,7.369140625
41,6.71337890625,5.9619140625,7.09423828125,6.2060546875,7.74072265625,6.8173828125,7.41015625
42,6.6982421875,7.541015625,7.59814453125,4.52978515625,6.13818359375,6.3076171875,7.3505859375
43,6.92529296875,7.73095703125,6.91943359375,6.54296875,7.3720703125,6.40771484375,7.1494140625
44,6.54248046875,7.03564453125,6.6640625,5.0234375,6.11328125,6.796875,7.7099609375
45,6.94970703125,7.5166015625,7.138671875,6.2880859375,7.38134765625,6.13623046875,6.59033203125
46,6.8681640625,7.32568359375,6.55908203125,5.76953125,7.50048828125,5.8427734375,6.1865234375
47,7.251953125,6.765625,7.63232421875,6.15673828125,6.47998046875,6.939453125,7.9716796875
48,6.88720703125,6.96533203125,7.341796875,6.56640625,6.44921875,6.21875,6.60009765625
49,7.49462890625,7.8232421875,6.56640625,4.94677734375,7.4248046875,6.75830078125,7.6005859375
50,6.908203125,7.4658203125,7.587890625,6.17431640625,6.546875,6.6318359375,6.95849609375
51,7.52783203125,6.64306640625,6.11083984375,5.791015625,7.03369140625,6.71923828125,7.416015625
52,5.46728515625,6.177734375,7.916015625,7.2578125,5.7021484375,6.67919921875,6.61962890625
53,6.69287109375,5.20703125,6.29150390625,5.91748046875,6.42626953125,6.37255859375,7.27734375
54,7.07470703125,6.08935546875,7.962890625,5.138671875,5.2783203125,5.88134765625,6.18212890625
55,7.1953125,7.8662109375,6.8818359375,6.72705078125,6.18603515625,7.037109375,5.97216796875
56,7.03857421875,7.39990234375,6.0537109375,3.1708984375,7.16650390625,5.80810546875,6.5107421875
57,7.130859375,5.68408203125,6.0009765625,5.6357421875,6.03955078125,6.3544921875,5.625
58,7.2177734375,6.66455078125,5.47998046875,6.1162109375,6.63134765625,6.10009765625,6.275390625
59,7.00244140625,5.564453125,5.2373046875,6.76123046875,7.16064453125,6.44091796875,5.96728515625
60,6.396484375,6.07275390625,5.47607421875,5.47705078125,6.57763671875,5.96142578125,6.54345703125
61,6.85498046875,6.6572265625,5.01416015625,6.484375,6.33544921875,6.71240234375,6.08642578125
62,5.6416015625,5.92041015625,5.451171875,5.11083984375,6.8369140625,5.8583984375,6.95751953125
63,6.64794921875,6.24609375,4.74755859375,5.9365234375,6.171875,6.2763671875,6.11279296875
64,5.88916015625,5.8623046875,5.82373046875,5.89306640625,5.310546875,6.08349609375,7.36669921875
65,6.23876953125,6.08447265625,5.12646484375,5.1142578125,6.77197265625,5.74951171875,5.515625
66,5.98583984375,6.4697265625,5.5927734375,5.82568359375,5.470703125,5.9677734375,6.46240234375
67,5.767578125,5.50830078125,4.7001953125,5.48291015625,6.1845703125,6.5146484375,6.74951171875
68,6.23095703125,6.30615234375,6.09033203125,5.82080078125,6.33984375,5.83642578125,6.359375
69,6.4375,6.29638671875,4.322265625,4.7880859375,4.8154296875,5.73681640625,6.49951171875
70,6.74267578125,6.89990234375,5.25048828125,4.92236328125,6.43505859375,5.8564453125,5.99560546875
71,5.4697265625,5.7080078125,5.34375,5.08837890625,5.45947265625,6.42138671875,7.0419921875
72,6.31103515625,6.0224609375,5.23779296875,4.572265625,4.6279296875,5.6357421875,6.12841796875
73,5.6572265625,6.328125,5.46923828125,5.64990234375,6.41845703125,5.76953125,6.14794921875
74,5.98193359375,6.2529296875,4.18994140625,4.8798828125,5.16552734375,5.908203125,6.60986328125
75,5.8837890625,5.15087890625,6.1865234375,4.16015625,5.0107421875,5.86669921875,5.02001953125
76,5.6328125,6.2587890625,4.716796875,4.2158203125,5.23486328125,5.8388671875,6.17578125
77,5.68896484375,4.81201171875,6.560546875,5.15478515625,5.41748046875,5.90283203125,5.65185546875
78,5.1728515625,5.4541015625,5.37548828125,4.10107421875,5.23681640625,5.69384765625,5.513671875
79,6.37548828125,5.68701171875,7.0537109375,5.5048828125,5.43994140625,6.7099609375,5.853515625
80,5.2958984375,5.73974609375,4.0966796875,4.9501953125,5.52490234375,5.97119140625,5.95654296875
81,5.654296875,5.21142578125,5.60986328125,5.4248046875,5.193359375,5.4248046875,5.65380859375
82,5.8701171875,4.95947265625,4.64111328125,5.162109375,3.423828125,5.1689453125,5.4765625
83,5.21044921875,5.78857421875,4.185546875,4.76220703125,5.8994140625,5.970703125,6.1884765625
84,5.189453125,4.830078125,4.03125,3.8505859375,5.63232421875,5.21142578125,5.771484375
85,5.8115234375,4.91796875,4.5888671875,5.4951171875,6.3388671875,4.685546875,5.87255859375
86,6.12060546875,5.21826171875,4.009765625,5.396484375,5.84130859375,5.30908203125,5.23876953125
87,4.89013671875,4.1572265625,3.52978515625,3.44677734375,4.79345703125,4.3359375,5.8193359375
88,5.7861328125,4.6279296875,3.99609375,5.580078125,4.71240234375,4.27783203125,4.7666015625
89,4.5478515625,4.6923828125,4.8876953125,3.76806640625,4.9609375,4.71337890625,5.609375
90,5.595703125,3.58203125,4.5048828125,5.2314453125,5.326171875,5.42822265625,4.7646484375
91,4.71240234375,5.35595703125,4.21923828125,4.57421875,3.61767578125,4.6064453125,5.5546875
92,4.0771484375,4.98681640625,5.02587890625,4.52099609375,3.5908203125,5.34765625,6.11572265625
93,5.3486328125,4.7763671875,3.73974609375,5.0615234375,5.02880859375,4.369140625,4.73876953125
94,4.80810546875,4.95068359375,4.830078125,4.69970703125,4.65234375,3.97705078125,4.8623046875
95,4.23779296875,4.1982421875,4.43017578125,4.9052734375,3.3984375,5.44287109375,5.947265625
96,3.15625,3.3232421875,5.04345703125,3.705078125,4.4248046875,5.06689453125,6.203125
97,5.2373046875,5.517578125,3.81201171875,5.283203125,3.76025390625,5.51318359375,4.93896484375
98,5.4423828125,4.78466796875,5.111328125,4.43359375,2.59716796875,5.4140625,5.6494140625
99,5.5185546875,3.009765625,4.1689453125,4.96435546875,5.2275390625,5.36865234375,4.8193359375
100,4.9619140625,3.56591796875,5.0458984375,3.017578125,6.296875,4.97998046875,5.0048828125
101,6.462890625,3.5966796875,4.06298828125,5.28759765625,5.68505859375,5.064453125,5.50927734375
102,5.3203125,4.62646484375,5.6796875,3.4306640625,6.02490234375,4.24365234375,4.55078125
103,6.71435546875,2.576171875,3.40673828125,3.6279296875,5.51171875,5.45361328125,4.85546875
104,5.4658203125,3.107421875,3.99609375,3.810546875,5.30615234375,5.1103515625,5.06689453125
105,6.30712890625,6.04443359375,4.7705078125,3.09912109375,5.83349609375,4.53466796875,4.56689453125
106,5.7451171875,5.10791015625,2.8857421875,2.77587890625,5.58740234375,5.49853515625,5.037109375
107,5.11572265625,4.89404296875,4.79638671875,4.2060546875,5.3291015625,4.51513671875,4.41455078125
108,4.9609375,5.14404296875,3.728515625,3.6923828125,5.34716796875,5.09423828125,4.5927734375
109,5.32421875,5.216796875,4.9501953125,3.56640625,6.06640625,4.783203125,5.04931640625
110,4.9833984375,4.99951171875,4.88427734375,5.146484375,5.27880859375,3.78564453125,4.04443359375
111,5.3388671875,4.87255859375,4.24169921875,1.623046875,5.6376953125,5.4345703125,5.48046875
112,5.52880859375,5.75390625,5.10400390625,4.66845703125,5.7783203125,5.4130859375,4.73095703125
113,5.326171875,4.0908203125,3.494140625,3.4111328125,4.50390625,5.181640625,3.8671875
114,5.306640625,4.15478515625,2.953125,3.91650390625,5.27685546875,4.9892578125,4.77978515625
115,4.7607421875,4.5302734375,4.921875,4.3046875,4.59228515625,4.36328125,3.64892578125
116,5.478515625,4.9130859375,4.16552734375,4.169921875,5.63623046875,3.99951171875,3.947265625
117,4.43408203125,2.5810546875,2.38916015625,3.966796875,4.26123046875,6.1025390625,4.357421875
118,5.9541015625,4.02490234375,4.15283203125,4.26806640625,5.255859375,4.7666015625,4.43505859375
119,3.396484375,4.83935546875,3.185546875,3.8232421875,3.7451171875,5.6279296875,3.5244140625
120,4.43798828125,4.8095703125,4.162109375,3.6259765625,5.31787109375,4.5126953125,3.69384765625
121,2.76123046875,3.70849609375,2.91845703125,4.345703125,3.65966796875,6.025390625,4.48388671875
122,4.7119140625,3.869140625,3.6142578125,5.2998046875,3.88232421875,4.61083984375,4.54296875
123,3.66943359375,5.421875,3.814453125,2.2314453125,4.625,5.18115234375,3.72216796875
124,3.99609375,4.99609375,3.65625,3.28515625,5.07861328125,5.25634765625,3.673828125
125,5.24169921875,5.40185546875,3.95654296875,4.30029296875,4.27197265625,5.1455078125,4.63671875
126,4.33203125,5.3935546875,3.51318359375,1.951171875,4.72802734375,4.13525390625,4.02490234375
127,5.54150390625,5.87890625,3.7421875,4.576171875,4.72216796875,4.74365234375,3.95458984375
128,3.96923828125,3.06689453125,3.58056640625,4.00830078125,5.14501953125,4.5341796875,4.39111328125
129,5.18701171875,6.353515625,3.28515625,3.9296875,4.0771484375,5.138671875,3.9169921875
130,4.69384765625,5.328125,2.509765625,4.49853515625,3.908203125,5.328125,3.7861328125
131,3.3662109375,5.44384765625,4.58935546875,2.0771484375,5.26318359375,3.8154296875,4.63232421875
132,4.1279296875,4.3369140625,5.037109375,3.50537109375,4.09619140625,4.25634765625,4.47314453125
133,3.9326171875,5.78076171875,2.5419921875,3.4091796875,4.5673828125,5.0654296875,3.5703125
134,3.4169921875,4.736328125,3.32958984375,4.02783203125,4.9072265625,4.72509765625,4.19775390625
135,4.419921875,5.0634765625,4.16748046875,3.70556640625,3.791015625,4.5283203125,3.384765625
136,4.37158203125,4.92822265625,2.8525390625,4.41845703125,2.87109375,4.6064453125,4.61328125
137,4.22265625,4.62841796875,4.23095703125,2.708984375,5.5634765625,4.57421875,2.90625
138,4.1298828125,4.58056640625,5.0380859375,2.8701171875,5.12744140625,4.50244140625,4.44921875
139,4.2001953125,4.34814453125,2.318359375,3.46044921875,4.28076171875,4.193359375,3.8759765625
140,4.25,3.83056640625,4.75390625,4.2255859375,5.7265625,4.56298828125,3.7626953125
141,4.2744140625,5.3115234375,4.830078125,3.14453125,2.86962890625,4.619140625,3.62255859375
142,4.44482421875,4.39208984375,5.34423828125,3.69775390625,5.32470703125,4.84814453125,3.568359375
143,4.1796875,4.97509765625,3.79296875,3.72998046875,5.1875,4.09521484375,3.32666015625
144,4.810546875,3.56298828125,4.681640625,3.25732421875,5.19873046875,4.78271484375,4.25537109375
145,3.35009765625,4.50146484375,3.6728515625,3.67822265625,5.6279296875,4.0869140625,4.15673828125
146,4.0791015625,4.5849609375,4.08056640625,3.50537109375,5.880859375,3.482421875,3.17724609375
147,4.25927734375,4.28564453125,3.96728515625,3.59716796875,4.22119140625,4.93408203125,3.451171875
148,3.3173828125,3.822265625,4.71875,3.96142578125,3.4716796875,5.40625,3.7890625
149,4.85302734375,5.02392578125,3.53759765625,2.76416015625,5.21923828125,3.31201171875,3.86572265625
150,4.955078125,4.81494140625,4.412109375,2.46630859375,4.35888671875,5.37548828125,3.50830078125
151,3.75048828125,3.11083984375,4.17822265625,3.03076171875,3.48828125,3.83447265625,4.0830078125
152,4.779296875,3.955078125,4.45703125,1.67822265625,3.9384765625,3.72509765625,3.744140625
153,3.5576171875,3.22216796875,4.47314453125,4.41845703125,2.9443359375,4.72998046875,4.3994140625
154,3.6923828125,3.30615234375,3.953125,2.3662109375,2.83154296875,4.9677734375,4.50830078125
155,4.23291015625,4.080078125,3.96044921875,4.27001953125,4.54345703125,3.3896484375,3.46728515625
156,2.8525390625,3.9384765625,4.60986328125,2.4208984375,4.9462890625,3.90576171875,4.06689453125
157,4.9853515625,3.71826171875,3.142578125,3.1220703125,3.39013671875,3.7275390625,3.7431640625
158,4.44677734375,3.81298828125,3.7548828125,2.1337890625,2.7890625,4.7890625,4.26123046875
159,4.8671875,4.16357421875,3.65625,3.484375,4.39599609375,3.197265625,3.5849609375
160,5.509765625,2.3525390625,2.40283203125,3.28955078125,2.72265625,3.2470703125,4.7509765625
161,3.26806640625,4.39892578125,4.34716796875,2.63330078125,3.6142578125,4.78076171875,4.00537109375
162,2.41455078125,3.40771484375,3.8759765625,3.33984375,3.39501953125,4.6044921875,3.9609375
163,5.18798828125,2.77099609375,2.6953125,2.4287109375,2.61328125,3.353515625,4.90478515625
164,5.69580078125,3.5869140625,2.111328125,1.8251953125,2.8544921875,4.37353515625,4.63330078125
165,3.0185546875,2.8505859375,3.66650390625,3.48681640625,3.525390625,2.98583984375,3.63232421875
166,3.69873046875,2.39111328125,2.98486328125,2.89501953125,4.2744140625,3.3759765625,4.4658203125
167,5.986328125,3.39453125,2.63232421875,2.50341796875,1.97509765625,3.2158203125,4.060546875
168,4.00048828125,3.06298828125,2.82568359375,2.0908203125,4.595703125,4.01318359375,4.21142578125
169,4.41845703125,1.99853515625,1.96044921875,2.75146484375,3.857421875,3.08203125,4.0595703125
170,4.38037109375,3.01806640625,2.92578125,2.4130859375,3.20654296875,2.99951171875,3.8896484375
171,3.9560546875,3.18408203125,2.173828125,3.06103515625,4.9423828125,2.8896484375,3.783203125
172,2.85400390625,2.876953125,1.650390625,2.42333984375,3.6630859375,4.248046875,3.9814453125
173,4.67529296875,2.2470703125,2.30859375,1.9814453125,4.90673828125,3.05322265625,3.77490234375
174,3.0830078125,3.18310546875,3.26123046875,1.9931640625,2.86962890625,2.978515625,4.056640625
175,4.0927734375,2.7802734375,1.7431640625,3.01318359375,4.74462890625,3.87841796875,4.5009765625
176,3.6015625,2.89501953125,3.720703125,1.56982421875,3.87939453125,2.28076171875,4.76904296875
177,4.310546875,2.3037109375,1.841796875,2.78466796875,3.0439453125,4.13671875,3.58837890625
178,4.8486328125,3.33544921875,3.8359375,2.06787109375,3.83203125,1.4736328125,4.69287109375
179,3.63134765625,3.0546875,2.85400390625,2.1240234375,3.3642578125,4.26220703125,3.60791015625
180,4.2119140625,3.08154296875,3.017578125,1.80029296875,2.57421875,3.03271484375,4.962890625
181,3.94091796875,2.4462890625,4.08984375,1.9443359375,4.04052734375,1.515625,3.76806640625
182,4.2548828125,3.76708984375,3.1669921875,1.19287109375,3.826171875,2.00390625,5.3564453125
183,4.1181640625,1.93017578125,3.7275390625,2.17626953125,3.64111328125,2.26416015625,3.11767578125
184,4.11962890625,3.3271484375,2.59033203125,1.44140625,2.69287109375,2.14501953125,5.056640625
185,4.8203125,2.52734375,3.54150390625,2.12109375,3.865234375,2.603515625,4.208984375
186,3.35107421875,4.05712890625,2.82275390625,2.4140625,2.505859375,2.48486328125,4.46044921875
187,5.35107421875,2.3671875,4.125,2.3486328125,3.63232421875,1.724609375,3.8134765625
188,4.8857421875,3.6728515625,2.4970703125,2.0751953125,3.599609375,2.7666015625,3.83203125
189,5.8359375,3.41796875,3.6259765625,2.451171875,2.609375,2.552734375,3.66650390625
190,5.33740234375,5.232421875,1.904296875,2.05908203125,3.42724609375,1.60205078125,3.69287109375
191,4.73291015625,1.8662109375,3.94873046875,1.904296875,2.533203125,2.1123046875,5.05322265625
192,3.349609375,3.60400390625,3.07666015625,1.60009765625,3.62451171875,2.5771484375,4.82958984375
193,6.00927734375,4.7109375,1.845703125,1.84912109375,2.15234375,1.3974609375,3.5634765625
194,5.18701171875,3.9873046875,3.59912109375,1.78564453125,3.6357421875,2.13134765625,4.22265625
195,3.9814453125,3.98876953125,2.15380859375,2.22705078125,2.22998046875,1.29150390625,4.7646484375
196,4.92919921875,4.0390625,2.02490234375,1.91845703125,1.7734375,1.859375,4.095703125
197,3.646484375,3.34619140625,3.173828125,2.24365234375,3.79736328125,2.412109375,4.6455078125
198,3.8544921875,3.8212890625,3.1533203125,1.54833984375,3.6630859375,2.59521484375,4.23974609375
199,4.12744140625,3.9091796875,2.56494140625,2.25634765625,2.240234375,2.064453125,3.6689453125
200,3.546875,1.49755859375,3.01708984375,1.96533203125,2.732421875,1.78173828125,4.23095703125
201,4.8740234375,4.986328125,2.6162109375,2.681640625,3.685546875,2.19287109375,4.5224609375
202,3.2080078125,2.3525390625,2.97705078125,1.927734375,2.61279296875,2.314453125,4.7978515625
203,5.33642578125,3.501953125,2.29052734375,2.2763671875,4.13037109375,2.5,4.67529296875
204,5.47021484375,3.34716796875,2.78271484375,2.25537109375,3.29638671875,1.7890625,5.0546875
205,3.67236328125,3.5458984375,3.15087890625,2.30517578125,3.01416015625,2.11962890625,3.79736328125
206,3.98583984375,2.99658203125,3.8544921875,2.32080078125,4.2705078125,2.7509765625,3.4052734375
207,3.490234375,2.703125,1.9990234375,1.966796875,3.13623046875,2.24560546875,5.3291015625
208,3.70458984375,1.70556640625,2.34814453125,1.5078125,3.6796875,2.46435546875,4.248046875
209,3.390625,3.0068359375,2.4794921875,2.4609375,3.7158203125,2.0703125,4.52685546875
210,3.1650390625,2.75634765625,3.61669921875,1.42431640625,3.93115234375,2.73046875,4.2587890625
211,4.607421875,3.078125,3.43115234375,1.7158203125,2.98876953125,1.609375,3.39306640625
212,3.65380859375,3.19970703125,2.81884765625,2.23681640625,3.181640625,2.59228515625,4.02978515625
213,4.48974609375,2.48779296875,2.65185546875,1.39306640625,4.11328125,1.578125,3.66650390625
214,4.2353515625,2.53759765625,3.33203125,2.54248046875,3.185546875,2.08056640625,4.53857421875
215,3.47998046875,2.3505859375,2.5556640625,1.9501953125,4.4150390625,1.5078125,4.2353515625
216,4.27685546875,2.3505859375,2.60791015625,1.4521484375,5.23681640625,1.35107421875,3.67626953125
217,3.462890625,3.291015625,2.92578125,1.90380859375,2.56298828125,1.56494140625,3.54833984375
218,4.236328125,3.11328125,2.35693359375,1.7060546875,5.51416015625,2.46923828125,4.224609375
219,3.30810546875,1.84716796875,2.92236328125,1.61865234375,4.96875,2.09130859375,3.8212890625
220,4.07861328125,2.08251953125,1.9013671875,1.412109375,4.3974609375,1.8466796875,4.5869140625
221,3.37939453125,3.05029296875,4.03955078125,2.138671875,5.48486328125,3.05859375,4.18115234375
222,3.6396484375,2.51513671875,2.330078125,1.5791015625,5.31298828125,2.08544921875,4.662109375
223,3.8203125,1.6103515625,3.376953125,2.1220703125,4.49462890625,2.84521484375,4.1298828125
224,3.80908203125,2.08544921875,4.01220703125,1.90087890625,4.69140625,2.5498046875,3.59765625
225,4.4716796875,1.77978515625,2.23681640625,1.9541015625,4.75830078125,1.6904296875,4.59326171875
226,2.73779296875,1.69287109375,3.0126953125,2.22119140625,3.4189453125,2.72607421875,4.341796875
227,4.228515625,3.8134765625,3.9091796875,2.3037109375,5.4716796875,3.21533203125,3.6044921875
228,2.3447265625,3.037109375,3.474609375,2.63818359375,5.5048828125,2.42578125,4.115234375
229,4.8916015625,2.4052734375,3.13916015625,2.009765625,2.689453125,2.61474609375,3.6162109375
230,5.375,2.09716796875,1.96728515625,1.4580078125,3.74609375,2.087890625,3.98583984375
231,4.55078125,3.24169921875,4.22705078125,1.5615234375,4.25341796875,3.248046875,3.5908203125
232,3.28515625,2.30322265625,3.6796875,1.73583984375,4.8095703125,2.2255859375,3.7861328125
233,5.61669921875,3.00048828125,1.92236328125,1.658203125,2.93994140625,2.916015625,4.69970703125
234,5.1767578125,2.62158203125,3.09619140625,1.34228515625,4.79443359375,2.9873046875,3.45166015625
235,3.67041015625,3.31103515625,3.3779296875,1.63427734375,2.67724609375,1.82275390625,4.5068359375
236,2.88134765625,2.171875,3.0556640625,1.8291015625,3.34423828125,2.17333984375,3.6142578125
237,4.69091796875,3.00537109375,1.5322265625,1.7841796875,3.98388671875,2.24267578125,3.60498046875
238,2.6201171875,2.58544921875,2.7890625,1.2802734375,3.39892578125,2.2294921875,4.14990234375
239,5.10302734375,2.666015625,2.14697265625,1.58544921875,2.97314453125,2.69384765625,3.7470703125
240,4.97802734375,2.298828125,3.09375,1.3583984375,3.51708984375,1.68505859375,4.5791015625
241,4.49169921875,1.626953125,1.72216796875,1.33935546875,4.0712890625,3.02685546875,4.02978515625
242,3.75830078125,2.13232421875,1.92822265625,1.85791015625,3.64453125,2.3251953125,3.44189453125
243,5.05126953125,2.03369140625,1.7060546875,2.1494140625,2.603515625,2.9384765625,3.27783203125
244,4.48876953125,3.91650390625,1.85693359375,1.3955078125,2.94873046875,2.4775390625,4.30810546875
245,4.1171875,1.3369140625,2.951171875,1.91455078125,3.67919921875,1.98095703125,4.12548828125
246,3.80078125,2.30078125,1.6875,1.97802734375,3.35498046875,1.68505859375,4.28173828125
247,5.263671875,3.44140625,3.3271484375,2.17431640625,2.517578125,2.66455078125,4.2431640625
248,4.0625,3.35595703125,2.66845703125,1.72705078125,1.84716796875,2.68603515625,3.6708984375
249,5.22216796875,2.2705078125,2.51171875,2.0859375,3.90576171875,2.2587890625,3.69287109375
250,5.22509765625,2.2451171875,2.0048828125,1.52490234375,2.6064453125,1.978515625,3.82080078125
251,3.80322265625,2.63427734375,2.5244140625,1.89453125,1.70751953125,2.71630859375,3.630859375
252,4.5107421875,1.6298828125,2.3095703125,1.78369140625,2.580078125,2.26611328125,3.82666015625
253,2.6064453125,3.076171875,2.9833984375,1.7685546875,2.68408203125,1.919921875,3.939453125
254,2.18505859375,2.4873046875,2.2724609375,1.84814453125,1.19580078125,1.896484375,4.0029296875
255,4.1884765625,2.001953125,2.9560546875,1.40771484375,3.296875,2.58642578125,4.11279296875
256,3.56494140625,3.2666015625,1.978515625,1.228515625,2.15625,1.47021484375,4.3125
257,4.02490234375,1.451171875,2.55029296875,1.2080078125,1.74609375,2.09912109375,3.7421875
258,2.50048828125,1.48388671875,1.87060546875,1.83935546875,2.84423828125,2.0546875,4.08984375
259,4.84521484375,3.26611328125,2.54541015625,2.51904296875,1.9072265625,2.13720703125,4.76318359375
260,2.63427734375,2.2099609375,2.70068359375,1.578125,2.1318359375,1.7939453125,4.44482421875
261,4.029296875,2.45947265625,2.1923828125,1.5458984375,2.34423828125,1.578125,4.34130859375
262,3.1494140625,1.87255859375,1.517578125,2.21337890625,2.32958984375,2.046875,3.66064453125
263,3.0947265625,1.60791015625,2.75244140625,2.04931640625,1.6328125,2.2265625,4.447265625
264,2.671875,2.1953125,1.4677734375,2.0166015625,2.16845703125,1.92431640625,3.5029296875
265,3.5263671875,2.0625,2.91162109375,1.9248046875,2.29443359375,1.47265625,4.12255859375
266,2.44140625,2.99853515625,2.08251953125,1.57177734375,1.97412109375,1.8671875,4.02099609375
267,3.75634765625,2.37744140625,2.18408203125,2.1591796875,2.15087890625,2.044921875,4.1875
268,2.51416015625,1.9833984375,1.8017578125,1.8017578125,2.85205078125,2.4873046875,3.2353515625
269,4.0322265625,2.421875,2.39111328125,2.181640625,3.0029296875,3.2919921875,3.8359375
270,4.05078125,2.1318359375,3.28173828125,2.47705078125,2.1826171875,2.75048828125,3.10205078125
271,2.73681640625,2.314453125,1.4873046875,1.8134765625,1.43603515625,2.42919921875,3.68603515625
272,4.05615234375,2.94677734375,2.6025390625,1.802734375,1.462890625,1.90625,3.31884765625
273,2.48291015625,1.9072265625,2.23193359375,2.0087890625,2.74853515625,1.46826171875,3.64794921875
274,3.505859375,1.64794921875,2.2939453125,2.177734375,1.52783203125,2.5908203125,3.77685546875
275,2.7587890625,2.341796875,2.13330078125,1.70361328125,2.52392578125,2.7841796875,3.6640625
276,2.9892578125,1.76025390625,2.583984375,1.33837890625,1.8642578125,1.830078125,3.6748046875
277,3.80029296875,1.7294921875,2.91259765625,1.208984375,2.94677734375,1.8486328125,3.8623046875
278,3.34228515625,2.1728515625,1.6630859375,1.9658203125,2.14990234375,1.84228515625,3.9169921875
279,2.99755859375,2.6083984375,3.04248046875,2.20556640625,1.8173828125,2.9736328125,3.60302734375
280,2.85693359375,2.60107421875,1.9287109375,1.662109375,2.41650390625,2.87890625,4.27783203125
281,2.923828125,2.19189453125,2.10546875,2.125,2.26611328125,2.1337890625,3.85107421875
282,3.61181640625,2.34765625,2.4599609375,1.79345703125,1.09228515625,2.95361328125,4.1728515625
283,2.42822265625,2.1201171875,1.9375,2.05859375,2.72998046875,2.0380859375,3.521484375
284,2.60009765625,2.2724609375,1.5771484375,1.86083984375,1.43505859375,3.91064453125,2.9970703125
285,3.0615234375,2.38916015625,1.91943359375,1.5380859375,1.734375,2.26171875,3.998046875
286,1.99072265625,1.9482421875,1.95654296875,1.90283203125,1.6123046875,2.40673828125,3.1552734375
287,3.583984375,2.16357421875,2.17333984375,2.38427734375,3.349609375,2.48291015625,3.67724609375
288,1.8349609375,2.79736328125,1.6796875,1.80517578125,1.67822265625,2.33154296875,3.8681640625
289,4.2255859375,1.39306640625,1.78955078125,1.9755859375,3.4931640625,3.595703125,3.90234375
290,4.02392578125,1.47314453125,1.7939453125,1.935546875,2.2587890625,3.01025390625,3.2939453125
291,4.412109375,2.1875,2.05224609375,2.7216796875,2.54296875,2.76025390625,3.5390625
292,2.4208984375,2.82958984375,2.1689453125,2.4267578125,3.37841796875,2.197265625,3.5986328125
293,5.2841796875,2.18603515625,1.94384765625,2.1884765625,2.14501953125,2.8251953125,3.08056640625
294,3.83740234375,1.9492187500000002,1.47021484375,2.4716796875,2.57177734375,2.23779296875,3.4638671875
295,4.03271484375,2.693359375,2.4111328125,1.84228515625,3.12060546875,3.91748046875,3.529296875
296,4.1865234375,2.94970703125,2.31689453125,1.31982421875,3.138671875,4.134765625,3.70458984375
297,3.86083984375,1.52099609375,2.43798828125,1.66943359375,2.09716796875,2.22900390625,3.90966796875
298,2.4755859375,3.27197265625,2.171875,1.63720703125,3.0546875,3.07275390625,3.09228515625
299,4.59521484375,2.07568359375,2.2080078125,1.19970703125,1.74658203125,2.86083984375,4.01708984375
300,3.60595703125,2.0703125,1.81591796875,1.7451171875,3.04638671875,3.2431640625,3.42431640625
301,2.400390625,1.82958984375,2.82470703125,1.69384765625,2.08447265625,2.39111328125,3.14599609375
302,2.28857421875,2.58447265625,2.98681640625,1.47802734375,2.49462890625,2.18212890625,3.322265625
303,4.2353515625,2.32177734375,2.67626953125,1.3212890625,1.47119140625,2.7548828125,3.205078125
304,4.560546875,3.017578125,1.8466796875,1.904296875,1.59521484375,3.28857421875,3.0146484375
305,3.0322265625,2.03125,1.935546875,1.72900390625,2.689453125,2.46875,3.31884765625
306,3.15087890625,2.14990234375,2.46728515625,1.8251953125,2.57275390625,2.82958984375,3.22412109375
307,3.60888671875,2.0029296875,1.8486328125,1.953125,2.94970703125,2.9365234375,3.599609375
308,3.6015625,1.927734375,2.8427734375,1.60302734375,2.04345703125,3.3876953125,3.166015625
309,2.84912109375,3.2490234375,2.125,1.39453125,2.0986328125,2.5908203125,3.412109375
310,3.38818359375,2.5751953125,1.9873046875,2.48291015625,2.0966796875,1.9501953125,2.89892578125
311,2.67919921875,1.5126953125,2.11328125,2.14501953125,1.75390625,3.248046875,3.1416015625
312,2.56396484375,3.23291015625,1.6982421875,1.92822265625,2.96142578125,2.3525390625,3.04150390625
313,3.8134765625,1.9169921875,1.83056640625,2.39990234375,2.365234375,2.58154296875,3.26220703125
314,3.84716796875,2.01220703125,1.7783203125,1.46875,1.7421875,2.513671875,3.0517578125
315,2.35498046875,2.00634765625,2.3671875,1.7568359375,2.62060546875,2.5791015625,3.41943359375
316,2.81640625,3.025390625,2.21142578125,1.712890625,2.90625,3.115234375,3.22705078125
317,3.03564453125,1.53466796875,1.85986328125,1.7099609375,2.13818359375,1.52392578125,3.23046875
318,3.96875,1.97705078125,2.86962890625,1.59375,3.17333984375,2.8583984375,3.89111328125
319,2.4990234375,2.8037109375,1.39208984375,1.4423828125,1.2705078125,2.0615234375,3.36376953125
320,2.23779296875,2.7998046875,1.7626953125,2.39990234375,1.7998046875,1.3837890625,3.74365234375
321,3.9921875,1.7900390625,2.91748046875,1.89990234375,2.4580078125,3.30078125,3.91357421875
322,3.31884765625,1.89453125,1.5517578125,1.45361328125,2.408203125,2.02001953125,3.64501953125
323,3.220703125,2.75634765625,3.5888671875,1.55029296875,3.08154296875,2.9150390625,2.7685546875
324,2.93896484375,2.8603515625,3.0400390625,1.78076171875,2.10205078125,3.19677734375,3.0498046875
325,3.04638671875,2.43994140625,2.35107421875,1.91455078125,2.79443359375,1.40185546875,3.33056640625
326,3.0478515625,2.43212890625,2.7431640625,2.1630859375,2.44287109375,2.64013671875,3.2080078125
327,2.97119140625,2.0654296875,2.72802734375,2.001953125,2.623046875,2.15869140625,3.4814453125
328,1.92529296875,2.11376953125,1.80615234375,1.21923828125,2.33740234375,2.25634765625,3.57666015625
329,3.9443359375,1.85107421875,2.7294921875,1.36669921875,1.53466796875,2.5478515625,3.439453125
330,2.41015625,2.576171875,1.76708984375,1.91796875,2.7158203125,1.7685546875,2.94970703125
331,1.95556640625,2.48828125,3.140625,1.56201171875,1.365234375,1.81689453125,2.77880859375
332,3.07177734375,2.13671875,2.76904296875,1.51171875,2.21435546875,1.69873046875,3.5849609375
333,2.78955078125,2.41455078125,2.57275390625,1.32763671875,1.390625,1.7119140625,3.171875
334,2.58447265625,2.3974609375,3.79150390625,2.31396484375,1.57421875,1.8759765625,3.73681640625
335,3.0908203125,2.19287109375,1.77880859375,2.296875,2.18115234375,2.62451171875,3.43603515625
336,3.591796875,1.5947265625,2.20751953125,1.7373046875,2.15869140625,1.8349609375,3.59375
337,2.0380859375,2.1806640625,3.60205078125,2.4423828125,1.771484375,2.64013671875,3.4375
338,2.4375,1.85302734375,2.40478515625,1.90576171875,1.54443359375,3.03564453125,3.1826171875
339,2.9755859375,1.7666015625,3.06884765625,1.533203125,1.48486328125,1.8359375,3.09716796875
340,2.93994140625,2.03271484375,2.93017578125,1.6181640625,1.75,2.76318359375,2.92138671875
341,2.5205078125,2.00634765625,2.7587890625,1.81591796875,2.73876953125,2.1005859375,3.05615234375
342,2.28515625,2.55322265625,2.8828125,2.0712890625,2.619140625,2.64013671875,3.5927734375
343,2.7451171875,1.69775390625,2.25341796875,1.93115234375,1.5498046875,1.80517578125,3.67919921875
344,2.70068359375,2.50146484375,2.24267578125,1.88330078125,2.23876953125,2.5419921875,3.626953125
345,2.88427734375,2.31103515625,2.20703125,2.33544921875,1.625,1.27587890625,3.62744140625
346,3.1865234375,1.892578125,2.08251953125,1.32470703125,2.18212890625,1.6640625,3.36572265625
347,2.14453125,2.169921875,2.5947265625,1.626953125,2.21142578125,2.1533203125,3.41748046875
348,2.4091796875,2.658203125,3.8037109375,1.32666015625,3.0322265625,1.95654296875,3.103515625
349,2.73046875,1.5693359375,2.23046875,1.0400390625,1.03662109375,2.119140625,3.287109375
350,1.5859375,2.0625,2.5517578125,1.671875,2.07080078125,2.0263671875,3.416015625
351,3.06005859375,1.45751953125,2.50830078125,2.115234375,0.9951171875,1.5126953125,3.1533203125
352,1.900390625,2.61865234375,2.94091796875,1.517578125,2.00927734375,2.103515625,3.1328125
353,2.91845703125,2.1123046875,2.9619140625,1.966796875,1.830078125,1.77978515625,2.69921875
354,2.42041015625,2.00634765625,3.1240234375,1.9697265625,1.3134765625,1.65478515625,3.712890625
355,1.9375,1.63671875,2.2705078125,1.57958984375,1.2529296875,2.06298828125,3.15625
356,1.853515625,1.9775390625,2.49072265625,2.22509765625,1.5966796875,2.6552734375,3.529296875
357,2.9990234375,1.4189453125,2.56591796875,1.92578125,2.408203125,1.5087890625,3.44775390625
358,1.97900390625,1.3896484375,1.58740234375,1.3974609375,2.06494140625,2.59228515625,3.4287109375
359,3.34716796875,1.92041015625,3.19482421875,2.0556640625,1.85986328125,2.423828125,3.25439453125
360,2.9150390625,2.62646484375,2.1201171875,1.509765625,2.11767578125,1.275390625,2.953125
361,1.75390625,1.35693359375,2.130859375,1.443359375,2.20068359375,1.5439453125,3.1748046875
362,2.48095703125,1.4033203125,1.80712890625,1.939453125,1.64453125,1.787109375,3.39892578125
363,2.7578125,1.892578125,2.9560546875,2.50341796875,1.7236328125,1.91162109375,3.31298828125
364,3.00146484375,1.7333984375,2.14892578125,2.470703125,1.5830078125,2.15283203125,3.92236328125
365,2.146484375,2.04345703125,2.56640625,1.73779296875,1.82666015625,1.89013671875,3.232421875
366,2.35791015625,1.5517578125,2.18359375,1.48388671875,1.978515625,1.59228515625,2.83837890625
367,2.96484375,2.39111328125,1.73193359375,1.4716796875,3.08251953125,1.474609375,2.708984375
368,2.9609375,2.46435546875,2.01806640625,1.8671875,2.36181640625,2.47607421875,3.068359375
369,1.9091796875,2.22802734375,2.62158203125,2.10107421875,1.6640625,2.71923828125,3.84033203125
370,2.9296875,3.1220703125,1.7138671875,2.43994140625,1.427734375,1.60498046875,3.109375
371,1.18994140625,1.6865234375,2.32763671875,1.87451171875,2.66357421875,2.734375,2.7421875
372,1.564453125,2.03076171875,1.80712890625,1.8037109375,2.66845703125,1.3740234375,3.56640625
373,2.091796875,3.60791015625,2.18359375,2.22216796875,1.62841796875,2.80615234375,3.59521484375
374,1.28369140625,2.14599609375,1.29833984375,1.91162109375,1.94580078125,2.2021484375,3.41748046875
375,2.6435546875,2.158203125,1.662109375,1.662109375,1.26123046875,1.78076171875,3.63623046875
376,2.14794921875,1.58544921875,2.43896484375,1.8779296875,2.052734375,1.716796875,3.6865234375
377,2.974609375,1.91943359375,2.68505859375,2.01611328125,2.64306640625,1.93212890625,3.8046875
378,2.48681640625,2.9306640625,1.9755859375,1.4775390625,1.75390625,1.79248046875,2.84521484375
379,2.67822265625,1.82861328125,2.0576171875,1.595703125,3.041015625,1.77685546875,3.04443359375
380,2.69921875,2.8671875,1.85009765625,2.29248046875,2.05615234375,1.75390625,3.28515625
381,3.30517578125,1.95361328125,2.068359375,2.12548828125,2.29150390625,1.708984375,2.89892578125
382,1.84765625,2.0419921875,2.47998046875,1.810546875,2.25048828125,2.26220703125,3.0439453125
383,2.935546875,1.89599609375,2.34716796875,1.90185546875,1.89306640625,2.24560546875,2.9482421875
384,3.0576171875,2.68212890625,2.291015625,1.81982421875,2.0048828125,1.5986328125,3.2705078125
385,2.5634765625,1.9248046875,1.6103515625,2.185546875,1.822265625,2.1259765625,3.27001953125
386,3.037109375,3.02197265625,1.39794921875,1.55615234375,1.5830078125,1.87353515625,3.1201171875
387,2.54541015625,1.34619140625,2.13916015625,1.52880859375,2.2041015625,2.17333984375,2.77099609375
388,1.82373046875,1.4814453125,1.7158203125,1.5751953125,1.63232421875,1.7021484375,3.1484375
389,2.69384765625,2.49951171875,1.71728515625,1.81298828125,1.626953125,2.2060546875,2.73388671875
390,1.7763671875,2.017578125,1.55615234375,2.01904296875,0.96484375,1.31787109375,2.9638671875
391,2.619140625,1.9306640625,1.69091796875,2.20166015625,2.380859375,2.64501953125,2.7998046875
392,2.75048828125,2.03076171875,1.06103515625,1.583984375,1.86669921875,1.44287109375,2.7822265625
393,2.37451171875,2.00390625,2.36669921875,1.537109375,2.36474609375,1.72607421875,2.67822265625
394,2.3798828125,2.19970703125,1.65576171875,1.1083984375,1.4853515625,1.791015625,3.98388671875
395,2.42724609375,1.744140625,1.85009765625,1.44482421875,2.00390625,2.0625,3.35498046875
396,2.8525390625,1.88037109375,1.7314453125,1.0712890625,1.498046875,1.37158203125,2.58349609375
397,1.7119140625,2.60986328125,1.3408203125,1.22900390625,1.58203125,1.580078125,3.5146484375
398,2.78173828125,1.95556640625,1.1201171875,1.904296875,1.75390625,2.130859375,3.42724609375
399,1.62890625,2.33349609375,1.52783203125,2.06201171875,2.01171875,2.31689453125,3.51953125
400,2.07080078125,2.35400390625,1.62548828125,1.697265625,1.56591796875,1.2734375,2.8466796875
401,1.82470703125,2.90966796875,1.78857421875,1.7578125,1.61279296875,2.404296875,2.7451171875
402,2.01611328125,1.49267578125,1.884765625,1.58447265625,1.44140625,1.3525390625,3.2197265625
403,2.05517578125,1.86865234375,1.46875,1.1943359375,1.7587890625,2.09521484375,3.04541015625
404,2.68505859375,2.10595703125,1.28515625,1.68408203125,1.43408203125,1.31298828125,3.22119140625
405,1.84765625,1.0888671875,1.85205078125,1.4677734375,1.373046875,1.81689453125,3.09814453125
406,3.09912109375,2.357421875,1.6025390625,2.029296875,2.50830078125,1.642578125,2.9482421875
407,1.4150390625,2.05029296875,2.1337890625,1.98046875,1.927734375,2.0185546875,2.8466796875
408,2.53173828125,1.76806640625,1.671875,1.8681640625,1.9345703125,1.66943359375,2.87646484375
409,2.2451171875,1.572265625,2.048828125,2.11328125,1.71337890625,2.10107421875,3.17919921875
410,3.11767578125,1.66259765625,1.91796875,1.72119140625,1.42822265625,2.20361328125,3.39892578125
411,1.55078125,1.29931640625,2.0771484375,1.64013671875,1.3134765625,1.67431640625,3.58203125
412,2.62255859375,2.0361328125,2.35546875,1.9423828125,1.44140625,1.62060546875,3.1396484375
413,2.77685546875,1.935546875,1.74365234375,1.62255859375,2.04931640625,1.859375,3.09814453125
414,2.0078125,1.7607421875,1.96923828125,1.8134765625,1.94482421875,2.14697265625,3.11767578125
415,1.84130859375,1.24658203125,1.73876953125,2.1650390625,0.96337890625,1.638671875,3.0263671875
416,2.09765625,1.9287109375,1.84521484375,1.50439453125,1.8271484375,1.1953125,3.07470703125
417,2.77880859375,1.68798828125,1.38525390625,1.59375,2.416015625,1.39501953125,2.92724609375
418,2.58984375,1.72119140625,2.06787109375,2.05419921875,1.90087890625,1.83544921875,2.77734375
419,1.54833984375,1.61669921875,1.4833984375,1.73974609375,1.21923828125,2.0751953125,3.10302734375
420,2.87255859375,1.572265625,1.41650390625,2.1318359375,1.40185546875,1.50390625,3.7021484375
421,2.4296875,1.935546875,1.8779296875,1.99169921875,1.5654296875,1.42578125,3.12890625
422,2.14697265625,1.91015625,1.69287109375,1.38671875,2.50439453125,2.0009765625,3.36767578125
423,2.24853515625,1.478515625,1.96435546875,1.4921875,1.69677734375,2.111328125,4.2314453125
424,2.35791015625,1.62548828125,2.04638671875,2.05126953125,2.08642578125,1.6513671875,2.92578125
425,1.7802734375,1.8720703125,1.55517578125,2.1611328125,1.74853515625,2.36279296875,3.474609375
426,1.88525390625,2.2568359375,1.72314453125,1.43994140625,1.12158203125,2.51171875,2.8271484375
427,1.6015625,1.21728515625,1.814453125,1.75537109375,1.86083984375,2.13525390625,2.8359375
428,1.60400390625,2.0244140625,1.623046875,1.74560546875,1.5986328125,1.794921875,3.7587890625
429,2.00537109375,1.650390625,1.4423828125,1.791015625,2.23583984375,2.2314453125,3.48291015625
430,1.93408203125,1.826171875,1.4697265625,1.775390625,1.3408203125,1.63330078125,2.724609375
431,1.5751953125,2.0458984375,1.81103515625,1.826171875,1.0380859375,1.59033203125,2.8203125
432,2.447265625,1.81103515625,1.484375,1.85986328125,2.5712890625,1.99462890625,3.146484375
433,1.64013671875,1.26123046875,1.44580078125,2.0849609375,1.689453125,2.2177734375,2.90478515625
434,1.421875,1.33642578125,2.0615234375,1.7724609375,1.77587890625,1.40869140625,3.20654296875
435,1.59814453125,1.5595703125,1.697265625,1.45654296875,1.70263671875,2.5390625,3.19482421875
436,1.56298828125,1.9814453125,1.734375,1.89013671875,1.49267578125,1.62548828125,3.20263671875
437,1.6240234375,1.61572265625,1.3681640625,1.9716796875,1.89453125,1.6904296875,3.244140625
438,1.46630859375,1.76806640625,1.69677734375,1.7900390625,2.3720703125,1.86328125,2.681640625
439,1.326171875,1.87109375,1.59765625,1.86083984375,1.2041015625,2.32275390625,3.484375
440,1.751953125,1.607421875,1.5302734375,1.35205078125,1.79150390625,2.61572265625,3.48193359375
441,2.8759765625,1.03466796875,1.78125,1.54052734375,2.669921875,2.287109375,2.83837890625
442,1.8603515625,1.29296875,1.490234375,1.14111328125,2.18310546875,1.5986328125,3.52099609375
443,2.9248046875,1.09765625,1.400390625,1.6357421875,1.44921875,1.4921875,3.24072265625
444,2.7509765625,1.85791015625,1.6328125,1.7275390625,2.14599609375,1.6318359375,2.8427734375
445,2.51611328125,1.89453125,1.732421875,1.62841796875,1.32861328125,2.06396484375,2.72509765625
446,2.396484375,1.76904296875,1.41064453125,1.79345703125,1.19482421875,1.478515625,2.8447265625
447,2.423828125,1.80419921875,1.34814453125,1.79296875,1.4150390625,1.72021484375,3.083984375
448,2.90966796875,1.8896484375,1.548828125,2.05908203125,2.037109375,1.78173828125,2.939453125
449,1.36865234375,1.580078125,2.279296875,2.1552734375,1.88671875,2.0068359375,2.71923828125
450,2.4013671875,1.619140625,2.4697265625,1.8310546875,1.6142578125,2.03271484375,2.8359375
451,2.53955078125,1.2314453125,1.591796875,1.68359375,2.59765625,1.3603515625,2.96044921875
452,1.8017578125,1.697265625,1.8681640625,1.7607421875,2.3095703125,1.5986328125,3.150390625
453,2.0634765625,1.73291015625,1.83740234375,1.71923828125,1.85205078125,1.83984375,2.994140625
454,2.12841796875,1.9052734375,1.791015625,1.92333984375,2.5107421875,1.97998046875,3.7236328125
455,1.927734375,2.005859375,1.453125,1.83447265625,1.2578125,1.3076171875,3.7666015625
456,1.64013671875,2.23974609375,1.326171875,1.8515625,2.31494140625,1.62109375,2.68896484375
457,2.40185546875,2.1279296875,1.59912109375,1.923828125,1.90087890625,1.712890625,2.8828125
458,1.9599609375,1.5869140625,1.828125,1.63671875,1.5888671875,1.18408203125,2.67529296875
459,2.40087890625,1.2900390625,1.537109375,1.82763671875,1.7763671875,1.4765625,2.99365234375
460,1.8896484375,1.44873046875,1.3916015625,1.73828125,1.93701171875,1.77978515625,3.8623046875
461,2.0322265625,1.064453125,1.2392578125,1.642578125,1.826171875,1.85595703125,3.09033203125
462,2.0439453125,1.59375,1.72998046875,1.2294921875,1.89892578125,2.2333984375,3.04638671875
463,2.0498046875,1.6591796875,2.07421875,1.23046875,2.271484375,1.951171875,3.17041015625
464,1.9169921875,1.8291015625,1.16943359375,1.72412109375,2.76318359375,1.86474609375,3.36376953125
465,2.0048828125,1.80322265625,1.7060546875,2.07275390625,1.74462890625,2.05078125,3.248046875
466,2.29833984375,1.73193359375,1.3310546875,1.63134765625,1.99365234375,1.9462890625,2.86279296875
467,1.78564453125,1.79931640625,1.4580078125,1.79248046875,1.26904296875,1.986328125,3.0625
468,1.64208984375,1.14990234375,1.41357421875,1.6767578125,1.29296875,1.59326171875,3.05029296875
469,2.61083984375,1.2373046875,1.91845703125,1.640625,2.451171875,1.4306640625,3.2001953125
470,1.43359375,1.81689453125,1.53759765625,1.37841796875,2.423828125,1.3662109375,3.10791015625
471,1.9931640625,1.6572265625,1.8037109375,1.3828125,1.5341796875,1.32666015625,2.62451171875
472,1.6630859375,1.19677734375,1.85546875,1.80224609375,2.59228515625,1.94189453125,3.14794921875
473,1.705078125,1.0185546875,1.62646484375,2.06298828125,1.82470703125,1.5849609375,3.2685546875
474,1.64990234375,1.052734375,2.0009765625,1.8310546875,1.62060546875,1.98388671875,2.9931640625
475,2.318359375,1.06640625,1.8095703125,1.7158203125,1.5732421875,1.5849609375,2.93212890625
476,1.77734375,1.4892578125,1.02099609375,1.8525390625,2.26708984375,1.4873046875,3.20263671875
477,1.5419921875,1.51904296875,0.9150390625,1.58349609375,1.87548828125,1.34423828125,2.958984375
478,2.0439453125,1.61181640625,2.0263671875,1.95703125,1.65771484375,1.3701171875,2.7353515625
479,1.849609375,1.4384765625,1.62255859375,1.86767578125,1.673828125,1.50830078125,3.02880859375
480,1.7158203125,1.82177734375,0.93994140625,1.69921875,1.2890625,2.35546875,2.77685546875
481,2.28271484375,1.76416015625,0.9106445312500001,1.87255859375,1.52783203125,1.9697265625,3.072265625
482,1.8642578125,1.43017578125,1.599609375,1.8876953125,2.01220703125,1.57861328125,3.0078125
483,2.73193359375,1.22265625,1.33837890625,1.81884765625,2.2236328125,2.36962890625,2.7080078125
484,1.9208984375,1.689453125,1.6220703125,1.56005859375,1.7841796875,1.06787109375,3.04443359375
485,2.376953125,1.89453125,1.33056640625,1.6142578125,1.82275390625,1.931640625,3.2412109375
486,2.69091796875,1.80224609375,1.67138671875,1.2177734375,1.904296875,1.25830078125,2.95849609375
487,1.88720703125,1.36572265625,1.5234375,1.17138671875,2.224609375,2.10009765625,3.1865234375
488,2.47802734375,1.826171875,1.61474609375,1.5673828125,1.732421875,1.20849609375,3.16552734375
489,1.69140625,1.56884765625,1.53466796875,1.81298828125,1.43505859375,1.46337890625,3.1123046875
490,1.8330078125,1.36328125,1.60205078125,1.80859375,2.095703125,1.4970703125,2.87255859375
491,1.89892578125,1.52197265625,1.39306640625,2.0595703125,2.111328125,1.658203125,2.88037109375
492,2.36181640625,1.87841796875,1.73876953125,1.76220703125,2.423828125,1.10888671875,2.39404296875
493,2.2275390625,1.6484375,1.74658203125,1.96142578125,1.56591796875,1.29296875,2.78369140625
494,2.18994140625,2.20654296875,1.5703125,1.55322265625,2.1533203125,1.75048828125,2.7216796875
495,2.716796875,1.7470703125,1.736328125,1.64306640625,2.0888671875,1.9462890625,3.06103515625
496,1.671875,1.46630859375,0.9462890625,1.439453125,1.75048828125,2.12548828125,2.92626953125
497,2.95166015625,1.03125,1.36572265625,1.51123046875,1.36865234375,2.078125,2.7158203125
498,2.2265625,1.74365234375,1.53662109375,0.96923828125,2.00048828125,1.74072265625,3.0234375
499,2.61328125,1.8564453125,1.91357421875,1.35888671875,1.111328125,1.9111328125,2.953125
500,2.8310546875,1.44873046875,1.32177734375,1.8798828125,1.6845703125,1.681640625,2.81787109375
501,2.45849609375,0.77392578125,1.7236328125,1.96923828125,1.7412109375,1.50341796875,2.81787109375
502,2.041015625,1.916015625,1.10302734375,1.78125,1.44677734375,2.1953125,2.87060546875
503,3.21337890625,1.779296875,1.1103515625,1.7861328125,2.1708984375,2.34912109375,2.802734375
504,2.24462890625,1.95556640625,1.56640625,1.9853515625,1.39697265625,1.7119140625,2.9990234375
505,3.2783203125,1.80419921875,1.408203125,2.13232421875,1.60693359375,1.82568359375,2.91455078125
506,2.90283203125,1.5791015625,0.970703125,1.26611328125,1.43359375,1.03271484375,2.78369140625
507,2.4541015625,1.6787109375,1.0,1.5595703125,1.7578125,1.1142578125,2.66650390625
508,1.59716796875,1.5029296875,1.47802734375,1.62646484375,1.9853515625,1.23486328125,3.11181640625
509,2.66455078125,1.267578125,1.48193359375,1.689453125,1.86572265625,1.84228515625,2.7998046875
510,2.37109375,1.72119140625,1.484375,1.869140625,1.96337890625,1.537109375,3.40380859375
511,2.60546875,1.7919921875,1.7177734375,2.1025390625,1.32177734375,1.87548828125,2.9990234375
512,2.16162109375,1.92138671875,1.44482421875,1.40283203125,1.13330078125,1.0546875,3.00048828125
513,1.95361328125,2.13720703125,1.6611328125,1.32275390625,1.322265625,1.36279296875,2.7744140625
514,1.67431640625,1.3037109375,1.27197265625,1.109375,1.47314453125,2.12548828125,3.31591796875
515,2.62548828125,0.89404296875,1.24267578125,1.11376953125,1.41357421875,2.07470703125,3.06298828125
516,2.091796875,1.70166015625,1.0517578125,1.994140625,1.4765625,2.15771484375,2.88623046875
517,1.89697265625,1.97900390625,1.625,1.8310546875,1.544921875,1.86572265625,2.8623046875
518,2.18408203125,1.708984375,1.412109375,2.15283203125,1.76220703125,2.00048828125,3.20166015625
519,1.80517578125,1.484375,1.41748046875,1.8486328125,1.80078125,2.00439453125,3.1943359375
520,2.1884765625,1.6201171875,0.9296875,1.67578125,1.1015625,1.939453125,2.73681640625
521,2.9736328125,1.873046875,0.9775390625,2.02734375,1.27001953125,2.03662109375,2.5283203125
522,1.6669921875,1.3759765625,1.4609375,1.3466796875,1.41650390625,1.72705078125,3.19189453125
523,3.60791015625,1.55859375,1.32421875,1.609375,1.447265625,2.01904296875,2.79736328125
524,2.1142578125,1.48095703125,1.08056640625,1.62255859375,1.3505859375,1.2724609375,3.015625
525,3.6669921875,1.3203125,1.53125,1.68896484375,1.2353515625,1.36962890625,2.6943359375
526,2.8017578125,1.90576171875,1.72314453125,1.60302734375,1.79931640625,1.52294921875,3.1298828125
527,2.51220703125,1.56787109375,1.45068359375,1.56689453125,1.28662109375,1.8994140625,3.044921875
528,2.36181640625,1.33740234375,1.578125,1.51025390625,1.08544921875,2.12109375,3.3466796875
529,3.1474609375,1.3662109375,1.43505859375,1.80712890625,1.412109375,1.7802734375,2.93310546875
530,1.98583984375,1.57763671875,1.90673828125,1.337890625,1.431640625,1.73291015625,3.107421875
531,2.845703125,1.30224609375,1.79296875,1.36328125,0.8769531250000001,1.91162109375,2.91162109375
532,2.60009765625,1.7607421875,1.52001953125,1.767578125,1.33154296875,1.4150390625,2.7216796875
533,2.77490234375,1.076171875,1.21728515625,1.7724609375,1.85400390625,1.9326171875,2.75927734375
534,2.85546875,2.07275390625,1.87109375,1.7099609375,1.59765625,1.33642578125,3.5380859375
535,3.21142578125,1.85009765625,2.0283203125,1.45703125,1.6630859375,1.62353515625,3.19775390625
536,3.0712890625,2.00048828125,1.44970703125,1.37451171875,1.33447265625,1.53125,3.44580078125
537,2.1962890625,1.45556640625,1.42333984375,1.69970703125,1.57275390625,1.87744140625,2.9287109375
538,2.5751953125,2.11474609375,2.013671875,1.3837890625,1.68115234375,1.62158203125,3.15869140625
539,2.20849609375,1.47607421875,1.94287109375,1.48876953125,1.2353515625,1.59716796875,3.162109375
540,2.3271484375,1.3779296875,1.51123046875,1.26513671875,1.09228515625,1.89453125,3.23193359375
541,2.63623046875,1.0751953125,1.40087890625,1.47998046875,1.56787109375,1.66943359375,3.59228515625
542,2.0185546875,1.70166015625,1.63916015625,1.8173828125,1.25341796875,1.54736328125,2.732421875
543,2.05517578125,1.89111328125,1.73486328125,1.89990234375,1.0771484375,1.69580078125,2.3818359375
544,3.35302734375,1.537109375,1.41259765625,1.94775390625,2.185546875,1.5849609375,3.17626953125
545,1.419921875,1.49951171875,1.34326171875,1.8662109375,1.1552734375,2.07568359375,3.27099609375
546,2.36572265625,1.67529296875,1.4306640625,1.609375,1.36328125,1.3583984375,2.86328125
547,2.10205078125,1.56103515625,1.470703125,1.8544921875,0.8642578125,1.69384765625,2.9072265625
548,1.6396484375,1.83544921875,1.125,1.66943359375,1.85498046875,2.11328125,3.2802734375
549,2.69580078125,1.46728515625,0.9521484375,1.68408203125,1.4404296875,1.80078125,3.25390625
550,1.5556640625,1.4892578125,1.8603515625,1.84423828125,1.5107421875,2.13525390625,3.03662109375
551,2.234375,1.6689453125,1.6572265625,1.79052734375,1.41162109375,2.0634765625,3.0986328125
552,1.6875,1.60595703125,1.39404296875,1.837890625,1.4443359375,1.78662109375,3.08740234375
553,1.9921875,1.3408203125,1.8837890625,2.0263671875,1.8291015625,1.94287109375,3.04541015625
554,2.2509765625,2.27099609375,0.8959960937500001,1.267578125,1.60205078125,1.8505859375,3.38623046875
555,1.4072265625,2.19775390625,1.1650390625,1.20751953125,1.88232421875,1.47216796875,3.0908203125
556,2.017578125,1.900390625,1.33447265625,1.7412109375,0.96337890625,1.759765625,2.99951171875
557,1.431640625,1.55078125,1.36767578125,1.759765625,1.0771484375,1.83056640625,2.89599609375
558,1.71435546875,1.5546875,1.6025390625,1.72998046875,1.8994140625,1.1611328125,2.56787109375
559,2.45556640625,1.79296875,1.7109375,2.01025390625,1.66845703125,1.740234375,2.64501953125
560,2.6455078125,1.53466796875,1.67138671875,2.14208984375,1.6689453125,1.490234375,3.1552734375
561,1.36474609375,1.68212890625,1.529296875,2.05078125,1.32861328125,1.7041015625,3.3720703125
562,2.07470703125,1.5380859375,1.3330078125,1.078125,1.30322265625,1.19384765625,2.89404296875
563,2.560546875,1.52490234375,1.32421875,1.14794921875,1.00830078125,1.44091796875,2.66650390625
564,2.0009765625,1.91455078125,0.96533203125,1.31787109375,1.69677734375,1.267578125,2.77685546875
565,2.52392578125,1.2236328125,1.6025390625,1.36279296875,1.32958984375,1.53515625,2.6982421875
566,2.4833984375,1.580078125,1.81640625,1.33642578125,2.08203125,1.7451171875,3.0244140625
567,1.7568359375,1.34716796875,1.912109375,1.5341796875,1.6328125,1.59033203125,2.87548828125
568,1.55908203125,2.1298828125,1.57470703125,1.21923828125,1.5986328125,1.796875,3.2734375
569,2.44873046875,1.6162109375,1.95556640625,1.24267578125,1.4658203125,1.89306640625,3.060546875
570,1.3916015625,1.85498046875,1.1328125,1.72021484375,1.517578125,1.2744140625,2.54443359375
571,2.3330078125,1.42626953125,1.11181640625,1.59326171875,1.07421875,1.6875,2.55810546875
572,2.1162109375,1.951171875,1.49951171875,1.87109375,1.4267578125,1.71142578125,3.18115234375
573,2.27978515625,1.56396484375,1.91015625,1.69189453125,1.60595703125,1.65576171875,2.98291015625
574,2.0966796875,1.77392578125,1.8505859375,2.0205078125,0.79736328125,2.2958984375,2.912109375
575,2.25830078125,1.22021484375,1.626953125,1.91162109375,1.39306640625,2.1162109375,2.96875
576,1.7880859375,1.306640625,1.85302734375,1.6513671875,1.3662109375,1.537109375,3.23779296875
577,2.16357421875,1.08837890625,1.5595703125,1.5859375,1.4140625,1.6064453125,2.984375
578,2.0947265625,2.25439453125,1.4296875,1.6708984375,1.27685546875,1.86279296875,3.48583984375
579,2.255859375,1.80029296875,1.8154296875,1.70556640625,1.2900390625,2.11083984375,3.44287109375
580,2.8095703125,1.859375,1.580078125,1.46630859375,1.7529296875,1.8095703125,2.84716796875
581,1.59228515625,1.85595703125,1.638671875,1.97265625,1.54833984375,1.861328125,2.6982421875
582,1.7216796875,1.1787109375,1.16845703125,1.85498046875,1.1767578125,1.89453125,3.3671875
583,2.1025390625,1.58349609375,1.15673828125,1.54150390625,0.791015625,1.69677734375,3.50244140625
584,1.765625,1.6337890625,1.24755859375,1.49853515625,0.99267578125,1.20703125,3.26953125
585,2.25830078125,1.51171875,1.470703125,1.45849609375,0.8486328125,1.7373046875,3.111328125
586,2.4619140625,1.4658203125,1.65283203125,1.234375,1.6943359375,1.69482421875,2.80029296875
587,1.47119140625,1.2177734375,1.4296875,1.5458984375,1.27880859375,1.85498046875,2.97412109375
588,1.74560546875,1.57470703125,1.650390625,1.6142578125,1.55517578125,1.74755859375,3.05224609375
589,1.96630859375,1.787109375,1.20556640625,1.6240234375,1.00048828125,1.53466796875,3.30810546875
590,2.18994140625,1.181640625,1.9169921875,1.51171875,1.18212890625,1.869140625,3.265625
591,2.0576171875,1.41845703125,1.52392578125,1.64111328125,1.1220703125,1.83203125,3.15625
592,2.16357421875,2.25830078125,1.0380859375,1.45361328125,1.49658203125,1.38232421875,2.85546875
593,1.31640625,1.4677734375,1.1962890625,1.93603515625,1.0673828125,1.50244140625,2.59912109375
594,1.49267578125,0.86328125,1.1318359375,1.857421875,1.23828125,1.7041015625,2.9384765625
595,1.7890625,1.29833984375,1.341796875,1.94287109375,1.29736328125,1.97119140625,3.07275390625
596,2.1259765625,1.2705078125,1.5322265625,1.072265625,1.9306640625,1.501953125,3.2412109375
597,3.04833984375,1.26708984375,1.490234375,1.1767578125,1.685546875,1.68310546875,2.97265625
598,2.10107421875,1.9130859375,0.9130859375,1.5791015625,1.6845703125,1.880859375,2.86083984375
599,1.47021484375,1.611328125,1.26708984375,1.58837890625,1.91455078125,1.90478515625,2.72119140625
600,1.5859375,1.728515625,1.1142578125,1.134765625,1.19677734375,2.02978515625,3.04150390625
601,2.6611328125,1.32763671875,1.080078125,1.43115234375,1.39599609375,1.9775390625,3.04296875
602,1.5546875,1.91796875,1.095703125,1.87744140625,1.6220703125,1.62548828125,3.08154296875
603,2.97216796875,1.66748046875,0.8730468750000001,2.03759765625,1.4697265625,1.6875,3.3212890625
604,2.43798828125,0.95849609375,1.41845703125,1.74365234375,1.6669921875,1.38916015625,3.2548828125
605,2.28076171875,1.29833984375,1.33544921875,1.6787109375,1.06787109375,1.70068359375,2.75732421875
606,2.08056640625,1.8642578125,1.5244140625,1.4326171875,0.99462890625,0.93115234375,3.0341796875
607,2.7021484375,1.56640625,1.9736328125,1.787109375,1.16455078125,1.08251953125,2.88134765625
608,1.63037109375,1.78564453125,1.2578125,2.12548828125,1.60986328125,1.65625,3.095703125
609,2.29296875,0.923828125,1.4521484375,2.2705078125,1.46337890625,1.65771484375,2.892578125
610,2.08642578125,1.2490234375,1.17919921875,1.5703125,1.49951171875,1.25146484375,3.5810546875
611,1.8154296875,1.32568359375,1.208984375,1.63427734375,1.5029296875,1.435546875,3.400390625
612,3.19873046875,1.90771484375,1.53173828125,1.662109375,1.146484375,1.60986328125,3.224609375
613,1.48388671875,1.720703125,1.51220703125,1.447265625,0.97314453125,1.8017578125,2.794921875
614,1.77978515625,1.6171875,1.56884765625,2.05419921875,1.9375,1.42626953125,2.8095703125
615,1.60205078125,1.6630859375,1.47802734375,2.30908203125,1.66943359375,1.529296875,2.7236328125
616,2.02197265625,1.28076171875,1.4423828125,1.93359375,1.15283203125,1.8291015625,3.12109375
617,2.376953125,1.2548828125,1.275390625,2.0205078125,0.8408203125,2.39892578125,2.85302734375
618,1.75927734375,1.7138671875,1.6171875,1.1669921875,0.95458984375,1.58154296875,3.04833984375
619,2.7998046875,1.25537109375,1.4130859375,1.23046875,1.04638671875,1.9697265625,2.9951171875
620,1.7109375,1.3359375,1.50830078125,1.85595703125,1.68310546875,1.1953125,3.00927734375
621,1.5927734375,1.53515625,1.82373046875,1.85009765625,1.3125,1.6201171875,3.08447265625
622,2.1767578125,1.552734375,1.18603515625,1.3251953125,1.2431640625,1.6123046875,2.53076171875
623,2.052734375,1.1533203125,1.25146484375,1.47607421875,1.2177734375,1.7158203125,2.74365234375
624,2.54443359375,2.00244140625,1.54736328125,1.255859375,1.51416015625,0.955078125,3.1240234375
625,1.7744140625,1.43798828125,1.7744140625,1.50732421875,1.39794921875,1.12939453125,2.96728515625
626,1.8564453125,1.8076171875,0.97412109375,1.53369140625,1.447265625,1.05322265625,3.1396484375
627,2.17578125,1.31640625,1.5283203125,1.388671875,1.3330078125,1.34130859375,3.11865234375
628,1.49462890625,1.3310546875,0.74462890625,1.39794921875,1.07421875,1.16796875,2.6787109375
629,2.34033203125,1.3701171875,0.91357421875,1.90673828125,1.234375,1.236328125,2.63330078125
630,1.458984375,1.59326171875,1.4296875,1.541015625,1.4189453125,1.50830078125,3.13037109375
631,2.21044921875,1.5634765625,1.25048828125,1.27099609375,1.728515625,1.74609375,2.80078125
632,1.38134765625,1.47265625,1.12255859375,1.6748046875,1.5419921875,1.24560546875,3.04931640625
633,1.9013671875,1.73388671875,1.30224609375,1.62451171875,1.5986328125,1.30517578125,2.703125
634,2.34375,2.005859375,1.46533203125,2.01171875,1.0419921875,1.88818359375,3.078125
635,1.8671875,1.48388671875,1.36767578125,1.88232421875,1.48974609375,1.69287109375,2.84814453125
636,1.74072265625,0.87841796875,0.97509765625,1.4677734375,1.48876953125,1.3525390625,2.84765625
637,1.37939453125,1.37255859375,1.248046875,1.76123046875,1.48779296875,1.31494140625,2.51708984375
638,1.60107421875,1.32177734375,1.0419921875,1.91064453125,1.0224609375,1.56494140625,2.9560546875
639,2.109375,1.7119140625,1.0966796875,2.0966796875,1.18212890625,1.61865234375,2.73828125
640,1.47802734375,1.5146484375,1.30712890625,1.6533203125,1.6513671875,1.3203125,3.17431640625
641,2.6123046875,1.8994140625,1.5029296875,1.748046875,1.2412109375,1.4951171875,2.783203125
642,1.49365234375,1.6630859375,1.50634765625,1.6201171875,1.4970703125,1.22607421875,2.8623046875
643,2.455078125,1.71484375,1.3291015625,1.6162109375,1.4501953125,1.15234375,2.7705078125
644,1.81005859375,0.93994140625,1.2880859375,2.10986328125,2.080078125,1.529296875,2.87451171875
645,1.341796875,1.10107421875,1.73779296875,2.0478515625,2.13916015625,1.32568359375,3.0458984375
646,2.205078125,1.890625,0.71240234375,1.78759765625,1.60986328125,1.6142578125,3.38232421875
647,2.08544921875,0.9833984375,0.9306640625,2.0830078125,1.5078125,1.529296875,3.26025390625
648,1.7607421875,1.30224609375,1.01904296875,1.48779296875,1.525390625,1.21240234375,3.47412109375
649,2.01611328125,1.740234375,1.611328125,1.33984375,1.17919921875,1.478515625,3.07568359375
650,1.80859375,1.16064453125,1.49609375,1.3330078125,1.625,1.53076171875,3.1513671875
651,2.40087890625,1.326171875,1.3837890625,1.3447265625,1.6953125,1.60302734375,2.60791015625
652,1.8935546875,2.0185546875,1.38232421875,1.2236328125,1.50390625,1.6767578125,2.5224609375
653,2.10693359375,1.39111328125,1.57470703125,1.12939453125,1.1220703125,1.39794921875,2.3994140625
654,1.5205078125,1.59375,1.4658203125,1.04248046875,1.6533203125,1.021484375,2.98681640625
655,2.19384765625,1.740234375,1.42724609375,1.20361328125,0.97216796875,0.97119140625,2.8095703125
656,1.73876953125,1.19189453125,1.416015625,1.71630859375,1.47607421875,1.10546875,3.091796875
657,1.86962890625,0.8173828125,1.45849609375,1.72314453125,1.78857421875,1.15087890625,3.181640625
658,2.09228515625,1.22509765625,1.5361328125,1.51171875,0.86962890625,1.5029296875,2.84326171875
659,2.09375,1.4892578125,1.6474609375,1.6376953125,1.11865234375,1.5380859375,2.81005859375
660,1.7026367187500002,1.28076171875,1.1376953125,1.64697265625,1.72802734375,1.806640625,3.078125
661,1.99951171875,1.24169921875,1.39990234375,2.0888671875,1.6611328125,1.990234375,2.83056640625
662,2.70654296875,1.22412109375,1.22021484375,1.65478515625,1.86181640625,1.29541015625,3.13818359375
663,2.07763671875,0.94482421875,1.357421875,2.0498046875,1.57421875,1.17578125,3.43359375
664,1.94482421875,1.50537109375,1.2724609375,1.15625,1.37744140625,1.20654296875,2.6943359375
665,2.2470703125,1.14501953125,1.3603515625,1.40673828125,1.1962890625,1.12060546875,2.48828125
666,1.88623046875,1.8388671875,1.05322265625,1.34521484375,1.7841796875,1.1962890625,2.95263671875
667,2.40625,1.07568359375,1.46923828125,1.44140625,1.830078125,1.55517578125,2.73193359375
668,1.71826171875,1.857421875,0.9453125,1.7939453125,1.56689453125,1.34814453125,3.22412109375
669,2.24365234375,1.6376953125,1.13623046875,1.81982421875,1.2763671875,1.37744140625,2.82568359375
670,1.47021484375,0.85986328125,1.1220703125,1.716796875,1.36279296875,1.32763671875,3.28466796875
671,2.27587890625,0.7939453125,1.3125,1.8896484375,1.958984375,1.38427734375,3.2568359375
672,1.54833984375,1.00830078125,1.82080078125,1.39404296875,1.8935546875,1.33837890625,3.2099609375
673,2.05419921875,0.59228515625,1.7431640625,1.5576171875,1.2060546875,1.64794921875,3.0283203125
674,1.40771484375,1.45654296875,1.32080078125,1.42431640625,0.82861328125,1.220703125,3.1962890625
675,1.8798828125,1.306640625,1.232421875,1.65185546875,0.67822265625,1.3212890625,3.130859375
676,1.44921875,1.5439453125,1.36474609375,1.95654296875,1.4482421875,1.37548828125,2.99365234375
677,1.79345703125,1.32275390625,1.12255859375,1.66162109375,1.4091796875,1.23876953125,2.7705078125
678,1.49755859375,1.166015625,1.6240234375,1.2587890625,1.18505859375,1.470703125,2.46435546875
679,1.22900390625,1.07861328125,1.57763671875,1.40185546875,1.09130859375,1.517578125,2.70947265625
680,2.2880859375,1.1259765625,1.68701171875,1.0771484375,1.22216796875,1.59814453125,2.9990234375
681,1.76416015625,0.8994140625,1.7138671875,1.08740234375,0.9511718750000001,2.07275390625,2.8349609375
682,1.8486328125,1.61279296875,1.28076171875,1.23193359375,1.4140625,1.77783203125,2.89404296875
683,2.68994140625,1.58837890625,1.36279296875,1.44091796875,1.09130859375,1.4462890625,2.92822265625
684,2.03857421875,0.86279296875,1.20556640625,1.361328125,1.42822265625,0.81591796875,3.111328125
685,2.2939453125,1.05859375,0.9990234375,1.49951171875,1.73828125,1.16650390625,2.892578125
686,1.35400390625,1.787109375,1.4619140625,1.58740234375,1.29638671875,1.55419921875,2.9375
687,2.32421875,1.32568359375,1.51123046875,1.7021484375,1.00830078125,1.734375,2.9892578125
688,1.16845703125,1.4658203125,1.4248046875,1.63427734375,1.28369140625,2.091796875,2.68603515625
689,1.541015625,1.43798828125,1.423828125,1.74169921875,1.32177734375,2.05419921875,2.78662109375
690,2.33154296875,1.61279296875,1.3662109375,1.41015625,1.1376953125,1.66748046875,2.744140625
691,2.32666015625,1.3115234375,1.509765625,1.53369140625,0.7963867187500001,1.7314453125,2.9326171875
692,2.78515625,1.2578125,1.5546875,1.56005859375,1.5,1.40869140625,3.068359375
693,1.65478515625,1.48779296875,1.31103515625,1.3310546875,0.96142578125,1.798828125,2.81005859375
694,1.2255859375,1.00537109375,1.134765625,1.58984375,1.40673828125,2.0087890625,3.2470703125
695,2.37255859375,1.08203125,1.15087890625,1.8271484375,0.89404296875,1.70751953125,3.0478515625
696,1.53662109375,1.79052734375,1.24609375,1.1845703125,1.380859375,1.30810546875,2.9658203125
697,2.150390625,1.6689453125,1.2958984375,1.59326171875,1.04833984375,1.5810546875,2.97412109375
698,1.7880859375,1.04931640625,1.212890625,1.91748046875,1.1142578125,1.771484375,3.1220703125
699,1.9443359375,0.9619140625,1.6953125,2.02197265625,1.17041015625,1.4404296875,3.0048828125
700,1.595703125,1.6962890625,1.306640625,1.16064453125,1.84814453125,1.6201171875,3.05859375
701,1.65673828125,1.5703125,1.06005859375,1.17333984375,1.52685546875,1.93505859375,3.14990234375
702,1.626953125,1.67919921875,1.68408203125,1.47705078125,1.13134765625,1.52001953125,3.02392578125
703,2.390625,1.0,1.18798828125,1.3837890625,1.017578125,1.81494140625,2.7578125
704,1.54833984375,1.24462890625,1.0205078125,1.6376953125,1.185546875,1.33837890625,2.82958984375
705,1.8544921875,0.82177734375,1.3017578125,1.62451171875,1.4228515625,1.29296875,2.7880859375
706,1.30419921875,0.8115234375,1.26220703125,1.22607421875,1.43603515625,2.154296875,2.93505859375
707,1.6181640625,0.873046875,1.54052734375,1.4091796875,1.74462890625,1.39501953125,3.19970703125
708,2.43701171875,1.7529296875,1.35498046875,1.54443359375,1.20556640625,1.56787109375,3.35400390625
709,2.16748046875,1.744140625,1.63134765625,1.6474609375,0.8798828125,1.75830078125,3.16650390625
710,1.31494140625,1.7041015625,1.1162109375,1.927734375,1.30859375,1.12890625,2.869140625
711,1.70703125,1.66015625,1.25634765625,2.13427734375,1.30126953125,1.330078125,2.72607421875
712,1.53515625,1.2900390625,1.2080078125,1.31005859375,1.59765625,1.462890625,3.19384765625
713,1.70947265625,1.22607421875,1.41015625,1.1494140625,1.47802734375,2.111328125,2.6953125
714,1.94384765625,1.2431640625,1.7802734375,1.6220703125,1.48486328125,0.9208984375000001,2.95458984375
715,1.50390625,1.25048828125,1.50439453125,2.11474609375,1.23291015625,1.265625,2.6953125
716,1.91650390625,1.64990234375,1.30908203125,2.00439453125,1.3330078125,1.28857421875,3.1064453125
717,2.49755859375,1.1845703125,1.4462890625,2.2451171875,0.9482421875,1.75634765625,3.0400390625
718,1.64892578125,1.1689453125,1.3916015625,1.4296875,1.0634765625,1.01513671875,2.576171875
719,1.25146484375,1.005859375,1.3349609375,1.73828125,1.1376953125,0.9501953125,2.44287109375
720,1.83740234375,1.44921875,1.3974609375,1.32373046875,1.84912109375,1.83154296875,3.03759765625
721,1.5732421875,1.14111328125,1.38427734375,1.486328125,0.99365234375,1.80615234375,2.93994140625
722,1.62939453125,2.08642578125,1.27880859375,1.6298828125,1.8955078125,1.06298828125,2.7587890625
723,1.72412109375,1.65576171875,1.36279296875,1.94775390625,1.2509765625,1.62646484375,2.70849609375
724,2.19189453125,1.8447265625,1.68408203125,1.36376953125,1.62646484375,1.4912109375,3.42138671875
725,1.88330078125,1.3056640625,1.58740234375,1.474609375,1.2802734375,2.07958984375,3.28466796875
726,2.0009765625,1.2158203125,1.25244140625,1.5703125,1.42626953125,1.2587890625,3.2666015625
727,2.4404296875,0.8642578125,1.19140625,1.81005859375,0.89453125,1.2666015625,2.97314453125
728,1.67138671875,1.81884765625,1.5712890625,0.978515625,1.3017578125,1.36376953125,2.7451171875
729,2.16015625,1.25927734375,1.9404296875,1.1259765625,1.21435546875,1.45361328125,2.6787109375
730,1.43115234375,1.25732421875,1.52099609375,0.9921875,1.4013671875,1.26416015625,3.13623046875
731,1.84521484375,1.3544921875,1.45068359375,1.07373046875,1.81005859375,1.8671875,2.95947265625
732,1.26171875,2.23583984375,1.4306640625,1.236328125,1.38671875,1.728515625,3.03662109375
733,2.19775390625,1.24609375,1.22900390625,1.27880859375,1.49365234375,1.92333984375,3.009765625
734,1.7138671875,2.25048828125,1.3642578125,1.73095703125,1.69287109375,1.4208984375,2.80419921875
735,2.021484375,1.2275390625,1.43505859375,2.00244140625,1.31103515625,1.53515625,2.73095703125
736,1.68505859375,2.15576171875,1.6220703125,1.28271484375,1.9296875,1.42822265625,3.12890625
737,2.08154296875,1.4296875,1.314453125,1.4658203125,2.1591796875,1.3056640625,2.8408203125
738,1.23291015625,1.6259765625,0.75732421875,1.39990234375,1.69091796875,1.2939453125,3.23046875
739,1.6083984375,1.4404296875,0.78125,1.767578125,1.6259765625,1.38037109375,2.865234375
740,1.51416015625,1.57080078125,0.92041015625,1.29052734375,1.5234375,0.86767578125,2.8046875
741,1.93505859375,0.7583007812500001,1.330078125,1.3037109375,1.28173828125,1.24853515625,2.49658203125
742,1.3154296875,1.3583984375,1.4345703125,1.73046875,0.9013671875,1.0166015625,3.29736328125
743,1.904296875,1.50146484375,1.61279296875,2.00634765625,0.9047851562500001,1.70556640625,2.96484375
744,1.654296875,0.94921875,1.37890625,1.4892578125,1.2060546875,1.5517578125,2.73291015625
745,2.2373046875,0.8740234375,1.7216796875,1.57275390625,1.03466796875,1.32470703125,2.80224609375
746,1.9501953125,1.72314453125,1.54052734375,1.6376953125,1.34765625,1.45947265625,2.80419921875
747,1.51953125,1.15673828125,1.26513671875,1.6572265625,1.16064453125,1.1796875,2.6640625
748,0.9643554687500001,1.3388671875,1.3740234375,1.48779296875,1.30615234375,0.9951171875,2.7890625
749,1.56005859375,1.2451171875,1.380859375,1.74072265625,1.37060546875,1.48486328125,2.54150390625
750,1.349609375,0.83837890625,1.072265625,1.5283203125,1.1533203125,1.44482421875,2.91064453125
751,1.66259765625,0.60498046875,1.298828125,1.6123046875,1.47119140625,1.560546875,2.7529296875
752,1.4306640625,1.5478515625,1.37646484375,1.58984375,1.55419921875,1.1474609375,2.90283203125
753,1.55615234375,1.41796875,1.68408203125,1.95166015625,1.5732421875,1.376953125,2.599609375
754,1.67431640625,1.39453125,1.21142578125,1.39404296875,0.8520507812500001,1.17919921875,2.9052734375
755,1.94287109375,1.43896484375,1.69384765625,1.43701171875,0.95751953125,1.52099609375,3.1171875
756,1.9052734375,1.77197265625,1.21044921875,1.43505859375,1.3623046875,1.0888671875,2.63330078125
757,2.287109375,1.6015625,1.24560546875,1.56884765625,1.04931640625,1.27734375,2.7177734375
758,2.017578125,1.02197265625,1.66748046875,1.09912109375,1.3720703125,1.21484375,2.732421875
759,2.43017578125,0.78271484375,1.4697265625,1.333984375,1.4794921875,1.56884765625,2.7724609375
760,1.9462890625,1.37841796875,1.3798828125,1.6748046875,1.36279296875,1.25341796875,2.9931640625
761,1.5751953125,1.072265625,1.45556640625,1.55419921875,1.310546875,1.185546875,2.97607421875
762,1.6123046875,1.61767578125,0.970703125,1.275390625,1.33984375,0.9619140625,2.88916015625
763,2.30810546875,0.9423828125,0.99853515625,1.27880859375,1.4052734375,0.998046875,2.68896484375
764,2.1064453125,1.34130859375,1.71630859375,1.58544921875,2.0634765625,1.1552734375,3.11279296875
765,1.94287109375,1.10205078125,1.7939453125,1.72900390625,1.54541015625,1.302734375,2.7509765625
766,1.2490234375,1.15625,0.91259765625,1.49560546875,1.869140625,1.58984375,2.95263671875
767,2.27099609375,0.81103515625,1.2333984375,1.77001953125,1.6298828125,1.3046875,2.91845703125
768,1.517578125,0.966796875,1.53173828125,1.4130859375,1.27001953125,1.4345703125,2.3974609375
769,2.3720703125,1.09521484375,1.57177734375,1.62890625,1.15771484375,1.44775390625,2.3515625
770,1.90087890625,1.36474609375,1.115234375,1.5634765625,1.5224609375,1.294921875,2.96337890625
771,1.72509765625,1.392578125,1.19677734375,2.10693359375,1.09033203125,1.55712890625,2.90283203125
772,1.9716796875,1.14990234375,0.77392578125,1.48486328125,1.869140625,1.27197265625,2.94970703125
773,1.69677734375,0.98779296875,1.001953125,1.9853515625,1.7294921875,1.650390625,3.025390625
774,1.70068359375,1.61572265625,1.09912109375,1.67578125,1.03271484375,1.35791015625,3.07177734375
775,2.0517578125,1.3134765625,1.150390625,1.59912109375,1.1123046875,1.33251953125,2.95654296875
776,1.7431640625,1.5947265625,0.8359375,1.8701171875,1.31787109375,1.009765625,2.6328125
777,1.9345703125,1.47021484375,0.76171875,1.95947265625,1.55419921875,1.4208984375,2.48681640625
778,1.80322265625,1.37109375,1.62158203125,1.52197265625,1.39453125,1.58056640625,2.857421875
779,1.43408203125,1.18798828125,1.728515625,1.5322265625,1.45361328125,1.39501953125,2.87939453125
780,1.7705078125,1.21826171875,0.97509765625,1.7275390625,0.91650390625,1.41552734375,2.9306640625
781,1.453125,1.23193359375,1.25390625,1.5986328125,1.36767578125,1.55029296875,2.73486328125
782,1.80615234375,1.31005859375,1.24951171875,1.3212890625,1.2802734375,0.84228515625,3.18310546875
783,1.94775390625,1.5048828125,1.39306640625,1.91552734375,1.19921875,1.17626953125,3.19921875
784,1.7978515625,1.521484375,1.31884765625,1.3701171875,1.32177734375,1.1396484375,2.93115234375
785,2.0947265625,1.26318359375,1.50537109375,1.44091796875,1.11474609375,1.36376953125,2.9833984375
786,1.3505859375,1.322265625,1.095703125,1.03369140625,1.62060546875,1.23974609375,2.90673828125
787,1.94287109375,1.06298828125,1.41943359375,1.37890625,1.3837890625,1.3994140625,2.58642578125
788,1.77294921875,0.9697265625,1.287109375,1.89599609375,1.54833984375,1.47314453125,3.353515625
789,2.0888671875,0.7001953125,1.01123046875,1.6064453125,1.49169921875,1.33349609375,3.138671875
790,1.85009765625,1.6787109375,1.31689453125,1.11865234375,0.93017578125,1.62109375,2.408203125
791,1.75048828125,1.115234375,1.11865234375,1.0576171875,0.7919921875000001,1.61279296875,2.39111328125
792,1.52294921875,1.521484375,0.97705078125,1.48974609375,1.1630859375,1.56298828125,2.96142578125
793,1.81591796875,1.38134765625,1.1259765625,1.7763671875,1.17724609375,1.61181640625,2.853515625
794,1.494140625,1.708984375,1.4814453125,1.50341796875,1.70458984375,1.12109375,3.357421875
795,1.390625,1.40576171875,1.2841796875,1.72607421875,1.50439453125,1.28955078125,2.94775390625
796,1.23095703125,1.40478515625,0.9169921875,1.8681640625,1.56787109375,1.2255859375,2.75927734375
797,1.513671875,0.92919921875,1.24658203125,1.7705078125,1.51611328125,1.40478515625,2.67919921875
798,1.68603515625,1.21484375,1.19970703125,1.56005859375,1.3125,1.02197265625,2.6640625
799,1.46044921875,0.9521484375,1.046875,1.43359375,1.15966796875,1.15087890625,2.9443359375
800,1.7919921875,1.46435546875,1.14794921875,1.5615234375,1.50244140625,1.2412109375,2.58349609375
801,1.68017578125,0.9384765625,1.64013671875,1.5810546875,1.29150390625,1.16650390625,2.51220703125
802,1.8857421875,1.43603515625,1.01171875,1.53759765625,1.12060546875,0.9169921875,2.8330078125
803,1.76904296875,0.91162109375,1.3203125,1.751953125,1.1953125,1.35400390625,3.17138671875
804,1.2958984375,1.38232421875,0.70947265625,1.24072265625,1.556640625,1.0693359375,3.0029296875
805,1.1630859375,1.28271484375,0.73046875,1.18017578125,2.1484375,1.2333984375,2.90966796875
806,1.32763671875,1.34033203125,1.37060546875,1.9912109375,1.287109375,1.13720703125,3.20166015625
807,1.49462890625,1.34326171875,1.3564453125,2.06298828125,0.93701171875,1.44091796875,2.978515625
808,1.37548828125,1.54833984375,1.28857421875,1.5546875,0.7587890625,1.7958984375,2.91064453125
809,1.73291015625,1.421875,1.02294921875,1.8203125,0.80419921875,1.7060546875,3.06494140625
810,1.59912109375,1.771484375,0.9267578125,1.677734375,1.31201171875,1.57470703125,2.76611328125
811,2.24853515625,1.57568359375,1.4248046875,1.84521484375,1.146484375,1.6044921875,2.56884765625
812,1.6435546875,1.7646484375,0.986328125,1.91455078125,1.22021484375,0.9619140625,3.146484375
813,1.9794921875,1.11669921875,1.0830078125,2.23876953125,1.55029296875,0.822265625,2.87158203125
814,1.84912109375,1.2783203125,0.78173828125,1.83349609375,1.3154296875,1.384765625,2.48779296875
815,1.94140625,0.92431640625,0.99609375,2.00732421875,1.26171875,1.58251953125,2.78076171875
816,1.005859375,0.9990234375,0.92138671875,1.697265625,1.138671875,1.03466796875,3.1474609375
817,1.68359375,0.75341796875,0.9384765625,1.875,1.18701171875,1.31201171875,2.6982421875
818,1.50732421875,1.2451171875,1.5087890625,1.86865234375,0.88525390625,1.21337890625,2.7548828125
819,1.50830078125,1.072265625,1.81103515625,2.12890625,0.85986328125,1.22900390625,2.96435546875
820,1.61865234375,1.7744140625,0.61279296875,1.396484375,1.447265625,1.099609375,2.73046875
821,1.8916015625,1.19384765625,0.87890625,1.57275390625,1.26171875,1.2900390625,2.630859375
822,1.94580078125,1.41796875,0.8828125,1.783203125,1.3037109375,1.16650390625,3.00634765625
823,2.01318359375,1.43115234375,1.54248046875,1.87255859375,1.1005859375,1.54541015625,2.99755859375
824,1.17333984375,1.1259765625,0.9052734375,1.47119140625,1.4365234375,1.3671875,2.6376953125
825,1.65869140625,0.9248046875,0.8349609375,1.64501953125,1.65673828125,1.36669921875,2.71337890625
826,1.7109375,1.69775390625,1.3515625,1.2275390625,1.3642578125,1.044921875,2.935546875
827,1.83154296875,1.6923828125,1.53271484375,1.4560546875,1.2841796875,0.97900390625,2.70263671875
828,1.60986328125,1.3662109375,0.87939453125,1.44775390625,1.1513671875,0.99560546875,2.994140625
829,2.041015625,1.34716796875,0.8310546875000001,1.3564453125,0.734375,0.9306640625000001,3.017578125
830,1.599609375,1.47119140625,0.76416015625,1.42919921875,1.32958984375,0.78466796875,2.7666015625
831,1.72265625,1.06689453125,0.9697265625,1.3603515625,0.9853515625,1.009765625,2.7119140625
832,1.5205078125,1.18505859375,1.12109375,1.71044921875,1.3544921875,1.50830078125,2.8505859375
833,1.93701171875,1.01904296875,1.435546875,1.7744140625,1.32763671875,1.41845703125,2.671875
834,2.24755859375,2.12939453125,1.71142578125,1.7451171875,1.29638671875,1.1796875,2.9912109375
835,1.6083984375,1.470703125,1.8173828125,1.72314453125,1.359375,1.14306640625,3.1484375
836,1.552734375,1.3046875,1.16015625,1.65966796875,1.53564453125,1.4267578125,2.68212890625
837,1.6083984375,1.396484375,1.5380859375,1.9208984375,1.255859375,1.71435546875,2.6201171875
838,1.44287109375,1.61181640625,1.7431640625,1.4658203125,1.208984375,1.0673828125,3.00048828125
839,1.71142578125,1.2158203125,1.39453125,1.3857421875,1.6064453125,1.00732421875,3.2001953125
840,1.28857421875,1.57861328125,1.3115234375,1.99462890625,1.89013671875,1.47802734375,3.07177734375
841,1.4541015625,1.16162109375,1.205078125,1.994140625,1.53076171875,1.556640625,2.86474609375
842,1.3671875,1.56787109375,0.998046875,1.5263671875,1.46923828125,1.83935546875,2.80078125
843,2.13720703125,1.02392578125,1.208984375,1.53662109375,1.0927734375,1.39990234375,2.75439453125
844,1.27880859375,1.1396484375,0.79052734375,1.8193359375,1.818359375,1.01611328125,2.61669921875
845,1.2255859375,0.91357421875,0.9091796875000001,1.8623046875,1.46337890625,1.12939453125,2.47509765625
846,1.69677734375,1.73779296875,1.0048828125,1.67333984375,1.38525390625,1.71923828125,3.2216796875
847,2.56689453125,1.40625,1.02783203125,1.501953125,1.37841796875,1.73828125,2.9580078125
848,1.4619140625,1.03515625,1.05908203125,2.10546875,1.326171875,1.408203125,2.51953125
849,1.68359375,1.0400390625,1.23095703125,2.0498046875,1.287109375,1.314453125,2.42236328125
850,1.3291015625,1.28466796875,0.9482421875,2.03271484375,1.037109375,1.18798828125,3.18701171875
851,1.6796875,1.51904296875,1.03955078125,1.7470703125,0.8037109375,1.1669921875,2.9423828125
852,1.53857421875,0.98681640625,0.9746093750000001,1.60107421875,1.271484375,1.66748046875,2.7880859375
853,1.8232421875,0.90673828125,1.06982421875,1.7822265625,1.0341796875,1.54541015625,2.77978515625
854,1.51806640625,1.072265625,0.96875,1.94970703125,1.29345703125,1.08984375,2.6953125
855,1.37255859375,1.28369140625,1.0927734375,1.98486328125,1.5830078125,1.4150390625,2.53955078125
856,2.03125,1.234375,1.62646484375,1.10595703125,1.396484375,0.984375,3.1416015625
857,2.0791015625,1.08837890625,1.79931640625,1.375,1.61181640625,1.05859375,3.11767578125
858,1.486328125,1.6796875,1.3515625,1.80859375,1.46484375,1.3212890625,3.06103515625
859,2.04052734375,1.85791015625,1.35595703125,1.63525390625,1.17333984375,1.7041015625,3.08203125
860,1.77685546875,1.1904296875,1.33056640625,1.62841796875,1.10791015625,1.50390625,3.02197265625
861,1.50390625,1.47802734375,1.56103515625,1.76123046875,1.36328125,1.6904296875,3.18408203125
862,1.7265625,0.9541015625,1.1123046875,1.380859375,1.01220703125,1.2705078125,2.89306640625
863,1.97265625,0.7207031250000001,1.05029296875,1.64697265625,1.33154296875,1.408203125,2.77197265625
864,1.56591796875,1.486328125,1.4951171875,1.49951171875,1.70947265625,0.9775390625,2.61181640625
865,2.1572265625,1.33837890625,1.67578125,1.6103515625,1.40478515625,1.041015625,2.7138671875
866,1.48828125,1.33203125,1.38916015625,1.30322265625,1.38525390625,1.5234375,2.9482421875
867,1.34033203125,1.015625,1.83349609375,1.33544921875,1.00244140625,1.544921875,2.84033203125
868,2.140625,1.0498046875,1.2490234375,1.7578125,1.70458984375,1.48779296875,3.0458984375
869,1.8447265625,0.88818359375,1.35498046875,1.7333984375,1.62744140625,1.63330078125,3.173828125
870,1.66552734375,1.400390625,1.271484375,1.6259765625,1.19921875,1.37255859375,2.849609375
871,2.40576171875,1.23876953125,1.27880859375,1.638671875,1.50634765625,2.00830078125,2.8564453125
872,1.28466796875,1.2529296875,0.9091796875,1.474609375,1.421875,1.23681640625,2.56640625
873,1.8173828125,0.86279296875,0.8696289062500001,1.56005859375,1.38623046875,1.59130859375,2.48974609375
874,1.7392578125,1.65478515625,0.95751953125,1.44873046875,1.4423828125,0.88134765625,2.95458984375
875,1.62060546875,1.431640625,1.55810546875,1.455078125,1.6728515625,1.2353515625,2.91064453125
876,1.58642578125,1.3955078125,1.47900390625,1.43310546875,1.40478515625,1.5966796875,3.26025390625
877,1.6591796875,1.00341796875,1.6923828125,1.39599609375,1.0830078125,1.7861328125,2.99853515625
878,1.57373046875,1.42431640625,1.06396484375,1.79150390625,0.89013671875,1.42919921875,3.00830078125
879,2.1787109375,1.01171875,1.30712890625,1.84033203125,1.4443359375,1.12744140625,2.83642578125
880,2.0849609375,1.32080078125,0.998046875,1.59912109375,0.8549804687500001,1.06884765625,2.63232421875
881,2.15283203125,1.10546875,0.9873046875,1.52197265625,0.8466796875,1.3203125,2.62353515625
882,1.94873046875,1.66259765625,1.1240234375,1.43408203125,1.302734375,1.064453125,3.01025390625
883,2.294921875,1.11181640625,0.90087890625,1.486328125,1.04248046875,0.9990234375,3.2509765625
884,1.43505859375,1.52783203125,1.08642578125,1.63525390625,1.220703125,1.2998046875,2.662109375
885,1.48681640625,1.04833984375,1.01318359375,1.8330078125,0.9326171875,1.42919921875,2.83203125
886,1.28466796875,1.29638671875,1.18212890625,1.7490234375,1.12841796875,1.06640625,3.28125
887,1.8203125,1.07080078125,1.265625,1.90478515625,1.2109375,0.8320312500000001,3.26806640625
888,1.51953125,1.7890625,1.0048828125,1.24951171875,1.12255859375,1.26123046875,2.7275390625
889,1.5205078125,1.390625,0.8789062500000001,1.49560546875,1.2138671875,1.47119140625,2.58544921875
890,1.62353515625,1.26025390625,1.15087890625,1.650390625,1.25634765625,1.029296875,2.94140625
891,1.22705078125,1.1044921875,1.4638671875,1.59375,1.13037109375,1.201171875,2.58544921875
892,2.1181640625,1.7421875,1.40625,1.427734375,1.28955078125,1.44970703125,3.01708984375
893,1.84619140625,1.24267578125,1.22119140625,1.73388671875,0.8818359375,1.4453125,3.02001953125
894,1.6611328125,1.37939453125,1.2587890625,1.9052734375,1.517578125,1.41796875,2.47900390625
895,1.91552734375,1.150390625,1.42822265625,1.82763671875,1.1875,1.61572265625,2.6259765625
896,1.79150390625,1.69921875,0.96533203125,1.6513671875,1.2099609375,0.89404296875,3.03564453125
897,1.775390625,1.35693359375,0.8759765625,1.76904296875,1.22216796875,1.0185546875,2.6904296875
898,1.4033203125,1.56298828125,0.572265625,1.708984375,1.30419921875,1.443359375,2.8544921875
899,1.421875,1.60888671875,0.67822265625,2.048828125,1.2783203125,1.33544921875,2.7333984375
900,1.7021484375,1.1826171875,0.86328125,1.04345703125,1.330078125,1.44970703125,3.009765625
901,1.98583984375,1.5546875,1.05078125,1.07861328125,1.1533203125,1.6376953125,2.91552734375
902,1.484375,1.15625,1.22216796875,1.38525390625,1.4306640625,1.208984375,3.06787109375
903,1.89697265625,1.01025390625,1.076171875,1.67138671875,1.16162109375,1.0361328125,3.1494140625
904,1.712890625,1.671875,1.28271484375,1.1826171875,1.53125,0.60009765625,3.40087890625
905,2.01611328125,1.56982421875,1.03955078125,1.35595703125,1.1845703125,0.81689453125,3.19970703125
906,1.830078125,1.28369140625,1.021484375,1.54541015625,0.83740234375,0.97705078125,3.193359375
907,1.3544921875,1.34521484375,1.0703125,1.65087890625,0.92919921875,1.29638671875,3.1279296875
908,1.31689453125,1.57080078125,1.06103515625,1.26708984375,1.298828125,1.18408203125,2.8505859375
909,2.22265625,1.3212890625,1.33251953125,1.2158203125,1.595703125,1.2099609375,2.947265625
910,1.4248046875,1.88232421875,1.23095703125,1.5009765625,0.984375,0.9970703125,2.87353515625
911,1.59619140625,1.5625,1.58984375,1.5146484375,0.80224609375,1.5078125,3.05029296875
912,1.3525390625,1.544921875,0.80712890625,1.16796875,1.25,1.0849609375,2.5849609375
913,1.201171875,1.41015625,0.8115234375000001,1.33447265625,1.0458984375,1.59619140625,2.63720703125
914,1.3515625,1.5771484375,0.98974609375,1.5244140625,1.208984375,1.14208984375,2.9716796875
915,1.6669921875,1.48876953125,1.2158203125,1.44287109375,1.28662109375,1.03076171875,2.75732421875
916,1.412109375,1.04931640625,0.919921875,1.15625,0.8564453125,0.89453125,3.16162109375
917,1.60986328125,0.7119140625000001,0.83056640625,1.2841796875,0.798828125,1.4853515625,3.26025390625
918,1.65966796875,1.57666015625,1.11865234375,1.70654296875,1.3994140625,1.08642578125,2.65380859375
919,1.7138671875,1.37255859375,1.31494140625,1.76708984375,1.4736328125,1.05322265625,2.54052734375
920,1.34716796875,1.07666015625,0.7236328125,1.7607421875,1.32666015625,1.212890625,2.74169921875
921,2.19091796875,1.0283203125,0.8613281250000001,1.76171875,1.16259765625,1.291015625,2.77197265625
922,1.25830078125,1.48095703125,0.86083984375,1.44775390625,1.10546875,1.36083984375,2.7421875
923,1.87890625,1.5927734375,1.1240234375,1.3076171875,0.8183593750000001,1.51171875,2.779296875
924,1.1494140625,1.37744140625,0.91015625,1.64990234375,1.193359375,1.39794921875,2.4814453125
925,1.4462890625,1.6044921875,1.23779296875,1.70068359375,1.1142578125,1.29541015625,2.54931640625
926,1.52734375,1.150390625,1.36865234375,1.12353515625,1.21435546875,1.73095703125,2.9521484375
927,2.0263671875,0.8217773437500001,1.3076171875,1.32177734375,1.44189453125,1.39794921875,2.71484375
928,1.798828125,1.6796875,0.68896484375,1.4638671875,1.40283203125,1.3896484375,2.8330078125
929,2.0732421875,1.50927734375,0.677734375,1.45361328125,1.26318359375,1.31591796875,2.70458984375
930,1.1865234375,1.43017578125,1.06640625,1.16552734375,1.00341796875,1.27197265625,2.92626953125
931,1.41552734375,1.19482421875,0.88037109375,1.29736328125,0.7797851562500001,1.46044921875,3.01708984375
932,1.734375,1.22705078125,1.201171875,1.68701171875,0.974609375,1.0234375,3.02783203125
933,1.95751953125,1.23193359375,1.15234375,1.83642578125,1.08984375,1.16259765625,2.6533203125
934,2.0390625,1.0234375,1.18505859375,1.7529296875,1.45947265625,1.13916015625,3.1650390625
935,1.79150390625,1.03857421875,1.27783203125,1.837890625,1.7744140625,1.27880859375,2.7626953125
936,1.48046875,0.94091796875,0.9658203125,1.46728515625,0.89208984375,1.66015625,2.69873046875
937,1.31787109375,0.634765625,0.92041015625,1.552734375,0.82421875,1.38916015625,2.71484375
938,1.5126953125,1.568359375,1.09130859375,1.8388671875,1.0498046875,0.75146484375,3.06982421875
939,1.7548828125,1.1572265625,1.2197265625,1.91845703125,1.015625,1.0009765625,2.96044921875
940,1.10205078125,1.1220703125,1.10595703125,1.89892578125,1.521484375,1.421875,2.53271484375
941,1.88330078125,1.16552734375,1.30419921875,1.775390625,1.15087890625,1.4306640625,2.73974609375
942,1.61181640625,0.9501953125,1.01220703125,1.18798828125,0.9111328125,0.84423828125,2.81494140625
943,1.4482421875,0.697265625,1.41259765625,1.35791015625,1.14111328125,1.09765625,2.69384765625
944,1.603515625,1.58837890625,1.2744140625,1.55419921875,1.18212890625,1.197265625,2.86376953125
945,1.91796875,1.494140625,1.40380859375,1.6669921875,1.02880859375,1.21044921875,2.87548828125
946,1.65966796875,1.25830078125,0.583984375,1.58544921875,1.33203125,1.2451171875,2.85107421875
947,2.05078125,1.4140625,0.9111328125,1.57470703125,0.8076171875,1.38818359375,2.61669921875
948,1.48583984375,1.1435546875,0.9345703125,1.716796875,1.2470703125,1.400390625,2.78125
949,1.76513671875,0.9140625000000001,1.083984375,1.9677734375,0.95263671875,1.56103515625,2.466796875
950,1.4638671875,1.18212890625,0.9296875,0.986328125,0.95556640625,1.681640625,2.35498046875
951,2.259765625,0.73828125,1.14794921875,1.1318359375,1.05322265625,1.35693359375,2.33935546875
952,1.1865234375,0.9150390625,1.09716796875,1.287109375,0.94873046875,1.17724609375,3.1923828125
953,2.0537109375,0.783203125,1.18798828125,1.390625,0.91943359375,1.19189453125,3.0
954,2.15673828125,1.39501953125,0.9531250000000001,1.4990234375,1.515625,0.8178710937500001,2.98876953125
955,1.6572265625,1.27294921875,1.294921875,1.7724609375,1.27587890625,0.8828125,2.97021484375
956,0.8168945312500001,1.26123046875,1.08154296875,1.8642578125,1.05078125,1.177734375,2.548828125
957,1.47119140625,1.1328125,1.359375,1.564453125,0.8603515625,1.29541015625,2.69677734375
958,1.625,1.36181640625,1.05029296875,1.9951171875,0.88134765625,1.2236328125,2.72900390625
959,1.34912109375,1.21435546875,1.36474609375,2.25732421875,0.71435546875,1.41259765625,2.7509765625
960,1.640625,0.9541015625,1.02734375,1.9736328125,0.9052734375,0.849609375,2.697265625
961,1.8388671875,0.6083984375,1.12939453125,1.8125,1.07763671875,1.36376953125,2.84326171875
962,1.4833984375,1.85693359375,0.681640625,1.61474609375,1.064453125,1.19677734375,2.5947265625
963,1.3876953125,1.21044921875,0.869140625,1.853515625,0.98974609375,1.36083984375,2.552734375
964,1.7470703125000002,1.23876953125,1.19580078125,1.57861328125,1.16455078125,0.845703125,3.2939453125
965,1.6298828125,1.13525390625,1.13134765625,1.63037109375,1.20263671875,0.9892578125,3.150390625
966,1.53662109375,1.67236328125,1.17431640625,1.89208984375,0.94775390625,2.00732421875,2.94580078125
967,1.708984375,1.68701171875,1.1865234375,1.91259765625,0.8271484375,1.572265625,2.77734375
968,0.85498046875,1.4501953125,0.91845703125,1.16845703125,1.576171875,1.240234375,2.712890625
969,1.0693359375,1.546875,0.8110351562500001,1.21484375,1.490234375,1.4619140625,2.796875
970,1.35595703125,0.98828125,0.595703125,1.3681640625,1.4619140625,1.82470703125,3.25732421875
971,1.81982421875,0.8759765625,0.650390625,1.30029296875,0.9755859375,1.6259765625,3.10791015625
972,0.8828125000000001,1.67578125,1.3232421875,1.62109375,1.09619140625,0.65185546875,2.89697265625
973,1.27685546875,1.64794921875,1.419921875,1.87646484375,1.20068359375,1.2548828125,2.54931640625
974,1.4423828125,1.5234375,1.25927734375,1.6943359375,1.2451171875,1.15234375,2.82275390625
975,1.771484375,1.5322265625,1.5048828125,1.48974609375,1.25830078125,1.4453125,3.05029296875
976,1.6083984375,1.1845703125,1.14111328125,1.19384765625,1.3173828125,0.7949218750000001,2.859375
977,1.58935546875,0.9404296875,1.142578125,1.408203125,1.126953125,0.9501953125,2.5419921875
978,1.0947265625,1.34375,1.05615234375,1.5791015625,1.4150390625,1.04638671875,2.9306640625
979,1.3447265625,1.63818359375,1.0517578125,1.80078125,1.2314453125,1.34228515625,2.64990234375
980,1.2197265625,1.2294921875,0.89453125,1.529296875,0.8310546875,1.1015625,2.93359375
981,1.5419921875,1.13671875,0.99365234375,1.5341796875,0.8515625,1.35400390625,2.98095703125
982,1.41259765625,1.28076171875,0.5351562500000001,1.7421875,1.330078125,1.1796875,2.7548828125
983,1.5078125,1.28564453125,0.8193359375,1.90185546875,1.2431640625,0.94384765625,2.6279296875
984,1.671875,1.14306640625,1.298828125,1.60986328125,1.11865234375,1.20458984375,2.94677734375
985,1.84326171875,0.8198242187500001,1.36181640625,1.95703125,1.21142578125,1.65087890625,2.85986328125
986,1.13232421875,1.3291015625,0.6323242187500001,1.43359375,1.19580078125,1.3212890625,2.88818359375
987,1.19775390625,0.92626953125,0.9096679687500001,1.54443359375,1.11669921875,1.34619140625,2.9443359375
988,1.123046875,1.34228515625,1.2265625,1.42822265625,1.556640625,1.328125,2.97607421875
989,1.26708984375,0.94677734375,1.2412109375,1.6005859375,1.34130859375,1.390625,2.8349609375
990,1.509765625,1.58203125,1.0224609375,1.38623046875,1.421875,1.62939453125,2.7099609375
991,1.60302734375,1.5068359375,1.4345703125,1.42138671875,1.17529296875,1.52880859375,2.42578125
992,1.08154296875,1.4345703125,0.7958984375,1.32666015625,1.36474609375,1.271484375,2.70458984375
993,1.12548828125,0.86328125,0.76611328125,1.556640625,1.400390625,1.75146484375,2.74755859375
994,1.369140625,1.46142578125,1.1689453125,1.78857421875,1.19384765625,1.16845703125,3.19091796875
995,1.76123046875,1.76611328125,1.26806640625,1.703125,0.7626953125000001,1.51513671875,2.85302734375
996,1.20166015625,1.16748046875,1.3662109375,1.47998046875,1.02978515625,1.5556640625,3.0146484375
997,1.68798828125,1.02392578125,1.423828125,1.69482421875,1.2001953125,1.65185546875,2.9912109375
998,1.26318359375,1.26220703125,1.111328125,1.8955078125,0.94140625,1.4130859375,2.9072265625
999,1.474609375,1.001953125,1.1796875,2.09521484375,0.75341796875,1.33056640625,2.63818359375
1000,1.13623046875,1.623046875,1.18115234375,1.48388671875,0.96484375,1.06689453125,3.0869140625
1001,1.0361328125,1.0419921875,1.1328125,1.4931640625,0.89794921875,1.34375,2.998046875
1002,1.4306640625,1.0703125,1.23046875,1.712890625,0.79248046875,0.6181640625,2.8623046875
1003,1.892578125,0.86083984375,1.27001953125,1.83544921875,0.6684570312500001,0.81494140625,3.04296875
1004,1.11181640625,0.978515625,1.34716796875,1.32568359375,1.06396484375,1.115234375,2.91796875
1005,1.55029296875,0.90283203125,1.462890625,1.55810546875,1.01708984375,1.2783203125,2.794921875
1006,1.1220703125,1.52685546875,1.48046875,1.666015625,1.2294921875,1.23291015625,2.93798828125
1007,1.43798828125,1.232421875,1.78955078125,1.9580078125,1.63232421875,1.59814453125,2.8369140625
1008,1.53271484375,1.78173828125,1.48193359375,1.4150390625,1.29443359375,1.26318359375,2.861328125
1009,1.58056640625,1.40869140625,1.4453125,1.3916015625,1.34033203125,1.05810546875,2.576171875
1010,1.236328125,1.32177734375,1.03466796875,1.6484375,1.17724609375,0.697265625,2.673828125
1011,1.6455078125,0.77734375,1.51318359375,1.71728515625,1.05615234375,0.95654296875,2.84765625
1012,1.2587890625,1.4931640625,0.943359375,1.44189453125,1.2626953125,1.50732421875,2.97705078125
1013,1.04052734375,1.22509765625,0.85107421875,1.517578125,0.9082031250000001,1.57275390625,2.61572265625
1014,1.41845703125,1.24609375,1.3388671875,1.6865234375,1.251953125,1.47216796875,2.91357421875
1015,2.13818359375,1.10205078125,1.3095703125,1.81884765625,1.080078125,1.31591796875,3.18310546875
1016,1.08740234375,1.2158203125,0.951171875,1.71630859375,1.01025390625,1.37255859375,2.533203125
1017,1.7587890625,1.59375,1.39111328125,1.72998046875,0.93212890625,1.02490234375,2.3984375
1018,1.248046875,1.35791015625,0.8427734375,1.96240234375,1.1904296875,0.81396484375,2.97607421875
1019,1.478515625,1.48974609375,1.0576171875,1.78515625,0.7744140625,0.89208984375,2.84375
1020,1.33056640625,1.4306640625,1.07861328125,1.56005859375,1.359375,1.1904296875,2.94140625
1021,1.34033203125,1.27294921875,1.32861328125,1.4794921875,1.0869140625,1.44873046875,3.0712890625
1022,1.2705078125,1.47705078125,1.17919921875,1.69091796875,0.98681640625,1.2607421875,3.01806640625
1023,1.71728515625,1.75244140625,1.2099609375,1.9873046875,0.779296875,1.072265625,3.078125
1024,1.63916015625,1.36376953125,0.96044921875,1.42578125,1.421875,0.95556640625,2.74609375
1025,1.73876953125,1.10693359375,1.1162109375,1.369140625,1.154296875,1.11474609375,2.59521484375
1026,1.1533203125,1.302734375,1.1103515625,1.9228515625,1.37548828125,1.138671875,2.95263671875
1027,1.25,0.91064453125,1.19482421875,1.94287109375,1.31884765625,0.93017578125,2.68603515625
1028,1.1044921875,1.61572265625,1.26953125,1.57177734375,1.19677734375,1.1982421875,3.17822265625
1029,1.00390625,1.7626953125,1.44677734375,1.63818359375,1.25,1.05419921875,3.1357421875
1030,1.2861328125,1.24462890625,0.84814453125,1.34765625,1.49951171875,0.9404296875,2.8505859375
1031,2.0859375,0.771484375,1.04833984375,1.4931640625,1.29248046875,1.24169921875,2.68701171875
1032,1.42919921875,1.1435546875,1.17333984375,1.50634765625,1.1376953125,1.396484375,2.80419921875
1033,1.3173828125,0.92431640625,1.130859375,1.64306640625,1.19873046875,1.36962890625,2.60888671875
1034,1.5126953125,1.65087890625,0.9755859375,1.4599609375,1.0078125,1.01025390625,3.208984375
1035,1.2431640625,1.373046875,1.1689453125,1.50830078125,1.1123046875,1.205078125,3.06298828125
1036,1.951171875,1.68896484375,1.05419921875,1.62353515625,0.8212890625,1.19287109375,2.96826171875
1037,1.677734375,1.66943359375,1.29052734375,1.7412109375,0.7041015625000001,1.380859375,2.892578125
1038,1.7421875,1.3046875,0.96923828125,1.29443359375,1.07275390625,0.98583984375,2.65283203125
1039,1.9169921875,0.97021484375,0.8828125,1.3408203125,0.90087890625,1.2021484375,2.51708984375
1040,1.271484375,0.9794921875,0.9599609375,1.41015625,1.740234375,0.955078125,3.03857421875
1041,2.00439453125,0.91845703125,1.0869140625,1.34375,1.58984375,1.24853515625,2.87451171875
1042,1.2998046875,1.3876953125,1.10986328125,1.73779296875,1.375,0.82275390625,3.017578125
1043,2.109375,1.56884765625,1.205078125,1.84521484375,1.0546875,0.98828125,2.96728515625
1044,1.39453125,1.23974609375,1.255859375,1.11865234375,1.54443359375,1.20068359375,2.8583984375
1045,1.50927734375,1.041015625,1.06884765625,1.09033203125,1.58642578125,1.3203125,2.84912109375
1046,1.806640625,1.28466796875,1.3857421875,1.77783203125,1.1328125,0.61328125,2.97509765625
1047,1.6572265625,0.98876953125,1.50439453125,1.564453125,0.98779296875,1.17919921875,3.052734375
1048,1.68017578125,1.29443359375,1.40234375,1.62451171875,1.4423828125,0.84765625,2.92529296875
1049,1.5283203125,0.9750976562500001,1.36328125,1.68212890625,1.30712890625,1.18505859375,2.9541015625
1050,1.66455078125,1.22412109375,1.26513671875,1.58349609375,1.29345703125,0.9472656250000001,3.2548828125
1051,2.14111328125,1.22412109375,1.44775390625,1.5791015625,0.9809570312500001,1.4091796875,2.98486328125
1052,1.55126953125,1.34619140625,1.37158203125,1.76318359375,1.228515625,1.1923828125,2.7890625
1053,1.67333984375,1.3232421875,1.25,1.97314453125,1.2255859375,1.58740234375,2.80859375
1054,1.79931640625,1.23876953125,0.83349609375,1.501953125,0.99853515625,1.017578125,2.6923828125
1055,1.83837890625,1.32666015625,0.8974609375,1.34375,1.1669921875,1.00537109375,2.607421875
1056,1.2666015625,0.9599609375,1.21826171875,1.0009765625,1.048828125,1.2119140625,2.91015625
1057,2.40966796875,0.7490234375,1.37353515625,1.27685546875,0.88720703125,1.3193359375,2.7509765625
1058,1.77197265625,1.0439453125,1.181640625,1.736328125,1.0283203125,1.54296875,2.62060546875
1059,1.2587890625,0.86181640625,1.140625,1.6884765625,0.9326171875,1.4765625,2.55810546875
1060,1.2177734375,1.1162109375,0.58935546875,1.50830078125,1.7841796875,1.6123046875,3.07421875
1061,1.08251953125,0.76806640625,0.56298828125,1.7353515625,1.3837890625,1.76611328125,3.17041015625
1062,1.681640625,1.34912109375,1.3544921875,1.576171875,1.28076171875,0.72607421875,2.75048828125
1063,1.7421875,1.08447265625,1.5595703125,1.5537109375,1.45361328125,1.2021484375,2.64892578125
1064,0.9619140625,1.15966796875,1.10009765625,1.21142578125,1.212890625,0.87939453125,2.939453125
1065,1.46875,0.875,1.26611328125,1.53369140625,0.9599609375,1.17626953125,2.7734375
1066,0.91357421875,1.3046875,1.16845703125,1.1640625,0.90869140625,1.1376953125,3.0869140625
1067,1.45556640625,1.224609375,1.5361328125,1.11328125,1.12158203125,1.4345703125,2.82421875
1068,2.02880859375,1.4658203125,1.33642578125,1.833984375,1.10400390625,1.357421875,2.9619140625
1069,1.76708984375,1.32373046875,1.017578125,1.8291015625,1.30712890625,1.3720703125,2.95849609375
1070,1.5029296875,1.27587890625,1.6630859375,1.26806640625,1.51611328125,0.98095703125,2.92578125
1071,1.2431640625,1.09326171875,1.1416015625,1.45703125,1.80029296875,1.1513671875,2.703125
1072,1.16455078125,1.3876953125,1.48876953125,1.10009765625,1.2802734375,1.22705078125,2.3251953125
1073,1.35205078125,1.3330078125,1.48583984375,1.03173828125,1.2216796875,1.078125,2.5146484375
1074,1.37939453125,1.30810546875,0.876953125,1.2783203125,1.2333984375,0.92626953125,2.642578125
1075,1.4228515625,1.46875,1.05810546875,1.2578125,1.1845703125,1.17822265625,2.65234375
1076,1.5166015625,0.9560546875,1.0966796875,1.60498046875,1.40283203125,0.9267578125,3.22265625
1077,1.7451171875,0.8955078125,1.2529296875,1.67431640625,1.33837890625,1.08984375,3.2353515625
1078,1.0,1.23876953125,0.80322265625,1.83251953125,1.2119140625,1.525390625,2.39501953125
1079,1.41748046875,1.4326171875,0.92626953125,1.994140625,1.02978515625,1.4833984375,2.51611328125
1080,1.58935546875,1.41650390625,1.6474609375,1.52880859375,1.3427734375,1.15234375,2.91064453125
1081,1.51904296875,1.14013671875,1.4287109375,1.5634765625,1.412109375,1.12939453125,3.06982421875
1082,1.7763671875,0.9814453125,1.265625,1.72900390625,1.39013671875,0.96484375,2.50146484375
1083,1.38623046875,0.79833984375,1.31787109375,1.673828125,1.1376953125,1.1787109375,2.47119140625
1084,1.73828125,1.76416015625,0.912109375,1.46533203125,1.04541015625,0.89453125,3.0712890625
1085,1.8984375,1.380859375,1.07373046875,1.50927734375,1.36376953125,1.0888671875,3.0517578125
1086,1.580078125,1.4140625,1.09375,1.26611328125,1.4052734375,1.2421875,2.70068359375
1087,1.56787109375,1.166015625,1.13232421875,1.30615234375,1.33935546875,1.49267578125,2.7783203125
1088,1.37451171875,0.8115234375,1.3623046875,1.22802734375,1.1416015625,1.01904296875,2.4169921875
1089,1.49169921875,0.470703125,1.830078125,1.18798828125,1.12109375,1.40087890625,2.43798828125
1090,1.14599609375,1.35205078125,0.8745117187500001,1.18115234375,1.220703125,1.23095703125,3.05859375
1091,1.21728515625,0.96142578125,1.0615234375,1.3310546875,0.93212890625,1.28759765625,2.935546875
1092,1.9228515625,1.16357421875,1.11669921875,1.47705078125,1.005859375,0.8940429687500001,2.6591796875
1093,1.70458984375,1.009765625,1.36962890625,1.6005859375,1.03955078125,1.4052734375,2.79541015625
1094,1.35205078125,1.265625,1.1962890625,1.44384765625,1.13671875,0.91259765625,2.89794921875
1095,1.51025390625,1.12744140625,0.78759765625,1.32763671875,0.796875,1.0986328125,2.75341796875
1096,1.57080078125,1.361328125,1.15283203125,1.21337890625,1.048828125,1.095703125,2.859375
1097,1.3310546875,1.1083984375,1.3583984375,1.267578125,0.99951171875,1.3916015625,2.75341796875
1098,1.62841796875,1.65234375,1.19140625,1.384765625,1.412109375,1.173828125,3.16064453125
1099,1.74169921875,1.005859375,1.2783203125,1.466796875,0.94970703125,1.15478515625,2.89599609375
1100,1.44482421875,1.25048828125,0.6162109375,1.64794921875,1.61962890625,1.095703125,2.7431640625
1101,1.63671875,1.03759765625,0.7221679687500001,1.78662109375,1.61474609375,1.240234375,2.80615234375
1102,1.5146484375,1.09912109375,1.16845703125,1.1728515625,1.19775390625,0.9287109375,2.5322265625
1103,1.98388671875,0.9580078125,1.37255859375,1.283203125,0.89599609375,1.2509765625,2.5380859375
1104,1.34814453125,1.03857421875,0.88134765625,1.5849609375,0.9912109375,1.05810546875,2.6943359375
1105,1.888671875,1.12255859375,1.1748046875,1.62890625,0.8779296875000001,1.357421875,2.7548828125
1106,1.38037109375,1.6123046875,1.017578125,1.31201171875,1.00830078125,1.78564453125,3.1181640625
1107,1.3095703125,0.99853515625,0.99072265625,1.55517578125,1.087890625,1.681640625,2.9921875
1108,1.234375,1.45556640625,1.1962890625,1.36181640625,1.09326171875,1.54296875,3.1416015625
1109,1.49755859375,0.9599609375,1.27197265625,1.48095703125,0.88330078125,1.31494140625,2.8935546875
1110,1.93359375,0.84228515625,1.19580078125,1.50830078125,0.9345703125,0.96875,2.53076171875
1111,1.70947265625,0.82568359375,1.6142578125,1.56640625,0.634765625,1.39599609375,2.546875
1112,1.29931640625,1.7568359375,0.8935546875,1.4619140625,1.13720703125,0.7763671875,2.880859375
1113,1.36669921875,1.52294921875,0.8754882812500001,1.673828125,0.8623046875000001,0.99560546875,2.95068359375
1114,1.88720703125,1.2353515625,0.625,1.5,1.484375,1.38623046875,2.77880859375
1115,1.52197265625,0.93701171875,0.916015625,1.63232421875,1.15234375,1.29248046875,2.78076171875
1116,1.56494140625,1.11962890625,1.1005859375,1.5,1.15869140625,1.24365234375,2.572265625
1117,1.6044921875,0.94287109375,1.35693359375,1.763671875,1.173828125,1.19482421875,2.70751953125
1118,1.53076171875,1.06396484375,1.02099609375,1.576171875,0.95068359375,1.0,2.58642578125
1119,1.7099609375,1.20361328125,1.11669921875,1.85986328125,1.09814453125,1.20947265625,2.53125
1120,1.64599609375,0.90869140625,0.99072265625,1.16162109375,1.12548828125,1.14013671875,2.78173828125
1121,1.5537109375,0.974609375,1.0380859375,1.3935546875,1.01806640625,1.4404296875,2.8046875
1122,1.18896484375,1.61376953125,0.69384765625,1.58544921875,1.12646484375,1.0869140625,2.6435546875
1123,1.60009765625,1.10888671875,0.4990234375,1.68701171875,0.9150390625,1.34619140625,2.48681640625
1124,1.38525390625,1.04833984375,0.47607421875,1.478515625,1.56494140625,1.28369140625,3.04736328125
1125,1.955078125,1.109375,0.80224609375,1.51123046875,1.41455078125,1.48583984375,3.01806640625
1126,1.529296875,1.83642578125,1.08935546875,1.6455078125,1.416015625,1.17724609375,2.82763671875
1127,1.26123046875,1.2763671875,1.03515625,1.53515625,1.04541015625,1.3154296875,2.92236328125
1128,1.1201171875,0.966796875,0.77490234375,1.4208984375,1.23046875,1.11376953125,3.0400390625
1129,1.65185546875,0.912109375,0.6962890625,1.43896484375,1.10595703125,1.07666015625,2.8466796875
1130,1.15771484375,1.23193359375,0.7431640625000001,1.34228515625,0.767578125,1.19775390625,2.88330078125
1131,1.39794921875,0.85693359375,0.69287109375,1.5859375,0.7998046875,1.14453125,2.92529296875
1132,1.0947265625,1.5458984375,1.361328125,1.70849609375,1.06787109375,1.015625,2.63427734375
1133,1.93212890625,1.23388671875,1.27490234375,1.76611328125,0.9970703125,1.23193359375,2.55126953125
1134,1.25439453125,1.318359375,1.0107421875,1.6044921875,0.951171875,1.09130859375,3.2353515625
1135,1.53466796875,1.05029296875,0.92041015625,1.60595703125,0.8251953125000001,1.314453125,3.1630859375
1136,1.515625,1.52294921875,1.04833984375,1.5625,1.2353515625,0.97412109375,2.771484375
1137,1.4052734375,1.13037109375,1.2548828125,1.822265625,1.38134765625,1.17626953125,2.56005859375
1138,2.09814453125,0.9990234375,1.052734375,1.7529296875,1.44873046875,1.33349609375,2.6328125
1139,1.88525390625,0.8818359375,0.970703125,1.90771484375,0.84326171875,1.37109375,2.73095703125
1140,1.0654296875,0.9345703125,0.91357421875,1.3525390625,1.58642578125,1.01025390625,2.64111328125
1141,0.912109375,0.74609375,1.0361328125,1.50146484375,1.11962890625,1.32568359375,2.69921875
1142,1.50146484375,1.40966796875,0.4951171875000002,1.6123046875,1.13525390625,1.18798828125,2.71142578125
1143,1.93701171875,1.20458984375,0.5957031250000001,1.6396484375,1.4140625,1.3173828125,2.5107421875
1144,1.62841796875,0.79736328125,1.0458984375,1.3818359375,1.79638671875,1.18896484375,2.85693359375
1145,1.46044921875,0.83642578125,1.294921875,1.23291015625,1.5419921875,1.486328125,2.94482421875
1146,1.42333984375,1.259765625,0.71875,1.47119140625,1.27685546875,1.1298828125,2.77978515625
1147,1.89453125,0.97021484375,0.6875000000000001,1.634765625,1.06591796875,1.0810546875,2.68212890625
1148,0.9794921875,1.00439453125,1.26953125,1.228515625,1.099609375,0.99951171875,2.958984375
1149,1.3095703125,0.80859375,1.107421875,1.22412109375,0.90869140625,1.05419921875,2.876953125
1150,1.2841796875,1.361328125,0.8437500000000001,1.80517578125,1.35546875,0.8403320312500001,3.24560546875
1151,1.4775390625,1.14453125,1.06103515625,1.84326171875,1.5400390625,0.88818359375,3.111328125
1152,1.34716796875,0.89111328125,1.046875,0.99267578125,1.01708984375,0.90478515625,2.81689453125
1153,1.84423828125,0.93505859375,1.54638671875,1.109375,1.087890625,1.07763671875,2.693359375
1154,1.333984375,1.09814453125,1.0712890625,1.94091796875,0.9873046875,0.71484375,2.80224609375
1155,1.10107421875,0.72119140625,1.0263671875,2.01318359375,0.97705078125,1.00146484375,2.51513671875
1156,1.42724609375,1.18994140625,0.97412109375,1.7578125,1.080078125,1.3095703125,2.8818359375
1157,1.73681640625,1.2744140625,0.6943359375,1.99560546875,0.96533203125,1.26953125,2.92041015625
1158,1.2587890625,1.08154296875,1.107421875,1.10791015625,0.94677734375,1.04638671875,2.86572265625
1159,1.6171875,1.068359375,1.4814453125,0.98486328125,1.11181640625,1.267578125,2.9560546875
1160,1.54931640625,1.234375,1.185546875,1.466796875,1.34912109375,1.02587890625,2.45654296875
1161,1.3017578125,0.95703125,1.5,1.64599609375,1.0390625,1.02197265625,2.40380859375
1162,1.33935546875,1.4267578125,0.8203125,1.75439453125,1.24951171875,1.01953125,2.9130859375
1163,1.45703125,1.16259765625,1.0205078125,1.73583984375,1.30517578125,1.3291015625,2.87158203125
1164,1.666015625,1.38525390625,0.93359375,1.6083984375,1.2763671875,1.140625,2.63525390625
1165,1.728515625,1.35546875,0.92431640625,1.4931640625,1.09130859375,1.2880859375,2.7392578125
1166,2.14111328125,1.025390625,0.8525390625,1.2744140625,1.1220703125,0.98876953125,2.650390625
1167,1.6796875,0.916015625,0.9970703125,1.32421875,1.09423828125,0.9814453125,2.7900390625
1168,1.43603515625,1.68017578125,0.92822265625,1.31494140625,1.2578125,0.9189453125,3.0146484375
1169,1.68896484375,1.1142578125,1.041015625,1.3134765625,1.8330078125,1.20458984375,2.9091796875
1170,1.36083984375,1.2021484375,1.11572265625,1.8466796875,1.36865234375,1.09033203125,2.76220703125
1171,1.32470703125,1.51904296875,1.28466796875,1.84814453125,1.109375,1.349609375,2.59375
1172,1.716796875,1.53076171875,1.30810546875,1.390625,0.9833984375,1.0029296875,2.80859375
1173,1.42431640625,1.302734375,1.1083984375,1.58154296875,0.88427734375,1.2587890625,2.62548828125
1174,1.6845703125,1.16162109375,1.109375,1.7099609375,1.529296875,0.90380859375,2.80224609375
1175,1.5634765625,1.5419921875,1.3251953125,2.13232421875,1.29833984375,1.13916015625,2.748046875
1176,1.8115234375,0.8359375,0.701171875,1.3310546875,1.3232421875,1.0693359375,3.04345703125
1177,1.84619140625,0.7158203125,0.7978515625,1.43701171875,0.984375,1.07861328125,2.97265625
1178,0.962890625,1.79150390625,0.9458007812500001,1.515625,0.984375,0.6679687500000001,2.8759765625
1179,1.28515625,1.05517578125,1.10888671875,1.5830078125,1.0693359375,0.6787109375000001,2.87646484375
1180,1.07568359375,1.2060546875,0.67626953125,1.73876953125,1.22314453125,1.34521484375,2.728515625
1181,1.60009765625,1.12451171875,0.6640625000000001,1.74462890625,1.25244140625,1.35009765625,2.47314453125
1182,0.82763671875,1.52880859375,0.947265625,1.31494140625,1.359375,1.00146484375,2.947265625
1183,0.9501953125,1.08984375,1.33447265625,1.46728515625,0.95458984375,0.9482421875,2.96923828125
1184,1.4931640625,0.9018554687500001,1.353515625,1.4033203125,1.12890625,0.9521484375,3.02880859375
1185,1.7568359375,0.818359375,1.57666015625,1.62255859375,0.97900390625,1.14697265625,2.89794921875
1186,1.78369140625,0.96142578125,1.65625,1.255859375,1.1708984375,1.37451171875,2.84033203125
1187,1.63037109375,1.044921875,1.57861328125,1.8916015625,1.24560546875,1.28125,2.86083984375
1188,1.20458984375,1.080078125,1.3134765625,1.11376953125,1.2138671875,1.33203125,2.70068359375
1189,1.42333984375,0.99169921875,1.32421875,1.12255859375,1.2236328125,1.6767578125,2.70361328125
1190,1.23974609375,1.17236328125,0.83056640625,1.40576171875,1.22509765625,1.177734375,2.9423828125
1191,1.322265625,0.9013671875,1.13037109375,1.6728515625,1.28076171875,0.8369140625,2.90966796875
1192,1.2841796875,1.150390625,0.98583984375,1.486328125,1.2822265625,0.9140625,3.177734375
1193,1.22998046875,0.83056640625,1.31884765625,1.4345703125,0.8022460937500001,0.85302734375,3.08154296875
1194,1.43701171875,1.41796875,0.80126953125,1.0986328125,1.04150390625,1.34716796875,3.0009765625
1195,1.40087890625,1.12353515625,1.23193359375,1.279296875,0.93994140625,1.373046875,2.86474609375
1196,1.2001953125,1.2021484375,1.15087890625,0.94775390625,1.11474609375,0.7490234375,2.8681640625
1197,1.5146484375,0.92822265625,1.33056640625,1.12060546875,0.95703125,1.1435546875,2.8203125
1198,1.251953125,1.2841796875,1.32666015625,1.6015625,1.54931640625,0.91650390625,2.736328125
1199,1.37646484375,0.96484375,1.13525390625,1.7744140625,1.287109375,1.1982421875,2.59765625
1200,1.66357421875,1.68115234375,1.48974609375,1.29736328125,0.767578125,0.64990234375,2.63818359375
1201,1.6044921875,1.19775390625,1.0517578125,1.25634765625,0.779296875,0.8837890625000001,2.6474609375
1202,1.59814453125,1.18017578125,1.0205078125,1.24072265625,1.275390625,1.2919921875,2.728515625
1203,1.73291015625,0.984375,1.171875,1.4501953125,1.52197265625,1.330078125,2.50537109375
1204,1.396484375,1.4765625,1.1484375,1.35595703125,1.4404296875,1.31201171875,2.55224609375
1205,1.41064453125,1.1796875,1.3701171875,1.87744140625,1.5595703125,1.068359375,2.44189453125
1206,1.49365234375,1.24365234375,0.70361328125,1.47607421875,1.87744140625,0.92041015625,2.8037109375
1207,1.53857421875,0.90185546875,0.873046875,1.6435546875,1.38916015625,1.173828125,2.96923828125
1208,1.90283203125,1.47998046875,1.1201171875,1.2109375,1.30078125,1.02490234375,2.80322265625
1209,1.7880859375,1.36474609375,1.1611328125,1.25830078125,1.20166015625,1.16552734375,2.904296875
1210,0.83203125,1.00732421875,1.22705078125,1.26611328125,1.30419921875,1.044921875,2.62548828125
1211,0.97998046875,0.9873046875,1.12890625,1.39306640625,1.48388671875,1.1328125,2.75341796875
1212,1.24462890625,1.63818359375,1.20849609375,1.4033203125,1.0185546875,1.1103515625,2.73291015625
1213,1.73681640625,1.13916015625,1.52880859375,1.8203125,0.84521484375,1.38623046875,2.5732421875
1214,1.337890625,1.30712890625,1.19287109375,1.3515625,1.166015625,1.0537109375,2.81640625
1215,1.12841796875,0.927734375,1.125,1.3134765625,1.2451171875,1.07666015625,2.7734375
1216,1.1103515625,1.36669921875,1.21728515625,1.244140625,1.46044921875,0.84912109375,2.763671875
1217,1.10400390625,0.9453125,1.576171875,1.20849609375,1.0703125,1.310546875,2.60791015625
1218,1.4853515625,1.3623046875,0.69921875,1.25146484375,1.20166015625,1.10888671875,2.779296875
1219,1.9140625,0.9599609375,0.89208984375,1.42333984375,1.15234375,0.92236328125,2.72607421875
1220,1.5068359375,1.3369140625,1.220703125,1.50341796875,1.17919921875,1.0048828125,2.951171875
1221,1.896484375,1.046875,1.58203125,1.78369140625,1.28271484375,1.29541015625,2.91943359375
1222,0.7993164062500001,1.6826171875,0.83544921875,1.37158203125,1.09765625,1.37548828125,2.84814453125
1223,0.9023437500000001,1.29833984375,0.88525390625,1.51318359375,1.1728515625,1.49560546875,2.720703125
1224,1.1201171875,1.43310546875,1.04345703125,1.04248046875,1.1640625,0.896484375,2.6787109375
1225,1.37939453125,1.017578125,1.11328125,1.109375,1.04638671875,1.03076171875,2.59912109375
1226,1.48291015625,1.54296875,0.9326171875,1.21044921875,1.00146484375,0.9287109375,2.69580078125
1227,2.09033203125,1.5400390625,1.037109375,1.625,1.240234375,1.09716796875,2.5927734375
1228,1.251953125,1.1474609375,0.97802734375,1.4970703125,1.32421875,1.55712890625,2.83349609375
1229,1.00732421875,0.81103515625,1.23486328125,1.49169921875,1.3125,1.2490234375,2.7275390625
1230,1.54150390625,1.1640625,0.81396484375,1.5634765625,0.97705078125,0.9008789062500001,3.2373046875
1231,1.5595703125,0.978515625,0.7719726562500001,1.49755859375,1.0576171875,1.17822265625,3.34912109375
1232,1.13427734375,1.38671875,0.896484375,1.74609375,0.96044921875,1.19580078125,2.33349609375
1233,1.1826171875,0.7646484375000001,1.033203125,1.7626953125,1.37353515625,1.46630859375,2.48876953125
1234,1.26416015625,1.06396484375,0.98046875,0.9638671875,0.77978515625,0.81298828125,2.48828125
1235,0.96337890625,0.78662109375,0.93798828125,1.103515625,0.72119140625,1.03759765625,2.40478515625
1236,1.7109375,1.69189453125,0.7973632812500001,1.2998046875,1.240234375,0.93359375,2.81396484375
1237,1.53271484375,1.48046875,1.1923828125,1.365234375,0.9228515625,0.95947265625,2.7587890625
1238,1.3134765625,1.60009765625,0.900390625,1.5244140625,1.5830078125,1.74267578125,3.00390625
1239,1.724609375,1.26806640625,1.01220703125,1.8759765625,1.6064453125,1.54833984375,2.955078125
1240,1.6865234375,1.158203125,0.962890625,1.30712890625,1.33447265625,0.88525390625,2.77587890625
1241,1.92626953125,1.12939453125,0.91162109375,1.23291015625,1.02001953125,0.97900390625,3.10888671875
1242,0.912109375,1.0615234375,0.7109375000000001,1.7744140625,1.3583984375,1.52001953125,2.82958984375
1243,1.349609375,1.314453125,0.76611328125,1.779296875,1.171875,1.3369140625,2.60205078125
1244,1.33154296875,1.6796875,1.279296875,1.43115234375,1.544921875,1.23095703125,2.59326171875
1245,1.57177734375,1.39111328125,1.45361328125,1.423828125,1.2568359375,1.23095703125,2.62890625
1246,0.99755859375,1.203125,1.18798828125,1.4560546875,0.8105468750000001,1.44091796875,2.3759765625
1247,1.15673828125,0.939453125,1.19775390625,1.287109375,0.80029296875,1.7275390625,2.478515625
1248,1.41357421875,1.21435546875,1.2578125,1.30126953125,0.86376953125,0.6943359375,2.98291015625
1249,1.63525390625,0.826171875,1.3271484375,1.13525390625,0.6806640625,1.0400390625,2.79833984375
1250,1.33935546875,0.9814453125,1.11669921875,1.0390625,0.947265625,0.71435546875,2.462890625
1251,1.384765625,0.7626953125,1.2412109375,1.08984375,1.1669921875,0.72265625,2.365234375
1252,1.0927734375,1.28759765625,1.31298828125,1.52880859375,0.98779296875,1.69287109375,2.91455078125
1253,1.36572265625,0.8544921875000001,1.1494140625,1.74609375,0.98095703125,1.50439453125,2.89892578125
1254,1.31640625,1.3330078125,0.90185546875,1.57568359375,1.35693359375,0.90380859375,3.11865234375
1255,1.15283203125,1.388671875,1.2802734375,1.59619140625,1.66650390625,1.3046875,3.1103515625
1256,1.11865234375,1.365234375,0.88720703125,1.4169921875,1.47900390625,1.20068359375,2.6181640625
1257,0.8994140625,1.220703125,0.9458007812500001,1.6240234375,1.369140625,1.453125,2.51953125
1258,1.4462890625,1.10595703125,1.185546875,1.19677734375,0.8325195312500001,1.0439453125,2.92529296875
1259,1.32080078125,0.8515625,1.23681640625,1.41845703125,0.9404296875,1.11279296875,2.71435546875
1260,1.52880859375,1.32275390625,1.17822265625,1.95849609375,1.130859375,1.2919921875,3.05029296875
1261,1.974609375,1.0947265625,1.17626953125,1.78955078125,1.05419921875,1.349609375,3.044921875
1262,1.26025390625,1.4736328125,1.111328125,1.27197265625,1.32470703125,0.76025390625,2.62255859375
1263,1.56201171875,1.337890625,1.14501953125,1.166015625,1.208984375,0.833984375,2.59912109375
1264,1.91357421875,1.56591796875,0.64404296875,1.36083984375,1.37744140625,1.51416015625,2.91064453125
1265,1.35498046875,1.39111328125,0.73779296875,1.35107421875,1.3046875,1.39892578125,2.78515625
1266,0.98779296875,1.6103515625,1.048828125,1.76708984375,1.25830078125,1.10205078125,2.98974609375
1267,1.2958984375,1.58935546875,0.9833984375,1.71875,0.99658203125,1.2265625,2.90576171875
1268,1.1357421875,1.83642578125,1.00341796875,1.38671875,0.6044921875,1.01513671875,2.703125
1269,1.1591796875,1.39501953125,1.029296875,1.33349609375,0.47998046875,1.4384765625,2.751953125
1270,0.87646484375,0.8544921875,1.4091796875,1.4140625,1.52294921875,1.251953125,3.10546875
1271,1.42431640625,1.00439453125,1.4267578125,1.416015625,1.14013671875,1.41162109375,2.94384765625
1272,1.40966796875,1.34521484375,0.90283203125,1.24853515625,1.0419921875,1.1748046875,2.75732421875
1273,1.2685546875,0.8535156250000001,1.0166015625,1.22998046875,0.8994140625,1.1982421875,2.66259765625
1274,1.15673828125,1.08740234375,1.087890625,1.63330078125,1.20849609375,1.12646484375,2.57373046875
1275,1.18359375,1.3271484375,1.24072265625,1.794921875,1.21337890625,1.39892578125,2.44091796875
1276,0.96240234375,1.1845703125,1.1845703125,1.55908203125,0.96484375,1.04638671875,2.705078125
1277,1.21923828125,0.95703125,1.24560546875,1.634765625,1.03564453125,1.17578125,2.724609375
1278,1.216796875,1.400390625,0.7016601562500001,1.26611328125,1.1025390625,0.97412109375,2.5927734375
1279,1.52783203125,1.11279296875,0.8203125,1.19287109375,1.33251953125,1.05322265625,2.54833984375
1280,0.95751953125,1.421875,1.05859375,1.111328125,1.31884765625,1.33203125,2.615234375
1281,1.525390625,0.876953125,1.2236328125,1.244140625,1.357421875,1.291015625,2.7373046875
1282,1.28955078125,1.3857421875,1.1201171875,1.25927734375,1.34228515625,1.0966796875,2.80419921875
1283,1.89453125,1.16552734375,1.29052734375,1.2626953125,1.0966796875,1.00244140625,2.76416015625
1284,0.9252929687500001,1.3427734375,1.24658203125,1.380859375,1.09375,1.0791015625,2.72265625
1285,1.2314453125,1.15771484375,1.302734375,1.46435546875,0.9794921875,1.17236328125,2.685546875
1286,1.2763671875,1.71337890625,1.16455078125,1.7001953125,1.291015625,1.3349609375,2.82177734375
1287,1.39013671875,1.22607421875,1.28369140625,1.48583984375,1.1513671875,1.08203125,2.849609375
1288,1.43896484375,1.2724609375,0.77099609375,1.73779296875,1.107421875,1.18212890625,3.18408203125
1289,1.1953125,1.04833984375,0.8759765625,1.82373046875,0.88671875,1.1923828125,3.1005859375
1290,1.30615234375,1.6103515625,1.05810546875,1.17919921875,1.41796875,0.966796875,2.98583984375
1291,1.2841796875,1.04931640625,1.03369140625,1.31103515625,1.09716796875,1.259765625,3.00390625
1292,1.5751953125,1.39013671875,1.421875,1.4736328125,0.662109375,0.673828125,3.08935546875
1293,1.8369140625,1.40380859375,1.5283203125,1.82666015625,0.55517578125,0.83349609375,3.0439453125
1294,1.56298828125,1.4951171875,1.05615234375,1.63916015625,1.22705078125,1.26708984375,3.00830078125
1295,1.56591796875,1.22265625,1.33544921875,1.56689453125,1.146484375,1.1904296875,2.9501953125
1296,1.33642578125,1.24560546875,0.96533203125,1.390625,0.98681640625,1.080078125,3.21142578125
1297,2.00146484375,1.06103515625,1.27392578125,1.33154296875,1.09228515625,1.265625,3.25439453125
1298,1.31982421875,0.9794921875,1.26220703125,1.828125,0.986328125,0.93359375,2.64111328125
1299,1.68408203125,1.08056640625,1.3828125,1.7587890625,0.962890625,1.0654296875,2.5302734375
1300,1.236328125,1.06591796875,1.509765625,1.60107421875,1.19091796875,0.6616210937500001,2.90869140625
1301,1.5,1.07470703125,1.775390625,1.7197265625,1.12255859375,0.9892578125,3.08251953125
1302,1.3291015625,0.974609375,1.48388671875,1.41650390625,1.28271484375,0.5517578125000001,2.50439453125
1303,1.66845703125,0.8349609375,1.55224609375,1.33740234375,1.033203125,0.9755859375,2.4853515625
1304,1.65673828125,1.1416015625,1.23193359375,1.533203125,1.05712890625,1.041015625,2.4033203125
1305,1.32421875,1.18798828125,1.0966796875,1.46728515625,0.8339843750000001,1.0068359375,2.2919921875
1306,1.2900390625,1.30517578125,1.2041015625,1.47509765625,1.27734375,0.66796875,2.89111328125
1307,1.33349609375,0.9301757812500001,1.1474609375,1.51904296875,0.90576171875,1.1923828125,2.826171875
1308,1.046875,1.216796875,0.77099609375,1.37451171875,0.91796875,1.08349609375,2.828125
1309,1.365234375,1.1201171875,0.84375,1.49755859375,0.60546875,1.2822265625,2.76806640625
1310,1.3759765625,1.53173828125,0.8701171875000001,1.0927734375,1.3271484375,1.16796875,2.4052734375
1311,2.02099609375,1.5625,1.0810546875,1.134765625,1.31005859375,0.9931640625,2.205078125
1312,1.5166015625,1.337890625,1.53466796875,1.5400390625,1.23974609375,0.7724609375,2.80859375
1313,1.56201171875,1.12548828125,1.2265625,1.416015625,1.21435546875,1.08203125,2.8125
1314,1.39404296875,1.01708984375,1.0732421875,1.76806640625,1.0439453125,1.21728515625,2.77197265625
1315,1.05224609375,0.916015625,1.34375,1.9736328125,1.248046875,1.44140625,2.697265625
1316,1.20068359375,1.36376953125,0.544921875,1.771484375,0.7626953125,1.12158203125,2.88525390625
1317,1.68359375,1.2734375,0.6923828125,1.77001953125,0.52880859375,1.24951171875,2.8857421875
1318,1.35107421875,1.33203125,1.2890625,0.8916015625,0.87255859375,0.86376953125,3.16748046875
1319,1.51171875,1.2099609375,1.01513671875,1.15869140625,1.17333984375,1.197265625,2.947265625
1320,1.767578125,1.2919921875,0.57275390625,1.0185546875,1.2763671875,0.779296875,2.81640625
1321,1.47265625,1.20068359375,0.86767578125,1.05126953125,1.33837890625,0.80322265625,2.64404296875
1322,1.2861328125,1.3408203125,1.32861328125,1.564453125,1.06396484375,0.81103515625,3.0146484375
1323,1.60595703125,1.22265625,1.31005859375,1.59130859375,0.9375,0.96142578125,3.1865234375
1324,1.64208984375,0.779296875,0.9833984375,1.53125,1.154296875,0.916015625,2.69580078125
1325,1.3671875,0.64697265625,1.21435546875,1.56787109375,1.04638671875,1.0537109375,2.6533203125
1326,1.412109375,1.32568359375,1.1494140625,1.86279296875,1.421875,0.75,2.8037109375
1327,1.5087890625,0.9814453125,1.13818359375,1.84326171875,1.2529296875,1.14404296875,2.8408203125
1328,1.2548828125,1.2666015625,1.15966796875,1.3662109375,1.33642578125,0.8330078125,2.888671875
1329,1.349609375,1.2255859375,1.1376953125,1.3837890625,1.1181640625,0.99169921875,2.8408203125
1330,0.83056640625,1.29296875,0.8203125000000001,1.1953125,1.16650390625,1.2255859375,2.72412109375
1331,0.83154296875,1.60791015625,0.88232421875,1.33056640625,1.056640625,1.4541015625,2.7470703125
1332,1.45068359375,1.59814453125,0.810546875,1.64892578125,1.2080078125,1.20556640625,2.79150390625
1333,1.82080078125,1.283203125,1.0341796875,1.74951171875,1.3271484375,1.3837890625,2.73876953125
1334,1.32470703125,1.55322265625,1.11767578125,1.60595703125,0.6865234375,0.97021484375,3.16845703125
1335,1.52783203125,1.45947265625,1.1240234375,1.7236328125,0.75244140625,1.126953125,2.859375
1336,1.0625,1.1943359375,1.26318359375,1.3955078125,0.85498046875,0.98193359375,2.51806640625
1337,1.38232421875,1.1357421875,1.13134765625,1.47021484375,0.78076171875,1.396484375,2.3740234375
1338,0.947265625,1.18994140625,0.86181640625,1.41796875,1.03564453125,0.94140625,2.921875
1339,1.068359375,0.9887695312500001,1.06494140625,1.40576171875,0.86083984375,1.1591796875,2.71826171875
1340,1.42724609375,1.2001953125,0.9521484375,1.5458984375,0.6650390625,0.77880859375,2.4501953125
1341,1.51611328125,1.14404296875,0.90966796875,1.5712890625,0.6416015625,1.00439453125,2.49365234375
1342,1.46728515625,1.5244140625,0.9794921875,1.671875,1.0546875,0.69580078125,2.775390625
1343,1.2958984375,1.6689453125,1.08740234375,1.66943359375,0.88623046875,0.83544921875,2.8232421875
1344,0.89404296875,1.11669921875,1.07470703125,1.36181640625,1.1767578125,1.02099609375,2.65673828125
1345,1.05126953125,0.93408203125,1.1865234375,1.23828125,1.16748046875,1.18603515625,2.56396484375
1346,1.7080078125,1.091796875,0.9384765625,1.3046875,0.9619140625,1.19580078125,2.67724609375
1347,1.83154296875,0.78369140625,0.892578125,1.31640625,0.70703125,1.33251953125,2.3603515625
1348,1.73583984375,1.369140625,1.26953125,1.66845703125,0.79345703125,0.79541015625,2.97607421875
1349,1.30419921875,1.13818359375,1.44287109375,1.82080078125,0.6201171875,0.8041992187500001,2.83837890625
1350,1.18896484375,1.51513671875,0.4794921875,1.380859375,1.47021484375,1.001953125,2.87939453125
1351,1.37841796875,1.443359375,0.71337890625,1.5390625,1.42431640625,1.07177734375,2.9345703125
1352,1.41015625,1.43115234375,0.6538085937500001,1.1796875,0.7294921875000001,0.8466796875000001,3.02099609375
1353,1.27587890625,1.20166015625,0.82080078125,1.28173828125,0.81689453125,1.15478515625,2.84326171875
1354,1.24462890625,1.40380859375,0.857421875,1.32470703125,1.08154296875,1.03759765625,2.67431640625
1355,1.283203125,1.20458984375,0.8740234375,1.23779296875,1.0712890625,1.13525390625,2.7041015625
1356,1.1142578125,0.9404296875,0.76416015625,1.080078125,1.12744140625,0.87548828125,2.337890625
1357,1.03564453125,0.9892578125,0.9819335937500001,1.36376953125,0.7333984375000001,1.04833984375,2.21630859375
1358,1.32177734375,1.5224609375,1.287109375,1.23193359375,0.94384765625,1.1552734375,3.01611328125
1359,1.4990234375,1.23974609375,1.35107421875,1.34521484375,1.1171875,1.66357421875,3.05810546875
1360,0.8271484375,1.0888671875,0.84130859375,1.47509765625,1.25732421875,0.7939453125,2.6357421875
1361,0.943359375,1.06591796875,1.05615234375,1.603515625,0.9609375,1.11669921875,2.62353515625
1362,1.19970703125,1.78125,0.9482421875,1.2509765625,1.25048828125,1.1044921875,2.4755859375
1363,1.08544921875,1.66552734375,1.08349609375,1.40283203125,1.07568359375,1.27392578125,2.51416015625
1364,1.02978515625,1.1474609375,1.1298828125,1.24169921875,1.02880859375,1.0029296875,2.5263671875
1365,0.9873046875,0.8876953125,1.1064453125,1.32568359375,0.92919921875,1.25244140625,2.4853515625
1366,0.82861328125,1.14697265625,1.27099609375,1.74267578125,1.07080078125,0.92529296875,2.8212890625
1367,0.94873046875,1.166015625,1.1640625,1.68310546875,1.06396484375,1.2294921875,2.73193359375
1368,1.23095703125,1.2763671875,0.734375,1.57080078125,1.25244140625,1.16650390625,2.943359375
1369,1.42431640625,1.05078125,0.7807617187500001,1.48291015625,1.1015625,1.1591796875,2.98828125
1370,1.4365234375,1.29052734375,1.22802734375,1.625,1.08740234375,1.18310546875,2.42431640625
1371,1.345703125,0.9931640625,1.1328125,1.70947265625,0.76953125,1.48193359375,2.3798828125
1372,0.96875,1.64111328125,1.30078125,1.25927734375,1.18798828125,0.9462890625,2.77734375
1373,1.01513671875,1.39404296875,1.2587890625,1.44677734375,1.02001953125,0.958984375,2.8232421875
1374,1.48681640625,1.2822265625,1.2705078125,0.99853515625,1.4169921875,1.2431640625,2.75830078125
1375,1.80615234375,1.10400390625,1.421875,1.07421875,1.33544921875,1.4443359375,2.85400390625
1376,1.19482421875,1.2392578125,1.1494140625,1.67529296875,1.10546875,1.1044921875,2.3974609375
1377,0.92626953125,0.91943359375,1.19921875,1.763671875,1.111328125,1.341796875,2.4423828125
1378,0.9697265625,1.43115234375,0.9287109375,1.41552734375,1.2412109375,1.11083984375,2.78759765625
1379,1.39013671875,1.2802734375,0.998046875,1.439453125,0.97802734375,1.1962890625,2.53857421875
1380,1.5087890625,1.31591796875,0.8759765625,1.46337890625,1.21484375,1.1044921875,2.64453125
1381,1.49609375,1.11279296875,1.02197265625,1.703125,1.04248046875,1.1025390625,2.59765625
1382,0.8520507812500001,1.001953125,1.376953125,1.1279296875,0.845703125,1.13916015625,2.75244140625
1383,1.14404296875,1.1123046875,1.5166015625,1.29248046875,0.6801757812500001,1.76171875,2.66796875
1384,1.1064453125,1.03369140625,1.03173828125,0.9208984375,1.20263671875,0.96435546875,2.92626953125
1385,1.125,0.9580078125,1.37548828125,1.1083984375,0.95849609375,1.0439453125,2.689453125
1386,1.49365234375,1.3818359375,0.7880859375000001,1.1845703125,1.09033203125,0.6083984375000001,2.9404296875
1387,1.47607421875,1.33642578125,1.02294921875,1.205078125,1.17626953125,1.20654296875,2.82421875
1388,0.958984375,1.03271484375,0.544921875,1.54150390625,1.11376953125,0.66943359375,2.802734375
1389,1.0869140625,0.7734375,0.8330078125,1.71484375,1.26416015625,0.9140625,2.7978515625
1390,1.3505859375,1.146484375,1.2734375,1.19580078125,1.44482421875,0.91357421875,2.7177734375
1391,1.236328125,1.07373046875,1.3544921875,1.39306640625,1.28369140625,1.11572265625,2.62890625
1392,1.5869140625,1.73388671875,1.0830078125,1.419921875,1.43701171875,1.3427734375,2.41259765625
1393,1.4501953125,1.1611328125,1.3251953125,1.5673828125,1.26123046875,1.3466796875,2.3193359375
1394,0.95166015625,1.2080078125,1.048828125,1.4765625,0.9033203125,1.23974609375,2.705078125
1395,1.02294921875,1.26220703125,1.17333984375,1.38134765625,0.8398437500000001,1.609375,2.59033203125
1396,1.30712890625,1.62060546875,0.82177734375,1.220703125,1.2880859375,0.91748046875,2.810546875
1397,1.2841796875,1.03173828125,0.88916015625,1.35009765625,0.9619140625,0.9565429687500001,2.89111328125
1398,1.29296875,1.44775390625,1.154296875,1.19091796875,0.9091796875,0.6044921875000002,2.7373046875
1399,1.5498046875,1.03515625,0.9794921875,1.32275390625,0.60888671875,0.75634765625,2.82080078125
1400,0.91064453125,1.33349609375,1.56298828125,1.25048828125,0.828125,1.130859375,2.91943359375
1401,1.18994140625,1.07177734375,1.49267578125,1.27587890625,0.67578125,1.2880859375,2.76513671875
1402,1.06689453125,1.20166015625,1.0400390625,1.2412109375,1.25244140625,1.099609375,3.02099609375
1403,1.38818359375,1.119140625,1.0322265625,1.2822265625,0.87060546875,1.06787109375,2.87548828125
1404,0.69873046875,1.51171875,1.361328125,1.50732421875,0.94384765625,0.85693359375,3.16845703125
1405,0.82958984375,1.13134765625,1.08642578125,1.7021484375,1.07568359375,1.3408203125,3.2646484375
1406,0.76123046875,0.9931640625,1.38134765625,1.45947265625,1.22119140625,1.2421875,3.23583984375
1407,0.900390625,1.05322265625,1.4462890625,1.62548828125,1.15185546875,1.14306640625,3.1806640625
1408,1.6240234375,1.44775390625,0.98681640625,1.20458984375,0.92919921875,1.30419921875,2.95947265625
1409,1.62060546875,0.82958984375,1.23876953125,1.29150390625,0.94580078125,1.26318359375,2.669921875
1410,1.16455078125,1.12158203125,1.15283203125,1.775390625,0.8984375,0.88623046875,2.75
1411,1.5732421875,1.24853515625,1.08837890625,1.8544921875,0.8037109375000001,1.0283203125,2.66943359375
1412,1.04638671875,1.16015625,0.9873046875,1.60986328125,1.255859375,0.837890625,2.6875
1413,0.85009765625,1.00146484375,0.87939453125,1.74951171875,0.9541015625,0.8066406250000001,2.71533203125
1414,1.1826171875,1.58447265625,0.5947265625,1.6015625,1.064453125,1.47705078125,2.8349609375
1415,1.376953125,1.46875,0.8759765625,1.64697265625,0.97314453125,1.37744140625,2.90576171875
1416,1.1416015625,1.58544921875,0.66845703125,1.34033203125,1.3193359375,1.32666015625,2.7900390625
1417,1.70849609375,1.1435546875,0.677734375,1.54150390625,0.96142578125,1.3671875,2.837890625
1418,1.20458984375,1.0859375,1.1416015625,1.53125,0.982421875,0.85205078125,2.8876953125
1419,1.50341796875,0.8193359375,1.13232421875,1.56640625,1.10009765625,1.1728515625,2.7734375
1420,1.0732421875,0.9609375,1.10107421875,1.66650390625,0.91064453125,0.724609375,2.8828125
1421,1.53125,1.240234375,1.318359375,1.77490234375,0.6425781250000001,0.87939453125,2.93701171875
1422,1.1318359375,1.17578125,1.20458984375,1.35888671875,1.29541015625,0.97265625,2.82177734375
1423,1.509765625,1.29248046875,1.2353515625,1.52685546875,1.388671875,1.0263671875,2.59423828125
1424,1.2509765625,1.29833984375,1.3115234375,1.23486328125,0.9726562500000001,1.10888671875,2.48486328125
1425,1.3232421875,0.89599609375,1.1904296875,1.19580078125,1.041015625,1.0400390625,2.31689453125
1426,1.10791015625,0.765625,0.84521484375,1.65869140625,0.9052734375,0.7797851562500002,2.60400390625
1427,1.05224609375,0.6162109375,0.783203125,1.65869140625,0.98095703125,1.0400390625,2.49267578125
1428,1.1630859375,1.05908203125,1.1630859375,1.484375,1.32958984375,1.54833984375,2.8125
1429,1.443359375,0.7812500000000001,1.16064453125,1.6904296875,0.9189453125,1.375,2.77197265625
1430,1.3623046875,1.44140625,0.7861328125,1.5673828125,1.35693359375,0.79296875,2.47802734375
1431,1.52783203125,1.3037109375,0.97900390625,1.705078125,1.25439453125,1.12060546875,2.55810546875
1432,1.26513671875,1.126953125,0.96728515625,1.56396484375,1.05810546875,1.38720703125,2.82275390625
1433,1.5458984375,0.931640625,0.87158203125,1.5029296875,0.9296875,1.23095703125,2.73486328125
1434,1.37451171875,1.119140625,0.8984375,1.84716796875,1.05859375,1.068359375,2.83251953125
1435,1.63134765625,1.11474609375,1.05908203125,1.7529296875,0.7500000000000001,1.21826171875,3.0048828125
1436,1.29443359375,1.07958984375,0.60205078125,1.49609375,1.12158203125,0.9824218750000001,2.78662109375
1437,1.15771484375,1.00927734375,0.69189453125,1.66650390625,0.9150390625,1.4921875,2.63134765625
1438,1.2587890625,1.1328125,0.61181640625,1.671875,1.072265625,1.302734375,2.58251953125
1439,1.416015625,0.9765625,0.72412109375,1.736328125,0.87841796875,1.3671875,2.69775390625
1440,1.1611328125,1.4072265625,0.8066406250000001,1.8310546875,1.26708984375,1.09912109375,2.8115234375
1441,1.7265625,1.17578125,0.90185546875,1.9453125,1.1806640625,1.53173828125,2.63720703125
1442,0.98876953125,1.71435546875,1.2255859375,1.09423828125,0.939453125,1.1396484375,2.80126953125
1443,1.24853515625,1.36328125,1.02294921875,1.296875,1.05224609375,1.38720703125,2.7333984375
1444,1.126953125,1.1337890625,0.72607421875,1.4326171875,1.09716796875,0.6748046875,2.79150390625
1445,1.32421875,0.9150390625,0.90283203125,1.49462890625,0.99853515625,1.1689453125,2.74853515625
1446,1.22412109375,1.2998046875,1.1728515625,1.5478515625,1.48193359375,1.0283203125,3.2255859375
1447,0.97119140625,0.94970703125,1.26708984375,1.45166015625,1.228515625,1.1005859375,3.17822265625
1448,1.02490234375,1.4052734375,0.8168945312500001,1.95263671875,1.1044921875,0.81494140625,2.6943359375
1449,1.09130859375,1.05810546875,1.0546875,1.7470703125,1.2607421875,0.9658203125,2.59765625
1450,1.10888671875,1.52587890625,0.88818359375,1.265625,1.3798828125,0.92333984375,2.70654296875
1451,1.32080078125,1.080078125,1.001953125,1.32373046875,1.24853515625,0.98193359375,2.892578125
1452,1.22314453125,1.26171875,1.05126953125,1.72216796875,1.75927734375,1.19775390625,2.654296875
1453,1.25927734375,1.162109375,1.04248046875,1.82421875,1.44482421875,1.12548828125,2.6083984375
1454,1.1484375,1.03369140625,1.34375,1.5,1.27099609375,1.01708984375,2.92822265625
1455,1.39990234375,1.087890625,1.39111328125,1.74365234375,1.15185546875,1.0869140625,3.09716796875
1456,0.896484375,1.6552734375,1.1103515625,1.41162109375,1.080078125,0.6904296875,2.53173828125
1457,0.9892578125,1.1796875,1.32373046875,1.59423828125,0.7724609375,0.7563476562500002,2.48974609375
1458,0.95849609375,1.41015625,0.89306640625,1.39306640625,1.00341796875,1.025390625,2.85986328125
1459,0.8852539062500001,1.1689453125,0.9648437500000001,1.67041015625,1.33154296875,1.00048828125,2.75390625
1460,1.16748046875,1.58251953125,1.080078125,1.39990234375,1.13623046875,1.029296875,2.82177734375
1461,1.48681640625,1.07275390625,1.1572265625,1.4208984375,1.0595703125,0.89599609375,2.48046875
1462,1.51708984375,1.4921875,0.955078125,1.328125,1.078125,1.048828125,2.69775390625
1463,1.2197265625,1.3837890625,1.15966796875,1.46484375,0.8188476562500001,1.13916015625,2.76904296875
1464,0.99560546875,1.4130859375,0.64404296875,1.455078125,0.908203125,1.16162109375,3.06787109375
1465,1.19970703125,1.13818359375,0.7109375,1.79443359375,0.83203125,1.09033203125,3.16943359375
1466,1.1494140625,0.8818359375000001,1.13232421875,1.58984375,0.810546875,1.224609375,3.23583984375
1467,1.7119140625,0.75634765625,1.26220703125,1.5517578125,0.84033203125,1.3701171875,3.02099609375
1468,1.11474609375,1.09619140625,1.103515625,1.5224609375,0.77978515625,1.26513671875,2.5361328125
1469,1.62451171875,0.9619140625,1.16796875,1.5302734375,0.77783203125,1.23828125,2.49755859375
1470,1.04833984375,1.451171875,0.9033203125,1.76123046875,1.27783203125,0.8647460937500001,2.34814453125
1471,1.0234375,1.431640625,0.9013671875,1.64404296875,0.99462890625,0.96923828125,2.298828125
1472,1.54248046875,1.177734375,0.892578125,1.1865234375,1.18310546875,0.7763671875,3.158203125
1473,1.8330078125,1.1357421875,0.9814453125,1.4296875,1.1533203125,1.162109375,2.85791015625
1474,1.359375,1.1083984375,1.12841796875,1.7021484375,1.12353515625,1.13330078125,2.646484375
1475,1.71533203125,0.91748046875,1.11181640625,1.70068359375,1.33349609375,1.35888671875,2.54833984375
1476,1.40625,1.06494140625,1.15087890625,1.75439453125,0.98779296875,0.779296875,3.09765625
1477,1.431640625,0.6157226562500001,1.38623046875,1.91259765625,0.98681640625,0.67041015625,3.0869140625
1478,1.763671875,1.08984375,0.73876953125,1.41357421875,1.26806640625,1.15087890625,2.947265625
1479,1.0966796875,0.8916015625,1.021484375,1.548828125,1.1875,1.12744140625,3.15673828125
1480,0.8681640625,1.46875,0.66552734375,1.43310546875,1.15771484375,1.1728515625,2.4501953125
1481,1.236328125,1.1044921875,0.7534179687500001,1.3251953125,1.1181640625,1.2978515625,2.220703125
1482,0.8857421875000001,1.4296875,1.0576171875,1.23876953125,0.9140625,1.35205078125,2.5703125
1483,1.37646484375,1.42578125,1.11328125,1.43212890625,1.01171875,1.265625,2.40966796875
1484,1.12548828125,1.37451171875,0.7861328125,1.48828125,1.39599609375,0.74755859375,2.52294921875
1485,1.505859375,1.05322265625,0.86474609375,1.66455078125,1.0263671875,0.84765625,2.42919921875
1486,1.31591796875,1.09521484375,1.13525390625,1.26953125,1.07177734375,1.0888671875,2.4404296875
1487,1.77001953125,1.1552734375,1.17041015625,1.5107421875,0.9130859375000001,1.2861328125,2.2802734375
1488,0.96728515625,0.9990234375,0.49072265625,1.08740234375,1.14794921875,0.951171875,2.8203125
1489,1.46826171875,0.68017578125,0.49560546875,1.0478515625,0.79248046875,1.06201171875,2.78125
1490,1.50048828125,1.33349609375,0.69384765625,1.373046875,1.2314453125,1.091796875,2.68896484375
1491,2.12060546875,1.30615234375,0.88330078125,1.60791015625,0.7348632812500001,1.0869140625,2.583984375
1492,1.3955078125,0.99169921875,1.07275390625,1.43359375,0.93212890625,1.04541015625,2.533203125
1493,1.0078125,0.92578125,1.07763671875,1.36767578125,0.87451171875,1.1318359375,2.55419921875
1494,1.18896484375,1.16357421875,1.03857421875,1.61767578125,1.22119140625,1.01416015625,3.166015625
1495,1.009765625,1.07958984375,1.19482421875,1.58544921875,1.10107421875,1.26904296875,2.8291015625
1496,1.2265625,0.99658203125,1.291015625,1.267578125,1.10888671875,0.90625,2.7158203125
1497,1.42333984375,0.6489257812500001,1.0947265625,1.44091796875,0.9658203125,1.19873046875,2.5205078125
1498,1.35498046875,1.255859375,1.31591796875,1.5322265625,0.9345703125,0.92822265625,2.7109375
1499,1.404296875,1.0791015625,1.05126953125,1.49755859375,0.8588867187500001,1.12646484375,2.62841796875
1500,1.1875,0.861328125,0.93310546875,1.33642578125,1.07177734375,0.951171875,3.15283203125
1501,1.37353515625,0.72021484375,1.17529296875,1.3681640625,0.81103515625,1.09814453125,2.96826171875
1502,1.51025390625,1.3408203125,0.923828125,1.3818359375,1.0078125,0.89501953125,2.57568359375
1503,1.26220703125,1.205078125,1.06396484375,1.54345703125,0.84716796875,0.91650390625,2.5869140625
1504,1.08203125,1.3330078125,1.15478515625,1.6611328125,0.8623046875,1.23486328125,2.953125
1505,1.32861328125,1.09814453125,1.1806640625,1.578125,0.798828125,1.5341796875,2.7802734375
1506,1.25390625,1.17822265625,1.162109375,1.3955078125,0.94580078125,1.05322265625,2.615234375
1507,1.33544921875,0.888671875,1.158203125,1.3916015625,0.8408203125,1.09912109375,2.4296875
1508,1.2578125,1.1630859375,0.80126953125,1.50390625,1.36865234375,0.6474609375,2.80224609375
1509,2.04833984375,0.89208984375,0.78955078125,1.57080078125,1.0009765625,0.8828125,2.783203125
1510,1.33251953125,1.59619140625,1.42333984375,1.30615234375,1.00634765625,1.54638671875,3.033203125
1511,1.1630859375,1.39013671875,1.34765625,1.2158203125,0.70751953125,1.5478515625,2.99072265625
1512,0.890625,1.263671875,1.1181640625,1.36962890625,0.5830078125,0.91845703125,3.103515625
1513,1.306640625,0.9892578125,1.00830078125,1.48828125,0.49951171875,1.03955078125,2.9736328125
1514,1.25927734375,1.13134765625,1.255859375,1.10205078125,1.1171875,0.89013671875,2.7314453125
1515,1.53955078125,0.880859375,1.19921875,1.3994140625,1.2890625,1.2265625,2.67236328125
1516,1.34765625,1.22314453125,0.9912109375,1.25634765625,1.517578125,0.87109375,2.76513671875
1517,1.3291015625,1.13330078125,0.89794921875,1.26708984375,1.1025390625,1.306640625,2.607421875
1518,1.2548828125,1.10107421875,1.28125,1.3828125,0.8071289062500001,1.294921875,2.4873046875
1519,1.6171875,0.77783203125,1.3046875,1.353515625,0.7724609375000001,1.50634765625,2.41259765625
1520,1.0927734375,1.05810546875,1.00439453125,1.48095703125,1.03955078125,0.6591796875,2.79833984375
1521,1.47216796875,0.95849609375,1.359375,1.65771484375,0.8427734375,0.65966796875,2.6630859375
1522,1.21533203125,1.2919921875,0.8896484375,1.521484375,1.25732421875,0.97705078125,2.86328125
1523,1.07958984375,0.9125976562500001,1.060546875,1.564453125,1.02490234375,0.8872070312500001,2.826171875
1524,1.34130859375,0.97412109375,0.9453125,1.78369140625,1.27880859375,1.1103515625,2.73291015625
1525,1.38134765625,0.6582031250000001,1.2294921875,1.5146484375,1.1513671875,1.169921875,2.90087890625
1526,1.16943359375,1.06787109375,0.796875,1.400390625,0.71533203125,0.73046875,2.9189453125
1527,1.20703125,1.0322265625,1.26416015625,1.330078125,0.6562500000000001,0.96875,2.81787109375
1528,0.998046875,0.98486328125,0.72998046875,1.5908203125,1.021484375,1.3916015625,2.8076171875
1529,0.98291015625,0.8369140625,1.08544921875,1.81591796875,1.3056640625,1.20166015625,2.6865234375
1530,1.19873046875,1.2060546875,0.92822265625,1.3759765625,1.22607421875,0.7968750000000001,3.064453125
1531,1.48828125,1.07275390625,0.857421875,1.4853515625,1.4150390625,1.00830078125,2.86376953125
1532,0.94970703125,1.09765625,1.189453125,1.35693359375,0.9697265625,1.0615234375,2.8203125
1533,1.12890625,1.12744140625,1.55322265625,1.451171875,0.73486328125,1.455078125,2.900390625
1534,1.4912109375,1.49072265625,1.2099609375,1.634765625,1.13916015625,1.1826171875,2.9658203125
1535,1.45947265625,1.44140625,1.32568359375,1.74658203125,1.05517578125,1.25048828125,2.9580078125
1536,0.875,1.45068359375,1.310546875,1.37158203125,0.7763671875,1.10205078125,2.90185546875
1537,1.013671875,1.29541015625,1.2255859375,1.59423828125,0.65087890625,1.24267578125,3.08642578125
1538,1.58740234375,1.59326171875,1.18798828125,1.2265625,1.10400390625,0.7666015625,2.5400390625
1539,1.3642578125,1.71435546875,1.0751953125,1.2119140625,0.99609375,0.802734375,2.51708984375
1540,0.89794921875,1.63330078125,1.11572265625,1.62890625,1.06982421875,1.09814453125,3.01416015625
1541,1.06982421875,1.07373046875,1.10498046875,1.8193359375,0.80419921875,1.255859375,2.78662109375
1542,1.3232421875,1.1044921875,1.0380859375,1.7021484375,0.814453125,1.021484375,2.92822265625
1543,1.74658203125,0.935546875,1.31884765625,1.50927734375,0.74853515625,1.00537109375,2.90283203125
1544,0.958984375,1.408203125,1.28564453125,1.2529296875,1.27001953125,0.5888671875,2.98388671875
1545,1.5,1.08251953125,1.06787109375,1.35546875,1.0341796875,0.81640625,2.787109375
1546,1.2685546875,1.17138671875,0.82080078125,1.53076171875,1.08203125,0.7978515625,2.86376953125
1547,1.509765625,0.984375,0.84326171875,1.720703125,1.09814453125,1.01171875,2.91845703125
1548,1.53955078125,1.017578125,1.0068359375,1.658203125,0.8081054687500001,1.49462890625,2.44091796875
1549,1.48046875,0.94873046875,1.0576171875,1.77294921875,0.97802734375,1.462890625,2.58447265625
1550,1.13525390625,1.5029296875,1.03515625,1.392578125,1.404296875,0.720703125,2.35986328125
1551,1.24462890625,1.03564453125,1.2763671875,1.43798828125,1.1513671875,1.09375,2.474609375
1552,1.05908203125,0.8798828125,0.91748046875,1.5791015625,1.04150390625,0.87255859375,2.4228515625
1553,1.2080078125,0.76171875,0.9599609375,1.47412109375,0.73828125,0.96875,2.47314453125
1554,1.111328125,1.46533203125,0.8735351562500001,1.45703125,1.53173828125,0.92919921875,2.68408203125
1555,1.376953125,1.33984375,0.95703125,1.4384765625,1.20068359375,1.1826171875,2.71142578125
1556,1.48486328125,1.2421875,1.20556640625,1.30322265625,1.52880859375,0.64453125,3.119140625
1557,1.4765625,1.10302734375,1.2216796875,1.2939453125,1.1103515625,0.90234375,2.95947265625
1558,1.20703125,1.1708984375,0.7392578125000001,1.19189453125,1.1064453125,1.11083984375,2.86328125
1559,1.56640625,0.93408203125,0.7373046875,1.43994140625,0.7641601562500001,1.25634765625,2.6845703125
1560,0.8701171875,1.70703125,0.8408203125,1.31298828125,0.96630859375,0.8291015625,2.736328125
1561,1.23388671875,1.32275390625,1.08203125,1.55810546875,1.03271484375,1.1884765625,2.66796875
1562,1.296875,0.91357421875,0.93115234375,1.2607421875,1.466796875,0.80859375,2.75341796875
1563,1.75634765625,0.72705078125,1.1298828125,1.26953125,1.06982421875,1.052734375,2.53271484375
1564,1.39013671875,1.59716796875,1.0673828125,1.4453125,1.25048828125,1.46337890625,3.03369140625
1565,1.5810546875,1.37548828125,1.2412109375,1.5556640625,1.24658203125,1.4375,2.88623046875
1566,1.0322265625,1.462890625,0.8828125,1.3603515625,1.3427734375,1.07861328125,2.42626953125
1567,1.25390625,1.18994140625,1.33642578125,1.43896484375,0.7563476562500001,1.30859375,2.375
1568,1.0244140625,1.08154296875,1.14208984375,1.6279296875,1.16748046875,0.69677734375,2.81005859375
1569,1.5986328125,0.99853515625,1.181640625,1.64794921875,1.10986328125,1.1533203125,2.53662109375
1570,1.04541015625,1.50439453125,1.166015625,1.54248046875,0.64013671875,1.25244140625,2.49072265625
1571,1.1953125,1.09619140625,1.322265625,1.58984375,0.552734375,1.13232421875,2.564453125
1572,0.7993164062500001,1.10107421875,1.0712890625,1.49609375,1.22265625,1.32421875,2.875
1573,1.08349609375,1.0625,1.13818359375,1.662109375,0.9951171875,1.37939453125,2.943359375
1574,1.0478515625,0.8779296875,1.0703125,1.224609375,1.1591796875,0.8027343750000001,2.88623046875
1575,1.15625,0.87890625,1.115234375,1.06689453125,1.103515625,1.0458984375,2.86181640625
1576,0.94580078125,1.087890625,0.80029296875,1.31787109375,1.0234375,0.86962890625,2.669921875
1577,1.38916015625,0.78466796875,0.8530273437500001,1.38671875,1.0234375,1.11328125,2.5068359375
1578,1.1767578125,1.1728515625,1.0380859375,1.3095703125,1.26318359375,0.9541015625,3.07421875
1579,1.365234375,0.87841796875,1.4345703125,1.458984375,0.984375,0.9033203125000001,3.2197265625
1580,1.3134765625,0.98876953125,0.85205078125,1.4599609375,0.83935546875,0.875,2.6982421875
1581,1.58935546875,0.84912109375,0.7216796875,1.4853515625,0.61767578125,1.107421875,2.68408203125
1582,1.17333984375,0.9384765625000001,0.8681640625000001,1.24755859375,1.4345703125,1.162109375,2.8486328125
1583,1.37548828125,1.09033203125,0.89501953125,1.37353515625,1.13916015625,1.2724609375,2.7998046875
1584,1.35205078125,1.458984375,0.73388671875,1.21435546875,1.00048828125,0.849609375,3.10595703125
1585,1.369140625,1.03955078125,0.8603515625,1.25927734375,0.7841796875000001,1.0595703125,3.18310546875
1586,0.96826171875,1.36083984375,0.8076171875,1.07275390625,1.19189453125,1.17431640625,3.1328125
1587,0.8916015625,1.1005859375,0.6728515625000001,1.337890625,0.88232421875,1.12353515625,2.92822265625
1588,0.9013671875,1.27099609375,0.5791015625000001,1.6767578125,1.03955078125,1.6328125,2.6376953125
1589,0.92919921875,1.3486328125,0.8076171875,1.7529296875,0.8359375,1.4541015625,2.7041015625
1590,1.69775390625,1.4033203125,1.1279296875,1.64111328125,1.017578125,1.0126953125,2.68896484375
1591,1.50439453125,1.40673828125,1.23046875,1.62060546875,0.7680664062500001,1.20458984375,2.6640625
1592,1.28955078125,0.91259765625,0.9375,0.97412109375,1.107421875,0.76171875,2.45703125
1593,1.27392578125,1.1884765625,1.04052734375,1.32568359375,0.90185546875,1.126953125,2.43798828125
1594,0.84326171875,1.193359375,0.9248046875,1.25732421875,1.0869140625,1.27294921875,3.18359375
1595,0.9853515625000001,1.2158203125,1.076171875,1.29248046875,0.806640625,1.45263671875,2.99072265625
1596,1.353515625,1.2421875,0.88916015625,1.1162109375,0.82568359375,1.3427734375,2.79345703125
1597,1.38232421875,0.95166015625,0.91845703125,1.0654296875,0.71533203125,1.412109375,2.73876953125
1598,1.2763671875,0.9765625,1.04248046875,1.14404296875,1.08740234375,0.56494140625,2.56591796875
1599,1.32080078125,0.89892578125,1.12158203125,1.23779296875,0.98681640625,0.77197265625,2.5634765625
1600,1.3212890625,1.302734375,0.9912109375,1.07861328125,0.74658203125,1.05908203125,2.94970703125
1601,1.564453125,0.9755859375,0.98291015625,1.1923828125,0.74365234375,1.2177734375,2.80322265625
1602,1.41552734375,1.14111328125,0.6572265625000001,1.20703125,0.7158203125,0.853515625,2.94921875
1603,1.25634765625,1.14111328125,1.04248046875,1.27783203125,0.50048828125,1.04052734375,2.8828125
1604,1.12939453125,1.103515625,0.9912109375,1.224609375,0.8681640625,0.98974609375,2.4228515625
1605,1.7080078125,0.8994140625,1.0556640625,1.4208984375,0.978515625,1.10205078125,2.49951171875
1606,1.2646484375,1.09716796875,1.06005859375,1.5107421875,0.9267578125,0.90966796875,2.8642578125
1607,1.52880859375,1.248046875,0.9472656250000001,1.4345703125,0.9033203125,1.16015625,2.78271484375
1608,1.14208984375,1.50732421875,1.017578125,1.13037109375,1.63525390625,1.0439453125,2.7939453125
1609,1.40185546875,1.7744140625,1.12890625,1.2353515625,1.13720703125,1.15380859375,2.97900390625
1610,1.150390625,0.98193359375,0.86572265625,1.76904296875,1.3388671875,0.9599609375,2.935546875
1611,1.04541015625,1.08203125,0.9453125,1.60595703125,1.03759765625,0.75830078125,2.8896484375
1612,0.98486328125,1.11279296875,1.08447265625,1.3818359375,1.0966796875,1.08544921875,2.78076171875
1613,1.39013671875,1.12109375,1.47314453125,1.44677734375,1.08642578125,0.8671875,2.7900390625
1614,1.22314453125,1.4853515625,1.09521484375,1.265625,1.43115234375,0.94873046875,2.9296875
1615,1.515625,0.98583984375,1.306640625,1.236328125,1.17236328125,1.19287109375,3.025390625
1616,1.501953125,1.16650390625,1.3583984375,1.4892578125,0.87060546875,1.04150390625,3.0498046875
1617,1.04345703125,1.17578125,1.3603515625,1.5439453125,1.01708984375,0.9384765625,2.7568359375
1618,1.06640625,1.29443359375,1.396484375,1.44482421875,0.60546875,1.30810546875,2.8857421875
1619,1.28564453125,1.1748046875,1.49951171875,1.53466796875,0.5224609375,1.7900390625,2.8369140625
1620,1.25732421875,0.876953125,1.17431640625,1.5517578125,0.78466796875,0.806640625,2.76513671875
1621,1.31689453125,0.884765625,1.0859375,1.49462890625,0.818359375,0.830078125,2.87841796875
1622,1.03369140625,0.8359375000000001,1.05126953125,1.404296875,1.2001953125,1.14599609375,2.65771484375
1623,1.28955078125,1.0,1.1611328125,1.5205078125,1.03369140625,1.4150390625,2.61376953125
1624,1.2177734375,0.73779296875,0.6845703125,1.0791015625,1.029296875,0.9648437500000001,2.7568359375
1625,1.53125,0.5009765625,0.8896484375,1.30078125,0.7275390625,1.1044921875,2.67724609375
1626,1.2353515625,1.2578125,1.01611328125,1.60693359375,1.05859375,1.47119140625,2.57177734375
1627,1.27685546875,1.3310546875,1.08837890625,1.90380859375,0.98876953125,1.1259765625,2.759765625
1628,1.3232421875,1.21923828125,1.2236328125,1.64794921875,1.2724609375,1.18017578125,2.9296875
1629,1.46826171875,1.115234375,0.9521484375,1.77001953125,1.26318359375,1.66943359375,3.17333984375
1630,0.93603515625,1.36669921875,0.91943359375,1.2041015625,1.0615234375,1.0859375,2.75927734375
1631,1.1962890625,1.15380859375,1.19921875,1.31201171875,0.7763671875,1.31396484375,2.640625
1632,1.2392578125,0.8149414062500001,1.306640625,1.28564453125,0.91650390625,0.97802734375,2.6376953125
1633,1.22900390625,0.68310546875,1.26513671875,1.4931640625,1.0927734375,1.37646484375,2.69287109375
1634,1.49853515625,1.0341796875,1.21728515625,1.0009765625,1.5126953125,1.1376953125,2.68701171875
1635,1.3857421875,0.953125,1.2685546875,1.19482421875,1.27099609375,1.27099609375,2.68310546875
1636,1.3115234375,1.08349609375,0.91162109375,1.42333984375,0.68505859375,0.8559570312500001,2.69775390625
1637,1.771484375,1.0126953125,1.07568359375,1.49267578125,0.80322265625,1.185546875,2.7216796875
1638,0.98095703125,1.07666015625,0.65966796875,1.25048828125,1.310546875,0.98876953125,2.68359375
1639,1.400390625,0.76953125,0.734375,1.30908203125,1.56103515625,1.03173828125,2.6259765625
1640,1.13427734375,1.208984375,0.75048828125,1.6669921875,0.72119140625,1.02978515625,2.49609375
1641,1.30224609375,1.01904296875,1.06298828125,1.65380859375,0.82568359375,1.4130859375,2.51025390625
1642,1.45654296875,1.26953125,0.708984375,1.5283203125,1.1455078125,1.16015625,2.92724609375
1643,1.6689453125,0.9697265625,0.77294921875,1.5078125,0.9829101562500001,1.375,2.896484375
1644,1.1181640625,1.505859375,1.119140625,0.93994140625,1.0322265625,0.9584960937500001,2.73193359375
1645,1.408203125,1.01953125,1.45556640625,0.96826171875,0.8994140625,0.93310546875,2.568359375
1646,1.08154296875,1.4482421875,1.3212890625,1.60107421875,0.7583007812500001,0.96484375,3.03662109375
1647,1.30615234375,1.25048828125,1.31689453125,1.8203125,0.85400390625,1.0458984375,2.79150390625
1648,0.85546875,1.029296875,0.88818359375,0.794921875,0.9833984375,0.888671875,2.89501953125
1649,0.9755859375,1.04296875,1.09423828125,1.0625,1.1337890625,1.34521484375,2.7724609375
1650,0.82275390625,1.11474609375,0.7968750000000001,1.6376953125,1.15966796875,1.11474609375,2.57861328125
1651,1.42919921875,0.7436523437500001,1.01025390625,1.4853515625,0.9560546875,1.20654296875,2.6298828125
1652,1.5908203125,1.181640625,0.8369140625,1.41259765625,1.0146484375,1.1806640625,2.5986328125
1653,1.11865234375,0.86962890625,1.03564453125,1.3134765625,0.9501953125000001,1.25390625,2.53076171875
1654,1.251953125,0.97607421875,0.7910156250000001,1.166015625,1.23876953125,0.89453125,2.75341796875
1655,1.623046875,0.8154296875,0.94873046875,1.15625,1.12890625,0.9736328125,2.748046875
1656,1.17578125,1.31494140625,0.521484375,1.54345703125,0.89306640625,0.9248046875,2.53955078125
1657,1.26123046875,1.08056640625,0.74072265625,1.6240234375,0.931640625,0.9755859375,2.33203125
1658,1.46728515625,1.1904296875,0.7119140625000001,1.5791015625,0.630859375,1.470703125,3.0517578125
1659,1.53759765625,0.97119140625,0.87158203125,1.65087890625,0.708984375,1.65576171875,3.2275390625
1660,1.3427734375,1.08642578125,0.67822265625,1.28564453125,1.33056640625,1.06689453125,2.53564453125
1661,1.5185546875,0.88720703125,0.716796875,1.2685546875,1.15673828125,1.0810546875,2.48046875
1662,1.16796875,1.38427734375,0.94482421875,1.26025390625,0.99755859375,1.28125,2.77783203125
1663,1.396484375,0.86328125,0.990234375,1.505859375,0.88232421875,1.23974609375,2.53076171875
1664,1.15380859375,1.24658203125,1.07080078125,1.4169921875,0.8984375,1.13720703125,2.5517578125
1665,1.38134765625,1.17578125,1.0458984375,1.5126953125,0.77587890625,1.74462890625,2.54736328125
1666,1.16064453125,0.818359375,0.91259765625,1.38671875,1.0224609375,0.966796875,2.49609375
1667,1.1552734375,0.96142578125,1.154296875,1.4677734375,1.0556640625,1.07861328125,2.56201171875
1668,1.318359375,1.08056640625,0.91552734375,1.19677734375,0.7880859375,1.1708984375,2.8369140625
1669,1.58251953125,1.24169921875,0.74462890625,1.3251953125,0.7768554687500001,0.94580078125,2.73193359375
1670,1.13037109375,0.98193359375,1.0126953125,1.33056640625,1.275390625,0.7553710937500001,2.59619140625
1671,1.1572265625,1.1806640625,1.1826171875,1.29833984375,1.37451171875,1.0517578125,2.6640625
1672,1.35107421875,1.33203125,0.7958984375000001,1.17919921875,1.4423828125,0.689453125,2.6396484375
1673,1.39306640625,1.27783203125,0.93994140625,1.2568359375,1.017578125,0.93212890625,2.669921875
1674,0.92138671875,1.02001953125,1.009765625,1.26708984375,0.79443359375,0.7705078125,2.68017578125
1675,1.0703125,0.69384765625,1.10009765625,1.5625,0.6396484375000001,1.04833984375,2.6201171875
1676,1.224609375,1.11962890625,1.0244140625,1.998046875,0.86181640625,0.546875,3.0322265625
1677,1.53076171875,0.64404296875,0.86572265625,1.96875,0.6708984375,0.7705078125,2.81640625
1678,0.8935546875,1.14111328125,0.99853515625,1.08642578125,0.86669921875,1.138671875,2.8828125
1679,0.998046875,0.974609375,1.08251953125,1.201171875,0.72509765625,1.158203125,2.79638671875
1680,0.9677734375,1.24951171875,1.0986328125,1.19140625,1.10009765625,0.859375,2.8388671875
1681,1.162109375,0.9633789062500001,1.20751953125,1.29833984375,1.0615234375,1.0234375,2.6533203125
1682,0.95068359375,0.8818359375,0.81591796875,1.31396484375,1.05859375,0.94970703125,2.916015625
1683,1.5517578125,0.7724609375000001,0.76318359375,1.39111328125,0.80712890625,1.00732421875,2.716796875
1684,1.40478515625,1.2041015625,1.12060546875,1.39013671875,0.939453125,1.04931640625,2.4833984375
1685,1.37939453125,1.154296875,1.376953125,1.3212890625,0.90087890625,0.99169921875,2.37060546875
1686,1.41259765625,1.6103515625,0.8608398437500001,1.24365234375,1.4013671875,0.90478515625,2.8935546875
1687,1.306640625,1.33349609375,0.953125,1.49560546875,0.84716796875,1.06005859375,2.548828125
1688,1.34326171875,0.9755859375,0.978515625,1.353515625,0.89404296875,0.89404296875,2.47802734375
1689,1.6064453125,0.7998046875000001,1.326171875,1.3759765625,0.9892578125,1.1865234375,2.3671875
1690,1.26220703125,1.06494140625,0.7099609375000001,1.19140625,0.95361328125,0.8603515625,3.376953125
1691,1.404296875,0.94091796875,0.75,1.2880859375,0.9404296875,0.9833984375,3.2001953125
1692,1.12841796875,1.09814453125,0.71630859375,1.10693359375,0.8427734375,0.7421875,2.70458984375
1693,1.69482421875,0.7880859375000001,0.77099609375,1.06298828125,0.5952148437500001,0.7758789062500001,2.58349609375
1694,0.8818359375,1.26611328125,1.1103515625,1.20751953125,0.7861328125,1.41064453125,2.5908203125
1695,1.125,1.1103515625,1.1875,1.19580078125,0.7333984375,1.5810546875,2.3779296875
1696,1.177734375,0.84619140625,1.0146484375,1.65185546875,0.85302734375,1.09521484375,2.95263671875
1697,1.39794921875,0.4794921875000002,1.107421875,1.54345703125,1.08447265625,1.26220703125,2.974609375
1698,0.77099609375,1.087890625,1.30126953125,1.51416015625,0.98583984375,0.9892578125,3.1513671875
1699,1.00341796875,0.6884765625,1.07763671875,1.638671875,0.953125,1.080078125,2.912109375
1700,1.33447265625,0.96630859375,1.05419921875,1.37939453125,1.0078125,1.18896484375,2.69970703125
1701,1.4638671875,0.6962890625,1.09375,1.619140625,0.7255859375000001,1.4345703125,2.62744140625
1702,1.1064453125,1.20751953125,1.15576171875,1.115234375,1.1220703125,1.19970703125,2.71484375
1703,1.5078125,0.8203125,1.26953125,1.22216796875,1.02099609375,1.44287109375,2.6220703125
1704,0.87890625,1.4384765625,0.9130859375,1.38916015625,0.81982421875,0.845703125,2.82861328125
1705,1.23095703125,0.85498046875,1.322265625,1.4423828125,1.01025390625,1.109375,2.6357421875
1706,1.18994140625,1.521484375,1.11962890625,1.46142578125,1.3828125,1.19140625,2.55615234375
1707,1.078125,0.9951171875,0.96826171875,1.673828125,1.02490234375,1.38720703125,2.4580078125
1708,1.12158203125,1.3671875,0.994140625,1.25439453125,1.09375,0.82177734375,2.984375
1709,1.111328125,1.37158203125,1.0400390625,1.10107421875,0.77587890625,0.7026367187500001,2.931640625
1710,0.94140625,1.2685546875,0.73388671875,1.48046875,1.1640625,1.466796875,2.8310546875
1711,0.9931640625,0.9921875,0.6806640625,1.73876953125,0.8134765625,1.314453125,2.578125
1712,1.02490234375,1.15625,1.05712890625,1.05078125,1.3984375,0.9453125,2.71484375
1713,1.138671875,0.96728515625,1.08642578125,1.0654296875,1.32470703125,1.0546875,2.7548828125
1714,0.9833984375,1.115234375,0.8491210937500001,1.46337890625,1.7236328125,1.2392578125,2.8857421875
1715,1.201171875,0.72216796875,1.00732421875,1.361328125,1.23486328125,1.2822265625,2.646484375
1716,1.33837890625,1.0732421875,0.8837890625000001,1.32470703125,1.28125,1.4375,2.728515625
1717,1.2216796875,0.7919921875,1.0166015625,1.38818359375,1.10791015625,1.537109375,2.720703125
1718,1.14404296875,1.697265625,1.044921875,1.05322265625,1.369140625,0.8642578125,2.6953125
1719,1.3759765625,1.310546875,1.09765625,1.10546875,1.11474609375,1.0205078125,2.5751953125
1720,0.9052734375,1.35302734375,1.091796875,1.48046875,0.8237304687500001,1.13671875,2.939453125
1721,1.17431640625,1.18212890625,1.26708984375,1.4453125,1.1318359375,1.13671875,2.94482421875
1722,1.126953125,1.3349609375,0.9775390625,1.11328125,1.09814453125,1.15283203125,2.64111328125
1723,1.3984375,1.01806640625,1.38623046875,1.27734375,1.34716796875,1.05078125,2.64892578125
1724,0.787109375,1.2255859375,0.9140625000000001,1.126953125,0.79443359375,0.896484375,2.609375
1725,1.00390625,1.02099609375,1.08251953125,1.3251953125,0.63916015625,1.07666015625,2.44140625
1726,1.306640625,1.26904296875,1.16650390625,1.1279296875,0.9692382812500001,1.17041015625,2.75244140625
1727,1.7373046875,1.05517578125,1.24755859375,1.2666015625,0.81494140625,1.2060546875,3.048828125
1728,1.08544921875,1.0703125,0.73388671875,1.47705078125,1.27099609375,0.64306640625,2.88134765625
1729,1.587890625,0.98486328125,0.8002929687500001,1.39990234375,1.1171875,0.884765625,2.71240234375
1730,0.8725585937500001,1.6259765625,1.25634765625,1.02880859375,0.96142578125,0.7158203125,2.80859375
1731,1.01708984375,1.07177734375,1.1591796875,1.0087890625,1.04443359375,0.81298828125,2.634765625
1732,1.30517578125,1.23974609375,0.96826171875,1.02734375,1.0673828125,0.72314453125,2.56201171875
1733,1.14892578125,0.9501953125,1.09521484375,1.3359375,1.15380859375,1.0859375,2.64404296875
1734,1.02783203125,0.90576171875,1.07373046875,1.6484375,1.18408203125,1.0595703125,2.462890625
1735,1.39306640625,0.87060546875,1.326171875,1.67431640625,1.20361328125,1.06103515625,2.4189453125
1736,1.26513671875,0.8798828125,0.7841796875,1.57861328125,1.37548828125,1.0048828125,2.8115234375
1737,1.0234375,0.88623046875,0.96728515625,1.6376953125,1.09033203125,1.13818359375,2.79052734375
1738,1.21044921875,1.345703125,1.26611328125,1.23876953125,1.0654296875,0.94287109375,2.6201171875
1739,1.171875,1.07470703125,1.1640625,1.20263671875,1.03759765625,1.3310546875,2.7060546875
1740,1.07568359375,1.166015625,0.68505859375,1.40234375,1.24755859375,1.28515625,2.96728515625
1741,1.16796875,1.05810546875,0.75537109375,1.423828125,1.30224609375,1.23388671875,2.65283203125
1742,1.31201171875,1.466796875,0.8837890625,1.37939453125,1.27001953125,0.9755859375,3.11279296875
1743,1.4443359375,0.96826171875,1.14501953125,1.5,1.3056640625,1.046875,2.99365234375
1744,1.19775390625,1.0986328125,1.01513671875,1.201171875,1.1005859375,1.1455078125,2.7646484375
1745,1.03173828125,0.7666015625,0.94189453125,1.35546875,0.8671875,1.42431640625,2.66259765625
1746,0.84423828125,1.751953125,1.04345703125,1.52978515625,1.05224609375,0.87255859375,2.7802734375
1747,1.138671875,0.98828125,0.921875,1.609375,0.99853515625,1.0166015625,2.5712890625
1748,1.2822265625,1.35791015625,0.45166015625,1.46630859375,1.21630859375,0.66455078125,2.85986328125
1749,1.427734375,1.0625,0.580078125,1.431640625,1.05615234375,0.91357421875,2.6669921875
1750,1.22412109375,0.828125,1.0419921875,1.259765625,1.56103515625,0.95849609375,2.81689453125
1751,1.60400390625,0.7890625,1.08349609375,1.43408203125,1.2861328125,1.0205078125,2.72265625
1752,1.0859375,1.2021484375,1.013671875,1.1494140625,1.103515625,1.1025390625,2.779296875
1753,1.69140625,0.947265625,1.2216796875,1.275390625,1.109375,1.34716796875,2.787109375
1754,1.0693359375,1.1142578125,0.8413085937500001,1.16162109375,0.92919921875,0.8032226562500001,2.66796875
1755,1.52587890625,0.96923828125,0.95849609375,1.18994140625,0.85009765625,1.05029296875,2.5859375
1756,1.0458984375,1.26806640625,0.7910156250000001,1.76416015625,0.89013671875,0.79296875,2.80712890625
1757,1.392578125,1.0322265625,0.9814453125,1.9990234375,0.71923828125,1.05712890625,2.82568359375
1758,1.2705078125,1.0400390625,0.8935546875,1.08251953125,1.1748046875,0.6865234375,2.90234375
1759,1.30517578125,0.98779296875,0.9072265625,1.357421875,1.052734375,0.9326171875,2.83203125
1760,1.04931640625,1.23095703125,1.19384765625,1.04345703125,1.142578125,1.28759765625,2.70654296875
1761,1.4345703125,1.23876953125,1.0625,1.22119140625,1.2734375,1.28662109375,2.69873046875
1762,1.37939453125,1.138671875,1.158203125,1.56884765625,1.06005859375,1.0693359375,3.14306640625
1763,1.52490234375,0.6416015625000001,1.21533203125,1.45556640625,0.80419921875,1.00537109375,3.07421875
1764,0.8193359375,1.28759765625,0.734375,1.49560546875,1.35986328125,0.5815429687500001,2.71630859375
1765,1.20263671875,0.75830078125,0.6748046875,1.5947265625,1.16259765625,0.94384765625,2.6015625
1766,1.26806640625,1.455078125,1.12646484375,1.01171875,0.97119140625,0.78662109375,2.484375
1767,1.1357421875,1.02587890625,1.10546875,1.044921875,0.9248046875,1.0634765625,2.4228515625
1768,1.20458984375,1.35205078125,0.6328125,1.7734375,0.9462890625,1.3330078125,2.5185546875
1769,1.43896484375,1.08056640625,0.7216796875,1.7568359375,0.80517578125,1.20166015625,2.3671875
1770,1.29931640625,1.11474609375,1.091796875,1.47119140625,1.2197265625,1.19677734375,2.5302734375
1771,1.17919921875,0.7978515625,1.12548828125,1.5859375,0.90869140625,1.34521484375,2.31640625
1772,1.4111328125,1.1962890625,0.97021484375,1.4638671875,1.3330078125,0.7543945312500002,2.72509765625
1773,1.73095703125,1.1103515625,0.99609375,1.57666015625,1.37890625,1.0556640625,3.07470703125
1774,1.57568359375,1.57470703125,0.8374023437500001,1.427734375,1.0654296875,0.93701171875,2.6552734375
1775,1.654296875,1.20556640625,0.994140625,1.44287109375,0.76513671875,1.11669921875,2.48779296875
1776,1.07275390625,1.18212890625,0.7138671875,1.4072265625,0.8535156250000001,1.3212890625,2.7109375
1777,0.99755859375,1.08642578125,0.78173828125,1.49560546875,0.78515625,1.22900390625,2.51513671875
1778,1.07373046875,1.5419921875,0.888671875,1.3251953125,0.955078125,1.07470703125,2.72607421875
1779,0.97998046875,0.9208984375,0.9970703125,1.58154296875,0.93994140625,1.0029296875,2.68310546875
1780,1.341796875,0.69873046875,0.8369140625,1.24755859375,1.18505859375,0.86083984375,2.912109375
1781,1.53173828125,0.6328125,1.08251953125,1.15380859375,1.068359375,1.119140625,2.76708984375
1782,1.087890625,1.046875,0.95556640625,1.384765625,0.94873046875,0.7490234375,2.9150390625
1783,1.38134765625,0.5126953125000001,1.115234375,1.31005859375,1.1513671875,0.78564453125,3.07177734375
1784,1.20556640625,1.49609375,0.7548828125,1.1142578125,0.8647460937500001,0.92138671875,2.68896484375
1785,1.37060546875,1.169921875,0.986328125,0.96435546875,1.06884765625,1.1142578125,2.625
1786,1.201171875,0.75244140625,0.90185546875,0.9072265625,1.279296875,1.4755859375,2.73291015625
1787,1.4423828125,0.8203125,1.14111328125,1.14208984375,1.142578125,1.4501953125,2.822265625
1788,1.23876953125,1.5908203125,1.02490234375,1.31884765625,1.16552734375,1.17578125,2.5146484375
1789,1.20654296875,1.0556640625,1.099609375,1.1845703125,1.0263671875,1.23876953125,2.79345703125
1790,0.9658203125,1.1123046875,1.24169921875,1.271484375,1.181640625,1.69140625,2.57275390625
1791,1.2666015625,0.7749023437500001,1.310546875,1.3818359375,0.79443359375,1.55859375,2.68896484375
1792,1.32958984375,1.17041015625,1.0703125,1.44580078125,1.017578125,1.12451171875,3.06640625
1793,1.40234375,0.873046875,0.978515625,1.537109375,0.9013671875,0.94384765625,2.96875
1794,0.98681640625,0.681640625,1.08349609375,1.0712890625,1.11181640625,1.22900390625,2.97900390625
1795,0.95556640625,0.599609375,1.1494140625,1.01806640625,0.6831054687500001,1.56298828125,3.06982421875
1796,0.89697265625,1.43603515625,1.26025390625,1.55322265625,1.37158203125,1.0810546875,2.51025390625
1797,0.912109375,1.14404296875,1.197265625,1.47900390625,1.4814453125,1.30908203125,2.43115234375
1798,1.24755859375,1.4736328125,0.9721679687500001,1.27490234375,1.05810546875,0.9228515625,2.82958984375
1799,1.580078125,1.69873046875,1.05712890625,1.41455078125,0.80126953125,1.2490234375,2.6337890625
1800,1.19189453125,0.9189453125,0.66552734375,1.173828125,0.78173828125,1.17626953125,2.5615234375
1801,1.1083984375,0.7099609375000001,0.8076171875,1.24365234375,0.703125,1.220703125,2.49169921875
1802,1.05029296875,0.6948242187500001,1.17236328125,1.263671875,1.18115234375,0.87255859375,2.5458984375
1803,1.09912109375,0.921875,1.2763671875,1.208984375,1.18896484375,1.01220703125,2.45703125
1804,1.12841796875,1.546875,0.97021484375,1.11962890625,1.10986328125,1.00537109375,2.986328125
1805,1.1953125,0.8046875,1.03564453125,1.27099609375,1.09814453125,1.166015625,2.79150390625
1806,1.40966796875,1.041015625,1.1796875,0.97021484375,1.431640625,0.8422851562500001,2.75048828125
1807,1.6357421875,0.9223632812500001,1.2783203125,0.888671875,1.53271484375,1.01611328125,2.611328125
1808,1.01611328125,1.169921875,0.7856445312500001,1.3173828125,1.28857421875,1.0859375,2.970703125
1809,1.166015625,1.02490234375,0.9931640625,1.443359375,1.1513671875,1.3740234375,2.625
1810,1.73681640625,1.39599609375,1.01318359375,1.509765625,1.2646484375,0.7797851562500001,2.931640625
1811,1.52001953125,1.2587890625,1.029296875,1.50927734375,1.10888671875,1.15576171875,2.74365234375
1812,1.03271484375,1.51904296875,1.0830078125,1.30029296875,0.97216796875,0.89208984375,2.89794921875
1813,1.13330078125,1.37255859375,1.25634765625,1.43603515625,0.88134765625,1.26318359375,2.8359375
1814,1.16455078125,1.0810546875,0.673828125,1.06640625,1.0126953125,1.3505859375,2.8837890625
1815,1.55859375,0.7646484375000001,0.8291015625,1.1943359375,1.248046875,1.18798828125,2.83203125
1816,0.921875,1.23828125,0.6474609375,1.6005859375,0.9296875,0.7060546875000001,2.62060546875
1817,1.31494140625,1.24072265625,0.80126953125,1.69384765625,0.87548828125,0.884765625,2.8759765625
1818,0.87353515625,1.775390625,1.1689453125,1.2099609375,1.1181640625,0.88134765625,2.8193359375
1819,1.39892578125,1.0810546875,1.04638671875,1.23681640625,0.98583984375,1.0419921875,2.67626953125
1820,1.13134765625,0.97314453125,1.0947265625,1.7060546875,1.533203125,0.970703125,2.55615234375
1821,1.3369140625,0.64404296875,1.0380859375,1.5849609375,1.22509765625,1.24755859375,2.4521484375
1822,1.16064453125,1.443359375,1.24951171875,1.5703125,1.46728515625,0.9111328125,2.392578125
1823,1.4658203125,1.45751953125,1.09228515625,1.65185546875,0.9404296875,1.25048828125,2.255859375
1824,1.193359375,1.42822265625,1.36572265625,1.4296875,1.228515625,1.361328125,2.859375
1825,1.04248046875,1.3798828125,1.26220703125,1.4970703125,0.97900390625,1.28271484375,2.9736328125
1826,1.05224609375,1.408203125,0.5068359375,1.55908203125,0.93408203125,0.7382812500000001,2.94287109375
1827,1.38720703125,1.0263671875,0.6865234375,1.57421875,0.74853515625,0.96826171875,2.77197265625
1828,0.9462890625,1.01611328125,1.0634765625,1.72607421875,0.84716796875,0.830078125,2.8203125
1829,1.18115234375,0.5961914062500001,1.09814453125,1.591796875,0.755859375,1.111328125,2.84765625
1830,1.4599609375,1.134765625,0.81201171875,1.19580078125,0.970703125,0.7998046875,2.89892578125
1831,1.6416015625,0.79248046875,1.041015625,1.09375,0.6850585937500001,1.173828125,2.83447265625
1832,1.43115234375,1.4013671875,1.05126953125,1.39990234375,0.75439453125,1.13232421875,2.69482421875
1833,1.91064453125,1.12060546875,1.12548828125,1.57666015625,0.69189453125,1.38330078125,2.5380859375
1834,1.0400390625,0.7436523437500001,0.7426757812500001,1.2939453125,1.517578125,1.34814453125,3.0654296875
1835,1.716796875,0.81591796875,0.7626953125,1.4951171875,1.1875,1.5615234375,2.68896484375
1836,1.66015625,1.42333984375,1.38330078125,1.72509765625,1.31640625,0.732421875,2.56396484375
1837,1.84521484375,1.02978515625,1.33447265625,1.99462890625,1.4765625,0.9384765625,2.62109375
1838,1.5009765625,1.04052734375,0.744140625,1.08935546875,0.705078125,0.890625,2.5986328125
1839,1.19921875,0.7158203125,0.94384765625,1.138671875,0.87646484375,1.20361328125,2.64306640625
1840,0.7314453125000001,0.95458984375,0.87451171875,0.9643554687500001,1.1708984375,1.15576171875,2.556640625
1841,1.0810546875,0.9599609375,1.02978515625,1.21826171875,0.90625,1.15478515625,2.47802734375
1842,0.93701171875,0.8798828125,0.9619140625,1.25048828125,0.96435546875,0.81103515625,2.912109375
1843,0.99560546875,0.7163085937500001,1.1396484375,1.15625,0.83837890625,1.00732421875,2.591796875
1844,1.1435546875,1.0595703125,1.1552734375,1.0615234375,1.07421875,1.08447265625,2.6357421875
1845,1.36376953125,0.8427734375,1.20849609375,1.2578125,0.802734375,1.30322265625,2.41162109375
1846,1.05224609375,0.9658203125,1.31982421875,1.67529296875,1.0693359375,1.22900390625,2.78955078125
1847,1.24169921875,0.6650390625,1.1875,1.6943359375,0.95166015625,1.25,2.59326171875
1848,0.9443359375,1.00390625,1.0244140625,1.60546875,1.1083984375,1.26904296875,2.63134765625
1849,1.123046875,0.94189453125,1.30029296875,1.58935546875,0.7895507812500001,1.349609375,2.71630859375
1850,1.078125,1.0,0.51904296875,1.50537109375,1.35107421875,1.162109375,2.76708984375
1851,1.2509765625,1.0400390625,0.7705078125,1.4697265625,0.978515625,1.37255859375,2.67822265625
1852,0.94384765625,1.3212890625,1.1689453125,1.3837890625,1.326171875,0.75732421875,2.7177734375
1853,1.33544921875,1.03271484375,1.41748046875,1.63818359375,0.97607421875,0.92431640625,2.85107421875
1854,1.072265625,1.12158203125,1.17333984375,1.400390625,1.1806640625,1.10009765625,2.6708984375
1855,1.40185546875,0.85888671875,1.25634765625,1.36474609375,0.77783203125,1.2470703125,2.6416015625
1856,0.98095703125,1.03857421875,0.68603515625,1.53076171875,1.42919921875,0.859375,2.62060546875
1857,1.07275390625,0.8212890625,0.830078125,1.70556640625,1.08056640625,1.18896484375,2.60009765625
1858,0.986328125,0.7587890625,0.5439453125,1.4111328125,1.068359375,1.02001953125,2.7548828125
1859,1.09716796875,0.52685546875,0.55859375,1.71533203125,1.31884765625,1.12744140625,2.82275390625
1860,1.298828125,1.38916015625,1.16552734375,1.20361328125,1.033203125,1.189453125,2.7880859375
1861,1.19482421875,1.06591796875,1.00390625,1.25244140625,1.0888671875,1.5068359375,2.72314453125
1862,1.1171875,1.2509765625,0.9990234375000001,1.40185546875,1.2880859375,0.75830078125,2.72705078125
1863,1.31591796875,1.2587890625,1.1806640625,1.39453125,1.42138671875,0.7104492187500001,2.75439453125
1864,1.36328125,1.1962890625,0.75830078125,1.2060546875,0.69189453125,1.2802734375,2.4853515625
1865,1.619140625,1.21435546875,0.8525390625000001,1.314453125,0.72802734375,1.25341796875,2.45947265625
1866,1.12548828125,1.69287109375,0.7021484375,1.56201171875,0.98876953125,0.94482421875,2.6923828125
1867,1.20556640625,1.091796875,0.8916015625,1.533203125,0.88671875,1.19140625,2.67236328125
1868,0.82275390625,1.236328125,1.021484375,1.55517578125,1.07421875,1.08935546875,3.05810546875
1869,0.99267578125,0.7998046875,1.37158203125,1.4970703125,1.154296875,1.03125,2.77099609375
1870,1.4228515625,1.21630859375,0.9462890625,1.31884765625,1.53662109375,1.12744140625,2.79052734375
1871,1.31884765625,1.330078125,0.97021484375,1.375,1.43115234375,1.05029296875,2.65966796875
1872,1.66455078125,0.97314453125,0.8740234375,1.263671875,0.83740234375,0.8359375000000001,2.62744140625
1873,1.4345703125,0.5947265625,0.8955078125,1.55029296875,0.59423828125,1.0908203125,2.67919921875
1874,1.50439453125,0.92431640625,1.0439453125,0.97802734375,0.9970703125,1.0126953125,2.54296875
1875,1.283203125,1.10888671875,1.076171875,0.939453125,0.7324218750000001,1.23095703125,2.4990234375
1876,1.22802734375,0.87890625,0.9921875,1.11083984375,1.13916015625,1.06640625,2.8564453125
1877,1.20849609375,0.8417968750000001,1.07958984375,1.224609375,1.04345703125,1.3720703125,2.7890625
1878,1.1044921875,1.4365234375,0.916015625,1.37353515625,1.19677734375,0.86572265625,2.8125
1879,1.3017578125,0.8173828125,0.9462890625,1.57568359375,1.06884765625,1.07568359375,2.7890625
1880,1.0302734375,1.51953125,0.76171875,1.671875,1.0283203125,0.63037109375,2.88916015625
1881,0.888671875,1.4375,0.7231445312500001,1.63037109375,0.97314453125,0.76904296875,2.6875
1882,1.32373046875,1.0810546875,1.28515625,1.50537109375,1.2890625,1.1025390625,2.84912109375
1883,1.52734375,0.7392578125000001,1.33203125,1.70703125,1.34912109375,1.18115234375,2.6708984375
1884,1.3349609375,0.79345703125,0.82568359375,1.16552734375,0.8549804687500001,1.24169921875,2.71875
1885,1.22265625,0.65380859375,0.88818359375,1.5224609375,0.6904296875,1.14990234375,2.66455078125
1886,1.10986328125,1.216796875,0.9956054687500001,1.45556640625,1.06640625,1.28271484375,2.72998046875
1887,1.21142578125,0.99853515625,0.9453125,1.59765625,0.81298828125,1.15576171875,2.68603515625
1888,1.2255859375,1.06884765625,0.810546875,1.27978515625,0.716796875,0.73974609375,2.982421875
1889,1.44873046875,1.0498046875,0.951171875,1.41748046875,0.67041015625,1.13525390625,2.8857421875
1890,0.9086914062500001,0.87255859375,0.8994140625,1.22119140625,1.11572265625,1.24365234375,2.60693359375
1891,1.2958984375,0.587890625,0.85986328125,1.48974609375,1.22119140625,1.2744140625,2.55859375
1892,1.24462890625,1.19189453125,1.23291015625,1.15869140625,1.267578125,1.29736328125,2.66357421875
1893,1.49609375,0.958984375,1.203125,1.16162109375,1.1328125,1.3671875,2.5810546875
1894,0.86474609375,1.4833984375,0.7880859375,1.3515625,1.00146484375,1.14453125,3.2099609375
1895,1.0439453125,1.3271484375,1.01953125,1.390625,0.8701171875000001,1.23095703125,3.1064453125
1896,0.693359375,1.072265625,1.12158203125,1.1494140625,0.75732421875,1.2333984375,3.02685546875
1897,1.04541015625,1.021484375,1.36474609375,1.3701171875,0.6904296875,1.27978515625,2.93701171875
1898,0.80419921875,1.40625,0.916015625,1.26318359375,1.2001953125,1.19677734375,2.71923828125
1899,1.31689453125,1.29931640625,1.09326171875,1.23779296875,0.99072265625,1.19140625,2.48779296875
1900,1.2041015625,1.16552734375,0.8754882812500001,1.35546875,1.23681640625,1.021484375,2.6044921875
1901,1.3876953125,0.88037109375,1.08251953125,1.455078125,1.201171875,1.1298828125,2.6923828125
1902,1.0498046875,1.345703125,0.6171875000000002,0.8486328125,1.49853515625,0.90673828125,3.00244140625
1903,1.1328125,0.93798828125,0.888671875,1.05517578125,1.6748046875,1.07177734375,2.85986328125
1904,0.6831054687500001,0.82861328125,1.12548828125,1.396484375,1.28759765625,0.61767578125,2.88525390625
1905,1.0078125,0.4775390625,1.17236328125,1.58837890625,1.05078125,0.689453125,2.869140625
1906,0.92138671875,0.9892578125,0.705078125,1.20703125,1.0244140625,1.23046875,2.76318359375
1907,1.265625,0.865234375,1.0205078125,1.529296875,0.88134765625,1.203125,2.71240234375
1908,1.24169921875,1.05078125,0.9052734375,1.033203125,1.1083984375,1.27197265625,3.08349609375
1909,1.33544921875,0.87646484375,1.00390625,1.16259765625,0.89111328125,1.32958984375,3.0
1910,1.16357421875,0.74072265625,0.544921875,1.44970703125,1.23876953125,0.91650390625,2.556640625
1911,1.314453125,0.67626953125,0.6416015625,1.38037109375,0.8691406250000001,1.05078125,2.58251953125
1912,1.0673828125,1.5029296875,1.12255859375,1.35693359375,1.00830078125,0.8583984375,2.75732421875
1913,0.97607421875,1.14013671875,1.37451171875,1.5361328125,0.87255859375,0.9956054687500001,2.732421875
1914,1.1064453125,1.33447265625,0.84033203125,1.56103515625,1.13525390625,1.1533203125,2.68994140625
1915,1.48291015625,1.06591796875,1.1875,1.55224609375,1.03271484375,1.03125,2.50244140625
1916,0.939453125,1.046875,1.09033203125,1.21728515625,1.08740234375,0.69482421875,2.83251953125
1917,1.35205078125,0.8725585937500001,1.2138671875,1.28857421875,0.978515625,0.9736328125,2.72509765625
1918,1.21728515625,1.12353515625,0.8540039062500001,1.50048828125,1.31201171875,0.98876953125,2.900390625
1919,1.203125,0.95947265625,1.0126953125,1.55322265625,0.9736328125,0.900390625,2.7412109375
1920,0.96533203125,0.88525390625,1.06689453125,1.205078125,1.06787109375,0.61279296875,3.04931640625
1921,1.3212890625,0.6318359375000001,0.8349609375000001,1.2919921875,1.244140625,0.80029296875,2.9404296875
1922,0.9140625,0.99169921875,0.857421875,1.18798828125,1.2177734375,0.7548828125,2.93310546875
1923,1.13720703125,0.70556640625,0.75341796875,1.27685546875,0.9521484375,0.9677734375,2.88671875
1924,1.2646484375,1.0791015625,0.9838867187500001,1.1875,1.3203125,0.521484375,2.69677734375
1925,1.59375,1.1025390625,1.16455078125,1.28662109375,1.0625,0.6201171875,2.5224609375
1926,0.69091796875,1.15478515625,0.8759765625,1.37548828125,1.4775390625,0.9189453125,2.6767578125
1927,0.826171875,0.93701171875,1.177734375,1.55322265625,1.15673828125,1.04638671875,2.66015625
1928,1.00537109375,1.07177734375,0.85693359375,1.26123046875,1.03857421875,0.8623046875,2.92822265625
1929,1.0498046875,0.70751953125,0.8378906250000001,1.42919921875,0.97265625,0.9970703125,2.765625
1930,1.3515625,1.13623046875,0.59716796875,1.599609375,0.92236328125,1.04345703125,2.77392578125
1931,1.55078125,1.0234375,0.7412109375,1.59375,0.91064453125,1.1103515625,2.693359375
1932,1.25,1.19140625,1.0419921875,1.41650390625,1.45751953125,0.85693359375,2.509765625
1933,1.2412109375,1.09912109375,1.06494140625,1.6650390625,1.19873046875,1.06640625,2.3447265625
1934,1.36279296875,1.1884765625,0.921875,1.36767578125,1.0771484375,0.9375,2.75439453125
1935,1.23291015625,1.00634765625,0.9443359375,1.39111328125,1.02978515625,1.47607421875,2.6259765625
1936,1.10986328125,1.341796875,0.77685546875,1.359375,1.04345703125,1.28125,2.548828125
1937,1.0439453125,1.09130859375,0.9497070312500001,1.57275390625,0.74951171875,1.595703125,2.4677734375
1938,1.09912109375,1.10791015625,0.912109375,1.22607421875,1.25,0.84521484375,2.8564453125
1939,1.240234375,0.74365234375,0.8276367187500001,1.47998046875,0.9526367187500001,0.97607421875,2.83935546875
1940,1.00634765625,0.8837890625,1.08203125,1.45166015625,0.95068359375,0.8857421875,2.91748046875
1941,0.89013671875,0.5556640625000001,1.16943359375,1.39794921875,0.8081054687500001,1.25146484375,2.875
1942,1.1572265625,1.275390625,0.927734375,1.32080078125,1.12353515625,1.11181640625,2.75732421875
1943,1.51611328125,1.14599609375,0.93359375,1.34326171875,0.74365234375,0.9638671875,2.8115234375
1944,1.314453125,1.10107421875,0.7421875,1.5634765625,0.859375,0.74853515625,2.85693359375
1945,1.1552734375,1.01318359375,0.96484375,1.88427734375,0.66748046875,0.85205078125,2.7294921875
1946,1.5322265625,1.28955078125,1.10009765625,1.2109375,1.16015625,0.958984375,2.60546875
1947,1.53564453125,0.9814453125,1.08935546875,1.48583984375,1.390625,1.23046875,2.353515625
1948,0.947265625,0.86279296875,1.1162109375,1.3916015625,1.12939453125,0.89453125,2.888671875
1949,1.33837890625,0.53564453125,1.35009765625,1.56884765625,0.8203125000000001,0.79248046875,2.83349609375
1950,1.43115234375,1.384765625,0.82763671875,1.30078125,0.99609375,1.0234375,3.00390625
1951,1.43212890625,1.408203125,0.9130859375,1.58984375,0.8613281250000001,0.92626953125,2.9150390625
1952,1.1708984375,1.35693359375,0.728515625,1.33154296875,0.78662109375,1.35888671875,3.01171875
1953,1.39111328125,1.12841796875,0.796875,1.65283203125,0.7998046875,1.37548828125,2.85009765625
1954,1.62060546875,1.39208984375,1.22265625,1.4775390625,1.298828125,0.77685546875,2.70703125
1955,1.51318359375,0.8896484375,1.29345703125,1.62158203125,1.28515625,0.9521484375,2.56884765625
1956,1.34326171875,1.09716796875,1.0283203125,1.71826171875,1.43408203125,0.9833984375,2.52392578125
1957,1.2841796875,1.03271484375,1.10107421875,1.8564453125,1.12255859375,1.14306640625,2.4248046875
1958,1.14404296875,1.32763671875,0.81591796875,1.3515625,0.9912109375,1.0078125,2.68603515625
1959,1.26220703125,1.15673828125,1.0634765625,1.32763671875,0.7626953125,1.0859375,2.67333984375
1960,1.8251953125,0.759765625,1.056640625,1.0673828125,1.17626953125,0.7934570312500001,2.609375
1961,1.513671875,0.66650390625,1.08056640625,1.0263671875,0.94482421875,1.15234375,2.39697265625
1962,0.970703125,0.9326171875,0.9052734375,0.99560546875,1.32421875,0.6474609375000001,2.7060546875
1963,1.4892578125,1.08251953125,0.9189453125,1.173828125,1.0478515625,0.8671875,2.548828125
1964,1.17578125,1.3046875,0.88671875,1.69140625,0.77783203125,1.07763671875,2.76708984375
1965,1.38525390625,1.0595703125,0.92431640625,1.8369140625,0.6010742187500001,1.13232421875,2.703125
1966,1.21240234375,1.19384765625,1.10107421875,1.40283203125,1.21533203125,0.8974609375000001,2.6279296875
1967,1.1103515625,0.99755859375,1.029296875,1.51708984375,0.7734375,0.85986328125,2.62548828125
1968,1.04052734375,1.14892578125,0.6860351562500001,1.08154296875,1.28125,0.8701171875,2.64111328125
1969,1.25048828125,1.02197265625,0.88916015625,0.9833984375,1.1884765625,1.107421875,2.6708984375
1970,1.365234375,1.04638671875,1.1240234375,1.54638671875,0.94970703125,1.041015625,2.94189453125
1971,1.32763671875,1.13525390625,1.1318359375,1.599609375,0.89892578125,1.08447265625,2.74609375
1972,1.134765625,0.95947265625,0.87353515625,1.55859375,0.76611328125,1.009765625,2.572265625
1973,1.31591796875,1.0673828125,1.04736328125,1.61962890625,0.55810546875,1.4072265625,2.52392578125
1974,0.8413085937500001,1.23583984375,0.88818359375,0.9765625,0.69677734375,0.650390625,2.54345703125
1975,1.1611328125,1.259765625,1.01025390625,1.18994140625,0.7939453125000001,0.7788085937500001,2.4677734375
1976,1.203125,0.904296875,0.98681640625,1.16748046875,1.31494140625,0.990234375,2.6953125
1977,1.66357421875,0.81982421875,1.1103515625,1.24169921875,1.13671875,1.16015625,2.5849609375
1978,1.19140625,1.087890625,0.7861328125,1.1044921875,0.9521484375,1.00927734375,2.38916015625
1979,1.15087890625,0.7734375,0.9990234375,1.18408203125,0.8974609375,1.07080078125,2.46630859375
1980,1.0546875,1.203125,0.87158203125,1.21826171875,1.01123046875,0.6630859375,2.5068359375
1981,1.1767578125,1.0205078125,0.9912109375,1.63916015625,0.86962890625,0.7998046875000001,2.45068359375
1982,1.03076171875,0.94970703125,1.080078125,0.97509765625,0.837890625,1.33154296875,2.70166015625
1983,0.9755859375000001,0.86376953125,1.08154296875,1.21533203125,0.9155273437500001,1.42333984375,2.611328125
1984,0.83740234375,0.8046875,0.88330078125,1.2998046875,0.8872070312500001,0.990234375,2.83056640625
1985,1.12451171875,0.7333984375,0.96044921875,1.5380859375,0.7509765625,1.220703125,2.83251953125
1986,0.90185546875,0.8193359375,1.02880859375,1.13818359375,1.138671875,1.0244140625,2.5498046875
1987,1.265625,0.68798828125,1.1064453125,1.28125,1.0703125,1.3076171875,2.49560546875
1988,1.234375,0.7778320312500001,0.86669921875,1.66552734375,0.689453125,0.8081054687500001,2.62841796875
1989,1.4580078125,1.0146484375,1.025390625,1.60205078125,0.6782226562500001,1.15380859375,2.6494140625
1990,0.7431640625000001,1.056640625,1.06201171875,1.2080078125,1.0302734375,0.91455078125,2.60009765625
1991,0.9130859375,0.9951171875,1.06982421875,1.15478515625,1.23486328125,0.95703125,2.47265625
1992,0.90966796875,1.001953125,1.1259765625,1.30322265625,1.44677734375,1.0693359375,2.48291015625
1993,1.0888671875,0.923828125,1.02294921875,1.453125,1.4150390625,0.9912109375,2.39892578125
1994,1.15087890625,1.00732421875,1.37353515625,1.25244140625,1.0224609375,1.11279296875,2.771484375
1995,1.3173828125,0.6962890625,1.36181640625,1.6103515625,1.08203125,1.0966796875,2.85693359375
1996,1.212890625,0.9169921875,1.31396484375,1.00146484375,0.91650390625,0.7783203125,2.6982421875
1997,1.3154296875,0.9384765625,1.232421875,1.14111328125,1.00048828125,0.8984375,2.58642578125
1998,1.0849609375,0.892578125,1.10888671875,1.22900390625,0.923828125,1.337890625,2.70361328125
1999,1.103515625,0.6572265625,1.13232421875,1.17529296875,0.92431640625,1.267578125,2.35498046875
2000,1.16259765625,1.08544921875,0.802734375,1.14013671875,0.990234375,0.603515625,2.8984375
2001,1.3486328125,0.6806640625,0.98388671875,1.2841796875,0.8452148437500001,0.6689453125,2.90087890625
2002,1.00634765625,0.91796875,0.88525390625,0.90087890625,1.18505859375,1.06103515625,2.53662109375
2003,1.23974609375,0.91259765625,0.9091796875,0.93798828125,0.77783203125,1.455078125,2.4091796875
2004,0.92626953125,1.0673828125,1.365234375,1.076171875,0.90478515625,1.2890625,2.71142578125
2005,0.96044921875,0.7187500000000001,1.06396484375,1.19775390625,1.10302734375,1.23779296875,2.626953125
2006,1.17333984375,1.2001953125,0.99609375,1.2724609375,1.24365234375,0.93798828125,2.80078125
2007,1.3212890625,1.32373046875,1.0556640625,1.17626953125,1.01123046875,0.9111328125,2.873046875
2008,1.10693359375,1.02587890625,1.099609375,1.4248046875,0.9501953125,1.10107421875,2.9013671875
2009,1.15185546875,0.87841796875,1.16259765625,1.43505859375,0.83251953125,1.19482421875,2.7109375
2010,1.0048828125,1.1826171875,1.07080078125,1.2294921875,1.31640625,1.46826171875,2.6787109375
2011,1.38037109375,1.01611328125,1.17431640625,1.4775390625,1.041015625,1.37353515625,2.66845703125
2012,1.11572265625,1.2607421875,1.04638671875,1.1416015625,1.11328125,1.0361328125,2.79248046875
2013,1.38427734375,0.97998046875,0.98486328125,1.224609375,1.09716796875,1.16845703125,2.72509765625
2014,0.77978515625,1.00927734375,1.2763671875,1.24755859375,0.91455078125,0.65576171875,2.48095703125
2015,1.08935546875,1.13818359375,1.2587890625,1.39453125,0.7895507812500001,0.8701171875000001,2.42529296875
2016,1.0703125,1.4609375,1.2783203125,1.30078125,1.06494140625,1.02587890625,2.94287109375
2017,1.11328125,1.1201171875,1.2216796875,1.3955078125,1.21337890625,1.181640625,2.83154296875
2018,0.98974609375,1.14404296875,0.86083984375,1.0322265625,0.97021484375,0.82568359375,2.8232421875
2019,1.2470703125,0.99267578125,0.9150390625,1.34228515625,0.80712890625,1.01611328125,2.7275390625
2020,1.080078125,1.07568359375,0.8242187500000001,1.45068359375,0.97119140625,0.76708984375,2.72216796875
2021,1.1572265625,0.96044921875,0.8056640625,1.498046875,0.95263671875,1.05908203125,2.75830078125
2022,1.4150390625,0.9697265625,0.9345703125,1.37060546875,1.02099609375,0.9677734375000001,2.67724609375
2023,1.41015625,0.6572265625,1.10888671875,1.42431640625,0.7729492187500001,1.1806640625,2.62109375
2024,0.857421875,1.04443359375,0.54833984375,1.453125,0.78759765625,0.9638671875,2.66650390625
2025,0.9697265625,0.97705078125,0.66943359375,1.630859375,0.69921875,0.90869140625,2.74072265625
2026,0.98291015625,1.23291015625,0.9521484375,1.248046875,1.1357421875,1.42138671875,2.5595703125
2027,1.2138671875,1.12451171875,1.068359375,1.0400390625,0.8471679687500001,1.4736328125,2.478515625
2028,0.814453125,1.15869140625,1.31884765625,1.23291015625,1.11962890625,0.89794921875,2.41552734375
2029,1.44384765625,0.8857421875000001,1.45361328125,1.42236328125,1.01513671875,0.94384765625,2.38525390625
2030,1.22802734375,1.17724609375,0.935546875,1.22412109375,0.93359375,0.9375,2.69482421875
2031,1.07080078125,1.10205078125,0.8828125,1.333984375,1.05322265625,1.1181640625,2.75146484375
2032,1.22705078125,1.07763671875,0.6049804687500001,1.208984375,1.16943359375,0.7158203125,2.50146484375
2033,1.330078125,0.80712890625,0.8134765625,1.25634765625,1.11181640625,0.7641601562500001,2.49951171875
2034,0.6997070312500001,0.93115234375,1.29638671875,1.28955078125,1.3271484375,0.71923828125,2.57275390625
2035,0.98974609375,0.89599609375,1.2724609375,1.3115234375,0.9033203125,0.7646484375000001,2.34130859375
2036,1.05078125,1.2958984375,1.13720703125,1.46044921875,1.12353515625,0.80224609375,2.900390625
2037,1.41845703125,0.78125,1.15283203125,1.498046875,0.9853515625000001,1.025390625,2.6259765625
2038,0.90673828125,1.32080078125,0.89990234375,1.1533203125,1.0283203125,1.15185546875,2.58251953125
2039,1.107421875,1.04052734375,0.919921875,1.583984375,0.90771484375,1.2900390625,2.66064453125
2040,0.94091796875,1.0703125,0.6708984375,1.2265625,0.96533203125,0.68701171875,2.521484375
2041,1.439453125,0.95947265625,0.7626953125,1.28857421875,0.95849609375,0.92431640625,2.37890625
2042,0.94140625,1.01220703125,0.94287109375,1.2568359375,1.14208984375,1.10546875,2.65966796875
2043,1.162109375,1.001953125,1.01416015625,1.3544921875,1.244140625,1.2587890625,2.7607421875
2044,0.99560546875,0.98095703125,1.23095703125,1.1015625,0.77978515625,0.9033203125,2.900390625
2045,1.34912109375,0.78076171875,1.21044921875,1.38671875,0.560546875,0.99169921875,2.70263671875
2046,1.07373046875,0.8696289062500001,0.7099609375,1.48388671875,1.05126953125,1.0556640625,2.42724609375
2047,1.12939453125,0.71142578125,0.6376953125,1.3818359375,0.8095703125,1.09814453125,2.341796875
2048,1.0888671875,1.265625,0.88330078125,1.162109375,1.212890625,0.5087890625,2.83837890625
2049,1.7958984375,0.9853515625,0.9775390625,1.2470703125,0.80029296875,0.7236328125,2.873046875
2050,1.083984375,1.3212890625,1.11083984375,1.50341796875,1.431640625,0.93310546875,2.908203125
2051,1.09912109375,1.28759765625,1.37548828125,1.48193359375,1.236328125,1.10302734375,3.01953125
2052,1.1279296875,0.96923828125,1.1396484375,1.21923828125,1.1064453125,1.1416015625,2.72314453125
2053,1.38818359375,0.5869140625,1.20458984375,1.21142578125,0.8901367187500001,1.015625,2.47265625
2054,1.267578125,1.08056640625,0.96728515625,1.43310546875,1.109375,0.95751953125,2.791015625
2055,1.447265625,1.1015625,0.908203125,1.5556640625,0.912109375,1.33056640625,2.95263671875
2056,1.01708984375,1.13427734375,0.6943359375000001,1.50390625,1.54443359375,1.10009765625,3.0244140625
2057,1.24658203125,0.93994140625,0.6953125,1.455078125,1.31396484375,1.54833984375,2.6650390625
2058,1.1123046875,1.00439453125,1.015625,0.9443359375,0.90966796875,1.29150390625,2.8017578125
2059,1.68701171875,0.8740234375,1.1416015625,1.34619140625,0.84375,1.4775390625,2.69287109375
2060,0.7578125,1.3603515625,1.02880859375,1.4912109375,1.103515625,0.86083984375,2.83447265625
2061,1.2451171875,1.0927734375,1.51171875,1.4873046875,0.83056640625,1.1318359375,2.59423828125
2062,1.06884765625,1.14697265625,1.01025390625,0.96630859375,1.0263671875,1.3095703125,2.6953125
2063,1.38525390625,1.05859375,1.01416015625,0.8994140625,1.07421875,1.57568359375,2.50830078125
2064,1.30322265625,1.08447265625,1.01318359375,1.576171875,1.05712890625,0.96142578125,2.36865234375
2065,1.0712890625,0.7578125,1.087890625,1.5849609375,1.0791015625,1.25537109375,2.27880859375
2066,1.1513671875,1.13427734375,0.87451171875,0.947265625,1.3720703125,1.1259765625,2.68798828125
2067,1.24853515625,0.67724609375,1.17236328125,1.150390625,1.13671875,1.0859375,2.75146484375
2068,1.2578125,1.224609375,1.10595703125,1.048828125,1.45166015625,1.24951171875,2.7705078125
2069,1.27685546875,1.06396484375,1.0048828125,1.2802734375,1.33203125,1.2783203125,2.8056640625
2070,1.28955078125,0.63916015625,0.9033203125,1.20263671875,1.27783203125,0.87744140625,2.74365234375
2071,1.24560546875,0.67041015625,0.990234375,1.26904296875,1.05908203125,0.91796875,2.787109375
2072,1.4873046875,1.189453125,0.94580078125,1.4130859375,1.1328125,1.25830078125,2.8291015625
2073,1.4716796875,0.8886718750000001,0.896484375,1.53173828125,1.14013671875,1.3408203125,2.501953125
2074,0.5546875,1.11962890625,0.8862304687500001,1.1708984375,0.80615234375,0.9130859375,2.744140625
2075,0.75439453125,0.7890625,1.03955078125,1.15625,0.63134765625,1.021484375,2.52197265625
2076,0.7832031250000001,1.43408203125,1.09033203125,1.1533203125,1.26025390625,0.9228515625,2.7568359375
2077,1.150390625,0.94140625,1.24853515625,0.97900390625,1.01806640625,0.91064453125,2.8388671875
2078,1.0869140625,1.04541015625,1.07275390625,0.95068359375,1.06982421875,0.8681640625,2.58251953125
2079,1.3427734375,1.0478515625,1.078125,0.82080078125,1.04052734375,0.89794921875,2.44580078125
2080,1.2255859375,1.14501953125,1.0234375,1.09814453125,1.34033203125,0.4287109375,2.8759765625
2081,1.0908203125,1.17236328125,1.17041015625,1.27587890625,1.1904296875,0.64501953125,2.7041015625
2082,1.08935546875,1.22412109375,0.73046875,1.669921875,1.0859375,0.9208984375,2.59423828125
2083,1.33837890625,1.0810546875,0.8974609375000001,1.404296875,1.10205078125,1.1044921875,2.556640625
2084,1.11181640625,1.5546875,0.55712890625,1.3271484375,0.8085937500000001,1.10107421875,2.53125
2085,1.04296875,1.57763671875,0.69873046875,1.390625,0.72216796875,1.31884765625,2.6201171875
2086,1.07763671875,0.8417968750000001,0.9326171875,1.13818359375,0.9536132812500001,0.8681640625,2.84375
2087,1.15869140625,0.56689453125,0.89208984375,1.40234375,1.08154296875,1.13427734375,2.59033203125
2088,0.826171875,1.111328125,1.15283203125,0.873046875,1.1630859375,0.83349609375,2.93408203125
2089,1.29248046875,1.052734375,1.14697265625,0.94384765625,0.98095703125,1.0849609375,2.7998046875
2090,1.08837890625,0.9306640625,1.07861328125,1.5673828125,0.6982421875,0.83544921875,2.716796875
2091,1.248046875,0.7509765625,1.34375,1.44970703125,0.5625,1.03955078125,2.81689453125
2092,1.25634765625,1.390625,0.69384765625,1.68359375,1.36865234375,1.11328125,2.88037109375
2093,1.2294921875,1.07958984375,0.9208984375,1.5556640625,1.2568359375,1.34326171875,2.927734375
2094,0.95458984375,1.4140625,1.1689453125,1.22119140625,1.05419921875,0.93896484375,2.65625
2095,1.31396484375,0.87939453125,1.3857421875,1.32470703125,1.359375,1.09814453125,2.41455078125
2096,1.0185546875,0.7392578125000001,0.9755859375,1.16748046875,1.21826171875,1.11767578125,2.76171875
2097,1.6533203125,0.6435546875,0.95849609375,1.279296875,1.18701171875,1.310546875,2.56591796875
2098,1.23388671875,1.22021484375,1.34423828125,1.0556640625,1.19091796875,1.0009765625,2.53076171875
2099,1.50634765625,1.029296875,1.46484375,1.06689453125,1.09716796875,0.9873046875,2.4619140625
2100,0.7666015625000001,0.77294921875,0.8081054687500001,1.34765625,1.02294921875,0.958984375,2.61474609375
2101,1.1162109375,0.68505859375,0.83349609375,1.50146484375,0.669921875,1.15087890625,2.5576171875
2102,1.15234375,1.44140625,0.806640625,1.212890625,1.2333984375,0.86767578125,2.3720703125
2103,1.4443359375,0.8896484375,1.18994140625,1.34619140625,1.1181640625,1.0556640625,2.33740234375
2104,1.36181640625,0.9218750000000001,0.84521484375,1.0986328125,1.275390625,0.93408203125,2.98681640625
2105,1.56103515625,0.65625,0.96630859375,1.35693359375,1.02978515625,1.015625,2.982421875
2106,1.00537109375,1.1669921875,1.17626953125,1.515625,0.7929687500000001,0.904296875,2.78662109375
2107,1.1669921875,1.13720703125,1.208984375,1.4912109375,0.7060546875,1.00341796875,3.0205078125
2108,0.93359375,1.25927734375,0.9990234375,1.34033203125,1.0009765625,0.73193359375,2.6533203125
2109,1.20654296875,1.265625,0.9716796875,1.14501953125,0.72900390625,0.80322265625,2.587890625
2110,0.5566406250000001,0.7802734375,0.9404296875,1.43017578125,0.8671875,0.4951171875,2.60595703125
2111,0.7519531250000001,0.60302734375,0.9599609375,1.3671875,1.03173828125,0.603515625,2.52197265625
2112,0.7529296875000001,1.01611328125,0.99755859375,1.330078125,0.83642578125,0.96142578125,2.7509765625
2113,0.79443359375,0.8813476562500001,1.02197265625,1.25048828125,0.6259765625000001,1.2548828125,2.6142578125
2114,0.7041015625000001,0.88671875,0.73486328125,1.20654296875,1.4921875,0.8193359375,2.73193359375
2115,0.7431640625000001,0.5776367187500001,0.7250976562500001,1.11328125,1.18896484375,1.18017578125,2.65966796875
2116,1.3310546875,1.17041015625,0.9140625,1.12255859375,0.87939453125,0.8178710937500001,2.94287109375
2117,1.5966796875,0.88720703125,0.78271484375,1.25732421875,0.94970703125,1.0029296875,2.8544921875
2118,0.8457031250000001,1.0048828125,0.8359375,1.18310546875,1.09912109375,0.5048828125000002,2.5732421875
2119,1.24658203125,0.80224609375,0.98876953125,1.12109375,0.955078125,0.8349609375,2.3212890625
2120,1.12890625,1.07275390625,1.04541015625,1.126953125,1.45751953125,0.95703125,3.07177734375
2121,0.9970703125,0.546875,1.00927734375,0.95947265625,1.3505859375,1.08642578125,2.8671875
2122,1.2490234375,1.4677734375,0.7846679687500001,1.14892578125,1.2275390625,1.0146484375,2.880859375
2123,1.32275390625,1.166015625,0.99169921875,1.14990234375,1.109375,1.19140625,2.6923828125
2124,1.0517578125,0.9306640625,0.888671875,1.39990234375,0.87939453125,0.98046875,2.37939453125
2125,1.1123046875,0.81298828125,1.0361328125,1.4755859375,0.9765625,1.35400390625,2.19189453125
2126,1.11181640625,1.0576171875,0.84375,0.9697265625,1.11376953125,0.923828125,2.58056640625
2127,1.47021484375,0.7221679687500001,0.94970703125,1.21826171875,1.0634765625,0.87451171875,2.51611328125
2128,0.79052734375,1.36767578125,1.1748046875,0.9130859375,0.73486328125,0.974609375,2.79345703125
2129,1.2587890625,1.1328125,1.23876953125,1.11279296875,0.595703125,1.00927734375,2.98779296875
2130,1.22216796875,1.39697265625,1.130859375,1.31787109375,1.1943359375,0.94482421875,2.6513671875
2131,1.400390625,1.20654296875,1.0009765625,1.51513671875,1.07666015625,1.09033203125,2.669921875
2132,1.08154296875,1.15673828125,0.8212890625,1.31201171875,0.87255859375,0.8994140625,2.5498046875
2133,1.1767578125,0.81640625,0.7861328125,1.3330078125,0.73291015625,1.0556640625,2.4814453125
2134,1.0302734375,1.296875,0.94091796875,1.2841796875,1.115234375,1.2109375,2.419921875
2135,1.3681640625,0.8017578125,1.009765625,1.259765625,0.9208984375,1.310546875,2.39111328125
2136,1.3173828125,1.17724609375,1.07177734375,1.18212890625,0.6591796875,0.8544921875000001,2.67138671875
2137,1.74951171875,0.9511718750000001,1.13232421875,1.2158203125,0.48388671875,1.04833984375,2.66845703125
2138,1.423828125,0.7529296875,0.7412109375,1.17333984375,1.34033203125,0.69189453125,2.708984375
2139,1.60986328125,0.63037109375,0.8984375,1.2978515625,1.18896484375,0.86083984375,2.74951171875
2140,0.9716796875,1.3466796875,0.8354492187500001,0.97216796875,0.8452148437500001,1.3876953125,2.82470703125
2141,1.48681640625,1.23779296875,0.89794921875,0.8520507812500001,0.80517578125,1.3251953125,2.72705078125
2142,1.05517578125,1.07958984375,0.7890625,1.24755859375,0.98583984375,0.8798828125,2.71240234375
2143,1.51416015625,1.03515625,0.91552734375,1.494140625,1.10546875,0.81005859375,3.013671875
2144,1.0361328125,1.3759765625,0.96044921875,0.78173828125,1.20751953125,0.90771484375,2.5166015625
2145,1.2802734375,1.47412109375,0.99072265625,0.86865234375,1.18603515625,0.8603515625,2.47705078125
2146,1.13330078125,1.3154296875,0.88818359375,1.36181640625,0.89501953125,0.72021484375,2.86474609375
2147,1.27001953125,1.02978515625,1.0517578125,1.47705078125,0.90771484375,0.865234375,2.8271484375
2148,1.05712890625,1.09765625,0.8393554687500001,1.146484375,1.2275390625,0.81201171875,2.955078125
2149,1.25927734375,1.0087890625,0.916015625,1.0869140625,1.037109375,0.91357421875,2.6865234375
2150,1.0830078125,0.8032226562500001,0.8251953125,1.01318359375,0.8378906250000001,0.7470703125,2.916015625
2151,1.275390625,0.67431640625,0.701171875,1.12353515625,0.97119140625,0.8427734375,2.9345703125
2152,1.40478515625,1.32080078125,1.05615234375,0.99658203125,1.09326171875,0.6992187500000001,2.38330078125
2153,1.26171875,1.4423828125,1.0498046875,1.10400390625,0.8505859375,0.97119140625,2.37548828125
2154,1.322265625,1.33251953125,0.7744140625,1.4912109375,1.1015625,0.552734375,2.52880859375
2155,1.30908203125,1.15771484375,1.08154296875,1.40283203125,0.9023437500000001,0.62744140625,2.54150390625
2156,0.9731445312500001,0.64404296875,0.80029296875,1.34765625,0.97412109375,0.95166015625,2.43310546875
2157,1.40185546875,0.5341796875,0.7363281250000001,1.33935546875,0.8916015625,1.10791015625,2.39453125
2158,1.16064453125,1.02880859375,1.03515625,1.3701171875,0.9990234375,0.86181640625,3.04638671875
2159,1.474609375,0.99853515625,1.10498046875,1.47998046875,0.83251953125,0.994140625,3.10595703125
2160,1.1650390625,1.0966796875,0.9873046875,1.08349609375,0.9130859375,0.587890625,3.03271484375
2161,1.47265625,0.78369140625,1.1162109375,1.1416015625,0.91064453125,0.90234375,2.8525390625
2162,1.05126953125,1.02490234375,0.98388671875,1.3154296875,0.72412109375,0.400390625,2.57373046875
2163,1.47021484375,0.7529296875,1.1171875,1.41748046875,0.8974609375,0.68408203125,2.35400390625
2164,0.71826171875,1.1376953125,0.91357421875,0.93994140625,1.09375,0.662109375,2.99853515625
2165,1.150390625,0.8188476562500001,1.03271484375,0.9482421875,1.10302734375,0.8017578125,2.8779296875
2166,1.2275390625,1.193359375,1.00732421875,1.08935546875,1.2138671875,1.2822265625,2.599609375
2167,1.3720703125,1.1298828125,1.07958984375,1.25439453125,1.029296875,1.34326171875,2.5556640625
2168,1.0390625,1.32080078125,0.7861328125000001,0.99609375,1.099609375,0.6357421875,2.662109375
2169,1.20947265625,0.91259765625,0.62255859375,1.37353515625,0.9736328125,0.76318359375,2.5166015625
2170,1.27783203125,1.27197265625,0.78759765625,1.30029296875,1.18408203125,1.232421875,2.74853515625
2171,1.61474609375,0.9980468750000001,0.9140625000000001,1.53955078125,0.8227539062500001,1.29345703125,2.71435546875
2172,0.91455078125,1.26171875,1.154296875,1.021484375,1.01708984375,1.0546875,2.580078125
2173,1.2373046875,1.1552734375,1.30712890625,1.4560546875,0.99755859375,1.02880859375,2.57666015625
2174,0.97265625,1.04541015625,0.998046875,1.0146484375,0.90771484375,0.93359375,2.89697265625
2175,1.138671875,0.84814453125,1.28173828125,1.3251953125,0.7631835937500001,0.9853515625,2.94775390625
2176,0.89453125,1.2470703125,1.134765625,1.10693359375,0.93408203125,1.14453125,3.0751953125
2177,0.97607421875,1.1943359375,1.02978515625,1.1171875,0.88623046875,1.50048828125,2.9140625
2178,1.5166015625,1.12109375,0.9384765625,1.23583984375,1.1298828125,1.03857421875,2.97265625
2179,1.34912109375,1.07763671875,1.20654296875,1.41845703125,1.01123046875,1.09814453125,2.82958984375
2180,0.728515625,1.203125,0.6577148437500001,0.908203125,1.04248046875,0.53564453125,2.666015625
2181,1.14697265625,1.15087890625,0.8193359375,0.8916015625000001,0.77783203125,0.71826171875,2.5810546875
2182,0.8325195312500001,1.1220703125,0.931640625,1.021484375,0.8852539062500001,1.091796875,2.677734375
2183,1.1552734375,1.08837890625,0.8935546875,1.203125,0.626953125,1.130859375,2.837890625
2184,1.216796875,1.2763671875,0.78515625,1.35546875,1.3603515625,0.939453125,2.4951171875
2185,1.3876953125,1.14599609375,0.7861328125,1.376953125,1.0126953125,0.9716796875,2.341796875
2186,1.322265625,1.30810546875,1.0224609375,1.1728515625,1.10009765625,0.935546875,2.3486328125
2187,1.8388671875,0.77587890625,1.0888671875,1.294921875,0.849609375,0.9423828125,2.29931640625
2188,1.16748046875,1.36865234375,0.86376953125,1.18701171875,0.966796875,1.05810546875,2.66064453125
2189,1.1015625,1.18798828125,0.9057617187500001,1.32861328125,0.94677734375,0.8378906250000001,2.611328125
2190,1.1650390625,0.98876953125,0.9794921875,1.10791015625,0.94482421875,1.0078125,2.77392578125
2191,1.30908203125,0.6279296875,1.056640625,1.2119140625,0.65576171875,1.01171875,2.83447265625
2192,1.13720703125,0.94873046875,1.32080078125,1.32080078125,0.63525390625,1.0390625,2.650390625
2193,1.25,0.6357421875,1.3603515625,1.17431640625,0.4404296875,1.29443359375,2.634765625
2194,1.369140625,1.08203125,1.0771484375,1.19921875,1.02880859375,0.8759765625,2.74462890625
2195,1.28564453125,0.896484375,1.3583984375,1.48095703125,1.02197265625,1.06982421875,2.740234375
2196,1.57763671875,1.1826171875,0.9365234375,1.052734375,1.27734375,1.23095703125,2.9482421875
2197,1.3720703125,1.12158203125,1.1259765625,1.26513671875,0.87744140625,1.2822265625,2.72998046875
2198,0.73291015625,1.25732421875,1.11376953125,1.25732421875,0.90234375,1.22705078125,2.654296875
2199,0.91455078125,1.12548828125,1.0859375,1.3994140625,0.7836914062500001,1.271484375,2.7705078125
2200,1.38671875,0.86962890625,0.68994140625,0.94091796875,1.0029296875,1.04296875,2.50146484375
2201,1.4443359375,0.79443359375,0.8110351562500001,0.951171875,1.009765625,1.388671875,2.56396484375
2202,1.1845703125,0.701171875,0.9697265625,1.2412109375,0.9814453125,1.00341796875,2.91357421875
2203,1.55810546875,0.5732421875,0.99462890625,1.29638671875,0.8203125,0.8681640625000001,2.85009765625
2204,1.07763671875,1.31396484375,0.90576171875,1.2470703125,0.8857421875,1.060546875,2.6025390625
2205,1.046875,1.02490234375,1.0703125,1.208984375,0.89794921875,1.322265625,2.52099609375
2206,1.06982421875,0.98388671875,0.8828125000000001,1.0634765625,1.05908203125,0.8247070312500001,2.50830078125
2207,1.34814453125,0.73193359375,1.0244140625,1.2177734375,0.81591796875,1.06689453125,2.6123046875
2208,0.99169921875,0.705078125,0.6923828125000001,0.998046875,0.70849609375,1.08544921875,2.45703125
2209,1.2890625,0.47216796875,0.7900390625,0.88818359375,0.4365234375,0.96044921875,2.3974609375
2210,1.26416015625,1.50341796875,1.1142578125,1.28564453125,1.05908203125,0.89208984375,2.78662109375
2211,1.54638671875,1.0361328125,1.1025390625,1.24951171875,1.087890625,1.2294921875,2.66650390625
2212,1.25244140625,1.375,0.5668945312500001,0.98388671875,0.91259765625,0.9375,2.666015625
2213,1.09326171875,1.20654296875,0.75732421875,1.13818359375,1.046875,0.96875,2.72216796875
2214,0.72900390625,1.14306640625,1.0546875,0.9775390625,1.423828125,0.91162109375,2.6513671875
2215,0.7626953125,1.107421875,1.02490234375,1.15673828125,1.142578125,0.89697265625,2.64404296875
2216,1.271484375,1.34375,0.509765625,1.5205078125,1.40576171875,0.87548828125,2.86279296875
2217,1.39697265625,1.376953125,0.60888671875,1.3447265625,1.25634765625,1.04052734375,2.67822265625
2218,1.1005859375,1.25732421875,0.98779296875,1.58251953125,1.35498046875,0.93408203125,2.77783203125
2219,1.5478515625,0.85888671875,1.0908203125,1.517578125,1.00732421875,1.12353515625,2.54150390625
2220,1.19482421875,1.4306640625,0.99853515625,1.29296875,1.3349609375,0.90869140625,3.107421875
2221,1.40576171875,1.05810546875,1.052734375,1.310546875,1.45654296875,1.0244140625,2.958984375
2222,1.2880859375,1.48876953125,0.98828125,1.21875,1.0234375,1.38232421875,2.333984375
2223,1.724609375,1.21728515625,1.0654296875,1.12255859375,0.82080078125,1.23974609375,2.34619140625
2224,1.01806640625,1.4384765625,0.7441406250000001,1.30224609375,1.2490234375,1.44921875,2.7998046875
2225,1.34130859375,1.16455078125,0.9052734375,1.1572265625,0.96142578125,1.3193359375,2.51171875
2226,1.11181640625,0.84814453125,1.25390625,1.201171875,1.1982421875,0.5771484375,2.783203125
2227,1.2265625,0.634765625,1.25537109375,1.33935546875,1.193359375,0.6982421875,2.6796875
2228,1.2666015625,1.15576171875,1.048828125,0.94189453125,1.2373046875,0.83447265625,2.95361328125
2229,1.67919921875,0.9731445312500001,1.25341796875,1.1396484375,1.431640625,0.98974609375,2.72509765625
2230,1.16796875,1.06689453125,1.1689453125,1.2021484375,0.72021484375,0.8798828125000001,2.79248046875
2231,1.49853515625,0.9916992187500001,0.97412109375,1.2919921875,0.91259765625,1.11962890625,2.85302734375
2232,1.041015625,0.896484375,0.8896484375,0.99560546875,0.57421875,0.705078125,2.80517578125
2233,1.0205078125,0.86962890625,1.181640625,0.96875,0.525390625,0.95751953125,2.6904296875
2234,1.34375,1.2470703125,1.28515625,1.11376953125,0.595703125,0.89892578125,2.82666015625
2235,1.02734375,0.89404296875,1.1064453125,1.1962890625,0.55517578125,1.08935546875,2.76416015625
2236,1.18310546875,0.78759765625,1.0517578125,1.52294921875,1.009765625,0.767578125,2.8115234375
2237,1.4462890625,0.8247070312500001,1.0234375,1.47021484375,0.63623046875,0.87060546875,2.66845703125
2238,1.28125,1.34423828125,0.98291015625,1.4052734375,0.974609375,0.9750976562500001,2.45654296875
2239,1.18896484375,1.33740234375,1.0283203125,1.37060546875,0.8427734375,1.30859375,2.32861328125
2240,0.8447265625,1.07958984375,0.9873046875,1.1044921875,0.74755859375,0.76220703125,2.6552734375
2241,0.9775390625,0.82763671875,1.248046875,1.27783203125,0.6767578125,0.99658203125,2.61279296875
2242,0.9140625000000001,1.11962890625,0.865234375,0.9970703125,0.57421875,0.91455078125,2.78759765625
2243,1.34130859375,1.07177734375,1.31201171875,1.2353515625,0.50634765625,1.2529296875,2.77587890625
2244,1.294921875,1.19580078125,1.2255859375,0.94775390625,1.0107421875,0.51123046875,2.92138671875
2245,1.48486328125,1.0927734375,1.04296875,1.193359375,0.6943359375000001,0.58154296875,2.6455078125
2246,1.2890625,1.041015625,0.86669921875,1.0068359375,1.07958984375,1.0947265625,2.52978515625
2247,1.2998046875,0.83837890625,0.8281250000000001,1.154296875,1.06103515625,1.16796875,2.3701171875
2248,0.65283203125,1.04150390625,0.998046875,0.83740234375,1.044921875,0.806640625,2.57275390625
2249,0.85302734375,0.93408203125,0.8779296875,0.80029296875,0.7241210937500001,0.97509765625,2.41650390625
2250,1.02978515625,0.7612304687500001,0.9443359375,1.18017578125,0.89404296875,0.9482421875000001,2.9716796875
2251,0.93603515625,0.6552734375,1.17333984375,1.15673828125,0.7275390625,1.0166015625,2.85400390625
2252,1.3583984375,0.59619140625,0.94482421875,1.23974609375,1.21435546875,1.04296875,2.54296875
2253,1.27294921875,0.5712890625,1.03369140625,1.5146484375,1.20068359375,0.908203125,2.45166015625
2254,0.8271484375,0.8115234375,0.9580078125,1.2353515625,1.205078125,0.69091796875,2.3701171875
2255,1.01416015625,0.5019531250000001,1.0556640625,1.32568359375,0.9951171875,0.7353515625,2.3232421875
2256,1.0986328125,1.15576171875,1.13818359375,1.125,0.87744140625,0.9248046875,2.50537109375
2257,1.50390625,1.0009765625,1.1279296875,1.18212890625,0.96337890625,1.0966796875,2.3671875
2258,0.81005859375,0.94873046875,1.1328125,1.130859375,0.8212890625,1.13818359375,2.380859375
2259,1.2197265625,0.984375,1.1845703125,1.31201171875,0.60302734375,1.0751953125,2.3466796875
2260,1.22216796875,0.984375,0.8994140625,1.099609375,0.8339843750000001,0.7890625,3.06591796875
2261,1.24951171875,0.9541015625,0.6962890625000001,0.92236328125,0.771484375,0.87353515625,2.94677734375
2262,0.787109375,1.380859375,1.06689453125,1.51416015625,1.1708984375,1.0205078125,2.60791015625
2263,0.8671875,1.28076171875,1.0771484375,1.70751953125,1.21728515625,1.12548828125,2.52197265625
2264,1.0146484375,0.9248046875,0.6850585937500001,1.072265625,1.2490234375,0.87744140625,2.86181640625
2265,1.2333984375,0.6499023437500001,0.998046875,1.361328125,1.08740234375,1.251953125,2.8857421875
2266,1.22314453125,0.62158203125,0.67041015625,1.24853515625,1.0986328125,0.4599609375,2.63525390625
2267,1.162109375,0.58203125,0.5942382812500001,1.18603515625,1.06494140625,0.5659179687500001,2.61865234375
2268,1.55078125,1.3671875,0.95166015625,1.3505859375,0.89306640625,0.7768554687500001,2.50830078125
2269,1.33056640625,0.9228515625,0.8935546875,1.27978515625,0.861328125,0.830078125,2.5166015625
2270,1.28466796875,1.0810546875,0.662109375,1.5234375,0.9609375,0.98486328125,2.83349609375
2271,1.28076171875,1.17431640625,0.67333984375,1.478515625,1.09716796875,1.37353515625,2.9453125
2272,1.07470703125,1.5419921875,0.947265625,0.9013671875,1.3095703125,0.84033203125,2.8115234375
2273,1.287109375,1.2734375,1.1845703125,1.0029296875,1.21533203125,1.13916015625,2.4912109375
2274,0.8100585937500001,0.91943359375,1.0390625,1.56005859375,0.8779296875,0.87890625,2.85009765625
2275,1.142578125,0.8686523437500001,1.07861328125,1.4697265625,0.8320312500000001,0.99609375,2.79150390625
2276,1.1630859375,1.6572265625,0.9453125,0.97509765625,1.30810546875,0.96337890625,2.63427734375
2277,1.5546875,1.3466796875,0.99755859375,0.8671875,1.1962890625,1.12109375,2.533203125
2278,1.19873046875,0.9912109375,1.20263671875,0.98779296875,0.9873046875,0.54296875,2.77197265625
2279,1.369140625,0.6240234375,1.44482421875,1.0029296875,0.65771484375,0.7578125,2.79541015625
2280,0.80859375,1.1669921875,0.5595703125,1.11669921875,0.962890625,1.22265625,2.40966796875
2281,0.94775390625,0.833984375,0.595703125,1.0537109375,0.8564453125,1.3583984375,2.37548828125
2282,1.048828125,0.91259765625,1.24658203125,0.96533203125,0.984375,0.943359375,2.94287109375
2283,1.2314453125,0.8515625,1.16943359375,1.24755859375,0.7768554687500001,1.3369140625,2.8583984375
2284,1.5380859375,0.8564453125000001,1.1494140625,1.677734375,1.291015625,1.068359375,2.43701171875
2285,1.46337890625,0.6552734375,1.3798828125,1.4619140625,0.99853515625,1.3076171875,2.4453125
2286,0.8833007812500001,1.0703125,0.7661132812500001,1.06982421875,0.98974609375,1.10205078125,3.125
2287,1.09814453125,1.01708984375,0.9755859375,1.03857421875,0.927734375,1.14892578125,2.82861328125
2288,1.220703125,1.11474609375,0.85986328125,0.94775390625,0.92578125,1.2998046875,2.3369140625
2289,1.3701171875,1.3017578125,0.81396484375,1.33642578125,0.7451171875,1.3916015625,2.17138671875
2290,0.787109375,0.98876953125,0.7431640625000001,1.09228515625,1.10986328125,0.64794921875,2.6494140625
2291,0.89013671875,1.03125,0.744140625,1.10888671875,1.15478515625,1.07568359375,2.5419921875
2292,0.98291015625,1.46923828125,1.0146484375,0.96923828125,1.54931640625,0.8598632812500001,2.6171875
2293,1.10205078125,1.2392578125,1.25439453125,0.97265625,1.32568359375,1.03125,2.544921875
2294,0.78125,1.37060546875,0.76953125,0.91552734375,0.974609375,0.95703125,2.6376953125
2295,0.810546875,1.0537109375,0.7744140625,1.234375,1.09423828125,1.2919921875,2.38330078125
2296,1.02490234375,1.43408203125,1.18017578125,0.77392578125,0.79248046875,1.42626953125,2.39697265625
2297,1.90869140625,1.4150390625,1.4052734375,0.94091796875,0.66552734375,1.33544921875,2.35986328125
2298,1.25146484375,0.958984375,1.353515625,1.40673828125,0.826171875,1.01220703125,2.95263671875
2299,1.31103515625,0.93994140625,1.19140625,1.341796875,0.8681640625,1.009765625,2.90673828125
2300,1.00732421875,1.330078125,1.08837890625,1.14501953125,1.27685546875,0.85595703125,2.90869140625
2301,1.2109375,1.09765625,1.048828125,1.2431640625,0.97509765625,1.21484375,2.67626953125
2302,1.19873046875,0.93994140625,0.9111328125,1.10791015625,1.09912109375,1.3818359375,2.396484375
2303,1.03955078125,0.802734375,1.1396484375,1.4482421875,1.05029296875,1.35498046875,2.37451171875
2304,1.0087890625,1.0693359375,0.89208984375,0.9765625,0.6064453125,1.10498046875,2.44140625
2305,1.06787109375,0.9111328125,1.08984375,1.03759765625,0.54052734375,1.255859375,2.31640625
2306,1.35595703125,1.15234375,0.9931640625,1.1650390625,0.8085937500000001,1.10302734375,2.892578125
2307,1.1630859375,1.38818359375,1.11962890625,1.2880859375,0.6831054687500001,1.25244140625,2.96240234375
2308,0.78125,1.1298828125,0.6777343750000001,1.45361328125,1.03515625,1.05517578125,2.6083984375
2309,0.9599609375,0.93994140625,0.84716796875,1.32861328125,0.7939453125,1.2080078125,2.556640625
2310,1.16650390625,1.3447265625,1.08642578125,1.2373046875,0.72900390625,1.22119140625,2.85400390625
2311,1.34765625,1.13623046875,1.02099609375,0.98583984375,0.6152343750000001,1.373046875,2.72216796875
2312,1.1083984375,1.240234375,0.49169921875,1.41455078125,1.044921875,1.00390625,2.58544921875
2313,1.3603515625,1.056640625,0.68994140625,1.46484375,1.125,1.2392578125,2.49072265625
2314,1.25439453125,0.6923828125,1.35693359375,1.3662109375,0.98388671875,1.06005859375,2.58251953125
2315,1.21337890625,0.541015625,1.44384765625,1.30029296875,0.853515625,1.0537109375,2.6259765625
2316,1.18994140625,1.10986328125,1.5068359375,1.4345703125,1.09130859375,0.9033203125,3.005859375
2317,1.3076171875,1.03173828125,1.38525390625,1.65087890625,1.1767578125,1.14111328125,3.00048828125
2318,1.17138671875,1.1044921875,1.466796875,1.107421875,1.09423828125,0.89794921875,2.72021484375
2319,1.375,0.7954101562500001,1.48388671875,1.25341796875,0.8032226562500001,0.9697265625000001,2.71142578125
2320,1.5263671875,1.32666015625,0.80126953125,1.41455078125,1.01220703125,1.07763671875,2.712890625
2321,1.42041015625,1.17236328125,0.91259765625,1.1357421875,0.9589843750000001,1.171875,2.62255859375
2322,1.18115234375,0.7163085937500001,0.94921875,1.06201171875,1.11181640625,1.42724609375,3.1298828125
2323,1.2001953125,0.806640625,1.0478515625,1.208984375,0.84619140625,1.19677734375,3.025390625
2324,1.0830078125,1.228515625,0.90283203125,1.0673828125,1.19287109375,1.18603515625,2.45068359375
2325,1.12109375,0.9873046875,1.0517578125,1.22314453125,0.97265625,1.251953125,2.3837890625
2326,1.16162109375,0.8505859375,0.8686523437500001,0.81982421875,0.76953125,0.6376953125,2.65625
2327,1.21240234375,0.9033203125,1.220703125,1.06884765625,0.6259765625,0.68017578125,2.64111328125
2328,0.96044921875,1.30810546875,1.07275390625,1.04833984375,1.3330078125,1.125,2.619140625
2329,0.97900390625,1.1572265625,1.33544921875,1.1953125,0.93798828125,1.1484375,2.62841796875
2330,1.064453125,1.44091796875,0.8994140625,1.0888671875,1.32763671875,1.126953125,2.5712890625
2331,1.064453125,1.33984375,0.8916015625,1.32275390625,1.18017578125,1.240234375,2.51904296875
2332,1.2431640625,1.53125,0.8901367187500001,1.3408203125,0.966796875,1.17919921875,2.658203125
2333,1.7197265625,1.09521484375,1.08740234375,1.37353515625,1.0771484375,1.21484375,2.81298828125
2334,1.36767578125,1.158203125,0.9248046875,1.16455078125,1.01220703125,0.98095703125,2.8525390625
2335,1.42138671875,1.14111328125,0.8334960937500001,1.16455078125,0.9404296875,0.9438476562500001,2.64892578125
2336,0.83544921875,1.06396484375,0.6650390625,1.04443359375,1.06787109375,0.90869140625,2.42626953125
2337,1.23095703125,1.30419921875,0.73583984375,1.181640625,0.9291992187500001,0.85791015625,2.47412109375
2338,0.84375,1.30419921875,0.97900390625,1.1298828125,0.89208984375,1.1572265625,2.34033203125
2339,1.00390625,0.9453125000000001,1.1318359375,1.27099609375,0.61865234375,1.205078125,2.27099609375
2340,1.28369140625,0.9248046875,0.779296875,1.1259765625,1.04541015625,0.951171875,2.63818359375
2341,1.4921875,0.990234375,0.9384765625,1.21533203125,0.8803710937500001,1.35986328125,2.5712890625
2342,0.8564453125,0.998046875,0.83740234375,1.27197265625,1.4208984375,0.66357421875,2.75146484375
2343,1.29052734375,0.498046875,0.89111328125,1.06884765625,1.14794921875,0.9267578125,2.63525390625
2344,0.89599609375,1.06689453125,0.7724609375,1.2001953125,1.15478515625,1.16455078125,2.6533203125
2345,1.1318359375,0.98291015625,1.02490234375,1.4189453125,0.99658203125,1.34716796875,2.55322265625
2346,0.759765625,1.0654296875,1.037109375,0.96728515625,1.00830078125,0.9438476562500001,2.611328125
2347,0.92626953125,1.3154296875,0.916015625,1.05078125,0.85009765625,1.18896484375,2.40283203125
2348,1.3203125,1.375,0.9335937500000001,1.294921875,0.6347656250000001,1.30322265625,2.9970703125
2349,1.5966796875,1.1318359375,0.9013671875,1.60888671875,0.8291015625,1.36328125,2.818359375
2350,1.23193359375,1.2294921875,0.85986328125,1.13671875,0.98046875,0.8422851562500001,2.9111328125
2351,1.51513671875,0.9765625,1.17431640625,1.28173828125,1.06103515625,1.0556640625,2.89501953125
2352,0.9809570312500001,0.7900390625,1.255859375,1.349609375,0.84130859375,0.953125,2.81396484375
2353,1.29052734375,0.7055664062500001,1.359375,1.32421875,0.8984375,1.39794921875,2.79443359375
2354,1.61376953125,0.90966796875,1.04345703125,1.0263671875,0.9443359375,0.73291015625,2.5888671875
2355,1.5380859375,0.54541015625,1.20751953125,1.18505859375,0.6586914062500001,0.89501953125,2.6923828125
2356,1.447265625,1.15771484375,1.09912109375,1.310546875,1.00390625,0.658203125,2.79541015625
2357,1.421875,0.7216796875,1.24609375,1.2509765625,1.0859375,0.92822265625,2.9052734375
2358,1.3759765625,1.40478515625,0.9482421875,1.35009765625,0.97607421875,0.5625,2.86083984375
2359,1.2666015625,1.06787109375,1.0439453125,1.1240234375,0.8496093750000001,0.62255859375,2.603515625
2360,1.05859375,0.9052734375000001,0.8095703125,1.12451171875,1.103515625,1.01025390625,2.55810546875
2361,1.16748046875,0.7861328125,0.9785156250000001,1.021484375,0.6235351562500001,1.26708984375,2.5
2362,0.89697265625,1.22119140625,0.8486328125,1.27880859375,1.24169921875,0.984375,2.48486328125
2363,1.095703125,1.20703125,0.9765625,1.0185546875,0.86962890625,0.9580078125,2.4716796875
2364,1.20703125,1.16943359375,1.0771484375,1.4951171875,1.05224609375,1.15185546875,2.8095703125
2365,1.59228515625,0.81103515625,1.20654296875,1.4404296875,0.63818359375,1.11962890625,2.7568359375
2366,0.75927734375,1.0263671875,0.8745117187500001,1.41259765625,0.95751953125,0.96728515625,2.93212890625
2367,0.814453125,0.98876953125,0.890625,1.310546875,0.6547851562500002,0.84619140625,2.794921875
2368,1.0,1.09765625,1.1064453125,0.59130859375,0.66552734375,1.02685546875,2.81201171875
2369,1.267578125,0.6669921875000001,1.25634765625,0.94189453125,0.6425781250000001,0.96484375,2.890625
2370,1.201171875,1.2451171875,0.98046875,1.13427734375,1.20068359375,0.822265625,2.57958984375
2371,1.45654296875,0.6572265625,1.07666015625,1.25048828125,1.2724609375,0.96533203125,2.65673828125
2372,1.28076171875,1.0859375,1.12451171875,0.951171875,0.7094726562500001,0.79345703125,2.76708984375
2373,1.44482421875,0.744140625,1.3671875,0.857421875,0.74072265625,1.095703125,2.65283203125
2374,1.0849609375,1.22900390625,0.85302734375,1.43310546875,1.17626953125,0.66552734375,2.39453125
2375,1.2421875,1.12890625,0.90576171875,1.41845703125,0.96630859375,0.88916015625,2.3681640625
2376,1.24951171875,0.947265625,0.8115234375,1.650390625,1.2509765625,0.66845703125,2.65234375
2377,1.5576171875,0.7778320312500001,0.79541015625,1.70654296875,1.16259765625,0.80224609375,2.8349609375
2378,0.98193359375,1.06396484375,0.9443359375,1.259765625,1.630859375,0.88134765625,2.77978515625
2379,0.91748046875,0.921875,1.28662109375,1.27197265625,1.3623046875,0.94921875,2.65625
2380,1.0478515625,1.25439453125,0.69921875,1.03271484375,1.537109375,1.12646484375,2.97021484375
2381,1.33642578125,1.08447265625,1.06103515625,1.2314453125,1.25634765625,1.525390625,2.98828125
2382,0.85205078125,0.978515625,0.8466796875,1.30224609375,0.81201171875,0.8027343750000001,2.90966796875
2383,1.353515625,0.6650390625,0.88525390625,1.4189453125,0.5800781250000001,0.916015625,2.7431640625
2384,0.91015625,1.5205078125,0.6533203125,1.23095703125,1.3798828125,1.05322265625,2.84912109375
2385,1.34033203125,1.4755859375,0.75341796875,1.376953125,1.0712890625,1.39013671875,2.884765625
2386,0.92724609375,1.13623046875,1.05712890625,1.4150390625,0.7866210937500001,0.9765625,2.86865234375
2387,1.193359375,1.1396484375,1.20556640625,1.46044921875,0.7421875,1.001953125,2.7177734375
2388,1.32861328125,0.728515625,0.6411132812500001,1.19970703125,1.00341796875,1.06787109375,2.6240234375
2389,1.49462890625,0.6044921875000001,0.7509765625000001,1.3193359375,0.88525390625,1.1640625,2.40234375
2390,1.0400390625,1.26708984375,1.0302734375,0.93017578125,0.72509765625,1.060546875,2.9619140625
2391,1.271484375,1.00927734375,1.0390625,1.37841796875,0.69384765625,1.24462890625,2.6865234375
2392,0.7221679687500001,0.916015625,1.12158203125,0.81591796875,1.3544921875,0.65283203125,2.98486328125
2393,0.9384765625,0.8261718750000001,1.11572265625,0.95703125,0.98046875,0.8085937500000001,2.78369140625
2394,0.79345703125,1.10888671875,0.9541015625,0.88037109375,1.072265625,1.22265625,2.79833984375
2395,1.125,0.60302734375,0.8735351562500001,1.1259765625,0.97314453125,1.30517578125,2.7900390625
2396,1.19287109375,1.03271484375,0.88330078125,1.03759765625,1.3515625,1.23828125,2.95361328125
2397,1.396484375,0.73974609375,1.25927734375,1.22607421875,1.3037109375,1.15625,3.0
2398,1.310546875,1.48974609375,0.97412109375,1.17431640625,1.08984375,1.0546875,2.75439453125
2399,1.40087890625,1.17578125,1.06640625,1.0517578125,0.6855468750000001,1.4501953125,2.8466796875
2400,1.19775390625,0.93701171875,1.130859375,1.0341796875,1.00732421875,0.7924804687500001,3.2275390625
2401,1.09033203125,0.625,1.11279296875,1.1328125,0.6396484375000001,1.1025390625,2.8017578125
2402,1.35302734375,1.33984375,0.97314453125,1.0703125,0.90478515625,1.0498046875,2.74072265625
2403,1.43115234375,1.140625,1.06640625,1.28466796875,0.7255859375,1.31982421875,2.57666015625
2404,0.90283203125,0.86572265625,1.12841796875,1.10498046875,1.07080078125,1.169921875,2.638671875
2405,1.517578125,0.7709960937500001,1.47265625,1.21875,1.06103515625,1.271484375,2.67431640625
2406,0.70703125,0.90673828125,0.8349609375,0.8623046875,1.25146484375,0.9912109375,2.4775390625
2407,0.8251953125,0.7919921875,0.9013671875,0.76806640625,1.0810546875,1.0146484375,2.6474609375
2408,1.04736328125,0.9541015625,0.86572265625,0.69287109375,0.9697265625,1.03955078125,2.50146484375
2409,1.517578125,0.7802734375,0.8701171875,0.8134765625,1.083984375,1.0390625,2.52294921875
2410,1.18603515625,1.09765625,0.8154296875,0.9658203125,1.0791015625,0.9321289062500001,2.37939453125
2411,1.2568359375,0.8154296875000001,0.927734375,1.0224609375,1.19580078125,1.083984375,2.3115234375
2412,1.2119140625,0.93603515625,0.90966796875,1.1533203125,0.96630859375,1.19580078125,2.90185546875
2413,1.18896484375,0.71484375,1.18603515625,1.48388671875,1.14501953125,1.15625,2.70458984375
2414,1.29150390625,1.0751953125,0.8242187500000001,1.3125,1.1142578125,1.0537109375,2.6982421875
2415,1.1162109375,1.302734375,1.013671875,1.6552734375,1.12353515625,1.07958984375,2.64306640625
2416,0.70947265625,0.8173828125000001,0.76953125,0.60009765625,1.015625,1.2431640625,2.89794921875
2417,0.6845703125,0.6162109375,0.849609375,0.98583984375,0.8955078125,1.4609375,2.8115234375
2418,0.806640625,1.00048828125,0.88623046875,0.93798828125,1.2353515625,0.7080078125,2.8779296875
2419,0.90673828125,0.9697265625,0.92041015625,1.1865234375,1.12744140625,0.91357421875,2.90869140625
2420,0.93408203125,1.16162109375,0.92626953125,1.1123046875,0.69677734375,0.83544921875,2.9091796875
2421,1.20068359375,0.95703125,1.08935546875,1.03857421875,0.630859375,1.189453125,2.79248046875
2422,1.1904296875,0.7612304687500001,1.2314453125,1.15771484375,0.97998046875,0.78759765625,2.6796875
2423,1.54541015625,0.6767578125,1.18017578125,1.21337890625,0.9331054687500001,0.93408203125,2.7294921875
2424,0.9970703125,1.4052734375,0.93505859375,1.20458984375,1.1845703125,0.74267578125,2.90234375
2425,1.06494140625,1.22509765625,0.90966796875,1.3134765625,1.2900390625,0.71630859375,2.78955078125
2426,0.94970703125,0.95947265625,0.90478515625,0.85986328125,0.861328125,0.890625,2.80615234375
2427,0.9541015625,0.9267578125,0.88134765625,1.05419921875,0.68310546875,0.98193359375,2.8818359375
2428,1.1591796875,1.126953125,0.7734375,1.2578125,0.98046875,1.0009765625,2.587890625
2429,1.4375,1.12939453125,0.99658203125,1.44775390625,0.9033203125,1.11376953125,2.51318359375
2430,1.14794921875,1.41015625,1.35302734375,0.75927734375,1.001953125,1.04931640625,2.5869140625
2431,1.28662109375,1.34228515625,1.06689453125,0.7646484375,0.8901367187500001,1.05908203125,2.603515625
2432,1.08154296875,1.28564453125,0.86962890625,0.8583984375,1.1259765625,1.27783203125,2.67626953125
2433,1.34814453125,1.28125,0.9267578125,1.240234375,1.23291015625,1.2509765625,2.73486328125
2434,0.8149414062500001,0.9677734375,0.77490234375,1.31591796875,1.09033203125,1.3408203125,2.9248046875
2435,1.0712890625,0.86572265625,0.79638671875,1.75146484375,1.00244140625,1.37646484375,2.841796875
2436,0.91455078125,1.09228515625,1.09912109375,1.0029296875,1.12939453125,1.02490234375,2.984375
2437,1.1650390625,0.7451171875,1.234375,1.03662109375,1.1015625,1.0712890625,2.83056640625
2438,1.2587890625,1.0341796875,0.9267578125,1.1982421875,1.2158203125,1.0068359375,2.92919921875
2439,1.19970703125,0.8818359375,1.17626953125,1.087890625,1.1826171875,1.11376953125,2.9423828125
2440,1.6005859375,1.048828125,0.88330078125,1.66357421875,0.85009765625,0.9794921875,2.92431640625
2441,1.32373046875,1.08056640625,0.9794921875,1.669921875,0.607421875,1.23486328125,2.82275390625
2442,1.5078125,0.66357421875,0.7597656250000001,1.7275390625,1.02685546875,0.87060546875,2.7236328125
2443,1.66748046875,0.4111328125,0.951171875,1.69287109375,0.77880859375,1.0810546875,2.77099609375
2444,1.083984375,1.1826171875,1.02880859375,0.95458984375,0.7744140625,0.89697265625,2.8525390625
2445,1.064453125,0.91259765625,1.13330078125,1.16943359375,0.6220703125,1.0419921875,2.63232421875
2446,0.89306640625,1.12890625,0.6025390625000001,1.20751953125,0.92724609375,0.78955078125,2.47509765625
2447,1.06640625,1.05517578125,0.787109375,1.32373046875,0.93212890625,0.7910156250000001,2.45703125
2448,1.47265625,1.29052734375,0.6953125,1.140625,0.70703125,0.7265625,2.47216796875
2449,1.46435546875,1.27294921875,0.8134765625,1.0859375,0.53662109375,0.84228515625,2.4365234375
2450,0.98681640625,0.85205078125,1.09619140625,0.91455078125,1.236328125,0.8525390625,2.91455078125
2451,1.31591796875,0.57080078125,1.216796875,1.2177734375,1.3310546875,0.98193359375,2.9296875
2452,0.99462890625,0.8544921875,0.7041015625000001,1.06591796875,0.486328125,0.81884765625,2.67431640625
2453,1.25634765625,0.6455078125,0.94091796875,0.9638671875,0.40478515625,1.04345703125,2.56103515625
2454,0.93408203125,0.654296875,1.05615234375,0.896484375,0.8193359375,0.814453125,2.58642578125
2455,1.14501953125,0.49658203125,1.25390625,0.9658203125,0.57177734375,0.99072265625,2.36865234375
2456,1.16015625,0.85888671875,0.75146484375,0.89599609375,0.9599609375,1.01953125,2.8349609375
2457,1.173828125,0.669921875,0.72607421875,0.81298828125,0.759765625,1.1435546875,2.88720703125
2458,0.92626953125,1.0732421875,0.86279296875,1.2138671875,1.0419921875,1.3330078125,2.697265625
2459,1.1494140625,0.90771484375,1.23193359375,1.3583984375,1.14208984375,1.4697265625,2.78076171875
2460,1.15869140625,0.9619140625,0.6181640625,1.0498046875,1.0849609375,0.83544921875,2.7568359375
2461,1.6181640625,0.9931640625,0.560546875,0.84326171875,1.10986328125,0.87841796875,2.6337890625
2462,0.8662109375,0.9892578125,0.62939453125,1.046875,1.03857421875,1.08056640625,2.57861328125
2463,1.01904296875,0.73583984375,0.6455078125,1.05029296875,0.986328125,1.09033203125,2.5107421875
2464,0.8828125,0.96923828125,0.77099609375,1.005859375,1.10986328125,0.83056640625,2.88818359375
2465,1.32666015625,0.7900390625000001,0.97119140625,1.2392578125,1.01171875,1.0234375,2.8076171875
2466,1.52880859375,1.17578125,1.181640625,1.240234375,0.9443359375000001,0.869140625,2.4609375
2467,1.37890625,1.220703125,1.33203125,1.54248046875,1.00244140625,1.0244140625,2.41455078125
2468,0.7797851562500001,1.20947265625,0.9091796875,0.94482421875,1.0400390625,0.63232421875,2.5263671875
2469,1.4033203125,1.12939453125,0.89599609375,0.89453125,0.87841796875,0.58544921875,2.4990234375
2470,0.76953125,0.763671875,1.11083984375,1.19873046875,0.990234375,1.072265625,2.76904296875
2471,1.0517578125,0.6396484375,1.22509765625,1.4697265625,0.7016601562500001,1.16943359375,2.84765625
2472,1.65478515625,1.34033203125,0.81640625,1.04296875,1.07861328125,0.9560546875,2.7626953125
2473,1.521484375,1.16357421875,0.98095703125,1.14111328125,1.05419921875,1.4892578125,2.71337890625
2474,0.9931640625,1.13427734375,1.294921875,1.0751953125,1.0380859375,0.77685546875,2.7646484375
2475,1.119140625,0.875,1.3544921875,1.171875,1.09521484375,0.73828125,2.64208984375
2476,1.01220703125,1.11328125,0.875,1.0380859375,1.23779296875,1.14501953125,2.99560546875
2477,1.267578125,0.8896484375,1.05322265625,1.0712890625,1.2314453125,1.19677734375,2.78662109375
2478,1.072265625,0.7514648437500001,1.0,0.7314453125,0.79052734375,0.8623046875,2.63525390625
2479,1.30029296875,0.59521484375,0.91259765625,0.6943359375,0.5478515625000001,0.83984375,2.55859375
2480,1.20166015625,1.02734375,0.71337890625,1.27490234375,1.26611328125,0.81689453125,2.67626953125
2481,1.26220703125,0.7851562500000001,0.8115234375,1.48974609375,1.1240234375,0.998046875,2.68212890625
2482,0.7949218750000001,1.1328125,1.02685546875,1.12255859375,1.12060546875,0.99560546875,2.8984375
2483,0.90234375,0.9453125,1.1611328125,1.306640625,1.015625,1.06298828125,2.68505859375
2484,1.013671875,0.90625,0.724609375,1.294921875,1.0146484375,1.01806640625,2.82275390625
2485,1.40478515625,0.6533203125,0.63671875,1.142578125,0.81396484375,1.1396484375,2.6708984375
2486,1.1328125,1.10302734375,1.24658203125,1.146484375,1.14208984375,1.005859375,2.73095703125
2487,1.1376953125,1.18359375,1.369140625,1.27685546875,0.9404296875,1.1376953125,2.740234375
2488,1.189453125,1.703125,0.8876953125,0.748046875,1.13427734375,1.00341796875,2.78173828125
2489,1.1884765625,1.234375,1.02685546875,1.134765625,1.28125,1.48095703125,2.61376953125
2490,1.06201171875,1.16357421875,1.15576171875,0.93212890625,1.34423828125,0.70263671875,2.919921875
2491,1.29296875,0.8291015625,1.15673828125,0.904296875,1.11669921875,0.94384765625,2.9345703125
2492,1.19775390625,0.8466796875,1.08740234375,0.978515625,0.7626953125,0.74169921875,2.8408203125
2493,1.1884765625,0.6860351562500001,1.12255859375,1.1796875,0.4741210937500001,0.8593750000000001,2.7099609375
2494,0.9814453125,1.0009765625,0.8916015625,0.46630859375,1.1240234375,0.82763671875,2.4775390625
2495,1.24658203125,0.7041015625000001,1.1181640625,0.78076171875,0.78857421875,1.00048828125,2.4736328125
2496,0.9716796875,0.7294921875,1.01171875,0.50146484375,0.7519531250000001,0.89501953125,2.5634765625
2497,1.23486328125,0.6464843750000001,1.28662109375,0.7060546875,0.63134765625,1.01513671875,2.55029296875
2498,0.87841796875,0.8818359375,0.6025390625000001,0.88427734375,0.8466796875,1.119140625,2.5390625
2499,0.9189453125,1.01416015625,0.9287109375,1.0390625,0.5849609375,1.1318359375,2.3408203125
2500,1.09814453125,1.62060546875,1.125,1.1044921875,1.14501953125,0.8305664062500001,2.7900390625
2501,0.90234375,0.9873046875,1.1298828125,1.31884765625,1.0546875,0.90673828125,2.9365234375
2502,1.12841796875,1.3876953125,0.89306640625,0.86962890625,1.2958984375,0.900390625,2.8369140625
2503,1.24267578125,1.3173828125,0.97802734375,1.1298828125,1.21875,1.32763671875,2.7099609375
2504,1.14208984375,1.1484375,0.61669921875,0.88525390625,0.9404296875,0.548828125,2.904296875
2505,1.36572265625,0.76220703125,0.77099609375,1.15625,0.7900390625,0.83740234375,2.77197265625
2506,1.013671875,1.255859375,0.955078125,0.990234375,1.0078125,0.79931640625,2.5244140625
2507,1.125,1.548828125,1.06591796875,1.056640625,0.88720703125,1.0791015625,2.47802734375
2508,1.02294921875,1.302734375,1.07666015625,1.16162109375,0.9326171875,1.15576171875,2.75537109375
2509,1.5927734375,0.9931640625,1.083984375,1.3427734375,0.85791015625,1.259765625,2.7685546875
2510,0.95947265625,1.12890625,1.08935546875,1.09521484375,0.8691406250000001,1.29150390625,2.8095703125
2511,1.0830078125,0.98828125,1.1962890625,1.11328125,0.7265625,1.28125,2.642578125
2512,1.421875,0.80078125,0.7724609375,0.84765625,1.33056640625,0.8515625,2.72119140625
2513,1.4228515625,0.6181640625000001,0.92578125,1.12841796875,1.00439453125,1.1376953125,2.55615234375
2514,0.90478515625,0.853515625,1.103515625,1.07421875,1.2880859375,1.1533203125,2.8212890625
2515,1.12451171875,0.62890625,1.24951171875,1.1796875,1.05712890625,1.47314453125,2.6357421875
2516,0.8593750000000001,1.087890625,0.7094726562500001,0.58935546875,1.2041015625,1.2509765625,2.919921875
2517,1.12890625,0.8896484375,0.8994140625,0.67724609375,0.95263671875,1.4443359375,2.8642578125
2518,0.7216796875,1.35009765625,1.0068359375,0.91455078125,1.2109375,0.60498046875,2.8046875
2519,0.91015625,0.97900390625,1.0625,0.90283203125,1.2021484375,0.84521484375,2.74072265625
2520,0.8994140625,1.06494140625,0.7294921875,0.87060546875,1.11279296875,0.9248046875,2.98095703125
2521,1.35791015625,1.001953125,0.9228515625,1.01171875,1.05810546875,0.95556640625,2.89013671875
2522,0.8569335937500001,0.607421875,0.662109375,0.8720703125000001,0.94873046875,1.04443359375,2.736328125
2523,0.80615234375,0.62109375,0.6372070312500001,0.9736328125,0.8500976562500001,1.0458984375,2.849609375
2524,0.96337890625,0.8623046875,0.9677734375,0.90185546875,1.0517578125,0.93798828125,2.521484375
2525,1.18359375,0.662109375,1.30810546875,0.978515625,0.8330078125,1.2509765625,2.3857421875
2526,0.7094726562500001,0.79150390625,1.22900390625,1.09765625,1.15283203125,0.91064453125,2.46630859375
2527,1.064453125,0.5400390625,1.392578125,1.25390625,0.9033203125,0.84521484375,2.4384765625
2528,0.9077148437500001,1.21630859375,0.70556640625,1.16650390625,1.029296875,1.0625,2.8583984375
2529,1.02783203125,1.095703125,0.75439453125,1.455078125,1.0078125,1.20068359375,2.63720703125
2530,1.06640625,0.93505859375,0.83251953125,0.986328125,0.783203125,1.35693359375,2.53369140625
2531,1.310546875,0.6601562500000001,1.04736328125,0.89404296875,0.63427734375,1.33349609375,2.46240234375
2532,1.22314453125,1.291015625,0.9794921875,1.18798828125,1.1064453125,0.7177734375,2.87060546875
2533,1.46435546875,1.23046875,1.0712890625,1.08984375,1.29443359375,0.86474609375,2.865234375
2534,1.193359375,1.1201171875,0.7890625000000001,0.8486328125,0.6660156250000001,0.8833007812500001,2.564453125
2535,1.39306640625,0.8330078125000001,0.7905273437500001,1.0556640625,0.732421875,0.99853515625,2.59619140625
2536,0.9926757812500001,1.1884765625,0.7260742187500001,0.6689453125,0.7060546875,1.22802734375,2.70361328125
2537,1.06689453125,0.9619140625,0.88818359375,0.71923828125,0.705078125,1.31640625,2.7509765625
2538,1.3330078125,1.35595703125,1.13720703125,0.982421875,1.1025390625,1.013671875,2.7734375
2539,1.248046875,0.9760742187500001,1.3583984375,1.0478515625,0.876953125,1.2080078125,2.5517578125
2540,0.7988281250000001,0.66748046875,0.6494140625,0.96826171875,1.0419921875,0.5439453125,2.7392578125
2541,1.08740234375,0.3271484375000001,0.865234375,1.03759765625,1.1953125,0.67529296875,2.8955078125
2542,1.548828125,0.984375,1.07470703125,0.8896484375,0.71875,0.7290039062500001,2.7333984375
2543,1.4990234375,0.853515625,0.97021484375,0.73828125,0.6435546875,1.0517578125,2.65625
2544,1.00341796875,1.09619140625,0.947265625,1.02587890625,1.0654296875,1.0068359375,2.58349609375
2545,1.3212890625,1.056640625,1.13720703125,1.06982421875,0.93798828125,1.291015625,2.5029296875
2546,0.99658203125,0.9619140625,0.78369140625,0.80517578125,1.1142578125,1.0166015625,2.6396484375
2547,1.419921875,0.6933593750000001,1.056640625,1.02783203125,0.98095703125,1.283203125,2.6259765625
2548,1.046875,1.1533203125,0.92529296875,0.97119140625,0.880859375,0.6625976562500001,2.37646484375
2549,1.02099609375,0.67724609375,1.1005859375,1.26025390625,0.88916015625,0.76708984375,2.234375
2550,1.056640625,1.00390625,1.05419921875,1.4501953125,1.07666015625,1.173828125,2.46875
2551,1.08349609375,0.74755859375,1.109375,1.439453125,1.1669921875,0.998046875,2.55322265625
2552,0.5898437500000001,1.22705078125,0.72265625,1.33349609375,0.9462890625,1.1513671875,2.6513671875
2553,0.8364257812500001,1.27978515625,0.8779296875,1.1064453125,0.7011718750000001,1.3720703125,2.54931640625
2554,1.2216796875,0.904296875,0.88330078125,1.591796875,1.2685546875,0.7846679687500001,2.9208984375
2555,1.0576171875,0.6469726562500001,0.90185546875,1.4228515625,0.9873046875,1.01806640625,2.75341796875
2556,1.22021484375,0.89892578125,0.6591796875,0.76513671875,1.08740234375,0.74658203125,2.5419921875
2557,1.21728515625,0.91845703125,0.771484375,0.8779296875,0.78369140625,0.912109375,2.58837890625
2558,1.31689453125,0.9462890625,0.9912109375,1.3076171875,0.8173828125,1.0830078125,2.34130859375
2559,1.41455078125,0.71875,1.00732421875,1.37890625,0.85009765625,1.39404296875,2.1923828125
2560,1.04296875,1.2861328125,1.07080078125,1.4423828125,1.12744140625,0.9228515625,2.6533203125
2561,1.46240234375,0.8432617187500001,1.21875,1.1962890625,0.998046875,1.1953125,2.49462890625
2562,1.224609375,0.9677734375,0.9355468750000001,0.60595703125,1.2216796875,1.02880859375,2.99267578125
2563,1.43994140625,0.8481445312500001,1.12158203125,0.8408203125,1.1240234375,1.0634765625,2.9013671875
2564,1.27587890625,0.9794921875,0.49853515625,1.046875,0.93603515625,1.24658203125,2.55029296875
2565,1.21240234375,0.7373046875,0.60009765625,1.1689453125,0.9892578125,1.0966796875,2.3671875
2566,1.232421875,1.16796875,0.837890625,0.86572265625,1.125,1.3525390625,2.49853515625
2567,1.3388671875,0.93994140625,1.07861328125,0.96533203125,0.9501953125,1.36474609375,2.4697265625
2568,0.9423828125,1.119140625,0.62646484375,1.06640625,1.16015625,0.82177734375,2.73974609375
2569,1.54638671875,0.90234375,0.78271484375,1.0771484375,0.91455078125,1.08056640625,2.681640625
2570,0.7275390625,1.041015625,0.68310546875,0.93310546875,0.75927734375,0.9384765625,2.701171875
2571,1.17529296875,0.98779296875,0.75537109375,0.89990234375,0.5512695312500001,1.07568359375,2.640625
2572,1.00537109375,0.7280273437500001,0.7607421875,0.7866210937500001,1.24072265625,1.025390625,2.4775390625
2573,1.294921875,0.7431640625,0.99755859375,0.9833984375,1.20166015625,1.00439453125,2.45068359375
2574,0.7680664062500001,1.0068359375,0.86328125,0.82763671875,0.892578125,1.04638671875,2.73388671875
2575,0.82958984375,1.16162109375,1.01953125,0.8852539062500001,0.85400390625,1.0009765625,2.75048828125
2576,1.083984375,1.07861328125,0.6513671875,1.1767578125,1.0615234375,0.69873046875,2.853515625
2577,1.3779296875,1.1279296875,0.740234375,1.041015625,0.8554687500000001,0.81982421875,2.72998046875
2578,1.09375,0.96044921875,0.8715820312500001,1.2607421875,1.20947265625,0.97900390625,2.46826171875
2579,1.04443359375,0.7763671875,0.86376953125,1.11669921875,0.99609375,1.1650390625,2.548828125
2580,1.37255859375,1.18408203125,1.240234375,0.9150390625,1.08642578125,0.9970703125,2.46728515625
2581,1.5673828125,1.1953125,1.11474609375,1.0009765625,0.94384765625,1.14013671875,2.47119140625
2582,1.27392578125,1.0634765625,0.96044921875,0.53125,0.9833984375,1.0556640625,2.59765625
2583,1.27978515625,1.05322265625,1.2666015625,0.7763671875,1.03173828125,1.1005859375,2.5400390625
2584,0.7685546875000001,1.17822265625,0.9013671875,1.1123046875,1.23046875,0.94091796875,2.833984375
2585,1.10400390625,1.00927734375,1.1328125,1.17333984375,0.9326171875,1.00732421875,2.59716796875
2586,1.24755859375,1.01171875,1.13232421875,1.005859375,0.9091796875,0.8295898437500001,2.67236328125
2587,1.01904296875,0.9335937500000001,1.1826171875,1.076171875,0.7958984375000001,1.03173828125,2.61328125
2588,1.0703125,1.3828125,0.96484375,1.14013671875,0.70361328125,0.87939453125,2.80322265625
2589,1.27392578125,0.70556640625,0.927734375,1.17041015625,0.69677734375,1.18603515625,2.75048828125
2590,1.00048828125,1.0205078125,0.9614257812500001,1.21337890625,0.77294921875,0.9916992187500001,2.68896484375
2591,1.25732421875,0.92822265625,1.123046875,1.517578125,0.75390625,1.12353515625,2.583984375
2592,0.5986328125,0.791015625,0.7568359375,0.71875,0.66357421875,1.0185546875,2.72021484375
2593,0.8828125,0.6987304687500001,0.77392578125,0.80126953125,0.5380859375,1.0966796875,2.69482421875
2594,1.11962890625,1.27734375,1.17138671875,1.0439453125,1.130859375,0.7338867187500001,2.681640625
2595,1.00390625,1.09033203125,1.08935546875,1.0791015625,0.69482421875,1.04931640625,2.56494140625
2596,1.01708984375,0.5615234375000002,1.37451171875,1.025390625,1.14794921875,0.8583984375,2.39453125
2597,1.25830078125,0.4589843750000002,1.4462890625,0.86669921875,1.1337890625,0.92041015625,2.1513671875
2598,0.623046875,0.91064453125,1.078125,0.9111328125,0.95068359375,1.17529296875,2.69775390625
2599,0.9150390625,0.4282226562500002,1.3232421875,1.10400390625,0.86767578125,1.375,2.7275390625
2600,1.1083984375,1.45654296875,0.9248046875,1.0869140625,0.48193359375,1.02294921875,2.8994140625
2601,1.27490234375,1.0791015625,0.955078125,1.0810546875,0.48583984375,1.220703125,2.900390625
2602,1.0380859375,0.77734375,0.81640625,1.1591796875,0.78662109375,0.97509765625,2.55078125
2603,1.11181640625,0.59375,0.88818359375,1.0458984375,0.69189453125,1.17626953125,2.623046875
2604,1.22998046875,1.20361328125,0.7617187500000002,1.14453125,1.0625,0.9814453125,2.54052734375
2605,1.53271484375,0.9140625,0.89697265625,1.18505859375,0.93994140625,1.013671875,2.373046875
2606,0.89990234375,0.791015625,1.046875,0.9521484375,1.29150390625,0.9384765625,2.49560546875
2607,1.2734375,0.48388671875,1.34228515625,1.10009765625,1.0458984375,1.16357421875,2.48583984375
2608,1.11669921875,1.03466796875,1.11572265625,1.07666015625,0.8818359375,0.96435546875,2.49462890625
2609,1.09375,1.0224609375,1.005859375,1.03564453125,0.9619140625,0.92333984375,2.41748046875
2610,1.1767578125,0.921875,0.9775390625,1.48876953125,0.9228515625,1.15380859375,2.68701171875
2611,1.53662109375,0.66064453125,1.03076171875,1.3564453125,0.79150390625,1.0380859375,2.6640625
2612,1.1279296875,0.79443359375,0.76318359375,1.06689453125,1.1171875,0.96435546875,2.60693359375
2613,1.2373046875,0.84130859375,0.904296875,1.0927734375,0.974609375,1.193359375,2.5322265625
2614,0.8408203125,1.42236328125,0.72509765625,1.115234375,1.27880859375,0.6738281250000001,2.708984375
2615,1.00244140625,1.0185546875,0.81494140625,0.88720703125,1.27783203125,0.98876953125,2.57275390625
2616,1.24462890625,1.02490234375,0.869140625,0.85595703125,1.3984375,0.6518554687500001,2.337890625
2617,1.44970703125,0.92529296875,0.92236328125,1.0693359375,1.00146484375,0.9892578125,2.2763671875
2618,0.8935546875000001,1.32177734375,0.9560546875,1.1025390625,1.09033203125,0.62939453125,2.63037109375
2619,1.26806640625,0.8574218750000001,0.931640625,1.49755859375,0.9599609375,0.6484375,2.68798828125
2620,1.037109375,1.2841796875,0.7763671875000001,1.0087890625,1.34423828125,0.87744140625,2.4599609375
2621,1.36328125,1.015625,0.90966796875,1.04638671875,1.1259765625,1.0244140625,2.39306640625
2622,0.88232421875,1.04443359375,1.09228515625,0.93505859375,1.07275390625,0.95068359375,2.6875
2623,1.27587890625,1.037109375,1.19775390625,1.0771484375,1.07275390625,1.04296875,2.74755859375
2624,0.6318359375,0.8364257812500001,0.9833984375,0.857421875,1.02587890625,0.89306640625,2.8662109375
2625,1.00830078125,0.5390625000000001,1.10205078125,0.9658203125,0.9125976562500001,0.91796875,2.6640625
2626,0.95068359375,0.72705078125,0.52490234375,1.20703125,0.84130859375,1.30517578125,3.03271484375
2627,1.25732421875,0.650390625,0.66455078125,0.95556640625,0.7998046875,1.27197265625,2.72998046875
2628,0.82568359375,1.3291015625,0.81884765625,0.9677734375,0.96826171875,0.96435546875,2.6728515625
2629,1.07861328125,0.75244140625,0.98046875,0.94873046875,0.7558593750000001,0.96728515625,2.76611328125
2630,1.396484375,1.2177734375,0.5512695312500001,1.232421875,1.12841796875,0.92578125,2.60400390625
2631,1.3154296875,0.93994140625,0.72705078125,1.14306640625,0.939453125,0.9013671875,2.671875
2632,1.10302734375,0.978515625,0.8720703125,1.07275390625,1.0771484375,1.18798828125,2.56005859375
2633,1.14892578125,0.66357421875,1.0361328125,1.09814453125,1.10546875,1.33251953125,2.671875
2634,1.11279296875,0.79833984375,1.03857421875,0.59228515625,0.943359375,1.068359375,2.32275390625
2635,1.2744140625,0.7783203125,1.2216796875,0.77978515625,0.8442382812500001,1.00537109375,2.27978515625
2636,0.75537109375,1.23193359375,0.98046875,0.99853515625,0.923828125,0.9765625,2.55517578125
2637,0.974609375,0.78515625,1.052734375,1.00537109375,0.77099609375,1.10888671875,2.46240234375
2638,0.990234375,1.078125,1.0615234375,1.126953125,1.21533203125,0.955078125,2.3310546875
2639,1.4345703125,0.9580078125,1.0498046875,1.04443359375,1.11083984375,0.92041015625,2.361328125
2640,1.07373046875,1.091796875,0.7182617187500001,1.06982421875,1.142578125,0.8505859375,2.6474609375
2641,1.17138671875,1.0400390625,0.986328125,0.97265625,0.94091796875,0.888671875,2.65478515625
2642,0.8251953125,0.9091796875,0.76025390625,1.1884765625,1.00537109375,0.84423828125,2.84130859375
2643,1.2109375,0.85791015625,0.9873046875,1.27587890625,0.8720703125,0.796875,2.67529296875
2644,0.9150390625,0.85302734375,0.87158203125,0.888671875,1.19677734375,0.97265625,2.76904296875
2645,0.966796875,0.50439453125,1.12158203125,1.05078125,0.87451171875,1.2060546875,2.66162109375
2646,0.93017578125,1.27001953125,0.97802734375,1.1123046875,0.93798828125,0.9306640625,2.93212890625
2647,1.36376953125,1.07568359375,1.21142578125,1.09033203125,0.65576171875,1.22705078125,2.87060546875
2648,0.9560546875,1.009765625,0.8740234375,0.9638671875,0.82177734375,1.10400390625,2.64453125
2649,1.3427734375,0.751953125,1.05224609375,1.0185546875,0.80712890625,1.08544921875,2.6142578125
2650,1.16845703125,1.140625,0.72412109375,0.88623046875,1.326171875,1.08642578125,2.5302734375
2651,1.31689453125,0.921875,1.13232421875,1.048828125,1.10888671875,1.0810546875,2.353515625
2652,1.02880859375,1.01318359375,0.900390625,0.88134765625,0.65185546875,1.4697265625,2.88037109375
2653,1.4541015625,0.857421875,0.85888671875,1.11279296875,0.74560546875,1.58740234375,2.72119140625
2654,0.96875,1.1201171875,1.18310546875,1.2001953125,0.95947265625,0.86181640625,2.65625
2655,1.0439453125,0.89794921875,1.41845703125,1.228515625,0.818359375,1.0869140625,2.6162109375
2656,0.8798828125,1.12158203125,0.9560546875,1.03857421875,1.13427734375,1.02490234375,2.72802734375
2657,1.35107421875,0.98828125,0.99658203125,1.1787109375,1.08447265625,1.16748046875,2.6337890625
2658,1.09912109375,0.84130859375,1.22265625,0.849609375,1.18212890625,1.177734375,2.5703125
2659,1.40869140625,0.876953125,1.22021484375,0.9375,0.87060546875,0.9721679687500001,2.5517578125
2660,1.1142578125,1.43896484375,0.86865234375,0.97998046875,1.1259765625,0.8955078125,3.0849609375
2661,1.39013671875,1.39599609375,1.02001953125,1.12548828125,1.0791015625,1.03515625,3.1240234375
2662,0.77734375,1.48486328125,0.81494140625,0.6865234375,0.67138671875,0.6416015625,2.7099609375
2663,0.8818359375,1.27880859375,1.03076171875,0.94677734375,0.7578125000000001,0.8857421875,2.87890625
2664,1.087890625,0.68408203125,0.67431640625,0.70166015625,1.12109375,0.5917968750000001,2.6435546875
2665,1.341796875,0.57470703125,0.6298828125,0.69140625,1.05810546875,0.765625,2.63525390625
2666,1.11865234375,0.8330078125,0.87255859375,1.07958984375,1.03759765625,0.98095703125,2.892578125
2667,1.4287109375,0.81298828125,0.73388671875,1.0751953125,1.1884765625,1.125,2.9443359375
2668,1.07666015625,0.8173828125000001,0.8291015625,0.78076171875,1.2548828125,0.8125,2.84130859375
2669,1.45947265625,0.98681640625,0.97021484375,0.81884765625,0.96630859375,1.1201171875,2.80029296875
2670,0.94775390625,1.05517578125,0.83154296875,1.0869140625,0.71533203125,1.2373046875,2.51416015625
2671,1.38232421875,1.07177734375,0.861328125,0.92138671875,0.58154296875,1.32275390625,2.3466796875
2672,0.94140625,1.228515625,1.130859375,1.052734375,0.99609375,0.912109375,2.4990234375
2673,1.21533203125,0.73779296875,1.14599609375,1.3076171875,0.810546875,1.17724609375,2.4521484375
2674,1.326171875,0.7138671875000001,1.1064453125,0.919921875,0.7900390625,0.48388671875,2.625
2675,1.4111328125,0.73046875,1.193359375,0.9775390625,0.712890625,0.69482421875,2.5810546875
2676,1.31298828125,1.11474609375,0.7548828125,1.30078125,1.037109375,0.8901367187500001,2.8623046875
2677,1.20068359375,1.01953125,0.994140625,1.1865234375,0.90283203125,1.232421875,2.7490234375
2678,1.03857421875,1.18994140625,0.9516601562500001,0.90185546875,1.06201171875,1.1376953125,2.482421875
2679,1.51171875,0.8955078125,1.2421875,1.09814453125,1.08642578125,1.30419921875,2.47265625
2680,0.7758789062500002,1.1748046875,1.03564453125,0.96630859375,0.6572265625,0.3872070312500001,2.892578125
2681,1.10888671875,0.92236328125,1.34716796875,1.212890625,0.419921875,0.7021484375,2.95849609375
2682,1.4951171875,0.61279296875,0.96923828125,1.185546875,0.99169921875,0.8876953125,2.955078125
2683,1.7099609375,0.3369140625000001,0.98828125,0.9560546875,0.69677734375,1.2177734375,2.7294921875
2684,1.23193359375,0.9970703125,1.1142578125,0.7539062500000001,0.65576171875,1.30126953125,2.53125
2685,1.67236328125,1.03857421875,1.375,0.9130859375,0.59716796875,1.4111328125,2.4501953125
2686,0.7133789062500001,1.19775390625,0.8237304687500001,1.0791015625,0.791015625,1.21923828125,2.80908203125
2687,0.74755859375,0.8466796875,0.92138671875,1.1982421875,0.55615234375,1.09228515625,2.8359375
2688,1.01953125,1.119140625,0.53271484375,1.0029296875,1.0869140625,0.703125,2.86572265625
2689,1.09375,0.91748046875,0.68310546875,1.2763671875,0.70556640625,0.8466796875,2.70556640625
2690,1.2890625,0.96923828125,1.08984375,0.65478515625,1.193359375,1.3095703125,2.85205078125
2691,1.2275390625,0.7524414062500001,1.166015625,0.67138671875,1.1201171875,1.34130859375,2.78125
2692,1.080078125,0.9580078125,1.27294921875,0.8408203125,0.96337890625,0.88916015625,2.974609375
2693,1.22412109375,0.74853515625,1.11669921875,0.95947265625,0.939453125,1.0029296875,2.8359375
2694,1.20556640625,0.9775390625,1.13671875,1.27734375,0.8305664062500001,0.90966796875,2.8681640625
2695,1.31787109375,0.8359375,1.029296875,1.26171875,0.72265625,1.13330078125,2.61669921875
2696,0.841796875,1.2236328125,0.693359375,0.7197265625000001,0.89697265625,0.8818359375,2.6337890625
2697,1.1337890625,0.75927734375,0.98291015625,0.72998046875,0.6591796875000002,1.41650390625,2.4619140625
2698,1.25,0.8896484375,1.1005859375,0.96630859375,0.85400390625,0.7480468750000001,2.828125
2699,1.57470703125,0.8115234375,1.1513671875,0.86328125,0.5156250000000001,1.05419921875,2.94677734375
2700,1.02294921875,1.3134765625,0.923828125,1.37158203125,0.95458984375,1.14111328125,2.58544921875
2701,1.056640625,1.15576171875,0.9716796875,1.36669921875,0.83740234375,1.34326171875,2.51806640625
2702,1.11279296875,0.87890625,1.28125,1.17138671875,1.2080078125,1.02587890625,2.587890625
2703,1.25146484375,0.7084960937500001,1.17822265625,1.08447265625,1.04541015625,1.02294921875,2.52197265625
2704,0.92578125,0.9287109375000001,0.8784179687500001,0.57275390625,0.79150390625,0.88330078125,2.814453125
2705,1.4560546875,0.77392578125,0.99609375,0.6337890625,0.56787109375,0.9580078125,2.8798828125
2706,0.88427734375,0.98876953125,0.916015625,0.8837890625,0.8115234375,0.8671875,2.763671875
2707,1.36083984375,0.8276367187500001,0.86376953125,0.71142578125,0.5537109375,1.0712890625,2.6259765625
2708,0.7573242187500001,1.01904296875,0.89501953125,1.02978515625,1.00146484375,1.14306640625,2.66357421875
2709,1.1064453125,0.75048828125,0.83349609375,1.03759765625,0.751953125,1.27880859375,2.47802734375
2710,0.89892578125,1.21142578125,1.05908203125,1.11376953125,0.853515625,0.96484375,2.52978515625
2711,0.947265625,1.0244140625,1.00732421875,1.10205078125,0.6630859375,0.9814453125,2.3974609375
2712,1.26025390625,1.31298828125,1.13134765625,0.71142578125,1.201171875,1.1689453125,2.77587890625
2713,1.2744140625,0.8994140625,1.17822265625,1.1064453125,1.0859375,0.97607421875,2.609375
2714,1.0791015625,1.033203125,0.76513671875,1.2001953125,1.07373046875,0.6567382812500001,3.01904296875
2715,1.52490234375,0.9946289062500001,0.9091796875,1.04736328125,0.8056640625,1.08056640625,3.08740234375
2716,1.169921875,1.109375,0.93408203125,0.9619140625,1.00830078125,0.86767578125,2.5693359375
2717,1.48779296875,1.0322265625,1.09326171875,0.9184570312500001,0.9453125,0.94091796875,2.505859375
2718,1.517578125,0.9692382812500001,1.42578125,0.40478515625,0.86572265625,0.9404296875000001,2.701171875
2719,1.4296875,0.84521484375,1.267578125,0.80810546875,0.791015625,1.21533203125,2.79296875
2720,1.08056640625,1.462890625,0.86962890625,0.87841796875,0.7934570312500001,0.9580078125,2.72119140625
2721,0.9912109375,1.0546875,1.01025390625,0.95849609375,0.72509765625,1.1123046875,2.634765625
2722,0.837890625,1.1328125,0.595703125,0.9765625,0.91162109375,0.9013671875,2.57080078125
2723,1.0244140625,0.87548828125,0.607421875,1.111328125,0.8090820312500001,0.96240234375,2.41650390625
2724,0.7324218750000001,1.28076171875,0.8076171875,0.99560546875,1.07373046875,1.0029296875,2.7470703125
2725,0.853515625,1.15087890625,0.9111328125,1.28466796875,0.97314453125,1.12060546875,2.60302734375
2726,1.11181640625,1.36181640625,0.9345703125,0.9677734375,0.96826171875,0.6855468750000001,2.8857421875
2727,1.3037109375,0.94091796875,1.00830078125,0.99072265625,0.66162109375,0.7822265625,2.697265625
2728,1.1650390625,1.07080078125,0.9282226562500001,0.6923828125,1.12939453125,1.09912109375,3.091796875
2729,1.4765625,0.92724609375,0.978515625,0.77978515625,1.14697265625,1.14501953125,2.732421875
2730,1.09521484375,1.005859375,1.08154296875,0.625,1.16259765625,0.9873046875,2.81298828125
2731,1.2548828125,0.81982421875,0.9990234375,0.7978515625,0.96142578125,1.26513671875,2.8134765625
2732,1.1474609375,0.9501953125,0.8125,0.908203125,1.0859375,0.98828125,2.60009765625
2733,1.39208984375,0.7236328125,0.8359375,1.13525390625,0.91015625,1.1171875,2.57373046875
2734,1.123046875,0.66845703125,0.85009765625,1.00048828125,0.88720703125,0.9189453125,2.86328125
2735,1.52978515625,0.56005859375,0.96630859375,1.068359375,0.92919921875,1.203125,2.767578125
2736,1.23974609375,1.02880859375,0.84716796875,0.9423828125,0.904296875,0.95361328125,2.6953125
2737,1.529296875,0.9057617187500001,1.00244140625,0.7270507812500002,0.798828125,0.96142578125,2.78076171875
2738,0.876953125,1.2724609375,0.66845703125,0.88623046875,1.13525390625,0.7158203125,2.8779296875
2739,1.1064453125,1.19384765625,0.6162109375,0.89990234375,1.29736328125,0.7963867187500001,2.68359375
2740,1.2744140625,1.12158203125,0.9970703125,0.67041015625,0.88330078125,1.17529296875,2.47216796875
2741,1.26611328125,0.78662109375,1.1943359375,0.8632812500000001,0.6176757812500001,1.22412109375,2.5087890625
2742,0.85986328125,0.7216796875000001,0.669921875,0.76220703125,0.99853515625,1.05859375,2.74560546875
2743,1.123046875,0.69970703125,0.92919921875,0.609375,0.9287109375,1.3740234375,2.53125
2744,1.07861328125,0.9326171875,0.6064453125,0.94482421875,1.2333984375,0.92431640625,3.0478515625
2745,1.240234375,0.7822265625,0.85986328125,1.1298828125,1.1376953125,1.1884765625,2.77685546875
2746,1.52197265625,0.80859375,0.9541015625000001,0.5742187500000001,1.0185546875,0.81689453125,2.453125
2747,1.6025390625,0.68505859375,1.03515625,0.73193359375,0.73974609375,1.06884765625,2.36669921875
2748,1.0322265625,1.17236328125,1.10888671875,0.65576171875,1.00732421875,0.88427734375,2.90673828125
2749,1.0595703125,0.8310546875,1.21240234375,0.97314453125,1.02978515625,1.07763671875,2.84375
2750,0.802734375,1.14599609375,0.99365234375,0.748046875,1.529296875,0.86669921875,2.50537109375
2751,0.8984375,0.8896484375,1.16943359375,0.830078125,1.15673828125,1.18603515625,2.662109375
2752,1.2373046875,1.453125,0.8847656250000001,1.17724609375,0.95166015625,0.98095703125,3.0595703125
2753,1.56201171875,1.37109375,0.8779296875,1.1357421875,0.7011718750000001,1.10791015625,2.853515625
2754,1.23291015625,0.97998046875,0.888671875,0.8447265625,1.15771484375,0.7534179687500001,2.634765625
2755,1.0810546875,0.966796875,0.9775390625,0.7827148437500001,1.0419921875,0.73388671875,2.68798828125
2756,1.3984375,1.55908203125,1.06591796875,1.22021484375,1.07421875,0.61474609375,2.68359375
2757,1.36962890625,0.9853515625,1.00146484375,1.22900390625,0.8833007812500001,0.8232421875000001,2.52880859375
2758,0.9462890625000001,1.3076171875,0.89892578125,0.83251953125,1.34228515625,0.57275390625,2.943359375
2759,1.3759765625,1.087890625,0.9072265625,0.8159179687500001,1.18359375,0.8076171875,2.76953125
2760,1.06396484375,1.099609375,0.79931640625,0.9638671875,0.8720703125000001,0.52978515625,2.728515625
2761,1.0859375,1.103515625,0.8564453125,1.07275390625,0.7138671875,0.85888671875,2.6455078125
2762,1.38720703125,1.07958984375,0.86328125,1.0302734375,1.41552734375,1.09716796875,2.765625
2763,1.21142578125,1.0869140625,0.80859375,1.01904296875,1.19921875,1.123046875,2.82763671875
2764,1.10302734375,1.0224609375,0.76220703125,1.07861328125,0.9921875,0.7236328125,2.7080078125
2765,1.38623046875,0.5908203125000001,0.86669921875,1.02734375,0.6171875,0.79931640625,2.59619140625
2766,0.9951171875,0.9912109375,0.93017578125,1.12109375,1.04931640625,0.8671875,2.89697265625
2767,1.12841796875,0.9482421875,1.02294921875,1.18603515625,0.94091796875,1.06005859375,2.87744140625
2768,0.87255859375,1.09619140625,0.7041015625000001,1.037109375,1.416015625,0.87109375,2.61962890625
2769,0.90966796875,0.9833984375,0.83984375,1.11767578125,1.27392578125,1.03857421875,2.55322265625
2770,1.095703125,1.06103515625,1.2529296875,0.7021484375000002,0.91943359375,0.83349609375,2.68359375
2771,1.31103515625,1.15576171875,1.279296875,0.92529296875,0.96533203125,0.9208984375,2.45166015625
2772,1.00439453125,0.8232421875,0.83837890625,1.1279296875,1.2998046875,0.68896484375,2.501953125
2773,0.92041015625,0.4775390625000002,0.9125976562500001,1.205078125,1.0634765625,0.8266601562500001,2.3115234375
2774,1.0673828125,0.935546875,0.7670898437500001,0.857421875,1.10595703125,0.95556640625,3.0009765625
2775,1.3583984375,0.57080078125,0.79541015625,1.01513671875,1.09521484375,1.26025390625,2.97314453125
2776,0.8076171875000001,1.119140625,1.04150390625,0.92919921875,0.8613281250000001,1.08203125,2.798828125
2777,1.224609375,0.74560546875,0.97509765625,1.10546875,0.80029296875,1.25830078125,2.7646484375
2778,1.3525390625,0.8544921875,0.5761718750000001,1.07763671875,1.1220703125,0.8173828125,2.64111328125
2779,1.3408203125,0.666015625,0.6484375000000001,1.1025390625,1.18701171875,1.13916015625,2.611328125
2780,0.91748046875,1.14404296875,0.6137695312500001,0.904296875,0.73486328125,1.0830078125,2.669921875
2781,1.24365234375,0.833984375,0.66650390625,0.990234375,0.88720703125,1.4189453125,2.64697265625
2782,0.68359375,1.1953125,1.29443359375,1.05517578125,1.31396484375,0.8671875,2.92333984375
2783,1.02880859375,0.98876953125,1.1484375,1.2177734375,0.955078125,1.22412109375,2.85791015625
2784,1.0078125,0.88427734375,1.09375,1.19775390625,0.8334960937500001,1.2705078125,2.54541015625
2785,1.27978515625,0.7128906250000001,1.02880859375,1.21337890625,0.6953125000000001,1.43896484375,2.63525390625
2786,1.248046875,1.212890625,0.84814453125,1.02099609375,1.078125,0.92138671875,2.84716796875
2787,1.1728515625,0.8544921875,0.87890625,1.09765625,0.83642578125,0.857421875,2.97900390625
2788,1.1455078125,1.1494140625,0.91064453125,0.83984375,1.11376953125,0.8715820312500001,2.56201171875
2789,0.9970703125,1.12939453125,0.8974609375,1.0244140625,1.06591796875,0.833984375,2.61376953125
2790,1.28173828125,1.28271484375,0.5869140625,0.783203125,1.08935546875,0.89599609375,2.8291015625
2791,1.30517578125,1.01708984375,0.77490234375,0.93310546875,1.00390625,0.86328125,2.86376953125
2792,1.1416015625,0.6860351562500001,0.69482421875,0.8017578125,1.4248046875,0.9169921875,2.4736328125
2793,1.1826171875,0.64453125,0.8037109375,0.9111328125,1.2138671875,0.8574218750000001,2.58642578125
2794,1.27685546875,1.21435546875,0.4672851562500001,0.8237304687500001,0.69384765625,0.8857421875,2.97119140625
2795,1.6640625,0.9179687500000001,0.57470703125,1.025390625,0.59521484375,1.0615234375,2.68017578125
2796,1.27685546875,0.8876953125,1.31640625,1.037109375,0.759765625,0.9130859375,2.8515625
2797,1.09423828125,0.6474609375000001,1.3203125,1.01806640625,0.61572265625,1.22021484375,2.84619140625
2798,1.20166015625,0.841796875,1.115234375,0.96826171875,1.11669921875,0.9619140625,2.634765625
2799,1.1083984375,0.56591796875,1.31396484375,0.994140625,1.158203125,0.9794921875,2.71826171875
2800,0.74951171875,0.80078125,1.03466796875,0.8110351562500001,0.8120117187500001,0.55078125,2.48486328125
2801,1.10888671875,0.6289062500000001,1.05419921875,0.8671875,0.65771484375,0.87890625,2.412109375
2802,0.955078125,1.14404296875,1.00146484375,1.47119140625,1.2998046875,1.11962890625,2.30615234375
2803,1.1591796875,0.77783203125,1.1728515625,1.31103515625,1.13330078125,1.20068359375,2.3134765625
2804,0.89794921875,0.8676757812500001,0.83544921875,0.884765625,0.98388671875,0.88525390625,2.7099609375
2805,0.95751953125,0.7392578125,0.8403320312500001,1.07177734375,0.96728515625,1.01318359375,2.736328125
2806,0.8134765625,1.08984375,1.1904296875,0.970703125,0.8359375,0.94775390625,2.5576171875
2807,1.07666015625,0.84130859375,1.02978515625,0.8447265625,0.64453125,1.13720703125,2.4697265625
2808,1.24072265625,1.00537109375,0.95361328125,0.8017578125000001,1.060546875,0.69091796875,2.7080078125
2809,1.52880859375,0.7158203125,1.1796875,0.71826171875,0.8828125000000001,0.8022460937500001,2.65966796875
2810,1.1328125,1.189453125,0.6376953125,0.95166015625,1.10205078125,0.74169921875,2.59521484375
2811,1.09765625,0.8271484375,0.6494140625000001,0.89208984375,0.947265625,1.03515625,2.54931640625
2812,0.89599609375,1.0751953125,0.6269531250000001,0.67578125,0.90966796875,0.7485351562500001,2.63134765625
2813,1.23046875,0.703125,0.7978515625,0.8842773437500001,0.92529296875,1.0869140625,2.58349609375
2814,1.20703125,0.7685546875,0.7822265625,0.7646484375,1.0283203125,0.6367187500000001,2.552734375
2815,1.6474609375,0.49951171875,0.912109375,0.84130859375,0.896484375,0.83984375,2.4140625
2816,0.9072265625,1.15478515625,0.93701171875,0.79638671875,0.9697265625,1.1748046875,2.59521484375
2817,0.771484375,0.828125,1.0205078125,0.7568359375,0.96630859375,1.36328125,2.42626953125
2818,1.05029296875,0.96630859375,0.865234375,1.13525390625,1.0810546875,0.736328125,2.9033203125
2819,1.455078125,0.50830078125,0.81396484375,1.13525390625,1.1220703125,0.8427734375,2.82275390625
2820,1.0078125,1.25048828125,1.04052734375,0.8940429687500001,0.91552734375,0.6455078125,2.59521484375
2821,1.2763671875,1.234375,1.203125,0.9755859375,0.83349609375,0.96923828125,2.5068359375
2822,0.78173828125,1.11181640625,0.9638671875,1.23486328125,1.42236328125,0.95849609375,2.708984375
2823,1.017578125,0.93115234375,1.08056640625,1.13818359375,1.24609375,1.09033203125,2.47412109375
2824,1.15625,1.13037109375,0.8251953125,0.9453125,0.98388671875,0.9453125,2.6708984375
2825,1.07080078125,0.91796875,0.8837890625,0.990234375,0.8681640625000001,1.19580078125,2.7470703125
2826,1.0048828125,0.92138671875,0.92236328125,1.10400390625,1.1181640625,0.763671875,2.65478515625
2827,1.43896484375,0.6630859375000001,1.033203125,0.97998046875,0.9677734375,0.9150390625,2.513671875
2828,1.14111328125,1.4033203125,0.80859375,0.8564453125,0.8984375,1.17919921875,2.3974609375
2829,1.68359375,0.97265625,0.859375,0.990234375,0.74169921875,1.18408203125,2.521484375
2830,0.90869140625,0.94189453125,1.10546875,1.0498046875,1.0927734375,0.76611328125,2.86572265625
2831,0.9326171875000001,0.8330078125000001,1.32275390625,1.10986328125,0.84912109375,0.939453125,2.6943359375
2832,1.205078125,1.26318359375,0.61376953125,1.015625,0.8510742187500001,0.9912109375,2.8603515625
2833,1.126953125,1.001953125,0.8125,0.88818359375,0.8266601562500001,1.13427734375,2.85205078125
2834,0.7470703125000001,1.099609375,1.08740234375,1.12255859375,1.03125,0.9853515625,2.85400390625
2835,0.845703125,0.97412109375,1.20068359375,0.9218750000000001,0.91943359375,1.0888671875,2.8271484375
2836,1.1962890625,0.9931640625,0.6079101562500001,0.99365234375,1.1943359375,1.0400390625,2.81298828125
2837,1.302734375,0.6586914062500001,0.677734375,1.14990234375,1.158203125,1.0849609375,2.62060546875
2838,1.18359375,0.73779296875,0.927734375,1.12158203125,0.9306640625,1.14697265625,2.96044921875
2839,1.22314453125,0.5458984375,1.14599609375,1.66064453125,0.7587890625,1.28662109375,2.6728515625
2840,1.18994140625,1.03173828125,0.90966796875,0.83251953125,0.9814453125,1.24853515625,2.90673828125
2841,1.3232421875,0.77685546875,0.98681640625,1.166015625,0.95654296875,1.16455078125,2.828125
2842,0.9702148437500001,1.17724609375,0.85791015625,0.9619140625,0.9287109375,0.47705078125,2.6611328125
2843,1.17138671875,0.7778320312500001,1.025390625,1.01416015625,0.8374023437500001,0.65185546875,2.64111328125
2844,0.71923828125,1.169921875,0.6547851562500001,1.1796875,1.25634765625,1.1337890625,2.8798828125
2845,0.9287109375,1.0634765625,0.77685546875,1.27978515625,1.29931640625,1.18994140625,2.95654296875
2846,1.1474609375,1.09423828125,1.0078125,0.892578125,0.9599609375,0.7573242187500001,2.60009765625
2847,1.19970703125,0.76416015625,0.9404296875,1.13623046875,1.0859375,0.96630859375,2.576171875
2848,1.103515625,1.2021484375,0.45556640625,0.80908203125,0.8315429687500001,0.90380859375,2.4619140625
2849,1.43701171875,1.265625,0.5654296875,0.7583007812500001,0.853515625,1.24853515625,2.41015625
2850,1.25439453125,1.56640625,0.6337890625000001,0.8828125,1.0068359375,1.14306640625,2.88037109375
2851,1.32763671875,1.1123046875,0.93408203125,0.9965820312500001,0.892578125,1.1640625,2.77099609375
2852,1.095703125,0.77294921875,0.998046875,1.466796875,1.12939453125,0.900390625,2.60693359375
2853,1.24755859375,0.822265625,0.8603515625,1.44775390625,0.90869140625,1.123046875,2.7587890625
2854,0.96484375,1.15234375,1.04052734375,0.85107421875,0.962890625,0.802734375,2.85107421875
2855,1.10693359375,0.93017578125,0.84130859375,0.9384765625,1.15283203125,0.7651367187500001,2.80126953125
2856,0.95068359375,0.9521484375,1.22021484375,0.7685546875000001,0.79736328125,0.845703125,2.7373046875
2857,1.388671875,0.779296875,1.236328125,0.99169921875,0.861328125,1.14794921875,2.8291015625
2858,0.5556640625000001,1.17822265625,0.7504882812500001,1.3583984375,0.9282226562500001,0.6386718750000001,2.9375
2859,0.7792968750000001,0.94873046875,0.8046875000000001,1.36962890625,1.01025390625,0.88671875,2.59033203125
2860,0.875,0.9384765625,0.609375,1.0185546875,1.1552734375,0.7050781250000001,2.75830078125
2861,1.1181640625,0.5869140625,0.7407226562500001,1.083984375,0.9423828125,0.806640625,2.6689453125
2862,0.9326171875,0.9370117187500001,0.88525390625,0.85400390625,0.935546875,0.8193359375,2.58154296875
2863,1.01953125,0.82861328125,0.96826171875,0.9438476562500001,0.7958984375,1.04833984375,2.50537109375
2864,0.7846679687500001,1.1474609375,1.07177734375,0.73291015625,0.71728515625,0.9531250000000001,2.7080078125
2865,0.98388671875,0.85546875,1.18115234375,0.8974609375,0.6552734375,1.12451171875,2.80322265625
2866,1.068359375,0.8061523437500001,0.9072265625,0.71875,0.79736328125,0.82470703125,2.77880859375
2867,1.23193359375,0.6982421875000001,1.251953125,0.91845703125,0.58984375,0.95361328125,2.78076171875
2868,1.43115234375,1.0712890625,0.98974609375,0.869140625,0.8017578125,0.73681640625,2.806640625
2869,1.375,0.85400390625,0.8916015625,1.083984375,0.5791015625,0.94580078125,2.70458984375
2870,1.23291015625,0.955078125,0.8764648437500001,0.9111328125,1.13525390625,0.90087890625,2.8369140625
2871,1.22265625,1.1787109375,0.7724609375,0.9873046875,1.13916015625,0.99755859375,2.83935546875
2872,0.6557617187500001,0.84326171875,0.7495117187500001,0.77197265625,1.46337890625,1.26171875,2.93798828125
2873,0.912109375,0.5810546875000001,0.86376953125,1.0302734375,1.0849609375,1.5546875,2.970703125
2874,0.64599609375,0.798828125,0.98974609375,0.8017578125,1.39990234375,0.8359375,2.73681640625
2875,1.01904296875,0.5244140625,1.07421875,0.7001953125,1.0625,0.9331054687500001,2.498046875
2876,1.04833984375,0.939453125,1.0029296875,0.8173828125,0.919921875,0.8925781250000001,2.62353515625
2877,1.052734375,0.97607421875,0.9189453125,0.81982421875,0.951171875,1.1552734375,2.54248046875
2878,1.13623046875,1.32568359375,0.6591796875,0.6962890625,0.6914062500000001,0.9228515625,2.8427734375
2879,1.30224609375,0.8486328125,0.81884765625,1.0009765625,0.6445312500000001,0.93798828125,2.98681640625
2880,1.05859375,1.25390625,0.9223632812500001,1.03271484375,1.0224609375,1.33251953125,2.5263671875
2881,1.11181640625,0.8076171875000001,1.02783203125,1.07958984375,0.8969726562500001,1.16748046875,2.47314453125
2882,0.986328125,1.01123046875,1.095703125,0.86279296875,0.947265625,0.8115234375,2.8779296875
2883,1.30615234375,0.80859375,1.30859375,0.79931640625,0.916015625,1.2373046875,2.61865234375
2884,1.080078125,1.41943359375,0.7426757812500001,0.82666015625,0.751953125,0.8798828125,2.666015625
2885,0.9990234375,1.193359375,0.89306640625,0.82373046875,0.544921875,0.96875,2.56396484375
2886,0.916015625,0.80712890625,0.78759765625,1.2646484375,1.0478515625,1.111328125,2.5234375
2887,1.18212890625,0.46875,0.7470703125,1.068359375,1.04443359375,1.4658203125,2.4951171875
2888,1.11962890625,1.16650390625,0.8955078125,0.79248046875,0.90966796875,1.154296875,2.8134765625
2889,1.32421875,0.7763671875000001,0.98291015625,0.8818359375,0.802734375,1.20263671875,2.81689453125
2890,0.8349609375,1.47265625,0.927734375,0.7963867187500001,0.8559570312500001,0.8500976562500001,2.95703125
2891,1.13916015625,1.1904296875,1.033203125,1.0185546875,0.98388671875,0.98583984375,3.01025390625
2892,0.8027343750000001,0.79150390625,0.8212890625,0.837890625,0.98828125,1.03369140625,2.85302734375
2893,1.13134765625,0.75,0.9189453125,0.9033203125,0.88916015625,1.080078125,2.76611328125
2894,1.32763671875,1.14794921875,0.58544921875,1.12744140625,1.2119140625,1.03076171875,2.78955078125
2895,1.12548828125,1.0888671875,1.02685546875,1.3125,1.21533203125,1.04541015625,2.74853515625
2896,0.9707031250000001,0.99609375,0.92626953125,0.7983398437500001,1.0244140625,0.7138671875,2.955078125
2897,1.416015625,0.6347656250000001,0.94189453125,1.1416015625,0.673828125,0.79248046875,2.76806640625
2898,1.072265625,1.03369140625,0.79833984375,0.89794921875,1.359375,0.9423828125,3.16455078125
2899,1.47705078125,0.90869140625,0.8144531250000001,0.857421875,1.33740234375,1.08740234375,3.02978515625
2900,1.4306640625,1.12353515625,0.7958984375,0.7968750000000002,0.81005859375,1.31689453125,2.70849609375
2901,1.4384765625,0.92626953125,0.9960937500000001,0.87890625,0.94482421875,1.447265625,2.76416015625
2902,1.115234375,0.9267578125,1.09375,0.89453125,0.75439453125,0.87158203125,2.630859375
2903,0.98193359375,0.77587890625,1.19873046875,0.7666015625,0.681640625,0.8095703125,2.59375
2904,1.0908203125,1.29052734375,1.25439453125,1.1982421875,0.93359375,0.95849609375,2.83740234375
2905,1.1240234375,0.931640625,1.2724609375,1.31201171875,1.00341796875,1.2109375,2.8115234375
2906,0.70947265625,1.0322265625,0.8476562500000001,1.06005859375,1.353515625,1.10595703125,2.70947265625
2907,0.8271484375,0.6064453125,0.89990234375,1.00146484375,1.1318359375,1.19970703125,2.6318359375
2908,0.7666015625,1.19970703125,0.7202148437500001,0.85693359375,0.9814453125,0.55810546875,2.74658203125
2909,0.92138671875,1.01318359375,0.92333984375,1.01025390625,0.83837890625,0.69287109375,2.8974609375
2910,1.09130859375,0.90771484375,1.2060546875,0.82666015625,0.951171875,1.23583984375,2.90185546875
2911,1.5498046875,0.6645507812500001,1.4228515625,0.98291015625,0.8105468750000001,1.15966796875,2.8583984375
2912,0.90771484375,1.1171875,0.7978515625,1.091796875,0.87646484375,0.84619140625,2.78076171875
2913,1.12451171875,1.02001953125,0.6835937500000001,1.04638671875,0.806640625,1.07861328125,2.666015625
2914,0.7133789062500001,0.95654296875,1.17333984375,0.59716796875,1.0625,0.93310546875,2.72607421875
2915,0.90966796875,0.77001953125,1.2099609375,0.81396484375,1.146484375,1.08984375,2.66552734375
2916,0.7846679687500001,1.1806640625,0.8046875000000001,0.71435546875,1.0166015625,0.98388671875,2.556640625
2917,0.8955078125,1.00146484375,0.93994140625,0.91162109375,0.79248046875,1.029296875,2.58837890625
2918,1.2353515625,1.13720703125,0.90869140625,1.01171875,0.8525390625,0.9609375000000001,2.57421875
2919,1.3447265625,0.90185546875,1.193359375,1.0400390625,0.6015625,1.17919921875,2.51611328125
2920,0.9072265625,0.98388671875,0.8046875000000001,0.81982421875,0.94775390625,0.9697265625,2.65478515625
2921,1.46875,0.86181640625,0.8779296875,0.93603515625,1.1318359375,1.20068359375,2.5693359375
2922,1.00048828125,1.0908203125,1.04736328125,1.0234375,1.0048828125,0.8149414062500001,2.91162109375
2923,0.984375,0.7397460937500001,1.02490234375,0.984375,0.7192382812500001,0.94580078125,2.6201171875
2924,0.6806640625,1.0322265625,0.74755859375,0.74658203125,0.966796875,1.00537109375,2.640625
2925,0.93212890625,0.9736328125,0.87451171875,0.7421875,0.6835937500000001,0.93603515625,2.57763671875
2926,0.8530273437500001,0.97412109375,0.6806640625,1.0947265625,0.8603515625,1.0146484375,2.64453125
2927,1.0205078125,0.9326171875,0.7060546875,1.0517578125,0.69384765625,1.04150390625,2.521484375
2928,1.23828125,1.12890625,1.13818359375,1.271484375,1.197265625,0.716796875,2.41357421875
2929,1.349609375,1.05224609375,1.0380859375,1.34814453125,1.064453125,0.90478515625,2.4189453125
2930,1.0966796875,1.60205078125,0.546875,1.0888671875,1.4453125,1.10009765625,2.8330078125
2931,1.34521484375,1.06298828125,0.5644531250000002,1.20654296875,1.060546875,1.25390625,2.5361328125
2932,0.97998046875,1.09619140625,0.9267578125,0.5390625000000001,0.8823242187500001,1.099609375,2.68408203125
2933,1.08251953125,0.95703125,0.9609375,0.68994140625,0.9091796875,1.3388671875,2.61572265625
2934,0.69384765625,1.3427734375,0.90625,0.6708984375000001,1.1171875,1.0361328125,2.716796875
2935,1.1259765625,1.259765625,0.8652343750000001,0.8740234375,0.7412109375,1.26513671875,2.521484375
2936,1.0849609375,0.94287109375,0.802734375,0.7548828125,1.02001953125,0.53076171875,2.43359375
2937,1.32763671875,0.884765625,0.95947265625,0.9580078125,0.97314453125,0.7666015625,2.41015625
2938,0.8544921875,0.9951171875,0.94091796875,0.697265625,0.8427734375,1.26513671875,2.54052734375
2939,0.9306640625,1.46875,1.0,0.8720703125,0.69287109375,1.42529296875,2.44921875
2940,0.93359375,1.27001953125,0.85400390625,0.5947265625,0.7939453125,1.02392578125,2.6748046875
2941,0.87109375,1.0087890625,0.8095703125000001,0.748046875,0.7353515625,0.99658203125,2.458984375
2942,0.7934570312500001,1.2705078125,0.94921875,0.45751953125,1.3857421875,0.6845703125000001,2.73388671875
2943,1.21533203125,1.03369140625,0.96484375,0.52001953125,1.13232421875,0.82861328125,2.52099609375
2944,1.56640625,0.72900390625,1.08740234375,0.87744140625,0.85986328125,0.65478515625,2.4208984375
2945,1.46728515625,0.6284179687500001,1.15673828125,1.0048828125,0.83154296875,0.994140625,2.40966796875
2946,1.03857421875,0.947265625,0.76513671875,0.9892578125,0.77294921875,1.13916015625,2.8984375
2947,1.1083984375,0.73974609375,0.8671875000000001,1.0244140625,0.7001953125,1.51171875,2.828125
2948,1.31103515625,1.36083984375,0.94189453125,1.0439453125,1.2060546875,1.2236328125,2.82470703125
2949,1.61767578125,0.8857421875,1.04150390625,1.00927734375,0.97705078125,1.1083984375,2.740234375
2950,0.7290039062500001,1.42529296875,0.93212890625,0.8457031250000001,0.8222656250000001,1.19482421875,2.66748046875
2951,0.9287109375,1.17626953125,1.07470703125,0.99365234375,0.8623046875000001,1.4375,2.49951171875
2952,0.98486328125,0.8720703125,1.06591796875,0.89306640625,0.87939453125,1.015625,2.56884765625
2953,1.28271484375,0.93359375,1.16162109375,1.20654296875,0.79736328125,0.93701171875,2.30517578125
2954,1.1181640625,1.345703125,1.34716796875,1.00634765625,0.94775390625,0.9541015625,2.6708984375
2955,1.46337890625,1.19189453125,1.365234375,1.0390625,0.7988281250000001,0.8984375,2.66015625
2956,0.6611328125,0.89013671875,1.05224609375,1.310546875,0.712890625,1.068359375,2.7041015625
2957,0.716796875,0.83837890625,1.1005859375,1.2529296875,0.6093750000000001,1.15185546875,2.74072265625
2958,0.8994140625,1.00390625,0.5625,0.52490234375,0.9375000000000001,0.9360351562500001,2.6552734375
2959,0.98681640625,0.7626953125,0.55615234375,0.68408203125,0.96142578125,0.99169921875,2.71630859375
2960,1.15283203125,0.76708984375,1.22119140625,1.19580078125,1.07373046875,0.75634765625,2.8466796875
2961,1.326171875,0.56494140625,1.36865234375,1.046875,0.9599609375,0.8544921875,2.787109375
2962,1.32958984375,0.8623046875,0.6606445312500002,0.9638671875,0.8261718750000001,0.7758789062500001,2.39697265625
2963,1.39013671875,0.935546875,1.0263671875,1.25439453125,0.84375,1.09130859375,2.31787109375
2964,0.849609375,0.81494140625,0.90478515625,0.61376953125,0.76513671875,0.60791015625,2.77783203125
2965,0.97021484375,0.6440429687500001,0.9765625,0.7216796875,0.599609375,0.7841796875000001,2.599609375
2966,1.3310546875,1.095703125,0.8515625,0.58984375,0.978515625,0.8393554687500001,2.4677734375
2967,1.42724609375,1.03125,0.8857421875,0.7470703125000001,1.04150390625,0.96142578125,2.35107421875
2968,0.974609375,1.18359375,0.921875,1.05712890625,0.81103515625,1.17919921875,2.80126953125
2969,1.28662109375,0.95849609375,1.08837890625,0.90771484375,0.91064453125,1.36474609375,2.689453125
2970,1.1103515625,0.9497070312500001,0.7841796875,0.8134765625,1.11767578125,1.142578125,2.693359375
2971,1.20458984375,0.89404296875,0.830078125,0.810546875,0.8671875,1.18994140625,2.576171875
2972,0.9677734375,1.16748046875,0.7065429687500001,0.576171875,1.07861328125,1.00390625,2.44287109375
2973,1.26025390625,1.11962890625,0.72607421875,0.5888671875,0.951171875,1.27392578125,2.3466796875
2974,0.982421875,1.03955078125,0.7861328125,0.86669921875,0.9970703125,1.1357421875,2.64892578125
2975,0.935546875,0.8828125,1.001953125,1.02001953125,0.6982421875,1.4326171875,2.55615234375
2976,0.947265625,0.91552734375,0.9575195312500001,1.00048828125,0.51416015625,1.2177734375,2.70068359375
2977,1.404296875,0.7998046875,1.1005859375,1.06103515625,0.3779296875,0.9775390625,2.44580078125
2978,0.9365234375,0.69189453125,1.1064453125,0.6215820312500001,1.1396484375,1.2919921875,2.5517578125
2979,1.11279296875,0.7099609375000001,1.26416015625,0.8525390625,0.8593750000000001,1.35302734375,2.57177734375
2980,1.52685546875,0.7890625,0.8408203125,1.27880859375,0.998046875,0.65185546875,2.83203125
2981,1.45849609375,0.58203125,0.83447265625,1.2607421875,0.7309570312500001,0.8359375000000001,2.6865234375
2982,1.26806640625,0.8212890625,0.96826171875,0.71923828125,1.22265625,1.1767578125,2.4453125
2983,1.26953125,0.61181640625,1.0283203125,0.94921875,1.1220703125,1.18505859375,2.35791015625
2984,1.2431640625,1.248046875,0.92138671875,0.71923828125,0.8994140625,0.6259765625,2.45166015625
2985,1.06005859375,1.03369140625,1.06884765625,0.7783203125,0.9902343750000001,0.71142578125,2.30517578125
2986,1.02001953125,0.8466796875000001,1.00927734375,0.6181640625,0.84423828125,0.84912109375,2.72021484375
2987,1.49658203125,0.7705078125,1.0869140625,0.7509765625,0.76708984375,1.2265625,2.56201171875
2988,1.15283203125,0.9584960937500001,1.10888671875,0.943359375,1.201171875,1.3759765625,2.677734375
2989,1.5556640625,0.7451171875,1.0009765625,0.99658203125,1.2314453125,1.38720703125,2.53759765625
2990,0.986328125,0.8876953125,0.81591796875,1.16845703125,1.189453125,0.57275390625,2.57958984375
2991,1.28466796875,0.91455078125,0.947265625,1.1298828125,1.06103515625,0.79638671875,2.51708984375
2992,0.72509765625,0.98291015625,0.98583984375,0.84326171875,1.0791015625,0.60205078125,2.58154296875
2993,1.0,1.0380859375,1.16357421875,0.7548828125,1.23388671875,0.87744140625,2.4375
2994,1.25048828125,1.251953125,0.70458984375,0.7490234375000001,1.27099609375,1.24951171875,2.5654296875
2995,1.3125,0.94677734375,0.71044921875,0.8046875,1.11572265625,1.2734375,2.56787109375
2996,0.99853515625,0.8222656250000001,1.06494140625,1.125,0.7958984375,0.85595703125,2.4130859375
2997,1.03369140625,0.6171875,1.47216796875,1.12353515625,0.5683593750000001,0.9501953125,2.36669921875
2998,0.7856445312500001,1.125,0.8720703125000001,0.56396484375,1.14697265625,0.58154296875,3.0419921875
2999,1.0107421875,0.75146484375,0.9169921875,0.5913085937500001,1.0009765625,0.8251953125,2.81494140625
3000,1.31640625,1.49462890625,0.6894531250000001,0.7397460937500001,0.78857421875,1.0244140625,2.73583984375
3001,1.4560546875,1.51953125,0.7490234375,0.95849609375,0.6586914062500001,1.34033203125,2.70068359375
3002,0.9438476562500001,1.06982421875,0.84423828125,1.0986328125,0.962890625,0.94580078125,2.6484375
3003,1.38330078125,0.9521484375,0.9169921875,1.0615234375,0.85693359375,1.17041015625,2.63134765625
3004,1.3583984375,0.84375,0.86669921875,1.0078125,1.02099609375,1.01123046875,2.5
3005,1.20166015625,0.3798828125,1.08740234375,1.18359375,0.93701171875,1.17236328125,2.48583984375
3006,0.9853515625,0.8945312500000001,0.51220703125,1.013671875,1.15234375,1.1484375,2.48779296875
3007,0.9111328125,0.74853515625,0.55859375,1.142578125,1.00146484375,1.4443359375,2.4765625
3008,0.97119140625,1.00048828125,0.7412109375,1.11474609375,1.208984375,1.0361328125,2.3408203125
3009,1.12744140625,0.6850585937500001,0.7880859375,1.21826171875,1.0576171875,1.10791015625,2.16259765625
3010,1.42919921875,0.95947265625,0.62060546875,0.99755859375,1.154296875,0.70556640625,2.42529296875
3011,1.548828125,0.7172851562500001,0.77001953125,1.08349609375,0.86962890625,0.96630859375,2.4287109375
3012,1.20263671875,1.13671875,0.75439453125,0.62353515625,1.234375,0.7509765625,2.80029296875
3013,1.31298828125,0.94677734375,0.65576171875,0.7246093750000001,0.8989257812500001,0.7910156250000001,2.611328125
3014,0.9375,1.1845703125,1.0322265625,0.51513671875,1.22412109375,0.44140625000000006,2.79248046875
3015,1.10302734375,1.17529296875,1.32373046875,0.556640625,1.18408203125,0.54296875,2.638671875
3016,1.12939453125,1.28369140625,0.88037109375,0.75634765625,1.2890625,0.91259765625,2.85693359375
3017,1.3017578125,1.16650390625,1.18017578125,0.97412109375,1.04345703125,1.19677734375,2.5849609375
3018,1.2119140625,1.0341796875,0.84521484375,0.82421875,1.07373046875,0.78564453125,2.40283203125
3019,1.44384765625,1.08251953125,1.005859375,0.91650390625,0.85546875,0.79296875,2.43115234375
3020,1.1728515625,0.88818359375,1.01953125,0.69384765625,1.15185546875,1.0517578125,2.93408203125
3021,1.18310546875,0.9052734375,1.146484375,0.84765625,0.90234375,1.1259765625,2.9150390625
3022,1.07275390625,0.80078125,0.9912109375,0.9970703125,1.07373046875,1.03466796875,2.79443359375
3023,1.119140625,0.6601562500000001,1.14453125,0.9443359375,0.91015625,1.326171875,2.79248046875
3024,0.94921875,1.19873046875,0.98974609375,0.7802734375,1.10595703125,0.7158203125,2.70947265625
3025,1.19873046875,1.05078125,1.02587890625,0.82080078125,0.7280273437500001,0.95703125,2.6982421875
3026,0.6298828125,1.03857421875,0.69873046875,0.609375,0.87744140625,0.72900390625,2.5439453125
3027,1.02783203125,0.94287109375,0.75439453125,0.634765625,0.9238281250000001,0.86572265625,2.412109375
3028,0.7353515625000001,1.13037109375,0.98095703125,0.7373046875,1.10205078125,0.80224609375,2.84716796875
3029,1.044921875,0.8212890625,0.9194335937500001,0.86865234375,1.01708984375,1.0556640625,2.61376953125
3030,1.11572265625,0.88525390625,0.7475585937500001,0.64501953125,1.3603515625,0.86376953125,2.515625
3031,1.38037109375,0.7646484375,0.90234375,0.724609375,1.01953125,1.0927734375,2.50341796875
3032,0.90478515625,0.70654296875,0.896484375,0.90234375,1.01806640625,0.9580078125,2.873046875
3033,1.07080078125,0.6982421875,1.0556640625,0.91796875,0.8637695312500001,1.06884765625,2.533203125
3034,1.0517578125,0.748046875,0.5747070312500001,1.0244140625,0.9931640625,0.8935546875000001,2.73486328125
3035,1.22412109375,0.763671875,0.90673828125,1.1015625,0.80908203125,0.9677734375,2.59716796875
3036,0.91455078125,1.1640625,0.861328125,0.7080078125000001,0.74169921875,0.84716796875,2.47607421875
3037,1.06787109375,0.859375,1.0322265625,0.8154296875,0.5791015625,1.1435546875,2.34228515625
3038,0.671875,1.130859375,0.6591796875,0.86474609375,1.1005859375,1.03369140625,3.099609375
3039,0.91162109375,0.94921875,0.7451171875,0.91552734375,0.9033203125,1.03564453125,2.95361328125
3040,1.19970703125,1.0322265625,1.16259765625,0.65283203125,1.1513671875,0.8505859375000001,2.8798828125
3041,1.3095703125,1.166015625,1.23974609375,0.68212890625,0.9101562500000001,0.94580078125,2.67822265625
3042,0.90966796875,1.1484375,1.11083984375,1.03759765625,1.3203125,1.2705078125,2.72607421875
3043,0.97412109375,1.015625,1.08056640625,0.830078125,0.81884765625,1.15478515625,2.90185546875
3044,0.85107421875,0.70263671875,0.943359375,0.8603515625,1.0615234375,0.8896484375,2.6474609375
3045,0.80078125,0.4248046875,1.0673828125,0.8955078125,0.86767578125,0.9619140625,2.64599609375
3046,0.9970703125,1.0673828125,0.966796875,0.63232421875,1.01416015625,0.7998046875,2.53369140625
3047,1.15673828125,0.8554687500000001,1.1142578125,0.6142578125,0.81201171875,1.02294921875,2.45654296875
3048,0.91552734375,0.73876953125,0.4482421875,0.6103515625,1.30712890625,0.64404296875,2.6630859375
3049,1.26513671875,0.78125,0.59716796875,0.6318359375000001,1.22607421875,0.890625,2.59814453125
3050,1.025390625,0.76025390625,0.68603515625,0.9677734375,0.6875,1.03759765625,2.70947265625
3051,0.84375,0.4638671875,0.828125,1.0859375,0.5668945312500001,1.2724609375,2.77001953125
3052,0.7089843750000001,0.923828125,0.7216796875,0.6396484375000001,0.66552734375,0.7055664062500001,2.88037109375
3053,1.076171875,0.68896484375,0.86669921875,0.7705078125,0.6396484375000001,0.9130859375,2.55029296875
3054,1.40869140625,0.94482421875,0.8100585937500001,0.87939453125,0.8183593750000001,1.02685546875,2.63037109375
3055,1.29931640625,0.78564453125,0.8149414062500001,0.8505859375,0.873046875,1.16748046875,2.62890625
3056,0.60693359375,1.12060546875,0.88525390625,0.8120117187500001,0.7592773437500001,0.90283203125,2.4482421875
3057,0.72021484375,0.8588867187500001,1.2568359375,0.974609375,0.66015625,0.9609375,2.27392578125
3058,1.07666015625,0.91552734375,1.1103515625,1.27685546875,1.29541015625,0.814453125,2.29443359375
3059,1.15185546875,0.6708984375,1.0986328125,1.51416015625,1.29296875,0.98486328125,2.30224609375
3060,0.7041015625,1.42333984375,1.017578125,0.88232421875,0.96337890625,1.02783203125,2.81201171875
3061,0.69482421875,1.16796875,0.99560546875,0.9658203125,1.00146484375,1.14404296875,2.7109375
3062,0.990234375,1.201171875,0.7324218750000001,1.0361328125,0.87744140625,0.6455078125000001,2.5380859375
3063,1.12353515625,0.9912109375,0.99169921875,1.01171875,0.82568359375,0.78271484375,2.57470703125
3064,0.8720703125000001,0.80859375,0.9521484375,0.76806640625,0.90234375,0.6992187500000001,2.84912109375
3065,1.01611328125,0.67578125,1.0498046875,0.83984375,0.9541015625,0.91455078125,2.83984375
3066,1.140625,0.947265625,1.30029296875,0.7080078125000001,1.1337890625,1.1064453125,2.65966796875
3067,1.3154296875,0.6577148437500001,1.24755859375,0.83251953125,0.90185546875,1.16650390625,2.59033203125
3068,0.7788085937500001,0.9863281250000001,0.81591796875,1.205078125,0.8486328125,0.86328125,2.52392578125
3069,0.82470703125,0.8017578125,0.99560546875,1.1005859375,0.88232421875,0.95703125,2.3779296875
3070,0.9453125,1.0517578125,1.1484375,0.5771484375,1.025390625,0.8745117187500001,2.88134765625
3071,0.9970703125,0.9609375000000001,1.220703125,0.76171875,0.8730468750000001,0.85009765625,2.7802734375
3072,1.2802734375,1.177734375,1.04296875,1.00244140625,1.10986328125,0.74072265625,3.166015625
3073,1.24658203125,0.87060546875,1.33740234375,0.80615234375,0.81494140625,0.8662109375000001,2.9736328125
3074,0.8930664062500001,0.88037109375,1.05322265625,0.51904296875,0.734375,1.0126953125,2.67041015625
3075,1.06640625,0.8374023437500001,1.14404296875,0.548828125,0.5122070312500001,1.0537109375,2.4296875
3076,0.86181640625,0.96728515625,0.57373046875,1.1865234375,0.75048828125,0.75732421875,2.93505859375
3077,1.1953125,0.9423828125000001,0.63232421875,0.97705078125,0.57666015625,0.8505859375,2.7392578125
3078,1.18359375,1.26611328125,0.92138671875,1.34912109375,0.8247070312500001,1.03564453125,2.64013671875
3079,1.234375,1.02294921875,0.90673828125,1.40478515625,0.830078125,1.08349609375,2.58203125
3080,0.9238281250000001,1.1826171875,0.86572265625,0.87255859375,1.36865234375,0.9443359375,2.82177734375
3081,1.125,0.9169921875,1.22998046875,0.9775390625,1.05029296875,1.1962890625,2.869140625
3082,0.7744140625000001,1.05859375,0.892578125,0.67333984375,0.7822265625,0.7197265625000001,2.6904296875
3083,1.017578125,0.8217773437500001,0.79248046875,0.85888671875,0.8046875000000001,1.0390625,2.77783203125
3084,0.7968750000000001,1.12646484375,0.83544921875,0.7216796875,0.9912109375,1.2666015625,2.44873046875
3085,0.7490234375,0.85302734375,0.87109375,0.919921875,0.7080078125000001,1.36376953125,2.2177734375
3086,1.1572265625,1.05224609375,0.78759765625,0.6650390625,1.23095703125,1.36328125,2.60302734375
3087,1.1201171875,0.8686523437500001,0.8291015625,0.8266601562500001,1.35107421875,1.40478515625,2.5869140625
3088,0.8950195312500001,0.9609375,0.7373046875,0.8085937500000001,0.91015625,0.89599609375,2.32568359375
3089,1.15185546875,0.8017578125000001,0.77880859375,0.919921875,0.77392578125,1.01123046875,2.41015625
3090,0.70751953125,1.328125,1.001953125,0.74853515625,1.197265625,0.75,2.48681640625
3091,0.7397460937500001,1.1796875,1.0439453125,1.02392578125,1.12841796875,0.70361328125,2.4365234375
3092,1.22216796875,1.06591796875,1.01611328125,0.86279296875,1.17919921875,1.23583984375,2.49560546875
3093,1.0703125,0.9775390625000001,1.1376953125,1.2021484375,1.34033203125,1.45703125,2.3798828125
3094,0.88671875,1.1875,0.58642578125,0.70849609375,0.984375,1.2890625,2.64794921875
3095,1.18359375,1.36767578125,0.8515625,0.8544921875000001,0.79931640625,1.32177734375,2.505859375
3096,1.13720703125,1.07470703125,0.9848632812500001,0.8486328125,0.8896484375,0.8178710937500001,2.701171875
3097,1.18212890625,1.01513671875,0.94384765625,0.853515625,1.05615234375,0.9921875,2.73876953125
3098,0.99951171875,1.3046875,1.35107421875,0.6904296875000001,0.67626953125,0.994140625,2.43798828125
3099,1.29150390625,1.125,1.15673828125,0.943359375,0.55078125,1.1259765625,2.35595703125
3100,0.845703125,1.14794921875,0.9521484375,0.87841796875,0.99609375,0.8862304687500001,2.79345703125
3101,0.94775390625,0.841796875,0.94287109375,0.9228515625,0.9755859375,1.05126953125,2.6875
3102,0.88818359375,0.99755859375,0.93505859375,0.78369140625,0.7016601562500001,0.88134765625,2.912109375
3103,1.25634765625,0.93603515625,0.94775390625,0.65576171875,0.6865234375,1.525390625,2.7890625
3104,1.36083984375,1.07958984375,0.720703125,0.89208984375,0.7993164062500001,0.90576171875,2.7314453125
3105,1.50732421875,0.921875,0.90380859375,0.77392578125,0.6635742187500001,0.86962890625,2.736328125
3106,0.912109375,0.68603515625,1.0205078125,0.712890625,1.36328125,0.7768554687500002,2.56005859375
3107,0.9443359375,0.5908203125000001,1.1904296875,0.841796875,1.26220703125,1.07958984375,2.53125
3108,1.26708984375,1.2314453125,0.8427734375,0.9306640625,1.08056640625,0.6791992187500001,2.703125
3109,1.5361328125,0.8940429687500001,1.08740234375,1.0244140625,0.87451171875,0.87744140625,2.65869140625
3110,1.1376953125,0.9267578125,1.029296875,0.85400390625,0.787109375,0.8510742187500001,2.68408203125
3111,1.2568359375,0.5595703125000001,0.99853515625,0.8691406250000001,0.5517578125,1.140625,2.6611328125
3112,1.12158203125,0.9677734375,0.79248046875,0.82275390625,1.279296875,0.88525390625,2.54443359375
3113,1.52001953125,1.0244140625,1.0029296875,1.06640625,1.09033203125,0.98974609375,2.576171875
3114,0.88427734375,1.380859375,1.10986328125,0.69775390625,1.21484375,0.9790039062500001,2.68896484375
3115,1.0869140625,1.06884765625,1.2255859375,0.80712890625,0.91455078125,1.3193359375,2.67919921875
3116,0.5029296875,0.95947265625,0.68408203125,0.5312500000000001,0.783203125,0.87744140625,2.67529296875
3117,0.86669921875,0.791015625,0.818359375,0.65673828125,0.6220703125,1.02685546875,2.68505859375
3118,0.76025390625,1.48681640625,0.85205078125,0.5166015625,1.453125,0.9399414062500001,2.66552734375
3119,1.0205078125,1.04248046875,1.13623046875,0.68212890625,1.208984375,1.04248046875,2.5185546875
3120,1.0078125,0.7734375,0.7666015625,1.04443359375,0.92236328125,0.74365234375,3.013671875
3121,1.279296875,0.70556640625,0.783203125,1.08251953125,0.78125,0.85205078125,2.85107421875
3122,1.3447265625,1.05322265625,1.0,0.8623046875,0.984375,1.0068359375,2.92138671875
3123,1.2578125,1.31494140625,0.74365234375,1.02392578125,0.8544921875000001,1.1083984375,2.6142578125
3124,0.955078125,0.90087890625,0.81396484375,1.076171875,1.029296875,0.93310546875,2.55908203125
3125,1.166015625,0.720703125,0.84912109375,1.08447265625,0.80419921875,1.15380859375,2.59716796875
3126,1.248046875,1.0966796875,0.87158203125,1.005859375,1.103515625,1.0986328125,2.73974609375
3127,1.384765625,0.943359375,1.107421875,1.10498046875,1.1142578125,1.39990234375,2.671875
3128,0.7275390625,1.24365234375,0.783203125,0.95556640625,1.2841796875,1.1806640625,2.59423828125
3129,0.83740234375,0.783203125,1.06884765625,1.208984375,1.18505859375,1.0400390625,2.50390625
3130,0.6865234375000002,1.08984375,0.79345703125,0.8818359375,1.00048828125,1.15673828125,2.89990234375
3131,1.158203125,1.04052734375,0.98486328125,0.9296875,0.9541015625,1.0888671875,2.826171875
3132,0.95263671875,0.66455078125,0.96728515625,1.1201171875,0.91943359375,0.908203125,2.70849609375
3133,0.87548828125,0.6142578125,0.98388671875,1.08837890625,0.8017578125000001,1.03125,2.81298828125
3134,1.333984375,0.88623046875,1.0537109375,0.7109375000000001,0.7416992187500001,1.08447265625,2.64892578125
3135,1.59814453125,0.52734375,0.97802734375,0.810546875,0.59912109375,1.17822265625,2.5869140625
3136,1.1123046875,0.72705078125,1.10546875,1.0732421875,1.12353515625,0.62744140625,2.75
3137,1.09375,0.51025390625,1.21240234375,1.18359375,1.00537109375,0.8505859375,2.59423828125
3138,1.009765625,0.73828125,0.87548828125,1.05810546875,1.1865234375,1.080078125,2.8701171875
3139,1.23388671875,0.6484375000000001,0.84814453125,1.02978515625,1.068359375,1.2041015625,2.7197265625
3140,0.93310546875,1.21435546875,0.751953125,0.88671875,0.998046875,0.8310546875,2.42333984375
3141,1.0244140625,1.09033203125,1.00048828125,0.978515625,0.8017578125,0.89501953125,2.24755859375
3142,0.85009765625,0.9404296875,0.7412109375,0.6708984375,1.1513671875,0.91455078125,2.49267578125
3143,0.9951171875,0.658203125,0.8344726562500001,0.73974609375,1.27783203125,1.0810546875,2.3916015625
3144,0.90380859375,1.181640625,0.9111328125,0.916015625,0.8896484375,0.8676757812500001,2.2900390625
3145,1.27978515625,1.11962890625,0.9399414062500001,1.076171875,0.8081054687500001,0.92333984375,2.2763671875
3146,0.7758789062500001,0.900390625,0.8349609375000001,1.04443359375,1.01904296875,0.6796875000000001,2.76025390625
3147,0.98681640625,0.935546875,0.93505859375,1.095703125,1.06982421875,0.8476562500000001,2.60693359375
3148,1.044921875,1.12353515625,0.99853515625,1.05810546875,1.43994140625,0.7109375,2.6298828125
3149,1.5498046875,0.9453125,1.056640625,1.025390625,1.16162109375,0.8989257812500001,2.49951171875
3150,0.8193359375,1.13525390625,0.8408203125,1.12890625,1.291015625,1.095703125,2.7041015625
3151,1.27587890625,0.7998046875,0.8012695312500001,1.1455078125,1.0126953125,1.03857421875,2.58544921875
3152,0.9521484375,1.26171875,0.89794921875,1.1142578125,0.6318359375,0.689453125,2.75439453125
3153,1.29931640625,0.91748046875,0.96728515625,1.2158203125,0.5869140625,0.8232421875000001,2.626953125
3154,1.05322265625,0.9345703125,0.6152343750000001,1.11328125,0.6533203125,0.75,2.53369140625
3155,1.1826171875,0.63232421875,0.7197265625000001,1.10107421875,0.6689453125,0.779296875,2.54931640625
3156,0.6660156250000001,1.3876953125,0.935546875,0.802734375,0.921875,0.7402343750000001,2.70556640625
3157,1.0244140625,1.2060546875,1.15771484375,0.92919921875,0.83203125,0.775390625,2.56982421875
3158,1.04931640625,0.95947265625,0.939453125,1.2705078125,1.10546875,1.310546875,2.39599609375
3159,1.54150390625,0.6455078125,1.11865234375,1.22509765625,0.970703125,1.46728515625,2.4990234375
3160,1.056640625,0.6005859375,0.9423828125,0.75830078125,1.1357421875,1.01318359375,2.7763671875
3161,1.0146484375,0.4794921875,0.97900390625,0.8637695312500001,0.8999023437500001,1.09375,2.52294921875
3162,0.9853515625,1.1923828125,1.037109375,0.73681640625,0.953125,0.953125,2.62939453125
3163,1.01806640625,0.87353515625,1.22509765625,0.83740234375,0.994140625,0.9853515625,2.71337890625
3164,0.8681640625,0.82177734375,0.86962890625,0.90576171875,1.0869140625,0.916015625,2.8017578125
3165,1.025390625,0.60107421875,1.0224609375,0.9296875,1.033203125,1.24609375,2.5703125
3166,1.0068359375,1.1728515625,0.99560546875,0.77197265625,1.15966796875,0.80859375,2.91552734375
3167,1.4404296875,1.0244140625,1.00244140625,1.01904296875,0.79736328125,1.09228515625,2.76611328125
3168,1.22119140625,1.16748046875,0.734375,0.7792968750000001,0.90380859375,0.892578125,2.671875
3169,1.2353515625,0.9208984375,0.87939453125,0.97265625,1.0537109375,0.93115234375,2.52685546875
3170,0.9541015625,1.5244140625,1.11572265625,0.9912109375,1.08935546875,0.94482421875,2.47607421875
3171,1.109375,1.15185546875,1.2822265625,0.95751953125,0.78759765625,1.16455078125,2.5166015625
3172,1.40673828125,0.92431640625,1.06591796875,1.02880859375,1.12451171875,1.10107421875,2.4931640625
3173,1.376953125,0.7690429687500001,1.19482421875,1.22314453125,0.9814453125,1.11328125,2.32080078125
3174,0.9238281250000001,0.9970703125,0.81884765625,0.79541015625,0.8481445312500001,0.7822265625,2.888671875
3175,1.45458984375,0.61474609375,0.6538085937500002,0.84814453125,0.64501953125,0.9287109375,2.73583984375
3176,1.11669921875,0.9296875,0.67578125,0.9306640625,0.7041015625,1.0380859375,2.81201171875
3177,1.40478515625,0.7353515625,0.99169921875,0.88134765625,0.66943359375,1.08447265625,2.5693359375
3178,0.95166015625,1.1005859375,1.07666015625,0.61865234375,0.96728515625,0.9580078125,2.9404296875
3179,1.12353515625,0.92529296875,0.98828125,0.740234375,0.90869140625,1.02392578125,2.69677734375
3180,0.85888671875,1.13232421875,1.24072265625,0.79736328125,0.927734375,0.6484375000000001,2.439453125
3181,1.1337890625,1.09033203125,1.28173828125,0.7485351562500001,0.9091796875000001,0.85693359375,2.33154296875
3182,0.783203125,1.03759765625,1.3759765625,0.5537109375,1.310546875,1.251953125,2.78662109375
3183,0.92041015625,0.88720703125,1.31494140625,0.6298828125,0.79345703125,1.4326171875,2.67529296875
3184,0.9208984375,0.9658203125,1.05615234375,0.72900390625,0.9365234375,0.8647460937500001,2.31494140625
3185,0.94873046875,1.0234375,0.9565429687500001,0.8159179687500001,0.72607421875,0.99072265625,2.16455078125
3186,1.33544921875,1.13671875,0.7739257812500001,0.947265625,0.9443359375,1.08251953125,2.38671875
3187,1.25146484375,0.94873046875,0.88330078125,0.9296875,0.79736328125,1.17236328125,2.34033203125
3188,1.15234375,0.8876953125,0.84521484375,0.74951171875,0.94482421875,0.88134765625,2.7373046875
3189,1.3310546875,0.9580078125,0.6420898437500001,0.9736328125,0.9091796875,0.99267578125,2.72802734375
3190,0.8720703125,1.26806640625,1.18798828125,0.58544921875,1.1162109375,1.20654296875,2.7568359375
3191,0.9013671875,1.05615234375,1.4716796875,0.64111328125,1.2275390625,1.16259765625,2.69189453125
3192,1.23974609375,0.67041015625,1.02294921875,0.50537109375,1.12353515625,0.67578125,2.91650390625
3193,1.26171875,0.39306640625,1.08251953125,0.64892578125,0.89111328125,0.96923828125,2.77392578125
3194,1.07470703125,0.9306640625,1.05517578125,0.787109375,1.1943359375,0.94384765625,2.8212890625
3195,1.1171875,0.7612304687500001,1.01953125,1.01953125,0.95751953125,0.9423828125,2.748046875
3196,0.99853515625,0.71826171875,0.8208007812500001,0.72998046875,0.9833984375000001,0.7783203125,2.5634765625
3197,0.97509765625,0.6113281250000001,0.794921875,0.73779296875,0.87744140625,1.20458984375,2.5068359375
3198,1.4033203125,0.8056640625000001,1.107421875,0.89990234375,1.1474609375,1.08203125,2.41162109375
3199,1.2265625,0.5400390625,1.07861328125,0.8413085937500001,1.0927734375,1.1337890625,2.35546875
3200,0.91943359375,0.8720703125000001,0.8955078125,0.611328125,1.41455078125,1.0439453125,2.77685546875
3201,0.95947265625,0.51318359375,1.001953125,0.7353515625,1.181640625,1.05029296875,2.68603515625
3202,1.15380859375,1.099609375,1.1552734375,0.81982421875,0.7412109375000001,1.064453125,2.76416015625
3203,1.134765625,0.783203125,1.212890625,1.00244140625,0.6796875,1.30078125,2.876953125
3204,0.841796875,1.03173828125,0.5966796875000001,0.875,0.88671875,0.94873046875,3.00634765625
3205,1.23828125,0.6064453125,0.72705078125,0.85986328125,0.75244140625,1.03271484375,3.00439453125
3206,0.98486328125,1.431640625,1.05419921875,0.6816406250000001,0.83984375,0.9404296875000001,2.5048828125
3207,1.228515625,1.31640625,1.33642578125,0.830078125,0.95654296875,1.171875,2.32080078125
3208,0.96337890625,1.216796875,0.96875,0.66455078125,0.71630859375,1.1025390625,2.3896484375
3209,1.4619140625,0.7089843750000001,1.13037109375,0.8193359375000001,0.5810546875,1.0341796875,2.33203125
3210,1.09375,0.998046875,0.7270507812500001,0.98876953125,0.90283203125,0.8740234375000001,2.724609375
3211,1.06005859375,0.8432617187500001,0.7373046875000001,1.1611328125,0.9677734375,0.82470703125,2.62548828125
3212,0.77734375,1.18212890625,1.06396484375,0.7309570312500001,0.9013671875,0.89697265625,2.90478515625
3213,0.771484375,1.1689453125,1.310546875,0.75341796875,0.79443359375,1.09619140625,2.74560546875
3214,0.65380859375,1.38427734375,0.7021484375000001,1.1044921875,1.0439453125,0.6313476562500001,2.8154296875
3215,0.86083984375,1.2138671875,1.005859375,1.1142578125,0.8876953125,0.794921875,2.83740234375
3216,1.32275390625,1.08837890625,1.05126953125,1.22216796875,0.9013671875,0.7763671875,2.3759765625
3217,1.18212890625,0.8666992187500001,1.2353515625,1.18505859375,0.712890625,0.8769531250000001,2.33642578125
3218,1.17919921875,1.14599609375,0.96044921875,0.75048828125,0.78076171875,1.2763671875,2.68310546875
3219,1.21728515625,0.75537109375,1.14892578125,0.9443359375,0.7006835937500001,1.0556640625,2.68994140625
3220,0.78759765625,1.17626953125,1.12158203125,0.595703125,0.73486328125,1.01220703125,2.341796875
3221,0.880859375,0.85888671875,1.0302734375,0.79443359375,0.73779296875,1.02197265625,2.234375
3222,0.8095703125,1.01123046875,0.73583984375,0.998046875,1.2548828125,0.81982421875,2.65576171875
3223,0.712890625,0.8339843750000001,0.7968750000000001,0.95166015625,1.02001953125,0.98974609375,2.61474609375
3224,0.7890625000000001,1.232421875,0.990234375,0.65283203125,1.29443359375,0.7094726562500002,2.75341796875
3225,1.1953125,1.05078125,1.1005859375,0.857421875,1.0703125,0.865234375,2.63525390625
3226,0.83154296875,1.0048828125,0.64208984375,0.84228515625,0.9091796875,0.7690429687500001,2.60546875
3227,0.88818359375,0.8217773437500001,0.69677734375,0.93505859375,1.01611328125,0.98193359375,2.51611328125
3228,1.45947265625,1.12158203125,1.32421875,0.7846679687500001,1.2529296875,0.68359375,2.96826171875
3229,1.23974609375,0.8452148437500001,1.3662109375,1.0224609375,1.26708984375,0.986328125,2.9287109375
3230,1.0732421875,1.23486328125,0.9067382812500001,0.67041015625,0.88232421875,1.10693359375,2.68798828125
3231,1.34033203125,1.1259765625,0.95263671875,0.81689453125,0.88427734375,1.20751953125,2.65185546875
3232,0.97705078125,1.22998046875,1.0224609375,0.8388671875,1.185546875,0.78515625,2.80029296875
3233,1.1015625,0.78515625,0.95751953125,0.7646484375,0.9189453125,1.01171875,2.662109375
3234,1.1962890625,0.5864257812500001,0.92041015625,0.82373046875,1.08642578125,1.0205078125,2.75830078125
3235,1.2890625,0.52099609375,0.828125,0.8935546875,0.8032226562500001,1.078125,2.68701171875
3236,0.8784179687500001,1.16064453125,0.50732421875,0.640625,0.78466796875,1.05615234375,2.87939453125
3237,1.20849609375,0.88330078125,0.6201171875,0.90966796875,0.7451171875,0.95166015625,2.79052734375
3238,0.9755859375,1.248046875,0.8388671875,0.8271484375000001,0.8525390625,1.06494140625,2.8466796875
3239,1.435546875,0.9702148437500001,1.09228515625,0.8046875,0.7812500000000001,1.0556640625,2.705078125
3240,1.4462890625,0.91943359375,0.7319335937500001,0.8178710937500001,1.04296875,0.83740234375,2.580078125
3241,1.23095703125,0.7768554687500001,0.98583984375,0.9892578125,0.92626953125,0.98095703125,2.42236328125
3242,0.54443359375,1.4541015625,0.9384765625,0.37255859375,0.751953125,0.86083984375,2.77685546875
3243,0.79638671875,1.33056640625,0.9638671875,0.4951171875,0.6396484375,1.10205078125,2.66552734375
3244,0.8359375000000001,0.7910156250000001,0.8964843750000001,0.6948242187500001,0.724609375,0.73486328125,2.8125
3245,1.0830078125,0.5161132812500001,0.9140625,0.90673828125,0.7924804687500001,0.80908203125,2.5771484375
3246,0.8642578125,1.37841796875,0.9272460937500001,0.7958984375,0.984375,0.525390625,2.83349609375
3247,1.1513671875,0.9248046875,0.99267578125,0.9746093750000001,0.93798828125,0.8173828125000001,2.845703125
3248,1.216796875,1.029296875,0.91650390625,0.96435546875,0.9926757812500001,1.0419921875,2.74462890625
3249,1.23828125,0.951171875,0.8588867187500001,1.111328125,0.83251953125,1.30078125,2.70654296875
3250,0.86865234375,1.1640625,0.8754882812500001,0.95703125,1.24951171875,0.974609375,3.14208984375
3251,1.05712890625,1.34375,0.88427734375,1.1123046875,0.93505859375,0.97021484375,3.216796875
3252,0.79736328125,0.744140625,0.9228515625,0.77734375,0.5537109375,1.068359375,2.57958984375
3253,1.19775390625,0.8369140625,0.97216796875,0.8994140625,0.53759765625,1.20654296875,2.59228515625
3254,0.54736328125,0.81591796875,0.607421875,0.86962890625,0.7172851562500001,1.2138671875,2.6953125
3255,0.6962890625,0.6650390625,0.517578125,0.96484375,0.67626953125,1.10546875,2.50244140625
3256,0.96728515625,1.01318359375,0.88525390625,1.08251953125,1.17724609375,0.8095703125,2.76513671875
3257,1.19970703125,0.8676757812500001,0.96240234375,0.9248046875,1.17822265625,0.80322265625,2.8505859375
3258,0.7890625000000001,0.8154296875,0.49072265625,0.96484375,1.109375,1.01953125,2.5654296875
3259,0.95703125,0.81298828125,0.5,0.89453125,1.12109375,0.9267578125,2.49072265625
3260,0.8046875,1.28466796875,0.7827148437500001,0.6884765625,0.931640625,0.6796875,2.92626953125
3261,1.099609375,0.9301757812500001,0.84716796875,0.63916015625,0.8740234375000001,1.13525390625,2.806640625
3262,0.91748046875,1.02734375,0.60107421875,0.92724609375,1.173828125,0.7578125,2.69970703125
3263,0.91650390625,0.82763671875,0.75634765625,1.0537109375,1.1376953125,0.9809570312500001,2.72705078125
3264,1.14111328125,1.35107421875,0.96630859375,0.84375,1.08203125,1.05517578125,2.6494140625
3265,1.205078125,0.9267578125,1.03076171875,0.75634765625,0.95166015625,1.05517578125,2.57421875
3266,0.7744140625,0.8320312500000001,0.736328125,1.10791015625,0.7817382812500001,0.70068359375,2.4228515625
3267,0.99072265625,0.9482421875,0.84423828125,1.14111328125,0.623046875,1.0908203125,2.3427734375
3268,1.1748046875,0.98486328125,0.76123046875,0.99951171875,1.1171875,0.66357421875,2.52490234375
3269,1.23388671875,1.00439453125,0.9267578125,1.0439453125,1.107421875,0.873046875,2.36328125
3270,0.595703125,0.904296875,0.6938476562500002,0.76318359375,1.0556640625,0.7236328125000001,2.54345703125
3271,0.8291015625,0.93798828125,0.86181640625,0.884765625,0.9296875,0.94580078125,2.56982421875
3272,0.92919921875,0.83251953125,0.95361328125,1.1279296875,1.056640625,0.982421875,2.81103515625
3273,1.3623046875,0.65673828125,1.1064453125,1.14599609375,0.8530273437500001,0.86865234375,2.73388671875
3274,0.6782226562500001,1.1728515625,0.96875,0.95263671875,1.05419921875,0.6640625000000001,2.93017578125
3275,1.00634765625,0.95068359375,1.111328125,1.140625,0.9169921875,0.77001953125,2.82763671875
3276,1.298828125,1.2607421875,0.89892578125,0.7177734375,1.03173828125,0.76513671875,2.30322265625
3277,1.416015625,1.154296875,1.2001953125,0.7397460937500001,0.630859375,0.8725585937500001,2.20947265625
3278,0.86669921875,0.931640625,0.8637695312500001,0.6787109375000001,1.32470703125,0.8974609375000001,2.60009765625
3279,1.18359375,0.73779296875,1.03759765625,0.88427734375,1.16162109375,1.05126953125,2.580078125
3280,0.8515625,1.1005859375,0.87548828125,0.8706054687500001,0.78125,0.625,2.6328125
3281,0.845703125,0.8466796875,0.80322265625,1.095703125,0.6547851562500001,0.8759765625,2.37646484375
3282,0.7597656250000001,0.55078125,0.93115234375,0.94287109375,1.3046875,0.83203125,2.6806640625
3283,1.0615234375,0.56298828125,0.97509765625,0.96142578125,1.08642578125,0.9404296875,2.6708984375
3284,1.21484375,1.14697265625,0.451171875,0.74267578125,0.91943359375,0.6835937500000001,2.744140625
3285,1.18798828125,1.328125,0.62548828125,0.90185546875,0.96923828125,0.7216796875,2.71044921875
3286,1.09912109375,1.060546875,0.84228515625,0.390625,0.68701171875,1.12255859375,2.7509765625
3287,1.09375,0.70556640625,0.966796875,0.49755859375,0.5849609375,0.958984375,2.73291015625
3288,1.00146484375,0.98828125,0.65283203125,1.0185546875,0.5859375,0.8837890625,2.99853515625
3289,1.35498046875,0.6738281250000001,0.765625,1.05517578125,0.58935546875,0.99951171875,2.7470703125
3290,1.2255859375,1.2578125,0.7602539062500001,0.7939453125,0.96337890625,1.36328125,2.76171875
3291,1.51025390625,1.0,0.8466796875,1.10546875,0.74609375,1.19189453125,2.72705078125
3292,0.8095703125,0.794921875,0.80615234375,0.6181640625,1.15625,0.8999023437500001,2.58056640625
3293,0.89208984375,0.53076171875,0.8486328125,0.68701171875,0.85888671875,1.095703125,2.50390625
3294,0.95263671875,0.77099609375,0.888671875,0.8530273437500001,0.9609375,0.97314453125,2.5673828125
3295,1.2412109375,0.546875,1.04052734375,1.0068359375,0.88916015625,1.1103515625,2.33642578125
3296,1.0625,1.177734375,0.61669921875,1.0791015625,1.0009765625,1.03271484375,2.87548828125
3297,1.169921875,0.7734375000000001,0.6845703125,1.224609375,0.7749023437500001,1.1650390625,2.7177734375
3298,0.6293945312500001,0.7705078125000001,0.7880859375,1.0341796875,1.06982421875,0.5029296875,2.72509765625
3299,0.6728515625,0.6245117187500001,0.81640625,0.99609375,0.97509765625,0.8457031250000001,2.701171875
3300,1.13037109375,0.8212890625,0.68359375,0.93896484375,1.10791015625,1.0751953125,2.36328125
3301,1.33349609375,0.9716796875,0.84033203125,0.9072265625,1.12890625,1.0302734375,2.26416015625
3302,0.92333984375,0.91552734375,0.85498046875,0.89453125,0.8505859375,0.81884765625,2.92626953125
3303,0.953125,1.021484375,0.9345703125,0.861328125,0.75439453125,0.955078125,2.58935546875
3304,0.775390625,1.2080078125,0.66015625,1.31640625,1.2080078125,1.052734375,2.7041015625
3305,0.97265625,1.01708984375,0.66064453125,1.3642578125,0.9443359375000001,1.19287109375,2.67333984375
3306,1.0146484375,0.8833007812500001,0.6318359375000001,0.6757812500000001,0.8974609375,1.32177734375,2.5849609375
3307,1.28662109375,0.83935546875,0.60498046875,0.8388671875,0.87548828125,1.29931640625,2.599609375
3308,1.1650390625,1.21484375,0.71533203125,0.77001953125,1.3232421875,0.9140625,2.599609375
3309,1.1259765625,1.27197265625,0.7441406250000001,0.7797851562500001,1.14111328125,1.140625,2.45556640625
3310,1.2509765625,1.35595703125,1.06787109375,1.03564453125,0.90673828125,1.07958984375,2.43505859375
3311,1.2607421875,1.19970703125,1.1494140625,1.21533203125,0.8730468750000001,0.93408203125,2.41162109375
3312,1.02783203125,1.21826171875,0.84521484375,0.90771484375,0.9482421875,0.60693359375,2.7001953125
3313,0.97607421875,0.95947265625,1.03515625,1.09521484375,0.87060546875,0.80859375,2.625
3314,0.7377929687500001,1.0478515625,1.03564453125,0.7734375000000001,1.1982421875,0.8251953125,2.73486328125
3315,1.0498046875,0.6611328125,1.1787109375,0.86572265625,1.3125,0.923828125,2.68994140625
3316,1.36181640625,0.94580078125,1.095703125,0.76708984375,0.81201171875,0.7719726562500001,2.4130859375
3317,1.40673828125,0.70361328125,1.14111328125,0.7470703125000001,0.6923828125,0.89404296875,2.2841796875
3318,0.79248046875,1.18408203125,0.7001953125,0.7470703125000001,0.59130859375,1.294921875,2.80078125
3319,1.1259765625,1.0087890625,0.7490234375,0.83447265625,0.53662109375,1.37548828125,2.7109375
3320,0.78125,1.07080078125,0.6967773437500001,0.7578125,0.9521484375,0.6767578125,2.44384765625
3321,1.05029296875,1.05078125,0.99365234375,0.89111328125,0.84619140625,0.74755859375,2.3427734375
3322,0.9208984375,1.04638671875,0.98583984375,0.52783203125,0.99853515625,0.86962890625,2.6796875
3323,0.9580078125000001,0.5590820312500001,1.12890625,0.7060546875,1.01416015625,1.23876953125,2.45458984375
3324,1.13037109375,1.5283203125,0.93017578125,0.63037109375,0.8325195312500001,0.8154296875,2.58349609375
3325,1.1220703125,1.1953125,1.111328125,0.6640625000000002,0.8017578125,0.953125,2.62548828125
3326,0.916015625,1.10693359375,0.958984375,0.5966796875,0.81005859375,0.8681640625,2.712890625
3327,1.169921875,1.18994140625,1.06103515625,0.6640625000000001,0.55712890625,1.05810546875,2.73388671875
3328,1.21484375,0.97705078125,0.72802734375,0.7358398437500001,0.912109375,1.11181640625,2.6171875
3329,1.0595703125,0.45654296875,0.85498046875,0.96826171875,0.892578125,1.15576171875,2.630859375
3330,1.3486328125,0.78515625,1.1455078125,1.0908203125,1.04345703125,0.724609375,2.716796875
3331,1.50732421875,0.81005859375,1.51416015625,1.0849609375,0.93994140625,0.8876953125,2.580078125
3332,0.783203125,0.85693359375,0.6201171875,0.7729492187500001,1.04736328125,1.00732421875,2.5224609375
3333,1.27099609375,0.6025390625,0.751953125,0.8549804687500001,0.6547851562500001,1.12158203125,2.25341796875
3334,1.03759765625,1.31640625,0.9677734375,0.85791015625,1.3173828125,0.7519531250000001,2.62109375
3335,1.2861328125,0.93359375,1.259765625,1.03564453125,1.267578125,0.8515625,2.43359375
3336,0.88232421875,0.98046875,0.96728515625,0.98779296875,1.16552734375,1.27783203125,2.60791015625
3337,0.8310546875,0.90625,0.998046875,1.05615234375,0.93505859375,1.12451171875,2.55615234375
3338,1.1650390625,0.85205078125,0.8896484375,0.93798828125,1.21826171875,1.15283203125,2.5810546875
3339,1.33935546875,0.7763671875,0.9682617187500001,1.11181640625,1.154296875,1.3330078125,2.52490234375
3340,1.31396484375,1.07275390625,0.630859375,1.0224609375,0.87890625,0.9521484375,2.84912109375
3341,1.33740234375,1.0068359375,0.7836914062500001,1.03466796875,0.5141601562500001,1.11865234375,2.771484375
3342,0.9453125,0.705078125,0.71728515625,1.0234375,1.1103515625,0.7387695312500001,2.8232421875
3343,1.2080078125,0.65625,0.65771484375,0.9921875,0.76806640625,0.931640625,2.78564453125
3344,0.81298828125,1.09521484375,1.08154296875,0.68115234375,0.90283203125,0.6494140625,2.65185546875
3345,1.12451171875,0.958984375,1.19091796875,0.7651367187500001,0.8740234375,0.8012695312500001,2.5205078125
3346,0.8154296875,0.7792968750000001,1.068359375,0.7246093750000001,1.22607421875,0.8696289062500001,2.791015625
3347,1.0302734375,0.8291015625,0.93359375,0.80712890625,1.2294921875,0.89013671875,2.62939453125
3348,1.302734375,0.96923828125,1.04638671875,0.5722656250000001,1.30859375,1.2451171875,2.43310546875
3349,1.380859375,1.111328125,1.1953125,0.80517578125,1.02001953125,1.22607421875,2.37548828125
3350,0.89453125,0.974609375,0.6791992187500001,0.7368164062500001,0.60693359375,1.142578125,2.642578125
3351,1.02197265625,0.943359375,0.9375,0.7451171875000001,0.4013671875,1.24169921875,2.6025390625
3352,0.740234375,1.3515625,0.9809570312500001,0.87451171875,1.24462890625,0.6357421875,2.96630859375
3353,0.8212890625,1.1318359375,1.1923828125,1.0380859375,1.017578125,0.8427734375,2.97607421875
3354,0.90625,1.193359375,0.65185546875,0.77587890625,0.98095703125,1.0634765625,2.91259765625
3355,1.16015625,0.6767578125000001,0.90478515625,0.87158203125,0.80126953125,1.1103515625,2.8095703125
3356,0.66015625,1.03857421875,0.73486328125,1.1474609375,1.3046875,0.78369140625,2.49755859375
3357,0.92333984375,0.7446289062500001,1.072265625,1.27392578125,0.9765625,0.93505859375,2.3046875
3358,0.7568359375,0.8515625,0.82373046875,0.8193359375,0.63037109375,1.125,2.71728515625
3359,0.92138671875,0.7392578125000001,0.7973632812500001,1.04248046875,0.5009765625,1.28466796875,2.65283203125
3360,1.0,0.8359375,0.87255859375,1.04052734375,0.8017578125000001,0.9189453125,2.400390625
3361,1.3037109375,0.52880859375,1.1337890625,1.138671875,0.74609375,0.94287109375,2.4326171875
3362,1.01953125,0.7075195312500001,0.65576171875,1.0107421875,1.27099609375,0.59814453125,2.841796875
3363,0.9111328125,0.6118164062500001,0.7949218750000001,1.09228515625,1.21435546875,0.85400390625,2.72509765625
3364,1.41455078125,0.939453125,0.81787109375,0.740234375,1.18505859375,0.8212890625,2.68896484375
3365,1.3857421875,0.7421875,0.7685546875,0.8925781250000001,1.17919921875,0.93408203125,2.716796875
3366,0.9594726562500001,1.0439453125,0.6406250000000001,0.9609375,0.62109375,1.150390625,2.80078125
3367,1.25439453125,1.08984375,0.84814453125,1.19140625,0.671875,1.12548828125,2.7490234375
3368,0.9462890625,0.92578125,0.837890625,0.84521484375,0.98583984375,0.904296875,2.63525390625
3369,1.1318359375,0.65625,0.9716796875,0.908203125,1.060546875,0.91748046875,2.525390625
3370,1.07568359375,0.884765625,0.9736328125,0.8623046875,1.28125,0.80712890625,2.73193359375
3371,1.48876953125,0.72265625,1.02099609375,1.00244140625,1.203125,0.92529296875,2.57177734375
3372,0.78955078125,0.8793945312500001,0.99853515625,1.0205078125,1.1943359375,0.9326171875000001,2.67333984375
3373,0.77490234375,0.73193359375,0.97412109375,1.189453125,1.13330078125,1.11083984375,2.61279296875
3374,1.13427734375,0.78173828125,0.6494140625,0.8056640625000001,0.65771484375,0.79345703125,2.88671875
3375,1.10595703125,0.7973632812500001,0.669921875,1.00146484375,0.6523437500000001,0.8447265625,2.73974609375
3376,0.8203125000000001,1.13134765625,0.8310546875,0.7861328125000001,1.01708984375,1.06884765625,2.52587890625
3377,0.96875,1.11279296875,0.806640625,0.9853515625,0.91455078125,1.12841796875,2.328125
3378,0.82275390625,0.7880859375,0.9375,0.9882812500000001,0.712890625,0.60546875,2.36376953125
3379,0.8837890625,0.8027343750000001,0.8515625,1.052734375,0.71826171875,0.7851562500000001,2.28173828125
3380,1.28759765625,0.9462890625,0.5595703125,0.7089843750000001,0.88525390625,0.978515625,2.76611328125
3381,1.2880859375,0.6572265625,0.71875,0.9208984375,0.8681640625000001,1.0849609375,2.6083984375
3382,0.8544921875,0.7724609375,0.8623046875,0.875,0.9287109375,0.95849609375,2.97021484375
3383,1.341796875,0.6625976562500001,0.76123046875,1.0068359375,0.8349609375,1.029296875,2.8251953125
3384,1.115234375,1.14697265625,1.09619140625,0.76513671875,0.931640625,1.14990234375,2.59326171875
3385,1.046875,0.77587890625,1.10693359375,0.86962890625,0.77001953125,1.48095703125,2.54248046875
3386,0.90576171875,1.041015625,0.884765625,0.73388671875,0.51416015625,1.16015625,2.669921875
3387,1.16259765625,1.048828125,1.0107421875,0.7490234375000001,0.48046875,1.51806640625,2.5341796875
3388,1.21240234375,1.13623046875,0.6967773437500002,0.68798828125,1.19140625,0.8056640625,2.4775390625
3389,1.263671875,1.1044921875,0.85791015625,0.63525390625,0.91796875,0.9716796875,2.5576171875
3390,0.97900390625,0.92724609375,0.88623046875,0.83251953125,1.06640625,1.125,2.73876953125
3391,1.36181640625,0.7705078125000001,1.08154296875,0.87548828125,0.8222656250000001,1.068359375,2.63916015625
3392,0.96630859375,0.72412109375,1.078125,0.86767578125,1.26904296875,0.88134765625,2.25390625
3393,1.0419921875,0.4482421875,1.125,0.91748046875,1.0693359375,1.0556640625,2.18798828125
3394,1.28125,1.1396484375,0.96044921875,0.91357421875,0.86279296875,0.5146484375,2.732421875
3395,1.3193359375,1.00048828125,0.86962890625,0.7861328125000001,0.9833984375,0.70361328125,2.88525390625
3396,1.185546875,1.14453125,0.48095703125,0.96435546875,0.97509765625,1.119140625,2.6484375
3397,1.107421875,0.7294921875,0.64306640625,0.8686523437500001,0.96728515625,1.1884765625,2.521484375
3398,0.7587890625000001,0.9853515625000001,0.61767578125,1.0302734375,1.03271484375,1.22265625,2.41943359375
3399,0.92236328125,0.849609375,0.79931640625,1.0458984375,0.88134765625,1.3759765625,2.404296875
3400,0.71484375,1.111328125,0.7441406250000001,0.84228515625,0.8369140625,1.13037109375,3.01220703125
3401,1.025390625,0.7314453125000001,0.9130859375,1.01171875,0.591796875,1.12255859375,2.71826171875
3402,0.994140625,1.16015625,0.8154296875000001,0.6591796875000001,1.25830078125,0.798828125,2.6005859375
3403,1.0634765625,0.78076171875,1.044921875,0.8115234375000001,0.93701171875,0.9716796875,2.5126953125
3404,1.21826171875,1.2265625,1.03466796875,0.939453125,0.78662109375,1.03125,2.5576171875
3405,1.2392578125,0.9150390625,0.998046875,1.078125,0.6025390625000001,1.115234375,2.4912109375
3406,1.08544921875,1.2646484375,0.78466796875,0.837890625,1.01025390625,0.9794921875,2.47607421875
3407,1.14892578125,0.8955078125,0.92333984375,0.9990234375,0.955078125,1.1357421875,2.47216796875
3408,0.8310546875,1.07275390625,0.76513671875,0.81396484375,0.90673828125,0.5561523437500001,2.66748046875
3409,1.31201171875,0.5214843750000001,1.03076171875,0.99462890625,0.8784179687500001,0.7421875,2.78173828125
3410,0.7978515625,1.142578125,0.9189453125,0.69921875,1.07568359375,1.0703125,2.5263671875
3411,1.14599609375,1.02587890625,0.9365234375,0.85107421875,0.8740234375,1.20263671875,2.392578125
3412,0.9746093750000001,1.09228515625,0.6630859375,1.0390625,1.36767578125,0.88525390625,2.79248046875
3413,1.130859375,0.9003906250000001,0.6484375000000001,1.01611328125,1.03076171875,1.19091796875,2.7265625
3414,0.68359375,1.00634765625,0.8344726562500001,0.5698242187500001,1.24169921875,1.10693359375,2.78857421875
3415,0.9931640625,0.73486328125,0.78857421875,0.69775390625,0.8896484375000001,1.4296875,2.63232421875
3416,0.9248046875,0.9287109375,1.03076171875,0.9296875,0.8588867187500001,0.6450195312500001,3.08837890625
3417,1.05615234375,0.83251953125,1.29833984375,1.1103515625,0.70068359375,0.904296875,3.0439453125
3418,1.11376953125,1.24951171875,0.97119140625,0.701171875,0.8413085937500001,0.791015625,2.796875
3419,1.2060546875,1.0615234375,1.1044921875,0.76708984375,0.5625000000000001,0.916015625,2.77978515625
3420,1.04931640625,0.94384765625,0.47900390625,0.89208984375,1.0322265625,1.0244140625,2.75634765625
3421,1.11328125,0.74658203125,0.62255859375,0.88671875,0.9492187500000001,1.16650390625,2.71435546875
3422,0.97216796875,0.93505859375,0.71142578125,1.14697265625,1.06494140625,0.9218750000000001,2.4658203125
3423,1.103515625,0.7802734375,0.94287109375,1.16845703125,1.1318359375,1.107421875,2.4677734375
3424,0.8081054687500001,0.98486328125,0.85009765625,0.546875,1.1484375,0.90869140625,2.64892578125
3425,1.19091796875,0.84619140625,0.9072265625,0.56298828125,0.92138671875,0.95166015625,2.6298828125
3426,1.29443359375,0.8271484375,1.21875,0.64794921875,0.927734375,0.9916992187500001,2.46484375
3427,1.2880859375,0.8955078125,1.13671875,0.7900390625,0.9174804687500001,1.0703125,2.3505859375
3428,0.5546875,0.89404296875,1.18212890625,0.6728515625000001,1.08203125,0.58349609375,2.982421875
3429,0.6787109375,0.73388671875,1.333984375,0.81396484375,0.876953125,0.7666015625000001,2.77587890625
3430,0.6699218750000001,1.08251953125,0.6533203125,1.02294921875,1.00439453125,1.1533203125,2.7548828125
3431,0.91064453125,0.87255859375,0.6040039062500001,0.97705078125,0.7680664062500001,1.2001953125,2.6611328125
3432,0.90380859375,1.2880859375,0.80078125,0.79443359375,0.97705078125,0.85595703125,2.88623046875
3433,1.1826171875,1.06103515625,0.80908203125,1.0224609375,0.65673828125,1.017578125,2.6845703125
3434,1.0908203125,0.9453125000000001,1.00537109375,0.91357421875,1.06640625,1.0556640625,2.53759765625
3435,1.09375,0.833984375,1.1923828125,0.98095703125,0.78076171875,1.16796875,2.4697265625
3436,0.6108398437500001,0.99951171875,0.6826171875000001,0.7055664062500001,1.08056640625,1.06689453125,2.74951171875
3437,0.95068359375,0.87109375,0.83154296875,0.9169921875,0.98193359375,1.1376953125,2.5048828125
3438,0.6430664062500001,1.26220703125,0.830078125,0.931640625,0.7958984375,0.9248046875,2.59765625
3439,0.96533203125,0.8388671875,1.07275390625,1.01953125,0.689453125,1.00830078125,2.50390625
3440,0.70166015625,1.40869140625,1.232421875,0.89111328125,0.6474609375,1.23779296875,2.57373046875
3441,1.08251953125,1.08935546875,1.24169921875,1.06201171875,0.54736328125,1.39208984375,2.5380859375
3442,0.89697265625,1.2568359375,1.1708984375,1.01123046875,1.26611328125,0.5888671875000001,2.86376953125
3443,1.05078125,1.1474609375,1.26953125,0.87646484375,1.02685546875,0.90234375,2.86279296875
3444,0.77001953125,0.85693359375,0.74169921875,0.76513671875,0.76416015625,0.8315429687500001,2.88916015625
3445,1.15234375,0.67626953125,0.74462890625,0.798828125,0.6728515625,0.92236328125,2.97119140625
3446,0.8710937500000001,1.193359375,0.89208984375,0.9443359375,0.96337890625,0.7392578125,2.4453125
3447,0.955078125,0.8662109375,0.98828125,1.0732421875,0.73583984375,0.9501953125,2.349609375
3448,0.908203125,1.318359375,1.00927734375,0.9072265625,0.7333984375,0.57763671875,2.4501953125
3449,1.20703125,0.8764648437500001,1.1767578125,1.13134765625,0.5126953125000001,0.70654296875,2.3408203125
3450,0.7954101562500001,1.16064453125,0.76171875,0.96484375,1.11474609375,0.90234375,2.69140625
3451,1.0751953125,0.7128906250000001,0.9326171875,0.94384765625,0.83447265625,1.23193359375,2.68115234375
3452,0.9028320312500001,0.9619140625,0.97314453125,0.662109375,0.75732421875,0.7421875,2.7001953125
3453,1.0439453125,0.87744140625,1.166015625,0.806640625,0.56494140625,0.9091796875,2.6826171875
3454,1.08349609375,0.8310546875,0.85107421875,0.89501953125,0.951171875,0.81201171875,2.900390625
3455,1.40380859375,0.6469726562500001,0.8881835937500001,0.95068359375,0.84814453125,0.9829101562500001,2.81640625
3456,0.947265625,0.7451171875,0.6508789062500001,0.7529296875000001,0.97705078125,1.07275390625,2.46142578125
3457,1.32958984375,0.57763671875,0.7778320312500001,0.97216796875,0.7568359375,1.142578125,2.39794921875
3458,0.779296875,1.04248046875,1.333984375,0.7607421875,1.05419921875,0.6254882812500001,2.5830078125
3459,0.94189453125,0.8364257812500001,1.2998046875,0.7709960937500001,1.0234375,0.9267578125,2.48779296875
3460,1.09716796875,1.15234375,0.69775390625,1.0068359375,1.21923828125,1.05078125,2.80126953125
3461,0.88330078125,0.9130859375,0.66748046875,1.25634765625,1.1669921875,1.20556640625,2.7275390625
3462,0.83349609375,1.19580078125,0.560546875,0.8544921875,0.7490234375,1.18896484375,2.55810546875
3463,0.97607421875,1.26953125,0.705078125,0.85693359375,0.6025390625,1.25244140625,2.5380859375
3464,1.06298828125,0.93896484375,0.8994140625,0.85986328125,0.82177734375,1.126953125,2.27001953125
3465,1.03955078125,0.66357421875,0.89599609375,0.9345703125,0.8168945312500001,1.07568359375,2.2177734375
3466,0.9970703125,1.15234375,0.75830078125,1.10693359375,1.01025390625,0.72705078125,2.6689453125
3467,1.23779296875,0.87744140625,0.8417968750000001,0.9873046875,0.70361328125,0.9716796875,2.48974609375
3468,0.82421875,1.29638671875,1.05517578125,0.9384765625,1.0712890625,1.1513671875,2.95654296875
3469,1.1142578125,0.837890625,1.17236328125,1.212890625,0.9868164062500001,1.12939453125,2.9501953125
3470,0.9208984375,1.23486328125,1.09423828125,0.70556640625,0.7607421875,0.7734375,2.662109375
3471,1.0078125,1.0341796875,1.0986328125,0.73681640625,0.89111328125,0.7607421875,2.564453125
3472,0.85302734375,1.15869140625,1.2119140625,0.81787109375,0.8720703125000001,0.67919921875,2.6640625
3473,1.3154296875,0.89599609375,1.5029296875,0.8530273437500001,0.6967773437500001,0.68359375,2.63232421875
3474,1.1865234375,1.21240234375,0.90380859375,0.6923828125,1.154296875,1.0439453125,2.64794921875
3475,1.1875,1.1005859375,0.9228515625,0.80224609375,1.10205078125,1.2626953125,2.607421875
3476,0.884765625,1.40673828125,0.5478515625,0.48388671875,1.0,0.67333984375,2.62353515625
3477,0.98486328125,0.83544921875,0.71435546875,0.50341796875,0.8823242187500001,0.7578125000000001,2.51953125
3478,0.7880859375,0.99169921875,0.8642578125,0.74658203125,0.734375,1.203125,2.837890625
3479,1.1455078125,0.6445312500000001,0.9907226562500001,0.8095703125,0.720703125,1.27001953125,2.9013671875
3480,0.923828125,0.8134765625,0.8046875,0.66748046875,0.9189453125,1.03076171875,2.8251953125
3481,1.15087890625,0.58642578125,0.9111328125,0.77783203125,0.7866210937500001,1.2119140625,2.705078125
3482,1.189453125,0.77294921875,0.8012695312500001,0.765625,1.1240234375,0.5185546875,3.01708984375
3483,1.1806640625,0.5,0.896484375,0.740234375,0.94287109375,0.81884765625,2.99951171875
3484,1.1259765625,0.96630859375,0.98876953125,1.2646484375,1.146484375,1.01708984375,2.52978515625
3485,1.439453125,1.052734375,1.0615234375,1.23583984375,1.0341796875,1.19580078125,2.337890625
3486,0.923828125,0.87646484375,1.072265625,0.42138671875,0.87744140625,0.76806640625,2.4716796875
3487,1.35986328125,0.79541015625,1.1474609375,0.44580078125,0.9521484375,0.96875,2.4541015625
3488,1.1181640625,0.8154296875,0.7563476562500001,0.408203125,0.72998046875,1.05419921875,2.88623046875
3489,0.89013671875,0.4980468750000001,0.83544921875,0.533203125,0.8510742187500001,1.17333984375,2.765625
3490,0.88720703125,0.91064453125,0.95849609375,1.03125,0.9809570312500001,0.79541015625,2.86767578125
3491,0.9677734375,0.8808593750000001,0.921875,0.978515625,0.89404296875,0.89306640625,2.75537109375
3492,1.072265625,0.8310546875,0.68896484375,0.990234375,1.462890625,0.880859375,2.63232421875
3493,1.208984375,0.6567382812500001,0.89892578125,0.98779296875,1.01953125,0.96533203125,2.61865234375
3494,0.9208984375,1.05224609375,1.07666015625,0.5654296875,0.9619140625,1.05224609375,2.4833984375
3495,1.13623046875,0.79248046875,1.07177734375,0.7338867187500001,0.8046875000000001,1.0751953125,2.42822265625
3496,0.71044921875,0.57421875,1.1796875,0.7919921875,0.97900390625,0.8095703125,2.54248046875
3497,1.29052734375,0.44091796875,1.02197265625,0.82958984375,0.9750976562500001,1.04345703125,2.39453125
3498,0.9228515625,1.189453125,0.86572265625,0.5380859375,1.2255859375,0.92578125,2.8642578125
3499,0.93994140625,0.89208984375,0.79296875,0.69287109375,0.84912109375,1.091796875,2.8916015625
3500,0.986328125,0.8369140625000001,0.85693359375,0.9858398437500001,0.96484375,0.63330078125,2.59765625
3501,1.126953125,0.61083984375,0.89013671875,1.1435546875,0.96142578125,0.791015625,2.53759765625
3502,0.986328125,1.1513671875,1.08251953125,0.62744140625,0.80224609375,0.9345703125,2.677734375
3503,1.0244140625,0.9912109375,1.1240234375,0.74951171875,0.58251953125,1.10986328125,2.6494140625
3504,0.81982421875,0.99609375,0.8349609375,1.12109375,0.83154296875,0.90576171875,2.6982421875
3505,1.04833984375,0.7910156250000001,1.0009765625,1.17333984375,0.60107421875,1.06201171875,2.7158203125
3506,1.23486328125,0.8818359375,0.9492187500000001,0.87109375,0.89599609375,0.826171875,2.49951171875
3507,1.43359375,0.8603515625000001,1.21142578125,0.90771484375,0.74658203125,1.0244140625,2.46923828125
3508,0.7543945312500001,1.11669921875,0.9189453125,0.76025390625,0.7871093750000001,1.111328125,2.4375
3509,0.96044921875,0.74169921875,1.15576171875,0.95068359375,0.626953125,1.2080078125,2.3955078125
3510,1.13427734375,0.837890625,0.7758789062500001,0.6259765625,0.8759765625,0.8525390625000001,2.5869140625
3511,1.1259765625,0.6899414062500001,0.73095703125,0.6748046875,0.640625,1.021484375,2.5830078125
3512,0.96142578125,0.7202148437500001,0.70654296875,0.4814453125,1.0439453125,1.1396484375,2.5009765625
3513,1.40869140625,0.587890625,0.7949218750000001,0.5400390625,0.8974609375,1.24755859375,2.509765625
3514,1.12841796875,1.04833984375,0.7294921875000001,0.64453125,1.091796875,0.91650390625,2.64697265625
3515,1.25244140625,0.9379882812500001,0.7573242187500001,0.744140625,0.96923828125,1.1123046875,2.8076171875
3516,0.66259765625,0.86474609375,0.81591796875,1.01513671875,1.1826171875,1.013671875,2.7978515625
3517,0.86279296875,0.7783203125,0.966796875,1.0283203125,1.14697265625,1.130859375,2.80517578125
3518,1.19091796875,0.9912109375,0.6181640625000001,0.7919921875,1.14208984375,1.22900390625,2.3740234375
3519,1.02001953125,0.63720703125,0.67431640625,0.7495117187500001,1.28955078125,1.23095703125,2.32275390625
3520,1.15771484375,1.03125,1.35595703125,0.6279296875,1.001953125,0.99072265625,2.64794921875
3521,1.3203125,0.92236328125,1.21728515625,0.6630859375,0.7802734375,0.90625,2.53076171875
3522,1.0166015625,1.26025390625,1.09033203125,1.12890625,1.11767578125,1.06689453125,2.3701171875
3523,1.54296875,1.056640625,0.9663085937500001,1.18212890625,0.91748046875,1.16796875,2.322265625
3524,0.6904296875,0.7871093750000001,0.68505859375,0.6289062500000001,1.08251953125,0.87646484375,2.6884765625
3525,0.84130859375,0.64013671875,0.78564453125,0.6806640625,0.87255859375,1.1923828125,2.55859375
3526,1.02294921875,1.06103515625,0.98046875,0.6982421875,1.037109375,0.9951171875,2.8076171875
3527,1.13134765625,0.8330078125000001,0.9990234375,0.9384765625,0.92626953125,1.3349609375,2.7158203125
3528,0.6943359375,0.919921875,0.7050781250000001,1.109375,0.97900390625,0.53857421875,2.80322265625
3529,0.86669921875,0.7875976562500001,0.9892578125,1.14306640625,0.7939453125000001,0.66064453125,2.83740234375
3530,0.826171875,1.1689453125,0.7661132812500001,0.9716796875,0.7685546875,0.9375,2.6123046875
3531,0.927734375,0.9658203125,0.9443359375,1.07421875,0.6689453125000001,1.37939453125,2.541015625
3532,0.91650390625,1.2021484375,0.6953125,0.5922851562500001,1.10546875,1.072265625,2.68701171875
3533,0.9638671875,1.15673828125,0.9248046875,0.8310546875,0.8291015625,1.1875,2.6025390625
3534,0.6538085937500001,1.28076171875,1.00390625,0.77392578125,0.99365234375,0.45458984375,2.638671875
3535,1.078125,0.984375,1.037109375,0.74951171875,0.83056640625,0.515625,2.6376953125
3536,0.86474609375,1.1298828125,0.8701171875,0.98583984375,1.1171875,0.853515625,2.79296875
3537,0.88427734375,0.72705078125,0.96826171875,1.12109375,0.82958984375,0.88818359375,2.705078125
3538,0.90185546875,1.189453125,0.7431640625000002,0.5366210937500001,1.07080078125,0.8505859375,2.5302734375
3539,1.09619140625,0.96240234375,0.7924804687500001,0.75244140625,0.88671875,0.8588867187500001,2.5029296875
3540,1.01416015625,1.31982421875,1.0361328125,0.806640625,0.7929687500000001,0.970703125,2.64208984375
3541,1.4228515625,1.08984375,0.97119140625,0.74365234375,0.67822265625,1.12158203125,2.56103515625
3542,0.70751953125,1.2724609375,0.6406250000000001,0.81201171875,0.84716796875,0.81787109375,2.81103515625
3543,0.8037109375,1.09619140625,0.5830078125,1.07470703125,0.62890625,0.94677734375,2.8583984375
3544,0.8486328125,1.12109375,0.81298828125,0.6245117187500001,0.95947265625,1.1103515625,2.73095703125
3545,0.9853515625,0.9736328125000001,0.95703125,0.716796875,0.71923828125,1.109375,2.662109375
3546,0.81689453125,0.60400390625,1.017578125,1.1669921875,0.70458984375,0.7626953125,2.61376953125
3547,1.18896484375,0.46240234375,1.14794921875,1.361328125,0.56884765625,0.7890625,2.50927734375
3548,0.67529296875,1.4306640625,1.0625,0.77392578125,0.77734375,0.658203125,2.890625
3549,0.92333984375,1.06298828125,1.05029296875,0.7187500000000001,0.5810546875,0.8427734375,2.80810546875
3550,0.6132812500000001,0.9882812500000001,0.990234375,1.00244140625,1.27197265625,1.0029296875,2.6728515625
3551,1.0068359375,0.76123046875,1.08447265625,0.95166015625,1.00634765625,1.05419921875,2.5869140625
3552,0.88330078125,1.02392578125,0.857421875,0.7426757812500001,1.044921875,0.9208984375,2.693359375
3553,1.21044921875,1.00732421875,0.90185546875,1.0263671875,0.77783203125,1.03955078125,2.52734375
3554,0.6884765625,1.50830078125,0.4462890625,0.7578125000000001,1.076171875,0.77294921875,2.6591796875
3555,0.83935546875,0.95263671875,0.54931640625,0.86572265625,1.00732421875,0.92041015625,2.57421875
3556,0.74609375,0.921875,0.6508789062500001,0.7900390625,0.98388671875,0.7578125,2.42529296875
3557,1.142578125,0.98095703125,0.9052734375,0.76123046875,0.6865234375000001,0.8061523437500001,2.41552734375
3558,0.90380859375,0.927734375,1.06201171875,0.591796875,0.79833984375,1.208984375,2.49755859375
3559,1.12255859375,0.8388671875,1.21484375,0.6464843750000001,0.5244140625000001,1.3203125,2.34912109375
3560,0.5712890625,0.97509765625,0.9204101562500001,1.0087890625,1.08056640625,0.978515625,2.875
3561,0.7734375000000001,0.818359375,1.11767578125,1.12158203125,0.9697265625,0.94873046875,2.865234375
3562,0.93408203125,1.01806640625,0.66650390625,0.8217773437500001,0.9360351562500001,1.18359375,2.94189453125
3563,1.29345703125,0.9111328125,1.04931640625,0.96533203125,0.90478515625,1.11572265625,2.91357421875
3564,1.1904296875,1.0888671875,0.927734375,0.7744140625,1.1669921875,1.07275390625,2.8828125
3565,1.107421875,0.794921875,1.0146484375,0.888671875,0.78955078125,1.263671875,2.7412109375
3566,1.3515625,1.0224609375,0.6845703125,0.81494140625,0.68603515625,1.11279296875,2.5537109375
3567,1.568359375,0.94189453125,0.6689453125,0.81103515625,0.64404296875,1.16943359375,2.38720703125
3568,0.6787109375,0.88134765625,0.93896484375,0.85009765625,1.2822265625,0.83203125,2.87109375
3569,0.9140625,0.7231445312500001,0.98193359375,0.91064453125,1.24560546875,0.9365234375,2.626953125
3570,1.0498046875,0.98193359375,0.9775390625,0.77978515625,1.06787109375,0.794921875,2.59814453125
3571,1.134765625,0.85888671875,0.9853515625,0.9365234375,1.0546875,1.0673828125,2.505859375
3572,1.28515625,1.02880859375,0.7177734375000001,0.6943359375,0.71044921875,0.90478515625,2.44140625
3573,1.306640625,0.90283203125,0.91455078125,0.857421875,0.8046875,1.15869140625,2.39111328125
3574,1.11474609375,0.56640625,1.10791015625,0.7534179687500001,1.0771484375,1.1259765625,2.484375
3575,1.1796875,0.431640625,1.09033203125,0.828125,0.8720703125,1.29931640625,2.296875
3576,1.04296875,1.5888671875,0.86865234375,0.8989257812500001,0.998046875,1.0537109375,2.59765625
3577,1.17578125,0.93017578125,0.9033203125,0.89501953125,0.64111328125,1.19189453125,2.5927734375
3578,1.00927734375,0.935546875,0.64892578125,0.8320312500000001,0.9267578125,0.6684570312500001,3.06689453125
3579,1.134765625,0.849609375,0.8959960937500001,0.8056640625,0.884765625,0.9052734375,2.8544921875
3580,0.7524414062500001,0.9365234375,0.78271484375,0.767578125,0.8696289062500001,0.7763671875,2.59033203125
3581,1.22607421875,0.70654296875,1.048828125,0.93994140625,0.87890625,0.98974609375,2.56103515625
3582,1.1650390625,0.8359375,0.7294921875000001,1.08154296875,1.09423828125,0.49121093750000006,2.54541015625
3583,1.18994140625,0.8037109375,0.82470703125,1.23974609375,0.95654296875,0.65087890625,2.56591796875
3584,1.109375,0.8017578125,0.5751953125,0.7841796875,0.7890625,0.802734375,2.58984375
3585,1.09912109375,0.7197265625000001,0.5747070312500001,0.98095703125,0.6967773437500002,0.9091796875,2.41943359375
3586,0.6909179687500001,1.486328125,1.1259765625,0.7832031250000001,1.04248046875,0.5307617187500001,2.62158203125
3587,1.0205078125,1.0224609375,1.15185546875,0.88818359375,0.73779296875,0.8525390625,2.50830078125
3588,1.00634765625,1.07666015625,0.97998046875,1.05615234375,1.27783203125,1.08740234375,2.8134765625
3589,1.17626953125,0.9951171875,0.8388671875,1.087890625,0.9189453125,1.2724609375,2.892578125
3590,1.0029296875,1.09765625,0.625,0.87841796875,0.99072265625,1.1455078125,2.7890625
3591,1.1484375,0.9736328125,0.7958984375,0.9521484375,0.94677734375,1.09814453125,2.86279296875
3592,0.7695312500000001,0.890625,0.69091796875,0.7812500000000001,0.951171875,0.6962890625,2.65771484375
3593,0.90869140625,0.7919921875,0.830078125,0.78662109375,0.7709960937500001,0.8803710937500001,2.482421875
3594,1.07080078125,1.1318359375,0.78369140625,0.43310546875,0.8984375,0.7666015625,2.81884765625
3595,1.35595703125,0.89306640625,0.9111328125,0.5234375000000002,0.77490234375,0.76904296875,2.6572265625
3596,0.7236328125,0.8154296875,0.76806640625,1.041015625,1.017578125,0.5859375,2.76220703125
3597,1.09375,0.7197265625,0.8647460937500001,1.14794921875,0.90087890625,0.7060546875,2.6171875
3598,0.83935546875,0.962890625,1.2607421875,0.810546875,0.7744140625,0.96875,2.60986328125
3599,1.123046875,0.7558593750000001,1.2998046875,0.9414062500000001,0.6474609375000001,1.11181640625,2.6396484375
3600,0.81298828125,1.05419921875,0.6953125000000001,0.84765625,0.66845703125,1.283203125,2.703125
3601,0.85107421875,0.95458984375,0.92578125,0.92578125,0.6376953125,1.3251953125,2.44921875
3602,0.9033203125,0.904296875,0.60302734375,0.82421875,0.8671875000000001,0.7783203125,2.447265625
3603,0.95166015625,0.7592773437500001,0.85888671875,0.95849609375,0.80712890625,0.9580078125,2.52685546875
3604,0.650390625,1.00146484375,0.83984375,0.7968750000000001,0.85498046875,0.642578125,2.58447265625
3605,0.9072265625,0.8120117187500001,0.861328125,0.9326171875,0.90478515625,0.7138671875,2.4111328125
3606,1.0263671875,0.87841796875,1.00732421875,0.5195312500000001,1.01513671875,0.94482421875,2.8349609375
3607,1.09228515625,0.4765625,0.95849609375,0.6796875000000002,0.85888671875,1.19384765625,2.748046875
3608,0.65283203125,0.86962890625,0.6953125000000001,0.884765625,1.1181640625,0.95458984375,2.54345703125
3609,0.974609375,0.56982421875,0.6923828125,1.1142578125,1.11279296875,1.154296875,2.4853515625
3610,1.0126953125,1.2080078125,0.87451171875,0.7109375,0.78564453125,1.14599609375,2.66015625
3611,1.1064453125,0.88037109375,1.09130859375,0.75390625,0.58203125,1.47705078125,2.4208984375
3612,1.1552734375,1.07275390625,0.6748046875,0.93115234375,0.88916015625,1.09619140625,2.70166015625
3613,1.27880859375,0.8945312500000001,0.67529296875,0.90625,0.673828125,0.95947265625,2.60009765625
3614,0.923828125,0.7905273437500001,0.9921875,1.0595703125,0.884765625,0.98486328125,2.58740234375
3615,0.9697265625,0.76806640625,1.16845703125,1.20654296875,0.6875000000000001,0.97705078125,2.5185546875
3616,1.28271484375,0.91357421875,0.91650390625,0.802734375,1.0791015625,0.79443359375,3.09326171875
3617,1.4013671875,0.7241210937500001,1.20361328125,0.79638671875,0.91357421875,0.8510742187500001,3.037109375
3618,0.78466796875,1.16796875,0.84912109375,0.64111328125,1.16845703125,0.77490234375,2.3857421875
3619,0.92431640625,1.11962890625,0.7998046875000001,0.7294921875,0.7363281250000001,0.9267578125000001,2.5185546875
3620,0.87744140625,0.771484375,1.080078125,0.9960937500000001,1.00244140625,0.94189453125,2.5791015625
3621,1.22216796875,0.66845703125,1.154296875,0.98876953125,0.8095703125,1.0341796875,2.50634765625
3622,1.01171875,1.12353515625,0.9833984375,0.8520507812500001,1.2509765625,0.6289062500000001,2.4326171875
3623,1.263671875,0.923828125,1.0966796875,0.92822265625,0.81005859375,0.7548828125,2.369140625
3624,0.82861328125,1.103515625,1.255859375,0.845703125,1.2734375,0.64111328125,3.06298828125
3625,0.94873046875,0.82177734375,1.16357421875,0.92431640625,0.96923828125,0.69287109375,2.89892578125
3626,0.5014648437500001,1.1904296875,0.9306640625000001,0.900390625,0.6611328125,1.0703125,2.51708984375
3627,0.76025390625,0.80078125,1.166015625,0.91357421875,0.5869140625,1.20654296875,2.41357421875
3628,1.10205078125,0.90673828125,1.10888671875,1.06982421875,1.13330078125,0.79248046875,2.63525390625
3629,1.0146484375,0.9453125,1.06005859375,1.33642578125,0.93896484375,0.9814453125000001,2.55322265625
3630,0.72802734375,1.3583984375,0.912109375,0.58544921875,1.11181640625,0.8032226562500001,2.63916015625
3631,0.94140625,1.06298828125,1.06640625,0.71142578125,1.29931640625,0.8740234375,2.52490234375
3632,0.95751953125,1.4345703125,0.89794921875,0.75634765625,1.12841796875,0.7919921875,2.64990234375
3633,1.0703125,1.134765625,1.1328125,0.80322265625,0.88720703125,0.888671875,2.63134765625
3634,0.8286132812500001,1.0361328125,0.7197265625,0.5791015625,0.896484375,0.5546875,2.6357421875
3635,1.2353515625,0.7348632812500001,1.20263671875,0.5239257812500001,0.7431640625,0.89794921875,2.7265625
3636,0.88916015625,1.02294921875,0.9619140625,0.71142578125,1.36083984375,0.7919921875,2.90478515625
3637,1.2548828125,0.92529296875,0.9111328125,0.66796875,1.142578125,0.7880859375,2.78662109375
3638,0.85595703125,0.9306640625,1.1142578125,0.7431640625,1.06103515625,1.0810546875,2.38134765625
3639,1.0380859375,0.8564453125,1.1005859375,0.8666992187500001,1.13037109375,1.00830078125,2.3837890625
3640,1.10107421875,1.0009765625,0.529296875,0.890625,1.33349609375,0.4296875,2.58203125
3641,1.09130859375,0.88232421875,0.5400390625,0.87451171875,1.16650390625,0.60400390625,2.64599609375
3642,0.9501953125,0.8784179687500001,1.08837890625,0.8701171875,1.02490234375,1.2685546875,2.669921875
3643,1.15234375,0.86767578125,1.12890625,0.93505859375,1.04931640625,1.2783203125,2.70068359375
3644,0.9072265625,0.8818359375,1.01220703125,0.4726562500000001,1.05810546875,1.01123046875,2.8779296875
3645,0.82275390625,0.3847656250000002,1.09716796875,0.6689453125,0.79931640625,1.01171875,2.71875
3646,0.822265625,1.1279296875,0.775390625,0.78466796875,0.8359375,0.7490234375,2.6884765625
3647,0.923828125,1.09912109375,0.8857421875,0.919921875,0.8037109375000001,0.9091796875,2.52783203125
3648,0.8725585937500001,1.01953125,0.82080078125,1.04736328125,0.78125,0.625,2.8212890625
3649,1.33544921875,0.5361328125000001,0.7470703125000001,1.08447265625,0.66455078125,0.7578125,2.67529296875
3650,0.7255859375,1.17626953125,0.779296875,1.0146484375,1.1669921875,1.04541015625,2.52734375
3651,1.1318359375,0.72412109375,0.80322265625,1.03955078125,0.84375,1.18994140625,2.3994140625
3652,1.03076171875,1.1689453125,0.71484375,0.91015625,1.02490234375,0.90869140625,2.64599609375
3653,1.20458984375,1.125,0.7978515625,0.96435546875,0.759765625,1.05517578125,2.498046875
3654,1.1181640625,0.80908203125,0.79541015625,0.7636718750000001,1.42041015625,0.6357421875,2.6943359375
3655,1.18994140625,0.8564453125,1.033203125,0.80029296875,1.32861328125,0.85986328125,2.7939453125
3656,0.93994140625,0.6611328125,1.01025390625,1.111328125,0.8681640625,0.9931640625,2.447265625
3657,1.25146484375,0.61279296875,1.2197265625,1.37158203125,0.912109375,1.14208984375,2.40869140625
3658,0.900390625,1.09033203125,0.8574218750000001,0.69873046875,1.18212890625,1.0712890625,2.79150390625
3659,1.27392578125,0.93310546875,1.0361328125,0.85205078125,1.009765625,1.05859375,2.7958984375
3660,0.9443359375,0.8066406250000001,0.755859375,0.57373046875,0.89990234375,1.1455078125,2.49365234375
3661,0.900390625,0.7578125,0.97607421875,0.6044921875,0.8212890625,1.1884765625,2.38232421875
3662,0.73779296875,1.2216796875,0.82958984375,0.91015625,1.056640625,0.8730468750000001,2.876953125
3663,0.90234375,0.89208984375,1.00390625,1.13134765625,0.85302734375,1.05126953125,2.607421875
3664,1.02197265625,1.17724609375,0.5541992187500001,0.75244140625,1.0341796875,1.08935546875,2.71142578125
3665,1.13427734375,0.77197265625,0.6845703125000001,0.88623046875,1.01806640625,1.15478515625,2.609375
3666,0.9873046875,0.849609375,1.0859375,0.638671875,1.09130859375,0.68115234375,2.7216796875
3667,1.33447265625,0.7314453125,0.9990234375,0.6269531250000001,0.94140625,0.9111328125,2.69677734375
3668,0.81591796875,1.01708984375,0.7763671875000001,0.9052734375,0.9443359375,0.9902343750000001,2.67333984375
3669,1.06787109375,0.81591796875,0.9599609375,0.9755859375,0.7109375000000001,1.10498046875,2.5712890625
3670,0.658203125,1.009765625,0.8891601562500001,0.6240234375,1.12109375,0.93896484375,2.5341796875
3671,0.8120117187500001,0.8173828125000001,0.99609375,0.73486328125,0.95654296875,0.87451171875,2.51953125
3672,0.8701171875000001,0.93408203125,0.6640625000000001,0.9501953125,1.18896484375,0.8544921875,2.83740234375
3673,0.89404296875,0.8115234375,0.8916015625,0.97119140625,1.08935546875,1.00439453125,2.6240234375
3674,0.6557617187500001,0.9375,0.84375,0.77587890625,1.0361328125,0.7788085937500001,2.74072265625
3675,0.85498046875,0.5815429687500001,0.9404296875,0.91552734375,0.896484375,0.90185546875,2.73974609375
3676,0.7353515625,0.9208984375,0.8798828125,0.63330078125,1.1728515625,0.7099609375000001,2.65478515625
3677,0.87060546875,0.865234375,0.74853515625,0.80517578125,1.15380859375,0.955078125,2.763671875
3678,1.015625,0.853515625,0.7900390625,0.73046875,0.90771484375,0.8984375,2.65185546875
3679,1.04638671875,0.6020507812500001,0.90771484375,0.939453125,0.865234375,0.97265625,2.5576171875
3680,0.8779296875,0.82861328125,0.9228515625,1.01025390625,0.7578125,1.23583984375,2.51220703125
3681,0.89697265625,0.64013671875,1.06689453125,1.177734375,0.62548828125,1.125,2.57958984375
3682,1.09423828125,1.03564453125,0.7646484375,0.80712890625,0.75830078125,1.12744140625,2.6669921875
3683,1.482421875,0.81201171875,0.89892578125,0.853515625,0.533203125,1.05078125,2.7822265625
3684,1.01025390625,0.92041015625,0.80078125,0.7998046875,0.90576171875,0.76953125,2.55322265625
3685,1.162109375,0.72021484375,0.9814453125,0.83447265625,0.99658203125,1.26611328125,2.62060546875
3686,1.099609375,0.99462890625,0.8686523437500001,1.2001953125,0.90673828125,0.728515625,2.52783203125
3687,1.326171875,0.984375,0.9287109375,1.1904296875,1.06982421875,0.79296875,2.41748046875
3688,0.78173828125,1.0771484375,0.5302734375000001,1.13720703125,1.0576171875,0.8994140625,2.6435546875
3689,0.9150390625,1.06689453125,0.6640625,1.11474609375,0.80224609375,1.01806640625,2.6953125
3690,0.55322265625,1.2265625,0.7993164062500001,0.7890625000000001,1.5302734375,0.7641601562500001,3.02392578125
3691,0.6669921875,0.9272460937500001,0.7744140625,0.9970703125,1.2626953125,0.890625,2.7900390625
3692,0.82177734375,1.29736328125,0.97900390625,0.71875,0.962890625,0.7568359375,2.47216796875
3693,0.99560546875,1.201171875,1.06494140625,0.94287109375,0.87890625,0.9091796875,2.46533203125
3694,1.0556640625,1.009765625,1.17724609375,0.6767578125,0.98681640625,1.234375,2.515625
3695,1.20556640625,0.802734375,1.1826171875,0.89404296875,1.0439453125,1.33642578125,2.4609375
3696,1.03515625,0.96142578125,0.9443359375,0.98291015625,1.146484375,0.7934570312500001,2.5751953125
3697,1.15576171875,0.76318359375,1.025390625,1.09912109375,0.78125,0.8916015625,2.66455078125
3698,0.79736328125,1.3720703125,0.83447265625,0.72119140625,1.00927734375,0.927734375,2.76123046875
3699,0.7871093750000001,1.087890625,0.88525390625,0.8984375,1.00732421875,0.96484375,2.56591796875
3700,0.74560546875,1.26220703125,0.93310546875,0.6767578125000001,0.86279296875,0.5537109375,2.81689453125
3701,1.3994140625,0.93115234375,0.94287109375,0.7373046875,0.79541015625,0.77587890625,2.76123046875
3702,0.5200195312500001,1.17041015625,0.64208984375,1.10791015625,1.30419921875,0.7578125,2.6123046875
3703,0.8505859375,0.84521484375,0.8305664062500001,1.35302734375,1.20361328125,0.78759765625,2.4609375
3704,0.81201171875,1.0166015625,0.61669921875,0.96728515625,0.71484375,0.5400390625000002,2.66015625
3705,1.06494140625,0.7402343750000001,0.80126953125,1.1435546875,0.5498046875,0.66943359375,2.54150390625
3706,0.9931640625,1.53759765625,0.966796875,0.7421875000000001,1.36572265625,0.55029296875,2.3466796875
3707,1.2900390625,1.19189453125,0.90869140625,0.7387695312500001,1.18505859375,0.74658203125,2.302734375
3708,0.8310546875,0.88916015625,1.0087890625,0.4423828125000001,0.875,0.71435546875,2.8349609375
3709,1.06396484375,0.72802734375,1.02392578125,0.6474609375,0.6391601562500002,0.90625,2.74609375
3710,0.8994140625,0.86279296875,1.2373046875,1.41259765625,0.998046875,0.59912109375,2.68310546875
3711,1.115234375,1.0556640625,1.35302734375,1.37548828125,0.83349609375,0.65185546875,2.55078125
3712,0.8364257812500001,1.083984375,1.14453125,0.634765625,0.82470703125,0.5380859375,2.63232421875
3713,1.14306640625,0.91015625,1.2744140625,0.765625,0.7719726562500001,0.6201171875,2.5673828125
3714,0.62548828125,0.83544921875,0.7539062500000001,0.7758789062500001,0.6337890625,1.0634765625,2.59521484375
3715,0.80712890625,0.61279296875,0.7167968750000001,0.8076171875,0.6201171875000001,1.36328125,2.634765625
3716,0.6450195312500001,0.72607421875,0.7368164062500001,0.57666015625,1.041015625,0.92333984375,2.5341796875
3717,0.912109375,0.5810546875,0.80859375,0.56884765625,0.9345703125,0.85888671875,2.65087890625
3718,1.3837890625,1.17333984375,0.8461914062500001,0.845703125,0.9638671875,0.6259765625,2.62548828125
3719,1.23046875,0.8706054687500001,1.0,1.08056640625,1.2568359375,0.8330078125000001,2.63330078125
3720,0.80615234375,0.830078125,0.6015625,0.86962890625,1.18505859375,0.791015625,2.6748046875
3721,1.0234375,0.67626953125,0.7338867187500001,0.90380859375,1.06884765625,1.04736328125,2.7138671875
3722,0.6142578125000001,0.7509765625,0.740234375,0.62353515625,0.9609375,0.5561523437500001,2.8193359375
3723,0.76220703125,0.59912109375,0.8525390625,0.6010742187500001,0.8271484375,1.02490234375,2.5634765625
3724,0.8574218750000001,1.00439453125,0.64013671875,1.1083984375,1.11181640625,0.90478515625,2.5458984375
3725,0.98486328125,0.73046875,0.9091796875,0.9814453125,0.8247070312500001,1.01513671875,2.44384765625
3726,0.83837890625,0.8291015625,1.1103515625,0.7753906250000001,0.9228515625,1.02685546875,2.65869140625
3727,1.0576171875,0.47314453125,1.22021484375,0.888671875,0.9702148437500001,1.25537109375,2.55810546875
3728,0.89794921875,1.06591796875,1.06640625,0.87646484375,0.861328125,0.7060546875,2.54345703125
3729,0.81298828125,0.755859375,0.91845703125,1.22265625,0.8901367187500001,0.9404296875,2.50341796875
3730,0.89501953125,0.93603515625,1.109375,0.7905273437500001,1.35107421875,0.77001953125,2.57958984375
3731,0.9365234375,0.78955078125,1.24560546875,0.9033203125,0.84814453125,1.07373046875,2.4345703125
3732,0.7041015625,1.19677734375,0.74462890625,0.779296875,1.126953125,0.95751953125,2.83935546875
3733,0.77587890625,1.02587890625,0.9609375,0.88916015625,1.30322265625,1.19189453125,2.66357421875
3734,0.9794921875,0.90576171875,0.93017578125,0.98193359375,1.04150390625,0.97705078125,2.4638671875
3735,1.2890625,0.5751953125,0.91650390625,1.12939453125,1.0615234375,1.13037109375,2.4384765625
3736,1.06884765625,1.25244140625,1.15234375,0.9384765625,0.9296875,1.0810546875,2.74951171875
3737,1.2109375,1.01025390625,1.1259765625,1.005859375,0.67431640625,1.32470703125,2.53271484375
3738,1.07763671875,0.93310546875,1.12939453125,0.50927734375,0.857421875,0.46240234375,2.5498046875
3739,1.0107421875,0.78271484375,1.0849609375,0.7275390625,0.943359375,0.609375,2.66650390625
3740,1.330078125,1.09912109375,0.98974609375,0.95947265625,1.521484375,0.9101562500000001,2.513671875
3741,1.390625,1.09912109375,0.97314453125,1.09130859375,1.12744140625,0.96533203125,2.42724609375
3742,1.072265625,0.896484375,1.00439453125,0.86767578125,0.58447265625,0.5908203125,2.62548828125
3743,1.4140625,0.833984375,0.93310546875,1.033203125,0.50634765625,0.7412109375000001,2.6240234375
3744,0.9248046875,0.9033203125000001,0.70849609375,0.80859375,1.25244140625,0.8525390625,2.89501953125
3745,0.87109375,1.02978515625,0.826171875,0.9169921875,0.94140625,1.0234375,2.68017578125
3746,0.90771484375,1.09765625,0.9458007812500001,0.6459960937500001,1.31787109375,1.04833984375,2.638671875
3747,0.994140625,0.8974609375,0.97998046875,0.64013671875,1.01025390625,1.16650390625,2.42724609375
3748,1.1513671875,1.0390625,0.80712890625,0.5556640625,0.66064453125,0.7021484375,2.7900390625
3749,1.005859375,1.087890625,0.90478515625,0.7646484375,0.4423828125000002,1.08056640625,2.79736328125
3750,0.85205078125,0.798828125,0.7109375000000001,0.7109375,0.85693359375,1.06201171875,2.61083984375
3751,1.22607421875,0.6079101562500001,0.8154296875,0.7778320312500001,0.76611328125,1.26416015625,2.5078125
3752,0.92919921875,1.19677734375,0.69873046875,1.0224609375,1.2080078125,0.7119140625,2.658203125
3753,0.9326171875000001,0.80078125,0.9501953125,1.10986328125,1.080078125,0.88671875,2.41357421875
3754,1.31689453125,0.9897460937500001,1.00244140625,0.783203125,1.31787109375,0.78759765625,2.525390625
3755,1.2080078125,1.06298828125,1.00537109375,0.8935546875,1.14990234375,0.9072265625,2.52978515625
3756,0.93994140625,1.21826171875,1.03857421875,0.92724609375,0.7138671875,1.314453125,2.44775390625
3757,1.10791015625,0.83837890625,1.07958984375,1.099609375,0.734375,1.2060546875,2.34765625
3758,1.14208984375,1.0263671875,0.6528320312500001,0.94482421875,0.6865234375000001,1.041015625,2.5478515625
3759,1.1865234375,0.8857421875,0.67041015625,0.98486328125,0.59765625,1.10107421875,2.6875
3760,0.77587890625,0.71435546875,0.48095703125,0.8867187500000001,0.90283203125,0.57568359375,2.32861328125
3761,1.08056640625,0.50927734375,0.65771484375,0.990234375,0.8115234375,0.7216796875,2.236328125
3762,0.92626953125,0.87939453125,1.06005859375,1.13671875,0.7861328125,0.8051757812500001,2.60205078125
3763,1.00048828125,0.66650390625,1.06982421875,1.3466796875,0.65087890625,0.76220703125,2.427734375
3764,0.6362304687500001,1.1103515625,0.80322265625,0.79541015625,1.1025390625,0.6015625,2.48583984375
3765,0.88232421875,0.94482421875,0.9814453125000001,0.8261718750000001,0.7988281250000001,0.7060546875000001,2.48876953125
3766,1.1025390625,0.80078125,1.0390625,0.74072265625,1.1962890625,1.0146484375,2.7041015625
3767,1.28857421875,0.7607421875,0.9453125,0.9345703125,0.8564453125,1.20166015625,2.56201171875
3768,0.9335937500000001,0.9609375,0.83447265625,0.8227539062500001,0.7958984375,0.900390625,2.6943359375
3769,1.0224609375,0.6958007812500002,0.8940429687500001,0.99169921875,0.7319335937500001,1.17919921875,2.78515625
3770,1.02587890625,1.13037109375,0.71728515625,0.87109375,1.17919921875,1.244140625,2.75244140625
3771,1.04736328125,1.130859375,0.81494140625,0.9140625,1.02734375,1.3837890625,2.58642578125
3772,0.7294921875,0.71337890625,0.9013671875,1.060546875,0.8051757812500001,0.88330078125,2.62451171875
3773,1.056640625,0.5878906250000001,1.09375,0.8647460937500001,0.80615234375,1.04248046875,2.53369140625
3774,1.28271484375,0.6586914062500001,0.93798828125,0.939453125,1.22705078125,0.7094726562500001,2.33251953125
3775,1.14208984375,0.6113281250000001,1.169921875,0.9814453125,1.06103515625,0.94921875,2.24658203125
3776,0.7158203125000001,0.63720703125,0.8593750000000001,0.84912109375,0.66162109375,0.67822265625,2.76904296875
3777,0.841796875,0.4541015625,0.984375,0.8559570312500001,0.4916992187500001,0.94873046875,2.70166015625
3778,0.73828125,0.87353515625,0.83447265625,0.98828125,1.25732421875,0.68505859375,2.529296875
3779,0.9101562500000001,0.7797851562500001,1.2001953125,1.24072265625,1.080078125,0.861328125,2.59228515625
3780,1.029296875,1.29541015625,1.07275390625,0.6210937500000001,1.0947265625,1.07470703125,2.58154296875
3781,1.240234375,0.93994140625,1.263671875,0.79443359375,0.87353515625,1.19140625,2.5302734375
3782,1.015625,0.7163085937500001,0.3935546875,0.80908203125,0.70947265625,0.94287109375,2.47216796875
3783,1.1484375,0.64697265625,0.5625,0.9707031250000001,0.4931640625000001,1.1689453125,2.35498046875
3784,0.91845703125,0.89111328125,0.76953125,0.96142578125,1.0859375,0.77392578125,2.47509765625
3785,1.359375,0.5458984375,0.84033203125,1.15625,0.92138671875,0.89404296875,2.474609375
3786,1.0546875,1.14697265625,0.9033203125,0.8994140625,0.91064453125,1.05908203125,2.46826171875
3787,1.18359375,0.8037109375000001,0.9594726562500001,1.02490234375,0.8432617187500001,1.328125,2.43603515625
3788,0.947265625,1.12939453125,1.16064453125,0.93359375,1.08642578125,1.08740234375,2.46142578125
3789,1.12451171875,0.72119140625,1.26953125,1.03515625,0.953125,1.18994140625,2.30419921875
3790,0.76025390625,1.29345703125,0.791015625,1.0283203125,1.048828125,0.849609375,2.833984375
3791,0.958984375,1.173828125,1.03466796875,1.06884765625,0.7314453125000001,0.869140625,2.78466796875
3792,0.84375,1.376953125,0.80126953125,1.07958984375,1.10595703125,0.59765625,2.48388671875
3793,1.01708984375,0.8701171875,1.0986328125,1.2412109375,0.84716796875,0.75390625,2.51953125
3794,1.21435546875,0.8173828125000001,0.626953125,0.93212890625,1.2578125,0.68359375,2.46826171875
3795,1.28173828125,0.90185546875,0.81982421875,1.11474609375,1.173828125,0.7900390625,2.42822265625
3796,0.951171875,0.7500000000000001,0.89306640625,0.87841796875,1.373046875,0.7236328125000001,2.609375
3797,1.0693359375,0.86767578125,1.01806640625,0.99267578125,0.97705078125,0.8359375,2.54248046875
3798,0.7519531250000001,1.05859375,0.8671875,0.6982421875000002,0.86279296875,0.6499023437500001,2.9072265625
3799,1.1923828125,0.82666015625,0.9892578125000001,0.79248046875,0.8984375,0.78125,2.884765625
3800,1.23046875,0.95556640625,0.5595703125,0.830078125,0.96435546875,0.79150390625,2.740234375
3801,1.36376953125,0.85302734375,0.8203125,0.9658203125000001,1.0859375,1.0146484375,2.6220703125
3802,0.8662109375,1.04833984375,0.91162109375,0.8828125,0.93603515625,1.03076171875,2.6875
3803,1.134765625,1.10791015625,1.0478515625,1.025390625,0.7861328125,1.22119140625,2.60498046875
3804,0.8393554687500001,0.85400390625,0.98193359375,1.06298828125,1.15234375,1.0849609375,2.8046875
3805,0.826171875,0.69189453125,0.8193359375,1.103515625,1.1083984375,1.28515625,2.876953125
3806,1.2060546875,1.02294921875,0.9326171875,0.87353515625,0.8974609375,0.8330078125,2.59228515625
3807,1.39794921875,0.7626953125,0.990234375,1.03125,0.89404296875,0.9208984375,2.4599609375
3808,0.80859375,1.0947265625,0.94140625,0.5229492187500001,0.87451171875,1.08642578125,2.93408203125
3809,0.87548828125,0.8461914062500001,1.080078125,0.59033203125,0.7246093750000001,1.4384765625,2.8720703125
3810,1.2802734375,1.11083984375,0.93798828125,0.833984375,1.0654296875,0.6918945312500001,2.60595703125
3811,1.28466796875,0.72314453125,0.99169921875,1.005859375,0.9204101562500001,1.0029296875,2.5400390625
3812,0.904296875,1.052734375,0.8681640625,1.14208984375,1.04833984375,0.95751953125,2.98583984375
3813,1.14013671875,0.951171875,0.86279296875,1.16943359375,0.86376953125,1.0966796875,2.67822265625
3814,0.92431640625,0.95947265625,0.9873046875,0.77099609375,0.8984375,1.025390625,3.02880859375
3815,1.22412109375,1.1220703125,0.99755859375,0.94873046875,0.6689453125000001,0.984375,2.88818359375
3816,1.12548828125,1.04931640625,0.6850585937500001,0.90380859375,0.5166015625,1.0,2.65869140625
3817,1.43359375,0.90771484375,0.70751953125,0.89208984375,0.50390625,0.9658203125,2.5966796875
3818,0.73291015625,1.34716796875,0.990234375,0.7275390625,1.2724609375,0.6884765625,2.40234375
3819,0.9052734375,1.15966796875,0.9838867187500001,0.7167968750000001,1.10693359375,0.85693359375,2.46533203125
3820,0.8037109375000001,1.10888671875,0.9663085937500001,0.615234375,0.91357421875,1.16650390625,2.40087890625
3821,0.955078125,0.9272460937500001,0.87744140625,0.58740234375,0.84228515625,1.18310546875,2.21533203125
3822,1.1923828125,0.90966796875,0.7792968750000001,0.53466796875,1.2685546875,0.7255859375000001,2.65234375
3823,1.28173828125,0.9853515625,0.87646484375,0.5576171875,0.953125,0.953125,2.6767578125
3824,0.7612304687500001,1.1904296875,1.08203125,0.7958984375,0.81494140625,1.05322265625,2.73388671875
3825,0.8359375,0.806640625,1.193359375,0.8359375,0.4916992187500001,1.12255859375,2.544921875
3826,0.9453125,0.91796875,0.7680664062500001,0.97802734375,0.9672851562500001,0.93994140625,2.8515625
3827,1.251953125,0.69775390625,0.93359375,0.78857421875,1.00048828125,1.0498046875,2.5615234375
3828,1.19189453125,0.8740234375,0.75146484375,0.91455078125,1.17578125,0.6655273437500001,2.78564453125
3829,1.02734375,1.0146484375,0.74755859375,0.947265625,0.98681640625,0.83447265625,2.6630859375
3830,0.94580078125,0.8193359375000001,0.7265625000000001,0.43310546875,1.19775390625,0.72900390625,3.052734375
3831,1.03076171875,0.5380859375,0.77685546875,0.51611328125,1.0517578125,0.87158203125,2.98876953125
3832,1.00732421875,0.99951171875,1.00146484375,1.15283203125,0.7812500000000001,0.77783203125,2.3681640625
3833,1.0283203125,0.7216796875,1.0185546875,1.00244140625,0.80810546875,1.0361328125,2.29248046875
3834,0.98046875,1.24365234375,0.75146484375,0.5908203125,1.107421875,0.6987304687500001,2.84814453125
3835,1.20751953125,1.1591796875,0.85986328125,0.6601562500000001,0.9951171875,0.89501953125,2.83349609375
3836,0.87939453125,1.171875,0.7895507812500001,0.66015625,0.82275390625,1.01318359375,2.8271484375
3837,1.29736328125,0.75927734375,0.7919921875,0.6982421875000001,0.88720703125,1.19189453125,2.962890625
3838,1.015625,0.57373046875,0.86083984375,1.14501953125,0.9609375000000001,0.87255859375,2.693359375
3839,0.9614257812500001,0.4892578125,0.96728515625,1.1591796875,0.99560546875,0.91259765625,2.5908203125
3840,1.12158203125,1.37890625,0.6303710937500001,1.076171875,0.6762695312500001,0.9658203125,2.60693359375
3841,1.15625,0.95751953125,0.92919921875,1.13671875,0.6157226562500001,1.34716796875,2.58154296875
3842,0.740234375,1.1953125,0.7509765625,0.78466796875,0.6499023437500001,0.88525390625,2.66748046875
3843,1.15966796875,1.08740234375,0.697265625,1.046875,0.63134765625,0.9521484375,2.5927734375
3844,1.20849609375,1.013671875,1.05126953125,0.6328125,0.9296875,0.81298828125,2.755859375
3845,1.32275390625,0.81689453125,1.3095703125,0.66064453125,1.00341796875,1.04345703125,2.79296875
3846,0.75830078125,1.029296875,0.75439453125,0.57470703125,1.30517578125,1.0166015625,2.609375
3847,0.90087890625,0.9106445312500001,1.18310546875,0.755859375,1.326171875,1.1875,2.41357421875
3848,0.9492187500000001,1.1484375,0.873046875,0.783203125,1.19384765625,0.8701171875,2.4775390625
3849,1.16064453125,0.80810546875,1.14404296875,0.9169921875,1.162109375,1.076171875,2.46923828125
3850,1.09912109375,0.94287109375,0.8671875,1.1767578125,0.7939453125,0.7939453125,2.4775390625
3851,1.08203125,0.7382812500000001,0.998046875,1.0537109375,0.5737304687500001,0.98291015625,2.478515625
3852,1.04052734375,0.7099609375,1.16357421875,0.83251953125,0.77685546875,1.1171875,2.716796875
3853,1.22900390625,0.646484375,1.31005859375,0.8720703125,0.75830078125,1.28173828125,2.6337890625
3854,0.9130859375,1.1396484375,0.83056640625,0.44287109375,1.03857421875,0.775390625,2.7197265625
3855,1.09814453125,0.84326171875,0.90283203125,0.67236328125,0.92626953125,1.09814453125,2.74365234375
3856,1.20263671875,1.17919921875,0.92724609375,0.8203125,1.3564453125,0.6298828125,2.35107421875
3857,1.3076171875,0.7504882812500001,1.025390625,0.7900390625,1.27587890625,0.8525390625000001,2.3125
3858,0.54150390625,1.16455078125,0.8666992187500001,0.60205078125,1.16650390625,0.94921875,2.4365234375
3859,0.7534179687500001,1.15234375,0.98681640625,0.74951171875,0.9970703125,1.0771484375,2.4736328125
3860,1.3759765625,1.18408203125,0.8066406250000001,0.853515625,0.93408203125,0.93359375,2.81787109375
3861,1.25439453125,0.83935546875,1.0439453125,0.8950195312500001,0.84228515625,1.08935546875,2.77783203125
3862,0.6865234375000001,1.2001953125,1.07666015625,0.96923828125,0.76123046875,0.7373046875,2.81298828125
3863,0.828125,1.1884765625,1.283203125,0.9589843750000001,0.52294921875,0.91748046875,2.814453125
3864,1.03369140625,0.95361328125,0.8549804687500001,0.4091796875,0.869140625,1.0498046875,2.60498046875
3865,1.23876953125,0.65185546875,0.96142578125,0.6240234375,0.7124023437500001,1.14404296875,2.58837890625
3866,1.14453125,1.0732421875,0.79638671875,0.53076171875,1.04833984375,0.6318359375,2.74609375
3867,1.04150390625,0.7182617187500001,1.10693359375,0.697265625,0.9345703125,0.7617187500000001,2.6708984375
3868,1.08056640625,0.94677734375,0.7041015625000001,1.09716796875,1.0625,0.75927734375,2.771484375
3869,1.27587890625,0.9335937500000001,0.78759765625,1.07470703125,1.1884765625,0.9599609375,2.63671875
3870,1.05419921875,1.40625,1.21435546875,0.849609375,0.7656250000000001,0.96533203125,2.5791015625
3871,1.19970703125,1.154296875,1.19287109375,1.0263671875,0.5546875000000001,0.8071289062500001,2.51220703125
3872,1.2373046875,0.982421875,0.6337890625,0.93994140625,1.0869140625,0.6396484375000001,2.46142578125
3873,1.322265625,0.95703125,0.6401367187500001,1.07177734375,1.041015625,0.87646484375,2.3515625
3874,0.8837890625,0.7148437500000001,0.75439453125,0.8671875,1.18603515625,0.798828125,2.703125
3875,1.07568359375,0.6333007812500001,0.8110351562500001,0.99560546875,0.8876953125000001,0.8759765625,2.50439453125
3876,1.109375,0.89453125,0.814453125,1.12744140625,0.8432617187500001,0.95556640625,2.57763671875
3877,1.1044921875,0.60400390625,0.79150390625,0.9848632812500001,0.67529296875,1.03369140625,2.56103515625
3878,0.9599609375,1.08740234375,0.9189453125,0.61865234375,0.93212890625,1.041015625,2.74951171875
3879,1.009765625,1.068359375,0.90283203125,0.6259765625000001,0.7226562500000001,1.10009765625,2.787109375
3880,1.3076171875,1.044921875,1.0380859375,0.646484375,1.328125,0.6015625,2.537109375
3881,1.36474609375,0.8837890625,1.13623046875,0.69091796875,1.02490234375,0.83642578125,2.41162109375
3882,1.0478515625,1.0546875,0.990234375,0.6962890625,1.09814453125,1.02392578125,2.4794921875
3883,1.0283203125,1.109375,1.03857421875,0.87255859375,0.96142578125,0.92529296875,2.52587890625
3884,0.779296875,0.87060546875,0.7377929687500001,0.57568359375,1.10888671875,1.2734375,2.68017578125
3885,1.1787109375,0.583984375,0.94189453125,0.78662109375,1.01416015625,1.21044921875,2.64501953125
3886,0.986328125,0.859375,0.97265625,0.95263671875,0.8066406250000001,0.66162109375,2.52734375
3887,1.2431640625,0.5766601562500001,1.21435546875,0.99462890625,0.6328125,0.6914062500000001,2.693359375
3888,0.77880859375,1.03076171875,0.7387695312500001,0.93359375,0.8461914062500001,0.65576171875,2.5986328125
3889,1.13671875,0.90234375,0.92041015625,1.1318359375,0.75390625,0.77001953125,2.60498046875
3890,1.0400390625,1.08642578125,0.634765625,0.927734375,1.0673828125,1.046875,2.88916015625
3891,1.451171875,0.826171875,0.9677734375,0.92236328125,1.2021484375,1.103515625,2.8134765625
3892,1.212890625,0.80322265625,0.75830078125,0.71337890625,0.8671875,0.82421875,2.82568359375
3893,1.4091796875,0.6435546875,0.81005859375,0.7797851562500001,0.7646484375,0.94384765625,2.72998046875
3894,0.73193359375,1.04443359375,1.173828125,0.97216796875,1.2216796875,0.97119140625,2.43017578125
3895,1.0390625,0.724609375,0.9863281250000001,0.958984375,0.98095703125,1.314453125,2.3291015625
3896,0.8427734375,1.029296875,0.7529296875,0.6513671875000001,0.67138671875,0.82666015625,2.73193359375
3897,0.8417968750000001,0.94921875,0.9125976562500001,0.65234375,0.5244140625,1.115234375,2.76513671875
3898,0.9072265625,0.7626953125,0.90625,0.7050781250000001,1.0224609375,0.9169921875000001,2.55859375
3899,1.43603515625,0.5986328125,1.029296875,0.8251953125,0.81298828125,1.2236328125,2.51025390625
3900,0.7446289062500002,1.056640625,1.05908203125,1.11962890625,1.29248046875,0.7763671875,2.712890625
3901,0.98388671875,1.0234375,1.12548828125,1.06298828125,1.12255859375,0.89501953125,2.40380859375
3902,0.81884765625,1.20703125,0.8203125,0.9873046875,1.072265625,0.7182617187500001,2.63037109375
3903,1.25048828125,0.82763671875,0.947265625,1.01220703125,0.98095703125,0.9140625,2.61962890625
3904,0.95361328125,1.001953125,0.8525390625,0.76513671875,1.38671875,1.09326171875,2.78759765625
3905,1.02587890625,0.62353515625,0.86181640625,0.7353515625,1.09814453125,1.28515625,2.7763671875
3906,0.9677734375,0.9443359375,0.86962890625,0.6494140625,0.55419921875,0.89892578125,2.51220703125
3907,0.94775390625,0.62353515625,0.9375,0.74169921875,0.52392578125,1.087890625,2.44921875
3908,0.63330078125,1.2275390625,0.8515625,0.9208984375,1.02197265625,0.94677734375,2.5048828125
3909,1.0654296875,0.9228515625000001,0.90283203125,0.9814453125,0.84765625,1.06396484375,2.43212890625
3910,1.2744140625,1.1845703125,1.17333984375,0.74560546875,0.69921875,0.880859375,2.78515625
3911,1.3994140625,0.84033203125,1.14990234375,0.88232421875,0.61181640625,1.041015625,2.71142578125
3912,0.9716796875,1.123046875,0.6611328125,0.81591796875,0.88916015625,1.00927734375,2.6787109375
3913,1.14794921875,0.97509765625,0.89501953125,0.7714843750000001,0.6987304687500001,1.10791015625,2.47314453125
3914,1.0830078125,0.8349609375,0.755859375,0.67529296875,0.98681640625,1.1005859375,2.78515625
3915,1.18798828125,0.671875,0.7958984375000001,0.67333984375,0.71630859375,1.15869140625,2.68310546875
3916,0.5927734375,1.18310546875,0.7666015625,0.5869140625,1.2412109375,0.71435546875,2.73095703125
3917,1.033203125,1.0263671875,0.7685546875,0.6142578125,1.22119140625,1.0810546875,2.65625
3918,0.90283203125,0.65576171875,0.6704101562500001,0.572265625,0.8222656250000001,1.0361328125,2.65478515625
3919,1.111328125,0.576171875,1.02587890625,0.6669921875,0.85546875,1.099609375,2.5966796875
3920,0.92333984375,0.7099609375,0.58837890625,0.74365234375,0.68310546875,0.85302734375,2.8115234375
3921,0.8784179687500001,0.55908203125,0.72412109375,0.779296875,0.65478515625,1.00390625,2.65380859375
3922,0.7778320312500001,0.92138671875,0.8076171875,0.75146484375,0.7661132812500001,0.84375,2.78466796875
3923,1.04931640625,1.0712890625,0.93408203125,0.7060546875000001,0.81494140625,0.81982421875,2.6083984375
3924,1.04736328125,0.9501953125,0.6254882812500001,0.6479492187500001,1.294921875,1.48974609375,2.6220703125
3925,1.2177734375,0.4965820312500002,0.81640625,0.91259765625,1.20263671875,1.59130859375,2.6435546875
3926,0.8427734375,1.0576171875,1.10986328125,0.94482421875,0.89453125,0.7421875,2.896484375
3927,1.3212890625,0.64794921875,1.19384765625,1.0869140625,0.7045898437500001,0.7285156250000001,2.87890625
3928,0.8671875000000001,0.63232421875,1.052734375,0.8388671875,1.09326171875,0.6015625000000001,2.94091796875
3929,0.97607421875,0.56005859375,1.0263671875,0.8857421875,0.96240234375,0.80712890625,2.8408203125
3930,0.97802734375,1.044921875,0.439453125,1.150390625,0.68310546875,0.63134765625,2.62451171875
3931,1.30517578125,0.74609375,0.5659179687500002,1.33203125,0.5439453125,0.88037109375,2.59423828125
3932,0.544921875,0.82958984375,0.7504882812500001,0.83544921875,0.95166015625,0.9384765625,2.70947265625
3933,0.9052734375,0.6220703125000001,0.86767578125,0.96240234375,0.94140625,1.06103515625,2.6142578125
3934,1.29638671875,1.1962890625,0.8105468750000001,1.12060546875,0.6582031250000001,0.5556640625,2.7197265625
3935,1.39697265625,1.0478515625,0.78759765625,1.234375,0.5805664062500001,0.68359375,2.5029296875
3936,1.01318359375,1.126953125,1.005859375,0.97216796875,0.8295898437500001,0.44189453125,2.35791015625
3937,1.0810546875,1.01904296875,1.0322265625,1.11767578125,0.72705078125,0.6875,2.26171875
3938,0.7260742187500001,0.7685546875000001,0.9179687500000001,0.52197265625,0.98095703125,1.14794921875,2.7373046875
3939,1.0888671875,0.69482421875,1.14501953125,0.6611328125,0.8872070312500001,1.23828125,2.748046875
3940,0.75830078125,1.3408203125,0.8061523437500001,0.6630859375,0.603515625,0.76904296875,2.62744140625
3941,0.82470703125,1.06787109375,0.767578125,0.7397460937500001,0.41796875,0.98486328125,2.63671875
3942,1.09521484375,1.091796875,0.4516601562500001,0.95654296875,0.94873046875,0.7016601562500001,2.669921875
3943,1.06689453125,0.7373046875000001,0.5966796875,0.95947265625,0.8378906250000001,0.8369140625,2.7412109375
3944,0.921875,1.0,0.9042968750000001,0.6767578125000001,1.26171875,0.97021484375,2.90380859375
3945,0.9375,0.8056640625000001,1.01806640625,0.7431640625,0.9741210937500001,1.07080078125,2.783203125
3946,0.92236328125,0.7470703125,0.763671875,0.41259765625,0.97265625,0.9658203125,2.71044921875
3947,1.302734375,0.5751953125,0.951171875,0.55810546875,0.71337890625,1.2666015625,2.626953125
3948,0.935546875,1.0849609375,0.5375976562500001,0.568359375,1.203125,1.0908203125,2.6552734375
3949,1.3447265625,0.83544921875,0.669921875,0.68505859375,1.0595703125,1.26171875,2.423828125
3950,1.17138671875,1.197265625,1.16943359375,0.4921875,1.21142578125,0.71484375,2.71484375
3951,1.3564453125,0.904296875,1.19873046875,0.5952148437500001,0.90283203125,1.0419921875,2.64208984375
3952,0.86181640625,1.3671875,0.7250976562500002,0.4814453125,1.306640625,0.8349609375000001,2.8076171875
3953,1.26708984375,1.05712890625,0.87255859375,0.54833984375,1.33349609375,1.0888671875,2.76611328125
3954,0.98583984375,1.11328125,1.0458984375,0.8935546875,1.021484375,0.90869140625,2.65966796875
3955,1.3935546875,0.84228515625,1.0107421875,0.80078125,1.048828125,1.13427734375,2.52880859375
3956,0.8984375,1.06005859375,0.7202148437500001,0.9404296875,0.80224609375,0.78955078125,3.02197265625
3957,1.34765625,1.0087890625,0.77099609375,0.916015625,0.52978515625,0.86279296875,2.99658203125
3958,0.84423828125,0.9814453125,0.8671875,0.66015625,0.9091796875,1.072265625,2.798828125
3959,1.125,0.787109375,1.1455078125,0.71337890625,1.01025390625,1.12890625,2.79052734375
3960,0.65185546875,1.1259765625,0.79296875,1.0595703125,1.26171875,0.89404296875,2.8466796875
3961,0.8330078125,0.5415039062500002,0.9501953125,1.060546875,1.2255859375,1.03759765625,2.8701171875
3962,0.90625,1.1748046875,0.87255859375,1.083984375,0.94287109375,0.8544921875,2.73779296875
3963,1.13330078125,0.9501953125,0.99609375,1.2001953125,0.8779296875000001,1.03466796875,2.6015625
3964,0.958984375,0.66552734375,0.8764648437500001,1.1826171875,1.0068359375,1.2998046875,3.06689453125
3965,1.2578125,0.6621093750000001,0.9541015625,1.22119140625,0.97705078125,1.43994140625,3.02099609375
3966,1.35888671875,0.85546875,0.7744140625,0.8212890625,1.18017578125,0.9677734375,2.9345703125
3967,1.294921875,0.7578125000000001,0.8461914062500001,0.947265625,0.9072265625,0.98095703125,2.79443359375
3968,0.7998046875,1.04931640625,0.85888671875,0.912109375,1.1416015625,0.89013671875,2.44970703125
3969,1.16748046875,0.80908203125,0.96630859375,0.98828125,1.07470703125,1.10986328125,2.46435546875
3970,0.7607421875,1.01171875,0.7377929687500001,0.5986328125,0.7724609375000001,0.849609375,2.90673828125
3971,0.857421875,0.68408203125,0.89892578125,0.68798828125,0.6772460937500001,0.865234375,2.73193359375
3972,1.06396484375,1.23291015625,0.8408203125,1.0537109375,0.93408203125,0.98681640625,2.384765625
3973,1.20947265625,0.7373046875,1.0498046875,1.17919921875,1.0966796875,1.0498046875,2.28271484375
3974,1.12646484375,0.92041015625,0.8759765625,0.77685546875,0.69384765625,0.7456054687500001,2.54443359375
3975,1.46728515625,0.8310546875,0.84912109375,0.94921875,0.6982421875000001,0.88916015625,2.33154296875
3976,0.83447265625,0.77880859375,0.86767578125,0.734375,0.82080078125,0.7553710937500001,2.56298828125
3977,1.4033203125,0.5439453125000001,0.96435546875,0.8076171875,0.89501953125,0.8598632812500001,2.55126953125
3978,1.0439453125,0.7968750000000001,0.896484375,0.85302734375,1.220703125,0.90673828125,2.50830078125
3979,0.9257812500000001,0.79541015625,0.96484375,0.8857421875,0.9716796875,1.06298828125,2.46337890625
3980,0.88720703125,1.5673828125,0.892578125,0.50390625,0.8154296875,1.3779296875,2.75
3981,1.0849609375,1.18603515625,1.03271484375,0.73046875,0.6098632812500002,1.2841796875,2.60986328125
3982,1.16650390625,0.712890625,0.548828125,0.8735351562500001,1.1435546875,0.7666015625000001,2.5302734375
3983,1.36328125,0.5888671875000001,0.7724609375,1.10107421875,1.07373046875,1.13427734375,2.423828125
3984,0.97705078125,1.3544921875,1.0048828125,0.66357421875,1.00390625,1.009765625,2.61279296875
3985,1.228515625,1.056640625,1.04345703125,0.70068359375,0.88330078125,1.00048828125,2.7041015625
3986,0.9399414062500001,1.10546875,0.84521484375,0.87451171875,1.0927734375,0.751953125,2.76708984375
3987,0.96044921875,0.99658203125,0.90283203125,1.05224609375,0.84716796875,0.853515625,2.50146484375
3988,1.0439453125,1.0654296875,0.82373046875,0.69677734375,1.0107421875,1.0009765625,2.6806640625
3989,0.90673828125,0.9384765625,1.0029296875,0.7314453125000001,0.95361328125,1.15185546875,2.66796875
3990,1.078125,1.35498046875,1.20703125,0.4931640625,0.9536132812500001,0.91259765625,2.5869140625
3991,1.2509765625,0.8989257812500001,1.15234375,0.55712890625,0.619140625,0.95556640625,2.65283203125
3992,1.2919921875,1.17138671875,0.78857421875,0.6005859375,1.0986328125,0.8256835937500001,2.462890625
3993,1.34716796875,0.8740234375,0.88330078125,0.5278320312500001,1.07177734375,0.875,2.43310546875
3994,1.0400390625,1.00341796875,0.99169921875,0.7753906250000001,1.16943359375,1.06201171875,2.60107421875
3995,1.177734375,0.8471679687500001,0.99609375,0.89453125,0.7978515625,1.0126953125,2.6083984375
3996,0.88037109375,0.85009765625,0.44287109375,0.76611328125,0.9204101562500001,0.87060546875,2.5537109375
3997,0.9892578125,0.7978515625000001,0.50390625,0.8916015625000001,0.89990234375,0.9907226562500001,2.6767578125
3998,0.97021484375,1.052734375,0.7363281250000001,1.10986328125,0.9052734375,0.8046875,2.75537109375
3999,1.134765625,0.7836914062500001,0.79296875,0.9775390625,0.71435546875,1.1025390625,2.7109375
4000,0.99462890625,1.09375,1.20703125,0.93994140625,0.7001953125,0.98486328125,2.74169921875
4001,1.0439453125,0.5468750000000001,1.21728515625,1.03125,0.69873046875,0.90380859375,2.939453125
4002,0.9809570312500001,1.107421875,0.50830078125,0.72607421875,0.92236328125,0.68505859375,2.57763671875
4003,1.068359375,0.85888671875,0.75830078125,0.763671875,0.74267578125,0.8549804687500001,2.62353515625
4004,0.7182617187500001,1.16455078125,0.900390625,0.7998046875000001,0.814453125,1.0654296875,2.513671875
4005,1.07177734375,0.7978515625,1.23095703125,0.92138671875,0.9609375,1.1611328125,2.3681640625
4006,0.81689453125,1.00341796875,0.8510742187500001,0.9423828125000001,0.75244140625,1.064453125,2.87939453125
4007,1.0146484375,0.8125,0.984375,0.92724609375,0.62451171875,1.1474609375,2.8349609375
4008,1.00830078125,0.900390625,0.6689453125,0.5556640625,0.7109375,0.7441406250000001,2.6171875
4009,1.20703125,0.78515625,0.7021484375000001,0.712890625,0.5791015625,0.9306640625,2.61181640625
4010,0.64990234375,0.998046875,0.82275390625,0.8251953125,0.953125,0.86083984375,2.58447265625
4011,1.0712890625,0.7548828125000001,0.97412109375,0.96240234375,0.8330078125000001,1.00244140625,2.62548828125
4012,0.86767578125,0.89892578125,1.15283203125,0.5712890625000001,0.9375,1.09326171875,2.63525390625
4013,1.09326171875,0.982421875,1.16943359375,0.62255859375,0.8291015625,1.1337890625,2.61328125
4014,1.06982421875,0.93212890625,1.00048828125,0.73583984375,1.05810546875,0.8056640625000001,2.67138671875
4015,1.39013671875,0.7617187500000001,0.94091796875,0.79931640625,1.005859375,0.93701171875,2.5439453125
4016,1.0908203125,0.70703125,0.88427734375,0.81005859375,1.19873046875,0.580078125,2.521484375
4017,1.076171875,0.44091796875,1.04931640625,0.75341796875,1.171875,0.87109375,2.50244140625
4018,0.90771484375,1.19140625,0.888671875,0.6098632812500001,1.05517578125,0.865234375,2.53076171875
4019,1.009765625,0.9873046875,0.8408203125,0.78466796875,0.9169921875,0.99560546875,2.6357421875
4020,0.693359375,0.78125,1.34423828125,0.81689453125,0.927734375,0.7890625000000001,2.98388671875
4021,1.10986328125,0.6069335937500001,1.03515625,0.93115234375,0.82177734375,0.84814453125,3.01708984375
4022,0.6166992187500001,1.08349609375,1.09130859375,0.8237304687500001,0.7939453125,0.9208984375,2.8759765625
4023,0.8212890625,0.52783203125,1.00341796875,0.900390625,0.5375976562500001,0.9951171875,2.62109375
4024,0.7119140625,0.71630859375,0.9716796875,0.85546875,0.64990234375,0.7177734375000001,2.85791015625
4025,0.8056640625000001,0.6738281250000001,1.02392578125,0.85302734375,0.5004882812500001,0.892578125,2.87451171875
4026,1.0068359375,1.09814453125,1.05322265625,0.5400390625,1.13134765625,0.7265625000000001,2.66064453125
4027,1.21142578125,0.8999023437500001,1.13427734375,0.54931640625,1.1123046875,0.87451171875,2.62451171875
4028,1.2294921875,1.2509765625,0.9653320312500001,1.076171875,0.77734375,0.68701171875,2.62939453125
4029,1.31103515625,0.7841796875,1.16064453125,1.29296875,0.5166015625,0.7983398437500001,2.62744140625
4030,0.8872070312500001,1.01953125,0.5429687500000001,0.67236328125,0.8125,0.84326171875,2.78857421875
4031,1.11572265625,0.77783203125,0.6513671875,0.7802734375000001,0.94873046875,1.00048828125,2.80224609375
4032,0.90576171875,1.1552734375,0.8286132812500001,0.98974609375,1.33935546875,1.08349609375,2.66064453125
4033,0.94580078125,0.92626953125,0.96435546875,1.02685546875,1.2607421875,1.11376953125,2.560546875
4034,0.9047851562500001,0.96533203125,0.8369140625,0.603515625,1.0390625,0.697265625,2.5009765625
4035,1.21337890625,0.6201171875,0.9355468750000001,0.6406250000000001,0.7666015625000001,0.95263671875,2.65625
4036,1.1298828125,1.05908203125,1.146484375,0.96923828125,0.9228515625000001,1.27197265625,2.66650390625
4037,0.94970703125,0.81884765625,1.01123046875,1.080078125,0.88916015625,1.2666015625,2.74072265625
4038,1.1474609375,0.92529296875,0.98095703125,0.7685546875,0.8173828125000001,0.908203125,2.55322265625
4039,1.17041015625,0.6015625,1.13232421875,0.6142578125,0.79443359375,0.9741210937500001,2.62548828125
4040,0.791015625,0.9462890625,0.9418945312500001,0.953125,1.31005859375,0.7734375,2.65966796875
4041,1.02001953125,0.9580078125,1.05517578125,0.900390625,1.00439453125,1.00244140625,2.583984375
4042,0.951171875,1.15869140625,0.919921875,0.83349609375,1.1171875,1.10546875,2.73681640625
4043,1.0439453125,1.03076171875,1.01611328125,0.9765625,1.0458984375,1.35986328125,2.7138671875
4044,0.77001953125,1.12548828125,0.646484375,1.06396484375,1.09619140625,0.9326171875,3.04638671875
4045,1.0009765625,1.03857421875,0.94091796875,1.0869140625,1.03564453125,0.9990234375,2.876953125
4046,1.3857421875,1.20556640625,0.94189453125,0.6879882812500001,0.64404296875,0.7231445312500001,2.67578125
4047,1.21337890625,1.02783203125,0.99853515625,0.97021484375,0.36181640625,0.962890625,2.5615234375
4048,1.546875,0.7910156250000001,0.7109375,0.85400390625,1.32666015625,1.0712890625,2.4677734375
4049,1.541015625,0.58837890625,0.96435546875,0.92822265625,1.20263671875,1.21435546875,2.5615234375
4050,0.38818359375,0.484375,0.3276367187500001,0.2846679687500001,0.44189453125,0.2592773437500001,2.18115234375
