,seed_10,seed_20,seed_30,seed_40,seed_50,seed_155,seed_125
0,6.514418882093462,7.106812227601182,6.219462904396887,4.679362859630759,6.3313481144234744,6.313257469996202,6.773573415069239
1,6.0187717369949585,6.166147454051557,6.8043187171524275,5.25828538608761,5.764930132157781,4.9699719361899115,6.5732610702966365
2,5.753375270897074,6.7729621477825654,6.451011298632503,5.196420891551558,5.294168315759029,6.050821904844084,6.397559510096952
3,6.2472799636054805,6.480713700568927,5.511971945200376,4.725922062276401,6.095234748051057,5.523624357553612,6.665615628706663
4,5.885930489679019,6.831384435391343,6.053843788055977,5.213177076654983,5.702251942356603,6.47005877652117,6.031673811349626
5,6.378073424079701,5.668381675325902,6.016499925389789,4.862572431620795,5.90214847255249,4.997613622252054,7.247634971178518
6,6.3334564604103365,7.459832596082689,5.8132217474117684,4.359262053745081,5.943279509937236,5.471155260544582,5.772514944497635
7,5.977504784540973,5.7273869060264,6.522943863369363,5.304501065567373,6.037090492203363,6.548886641136301,7.683705251629516
8,5.8351533256967,5.5900624193828135,6.212811781441656,3.8085317462294532,5.885764557930884,5.035263840874284,6.3249197468687415
9,6.384646126597573,6.8379169061861145,6.151981344037486,5.787635844964258,6.050133837007907,6.188499954435304,6.473541039909092
10,6.648994161905604,6.53700978089863,6.6243743590553565,5.082235545724843,5.171303964436427,5.929034133243835,6.816555517222789
11,6.739711392669987,6.577705099405604,5.988772595763261,4.934426400657847,6.482007505048691,5.46527453661812,6.231951878163202
12,6.243102058729452,6.540300852856725,6.499400217120486,5.202004700920298,5.906653483927585,6.018673164398007,6.33860004176264
13,5.627982672993213,6.31229034889452,5.896090157208283,4.708298773293649,5.923041907687858,5.62083995641619,6.590707789366064
14,6.253300936477397,7.053423041219611,5.245044720826714,5.2793172024220425,5.953067505368119,6.433404426316562,6.5746778608130745
15,5.674418466481195,6.446856187308343,6.836184916698754,4.789706425357846,5.847957673696388,5.408345416954297,6.775117948619552
16,6.6645770624361145,7.011720793008842,6.9942001626407215,5.041986233735927,5.891968900722167,4.574779322660835,7.712672554000624
17,6.194703698843151,6.069726069274035,5.460256830553302,5.340689928073847,6.209849858991471,5.739020435582999,5.4927922151391675
18,6.321586998562143,5.972003904748256,5.8778300933986305,6.345729406186114,6.404860089053113,5.225745069242093,6.405822701016127
19,6.841745334132191,6.249090796651183,6.343698459132192,2.766837494791595,5.128520028981199,6.337604596466003,6.668824369472167
20,6.424967306876339,6.74753086793848,6.775069472265006,5.0682503395003105,6.018304381550435,5.331400676795703,6.065887776808654
21,5.867136382253177,6.56326197913487,5.876428099661146,5.266305669446699,5.999850309656226,5.690212638005042,7.407909099693089
22,6.009574258307722,5.17445418906563,6.073817133818807,4.982399081448131,6.36947079601233,4.953275711848194,6.401088134234495
23,6.837970490062763,6.621351031218057,5.818870449801868,5.224711435231196,5.524002158678517,6.589380305310709,6.871461088222167
24,6.6391923912001864,6.461624546331758,6.604241881550435,5.219271537704607,6.253626175230075,5.787211012110212,6.617514183378083
25,6.060585486835243,6.187693832822104,5.43555716264029,4.943755460538107,5.114450025434248,5.533425705138046,6.674159740637733
26,6.5357402145961405,6.747886298632503,5.835423360684871,5.759451870654483,5.63505862880249,5.439654954595018,6.819777187020858
27,6.473026054351993,6.128273809049314,6.445264446766437,4.338574183697511,6.499758113944333,6.523079603176153,6.41315576278101
28,6.816641759170609,7.084618435838543,6.2818185694337485,5.065499089660025,5.906319402160024,6.365335588989225,6.077414138611956
29,6.245255991820049,6.353404123370486,6.6742420718303235,5.257451115541906,6.021909207854047,5.881828539110524,5.686581355252865
30,6.053478915963636,6.7154659033104,6.298083584036363,2.5806288331415326,5.932812464947511,5.679985436062141,5.888028971146574
31,6.578971178073849,6.458619079786674,6.400908675070361,5.7948728002620165,5.7027036547801995,5.49895259071457,7.07593245507416
32,6.1151421792881075,7.0893248536876685,4.8334948969831295,4.565506488049502,6.665043994759652,5.38257205856974,6.909089957917932
33,6.650841739040161,5.738506296267871,6.7143951020896635,5.389755006869863,5.2879124320999376,6.06584610046015,5.834017033071171
34,6.520447851738293,6.872719768500933,5.757721748913512,4.09336233435579,6.238073043519926,5.502180214276712,5.784050324578269
35,5.696712873849627,6.1079423912001864,6.399706643181505,5.697744041730696,5.946184536138978,5.753577100492091,7.490099481435182
36,6.032133345283687,5.199630653821483,6.725016346561832,4.276784023581134,6.53497432470604,6.352195116213137,6.235181544734185
37,6.690997235429328,6.83529110851233,5.64140815279888,5.731477547450186,5.889566704690845,5.350878941302491,5.965034518308844
38,6.165404357713325,5.829259249616687,6.205137064257285,5.061698810646452,5.777255465043339,6.097741047322415,6.899061097935803
39,5.875280497890911,6.960127044510585,6.242602891455729,5.062901017797759,6.500817430757908,5.717966847201119,6.301101556493025
40,7.339706988688792,7.022466891264072,6.30901203070654,4.170915277287796,6.183906059720113,6.160947997955228,6.5179019191272705
41,5.978722809975655,5.220429003994147,6.314295014762329,5.600984912288918,6.94336039650442,5.9520200960826894,6.666885618130138
42,5.982553704051557,6.638174750735117,6.765670163982751,3.793731152255854,5.372079753898319,5.51591800380249,6.578565228016439
43,6.320485407016627,6.908647862155104,6.259671386279266,5.796323270354048,6.688894420085554,5.6568399183602125,6.400365365318305
44,5.883376560295082,6.247675626022602,5.938701608767872,4.429421200504609,5.435103159349317,5.9583617985686175,6.997676049143586
45,6.263797750287485,6.703059085474221,6.560791650306477,5.504559616756164,6.554900215618742,5.451370640081755,5.807508152000311
46,6.231708970603115,6.594393925357845,5.8568081415835005,4.972368776840597,6.63868829166681,5.095972313746202,5.537429083109591
47,6.524991051827646,5.993037165708095,6.836114493034309,5.387868817900062,5.738426008084122,6.228765930949565,7.17549870910025
48,6.139222583141531,6.134716127141032,6.59104535876787,5.759219425997135,5.631450314864632,5.525512589532253,5.926218413503177
49,6.752796836944023,7.159807196191036,5.815800513356414,4.284391804735306,6.654415351898008,5.870487590235428,6.676775250671232
50,6.170187576111955,6.705934765976586,6.776238846082689,5.430710671108158,5.800749015049813,5.93196033310959,6.272860933793339
51,6.738385353240038,5.915004361419989,5.51682354425461,5.03261422814421,6.2257783256967,5.875596893628705,6.578997036138978
52,4.7948623373592785,5.645508235620984,7.128032346114631,6.468743623114942,4.998942550932816,5.483543195584122,6.083398965778455
53,5.888812722328891,4.575903109374784,5.6440181321892915,5.087262094804545,5.773418617203363,5.876254171140099,7.0289983405544225
54,6.229409433186427,5.593640366116875,7.390940198970924,4.753243441845517,4.626979829307099,5.237766687563887,5.273290275786052
55,6.421718334387734,7.433999700057409,6.368410457694334,6.00246071216762,5.300563179000623,5.960150261183438,5.295723312212083
56,6.200122422705728,6.733541750958717,5.05290090513157,2.3685778340678727,5.87671761582939,5.061967999392654,5.870022525658282
57,6.274838895354047,5.0806645557259635,5.323701721434058,4.773918382860523,5.098712079179328,5.44870069992964,4.553146701942467
58,6.494849443379205,5.972012747763139,5.390691936030199,5.38073494433792,5.549006562659715,5.6321581117394155,4.972645962359713
59,6.180414778054856,5.197389457278645,5.124525070903548,5.933435041378893,5.278288500670798,4.999070469229142,3.7858903280608986
60,5.710509179511706,5.4342688888036115,4.992418923152928,4.980374511279266,6.255676005080634,5.439071413119863,5.087669066366376
61,6.0881692551445195,5.5528368583521805,4.477405613560587,5.726481190311831,4.909853804799192,5.062351754281632,5.047079718845829
62,5.156821458684559,5.277630800038418,4.960861545692467,4.641193992554734,5.765461957502676,4.542490333269304,4.827500978943211
63,5.7380804419094025,6.068784207854047,4.0566771938264035,5.362693797769614,5.759687802946077,5.901973945648008,5.784824634362267
64,5.258826229709838,5.43447071839863,4.62505749463188,5.150005425485616,6.028120525913824,5.375225046267871,3.6882504947277095
65,5.77225417564533,5.248452401936424,4.5847601294094025,4.535504107042095,6.630542731403672,5.451049910467747,5.622591850204607
66,4.70760270868456,5.319980884362266,4.308793959707161,4.150183264761895,6.527789931780509,5.893665766008531,5.008935265209529
67,5.503568680598196,5.2155685619250285,4.389528340714137,5.250596295245269,5.395528563043028,4.909479068187547,6.387330017286674
68,3.923233697501122,5.950766946447009,4.283602522909905,5.103524468014883,5.639351946063265,4.860747049654671,4.8981494284571605
69,4.432255204658469,4.204136263580013,4.664666792018182,3.6384423195934628,4.860916221178518,5.608154085314506,4.504188790899749
70,4.41041004358381,4.615895140145641,4.211986777031821,4.602001706512017,5.440976061765316,5.182903639154983,4.53534948443867
71,4.09952602230299,4.009964813202741,4.520982143213016,4.499086885895952,4.317792250191656,4.896521965330822,4.490267033071172
72,2.2650790488556685,4.33493507943487,4.837218798568183,4.375945349054234,4.684350621612766,4.743471863081444,5.186505153086797
73,5.530385960633935,4.213274204626528,4.108997621996079,5.258858464660025,4.9772376388036115,5.373855287480575,3.908262487378271
74,6.504443605987982,4.594219398453363,4.565804847232629,4.383517407623971,4.539704382349006,4.871759024284309,3.5679091072018085
75,6.339109496676652,4.395809659317374,4.757427723606601,4.613266453221045,4.790044417880635,5.396155225492091,4.888963258914635
76,6.250411903821482,3.64361404987827,4.952099785883003,4.620355585921421,5.269581346242403,5.03218242002167,4.7969388715169385
77,6.2713277093877355,4.708815801859589,4.219904401776278,4.94124916126675,4.5080901086401,4.468050024635681,4.198429045053612
78,6.612779018213015,4.136288386502866,4.425697298919555,5.287349816430263,4.713779924047759,5.02992293906563,4.550212257445267
79,6.046270707981818,4.621464998977397,4.098785392094585,4.4636758208077225,4.8088005118546695,4.285403666698753,4.318655691174286
80,5.570576158103114,3.798116665228519,3.995500767126526,3.319394876757286,4.203809157080946,3.76540097523655,4.767860665899751
81,5.961782656569428,4.353564101354547,4.366608890784497,5.0991215168709845,5.222739004313575,4.660086847839975,4.153422795852181
82,4.829109982393898,3.9340229167302634,4.173832458876215,4.054698809144709,3.885826561701431,3.578351490893276,4.275456962646764
83,6.180332869983252,4.108909935422854,4.041702671331756,3.872149579179328,5.258751895290161,4.976947276393398,4.4928848339720435
84,6.375760534509464,3.867059581703674,4.246938308185992,3.9566797300612095,3.021436321766438,4.502333815375716,4.712155350172232
85,5.89108555543848,4.447425179863077,3.6372495538404754,3.7721094175612087,4.530079181556911,4.756611314353115,4.160743702230385
86,5.354019724533375,3.735165551188358,3.4829159347516225,4.012332906537486,4.498888120814196,4.526868397782564,3.164111399475532
87,6.672232473702864,4.497483237825903,4.276291831575903,3.9248110643850582,3.4312960803297012,4.705094964787797,5.315321673504731
88,5.130976232010151,3.762310536106601,3.9994585579943362,3.735905159892343,4.22038137388157,4.374420544542528,4.750127319912891
89,6.436470452006787,3.717575518660214,4.5219264707628275,4.290765742171422,2.895232669989726,5.0917765475779575,3.8510910585377958
90,5.792783760192777,3.237592583780388,4.480506340330824,3.8444062560069736,3.647124389602615,4.205503556237484,4.851028631646264
91,5.85890007090355,4.560003988368931,3.408096380367686,4.193536791155295,4.176550627524347,5.675763388707783,3.816428022047449
92,5.911371634042405,3.6800472645702387,3.843482679000189,3.499488326814697,4.478875987953674,4.834898087487484,4.532850160435803
93,6.020676808761396,4.06266653013157,3.145746634042405,4.834398744951308,3.0581654295117064,5.523846091449686,4.1096912204753435
94,6.151664700441156,3.3313345870074764,3.67078531598263,4.608661672482129,3.7616101376212963,5.4488425687629505,4.290841098095518
95,6.433911415100749,4.743062425389788,3.5153443268466393,3.4274992889503753,3.6200075536168748,4.407008068379636,4.285683143085244
96,5.915759788407348,4.162259488464759,3.8659729621995647,4.082415851130948,4.477816671140101,5.109615441430261,4.856463173792216
97,5.618499764155416,4.234486924750499,3.5832833781312585,4.105743294126839,3.3964630260735373,3.7301759214599595,2.8272712482742235
98,6.287926382636923,4.397076161106602,4.0297796256069125,3.145282766232129,4.865773773996823,4.533826299814819,2.8954388334609598
99,5.875711882892466,3.660283993033876,3.458124246389166,4.644474178489105,2.8432284622953934,3.7424794822980694,4.783211121772913
100,5.536241847999689,3.64066692420704,3.272639798280699,4.299256445488292,3.1538299426764627,3.8996818066207957,3.771253798089042
101,6.46495585001295,4.040149542625094,4.020552378099317,3.13709408499508,5.374380911202863,4.138979675581446,3.318497580936614
102,5.518969480572293,4.19567719682989,3.6576156727696145,3.7834197513739727,4.658110929288106,4.378201342376027,3.4709181314861164
103,6.275386714244768,3.55209274050953,3.5343813418325665,3.490388574482441,4.365855929926964,3.421098224086176,4.199302525817997
104,5.406963750638855,3.978686489007785,4.4917690440310105,4.423796488433249,5.0209926061157555,3.6515084579498764,3.0469635328151967
105,6.4787246777220435,3.4173761902475124,2.5018167868097763,2.8112870820874205,4.416711091225654,4.184865782432316,4.271789709451619
106,4.918392561349627,3.554225324673663,3.8939830079882936,4.310863693858777,4.814942850875404,3.9515030675167493,4.106590916826093
107,6.152007202102615,4.009946951910526,2.3032770863686194,2.567326937755976,4.318466965874283,3.5072244493861793,3.0671165130046094
108,4.454190868961082,3.7610280407715475,3.5853668875574094,2.8027335287580297,4.130311132988293,3.29714010272852,4.203819021600248
109,4.582450129089976,3.5528610965294547,4.816328427946077,2.646214763132813,4.971258342280198,4.586044069369863,3.249801059655794
110,4.819912503706662,4.209182541698321,3.8170591936351794,3.1422832534511196,4.091672021216936,4.022876328955729,3.2252586557384837
111,4.563707562531943,3.975589848255232,4.89441523923182,3.5854830735880427,4.6168860763036115,4.612521313873972,4.741053250383313
112,4.574701077485927,4.133601606562953,4.472789698939414,2.8817502939356143,4.3183723040325654,3.402521166155294,3.9478580094900373
113,4.275716286873663,3.399571574354236,3.458555631390721,2.880704752396575,4.228752155675029,4.616758158007286,3.9373145870717936
114,4.846079904620486,3.4886102242454573,4.669825345411891,1.185913614838731,3.3783074886249063,4.387471710857535,3.9487666144554168
115,4.138161223319116,4.037265019107846,3.0336864739903486,3.620059269747134,4.607464995973911,3.894034548856103,4.38387241519701
116,4.594316526424908,3.4703464975391056,4.118541863624905,1.3513789548181838,3.6295943178361765,3.512264949002865,4.30924958288599
117,4.336275069401806,3.976819182834621,3.505103349629204,2.1495818619945246,3.0824778549014953,5.022941397239538,3.3751655086271497
118,3.84055605601345,3.2712437583072873,3.1715507827517433,2.2953565723733518,3.2716008088891666,3.5919356793200508,3.585639987058843
119,4.987973872539539,3.8322918435898536,4.306659930917622,1.6421338109658805,3.707964691526089,5.771357478208095,3.8231752514698023
120,4.5501106203350545,3.9520685724372364,3.656332754313574,0.8062983711970769,2.5148927896854922,3.6426604561925893,3.969067241979763
121,4.197385546523412,2.8806082954045498,3.3661747917945823,2.3281363091447087,4.2625098995717945,4.28329880834614,3.873748294989727
122,4.2266834430278335,4.2189397468044225,2.4837990321767736,2.489270566270114,2.5196014984019945,4.040511525466624,4.713728383179951
123,4.698594130559775,2.2290006664742883,4.338811137493525,1.9045356965424052,3.7990026519044817,4.10849514235056,2.4004271938264026
124,4.59330483972391,3.407583860940413,3.3575230889892267,1.7133504067925942,3.3185218191138874,4.164258375830946,3.0075759693249697
125,4.187978839851682,3.784631647782132,3.2465175613496267,2.103758955681072,3.3587339638929654,4.321012052243336,4.334452751948943
126,3.933831725300435,3.6467332363241587,3.309678924878704,1.2478737927209225,3.756551776712393,4.191817730700498,2.9774830124935248
127,4.816362107521669,4.016750654460338,3.757948838190224,2.8725807889184325,2.8679612114005617,3.9721630364903486,3.3220256066907234
128,4.7334292278247805,4.6689954087424015,4.3057162017512445,3.017009555566251,2.85277541791258,4.383339991468678,3.11251349236351
129,4.005751361004732,2.1113829782396047,2.133581279140911,2.223685797993214,4.012432077517872,3.5583007461975096,4.084418050868929
130,3.866863881135179,3.8769570357552303,2.202853768244957,2.8971966810134497,3.967862145577647,4.2099167950216705,2.415409465235428
131,4.349920240094707,3.306882934176651,3.8292531205901623,1.5270140021086562,2.966433870654049,3.756524649284308,4.201595263228643
132,4.470272936765316,4.013407020130015,3.4656533592474448,1.7869477771280824,4.543603233959528,3.8047936462488776,3.997016305502366
133,4.450442729198754,2.3274884730316323,2.5242430232297632,1.7042422345664403,1.9590883029775865,3.812354220411457,2.7670280152419036
134,4.740092258308155,3.5535251014508087,3.699804757604981,1.5456524654266512,3.5964649288724178,4.143193901425341,3.661425816302491
135,3.6286549225460147,3.5429841451623907,2.5401737808023674,2.6539081878513713,4.446699521696076,3.7668721958716076,3.779131541635301
136,4.170211391168244,1.7992687761374229,3.0581356606913452,1.2193194156757192,4.087732937883312,3.881800813299002,2.5258154578540477
137,3.677268887301868,4.18484996414894,3.4384605689541736,2.4979918464979454,4.462656137333811,3.7804295047288297,3.385372981531443
138,4.217137932036054,2.677721445967435,2.5715888663085322,0.999050564928084,2.9607952080457043,3.992059581703674,2.487275517063075
139,3.666986233735928,3.0320600323684306,3.8448202028372993,2.473323392030699,4.608314063298569,3.431749660499689,3.13895135138649
140,3.6718238822531766,3.4456590876791404,3.515930757572604,2.08049929495735,4.006268389570671,2.9000559448490044,2.6686321565379183
141,3.5465269676954554,3.035818459771047,2.5750565081799497,2.179653222040973,3.8683866426380455,4.617666938235117,2.919772607777211
142,4.275449564257285,2.443022827102615,3.1847165152095274,1.7260746418709851,2.809371970539228,4.105466283870174,2.704378149635679
143,3.7195263527928386,3.9546116157974485,3.8454429545311317,1.5705022468044227,3.1104675732681817,3.3698137207947707,3.2391033651590253
144,4.657519143181505,3.417793799974533,2.973258499009342,1.4903343922223558,3.4721987590747814,4.098168346306289,3.762005376917433
145,3.054106424654671,2.557987590235428,2.8586333482871735,2.6157592250764035,3.2861203065884204,3.4251367262587182,1.9625033824767764
146,4.098986200185181,3.891865395865565,3.4134280160404726,1.8325343280289554,3.956082413311519,3.80155105064533,3.3233294509522415
147,5.05290583739122,2.8255700491116436,3.193550143308843,2.7204680389503757,2.6781294390336865,3.4819284862278987,3.1347436776901016
148,4.24609375,3.0036920897558534,2.910103264506786,1.8151748724117682,3.1616845421459527,3.6229739852057294,1.9878537757536767
149,4.551716136151494,4.2506211318059774,3.798557914749378,2.595028832438358,3.619300778246513,3.9452950618287685,3.7948553620907854
150,3.5663091220284553,2.921490223606602,3.6784546777863634,2.5528756454498756,2.0092479980506246,4.165330621677085,3.9784636610112067
151,5.245838934911768,3.479804497220112,3.388257505048692,1.187762636598694,4.318965111643587,3.9532309709864286,2.324466414557288
152,3.3234850950600867,3.336635009234495,2.9702569432194896,1.9910729794219195,3.3090218952258432,4.20589104661924,3.7539284451684325
153,3.2772564865477585,2.7956286503703636,3.8242267467729123,2.435272753994147,3.3910471914617712,2.964960607010152,3.253149203124784
154,2.5963365874551063,2.8186735524665014,3.3296333878448956,1.8488611711396672,3.8984210833331887,3.221979914429517,3.525273169606413
155,4.355069775211081,3.491880122539541,3.1167864822022406,1.1414919286168752,3.9008327207628293,3.014494661138544,2.6345864136944
156,3.716735892733873,4.453628078028955,3.091367109886302,2.034628758531321,3.7794995508369875,3.2614157064157565,3.7714837766165643
157,4.202493405291284,1.557537745558221,2.830183672865443,1.61157885407055,2.646926295500378,3.501706729805667,2.254399711368186
158,4.457301883371607,3.802873602441035,3.6801827565184926,1.3154449073999404,2.7248847653688077,3.357475283614199,2.8062825529137014
159,3.424696075121296,2.919009184016937,2.675494623082567,2.054877246804423,3.0623084580452713,3.199275646248446,2.567140152798447
160,4.1128192499361145,1.9523184552658157,3.6582694626467633,2.218309173600127,3.515605095698943,3.836768706032442,3.8908628000379846
161,3.956369886470922,3.593323547258097,2.408643776137423,1.5143252417561637,3.3712442865857435,3.182584952549813,2.201231660499256
162,3.5969924203410972,2.835695190823349,1.7292661197277093,2.090228949514383,2.972273341352992,3.3159407623018686,1.8018276377810096
163,3.879883235620985,1.4532190634582836,3.9570827908678092,1.0866184173052336,2.8199702461970775,3.7145209773771493,3.464674578476154
164,3.8867013118287685,2.5845443492774,2.331422025722167,1.0602889953985073,3.834114584163701,3.0220915562689914,2.408535163758719
165,3.8821194999041717,2.7472904265082185,3.663024532112888,1.562959358671609,2.9958903005171273,3.5361496522877958,2.0244407668070994
166,4.22452806531183,2.627281253003488,2.329877740030388,0.9338890446698659,3.540788360460838,2.738878989870674,2.5682096846562263
167,2.7936260275113947,1.3621790600710502,3.484638833365565,2.0952633201045474,2.803605214372107,3.56958870957939,2.8220444894873604
168,2.5066714503772713,2.570812090394709,2.473188075344895,1.4519589385541118,2.571101008179517,3.3806542330331872,1.323226193954174
169,3.497404817388545,1.3472000284377361,2.534819526840163,0.9076651706285815,3.7156496963507486,2.954120693155172,2.7015763804320057
170,3.930993810391344,2.818048509905293,1.5753791055403505,2.081868630623662,3.553938873018682,2.7800849600585327,1.5512233457628284
171,2.129195766168244,1.844399703859468,3.5438763334609606,2.124388134329891,3.233031945519804,3.377472021312331,2.524865001277711
172,2.8480478263994407,2.9831044121930894,2.319952560167311,1.2132682508624555,4.162483513228209,3.2943779668645092,1.8813177121671887
173,3.8714674651072243,1.7424480935898528,1.9056843198170623,0.75373954460598,2.1340373254407243,2.667477827357724,2.472097545085555
174,2.62318959007528,1.8875955431361788,1.9012277847965147,0.8824201499546738,4.307769942357035,3.099613708876216,2.188956248593651
175,3.6607188656696765,3.3020491964146346,2.9122982755624527,1.8923352174399128,2.338316479358468,3.102029855444523,1.9642661622889177
176,4.442416492075592,1.7724543853524921,2.413256378386801,1.0021781712678708,2.9102724360306325,2.9788476637587187,2.1043755783483826
177,2.3336556486130773,2.8642557694911592,2.5032340004471996,1.8747478989001287,2.7479709206924676,2.9405644058023683,2.0984170323679976
178,4.799821950408781,3.2045263953540473,2.4857649109468882,1.399324756038918,1.9800662875768353,2.6081939665127063,1.544400760416378
179,3.9557746127300746,2.0505149505046085,2.5618302165770253,1.4862521706924674,3.904712266455729,3.297927341545082,2.054017118193589
180,4.154069785723287,1.7032523199128902,2.0854872322018085,1.675150078412269,3.4930718667881067,2.9917193709095913,2.75418572638649
181,4.10065491653904,2.8806099152924056,3.077027917593152,1.4993371918455178,4.0452803702072835,2.8789155161358675,1.0060774459993782
182,4.699095340842341,0.9305400549589051,2.12073176715847,0.9335083542941488,2.148367499456539,3.1029325066458306,2.2262442365158153
183,3.605854372635369,3.4188570275433383,3.0058255201619577,0.9212805725011222,4.444463432675341,2.736664497634936,1.5315276086400995
184,5.039306852185493,2.166996521376216,2.8684772184620817,1.5660596623208602,3.0446303158229147,2.7524942164807644,1.3238627209225418
185,2.4989302202836865,2.266456804415878,1.9898684814032386,1.4509784652988804,2.916325293327835,3.0386237166089676,2.74800290778412
186,4.99192035426264,1.2862414248787037,2.7998607375064744,1.3044226451300143,2.3724479383624555,2.792679058569306,2.4295659585887313
187,4.435186088925342,3.4939110695934628,2.81690975114994,1.6209385290131393,3.6432928971432754,2.8665255380874877,1.6568610920242235
188,5.097339606403673,2.3286564022239107,2.015034060135368,1.2294632649216093,2.145785844261084,3.0204343243222933,1.5480010775813229
189,4.347027296683559,2.994359294382814,2.554734531729142,1.8084703408423408,3.10174629304035,3.1476307800033667,1.7423172860427165
190,5.123413790101181,0.8083736359917807,3.4354799389698005,0.9939094497056065,2.4595157772239107,2.6894757432894174,2.812832038758719
191,3.8420130782529878,3.9258060865607085,1.6243911988431519,1.0744694790705496,2.8521195850265895,2.9042129239195544,1.6995413473604002
192,4.074149347839976,4.816321627940034,2.635276699801868,1.298036377044771,2.126577366883935,3.128298893468557,2.033020002939169
193,4.588696323492214,1.9442433186671224,2.36429991196949,1.5189530639054827,2.8788288510670617,3.19284319267603,2.5750257178551683
194,3.1572156764762767,3.0464146198239703,1.9011450304829403,1.1428754626787065,2.802610965842341,2.6285605085628303,2.6774606771151315
195,4.624048697181694,4.271005112027332,3.4794139423250923,1.0239890543835022,1.6171448021470736,2.8094838952897283,2.0243262006643232
196,2.6313080229103356,2.4972587899414678,2.3088654048760273,1.5428769774090925,1.7967084698684304,2.8373391432125823,2.9149199872185565
197,3.873628373466313,3.4944272519174326,3.0098175889887933,1.1248298069717337,2.199475432834621,2.9170297778308236,2.6284734203730404
198,3.4977776862537984,3.0761882916668113,2.588238657304545,1.0894376246801387,2.8084212661043577,3.035102067739915,2.0362457587549208
199,3.1891102002175575,3.36354363874016,3.0561205319207985,1.4972313119884821,1.4785413078026788,3.007749897846018,3.2691123709100247
200,2.557049041187236,4.035134054831567,2.3799462608959527,1.4217971779460767,2.210454574130637,2.9271393491176863,2.814416380911146
201,3.6911688730830003,2.2901353442295744,2.9548674523900993,1.8252000694972015,2.3864306784571614,3.167933873657537,1.916108243832878
202,2.3476794666728535,3.4355380319851174,2.7704398549653804,1.14969251738207,2.9494760312180572,2.714553037064885,2.4946135110876098
203,3.8697498492778335,2.308528433857657,2.7789876297931495,2.0498710251467633,2.2863835415705496,3.1069810486001264,3.0878682545691163
204,3.077467124105169,4.285947574834244,2.935334159381259,1.8451512200915976,3.1046453654780195,3.3225956207498784,1.43599288151806
205,3.1263775802977585,1.936112555182938,2.670582217024656,0.8358621440759029,1.448890869855047,2.9393681524151343,3.667251934847884
206,3.240989378866376,3.3915629506647558,1.5672281898965745,1.1370245075726044,2.806921546011895,2.937488938713825,3.1991066499870495
207,2.8375787384008726,3.3679846033358656,3.6716752134138226,1.5911673233001244,2.2101609719447106,2.963643410595085,3.0407801158293903
208,1.9778413324383588,3.4419813715812566,2.0415743299144453,1.6191311836016815,1.780869134361833,2.952344561189479,4.004549752236861
209,3.874812120941967,2.5068254745972616,2.736478836848194,1.5819846413918435,2.9410391596363668,2.820104541378461,2.808907927466502
210,3.7080628410020546,1.231154351706351,2.1345699244315055,0.7052528997630179,2.9119689507920943,2.8656857368986963,4.200961202390101
211,2.702360977856292,4.327702633275778,3.456450773038106,1.1784754283293906,2.3742667681810716,2.8463205939092813,2.3726179561282708
212,3.7262972220090296,2.4467843190184917,1.445541033902117,1.7242321722585294,1.3906500844192435,3.364992313681883,2.8656694954943362
213,3.3458661674973236,1.8128677613431519,3.373711303042339,1.3253111480057314,3.4006854965488813,2.9597540003828797,3.206656936509341
214,1.6915463236830048,2.1665291659316943,2.509129098031632,2.4906314820425277,3.417306364966502,2.7480099556486963,3.0767209632536767
215,4.3177575491116436,2.32972966957447,2.286676122252055,1.6942252821124555,2.598373488273102,2.562273756965258,3.3447374485237242
216,4.3896954692291414,2.615309730924097,1.6429251358001244,1.4859521916214846,3.1560243553486944,2.5481269528688077,3.1137099936092785
217,2.9083869180403514,2.3760315910020546,2.241245040196577,1.8875222302209231,3.285683741468679,2.758839406600938,3.203285999488483
218,3.35887030208319,2.647086200888355,1.4115650437435252,1.0493197186217955,2.8894837751148206,2.75713080904888,3.117798168903239
219,3.3664507805468253,1.6714655623083432,2.2806095622764,1.2053099712739128,3.2796145401007486,3.0728736525109626,2.841139422226154
220,3.0028880111514953,2.5302839004027393,2.76640526354807,1.0455746433727289,2.8203262752745344,2.970237038918433,2.880608470667
221,3.716344739455417,2.4691881850075967,1.2984895340937737,1.082122248945022,2.2458621515846224,2.833782370142532,2.8517536914298285
222,3.0387313074832507,1.4860024631263382,1.3948807269299504,0.9588305986385446,3.9429563141934003,3.0112179628384212,2.9297741650688054
223,3.7081585243481947,2.333255652319739,1.9658455721816939,1.6593207826874252,1.268203590682194,3.0102695492709244,3.2820118038724178
224,3.3330107017508106,2.2516011819402233,1.9881215198744722,1.6857951379407234,2.047995722200686,2.6702364755874877,3.174478427242903
225,3.403212298504731,1.609508448939413,2.350479791251122,0.7804562090359298,3.0100625395577216,2.6515265671006274,2.553961666570549
226,3.529341440599316,3.4326797896539833,2.550051505815318,1.842349874008908,1.6930544636693656,2.802717783070738,3.4303675710632633
227,3.1057393833716067,1.1296448371995649,1.4048787965872986,1.8448435947726023,3.6734741389313834,2.930210307067562,2.4928322715998164
228,2.182190311637112,2.5872000910339974,1.4001887954049828,1.3995502254277732,2.472620527415567,2.8251088952897283,3.3033027691712973
229,3.8320614419413466,1.9434639013610226,2.4006791196638244,1.6490699409506866,2.6373474554579057,2.622163777574849,1.6067525146980097
230,3.4218596048376093,2.841263429767248,2.376754783039229,1.151101734246579,3.386091664429951,3.1727185366815718,1.501214362537985
231,2.8839149377874844,2.126619466353425,1.650781778278455,1.1778042002810096,2.125064893021358,2.974648409956229,2.1944433531118324
232,3.9635033369120793,3.2746976249041717,1.678942360652928,1.3716181769554177,2.707158146791906,2.8788034161229183,1.4128666697337513
233,1.6681371478779599,1.2376545875509353,2.0965111143595903,1.1381953260156936,3.493174948523724,2.547860828635868,2.9854252985362404
234,4.192017940407659,2.1422354480760917,2.472277602633125,1.2546933135541118,4.062188711784309,2.6331915704878597,1.5757062120394185
235,3.9936667174079696,2.78163970865305,2.303000076111955,1.647354791251122,1.5117360129087813,2.884987008371174,2.3662054068569125
236,4.492089350524036,1.2340045972645717,1.6526262908997513,1.226702748945455,3.7529539256772733,3.0088131254148234,2.0233833177399156
237,3.0259988277734124,2.289291880144086,2.1590304202772117,1.4517129664807635,2.9498963549334385,2.8472774273706745,2.2300457848923436
238,4.186948270354047,2.0630650817995027,1.559080411362144,1.3636604957503111,2.932014340107224,2.766451696893776,2.229371069209716
239,2.501276964691968,1.443085078731696,1.9814219205646961,1.9211109778562911,2.79026308726345,2.8373684889119577,1.110285472711771
240,3.478512137365754,1.218009792912579,2.0616269423566025,1.3826375499745323,4.292900369344396,2.8436982838697413,2.151596567644087
241,2.8180242717280204,1.2111252037955822,1.913599478431694,1.2710698297862408,1.9101160182769004,2.857083108831324,1.9295480972965142
242,3.429524457502676,1.4105269005939625,1.2316787786617684,1.9682333945550445,2.717195426667933,2.710008392350127,1.6451096839530521
243,2.5207749582373604,1.155862757476776,1.733000308953052,1.6659942760735376,2.9601151369824406,2.75703103968506,1.8097079200531794
244,3.6315856315504353,1.0206441506902235,1.3950020930787688,0.9976288421519945,2.062840035531632,2.8068174427718584,1.5286463974946467
245,2.316010587582878,2.3044399080387965,2.3764623776201743,1.1555633767892288,3.613507317772291,2.6343515029072266,1.6414586721622682
246,3.293000984950187,1.840876362506475,1.7749300695615198,2.3332523399479435,2.394691826367498,2.6641044242070397,2.2567862643785817
247,2.8146627761054805,1.8687677561347464,2.2230071715553557,1.5147324611765296,1.7618926785210476,2.7672726152859304,1.2500306150623308
248,2.9292175031632013,1.8079567999106465,1.1341176136244724,1.7353934867070402,2.0616205654715447,3.159189975140287,1.312095319305545
249,3.3311489262207346,1.6177581124425895,2.0087186388355542,1.786866890560898,2.142469512621296,2.741544844005109,2.4633684433472616
250,3.208393435135368,1.316663531218057,2.12846006821949,1.2624522296774625,2.0985188447406595,2.9651376000444594,1.3803863136499401
251,2.581547901009651,1.379079755400062,1.4905688798885444,1.2971247075661296,3.159610897239105,2.740555352472545,1.7090268975904745
252,3.0844568379666244,2.4180892699068477,2.1579631066907234,1.2000485114070372,2.2014266900882316,2.7542124306935896,2.575575404492281
253,3.2212696514249073,1.3511793434944581,1.933363596210028,1.940934633275346,2.6639083005175603,2.823790254249256,1.0194265483765272
254,3.0112586176825054,1.5638180426570378,1.836735026456851,0.7415885633624553,2.483444622987171,2.797714625926341,1.43713801715847
255,3.2372972891105225,1.443606791698754,2.464006414941035,1.4691820559810744,2.1508025288214827,2.9969491942097153,2.207973534540973
256,3.294040995846139,2.3028713115736594,1.9078793308727287,0.9880397870653183,2.2345639005624527,2.640257063394398,2.0129415324318827
257,2.632133275178706,1.4351234867713583,1.8867062440884201,1.250715618385246,2.1120320111195525,2.5766782654007514,1.0592500060069752
258,1.980640810774657,1.664869044734184,1.4339876172668151,0.9490158989005616,1.9266939409830621,2.7382617688199278,1.6827985144105244
259,3.5931510633624546,1.6247729107232884,1.6814794502490673,1.458843950792095,2.9340368672672485,2.6267605615408507,2.270420549047758
260,3.111059111516249,1.5261191724178105,2.0503919644679347,1.3845245851863033,1.781248555374594,2.7107880575147614,2.080294152990537
261,1.9146261371740971,1.9835928687055402,1.327895867714448,1.0955692529396022,1.764581078348816,2.583621370654049,1.9895953819018055
262,2.3984861516169977,1.2672806120588431,1.4759957983126417,1.3523128194652583,1.7720490336785173,2.8146691529905374,1.5512461393146963
263,1.9642661622889175,0.8208299516869254,1.7571293644234747,1.2069246806301368,2.04687602150442,2.853135182482818,1.7108551688074105
264,1.601649165068806,1.678069055150995,0.7306931978844349,1.1058636387712362,2.8489982829757765,2.690304060071049,2.226126182738793
265,2.219943188873972,1.8749636790321322,2.585151705808843,1.2235024280738485,2.3754203237153813,2.5215283422158805,1.7047206512971367
266,1.8129944828726072,2.3582046046778955,1.215505536650062,0.9180053188264028,2.5789301001087788,2.5989077797478224,2.065486583748445
267,2.9619770877749674,1.0817074558727284,1.6344572260351191,0.6794934919154452,1.8560005753448952,2.7070850817351837,1.6037441589021164
268,1.1334804882726692,2.0033658294987555,0.7475386894489433,0.8518101645572882,1.9179919666728533,3.015173710697388,1.877546355732008
269,3.6619198760541107,1.1279405735237238,1.775424304575592,1.0627944484278957,3.099679798664445,2.9252170144424685,1.4144442118801368
270,2.4985002799075375,1.8701438918070992,1.6028696566333136,1.190345911682005,1.4751853428232264,2.9059479779201762,0.9107455699767761
271,2.576752775082878,0.8542462154266514,1.112110679415445,1.4349210587929053,2.621992913567061,2.9055389633495046,1.6481251902798877
272,2.9792388170371744,2.3632629655867983,1.7773803188264028,0.9182541801505619,1.1032101152859302,2.856519471657226,1.2485832094835625
273,2.464605176316129,1.40447964653593,0.923728355636179,1.1098928748079102,2.500604715139167,2.723515780227398,1.4801999843747837
274,2.3272197074064156,1.1761445022044847,1.163753079530699,1.7446535675482584,0.779956020257786,2.9823652266100895,2.1790548837868626
275,2.6659456244565396,1.3396829983700522,0.8510403639119573,1.6012021370463259,2.5012545942610847,2.9224240882536763,1.5526996739199874
276,2.8705865859533635,1.1146701394424674,1.1965036458651317,0.838661271887301,1.6632494031183083,2.6043765998528032,1.3399844220664399
277,2.7516966900239126,0.8450397184620816,1.9289651542047954,1.1782370299079699,1.9905614814990666,2.7477358346428433,1.5814706773391647
278,3.0895829811476965,1.9632167099946467,1.732495611036241,1.147888061221423,2.0649015976478857,2.9099345161039256,1.6225947394554179
279,2.512513211943589,1.4620612867139477,1.9981039465108956,1.3806694529331267,1.4268668479996889,2.856489279715881,1.8536955072851191
280,1.8024411959350597,1.8818170547033635,1.6567847145957062,0.73572961148344,1.3371436179065372,3.0137858427593396,2.206520175198132
281,2.6428621105251566,1.2843753880684947,0.8909794091896024,0.8129599570550445,1.7168819201809504,2.93221395143095,1.5573582863940867
282,2.003324153150251,1.6857450416983206,1.237933217695455,1.0376024132472013,1.4412754424528638,3.0191454521021814,1.8727023303297012
283,2.92462258694359,1.6952772005365522,1.1910939402798881,1.2672335803297012,1.8342445454688678,2.809889422226154,0.8086853473284579
284,1.8569449028947087,2.3517801478783924,0.9715230218877334,1.4357608599816958,1.9596753320869877,3.0760111233700522,1.2882356278437737
285,2.9246162100585322,1.2222049606973877,0.7915131723858682,1.1590591675931514,1.51035163260498,3.174078854070549,1.433630318826403
286,2.177122684592341,1.4522548316074129,1.0224529407270868,1.4180697887267764,2.3444123850334977,2.7316683157590287,1.3511425994056043
287,3.2359503238750937,1.760946307962393,1.3586060455966393,1.5023079573105866,1.5213192894938354,2.709685619727276,1.0296268707498777
288,2.5520399302787657,2.653603699641722,1.0668136446828163,0.8554716392508105,2.276000870782254,2.620623154779766,1.1476030541918454
289,3.570858874265316,0.6669722831989425,1.2373685590169379,0.8514641752615842,1.8799343533678083,2.5395664242709244,1.4962775430403505
290,3.180139635544582,1.1266233771086567,0.7488885439351814,1.4553015513800147,2.2961472988241587,2.8597267677973246,1.4576324775049205
291,2.340010280131569,1.8604135662705472,0.8910274624231646,1.5473969608255913,1.5162906974052934,2.9189110345409732,1.3944577618222935
292,2.1728515625000004,2.1207923263036124,1.2935303441652561,1.1848884007217337,0.9545138894424675,2.646501637908781,1.4966851129856167
293,3.3790727801315694,1.8160354241435872,1.6925290152095274,1.0858839161233507,2.3427149213636986,2.636684296778522,1.4970701372375497
294,1.9394346653243486,1.7374835482806985,1.3538437530034877,1.867389577453552,1.6340913324383581,2.835392993481074,1.5816281891934003
295,3.7650991284191764,1.7360262781826266,1.3598419323235373,1.652517255400062,1.2590457453346218,3.0091414286807607,1.5141451842085945
296,4.3530743754791414,1.3423360987343727,1.3760145759518085,1.0193953349307605,1.5246350227501888,2.7691241031757183,1.8294539286807612
297,2.187112757476776,1.608612597744147,1.8015586242972585,1.2902620657590296,2.010220649795393,2.7690175338058562,1.9591993814861168
298,2.794365636215381,1.7697062000254677,1.7072903989644472,0.8764305657909726,1.6042679874740995,2.8817004455517448,2.140980853815007
299,3.502848377811831,1.881696534796515,0.9359766401136994,1.051041420468868,1.1185932292302634,2.659144811157537,1.3751883021790172
300,3.117106788695266,1.4535397930722938,1.631308022910336,1.1667938455392288,2.0787956296649455,2.6476704133430293,1.478984848190913
301,2.9980620948999404,0.8560348533039227,1.6321262999102133,1.6640341758050445,1.7050571991945225,2.787695207342529,1.932731753642776
302,3.648818190375716,1.770218296331756,1.755781552946077,0.831558611770925,1.5047781108765277,2.4543194582369274,1.1664799159312607
303,2.7678838825726046,1.2529325767508106,1.6443567230955176,1.184912391040473,1.2551503813583458,2.5494466154137014,1.749987070967435
304,3.316821641455729,1.352476037225032,0.9158524072402263,1.2892189903498157,2.079846103463636,2.7134828342275865,1.4793835751212963
305,3.1526673688648206,1.5045551076174972,1.3700705788918435,1.363094815567373,1.6032809620713613,2.8290508678741615,1.7425021005874877
306,2.6472367374740995,1.5537669875064752,1.2648178568823805,1.113318840330823,1.6366922935514348,2.708014612506042,1.2269093355376741
307,2.996401550581445,0.7938034436666891,1.2663863807514326,1.2468198312879848,1.862775530578768,2.8943670107358055,1.1843173651581589
308,1.581619594037052,1.2776365785400394,1.2611477144364251,0.8446331700212361,1.123630241212704,2.711796431843963,2.215761621101249
309,3.9706242814416566,1.990199250799002,1.536576776009219,0.7923956714275845,2.3654920793390417,2.9765945596877366,1.2672539077517442
310,2.540087961975532,1.4553580245074753,0.9293136096303258,1.2925656891934008,1.0500336445231022,2.7324935680274,0.9964034183278356
311,1.477689000702308,0.7892785279905374,1.244592760544582,1.8618807008879226,2.676124773165878,2.7486832267059174,1.287857403597883
312,2.2593931792557314,1.911089093142654,1.0996251932833756,1.32656345139944,1.7886886096303258,2.9707049927463896,2.1117172352696145
313,2.2155201581665667,1.3880963302977587,0.9396354734149451,1.4772405280544232,2.558715291411269,2.8691681755490688,1.718531330617187
314,1.4269256119945246,1.6936548449323159,1.415309695871607,1.0287895356909125,2.064938940120174,2.7366045368732284,1.781404622603425
315,2.8854580267123935,0.9386043055338757,1.755999623945455,1.5254511841451421,1.3171169361255946,2.9451264886883575,1.5783073484149452
316,1.8968098616112112,1.4721113203600893,1.249846223638545,1.401834966065508,1.995344699897696,2.8616139782715466,1.4305628485107735
317,2.3811739755874877,1.0029910928871124,0.8004223316717312,1.0659218795052312,2.2313816888415974,2.9260894737024308,1.13740230869751
318,2.242366783901684,1.1886960781247835,1.4161324820101517,1.3607579356783956,0.7803779638610222,2.810914461080701,1.1715818209350595
319,2.6216294861001264,1.5983689791344355,2.292262996134057,1.0304697364519304,2.9775721436921563,2.595835800293527,2.102122649539851
320,3.1122648788978857,1.6647910474178114,2.082046046778955,1.1990407354612709,2.510340148197821,2.893391469740227,1.4285571611385444
321,1.5611435933662539,1.4043935798505593,1.2158761872440245,1.56509543046999,1.3319103069721665,2.84130739698313,2.2552807657844975
322,1.6911321289941468,1.5567550158803254,2.0235350510925296,0.5848839616880468,1.5308711773706747,2.837513246996079,1.569162432099938
323,2.875918469484684,1.2712338937879855,1.2331955864005621,0.6428814164427785,2.3229508035853663,2.881725705233441,1.6180443888351215
324,3.088772525658281,1.420407690120174,0.950569450728209,1.1234318992519325,1.7243163711975102,2.7457237703855575,1.2971530317610847
325,0.8303947685963285,1.887814635639977,0.9085776863491939,1.1196927777669377,1.7687840676440876,2.661075142605669,1.9591334669603384
326,1.2370273267184348,1.4428889550422168,1.3283282742204232,1.3638715914811963,2.258714728080324,2.7780727205387947,1.1798905989579724
327,1.8333620464271516,1.1571594512073504,2.5310615225585322,1.5891893617394153,1.6007023713891666,2.761916916698321,1.0215482465169374
328,0.996811411394087,0.6877700349881712,1.975334610046015,0.825338027575281,1.0549645102566638,3.002090309432194,0.8280504903178728
329,2.4367770558213606,1.2946190066782064,1.1161138095284555,1.030568309048881,1.4714897654331267,3.10799231218014,1.8483016199832518
330,1.6338985211206738,1.4415311037830645,0.9371425262971366,1.361128338413823,1.2702137871930892,2.7323011798307015,1.590139643053301
331,1.4714039466062907,1.252001601354547,1.8872427538344327,1.3607326759967018,2.7612869418774593,2.64793280208319,1.1597297972580969
332,2.1547227293584683,1.0128538458586567,1.0950719534122686,1.198099297162269,1.4396716191203633,2.5880064605057314,2.15927723859253
333,1.2116128866621463,1.287095424463015,1.2087463996995647,1.1001502186222287,2.0377953998273353,2.6351054852691806,1.2342236897683703
334,1.194480520321671,1.695017876309654,1.3283291204623924,1.3036161003958304,2.0213053389568505,2.9814535571314473,1.667974105380637
335,2.6758143311921567,1.1691604942485672,2.090503070520236,1.3016512431301372,1.991024926188358,2.9999924263480717,0.7159842012392932
336,2.0510319790705496,1.0849133073874224,1.6285184090933404,0.9426047942546094,1.3839252254277732,3.0391278161423427,1.2573885133879228
337,2.4585916018336893,0.9643365859533631,1.2815310962743456,1.1904052740602762,1.6491592474117687,3.0620402908034894,1.290116286170488
338,2.1878523661807607,1.1743084094770868,2.4716599584613927,0.620918201591097,1.6515039488112093,2.8670807553676863,1.7266713602372386
339,2.193132708844274,0.946259293679639,1.194172719740226,0.6439442208905994,2.104852973574659,2.7073171032715475,1.449574180694022
340,2.9397134707313177,1.3500247664557288,1.0662937268660646,1.5532191686157537,2.5285125254342486,2.721716679447389,1.6671601622569752
341,2.0206062098344995,0.888716863720301,2.17311853297491,1.1366922935514352,1.087519376022602,2.839557546203552,1.2196927076619575
342,3.05253994379446,1.1455864807958929,1.5709083721242836,1.6399909391614578,1.174702452006353,2.970064131901806,2.071753353431261
343,1.7792981443629545,1.0185224525498133,1.1742652885031761,1.5700184746930894,2.0234212585956395,2.7722852138286465,1.6269149362857411
344,2.948136464372107,1.4007117777349944,1.700073347967746,1.276854271983129,1.9046898960248457,2.77590849980791,1.33017465458811
345,2.122089443155171,1.2657270602311963,1.2205053814226645,1.4802254193189281,1.9367996015146944,2.7829768819652587,1.8418235793070994
346,1.541727755751,1.085530951559154,1.7479318857362387,1.1060233688967636,1.3616999723608332,2.865158843813452,1.2732445134198656
347,2.654876155195022,1.137427568379204,0.8431237606719203,1.1749151676250944,1.5724935605186818,2.8837110651836273,2.27114927172802
348,1.1066494329623928,1.5433593048950198,1.3258649206605246,0.9349483614834403,1.192634139953985,2.775651218589853,1.6692013969511863
349,3.6338638200406614,1.6481003537191794,1.3591889886883584,1.3147030078285797,1.892922494407848,2.733431941813142,0.7443313933088432
350,1.5632698006453305,1.2054721675292663,1.2756314895512464,1.2396087340553557,0.8656610756004376,2.771962616468246,1.908751965395142
351,4.166493618609712,0.8969086094706116,0.8677946812689922,1.5493786578790822,2.5529446244889162,2.7879925450212357,1.9484298912955824
352,2.740864948204296,1.482084305598194,1.4230998254407239,1.1560416182574746,1.6712651773387313,2.583007637237549,1.4077713168774604
353,2.51047793101345,1.4412931284826294,1.914726329658903,1.2262165107042964,2.4785597674783313,2.742235377971111,1.3324415339336262
354,2.4822925120782693,0.985847242139478,1.3511181859658805,1.1403114935130174,1.8970320186282712,2.7366287750505016,1.130163733511895
355,2.3742439746292043,0.7266877769040498,1.5687166734404128,1.170341775594396,1.2682017229358036,2.819634296683127,1.2438192970025546
356,2.7903255141549828,0.8824540047927162,1.0298003761499401,1.232643681492159,1.1725649355825671,2.7837289965808236,1.6466102502874849
357,2.8733893766614576,1.09182562231594,0.7963777004726664,1.2255879805088412,1.4323102331605249,2.8377530900429044,1.2035997538339995
358,1.6322423106783954,0.9959637886948332,1.6960282936476971,1.109540931748134,1.4158663577772108,2.9475262185898523,1.1985647848604002
359,3.4869814917561643,1.0302812590104626,1.33151608918045,1.654229938969801,1.2962329423885448,2.8548940515397283,1.2353653377745344
360,2.055323005463948,1.3679944678551692,1.5061641110681838,1.0204263275493801,2.055134104901495,2.6795906198869894,1.6405697962354946
361,2.2395520856654456,1.3712785645447712,1.0026738509073487,1.4765555247315074,0.9236932314351814,2.7596529266036134,1.4258307478589674
362,1.82578216634695,0.9594131186092788,1.1971030056236618,1.2658420494949574,1.452156259010462,2.608910781664823,1.5155897005365522
363,3.3595450177658157,0.9838489531567265,1.3534396706924676,1.672157964020736,1.1147569797737238,2.7551791286742855,1.4307041189606493
364,2.733711593462082,1.5874023437500002,1.3038019364450228,1.2836070320485695,1.7660038226293258,2.718493988144897,1.0665251500189927
365,2.5318195909381687,1.1638705349242857,1.4421023146090892,0.9620834818823804,1.6127833520892316,2.9747108368477613,1.7313202834544852
366,3.337616927115132,1.0392409376597136,0.9627423792816319,1.2789884760351191,1.8379897959803855,2.910208637109778,1.1828326171071015
367,1.9829224868991293,1.2721782213377986,1.3056410936856815,0.9146413570740376,1.4331718063967642,2.7473214646915345,1.1566961817805101
368,3.31084174654888,2.353803098159403,1.0511697618861788,1.3076090154646365,1.1760756984278953,2.7998307934236637,1.955668466481196
369,0.9315215497185565,1.3520438059815074,1.3795000791154426,1.1478703751916568,1.6998189560005,2.9442663600775245,1.381119545468868
370,2.3573637819846844,1.9946790024924037,0.6619804351992542,0.9190145393975745,1.2883912719516195,2.745451692388544,1.0686413175163156
371,0.9556842847645722,1.842274270226276,1.3558632156502513,1.2713112927209225,1.1585207901007486,2.88416608997902,1.193887712710649
372,0.9265723995717934,1.888515209387734,0.9442718907206117,0.8671735494630147,1.5764891169797637,2.8980293316712986,0.9473477809301392
373,1.8560044861001266,1.9229595764952687,1.0936512521405994,1.2757508126912234,0.9358992411807614,2.8789403526965773,0.8725391125699279
374,0.9282705342211119,1.453281242491281,0.7936344474052934,1.0363790324318831,1.29164457831644,2.763272126565196,1.3518594145577214
375,2.353719920724843,1.0670068791214846,0.9118658690564777,0.9683533160784574,0.7422261118352433,2.5221568724113355,1.412028911553801
376,1.2776483108057337,0.9539943947467011,1.5303284660020546,1.2249929546265277,1.2663535474178105,2.959436758403116,1.6666119202452687
377,2.5672662033483826,0.704399921683127,1.8765118754791414,0.8467320746097787,1.4172326289302608,2.823399276233251,1.3834944388096542
378,1.526482424622296,1.938704498018681,0.8908985226224179,0.8505931606270271,1.65502151166258,2.5938742553996286,0.9763105741625795
379,3.1337909302463904,1.1002939552019302,0.9475025787960151,1.2101666778502491,1.0488811104932134,2.6691319947911607,1.2464223011244726
380,0.8937764939921589,1.350622083205418,1.858395548249189,1.3174596130495022,1.59716796875,2.6224027743797036,1.5459232740607092
381,3.568783609470612,1.6420159324513082,1.1893537787571644,1.5770729063134528,1.5289884760351196,2.7196906646531174,1.5764735465549229
382,1.5652440993093433,1.2886352010161268,1.0562482749546742,1.651366589116565,0.9292918375828777,2.97643398332024,0.498085909956229
383,2.726094969293028,0.735103124296826,1.5688838019554177,1.5945386834419677,0.990658186349627,3.05895742532547,0.8876530377680594
384,2.216953365349815,1.4833939283613335,0.9816672942546096,1.6984656138800145,1.1877250462678708,2.6737382201554825,1.3365650086910346
385,1.9578172920496912,1.2621583796330025,1.0119748344511867,1.482330102409092,2.050842655387112,2.6173692500315093,1.5437147355890424
386,2.9210504187111495,1.8191242433856796,1.1360855354034274,0.8509467235746593,0.9074144415580327,2.829237302306788,1.1370820022044852
387,1.5449054583331887,1.1609632178551692,1.3520565597516219,0.7223065978075991,0.9321833363686194,2.957885672705295,0.8634209005620199
388,1.546779316653861,1.5973691999615818,1.4286284310449602,1.1217267893341218,1.1622506454498756,2.65856680032547,0.9572959296075348
389,2.438476985620985,1.1836709736704873,1.152712955968557,1.006305804639045,1.7179077326813827,2.759038770066129,1.197017609917811
390,2.0406681910788906,1.4337592586271495,0.9881387827832532,1.12695499274639,1.8345847562629505,3.077503868194022,0.8469209751722315
391,2.075230436700997,1.1911647870653186,0.8535651228589675,1.2430751791599026,0.7438266953920324,2.798718315854426,0.8100674367648835
392,2.3482258409381696,0.9704115658229157,1.3973929799653806,0.9375004231209849,1.4685719854612713,2.722468618800502,1.1236639207882961
393,2.0440547711206745,1.1279340213762166,1.0338300353075993,1.0162375366496292,1.3105715362982584,2.6590714982422807,1.278071874296826
394,1.9370706580072858,1.7036995231978205,1.1433939358700522,0.8673994419728553,1.0963653347710471,2.748851201462892,1.7301519311412215
395,1.933839123689913,1.1942515632985697,1.3372430367454575,1.101196183282254,1.6754083811347467,2.805152389314696,1.7299774042367386
396,2.1322022542177463,1.629939708748445,1.1804328872056067,0.908541540643776,1.5603861233700524,2.352988979773291,1.2907914249740995
397,2.248826117043649,1.919366234598816,1.0795198432065396,1.0166763200406614,1.0524711400178708,2.4645698768526807,1.1812628238750946
398,2.5567987352376718,2.1791316843363657,0.7798385648641986,1.1732478958966412,1.663429883786863,2.678520417049692,0.8683458125315099
399,1.0928923375189925,1.5147065305153162,1.0834874985936516,1.3210089877300746,1.1806115001277715,2.834023833077215,0.7228698118607115
400,1.4385671383240368,2.272856176796137,1.2638626433088433,1.0829259044283952,1.2525890535849322,2.825381994791161,1.107546553520614
401,1.700628565247945,1.7303258596622688,1.2627487211141992,1.434392721082256,1.6942679799653804,2.723282737186614,1.0916258357297635
402,2.358725120878082,1.3679577237663156,1.4815305329434008,0.8805290287252211,1.1255511312625173,2.5961828110936516,0.6757558150558552
403,1.4413050360107735,1.4590394035020544,1.5727845213123302,0.6456698334929032,1.1089729606978205,2.457065775817562,0.5713781936986316
404,2.496262746261395,0.904645753546515,0.8779890498782711,0.953402010256664,0.9414602569976347,2.944238634266005,1.2620834468298903
405,0.7197898356335024,0.7943268491176866,1.5507494381707982,0.6304834416214852,0.6886985442546093,2.6746369606015588,1.1720698543265249
406,2.490425143308843,1.8787826655798898,1.3248986458008132,0.9696208393721069,1.840189739295704,2.881398000350937,0.9222992344706117
407,0.8996637700661293,1.2562102965553559,1.0112596391869257,1.1257443657011867,1.620388243992592,2.729291802530388,0.9146910301954552
408,2.0886390767188687,0.97675777744751,1.4986591637910949,1.021785623433938,1.0950323200726042,2.740498879345084,1.06103600249197
409,1.4381131350330645,1.4488736069462662,1.6763664839590944,1.1082015401646343,1.0235455139952683,2.741770488656415,1.2806372880879202
410,2.0654672778308236,0.7895631118991295,1.01336551904396,1.2650780273512487,1.4137779160914077,2.8347813030734157,1.204540170628582
411,0.9079873448679975,0.8223299196379228,1.6890346690310098,1.420506262717124,1.2556947126148208,2.954487608256354,1.106608354997323
412,1.4244679643401643,1.6118229583975079,1.800439769842963,0.8398838064606493,1.363806100076403,2.809573624871795,1.4633436067865524
413,2.1137724205008106,1.3618147863621444,1.0568406594447113,0.9072933232677485,2.014627088573537,3.0122327140526792,1.4300983823170623
414,1.309439752811398,1.4167839810199256,0.7726114740857434,0.7167402266100896,1.4047128648391642,2.784394095602682,1.377210654076592
415,1.5220662965872984,0.6366130268721069,1.5695176875315093,1.4216711273961415,1.5905499269869272,2.9952921375254675,1.5280363269748432
416,1.2917441724178105,1.4786464325471365,1.0803257895572886,1.162328292241348,1.5829607807708583,2.552548363688358,1.3596633194013727
417,2.1961636103335,1.314920480444522,1.3017428404585945,1.2228946484214203,1.8778235412511215,2.6616357152665047,1.336490251150373
418,2.063011497922853,1.2922965004471987,1.0226576595729153,1.0051265663020572,1.2016398288279575,2.7199518566264054,1.584137377715569
419,0.8428748993477612,1.166965731051435,1.2220146155095295,0.902248912895831,1.0416371799269621,2.8282235725969507,1.2886169166029258
420,1.9680767289427787,1.2452360875189927,1.122744429799192,1.4642456596044253,1.467809583205418,2.434637496388734,1.3242622940948952
421,1.4843629172094053,0.898662969388856,1.2811089774086593,1.634154956096761,1.043035087646764,2.482620464819306,1.4966732054574725
422,1.8983496381643232,1.5629172592021197,1.384897278789107,1.3629564343683083,2.1322558380943955,2.769181174686614,1.2382137155863655
423,1.8352354816268384,1.16866566085106,1.439647979326525,0.9651683903692411,1.120235066014572,2.849189299143154,1.2819949640846213
424,1.716583560997823,0.9538040495588432,1.7413222638670642,1.6048044972201114,1.4039176292496889,2.718647764506353,0.7547309038849351
425,1.464182386470923,1.1934827841576594,1.3694153443892885,1.3876138275493806,1.6854863158548583,2.6313479041085337,1.2546602323619553
426,1.021091601833689,1.0262988068443957,0.7805859950786463,0.9020803397554201,1.330008722839975,2.719681223254798,1.249980095698943
427,1.0196635021725422,1.245397087007475,1.1816332266105223,0.8194260902030523,1.546660241372418,2.735825294829579,1.4144267737089056
428,1.3213131254148227,1.5673107689476982,1.2506905339660024,0.9709518110617088,1.7983690141869255,2.549018294925407,1.373788949833811
429,1.5046175345090298,1.1340414114584056,1.4459071753574126,1.3723586319013732,0.8896463944911592,2.7413306837609617,1.1255480667492561
430,1.1724528355696167,1.7621144124171217,0.9603237665835002,0.7696698790575994,1.536018844740659,2.6250815575467037,1.0309370918964524
431,1.5296913406502515,1.0413193395637634,0.8293120598474502,1.0156437075341862,0.6801587661997539,2.669826016391411,1.0185015267443356
432,2.161481092663079,1.2316245964016836,0.9472987061921566,1.026733504217746,1.970435380879204,2.8013561963188054,0.7684941283548582
433,1.1623007416922786,0.9627844787511217,1.348951499105169,1.1959016447143256,1.6118659041089676,2.766570596912767,0.5732955961141989
434,1.2887025601673112,1.1125321998976963,1.0139197148197387,0.7471951662830644,1.0317278183472613,2.51282347865486,1.4138758903049222
435,1.413356570871607,0.8940844698360546,1.603706816429828,0.83141836282547,1.0973581386754074,2.6991575924714235,1.4278444320041093
436,1.1382667711845595,1.0561730942930274,0.9686894408548584,0.9208274154521194,0.8532889588442734,2.778104955488983,1.6056589199254077
437,1.3366617135415941,1.4111545845474474,1.15620874677248,1.0442153474881717,1.593281447788607,2.7078302210822565,1.244075731978642
438,1.054640293008408,1.5520982711526166,0.8782171606594033,0.7942430732996915,0.720031298568184,2.9235950819592165,0.574266204850127
439,1.3340667061925895,1.5014157690120173,1.1288594661293931,0.8675199618797036,1.1194081938583456,2.880762494886989,0.6032721190564774
440,1.9776817775752809,1.0894649273706742,1.398286788151806,0.6681416570166265,1.2081148049908481,2.632108438617997,1.0817887655608978
441,0.8605626582308858,0.7652556187689922,1.281327223670488,0.8413634469896045,1.6159288197212336,2.843372023612644,0.9440770363940868
442,1.1861370412187457,1.1423341959354922,0.7348819887841866,0.6492919227052959,1.5336060105441494,2.805253428041473,1.7884156853913438
443,1.8479646489648807,0.5386925203855573,0.9460044785914081,0.7441841690948958,0.9695351958077213,2.7203128179635137,1.5697987838058556
444,1.1216939560005001,1.543729109247012,0.8336160152734127,1.02458143887354,0.9688387080776472,2.7911616524470766,0.9516016401136992
445,1.831923483863266,1.2804204864514976,0.9142081043260919,0.972987865637734,1.5736267886309478,2.6561194403113983,0.6786319186792064
446,1.3601045689222313,1.0939491882027408,0.8531532190374851,1.145728772750189,1.0352646871162536,2.7777827812495666,1.179766168295893
447,0.8584181665386074,1.246594361899129,0.8980373284442116,1.1004118337165025,1.3767746873402857,2.819452794510151,1.068845613241159
448,1.3662181606270272,1.1966077491051694,1.0038144774090925,1.4745717846691766,1.7672296695744703,2.637858179734873,1.216825023932505
449,1.6970748566911573,1.4475822685963284,1.1047597563583456,1.430803114678584,1.2664432769998781,2.6421338109658805,1.1798326812051074
450,1.7324307180148835,1.3499716057000644,1.5233418166538604,1.0177044234084698,1.336795585601993,2.8597183479034274,1.27869836148344
451,1.1297189963567904,1.052966819657348,1.079085568954174,1.1294261678167508,1.0503120994051716,2.7772082580517465,1.2244194529331267
452,1.5600931195675618,1.0863508484468882,1.4630218556681216,1.1967535286937117,1.7813962027095271,2.868160399603304,1.471415854134435
453,0.9295639155798905,1.1679047032206116,1.7316054657465123,0.9414173838822584,1.4493464930338755,2.8210494673117092,1.1106027146915347
454,1.213467862186181,1.6673960945485693,1.524501325952241,1.4373720817036741,1.0921278922542985,2.685774212135246,1.176707716257597
455,1.9746728233959523,1.3967999970919078,1.1379871195356193,1.4334810516036145,1.1674287526197409,2.792504108543837,1.3969952745394179
456,0.5662771349368033,1.6291875941328804,1.0743709064735993,0.9918255171584699,1.3840141087678703,2.695260783869742,1.0676152571573485
457,2.1889780206410996,1.79743226028904,0.9777520259772758,1.1168571537252212,1.6225861442990692,2.5524089609848737,0.7764666063389204
458,1.0851410676436537,1.1926762394234751,0.9113741001722313,1.4734775915131393,1.0195811709799525,2.55590126415455,0.4507181195675623
459,2.0176257551125767,1.023746146823415,0.8026465131643234,1.6654965534252186,0.8657101503384201,2.528410888324038,0.6860850772299524
460,1.5222266976923453,1.089023254728831,0.842897692899629,1.2000281839849951,1.5492102600011217,2.852721410914945,1.3454417577642612
461,0.8397854817222337,0.7441320298436513,1.018509946638234,1.1445608435579098,1.0450758992199902,2.7269325522105263,1.1214391409122688
462,1.6464191314537413,1.3316990359788312,1.105050892414445,0.8089411839211094,1.774195393117187,2.8033345810005,1.3881000657905398
463,1.301002210250189,1.0109284466701765,1.4649743822846861,0.7528050815754702,1.4998263193374874,2.8735111659312618,1.1115720540645073
464,1.573121492330701,1.474710836847761,0.6290066903433409,1.050264046171609,1.5800627298376093,2.6830289160590324,1.3287777683727289
465,0.8796660108635771,0.8525499485237242,0.8260776362792657,1.1371910377041736,1.8492964668964527,2.706326167113577,1.0185208326619573
466,1.3260010835882983,1.0991303598858682,0.5869972399345597,0.8874472974178106,1.0591672516934003,2.585183765496579,0.5796288787062287
467,0.5622271483571016,1.5184664025433385,0.6159064492903507,0.9961040376402881,1.3013352705133279,2.6222362442481346,0.5122653721238507
468,1.1383425502296418,0.6748006014823182,1.0058700857612732,0.5355501172668161,1.3572869814351816,2.5139710804250956,1.424535746612333
469,0.9193060985746593,0.5177500105122064,1.0707898952262762,0.9100441499870496,0.7278343571698654,2.5587095855057314,1.4578205318254032
470,0.5763932583711742,1.243571457182816,0.9707595981274605,0.8705194746607134,1.579384949641721,2.5622302128703627,0.7064813881004377
471,0.6943045487917834,0.987133049846328,0.9435078685769026,0.8752314231529276,1.3418761416793283,2.609204208588298,0.502598918104236
472,0.6943441821314476,0.6037831938583454,0.8467618434301389,1.4977066642059182,1.0347258865028657,2.718423141359467,1.1928867367709253
473,0.5509451387392935,0.5875658093683082,0.9831945648961414,1.5016373276456416,1.4062284758110872,2.759383737857413,1.0692332788853678
474,1.3353147483061665,0.44757529332783536,1.5372849234089028,1.3797380544158782,1.2954904444337492,2.514848471944711,1.2415760574508754
475,0.740007533581823,0.6618371217405372,1.4351064717211115,1.5481661630874872,1.0864984957818207,2.596982380559343,1.4392042636758406
476,0.7833803658928429,1.0657964273387315,0.7238968937240995,1.2783172479867388,1.450165120558654,2.7809757037316967,0.9035075931745967
477,1.0914511335628305,0.9356434045881096,0.6413847608635768,1.4062627537701144,1.1969124851733526,2.564657668583377,0.8301052524280843
478,0.6451343452513105,1.0500469966766515,1.0661007402859304,1.2907716959354922,0.8267854331540501,2.91382783707136,1.4696427866820052
479,0.740646526680017,0.8859645923755947,1.022316602536863,1.1033325029391685,0.8265911772109601,2.6991308881643232,1.50700433537796
480,1.2022702267698033,1.2595157421714205,0.781127437084311,0.9684592870648849,1.1065219377870519,2.676073480156604,0.7835912137651939
481,1.2533151348729181,1.3732068529840622,0.975672602568806,1.0412753723478834,0.9402873955457035,2.700081169478208,0.7311843683852459
482,1.1057640446698658,0.8204303785145725,1.1631050681551713,1.242555086080701,1.620502211751933,2.7749799905414725,0.9326974756837489
483,1.3639036511689326,0.7345889849816962,1.1557953983255922,1.4826413906247835,1.1298951431491293,2.621928866787674,1.0040810247630172
484,0.86437058349247,1.1710054299908481,0.7723566589975122,1.3696812933597786,1.644831652191968,2.794389874392655,1.2722258514503753
485,1.5441866001722309,1.1235290272234775,0.7770928456669998,1.051954534572915,0.9597907444717338,2.7099899326744747,1.2520576513610226
486,1.5359849899026168,1.3415196894808856,1.1565444484278957,0.6892016222835644,1.3782095870074749,2.538045107393465,1.4585961109723555
487,1.3639675226858707,0.8740540525623306,1.0786714468613998,1.0192663951300147,1.7642299815310098,2.5931613510027436,1.4504014759712338
488,1.3095075350835665,1.2250906809815076,1.0888337557829428,1.256831428361333,1.4962933613237255,2.8080751015462035,1.0006591452577862
489,1.1134755059430899,1.0690591751018708,0.8537743508434626,1.4629682717914725,0.7443149766420321,2.7533830924075366,0.9627581975650077
490,1.4917232816648232,1.0845205342211115,1.0424028945546115,1.4894510469386693,1.3468312455901645,2.811996148325159,1.3459329282650718
491,0.8336347228075994,0.9293250940374851,1.1819231658997513,1.2016788637841866,1.1182724996162536,2.763581547034497,1.250342501661458
492,0.8646344168580343,0.9786924427718581,0.8044405064222307,1.249781753738172,1.364878345922542,2.797277462423165,1.0337955094900375
493,1.3331086759643254,0.9339976570485695,0.9773916630236017,1.2149942865857435,1.545079386854236,2.684331140432694,0.9229425614450222
494,1.366711374136679,1.4763849085822562,1.414373189832256,0.8701938127870528,1.7452073402030521,2.7735102145318216,1.3831488726349352
495,1.282740949673664,1.1370146430533008,1.4619719802528652,1.2889592430019328,1.4036121195356193,2.7848437650174382,1.3224530809370474
496,1.7010903900493808,0.9212062380814455,0.811890177338731,0.8038214176250944,0.830045714787363,2.7825134372759677,0.539774207630015
497,1.3466137729742216,0.7537266155734149,0.9540859920751592,0.8795826581665669,0.47962588429794756,2.8959612174075375,0.6120457863940871
498,1.2292546353205493,1.4227142028053559,1.0420768095599653,0.6670400654711113,1.399633402862333,2.849538951335555,1.4358690492394155
499,0.8270570880300767,1.4196446894808854,0.8223740621162539,0.485653832438358,1.167111685902428,2.7877833170367414,1.16162193999197
500,1.3888080379277734,0.7452350660145722,1.376858886279266,1.1289268252805769,1.130128609310898,2.4895471534057934,1.4011867068314452
501,1.8776545449897264,0.5240713855760919,1.1338999657460793,1.3503222793968854,0.7941256179061039,2.6502506239130783,1.2781957065754699
502,1.639880283773913,1.2152094683343109,0.5912004044922811,1.5089217377935276,1.5164804442097164,2.698219641806666,0.9604100085313209
503,0.9610767274410346,1.371629062979142,0.37559816299165877,1.2751070625958287,1.0989451222201119,2.891782889410525,1.010763784284997
504,1.181186446446577,1.784478046683127,1.0662148833077212,1.1242577499037387,1.348333256550003,2.605315396759529,1.408996565439169
505,1.2177623762138257,1.564477786298259,0.8823542354288951,1.2194637506388557,1.4420957624615822,2.7556559255171265,1.2964253305852436
506,0.9873521423501266,1.0523114098923434,0.5037048435259673,0.4206588423117088,1.369179659956229,2.6188743255046094,0.9539116404331268
507,0.923115643724099,1.0746861054445227,0.4333447134133906,0.46458978115373883,0.9145382753384206,2.572854769714326,0.6057798629532413
508,0.41008769408194523,1.163069943954174,1.1277605159761541,0.4508920480886093,1.2918686030798905,2.716219112026468,1.5364156012582864
509,0.7430152183981961,1.017572594356913,1.0942050247953927,0.598948434591908,1.365873791219179,2.8026916771470747,1.2877157100270222
510,0.9643926359598382,1.1057488247699254,1.0529775304186217,1.0723863927653827,0.9371127574767761,2.788958644618498,1.3259542271216065
511,1.1609006157011863,1.3478920070291442,1.2463019564800748,1.0189372456221066,0.9727860360427163,2.8692693895382964,0.960297310134935
512,0.9264861576239722,1.6491219049394799,0.812459169893465,0.7976144334415345,0.7441053255365521,2.6216498135221684,1.1934152497440251
513,1.1335568657011863,1.6924795173505596,1.08231072638649,0.939179850236117,0.671479337582878,2.83356676527298,1.0555499194782088
514,0.9958795897558528,0.8579502127106489,1.0979659183278356,0.6492483786104006,0.8251649452962043,2.714509916090975,1.436916458524846
515,0.6022122038594675,0.6847699238237261,1.0205275415386068,0.5808452842530549,0.960070396120674,2.921029668168122,1.4858174733191167
516,1.2081589474691794,1.3559131366302037,1.3221233330457043,1.017129900210649,1.1913824349437112,2.673582576047637,1.487253569753177
517,0.9711733696953331,1.2930892699068484,1.121334439288796,1.0745294398322562,1.0729163503638883,2.813401031313452,1.5817743919029275
518,1.1586823879726664,1.3279529392253433,1.2067530429764652,1.216968162128771,1.5869699372440247,2.752155625574537,1.114619021695644
519,0.8539244643082209,0.9534475973604002,1.4142204349752212,1.121154732266127,1.425299345635057,2.8709999344002517,1.14508935653101
520,1.2343119747250324,1.0773823267827538,0.8332172883430297,0.7013417175033655,1.0760419136948332,2.529211902415134,0.9483075036423435
521,1.0621528139374254,1.2462130731399776,0.9230353555403504,1.0205959221942116,1.0123056038469502,2.8686823604288962,0.8296278572018083
522,1.2863736770512457,1.1917452640272113,0.9519932165131393,0.6418521163080996,1.1090481413594675,2.6616977190370523,1.0561492792367382
523,1.0641862271211742,1.0078322290386068,1.2723482391036143,0.8787545166473856,0.9344007178551689,2.597193053169244,1.05810631499197
524,0.8996081431806391,1.218537882764694,0.9153433754471986,1.28026093158842,1.3176875485681838,2.372082467886679,1.0659888155354302
525,0.8950928441652563,1.2503567000569777,1.116998424175097,1.4871796584544854,0.8237621053167509,2.460370199929206,0.9774253425991938
526,0.7844862913145743,1.3552063612598406,1.3588811881069127,0.8442216893207386,1.2361365830452706,2.579041849596828,1.1202067418196169
527,0.9246207191971989,1.5025469541154428,1.2757974212993806,0.8512025601673109,1.6051406219965128,2.7284148341317582,1.3061155996611469
528,1.0100063142887956,0.985385242075592,0.6138095877106491,0.6698800233890445,1.2548425807769004,2.623063539525346,1.5621568999551068
529,0.9601022079498756,1.1340496560898532,0.8592469064412235,0.9857113270702387,1.126080067356602,2.4814886813324457,1.5048425807769004
530,0.955976690183627,1.0804736121546712,1.4372139714660028,0.9434712997505001,1.1001629723923427,2.898080872539107,0.8412866464401016
531,0.7345052091637017,0.7939198775558558,1.1960989651706762,1.1690110517633285,0.8534536212294526,2.5328584050672514,0.5415721116431544
532,1.5407522147554202,1.1485404064731666,0.6104019066009378,1.4069023452517437,1.3401302016549825,2.5465302800672505,0.8782120531373006
533,1.5137398325346196,0.8425880245717933,0.7051087400623305,1.269767007029144,1.1626247836780845,2.542633894586554,0.7218560821508733
534,1.128631355348261,1.532482399092652,1.1176661645892307,0.6349999374037388,1.6598285451174972,2.6738651169473884,1.3799078969192438
535,1.7066901929639477,1.5175561776901016,1.0798465265846215,0.6483356876273382,1.3755347145957066,2.876802237889356,1.0307834907974476
536,1.0852363278688082,1.455519199258408,0.7318095862089055,0.9956757171519952,1.3522514140781463,2.9175160160719833,0.7814530989579722
537,1.2948568067161914,1.3519015140272113,0.8574841266290817,0.9993405042173132,1.1096043801440867,3.0078613994755323,0.7077801248398531
538,1.0561431502102168,1.6652934544672464,1.3181629007856193,1.1696555755046092,1.4815414189671239,2.4268666727372383,0.8593916645253452
539,1.2892750403562911,1.0622281698615224,1.5061844384902263,1.0304432800033654,1.1243271520637632,2.516119482872606,0.7685898117009974
540,0.5100847347261543,0.8948002634837509,1.209500805182505,0.8614936336271495,1.286793402383191,2.754297228016005,1.4226680173181836
541,1.6162255590165042,0.5978375769105245,1.0801245583457062,0.8923617464845622,1.2940592802593407,2.612872060166878,0.9049287175672507
542,0.8253220340294548,1.6159392826239727,1.1141590646405994,1.5398466743033008,1.1186051367584078,2.7270937269614604,0.9645932687879848
543,0.6238517998463281,1.250648682355047,1.279300187371796,1.4201863793450842,1.0183269998398536,2.758969791027089,0.8866308881643237
544,1.099596445967435,1.0988681464081589,1.1576280034187438,1.101470552146642,1.3969605734594057,2.662830524028333,0.9289596235617091
545,1.3148371277475124,1.0195618650623306,1.3494868120843106,1.3898079923630768,1.5330355733640095,2.800161387556977,0.8603092877680594
546,1.4723156160849322,1.572576314832256,1.3130621925486914,0.7247182352372386,0.7139696708521818,2.4258638290511247,1.2202672308597784
547,1.5069032966511835,1.4740030399729775,1.4302450081475744,0.6434777116880469,0.47776988726949216,2.515033884872917,1.0361734673440843
548,1.4052243627620178,1.260990873561709,0.588758998242281,1.2507823065569108,1.3247286280349975,2.610444604453863,0.9586451857103386
549,1.3034549256448977,1.115728011630637,0.5190259536997535,1.380700914237428,1.0619809284252189,2.7020550450212353,1.040540097520114
550,1.3599470570679948,0.9668695895318206,1.3580265901391668,1.221948700983751,1.495023371900251,2.7109492322656936,0.8385894035974497
551,1.110985871197077,0.8830275064861166,1.1153218863107754,0.9969481727052951,1.406784291474721,2.875508433409592,0.7362160249870496
552,0.5752074678866791,1.3395739628703631,0.7370794659696789,1.1677197134133903,1.463221043870863,2.731184368385246,1.2039868210947733
553,0.9028180807130147,0.8287935866561044,1.1362927203790818,1.1047845929190545,1.4754348025308206,2.7487179277859304,1.0786420285659402
554,1.0387818268466398,1.7513393915834996,0.7077374269869274,0.7273766909821957,1.0883113718363657,2.7419156698615215,1.274228051188358
555,1.3937567649535516,1.836781635065008,0.9272682889184329,0.9076731674014947,1.6786349831924674,2.683069570903117,1.288423930022791
556,0.7175412407011864,1.3223582438328783,0.8052540264249083,0.8988087489773982,0.8494145206734751,2.5328311023767163,1.3479505231654447
557,0.7585683501083457,0.9272939717211118,0.6992775139948353,0.9968945888286465,1.2438881007791438,2.6120616046774625,1.364399082949875
558,1.1490568366556717,1.0645863986769626,1.2922642654970125,1.0922360815120173,1.4989297971627014,2.5248923039682456,1.2672960072212336
559,1.4298798881966992,1.3240187881513732,1.281465429607102,1.046995169381948,1.0056306658354328,2.7948299271466412,1.0522995023641988
560,0.7947441083198062,1.0553203640716715,0.9846922419797633,1.2919589310453927,1.3853233084100247,2.6736039249740995,1.215976802849816
561,1.0448360561731644,1.3725510200980722,1.2406961998014352,1.3328598146401665,1.5166707893975748,2.741094751469367,1.1657240658229158
562,0.7482003008365542,1.3419777787895402,0.7237819044603385,0.5643880567161919,1.0509535586331915,2.5929352832304526,1.0436531549394803
563,1.996467888228209,1.0208119501847481,0.8597797532905394,0.6331394312366171,1.3115511633115202,2.5794430426570374,1.2924734934815076
564,1.545602967567684,1.069727937020425,0.5648069358061667,0.4274243561472633,1.12137322638649,2.516418440439168,1.334592402510962
565,1.4705491733760945,0.9029994076235396,0.5070534101159431,0.28003528693711444,1.307246784764572,2.592450066493714,1.1393262632605852
566,1.0347279295117062,1.2206177292941491,1.230954812978709,0.7315313791853701,1.8667302569333153,2.7389046726733532,1.638680294893898
567,1.7875502739959575,0.8232896423501274,1.3452807582757786,1.0260304643401643,1.5208593324387911,2.6447620747694924,1.394720996804423
568,1.078914704946388,1.465068197884435,1.1645391215803902,0.8247575506133882,1.5367999545306987,2.6319472638670636,1.3932259611130773
569,1.4098129746926564,1.1895650497505,1.1948455676764624,0.9979083185384849,1.1140812425866764,2.8106781056681225,1.234724900050935
570,1.0885928912316962,1.3873019409502543,0.8072299449767758,0.692422270577214,0.9187742732297633,2.863610224245457,0.839462285978398
571,1.270681317900062,0.8079116359278955,0.6813271185130174,0.7623105361066017,0.7672081453855576,2.6655355883814487,1.0372348271665
572,1.6912124171778957,1.3513674704110246,1.104316639091097,1.0247050232936492,1.078093188170799,2.6761498575851213,1.3033684358385418
573,1.543284795212893,1.0971784316527393,1.119462623976965,0.9312115308658209,1.2112015812240993,2.6776851249995675,1.430450748497823
574,1.319033317036741,1.0133887357168134,0.9471940045686839,0.8760433232677488,0.7563425487278979,2.8572344190629524,1.6732778399794521
575,2.2506494560009327,0.9977315007666269,0.9153146281312587,0.8152535407076613,1.3987789801570376,2.8334314485871763,1.1682219452003753
576,1.152667791985806,0.7573652967150698,1.3036417831985097,0.39389250476034077,1.553373368098194,2.66849793395262,1.0863775527539876
577,2.2688415622759672,0.9059237397429032,1.4458052903886662,0.6725901952642611,1.5671719646276492,2.7547023318314445,0.8773714057065399
578,2.388293475491659,1.7462807828160627,1.117171506454174,0.709084216959905,1.152975592567251,2.8169489613686194,1.10463183806202
579,1.2848047300612084,1.3418422868412858,1.036614964723477,0.8106633088891666,1.1674447461655675,2.8423067530349977,0.8220533325022438
580,1.9385478324064156,1.1965081550037986,0.909510281633313,0.5878914712419697,1.0947627082054177,2.468437515017437,0.9504287786617686
581,1.0361907302528652,1.371830717311709,0.8981566515841888,0.602265189352681,0.881830829977898,2.6003730466188086,0.8880832260027438
582,1.3675392677973257,0.8775642170242232,0.9102379828091544,0.5123109592275868,0.6411820850265894,2.7483818030095297,1.4037266856783954
583,1.0787303135226018,1.1796725279585942,1.0379399826490072,0.5570860331346239,0.45654279348754917,2.7310490516994426,1.3525528377745353
584,1.1095226473349329,1.1859799524854948,1.116918559112333,0.9920505634263406,0.889000003003487,2.5993658690564776,0.9266808366880469
585,1.3908192559430894,0.8309470966257162,1.0710367135415948,1.0543774811472633,0.6885735152090946,2.5131323007407276,1.1122644557769004
586,1.3263096578156295,1.48006382144701,0.9263294920117064,0.5079193172283978,0.8916504619755323,2.8170009253574135,1.7125097593618328
587,1.3101571663469507,1.122564372251622,0.9075009313643881,0.5786463624421567,0.8447017259392909,2.7646998031053585,1.4180629887207339
588,1.6888443238431519,1.100943235940413,0.9473551793196169,1.047344646311898,1.2033108360491915,2.838976047737238,1.458282955010274
589,1.5694866493481938,1.3155773348349324,0.9799831827383604,1.2982490926635128,1.29675039407547,2.7511618001657565,0.9213473332688704
590,1.7454756827072837,0.9078530496866146,1.0449594653308236,0.8774203051820721,1.0248224786872364,2.815710608511896,0.8157299144295167
591,1.3737838423117088,0.9912202036358678,1.270620160371485,0.7547503850650072,0.9729529892952712,2.624551176827214,0.5415107062560421
592,1.4574033452193678,1.199931479134435,0.818538235780699,0.7310143506194302,1.2785203469447117,2.805589552817873,1.2124339803167512
593,1.538572774124595,0.9658642797158804,0.7550877792043634,0.9889022065435277,1.1226121776266493,2.822704656249568,1.0294474115857433
594,1.457777410851493,0.7494971698295796,0.6623104309491317,0.9569914413978856,0.8255322835183708,2.6967087878319456,1.36371288286009
595,1.8299822663914107,0.7621008850011219,0.7247966556745971,1.1625364987214228,0.9843922629087809,2.8769539712419703,1.3648793674269624
596,1.1690755216637014,0.6408870382152584,1.118957502939169,0.7591636238491936,1.0509095914173106,2.8923563911039256,0.8165596758365544
597,2.225880984311331,0.7993897191652563,0.7950645900752805,0.7923330692736014,0.8897043122440245,3.0285164361894803,0.9837602450790791
598,1.3752897640267787,0.9958853682574749,0.6447813806871141,0.6905077574124573,1.6923345840039872,2.9516322551760306,1.1457620292047963
599,1.6224460706160644,0.9971237211141987,0.6094641311986321,1.1539661056042365,1.4393385588572238,2.8257255179570397,1.049635939097139
600,1.5353464199254074,1.1949182822082831,0.8175581856464526,0.58217276830841,1.3894125052084054,2.731464443155171,1.2702439791344349
601,1.1736837900368633,1.0723453148003133,0.787437327741037,0.6059757387841863,0.9757835058148855,2.8137490636179967,0.7581504925227907
602,0.847690352696577,1.4806897102501893,0.915117730795893,0.5596058598219823,1.1834652333202382,2.5799524975710497,0.9514780556935892
603,1.7725301643975746,1.1815993717724798,0.9395710035145725,1.0733728197846863,0.9424124060579102,2.7213612487533663,0.9208512305084082
604,1.2024141386119551,0.7944389491306367,0.6167039757472011,0.7212265304509976,0.802699075536552,2.5292669309171885,1.1242881171075347
605,1.7996761708202385,0.7815929247824427,0.8001833348668758,0.8670801569842507,0.8735672159377363,2.7373055337419703,1.0981889215868657
606,1.5499167875129498,1.2146363897618957,0.9398134879536739,0.8292469915636413,0.980822560806167,2.7740331968618324,1.4228181307829424
607,1.4466533362089051,0.9718090504217316,0.755029263068062,1.1819935895641964,1.0625320596877361,2.719169725331945,1.3825096316782066
608,0.9398679180722934,1.0843654884967013,0.8100483787057955,1.2387391640462038,1.0865843146086567,2.714894692484373,1.4603673106783954
609,2.0953080609663135,0.7374289428996288,1.129754894203674,1.2296476563453955,0.9038753545177489,2.783397205680638,1.3222015782206116
610,1.4417485763990074,0.9580934560643856,0.6613428867264655,1.1311949013929647,1.1426434411423432,2.6588429643401637,1.1510789406947113
611,1.075708853431694,0.8756433269744098,0.7867398185065418,1.3111454611126436,0.9356052158738504,2.7087749717530554,1.0214451647813205
612,1.3535967594257192,1.559158233416067,0.7835649325790797,1.0877259626148208,1.0643340497185572,2.6308458475839998,1.2717757589146341
613,0.9700214340488804,1.2970499500254675,0.9948482466123332,1.241231089659592,0.9998084580452712,2.787769964883192,1.1352235390462035
614,1.2307779952068505,1.0627318462739126,1.3516397236704871,0.9280851212929051,1.1011405563967633,2.4275953954174994,1.063507600683316
615,1.2756097175037981,1.1632276310708605,1.1673176741112112,1.1916916801505621,1.2164125217275867,2.5450297137328173,0.9873502746037361
616,1.3823607875764028,0.873661877779455,0.7958456998653209,0.8778874127680596,1.1209409951429652,2.92445605681202,1.7165870486320696
617,1.2840339079114578,0.7367866374296396,0.6414383447402261,1.204320479741348,1.1064079700277112,3.0459304971877366,1.3384458422801992
618,1.1710306896725424,1.368178859278955,0.9094893558278356,0.6242497531308255,1.12801473268095,2.4887956371736637,1.4147395065500021
619,0.9151485211206742,1.0645075551186192,0.8801721534057934,0.7030406257985693,0.8634145236769623,2.5489825723409747,1.1064566216447091
620,1.132482752108657,1.1315205632666265,1.0655822670945845,0.8419558314796415,1.0792913093044225,2.677235455584811,0.8349935955711717
621,1.4560665950281448,0.9599087982487567,1.144854270481385,0.833111740477587,0.872882635735806,2.6583750105122057,0.5560936523512485
622,1.2330117933602114,1.0793393625379846,1.2414522251722309,1.093267074130637,1.285162451622607,2.800988259713204,0.7772776602117712
623,1.1769276550033658,1.016442430757908,1.0575749127680596,1.0229420682190566,1.06381166577198,2.817039114071672,0.6340839340488804
624,1.411384139953985,1.8134445028122634,1.1802486710442712,1.0608286422538653,1.0265152579559178,2.640996073714948,1.5259339347520546
625,1.258235289845206,1.238571014026778,1.5525537190689944,1.1038829632221667,1.150645863209216,2.616776442420488,1.3029083035210471
626,1.0018211206859922,1.1661394572786443,1.072512268052868,1.0127645393975746,1.3077798068763387,2.7677504336331906,0.6815710475775247
627,1.4012189417816316,1.1212368881962658,1.2058187552084059,1.1668612046904128,1.2613631440435271,2.743120343142654,0.7543280183407859
628,1.2965214370523677,1.3424071207822537,0.680720958748445,0.5580398020827562,0.8225529228969528,2.749894276872106,0.6676646849113359
629,0.8438436403372986,1.2642486890651963,0.6347619621033029,0.7419058053422186,0.8244511946573481,2.771504527159592,0.7414567343108982
630,1.126788462614821,0.8547061724816966,0.8861163257282083,0.5930765536803275,1.3556664935773357,2.6859031519359924,1.5584533257920943
631,1.1407404123847462,0.8898014402155698,0.8973923815819448,0.6146557657844975,1.43683063969801,2.7244406265971395,1.3704299203410968
632,0.9461763641036143,1.0967583557958922,0.7706936485491913,0.9263773699828184,1.5968164488112087,2.400600100843029,1.1427625164237862
633,1.5054330975205472,1.0587467527155696,0.6712898386369903,0.9655638775239128,1.6020575812560423,2.5632895296839378,1.0437558135541116
634,1.4469264357103377,1.838000083620674,0.9156651265656297,1.1078192299010614,1.1236318611005598,2.8310446477182456,0.8014231323490051
635,0.9691984726478853,1.3197844101478855,0.8768611771466421,0.9448225988621439,1.1635001321888578,2.7490663832114604,0.7612709483316344
636,0.6904196477182457,0.5200049823295791,0.7907269550737263,0.8282523199128903,1.497309134042405,2.5934757037316962,1.1358520692416594
637,0.7013928352501888,0.7057035906821941,1.2016640670052317,1.0057039787506892,1.2900419517508106,2.716370845379082,1.0535031541409101
638,1.3005566268531144,0.9408118225011217,0.9264894699957682,0.9524903407780225,0.6835336139758427,2.6869372090678727,0.8752263156308258
639,0.8126376075531785,1.1230887992070397,0.8408425076684326,0.8391128090484472,0.47801730396824615,2.6485369188389196,0.9965438425357411
640,1.3379296599562285,1.2575907661039247,0.7297439380749703,0.7556544808917208,1.2115292861066018,2.4427251388990077,1.256476596050746
641,1.7353197506707985,1.1209161585822565,0.8210543995713602,1.076013589499878,1.0977889252935271,2.6718327252680587,1.2706082528433407
642,0.785527498977398,1.3949164495143833,0.9562269961331915,1.0179908750634525,1.3017988904650692,2.7362501276836273,1.273658460250189
643,1.1759168145443382,1.4989756321249723,0.9943090228779604,1.1968198663404752,1.3170569753638879,2.8499369046200513,1.0200922457818207
644,0.6446803419603381,0.6673176741112112,0.88949610576395,1.2983296287057955,1.179947670468868,2.7372618143846243,1.2729149407909723
645,0.6156050255939626,0.8947329043325669,0.8135839781118335,1.3276769504730996,1.5648699610811343,2.7908762222965153,0.9093470638735396
646,1.524970126022169,0.9988721272683699,0.7694409220344977,1.3468926509772758,1.3651352040196147,2.7509367538978857,1.3450893915834998
647,1.075485674910214,0.5985577044344379,0.7733773639758434,1.4826354368607115,1.4861098787381715,2.754390868353304,1.271959128834
648,1.1423097824957684,1.4022396467599625,1.1051455542561643,1.0936069343998183,0.8435173800802014,2.849595847584,1.008759118417189
649,1.386936820999378,1.3505738547094057,1.2155320656947113,0.9845569252939601,0.6373288205198036,2.869602449801435,1.1263398147044852
650,1.2252095810004997,1.13758508023344,0.773865645225843,0.8606677829753435,1.044757212614821,2.62909004304035,1.0046009425797682
651,1.0708700081475742,1.2101482181745973,0.9835152945101515,1.0423191187366165,0.7122906668580343,2.6311526266610237,1.1089630961785175
652,1.0037257693314452,1.4994435859529298,0.7779944753638879,0.8575327782460797,1.2803863837549199,2.6648212393591564,0.9119079685259674
653,1.2461163682894176,1.2243073529201765,0.900657172353925,0.9061635827897284,1.0826314560005001,2.760771781057911,0.7454987241176865
654,0.8387273616755301,1.145528387780577,1.0767661272364277,0.8993317313074104,0.6824732756578481,2.5618632977691815,1.3086063285076637
655,1.1864499493222935,1.1826250090104624,1.3154582595534898,0.783849764346206,0.7058904482358057,2.524153118385246,1.3737835944531738
656,0.9042283190819447,0.9246071917811989,0.8384992508943978,0.6936645341891688,1.3395060053357437,2.529466717503366,0.8121062053292687
657,0.781141387621296,0.48702299284221895,0.9476506492519325,0.8728766819717337,1.3336650900113955,2.6927801674010627,0.8681554673436515
658,0.9275791540131391,0.8799883603654426,1.0291272803551688,0.6707956036229177,1.1421372986001264,2.561814223031198,0.8279681591252834
659,0.9897003313838129,1.0351252844127687,1.1678991725775245,0.7462151161488185,0.8343535809685572,2.5402579797413485,0.9878404236001268
660,0.5956702916663781,0.975583894491159,0.9944274997759673,0.8503329901581592,1.553740107936925,2.7297289660335644,1.2329027578605225
661,0.6819552255874873,0.9623783534312608,1.129399886630637,1.2453623859274618,1.3360449156118335,2.668225855955607,1.171270955840353
662,1.4217986225714827,0.6986411622889178,0.6891753410974502,0.8802885872949601,1.6301019050037984,2.626416016870552,1.2058816052209231
663,1.221309707885557,0.7270233032970149,0.7335520385990048,1.082856502268371,1.3882468668835024,2.6392829670242235,1.195517043583378
664,0.9125484062495666,1.397249666506664,0.9818695469706122,0.32993217014900733,0.8192579401836265,2.5941368919983243,0.6050051300482587
665,1.034458740765505,1.1244823730506242,1.0180196223793927,0.2754181755490692,0.7715125239325047,2.563050109758097,0.7385601280030551
666,1.3419896863176843,1.2774948849691796,0.796324539717002,0.6412909452638281,1.5807154982103384,2.6713647714401016,0.7188847183023683
667,1.5248570045047987,1.1379871195356193,0.9732357054574722,0.7922989665770251,0.7129549196379225,2.5192033698550467,0.5855858047987587
668,0.7413516095664403,1.5096683217660045,0.6954743457304527,0.6611004022873629,1.2107615284701119,2.429919769394898,1.5688881358316342
669,1.0990931926760297,1.2682775019808852,0.7720628089530523,1.0825203774919698,1.1512415600710497,2.4842970026836264,1.2756150728844355
670,0.660856050101871,0.5391124209799527,0.646867954626527,0.7290090863681862,1.2400697126148208,2.7520952416918463,1.3323076618732286
671,0.8929002992394154,0.541886464372107,0.6865485219192438,0.8863349951110224,1.2152248634967018,2.692880783006853,0.8959527975136395
672,0.7902585781247837,0.6755486300802014,1.115177726610089,0.8679914033419077,1.499008888579579,2.453635899539417,1.3505060724372362
673,0.5620080558533029,0.4022860801056692,1.2764785138670645,1.0924921659632039,1.4002949416538606,2.6079138917427804,1.437664910243714
674,0.7506394162191792,0.8911740882536763,0.7041366867009974,0.629546089340164,0.799759523517249,2.643734394522668,1.0333665906183085
675,0.5863894602821318,0.7429532146276489,0.6369653930528679,0.7669007679250969,0.6922953737853083,2.598706548536241,0.9715417294219204
676,0.7207197895253458,1.2347382522044852,0.8538386454813855,0.7370059777919724,1.2389849608571017,2.5938703446443974,0.8857951729932141
677,0.961801539366065,1.2622614613686192,1.0009020528178727,0.8227806105570992,1.1680326215169377,2.6041454245584097,0.77519704003643
678,0.723231196318806,0.9091398788978854,0.9787573357932162,0.9274898475520572,1.183248606946266,2.6167292354288954,1.1330166204623928
679,0.8408870732677487,1.0073032929445225,0.9418122000574104,0.9957599160909751,1.2756532615986937,2.727809097488171,0.8654725981589697
680,1.3432323730506244,0.8072071514249075,1.3660255245717934,0.6406675225904752,1.2848225913534248,2.751440430310276,1.353195143244524
681,1.1875117322656936,0.6375062366750971,1.3682332893975748,0.657406269522669,0.8066488696314476,2.6714192015587206,1.088209311605169
682,1.0333893841701767,1.2411869471812613,1.309712006070861,0.9529092198679976,1.0364862001851816,2.61232092890436,0.965791389921609
683,1.3524031474307614,0.8949088758624552,1.1867136074254077,0.9300094989769648,1.2767764499292067,2.5946717818564804,0.815910395098072
684,0.9081107540256561,0.5603633298181838,1.052433797545582,0.5040245516355575,1.1372787242774,2.4320964960373637,1.024363367874162
685,1.00775789461893,0.8303902594576615,0.9275707341192414,0.41563969162148445,0.9361218213188058,2.5325832625569764,0.9824321626402888
686,0.9778825856658783,1.2407781078730398,1.5359607517253435,1.0789853764693684,0.6690032302528653,2.634784755655171,1.283206860492781
687,1.2790572798117088,0.727331702261895,1.2189758925098406,1.1225524647234768,0.6270079782396049,2.7155807173117092,1.2380516945934625
688,0.8241651661233503,1.119191990605358,1.0023773594706116,0.8498724347196791,1.2996654600589654,2.8634069500250345,0.7953089422607733
689,0.7617508096877363,1.1716994515910972,0.8064441507856193,0.7728330327193679,1.0737079230566662,2.759677763164323,0.6706984756513731
690,1.2642332939028056,1.1683730801695549,0.7233381888096537,0.9450743494371141,0.5638759604099032,2.6877070097132036,0.7737083812301415
691,1.4636400982232887,0.8312058224691786,0.7597679158673754,1.0532616912062285,0.5226630149535519,2.603341944337487,0.8549615859533628
692,1.2231122962998136,0.88575740739994,1.4810522914751543,0.9850643371991319,1.0375097944143232,2.523693161330201,1.1250086677524322
693,0.9556415869116464,0.9037266856783953,1.3894355466188084,1.0004698215743477,1.2919236315819447,2.584209669126406,1.1834648101992538
694,1.0906367673181838,0.6863121665066645,0.603539264793838,1.0447081378768388,0.6754742956605247,3.016611850140288,1.216088304479331
695,1.0579689552973255,0.7046734443055447,0.7788147953726066,1.1965118904965795,0.465921774347761,2.879795373785308,1.0511424591956444
696,1.2388492210503135,1.364730523325159,0.8324713027539871,0.8310380955707385,0.7476249313967638,2.4719714945356195,1.1477780042173136
697,1.1602735301311364,1.0464164875703608,0.8628681494116465,1.1646052113686194,0.6166310859529301,2.643478134809032,0.9646745784761539
698,1.0323890066138883,0.8549114897109603,0.8260680196184975,0.9541894969317605,1.3376068873333777,2.56975710745735,1.0160457468363657
699,1.0405821969896047,0.5924476003638881,0.8595152489454554,0.9898144744056044,0.9105264774729772,2.6149615233571013,1.298693654556167
700,0.9821332050737259,1.6035597674783306,1.1184593571698656,0.6703569954943358,0.8955330721816938,2.7476148916150094,0.9196083685130171
701,1.2289388379661919,1.0224478332049844,1.0473185403882335,0.592111898708472,0.9922136059236639,2.7408980293964524,1.1774105808727287
702,1.00930693730791,1.3269059530608984,1.0521362846044249,0.8674565134837514,0.4925988054380472,2.6259907608955197,0.6667823611320696
703,1.3073414466062911,0.8395049838313234,1.0393713220858656,0.8860487913145748,0.5609031519359925,2.616224114391099,0.5786205043770275
704,0.862648633786863,0.9765871612982585,0.8546877128060445,0.8017516834734773,1.1309411078091542,2.7438049233445847,1.1724468818055445
705,0.9318034922348735,0.7151638812305748,1.1817794293200494,0.8245680516674998,1.0123947350455818,2.828496073714948,1.122536223319117
706,0.518575861164012,0.5297309739899154,0.6411808882597185,0.6764071388031785,1.2118247560389177,2.6670926278433407,1.1025474823938983
707,0.6341884604099027,0.3411373792173131,0.7129965959864277,0.7669389566393557,0.8025270147618954,2.75927818999197,0.9537250307380493
708,1.505164507157781,1.3343624239834397,1.1524162892693706,0.6777847191009374,1.1341736636309476,2.88889674600542,0.9596638476798283
709,1.5595600974557957,1.3627279004661912,1.2068790935264004,0.5789983055019324,0.8752010559491313,2.7809553763096537,0.8658651960628309
710,0.9006234927783329,1.0769494971557936,0.9020158698550473,1.0256411788080992,1.3637783742648832,2.7188415973284585,0.9982290481524948
711,1.207854036138545,1.4284411503703633,1.0350579252615844,1.064400562627771,1.316788808122107,2.8158830924075366,0.8303046158932759
712,0.8243498054056709,0.8494541540131393,1.0363621926440867,0.7988076223155072,1.0228018192736015,2.919522301827646,1.3137112980247234
713,1.1781279944082812,1.0268314784312613,0.9332623822208009,0.7964990666214848,1.2317976786807612,2.824057399986617,0.9829939320679952
714,0.8795614845025546,0.9366144364450222,1.0697809225136392,0.8950903780354308,1.162276328252554,2.7304205215039876,1.3997347921140098
715,0.5929615644165671,0.9111283033613329,1.3460499605376741,1.2653129381384227,1.2534664451045465,2.818648715905793,1.0556008619625816
716,1.1989032005041764,1.2331228718687415,0.8366313463377982,1.0853909504722332,0.7364088363047341,2.7721211498269023,0.9465792496477633
717,1.249500234342841,1.196870808824848,0.9736147759453333,1.2243654459354925,0.6078910981909128,2.7509234017443354,1.1883244060264004
718,1.1227721556107113,0.7666703662765896,1.0450882298691193,0.6170589833202386,1.279808372922853,2.627573658422542,0.7931094220664403
719,0.9560153020188706,0.5844546196953333,1.2587948410016214,0.7327795965613978,0.8141599459350595,2.647992587582445,0.5067811568564796
720,1.1446257365792685,0.879481619439791,1.1412915436472633,0.9125122605441491,1.1217175957943382,2.6620566373653207,0.9439014879851836
721,1.3701656638545472,0.6548999702513106,1.1897508857996917,0.9346900587609629,0.9639524079434001,2.593035475715258,0.5140306180658185
722,0.9431797405734152,1.491632705840786,1.2513139566393552,0.8457064373717961,1.3684153899539848,2.693228392190413,0.8361246054121465
723,1.3481854339526191,1.2383410354992561,1.2168180486640123,0.9912117837419698,1.2210345653752837,2.691657825312519,0.8877255044413457
724,1.3932728175797682,1.648482911841286,0.9750810643207387,0.6319914063453952,1.218146131102803,2.689289308856791,1.157053903341908
725,1.2247298949068481,1.062042932195766,1.07194574162796,0.8791286548755942,0.8309097541534278,2.6525191231464524,0.8498763454749106
726,1.0698049128323779,0.7056227041150098,0.894164758019803,1.009518631422231,0.6248326962225447,2.8307274057384832,1.1631255708396642
727,1.4287810106395444,0.6877552382092167,0.7819561769869281,0.9600722638670648,0.729094482074037,2.8178099362214226,1.115907295532321
728,1.1717994688134528,1.3556124865797012,1.0320177576364897,0.5045479570865544,1.2413016885864876,2.776307474596828,0.658003586272358
729,1.483929839723911,0.9368727391674996,1.2343128209670027,0.5344090676440868,1.3809974056741636,2.8189065955072867,0.5386791682320072
730,1.1601798897938387,0.7857667436407884,0.9041123083137637,0.5455611159567285,1.2493786929315716,2.574268670979953,0.7099299719127683
731,1.3220385357232889,1.054164517669988,0.984580565087798,0.6426206475904749,0.998693689608657,2.692575448555234,0.6447487226159425
732,0.8360276527030522,1.4286914563199278,0.8527248985491915,0.7369922025174378,0.69665375932989,2.923636159924286,0.9899724093808253
733,1.0971057897170018,0.8304070992454576,0.8835681748458954,0.786389918455607,0.8170500000953953,2.8967260857932167,1.0994664846622684
734,0.9513909675037983,1.5853147483061663,0.7781634716252832,0.6301508044793308,1.1649249194782083,2.6368019274345595,0.9406812628125197
735,1.0200029393207384,0.9778210050163159,0.9708189605057309,0.8801136372694923,0.6785670256578479,2.778335955520924,0.884324375479142
736,0.7435718803038008,1.4078553405539895,0.91011584301445,0.6156956014179995,1.2898298345155048,2.5687517976414096,0.862047829402928
737,1.0152188746801392,1.1803572834229752,0.9656685791473856,0.7956594406951437,1.3550809090933404,2.6225380910655067,0.9735349108825695
738,0.7778610264244749,1.1051726816842486,0.7465173860871767,0.5595130657266536,1.4984592019424674,2.600681445583689,0.8810752277280867
739,1.1609974958141964,1.3609086475265895,0.5818228682574751,0.5945370635541118,1.0680969862598402,2.6175897871607137,0.7307517140207367
740,1.090148909189169,1.0422782160339972,0.5127368135860547,0.30257651262086305,0.8783642096109,2.6928530571953337,1.2111529296071015
741,1.0214108868222929,0.6885030915446491,0.7848010671645119,0.316069949961149,1.0627418860556668,2.6516996493797045,0.897671011726465
742,0.8104886067222339,1.0923806643336893,0.8366689366686216,0.8815595982228556,0.5188380746417214,2.8127973376787074,1.056561781441657
743,1.080658601961893,0.9771101436282709,1.1876406720664403,1.0265246993542365,0.49938711282546994,2.8675452215613975,1.1066706066264054
744,0.8266928143211711,0.8209771759008732,0.8707395886689325,1.0773420950596544,0.8774869933537364,2.454760707757786,0.8098387276003158
745,1.2091209610487583,0.6462640857293306,1.226258011790351,1.0788693657011859,1.0851669257087835,2.4965689269549847,0.8289785764633257
746,0.904793999264883,1.2587229727117708,1.1939659578855573,0.46421997680174604,0.7983372023577233,2.677309790004487,0.9814282974497532
747,0.8173682635795793,0.8485652780863655,1.1028665921200518,0.6100801554825068,0.741904360716813,2.7458379134073487,0.6440343735936513
748,0.5910659340484472,1.0419111256703657,1.044200375446766,0.7602052546330028,1.061100895513328,2.4186521334350597,0.823331741819617
749,0.8574461131772734,1.1957502618866118,0.9904259895508134,0.9728790779965797,1.0793701528627664,2.525734994407848,0.7262966236255946
750,1.1943947014948357,0.6437087117199898,0.8710405892443355,0.9064506328281464,0.9491785182769005,2.8422632089401025,1.1581226615538007
751,0.8775067223923433,0.24518046063350232,1.0409573567222334,0.9839142692990692,0.802480829274724,2.8783732278882335,1.1804339087100275
752,0.9568292451425322,1.3503120643526818,1.1660961610422835,1.0833749754597164,0.8787301032076619,2.5072462214336273,1.256073958365132
753,0.9908376455137613,0.9782449916283933,1.0560476421265272,1.229192631550002,0.9566861069462664,2.450178720570738,1.0530409788145745
754,0.8830780258495048,0.9858480883814472,1.23277033042553,0.9982897825600874,0.9508920480886095,2.5266723466891694,1.0006626328920318
755,0.934280197948321,0.9640460482806986,1.2121066985552338,1.1286625687940273,0.8836085818314452,2.5297046928038007,1.0645044906053576
756,1.203714743097761,1.2749978518336886,0.9997672048177507,1.1838424360617088,1.2846846332753452,2.533034376597139,1.0701365284701116
757,1.3189090616371117,1.3214100055278333,0.9006900056875473,1.053301324545893,1.015128721977087,2.6104004619755328,1.1689336528303904
758,1.1747753418006246,0.7972189462868635,0.720354071191035,0.6469749471173754,0.8368802076619573,2.685929856243092,0.8979728585438386
759,1.058067104773291,0.43401738608717655,1.1141024162506885,0.8631229644998781,0.8506105987982587,2.6868930665895423,0.6958412608316341
760,0.9402457191971991,0.9901385163914102,0.9372905967530547,1.1547393938838133,1.3552108703985077,2.552615722839542,1.2206374583327562
761,0.90004386205841,0.9181818887397266,0.8727791308792039,1.0965501493158176,1.1726561097900396,2.5308646252231664,1.019638242490848
762,1.5664023392447686,1.1076528750319425,0.46354730412796047,0.7848793123394202,1.334085836847761,2.542625474692656,0.7640876895767137
763,1.5864428688963301,0.6838835140267779,0.4484036101094676,1.1672827251726645,1.2742563753833132,2.5773178568823805,0.5490316470789572
764,0.8299229040131396,0.819954427913701,1.177194377619741,1.3257944969960793,1.288880997827025,2.5080864457434027,1.116180993417189
765,0.9975732152665049,0.6936571357996915,1.2157408705582213,1.1103836221877363,0.794395229773291,2.5258370546390436,0.8933136476863033
766,0.519575640336866,0.693875805182505,0.5039446865727931,1.0819620956985097,1.2277128157585968,2.905062589627648,1.0720592862663154
767,0.6321515595919079,0.5932580558533036,0.7551657765207365,1.2202990426889802,0.9637764364135125,2.721474793391721,0.8415671443310124
768,0.8378885819911592,0.6904925375125175,0.9599983525683731,0.7211842557190571,1.398976723734373,2.7208452416918445,0.9972308888674976
769,0.9894028184426565,0.41936197331868413,1.3029310970729155,0.7502679919793306,1.0025627723988184,2.737849266615009,0.5671762985038653
770,1.5108512229996889,1.0799828647748457,0.862565704210838,1.1578454760346866,1.150305229294149,2.5335762417237877,0.6959254597706139
771,1.1618761566967657,1.0090714281373008,0.9666901303676863,1.221853616021047,1.3294956050292661,2.622604005591286,0.6864559030863656
772,1.2821243270063531,0.9312519378513705,0.7354292092914726,0.936813799910214,1.2671397647299527,2.8414279168899776,0.939954160020114
773,1.5302980987982586,0.6435311203022459,0.8883593900174376,1.109128429543216,1.0900583333651321,2.8486470108955206,1.230376379025657
774,0.766597899603303,1.191300702134557,0.8803090899794523,1.10374049600542,1.1357748455711716,2.748495347647885,1.1256981802140147
775,0.8398257134453329,0.8670062456855593,0.9277543518971412,1.1110191276516834,0.966786835218246,2.666276641710839,0.9877582676699878
776,1.3059747523322562,1.165511350204174,0.63353900440897,0.8295876254787086,0.8392735606783951,2.801847366819616,1.0419186993222935
777,1.2134481331475748,0.8097966281308258,0.5047929076554823,1.0511375269359928,0.8497514916918458,2.7951953976224173,0.8831201253189945
778,0.6341057060963285,0.9062904795816342,1.0629505156567265,0.6076194433148853,0.892739124488482,2.8426572514693684,0.9067276430848106
779,0.693798829370552,0.7704778684171882,0.9303172995584102,0.8103816142313859,0.8944542741880473,2.6542472018785808,1.0808662100585327
780,0.8049560903627662,0.99896865685648,0.46562383828561904,1.0446178099113357,1.0168968571698656,2.6386250911293927,1.0506161644938357
781,0.5811937396785847,0.767883882572604,0.5365455625634528,1.090342742011273,0.9934926136244728,2.6990163220215466,0.9939663459540518
782,1.4138962177269647,0.917678635448321,1.2619084968044232,0.6027366308148857,1.3861272117519323,2.635467891231696,1.392201345379515
783,1.09640003585106,1.1847594609209875,1.1910208752231668,0.8614260992135149,0.9849138006133878,2.6908711848793927,1.3390598235552333
784,1.3447918786423434,1.095548327134124,0.9134857585308883,0.7344779064731667,1.1227668002300744,2.647189107361522,1.5334910212803883
785,1.373693091225221,0.9574113419922808,1.0305256111959549,0.7552692813773381,0.6474860219192438,2.701978244471733,1.0688082707688706
786,0.9007355927912837,0.7791291481015596,1.079127070040228,0.6603334908928431,1.3237596391869255,2.641594411969057,0.7599989158993183
787,0.8616287750505025,0.9063945828216717,0.9904643535275223,0.4705532593937759,0.8474226085757809,2.7371414697402265,0.7748114174010623
788,1.0626926360552342,0.6175402893017461,0.5155821268846242,1.067162523229331,1.433655578508097,2.8361465527220444,1.116995534924286
789,1.1907101853909103,0.3536998411613358,0.7427267237343729,1.1309657691074124,1.0794360673885446,2.7751643819652587,0.9903516551311367
790,0.9676389670561664,1.2303431225710493,0.8731606674968906,0.42830625680554435,1.1464669368287683,2.8318076483575343,0.831585316078025
791,0.9685713870778359,0.8462686299204875,1.003368718749567,0.689211486802868,0.7231716586780843,2.721943170340664,0.7654747112727911
792,0.6131233876208632,1.109061493513017,0.8855645960822565,0.7803504859080371,1.0719418308727282,2.5347039391929664,0.9425144662891064
793,0.9080359964849951,0.8791187903562906,0.9537597318180617,0.7401569760670621,1.1737417077897285,2.694890979517749,1.2037603302014976
794,1.1065765431681216,1.2009620486320693,1.1328039048436516,0.5517958259518084,1.3947234629342484,2.7193888178357426,1.060559030386679
795,0.8043119897424701,0.9961332080772135,1.2413123993477613,0.6984779445291444,0.8102616927079721,2.761021065503054,0.802096228143776
796,0.7210023304250971,0.7891945769100922,0.7384391849752209,1.2432575275748483,1.5679850615093407,2.826082991659903,1.063386059272047
797,0.8896710557894176,0.6888061351288933,0.7265062747310742,1.209800185870052,1.3238953789937138,2.8270659310449595,1.1290163070041097
798,1.0375683105506242,0.7555175443180618,0.8210291398896665,0.514850938074537,1.4007865352756568,2.6821946455133276,0.6991709446249724
799,1.4279052390077858,0.7056302777669378,0.8339519647873624,0.5240366844960791,1.0748388603015573,2.677838302977587,0.734136849437114
800,1.2043323872694922,1.1102140275429053,1.0881633013804475,0.9948365143466394,1.2640084228973858,2.7718971250634525,0.9290468870139498
801,1.0715977093234146,0.7811736225714827,1.0472598489894827,1.0969708961521838,1.1779999008495043,2.783025533582256,1.0520258044793307
802,1.102856129217313,0.9744898765975722,0.8609686082882958,0.6541657169279622,0.8053729264439006,2.5668918898577244,0.6268067470280221
803,1.0764513513864902,0.5139511761240396,1.1901330208008134,0.8569087571892913,0.7677495873912215,2.6460593668835024,0.5603448701425322
804,0.46369350683748756,1.292638826846206,0.4568179359978235,0.8018443023063556,1.1070221265651963,2.6951427300927193,1.310226816365509
805,0.5126401087354948,0.9800677322022416,0.7806301375569772,0.955871142318184,1.2898982151711094,2.7288753895702387,1.1301877238306344
806,1.0654130955707384,0.8873668339716122,0.5442638238427183,1.0434702081410994,1.1624062895577214,2.6971999583327557,1.0990946373014352
807,0.935109536234373,1.0588173516424655,0.5830696410080971,0.9598205132920947,1.0836024878574126,2.6960802576364897,1.0400647453026783
808,0.8855233428547362,1.1398862375379846,0.6824059165066638,1.11568055678051,0.7881611181616468,2.9609705811921567,0.9178733145123953
809,1.0366319797737245,1.1330121113237266,0.6594515902345618,1.2227694441134553,0.8051474570550445,2.942333562499568,0.7175284869310719
810,1.192540324354236,1.440427221370174,0.655113955233007,0.6052681897679373,1.2913903616116442,2.751141472743714,0.8909837430658181
811,1.446183339372107,1.173942340617876,0.9749087556875473,0.8635126731529279,0.8973581036229176,2.790451812563453,0.888649927690102
812,0.806307812595395,1.1281512461336243,0.5895932687879848,1.0964287831669999,1.377994157400373,2.527630026392533,1.0573012148831917
813,1.0512356764119575,0.7877059181038033,0.6884971377805769,1.260482688010652,1.2547095549584721,2.4738418652220444,0.994746784764572
814,0.851701129057599,0.5151646924200544,0.6891921808852465,0.9933213990917856,0.8016560001273381,2.6526261156373008,0.6912465198744724
815,0.9263709930977609,0.6461536056042365,0.8708818806232285,0.9901709266040474,0.5915141588377982,2.6220582297094053,0.5373332245009997
816,0.5998307583711738,0.5934325827577859,0.43462456735616883,0.5860973027216118,1.1540369523896665,2.7805414294793307,1.1123412563264032
817,1.14064021989994,0.7174217422987584,0.5761920271595916,0.9083195588891668,1.0459087251402888,2.8269242374740986,0.8168407721109002
818,0.4189038840100298,0.8003468004851837,1.2409339998394204,0.9825451088952086,0.542772275785619,2.6833997419154456,0.891164646855358
819,0.7569994031183083,0.8589415719896043,1.159652150466624,1.0782913548691195,0.4080676330517458,2.7667065119820076,0.6589624627425922
820,0.7714813104867387,1.1837948059491314,0.561544611164012,1.034617098861711,0.9416489822976364,2.6488305210248457,0.7928903295626415
821,1.0185980563324448,1.0017759567032412,0.6557213117644497,1.051625385065008,0.7427137947018084,2.730663852185059,0.4982588169728552
822,1.1050989456480076,1.1149430636814501,0.9339947677977586,0.9353920771341242,1.1342679023516813,2.639476376725343,1.4065785511244726
823,1.197830954658037,1.0779668897623287,1.4092934799968908,1.1624675196823824,1.0470140521785845,2.628782067196454,1.306561183058221
824,1.0235880365857437,0.720488366372418,0.9079407362598404,0.8333312561023706,0.6465505373843131,2.730345165579891,0.6724939135346865
825,1.2149868881962664,0.5984308076425324,0.7337081058278355,0.7264553322467013,0.8076492471877363,2.6834909161229183,0.4780891722580965
826,1.1391839713062886,1.469480415164202,0.9656289458077213,0.8572516819717335,1.4201492121352455,2.6106454125444603,1.2162965109594053
827,1.1081200552140145,1.3056199200216692,0.7712823701425316,1.0189842773512485,1.2832739717854302,2.561185094452308,1.043998721114199
828,0.9945480196828159,1.0424644752041734,0.8077767423630772,0.8829361570161934,1.0519722206026816,2.4435733599816962,0.8867736032396045
829,1.4013793428866788,0.9022324962290194,0.711953943698199,0.8916500388545471,0.6748482315948955,2.366202765464637,0.6352765245394175
830,1.3819112934240971,1.0279542436407885,0.7950670562051068,0.9072822619815744,1.0277396602756563,2.5533791465998164,0.8189193492774001
831,1.2887395521146985,0.8896373762138257,0.592753781057477,1.0231896601802615,1.1648431866690545,2.5969560993732292,0.7057134552014975
832,0.8352030714142011,0.7792466034951464,0.798258781920365,0.7749446910780247,0.8503557837100274,2.766472024315818,0.9607529333137634
833,1.4958701483575345,0.7641684008814474,0.7275934926186197,0.7603321514249078,0.7668705759837512,2.5634010313134525,0.66411981936943
834,1.4142526699254077,1.5289492658164403,1.078926437212082,0.8668432031882362,0.9718486837613952,2.595597824993093,1.3682636566013704
835,0.8918264335054202,1.1635467407970146,1.328287867234873,0.8760036899280843,0.960838153757164,2.6778442567416594,0.9989974041724202
836,1.006354280993592,0.9490267849242857,0.8244045860491915,0.6294196156692438,1.6760192253004358,2.557191157879082,0.7807139133749723
837,1.119330970187858,1.0042906758684969,0.8231288907201786,0.8384733928292685,1.0735235316328802,2.7875627799075375,0.5640732808662539
838,0.7867324201170646,1.0346029004661914,1.4405257939671243,1.1867546853904776,1.0195316731209847,2.7486370412187466,1.24668145008892
839,0.8051626769549849,0.7729831461841266,1.246525805981074,0.9845043629217315,0.8046099258046119,2.6689149452962044,1.1342718131069127
840,0.3356001784567285,0.9671734793580351,0.9872084057704253,1.1064397818569127,1.5064951283224821,2.6023881753893545,0.6455924345599648
841,0.5380009649151345,1.094650009809032,1.100461754696455,1.2690705192990694,1.2089100405803233,2.620717816621485,0.43624607671843496
842,0.9226357823679974,1.20680891772049,0.8021652071828158,1.2909298061731642,1.301084964563763,2.681050108256354,0.8444007253638877
843,1.335609619855047,0.5909010238047339,0.5462337886305145,0.8825113241621462,0.9452821327962038,2.6063761581985103,0.8116729525813233
844,0.71820693810648,0.5994827260666292,0.6116507223604006,0.7860453737853084,1.4376661070105847,2.4133325805528676,0.826055688969368
845,0.5850658869820071,0.45738752693599277,0.6596433800478259,0.7435480652475123,0.8570775781882362,2.5938945828216715,0.6324677800672508
846,0.9616664705387954,1.1344644491621465,0.5365817082688706,0.5508305725965171,0.8559866248079104,2.7628834394165667,1.119249485237238
847,1.0024219250699278,1.04387633346096,0.603502097584,0.5850693746162541,0.9346206566009374,2.812451348383002,1.0723547561986315
848,0.9566376305917188,0.6133668935643856,0.926417601705918,0.9352914615283332,0.7558825916728531,2.7672071238811364,0.5606840594321942
849,1.0017564755231685,0.5482335222386712,1.0204060001273376,1.2027410698485717,1.034286504728398,2.7251525094896047,0.6253244651067907
850,0.8409402340234131,0.8538916309745996,0.8129767968428406,1.2935523640712383,0.9474414212674377,2.505891434687736,0.7934102473793925
851,1.1402123225326322,1.0149541950726044,0.6558675144739771,1.4726003752559753,0.7263709580452714,2.645809484054922,0.9943496777220442
852,0.7684557643781488,0.46461299782659177,0.8606641200786465,1.1375335393656318,1.1342206953600893,2.77081807921127,0.8696831611061687
853,0.8435947790131392,0.5465838639439001,0.8611088572337514,1.1372881656757188,0.8572124717530545,2.689811269682382,0.7823023415450822
854,0.7603290869116464,0.7021572805148829,0.6851183792492558,1.12204427917242,1.3439937538020572,2.6126952423950205,0.8437354510795794
855,0.8649650109913481,0.7250681352881736,0.8748729279456442,1.0088381372379822,1.2568918122440247,2.70838875073425,0.5902817597451465
856,1.3390838138739727,0.9572719392887956,1.153146383978953,0.5174609174649472,1.072525372347883,2.62047881981663,1.036024623242281
857,1.3792019677908502,0.7707570969451439,1.3522571925797684,0.751533049143154,1.182348246612333,2.5869471436921563,1.0167307501592808
858,1.043518013516127,1.207084658614199,0.9725460177334397,1.2797003589275846,0.8191394632856196,2.719246102760463,1.1337022221687434
859,1.1244583827318853,1.3728241195995046,0.8950838258879228,1.168651535051624,0.7527059105950845,2.703868344196766,1.1600846295686837
860,0.7052426121227289,0.9708581707244103,0.824529862953241,0.9664521550672509,1.1829322112084721,2.7518741061792062,0.9463741076809503
861,0.606018261374661,0.8640999501208627,1.0282696178741615,1.1327741360232904,1.1658098846497518,2.7681208363686194,0.9911577767443354
862,1.151789802082756,0.6547954438902883,0.9117334416214851,0.874540713924475,0.9295768446124553,2.8372286630874863,0.6157284347516219
863,1.115338478240037,0.45472047603468635,0.9752110256259052,0.9088776654201762,1.1182491076809502,2.7419359972835644,0.32371838595940533
864,0.7910039653303905,1.1543219594192438,1.018297829402928,0.8558200946763408,1.2789211168839354,2.746878770545271,0.8364375135156941
865,0.9373338929894154,0.8750975510925295,0.972841910786741,1.149497064672109,1.6250384365727928,2.726799278533565,0.787499331511584
866,0.7785367636115217,0.9188911302399154,0.9422859323869897,0.6815655169344372,0.8755182979288951,2.6755272811537387,0.7991273304250965
867,0.8142387894934027,0.6010680897234777,1.200346447469179,0.9320806777539873,0.8154479719132016,2.8764418749356815,0.5920584900942731
868,0.9369727563898554,0.7592336243926541,0.6410636081285822,0.866220626756853,1.104524247187736,2.8728087244371148,0.9211762939986342
869,1.0680242717280202,0.3724834856844377,1.0080447693948977,1.0199926516804498,0.9111981286423433,2.704626412576403,0.7852260752810101
870,1.3143418712290196,1.050530593525535,0.8256813754787087,0.6684133118926542,0.8819300009582836,2.7046179926825054,0.7877908906886693
871,1.510326197660836,0.9182547785339976,0.7959742165450823,0.8419983540701168,0.8907993516420325,2.6771422383684977,0.7280127948295794
872,1.0351264811796395,0.9522480316013702,0.9915856741116444,0.6493847168006242,0.8760443447721691,2.800929743576903,1.0848934030863655
873,1.0564653244496316,0.6860701051885468,0.60893153220785,0.8240216774021838,0.686095963253676,2.753693534381258,0.8200946768591564
874,1.195938388803179,1.1954946731524947,0.6003531423177508,0.7107414489066044,1.4542506544603386,2.717577984790039,1.1807817657521216
875,0.7875430508689301,0.8697379417496891,0.9209286294413462,0.9146354033099648,0.9654310269679349,2.813417871101248,0.9783049523900996
876,0.6439551069143236,0.8319370112792664,1.015986209195644,0.5407279765781466,1.1046630515077862,2.711552502779455,1.2599976465363631
877,0.701234126629082,0.5841020782521216,1.079515334067873,0.6755336580387956,1.2715843922223558,2.68214310464552,0.8189762455258456
878,1.1700268244820076,1.0536918794409127,0.7111605032590299,0.9998924091257163,1.3744819499296392,2.6859006858061667,1.1369783220854326
879,1.2176344579174998,0.7939818813264025,0.8646317754657586,1.0108167697782113,0.8512142924330046,2.6602100817351837,0.9474865852501888
880,0.9592375702003755,0.8354465773577232,0.5708040936217958,1.0782845548630768,0.787025423919555,2.5092235846109,0.6085171622565417
881,1.1985567880874872,0.7966304725520569,0.5476926786164427,1.0040730279901038,0.7660962661997535,2.5060267513735406,0.530259910084
882,0.9113932308274026,1.087642186796826,0.7216310358830023,0.45547403527565644,1.181008431907848,2.4237907825277114,0.9707579782396044
883,1.4875913144174329,0.8222465669409128,0.9242259030220468,0.5348704693245374,1.0630823447082836,2.401027399826903,0.7100266767633279
884,0.888640909412768,0.8350523595660072,0.5498927971942116,0.8191230466188082,0.8777253917751566,2.665268442644087,0.6235612621736636
885,0.6764835162316963,0.7058216444592166,0.782395383498945,1.2220934590678727,0.9062572231270274,2.655729308537363,0.2844238644230421
886,0.6694126679445218,1.0132825894679351,0.5153254440500022,0.7141322902285194,1.1609041033354324,2.60390906914583,0.8936561493477604
887,1.1265443582878627,0.6060753328855565,0.7552573738491936,0.8445186038784596,1.0933894617838753,2.635500549302868,0.8701552009518086
888,1.1321837945420943,1.2928660913853678,0.5414160444143232,0.33241176511326576,0.7285318664043606,2.5247812254597157,0.7584127060005
889,0.9013302681486964,0.8962238540062312,0.44204098181806195,0.46817776766955466,0.6906247896850596,2.505086334578958,0.4952849869945245
890,0.6857087207304526,0.8083853682574753,0.8583629627741021,1.5729224793904104,1.200611127076714,2.490254527159592,0.5926517208262806
891,0.6330587199318832,0.8476883096877358,1.2636435508050448,1.1050684031817608,1.1391813299140123,2.583417074929206,0.5818908257920941
892,1.014828742906104,1.1929130179570397,0.6889408534312611,0.7206097325212362,1.0795933313842465,2.7951898669793303,1.3067252470599655
893,0.9667073932764676,0.6786339616880476,0.971743982137923,0.8316900177014976,0.9515086707559202,2.6967459550417834,1.2498897677334397
894,1.185746311061276,0.8840759372759676,0.8994451006833161,0.7307014425158826,1.5000415010860544,2.7634031093747833,0.47681900757217105
895,1.1266081572087163,0.7691384768336891,1.2839053912316962,0.755347701814696,0.9384973130430275,2.7515667287187466,0.6923811926121438
896,1.0981468221173751,1.0760162308921541,0.6377119770253455,1.0863186134967011,1.2733134924589056,2.5874834781757183,1.1457117576999427
897,1.19306721743948,0.8344996084156336,0.7603617449828183,1.095520426060154,1.0984090355950844,2.5593896565689946,0.8880903765336864
898,0.7535381381319473,1.1730453953221045,0.5024972809940245,0.9174529907970144,0.7963415547672488,2.707677466225221,1.0342803031057908
899,0.887033948970923,0.8743889805718603,0.5476569560320096,1.0657085655030543,0.8478414876657564,2.792440660147885,1.0282189232483232
900,0.8786210677079725,0.9768618806875468,0.9295579618158185,0.47771485876743713,1.4094443671075345,2.8741696402095274,1.008027506486117
901,1.3724567813773378,1.3416568739130792,0.5956062448869895,0.5032878321823827,1.1131030601988208,2.878384537032943,0.7670752948295795
902,1.0760101018656314,0.665545029779766,0.7754130680269672,0.6730357786613356,1.253089665484062,2.685825753003055,0.9133136977562314
903,1.344998042113577,0.40992303169676614,0.9675880245717936,1.0090560329749103,1.3366670689222309,2.618682958812331,0.7191955833970746
904,1.3881928598858684,1.2261290719896047,0.9846062478904775,0.2241392029007513,0.8013646162127037,2.452053002012395,1.1795544741815718
905,0.9078524513031789,1.1457000254342484,0.9214688746801392,0.3591393155669399,0.8352299509837506,2.5841047196443974,1.0474271527669379
906,1.1993222548566018,1.0394910683468281,0.9093246934426567,0.5100728271980096,0.7466106033034897,2.471462885863577,1.1380111098543584
907,0.8721027953087215,0.8575793868542363,0.7937597243093432,0.6796793279646366,1.0634486614260295,2.5416965423052336,1.0573973213503156
908,0.8544304315879875,0.8397076596683106,0.6907145192671266,0.5437611689347489,1.0693562649220425,2.427682658869741,1.2119035995972611
909,0.8309485412511217,0.8400994113302014,0.8942043913594674,0.7522330245074751,1.2027410698485717,2.5343604160270896,1.0850449611765292
910,0.9947363218618329,1.4738804770572886,0.7668383410335641,0.5332039712419699,0.7317738636244727,2.5832975765267783,1.5209493098793927
911,0.7195196253828802,0.9409272348858683,1.0635759813389198,0.5902688307125822,0.709527509489604,2.576127134138233,1.268841139154983
912,0.7886140999481988,1.228017727089231,0.2226852451744749,0.756885858479953,1.0112758805912858,2.5106052509263406,0.853385663694833
913,0.8771954341766519,0.7332243337165024,0.3057981824189324,0.8955596012263428,1.195056663407348,2.60977975329054,0.5795196679440895
914,0.9242934374356816,0.8898603794728553,0.9158082647618957,0.7837144476604029,0.7655669069846838,2.493565926539729,0.7328876105566662
915,1.1265414690370523,0.8412147781502511,1.104000243353303,0.9521874724562287,0.8289422554954575,2.55509429629938,0.4983744046200517
916,0.9986419734783971,0.69344255243456,0.602537865733129,0.6972122889818851,0.9601812993667533,2.6879033086651347,0.992943350108346
917,0.8577261879471992,0.4228984189666912,0.6910689284567288,0.7799794121930894,0.7537212601927783,2.741737232201808,0.8386602503828804
918,1.0537206267568529,0.9979707454300172,0.6842488092401041,0.9197999104677462,1.169567465810398,2.634741634681261,0.9463418727307635
919,0.8744511596048581,0.9683539144618929,0.8604813485427163,0.925021984853492,0.970263144842097,2.5424480585373628,0.870179016008097
920,0.7785462050098406,0.7891261962544872,0.6403377746991317,0.6606889215868654,0.901440325152806,2.653723621165134,0.9041359481076019
921,1.0827661743028683,0.7926603510351189,0.6996413645827558,0.6216646103011243,0.872087575408781,2.7599206707244104,0.9470083437819424
922,0.5342940783803257,1.0966277961072908,0.811614013324037,0.6755406333072885,1.1713830558533036,2.671946693027401,0.6870938746801394
923,0.775036463668933,1.2057741896090899,0.9190570619880494,0.9485890230376739,1.0266932724946467,2.725810808505419,0.49186455211469915
924,0.6781996874356814,0.8605208066199297,0.4934702431935895,0.6044509342724802,1.323096232649007,2.868729567420487,0.8550045316648234
925,0.9657973436856814,1.208802872827025,0.6213225317606517,0.8035103772679377,1.019222851035119,2.8641044592595297,0.9145516274919699
926,1.0847794353270248,0.6274913272299523,1.2511702200596546,0.71399433215044,1.2621974145892314,2.6591199745968277,0.9500082796839374
927,1.0202458468808258,0.45859202495467366,1.1141629753958306,0.9225029318120197,1.2015778250574103,2.92844463800461,0.8285560344766537
928,1.2106582714720449,1.1898868008689303,0.5485626717465795,0.39861023175417637,1.135104463764761,2.4748605271915345,0.7762019267313855
929,1.220712391135868,1.0496492912506883,0.5964351600520571,0.4758262036678111,0.8828090123657538,2.659857117170988,0.7258479757152586
930,0.8697576707882957,0.9105065731719207,1.0018211206859924,0.5195062381768409,0.8539651191523061,2.817121868385245,0.7337025751847484
931,1.1164119934491314,0.931795072340975,0.7784762044663803,0.8247271834095917,0.8122817537381714,2.7397157265462044,0.513918094931883
932,1.1079804046519948,0.7652312053292682,0.6788317052653831,0.7146953290191812,0.5542505843553582,2.721550149315819,1.1285391596363683
933,1.2336124224816962,0.8338345093937756,0.7287097056806386,0.6340847802908507,0.7226269043006242,2.6251831946569157,0.9781224287127037
934,0.8108912444078482,0.8543998165256567,0.792617230061209,0.7744377022938385,1.2423991941143209,2.6099696753574126,1.0819006903113977
935,0.9441955132920942,0.6434231063069776,0.7421703096873031,0.9051348810384849,0.9674396035909751,2.598751114135557,0.9207120030673728
936,0.8213161899280846,0.5768597675737265,0.6510567455262787,0.8444719952703029,0.9997708677144477,2.7154909877296416,0.7387366979163782
937,0.8872822119116468,0.1749784407585967,0.6365171682635173,0.6909902601608355,0.6460390394614601,2.6958700081475744,0.5475811769869277
938,0.5473015253379873,0.9424573947782109,0.7595825029391688,0.7910971825467038,0.5796779534442111,2.3854416100455818,0.9416925263925322
939,0.9757380939735993,0.6657671867968259,0.7574618263031788,1.0523292711845593,0.6796957446314476,2.4427191851349344,0.9180543935643853
940,0.9997698462100273,0.8016560001273383,0.9745476190879873,0.9165063723798264,1.1302932716960772,2.6533429307894174,1.1593183165575995
941,0.9377059882087836,0.7242106480696167,1.0166752985362415,0.9982126314856837,0.829918219612022,2.7014121411678107,1.1885071775623308
942,0.5821733666918453,0.506561641231696,0.9039883007726688,0.8069328551566046,0.5080150005745369,2.5804740352756563,1.2280000410594654
943,0.8288465721493185,0.195581936604736,0.8783806262777114,0.8317257402859299,0.6605710430722938,2.606891742139044,1.0563226093743503
944,0.808376948363577,0.9166698379981343,0.9769623210308875,0.8995541361830051,1.077994017190413,2.7077523990283323,0.8967885126847485
945,0.819450751501311,0.907658618481074,1.2793671234019952,0.9182040839081589,0.9708575723409749,2.6257071984913476,1.0443660593363653
946,0.9936630545112737,0.9774218549649474,0.6593322670945841,0.7790747179829401,1.200266582406415,2.4899600787316967,0.7811253940754699
947,1.110662252332256,0.8684053501722313,0.73655384224739,0.9093821880745367,0.9231998426630789,2.627425835825159,0.8032512283034897
948,0.6958928016994427,0.5687294272105271,0.6122806971812608,0.5287517700976391,1.0670083237468901,2.691816110812642,0.61697954137846
949,0.9978504007856193,0.5150656967021193,0.9600474273063553,0.7647613837549205,0.994667941206229,2.632567374168622,0.4611143177718579
950,1.0469397177589082,0.7072185306745968,1.0116700983830023,0.4475286847196788,0.7338717467085947,2.76275178562746,0.8689040943249702
951,1.073496404204796,0.5034960386624572,0.9982641723534917,0.5990985480566663,0.6384708916469526,2.630604807770304,0.744625666474288
952,0.6891293308727287,0.45649865100921844,0.6396304009453331,0.696840018500067,1.049250739582756,2.678891242906104,0.9152187695226685
953,1.0792237748907882,0.3720413899216091,0.8476228182829422,0.7686760536488183,0.7665122560389177,2.7487803546774625,0.9089004589720449
954,0.9604833214465771,0.9483387170881095,0.697775926155982,0.964797141391843,1.1496126523193055,2.5498843773003137,0.9732180920237908
955,1.175384989199442,0.7135467057445246,0.6781491680722934,0.982082510447888,0.6758093989325044,2.5041806188643876,1.0481628507156913
956,0.7754489658738507,0.8419260626592807,0.8515058516100895,1.0552043533034894,0.9881352951490073,2.9574450215678727,0.679229235428895
957,0.8807873314476985,0.5642006007791441,0.8707494531882358,1.1165840542237881,0.8638551748143853,2.941283687084311,0.8022459184875496
958,0.5807729928422186,0.8084710118218603,0.6272841422542983,1.0246329797413483,0.8776529251018705,2.613631996292906,0.843589248370052
959,0.6368216564731659,0.6795144177209228,0.8227997412122708,1.0704882962674378,0.7650096466956441,2.8043483107103393,1.0118840833646985
960,1.4413467123592785,0.49653278124956707,0.821139196893776,0.596204583141099,0.5364285302908506,2.574380595730453,1.0070626762518107
961,1.4130619471812613,0.36110188196525866,0.8995625560769026,0.8084919376273381,0.6786815918006239,2.581226573012207,0.9472650266165646
962,0.7688758402349944,1.2022111122500665,0.7120496270443379,0.6953525564606488,0.9577523990283334,2.6975732503189955,0.6282834983061665
963,0.6117016648447733,0.8828213430148832,0.8160765021086569,0.9182981473664421,0.9841606644934033,2.7372554374995675,0.5080234204684348
964,1.375590516743647,0.8890916003319451,0.48871823824072663,0.6302370464271517,0.755986096529455,2.454404255559342,0.9647226317097163
965,1.0883175734589725,0.6923538899216093,0.5852443246417215,0.6735408996991319,0.8793319290960171,2.5999720288210497,0.8206593355376739
966,0.732504454051124,1.1939327014309502,0.6733827894614601,1.1696056545246563,0.998927155770425,2.9195974824892934,1.0030231525748476
967,1.01759232339552,1.110777241596017,0.6718555188199276,1.0711677689472656,0.6964048980057314,2.8114618568504377,0.9844785048566017
968,0.5868192253958306,0.8725892088123307,0.8755581065310102,0.6267406572397932,0.9902311352242883,2.7564025094896047,0.8549653214461437
969,0.654638179894587,0.9766307053931541,0.7045280878379873,0.7499106935389178,0.9872486374935248,2.7899764603460175,0.717279625606913
970,0.6582456475904747,0.7043750851224179,0.5060128008365541,0.761742389793838,0.8811021072976366,2.711575296331323,1.109792259202119
971,0.8296079529007511,0.5578038697911617,0.41320321763113665,1.0963349675672514,0.7877194455198032,2.6264418749356815,0.6801700753444624
972,0.34191313362671594,1.1946634671200527,1.0561000292363056,0.750133098414512,0.8896823649341267,2.5160882694268403,0.9234180889249081
973,0.34559782499309216,1.0017626045496912,1.140379027926652,0.9669712266420322,1.2188506156057908,2.603945214851248,0.8484139678547361
974,0.9039903437815099,1.1043324573744726,0.8198963348983853,0.8514354279456441,1.1671217982802662,2.5797106115153823,0.8940025617644497
975,0.7436223996671886,0.6923984555209255,1.0192089004981342,0.7207485368412859,1.0628474339211094,2.627217629345084,0.8346925949957686
976,0.8181994696120222,0.8597555151132659,0.8452885797862411,0.6435863240667512,1.1651401012267755,2.5772687821443983,0.7730580789872382
977,0.8156982778627663,0.5339797256513726,0.956245280546393,0.7235125404516863,1.3042123956410996,2.594461109246579,0.7129732040511242
978,0.31014712656519633,0.8930845154007512,0.7821163302334402,0.8333293883559801,1.2444578669797641,2.716682731978209,0.877352522909903
979,0.5433229839271512,0.9984998567865522,0.8238863607163804,0.8527043958646991,1.4106839893272136,2.830798252523914,0.9877045085308881
980,0.5638615867519327,0.7927747419154452,0.7763452401901019,0.9168025132916615,0.3991947947337508,2.6779013282525543,0.9739895125569774
981,0.7743340221747859,0.7658018177718581,0.9564440456281492,0.8215596958716068,0.3500989256129548,2.7646090520188706,0.9480036138161287
982,0.8535150266165651,0.9193823007407265,0.2990148072911614,0.849075754504798,1.4782211765721045,2.794265866851559,0.4122841497630173
983,1.3095403684171891,0.7393771356399774,0.39668440944471134,1.0210817373143852,1.0156946500185593,2.623826963285619,0.32749671766307925
984,1.0262109450087187,0.5784416435963282,0.8863586349048606,0.6964593281243502,1.1268354943439622,2.9261161780095293,1.075299065215136
985,1.0139819664488208,0.4150705238043006,0.8666008940115839,1.004852445296204,1.0372802390077858,2.7899382716317587,1.163041371900684
986,0.7880451073934648,0.888265326559154,0.34205049332136045,0.6406094295751591,1.1162717445036765,2.582331476929517,1.1946431396980095
987,0.772903456383813,0.9644583752231662,0.5131476959031166,0.6597505478011242,0.5829322813134524,2.6629206767313844,1.2715024841507505
988,0.7465654393207383,0.8796635447337512,0.7215585692097165,1.0328009104353704,1.0796709781757188,2.995703442963515,0.6153436583582238
989,1.0078248306491295,0.5453658385092184,0.8369787802589076,1.1568194156757188,0.9001857308917213,2.8050899624231644,0.49721838295591775
990,0.6566672592021195,1.3281416645253454,0.7030950559171885,0.8926518610362411,0.864381644778644,2.730868147909903,0.6256650990218577
991,0.874108059559965,1.1371846608191165,0.63045613893095,0.8503551853265919,0.7180740875505021,2.8045807553676867,0.6292832774790195
992,0.7481275863047339,0.7284479153239154,0.7362788749995671,0.458865722839542,1.5044415629791414,2.6951745419219204,0.7006267700976387
993,0.751833874456107,0.6444131962229777,0.6548344788465171,0.5401087125185592,1.3111713191777734,2.869154823395519,0.7760959557449576
994,0.7857846049330048,1.2784341049968904,0.6848711378129528,1.0081989688773378,0.9049059240153832,2.4528823402984474,0.7684618934046715
995,1.1272087863302016,1.1168255171584698,0.8918749098599674,1.0766946820675622,0.7112927554315722,2.60417332563238,0.6740404900938403
996,1.188072057067995,0.8732768535275224,1.1517060262647612,0.752681672417811,1.197793787448199,2.827113561157538,0.7488165003828806
997,0.8173919033734172,0.6323665660780247,1.2035681172672485,0.9599468117005642,1.0017558045436488,2.8428948036488184,0.8123526005236021
998,0.9301185344766542,0.7968370591442758,0.6430736293770273,0.9431212244371141,0.9325192858825696,2.6349028094321945,0.9815818985487587
999,0.8929968288275246,0.6995483226288933,0.7497306359913483,1.0782285048566016,0.7291396460567883,2.65256862100542,0.9017090907780221
1000,0.6578520281821935,0.9013943149280842,0.7140320977437133,0.5650229637967037,0.6378335184366143,2.6599632634198653,0.7048270454045495
1001,0.8487410743538034,0.6123589423561686,0.7327379202128925,0.5048549114260298,0.6101961662506887,2.6837085640013107,0.5913213475201143
1002,0.9805394215229799,0.7769836349048606,0.9134713848729175,0.6056207312111489,0.9814073716442756,2.45435415931694,0.9469338340998155
1003,1.1962254388415967,0.4870145729483207,1.1174074387457684,0.7455120762712364,0.7231256484533636,2.4666757567097153,0.903358749072793
1004,1.0521596765397285,0.5610945186282712,1.0724915175098406,0.6056985532650722,1.1477810687305743,2.597525267190414,1.213974004728398
1005,0.7599186277155696,0.5334259529965791,1.1236128030414727,0.7438137663594673,0.783675835825159,2.669732799175096,1.045708515433127
1006,0.8659539041404773,1.1876985898193055,0.932163432067562,1.3216654189995,1.0233931822592188,2.531958219995769,0.6117269245264676
1007,0.8588662160655074,0.7506839818184952,1.1267784228330666,1.4927780893397307,1.0921348675227913,2.6528427420112735,0.6191999873782711
1008,1.0137678062046738,1.1524458102311963,1.0023806718424073,0.908863890145642,0.8100738136499401,2.8103563545496915,1.1443198037442135
1009,1.1767635910016216,0.9833089557764674,1.1254242344706118,0.8620024901577262,0.7183011768272141,2.887402731818495,0.8993555463636986
1010,0.4954624031498184,0.7855342989834402,0.8917373023067883,0.9921327193564801,1.1914200252745346,2.673171095347139,0.9602775810963281
1011,0.6058453543580347,0.5976417010795793,1.12959252268587,1.200017297961271,0.8383177487214228,2.5301484084544845,0.8996954066328807
1012,0.2875716229224202,0.9391075588252813,0.4804517349497535,0.9002996986510622,1.0306712155220468,2.730838977472978,0.5655812455901641
1013,0.424687479964947,0.8091299092211115,0.41890141788020374,0.8799099399280843,0.9456931903757162,2.568085501852681,0.5594005425927187
1014,1.0892674316518731,0.7483249067610847,0.9216627075022437,1.1568838855760917,1.2856299823295794,2.7499408854802634,1.1177688232038627
1015,1.2422548591511842,0.5016330663655101,0.9897245695610867,1.2309558344831293,1.2251352465808232,2.6452899893591564,1.2134352041150098
1016,0.6793220295242239,0.9131219079429674,0.8923081626079126,0.8742581730247232,1.080572360014072,2.5208248792173142,0.6230883760860546
1017,0.6943351638541143,0.8010358898257812,1.1856405153372986,0.8653715594321939,0.9199151475900421,2.6214535145702387,0.4346052614385471
1018,0.9643103047672492,0.9105907721109003,0.8931996799269626,0.7219248859274626,0.745734656409281,2.53514459033039,0.7968060209609603
1019,1.050238611227465,1.0359884775368637,0.804014053680328,0.8091715855696168,0.4794345176056691,2.640810836049192,0.6824285347960819
1020,1.0070702499037385,0.9551266013545469,1.066360487633813,0.5379132783419078,1.1930290287252214,2.580559854102493,1.09345784243948
1021,0.9085588035525571,0.83490615685648,1.1144325872630172,0.4954237913145745,1.109335789781321,2.7019821552269656,0.9820340340933404
1022,0.9270673055653853,1.16434113014452,0.9231630985742262,1.0075466236255946,0.9241035153688076,2.431505133051746,1.0744575715424058
1023,0.921223077869241,1.1269369561917237,1.2068893811666888,1.1825139305019328,0.6966211012587189,2.5446430695930293,0.8577007530030543
1024,1.000464290931261,0.9910674487788331,0.42684081467210894,0.7665443157266537,0.9333338273896665,2.5570390014054825,0.8590140386628905
1025,1.1365752612788322,0.9060173800802015,0.4088374336970772,1.1115907615986935,0.5889210192351836,2.5029141170751594,0.7225979817222333
1026,0.4389110846109001,0.902120994599505,0.8577607137647605,0.8462729637967041,0.9954738875569769,2.7734204849497543,0.874811945679517
1027,0.4282382992709255,0.606236930757475,1.1926627120074753,0.9765955811921565,0.9483888133305126,2.6401747322018094,0.9594363352821313
1028,0.5864136984594057,1.0172859674394796,0.873151824482007,0.6236062508939647,0.8278447499676237,2.5068332961077235,0.8597743979099028
1029,0.48970466526002987,1.1332862323295796,0.9212015536803275,0.778065920532754,0.8673821790640743,2.5929482122630163,0.9941790615727936
1030,0.9289789294793306,0.8080091870204252,0.5129965609339375,0.6808854458711737,1.0532294562560416,2.5607856965424047,0.5305126821633902
1031,1.4349052405095295,0.4582425480247236,0.6534727168321338,0.7021735219192432,0.72744218238699,2.6075619486830055,0.2908433889628931
1032,0.8203772177589079,0.6452201640781466,0.9847846855501915,0.5606859271785842,0.8480195022044856,2.688219704402929,0.9060079386818826
1033,0.46099728549925617,0.4996532370584102,1.059652468430139,0.5575570514758433,1.0954565545432162,2.7340015327513107,0.8988373210308876
1034,0.7700333065245349,1.209623192835744,0.582716078060465,1.0641903131388555,0.6339822969386691,2.8183513782270877,1.234742586080701
1035,0.8416225959540518,0.9169825708392308,0.5074197268336889,0.9573883731779624,0.6536745464271516,2.728262079274724,0.8707605144744104
1036,1.4373174763226044,1.1477186418390422,0.9786873352497559,0.772190975107913,0.9419216586780845,2.6995532548885444,0.7231174764179993
1037,1.122865197564574,1.2597297271531167,0.946157656569428,0.7063698864709226,0.5835677867774003,2.7885576268207397,0.7236010006707987
1038,0.8936580170941516,0.9147078699832515,0.6277568530794571,0.7476134469896044,0.9331792047862414,2.48962250932989,0.7591903281562934
1039,1.0891957386244724,0.6300173555399179,0.7307289204688686,0.9201650304186216,0.7079298151836266,2.5056668115408507,0.9058761096303256
1040,0.7691360107038635,0.555120577485495,0.7840411310384856,0.8488359114579727,1.0814039891675002,2.6701235293325665,0.8033027691712986
1041,1.2547477436727312,0.5299529557445245,0.8617086401132661,0.8383300793705522,1.2205433948744726,2.5235730645443386,0.6368563575531789
1042,0.971362693378771,0.934044090394276,0.6325952752425918,1.0975930494625816,0.9296834139823181,2.619472663758719,0.684562140464636
1043,1.0510225376722313,0.7434187023257812,0.8548339155155722,1.2091969153562911,0.8754201484529301,2.5678425942925944,0.4907904385221692
1044,0.5898758096877362,0.7924182897170021,1.140269817164512,0.4666960841317583,0.9666722690754698,2.5194056225710497,0.7264190112788331
1045,0.6331681785525568,0.7314307635795794,0.9574460430722935,0.5449126814602163,1.2006086609468878,2.5813931031437765,0.4923678054061047
1046,0.8178799367648831,0.8215779802848081,0.8085742688199278,0.8813365949638254,1.0031445187236665,2.620359919797636,0.9524219601224178
1047,0.7756461110677512,0.578432026935559,0.7999219676311367,0.8149272804505643,0.9749216847201119,2.5922636320610866,0.830257832022669
1048,0.7924014499292061,0.7372078073869897,0.9185708237468904,1.0282158587350616,1.1459969399919698,2.675818241947388,0.8005897080452713
1049,0.866256349341286,0.49993331182833534,0.8886608137138258,1.122268654460771,1.1758981070101517,2.6834568134263406,0.6163867337674377
1050,0.9437739928098426,0.6844943581924675,0.8589539026387338,1.1135443097196793,1.4161390341576592,2.841562212071361,1.0373422427783332
1051,1.088513624552368,0.6140359033414745,0.918590728047948,1.0468629172094055,1.0255415847067288,2.7453371262457695,0.7160511372694929
1052,0.8589692978011243,0.9272691351604029,0.6748135305148829,0.7759522191652563,1.442269092599194,2.7752600653113975,1.1082976466317582
1053,0.7384991457369274,0.5888828305209255,0.8283026640138283,1.035189155929706,0.9839446365028657,2.836172833908159,1.0612516073615224
1054,0.9379657355566666,0.7293938627615844,0.6038382223604006,0.48346213375448777,0.42327315557833545,2.697686371836366,0.6306902034761542
1055,0.8244029661613355,0.8654190142823207,0.5537998934361809,0.5297428815180596,0.6206911123143859,2.6566820559810744,0.5154755575147607
1056,1.0406357808662536,0.6396468176121443,1.0899762500310768,0.5871522856589699,1.134090486196388,2.6995873575851226,1.0817926763161287
1057,1.2788113077383603,0.4725632806422211,1.171744192452863,0.743813766359467,0.8809701029836293,2.7043081490922187,0.6745020670367413
1058,0.8684043286678106,0.6367676494755319,0.9749689643077881,0.7887068940435273,0.6621334379148233,2.56967290851837,0.7905117733251585
1059,1.0329208319587835,0.5516514909886715,1.088777881038918,0.7513342840613979,0.47300903930174626,2.612848245110589,0.6573245367135147
1060,0.5317976436282708,0.5450564180399174,0.43730947954969146,0.6787156944972017,1.191152879537174,2.7765127918260926,1.050985793583378
1061,0.7459145386944002,0.503800526872107,0.6242080767823209,0.7688430069013727,1.0915626351923458,2.74256554898344,1.0910689985617088
1062,0.8474291607232887,0.8478642812176244,0.8439262193884227,0.5821158720599648,0.8278878709415347,2.3531961647489443,0.7849772139568509
1063,1.0712069791659447,0.6977467557190573,0.9576279683662536,0.624631465010962,0.7860751426056695,2.514088112697699,0.6805101108760947
1064,0.3214504851094675,0.8507067052653823,1.0291458126269049,0.6727959356145096,0.6202299584924701,2.535269619375905,1.1518518058533034
1065,0.44443884397316624,0.6062958700147607,1.1511957251087785,0.7967185822462679,0.5901053650942734,2.445780701686493,0.8927886223474503
1066,0.3126197462609622,0.9241640745139503,0.6627085594960791,0.4144931113556689,0.9221236860617087,2.5438385678676863,1.3664795278627664
1067,0.41789075268362674,0.8647488077383602,0.893367056300502,0.613773266742781,0.6770030109274627,2.681789118576902,1.188902664717002
1068,0.9849086930912858,0.9545019819143227,1.1323796703730402,0.6787707229992559,0.7432382216572261,2.7443724712739135,0.798474985173353
1069,0.9240431314861168,1.031987390432694,0.9637350079235423,0.6995046032715471,0.6944482853714848,2.7308899199573506,0.7068109607293308
1070,0.7012396572721689,0.714648720411025,0.8611394722960815,0.5951035899790198,1.0064045524984455,2.620716795117064,1.1166975988621441
1071,0.4875166294728555,0.6887088318948974,0.9315145744500644,0.6946098832434029,1.0375800428163182,2.5899907989514976,0.7269528796325693
1072,0.6727304442097163,0.8887258819976346,0.9268955953156292,0.5381050681551713,1.0239549516869253,2.8000856085118957,0.5324220878060444
1073,0.9287885842914727,1.0016008314153229,1.1227650050797684,0.7769762365153828,0.7776850548945867,2.670001987921299,0.44704635723375086
1074,0.8889675927908507,0.8667778870458926,0.550185202613266,0.9810516930917188,0.5908760119815746,2.681312744855047,0.4995392692990697
1075,0.9019351585503135,0.8846880508046113,1.073407520864699,0.84425332588749,0.72426074431202,2.742135783869741,0.32305906543916907
1076,1.1018294704749105,0.5249625523702413,0.6605833737214227,0.8198796703730397,1.3895178778113977,2.391420906568994,0.9455759828406642
1077,1.2812062806426536,0.4807055285335647,0.7767789160590322,0.871645727504487,1.1725604264439005,2.4954005746417214,0.7564228369116468
1078,0.7449178240348082,0.8864579811476963,0.6525943038080989,0.8526444351029926,0.8412554329943355,2.6224910593363657,0.5706587371542385
1079,0.7658527602562312,1.0523077469956468,0.74347228620243,1.0959195761115221,1.0565427233825693,2.602157598478397,0.4460410474178108
1080,0.8681207662636391,1.0037637827832537,0.9172201230186817,0.8189119508879223,0.9673816858381091,2.6678778236510623,0.7783141834734771
1081,0.644761053265072,0.8232802009518083,1.121254151105047,0.8282006037826319,0.8875542899086586,2.695806559751622,0.6829163929250964
1082,0.9438024922672484,0.5941715930783358,0.7469163608760945,0.9008694648516821,0.6304557158099653,2.519324312882881,0.9155310792427809
1083,0.6662171040701167,0.519018555310276,0.7695316731209848,0.9245803122116489,0.6690710125250345,2.5543725488876112,0.8317544876018703
1084,0.9823212593942087,1.2238928077064177,0.5528477443759054,0.3976079864514976,1.2156858420561665,2.428303790675719,0.9748976944013727
1085,1.1770683270698057,1.0188996552912835,0.49781016906251974,0.5287681867644497,1.0635735152090946,2.432921325184749,0.5652753127551093
1086,0.7357667786932786,0.8839841646850597,0.5614846504023056,0.6078336035590322,0.9299193462739127,2.642514078220612,0.5963538503638883
1087,0.7699965624356817,0.8411646819078483,0.5843306121542386,0.7888600720215471,0.6904835192351839,2.709222598158969,0.46587805499041524
1088,0.8692172502870522,0.3967583207434031,0.9142729973474504,0.7644429450082859,0.7124526878509376,2.4962646140077855,0.9026127634837511
1089,0.9202781519359924,0.3678337162252211,1.0406758373269023,0.8604456259582836,0.5806693127231665,2.41741131444851,0.9393800599432779
1090,0.88204558860548,0.9304185135476364,0.8417778169409125,0.369613335825159,0.8345899363811369,2.6506333572976364,0.9634432008879227
1091,0.6325211886814501,0.6106146222196791,0.9235250814157561,0.31964705045324077,0.5578371262457685,2.7926934322272756,0.7835731772105272
1092,1.314062993225965,0.7953142976414106,0.9915316671140104,0.8447485824059826,0.5559078163020568,2.8104982233830023,1.1345256066907239
1093,1.2174414713373656,0.5463136536932784,0.8014654796770293,1.1798961296010593,0.5693877262263428,2.7822769066009374,1.0787463796645123
1094,0.7154630866556717,0.7618544898067887,0.7349300420177484,0.36738013605523345,0.9362302584350597,2.5457623471683113,1.1219982689476988
1095,0.7079819544348706,0.7737213102627063,0.8190858794089696,0.4055091945291437,0.7166936180019329,2.5618281735681845,1.1386899841507507
1096,0.8748698634323828,0.969971162544027,0.7932227914423459,0.2303361473025569,0.9926363957688699,2.5699653139374243,1.0500860316328806
1097,1.0005655049204876,1.0346823424079703,0.9092236547158804,0.2754553427589075,0.7697626731529278,2.604595093973167,0.722586672577525
1098,1.1324018655414723,0.8683840012457686,0.9386925904905371,0.8159410101604028,0.8307075014374253,2.7092330610617092,0.7528966789039276
1099,1.370520496165134,0.7811040451490072,0.9638267805144499,0.6473131149026169,0.6162657907396043,2.7019509417811984,0.7105730510286444
1100,1.167645977377149,0.9631165175098403,0.5909375926311369,1.0287589206285814,1.2659034548820693,2.635379606275034,0.7748748657970146
1101,1.1450068500759694,0.5730278519934028,0.7669607286868034,1.0002649274660698,1.0975182919219204,2.7328163406502517,0.6274317895892308
1102,1.2335645445105843,0.6724320850265892,1.071405496389167,0.5689452073425301,0.9971007522998803,2.758940620590164,0.43039121085710197
1103,1.284535789173542,0.7562725481844376,1.1993627344382358,0.763872332565696,0.8802312679255297,2.6969605384069153,0.34315395261326614
1104,0.8979281176820717,0.7237182808019351,0.8372960222386714,0.6622305658863676,0.5149525751847482,2.907058835601559,0.8359685381833157
1105,1.272383538567062,0.7094240046330023,0.8308031847835649,0.8380877701939003,0.5799317470280221,2.776901902095706,0.6428927255874873
1106,0.6476792563579126,0.9250028541983207,0.7332414213628333,0.9699771163080992,0.5765215997884849,2.7306435247630163,1.081738070935059
1107,0.4396120814796414,0.7396481921325696,0.9195689104358034,1.1366269774090922,0.5748333296584699,2.7899690619565396,0.854655653118308
1108,0.4717269670876765,1.007685851066629,0.9583035302908504,0.41602922501208434,0.9109012140846222,2.6775196163724173,1.1855705147938382
1109,0.6732866829943357,0.7038773624740997,1.0691156482293307,0.5028551778178729,1.0048697082049851,2.760147584738671,0.9601426875315096
1110,0.9302484957818206,0.6033990158483832,1.0941732129661914,0.673093273293216,0.858378956319928,2.6033735809042393,0.8509506343298907
1111,1.0351505440944622,0.4800991935065422,1.3856130724368028,0.8305231100136389,0.6999809769934026,2.731067511375095,0.7331518670432161
1112,0.4944928159183112,1.492971251182316,0.6175154527410374,0.5673235227178132,1.0802678718044227,2.5286696141674994,1.3265614083905994
1113,0.5621027176950216,1.0199136328596567,0.7046882410844995,0.7277610442546092,0.9928610189157563,2.722103323587176,1.1322154311088455
1114,1.0653402057764678,0.846167839052246,0.6486553957369281,0.637951995334622,1.1349198244824406,2.74410141478132,0.8048807344386687
1115,0.7495150311217961,0.595672757796204,0.6921674554889825,0.8160093908160071,0.8599249344956464,2.6796530467785225,0.6211648446439648
1116,0.9119603556357461,0.7178169815948954,0.9175353219896042,0.9281896476539276,1.3283568462739128,2.7827241098858675,1.2775195462674378
1117,0.9409506268211717,0.6361617375694945,0.785289348414512,1.0828371963507488,0.9650135925033655,2.7554392991431547,0.8446391237853078
1118,0.5374124911803277,0.6439144520702383,0.6671371934426564,0.9401251992903508,0.5373297368667537,2.6451725339655687,0.8086689306616466
1119,0.8462918465933403,0.6568728242899176,0.6765052882791442,1.0431866457369274,0.6520957349178107,2.730325261278834,0.8634083946504401
1120,0.8291935829494426,0.5964895901706765,0.8634925935894198,0.4825083648063557,0.8730382798436513,2.579614505048258,0.9882067403178736
1121,0.9696346146466412,0.5133078491496292,0.9590611755495025,0.7157646856145099,1.0974741494435893,2.56131547887846,0.8904730913849354
1122,0.8564708200402289,1.1655171287057953,0.454560322788174,0.8447703544534299,0.46585526143854683,2.452738603718746,1.0447705647683703
1123,0.9072189888480717,0.8395542338317561,0.45937331000716397,0.933529280099627,0.6423157362598405,2.4611851645572886,0.8215550114704897
1124,1.0454387283034898,0.6618706260536786,0.5675740039298279,1.0626445828216713,1.0033939784312609,2.610217515177152,1.002673077261463
1125,1.181188314192968,0.7229893102631393,0.6105565292043634,1.1142972705772138,0.9054299278498158,2.6612139469257183,0.9656061522558529
1126,0.8412414824573505,1.4287409541788956,0.6715937284632041,0.6506006992264651,1.2265454849497535,2.690790896695644,1.0358476302079729
1127,0.7967042085882983,0.8408494829369255,0.7698066403688084,0.8273439628060442,1.0540052106654452,2.7961916891610246,0.8496418578087211
1128,0.8954173092720464,0.6682917704813852,0.7006045749292066,0.803731512780577,1.0959487465484472,2.4903873777155687,0.8518389118732286
1129,0.9289725525942735,0.571004901712393,0.6851114039807633,0.8193273423436515,0.6573682560708604,2.5072957192925944,0.7922349197976362
1130,0.8897636746222959,0.8785869650113955,0.26027448153057686,0.9190284899345598,0.8951790861130767,2.795367283134624,0.8902757709285846
1131,0.8623427009518083,0.6864889842785221,0.2807535467146364,1.168280286074226,0.7025675644485099,2.755567815822916,0.9666504970280225
1132,0.7126703357293308,1.1799799054190547,0.9416112167043631,0.6888660958905993,1.0147215751528058,2.714994884969179,0.7254112353330668
1133,0.9128562068310117,0.9274545480886093,0.9904384954623928,0.8382140686023705,0.8534887454304504,2.6821063605566673,0.6777678793131413
1134,0.9816190657585966,0.8012549823295797,0.4396868390203031,0.6408379634772758,0.8953495269998777,2.7541341855186814,1.4942355347002534
1135,0.8338057620778361,0.666887908997512,0.4239478712609623,0.6474537869690564,0.808690279588109,2.8896819418131408,1.0497194670565995
1136,0.8846539481080347,0.9490674397683704,0.8110729944393579,0.7297607778627664,0.7938533646466417,2.816885936093651,0.5731968482547982
1137,1.005963726098572,0.9062691306551716,1.1308359830646963,0.6743934546580369,0.8285839355506243,2.8494605308981966,0.5318898393401641
1138,0.986379490605358,0.6895794234084701,0.9057822940305768,1.0443174077193675,0.9011132186537388,2.5352314306616464,0.7317520915770249
1139,1.216735717471423,0.5370496620968281,0.830605864327214,1.0822021140077858,0.5565041115473259,2.516971614710527,0.7965604720085967
1140,0.611421166953863,0.5576011939541736,0.8629160273827584,0.4978224997116493,1.1355387380171271,2.847148487569928,0.6651136447782111
1141,0.5179937643142631,0.45471103463636786,0.7565191186412215,0.7326760917047959,0.8428913160145722,2.714579318251,0.8686190872953927
1142,0.9665687642188681,1.097820138739293,0.4342459199892932,0.9944115062301414,1.110470710377527,2.5048003060449604,0.7066345660784573
1143,1.2844852698101539,0.9159723287636391,0.5626811516480745,1.14137940548294,1.184188177498878,2.5892021155095293,0.4678634149406018
1144,0.6923999001463306,0.6383579453920318,0.9513901938579126,0.8558735032905396,1.057956449385746,2.563996903437736,1.0483509776322586
1145,1.0387723854483204,0.5385383209031169,1.118090574322293,0.8439471451938998,1.1820629917242211,2.6781842922732904,1.0417269095090298
1146,0.9165316320615202,0.7511607786613357,0.44496284780759965,0.7030965005425942,1.173181558249878,2.6699826820036767,0.8331201603714848
1147,0.8999853459221093,0.5080303957369279,0.6406876747500668,1.0748590124611495,0.8518557516610245,2.670489247666878,0.7140895923755943
1148,0.7959839058019345,0.6465827723344997,0.8429892902280864,0.6021908549330048,0.9539303479673132,2.448060086943589,1.4215423628578456
1149,0.6923951431491292,0.48451218443219357,1.0214252604802634,0.5908671689666916,0.9498491479418453,2.4926269543705515,1.0831567291978874
1150,0.5321198178676866,0.9554927428098428,0.7849770386944003,0.906610187691224,1.0172914980825671,2.5440130947721697,1.2955492084285845
1151,0.5979375941328805,0.8261589459674351,0.9052985219192434,1.0328584050672511,0.7860720780924078,2.5316988957688706,1.1191445357552317
1152,0.7882368972067284,0.7130397169603384,1.0606310739389797,0.517058455041783,0.9540806366945221,2.3882686389309504,0.6061829237598406
1153,1.0393350011179971,0.5926919525493803,1.3111458842336292,0.5546817940944625,0.9934478727627063,2.4608679225775245,0.522961374136679
1154,0.7810445075082855,0.7157174786229173,1.0084845742903508,0.9089727503828805,0.8390707095789576,2.7588687523003133,1.2788291690305764
1155,0.7110553785145721,0.48422615589819606,0.8907055360422835,0.9268052673501267,1.061949116596017,2.712511203987239,0.8131433269744103
1156,0.4502505888605894,0.8059934598664428,0.844884497475221,0.8906490629148229,1.0225685283742834,2.663820438681883,0.7012932411488184
1157,1.0244233286358682,0.9064288607806992,0.7104336483251588,1.0485846190564772,0.9495282430653852,2.6738998180274005,0.666558161106169
1158,0.578296287128771,0.6849680905220471,0.7902074603779603,0.48003532198960475,0.9283826342340622,2.540839478207662,0.9396913481589697
1159,0.5568833572976364,0.7976938753833132,0.8825831924519973,0.5201288146082232,0.8838502926246614,2.521352793806978,0.8378196029521194
1160,0.9065021736959548,0.7073795301630793,0.8481135656627681,0.7420322790131392,1.0068357622375497,2.4007949551695544,0.8330690426246617
1161,0.9343970549584723,0.5583506671774623,0.8229812433852463,0.9096711058593451,0.5612277923052337,2.509703445967002,0.9403106122185569
1162,1.0795947760096516,0.7552321141675,0.4937521857099049,0.5810068821249721,1.4666104405673734,2.5197858898257817,1.2856379791024923
1163,1.2795558487019967,0.8260721056361788,0.49419896587385065,0.7741937732293305,1.1435738181551711,2.5996081782331295,1.1302251388990072
1164,0.8522914705387957,1.0098630008300793,0.4621874098599674,1.0852299509837513,0.9722807397424698,2.50874576626364,0.50287490685648
1165,0.9315552292941494,1.0563357136693656,0.484889387173664,1.0176294906053585,0.6201418487982586,2.5349374053547353,0.5430880731399775
1166,1.2952430277349947,0.7937591259259076,0.5555488979737879,0.7996691955517462,1.0586104145253459,2.6627005627231672,0.7161864539552958
1167,1.2313231727052956,0.6916902355251566,0.5864978973983854,0.9347966281308253,0.8473041316777735,2.6533320447656936,0.6396328670751588
1168,1.1139428613876117,1.1066211087674376,0.8355124918835021,0.8492952701295817,0.9437339363491939,2.4436943030095297,0.5661601026642012
1169,0.9002793712290198,0.8329462318504374,0.873988984278522,1.0200195312499998,0.9534956505939625,2.474731587390788,0.4750350540960173
1170,1.0999945745143829,0.8836287339910368,0.9328391692546097,0.9170074073999401,0.9571906296006266,2.6378017066074126,0.8532561255106519
1171,0.8433942187810768,0.8536156422223561,1.130005448011773,0.6948433494051713,0.6354149057384824,2.598765487793527,0.9011345675802015
1172,0.7801408348025568,1.029706560550191,0.7266604742135149,0.8652208475839999,0.8838057270253458,2.5074509402794547,0.8433740666214846
1173,0.9263531318055448,1.04084909486843,0.875204966704363,1.0133524147489448,0.7178352660080968,2.59600828418917,0.6253458140332537
1174,1.0735826461526172,0.8452155147295196,0.9721341139119573,0.8094214683981966,1.0534391073615221,2.645719929735306,0.7614374784632034
1175,1.1501995061662562,1.0435358748083432,0.8268111159567286,1.3165140887328177,0.8977517230311988,2.6322178972386707,0.5969704730311985
1176,0.9968588662442138,0.5308943940435275,0.6588349675672511,0.5233435091378008,1.2461005500060423,2.5062686374292054,1.3313828155034875
1177,0.9469863964720446,0.3418457744755319,0.7179853794728556,0.8425056933792038,0.9688420204494426,2.5787280952513103,0.8647596937620843
1178,0.30087122744060185,1.2746033861834378,0.4082261664104023,1.05452096986843,1.0500410429125797,2.494070026073105,0.937960204913579
1179,0.3670965736510621,0.7837421734719223,0.5461927106654454,1.1610640813194943,0.7836857003444623,2.486986248753366,0.8750420994694899
1180,0.9063221161483852,0.771919320231885,0.7098418622185573,0.6591616509453333,1.1680266677528652,2.535803487729641,0.47701734953294256
1181,0.9443809262203005,0.6777516379087812,0.6414118882916612,0.90318235442192,1.051318853846517,2.6364711580387956,0.29084092283306684
1182,0.5118296532460792,0.9071976399216096,0.8334269394485098,0.5937547569972013,1.0421889095729158,2.4838458886434656,0.8853796062750343
1183,0.7716665481524946,0.6760531527345616,0.9298187306681224,0.7435936523512484,1.0313642156178753,2.5073517692990697,0.6387638954494427
1184,0.8574196567287087,0.7098605697527438,1.0170365077318853,0.49633095165454943,0.6087362547603405,2.524382673791784,0.6310144207244106
1185,0.9593932143082212,0.5526693067161912,0.8116710848349331,0.558285774156104,0.5159009887522439,2.4691929420047978,0.7627495673561686
1186,0.7510659415571659,0.5326834550417834,1.1228504007856193,0.8586832692671268,1.1881462162252212,2.578785166762206,0.9059951849117688
1187,0.9266561753897883,0.5735175778688082,1.0549852607996915,1.0759025109913478,1.0220716519679354,2.692900088924475,0.8052567404132682
1188,0.9180014080711716,0.5912747389119573,0.8757355226863038,0.6187265029072258,0.7307773968234151,2.7449876493158185,0.7763101159891044
1189,1.0295692008555475,0.5528937546006264,0.8807029572462681,0.6891921808852457,0.7985994158354327,2.745083332661958,0.6681057591697439
1190,0.8340893244820073,0.7459625919279629,0.43968394976949216,0.5395202387837534,0.9232916152539875,2.578704280195023,0.5652798218937757
1191,1.0348560956665669,0.6050923935004999,0.5765682083966418,0.80652852498705,0.7895138618986964,2.5784192731654447,0.6175575522105271
1192,0.7811377247245992,0.653029599564885,0.6403431300797683,0.7144072574763427,1.063260183984562,2.3690303927334404,0.931271068506542
1193,0.9501926711077235,0.398310427945644,0.7061126052528652,0.8819205595599651,0.7223686015781468,2.451149329306666,0.6213876000444597
1194,0.6197932181102783,0.9192469840549226,0.4845195828216712,0.8150553740093405,0.9109659318435298,2.797486515145209,0.6534449910206138
1195,0.5824257156502511,0.7558686411358685,0.5996849787826313,0.9772393312875522,0.9609543397877958,2.7834230637457686,0.4883802457179355
1196,0.5712289264758431,0.9415231070101515,0.7008365964655695,0.4560574014883605,0.7933215393017458,2.544175115765072,0.5393409548820695
1197,0.9336486032396044,0.468692753226654,0.7508940560449601,0.49737998082783563,0.9416360532650722,2.593668515049381,0.6238739950147608
1198,1.141047191461771,0.6802336990028655,0.5799410131638905,0.685465813170365,0.8984933747440246,2.63448784109745,1.1272024094451438
1199,1.1808720937176242,0.6835200865598429,0.7245274669283956,1.0671021393466391,0.826152816940913,2.7388065231973875,0.8921346572078503
1200,0.781828258690602,1.0968907832308854,0.7730184456475744,0.8002125053038012,0.7040260313134521,2.5733381187046747,0.8292128888670646
1201,1.0470230704559178,0.8221632142439027,0.7863090318884226,0.8973546159886714,0.6743930315370515,2.5695628515142612,0.6747638573934648
1202,0.8471762133814476,0.6786661966382337,0.5580601295047986,0.7935332334160672,0.9271169786868035,2.657462319529144,0.8220250083072884
1203,0.8698899229608381,0.5224997971937785,0.7694091102052961,0.9168714923307012,0.8850416137522436,2.6392521766994426,0.5799728249930918
1204,1.068432264794271,1.0769593616750968,0.7145173144804526,1.0282308307764672,1.0734288697911614,2.6016976414233532,0.9021090870713607
1205,1.3527717550158826,0.7693382634198654,0.9747658653498158,1.2025597429380477,0.771208634106291,2.5823780855376737,0.6564867785335644
1206,0.6002095810004997,0.7544849318115869,0.6842574043964527,0.7699965624356816,1.193827576686492,2.5586763290511243,1.1273767610871763
1207,0.6951055628828808,0.6200422546968881,0.7132992890457707,0.9345165533609002,0.9948841444592161,2.7733342430019334,0.7046075297797658
1208,1.114279584547448,1.0826863092401044,0.9740332319143231,0.948052688554112,0.8495005873588456,2.51389776750984,0.9900190179889825
1209,1.2010273647744125,1.0195807478589678,1.0415522073420969,0.7570671853904776,0.7309167995269006,2.5897528236510614,0.8025879970280224
1210,0.40473981700479833,0.48212971743948,0.734772778022047,0.6158896095025543,1.0283772087484455,2.566961292017749,0.9410555763031784
1211,0.6409609495139503,0.594407102248945,0.5909371695101513,0.7705010850900423,0.6048390230376743,2.5325138603969517,0.9320414675353078
1212,1.0816078617713585,1.0999818933403533,1.060608105124661,0.6705543159506867,0.6843703506513731,2.7412692783738506,0.8628667047862413
1213,1.1565937710244127,0.9570450252745347,1.2024581058278356,0.8508399789423451,0.688222593653739,2.782722066877027,0.8640880425927183
1214,1.0437102264503755,0.6805425210887314,0.7315289130555445,0.6827960482806986,1.069087499296826,2.504492505463515,1.1189437276646343
1215,0.844384308697077,0.5544690784757214,0.736098394331012,0.6893973228520595,1.0071743531437756,2.5343951171071017,0.9258736935704279
1216,0.7991833804315718,0.8669121822272758,0.9027219742458901,0.5197571425098406,1.182820884841408,2.7310133291150103,1.0218277229034278
1217,0.7706677904840622,0.7192966221238505,0.9908908788655092,0.5225077939666916,0.99457412560648,2.7335713445166268,1.0276751903752834
1218,0.8822125418580352,0.7360583378703633,0.6843906780734149,0.26011041752883324,0.7166891088632656,2.590855261438547,0.903020158166567
1219,0.976278762333378,0.5507685688259698,0.6977898766929673,0.34510112384919395,0.44315201476189564,2.653498151776278,0.9381839818184952
1220,1.053711360620985,0.8332189082308856,0.7554729787187462,1.3307345562694253,0.9559475197467012,2.7318997389119577,0.6640364666724201
1221,0.9810420764309495,0.620882726865199,0.9614171860936519,1.1551427025489474,0.9057258209031168,2.860637415771547,0.46772520900398773
1222,0.4154809830003778,1.2410070648961409,0.7261978757661939,0.8284268468173729,0.5156059419409124,2.770823434591908,0.743564905035308
1223,0.6292838758624549,0.9977982615343753,0.87871079729004,0.964512805341786,0.5428223720280221,2.8891996143272136,0.7338315149854945
1224,0.847659562371796,0.8289476108760945,0.6456647259708007,0.6862918390846217,1.0051275878064774,2.582083637109779,0.7075793167492558
1225,0.9450456021211737,0.5768057605760918,0.6912841102052957,0.7630152684681244,0.7393106227307634,2.6090386999611486,0.6104688426311362
1226,0.7171743256000047,1.0592726242963928,0.9028813538465168,0.9040497061597808,0.7226263059171888,2.359413436572794,0.821121933984995
1227,1.043923963573537,1.2409228659571614,0.9420436232103382,1.0447631663788934,0.669222745877649,2.5330413518656307,0.6514729832239774
1228,0.8886899841507513,0.6157684912122711,0.8583512305084083,0.8878795286613359,1.0628554306940223,2.5778114935130167,0.6588310568120199
1229,1.0032810321763403,0.38297741024371384,1.1832207058722954,1.0653015939412234,0.7811584752676267,2.5672235054954577,0.4631506202064176
1230,1.0413624605376741,0.7747192216891691,0.40255178121762436,0.4457778124356814,0.7249625874227318,2.6081602869371143,1.0902386387712362
1231,1.1079664541150096,0.6120581170432161,0.4068149065370523,0.47475335943823627,0.4802505037381715,2.659335156345395,0.8476511424778976
1232,0.9058498284442116,0.7211544868986964,0.48707206758020105,1.0383257805468253,1.123655077773413,2.4965233398512483,0.5003055823101541
1233,0.7610323746477635,0.5666048398193053,0.7366838035525571,0.9454063881958331,0.9645068515777138,2.6218366710757812,0.48712607457783574
1234,0.7612327596173756,0.6675154176885466,0.47176124504670386,0.4741852131254723,0.8335653206475744,2.615287185230763,0.5485885298117088
1235,0.875525273197388,0.43207472398991514,0.4838721698295793,0.7027605510286441,0.6380148453471395,2.522933225204174,0.44052213107042715
1236,1.1018855204813855,1.1687546167872407,0.6810127657840642,0.8718921226988208,0.9593301890332537,2.627800572436803,0.7086733346428429
1237,1.0489380067416592,1.0816951252235996,0.8394347354293281,0.9590293637203008,0.8421437105376745,2.5933210811282716,0.43760988174165855
1238,0.8074964923307015,0.9832307106015599,0.5463873897295195,0.637736638323604,1.3476768252805769,2.6535055501657556,1.2791297464849947
1239,0.8494728615473258,0.9680176144230422,0.803590417593152,0.726671958620674,0.9866418793455173,2.7184459349113363,0.7751553636879256
1240,0.902930180725965,0.715355247922853,0.4895303136179972,0.7204857249801415,1.1021746135286443,2.519301096210027,0.875310266711271
1241,1.2147844602178133,0.7090901707239773,0.5527851422219222,0.7674510529456441,1.1414100205452709,2.459745580488982,0.9299370323036786
1242,0.4017824036932786,0.8591627075022436,0.3018607189731662,0.8340634664168781,1.2191099398326894,2.87900277958811,0.971679935358534
1243,0.3720582297094056,0.8625275154965796,0.37758641219265643,1.2470676711077235,1.0881461110677506,2.7902316985552327,0.6642011290575993
1244,0.7391416264693678,1.1387489234080368,0.7118613248653207,0.6499561754851837,0.8582783407141368,2.7249289078471395,0.805938431364388
1245,0.7134684605696168,0.9017573192740351,0.9800655139309499,0.7981195544793305,0.8344763917427804,2.6908073133624546,0.7337536929315718
1246,0.7500404795816341,0.6318575342849971,0.6286161354483207,0.48968595772584295,0.8019627792043632,2.6331147699383575,0.7557074663849347
1247,0.6478523386369898,0.41854411943979075,0.7372548391161315,0.6502233212225443,0.7322428389568507,2.712056602312831,0.5411700723409749
1248,0.8977745165830667,0.9046502626851817,0.6329798763735393,0.6868146461521838,0.7754520303871119,2.6254776430848104,0.6082539272744126
1249,1.0029052740602762,0.5967805509643258,0.7884857585308875,0.9032314291599026,0.6114914153558575,2.591821536298259,0.47325194686183336
1250,0.7038326216123328,0.523444300006042,0.7133563605566661,0.6349056986830046,0.5995958475839998,2.4667624217785216,0.7269855377037414
1251,0.782180377012828,0.28471873597192293,0.8729976249995672,0.6834215139628929,0.5227075805528679,2.5074470295242244,0.6849286324448334
1252,0.4567994763221712,0.8333764200851218,0.6061268737533658,0.6031148550607761,0.6022795630106513,2.697171809400251,0.808946539301746
1253,0.5768811165001886,0.4561719676311363,0.7454391864769648,0.6599493128828804,0.47287023498169595,2.799700408997512,0.8012003769485098
1254,0.7428287839655694,0.8687823776512504,0.8814269229293283,0.6644945559810748,1.1648659802209227,2.5454138917427813,0.9500631329235417
1255,0.950531685134935,0.9386788152160025,0.9493245457239771,0.7262227123269029,1.144976658134624,2.7323399669283956,0.8832303575855546
1256,0.5286788803033673,0.8816039159636366,0.4840922838377985,0.6774327760411614,0.9865496836336247,2.5812686724816967,0.9216261386758408
1257,0.8244739882092162,0.764472115445211,0.5639794652665044,0.8133687963632656,0.9129607331920349,2.7260884171455197,0.9226762619496309
1258,1.0497098503958304,0.7591939910529899,0.749156112793527,0.810053486227898,0.9397488427908505,2.4178620053676863,0.9541894969317611
1259,1.1334899296709873,0.6744509492899178,0.8476396580707388,0.9838413795047981,0.7054389110746588,2.408322871260962,1.0428244150368633
1260,1.1363537026452084,0.9255712483696189,1.1076676718108978,0.9455297973534925,1.0214027147869302,2.592388062723166,1.255908697596517
1261,1.0354564769295171,0.7978232383050445,1.0221166406882356,0.8102766647493781,1.1310086422227885,2.5627308247694924,0.9535527221048581
1262,0.6840689269549847,0.95174622293537,0.6899917503509375,0.5729802218808252,0.7419008730825668,2.674797712231508,0.6541856212290196
1263,0.7008008738811362,1.0118623113172514,0.6357097772873632,0.5410193604927808,0.5605019588757836,2.581976469356479,0.6394915966252834
1264,1.0037364800927184,1.192576893180639,0.6963523356335025,0.8243039704434008,1.3619677890777138,2.546672572021546,1.0543836101737865
1265,0.8436239494500642,0.9287678337484454,0.6584234868667536,0.9202204820416615,0.9910359874745325,2.6895704051311364,0.7133736234654473
1266,0.7396496367579751,0.99052822504446,0.9910468734982562,0.9352448529201765,0.9606402349173779,2.5702821327962035,0.8104391088632656
1267,0.7469725861450199,1.0482598034247859,0.9256862376333799,0.8640880425927192,1.2427819274988783,2.6199870509323824,0.7308552188773378
1268,0.8462992449828182,1.2542918726353678,0.8548587520762805,0.7961387036678111,0.5548187306681215,2.407507906632881,0.5835341072018078
1269,0.8989340258814477,0.8967384164423454,0.9571897833586567,0.8440828850006888,0.5165695754083481,2.5469670204494426,0.5632026893526813
1270,0.7249299293515595,0.5025141207818209,0.9361577917617732,0.6964763431745964,0.9657254753958306,2.5981423129787085,0.8073180546709875
1271,0.7386751172668155,0.5081275237084727,1.0932621418709847,0.6310454589077261,0.7404691105247233,2.6701200416983206,0.5981720817990693
1272,0.9673673121801387,0.925764833333189,0.45971827779844776,0.5720383604608381,0.8986083640077857,2.6012927128703627,0.6506337804186215
1273,0.7979811732802657,0.5102773707813875,0.48109217267335325,0.690893978431261,0.8211396200147608,2.540966798120552,0.3814887514374251
1274,0.7561357868732286,0.7351600205452707,0.8832529758749725,0.676378989870674,1.2166451416473856,2.782209970570738,1.0005786818115865
1275,0.7814114226094675,0.8760110883175619,1.2341988532076622,0.7326892685958954,1.038336491308099,2.813217238273102,0.7596570126212961
1276,0.4777842609274626,0.6731860673885448,0.980681290356291,0.9018136171390444,0.9288152885985721,2.634935467503366,0.7203584050672511
1277,0.518774027862333,0.7378055472576639,1.0653917466442755,0.9174158235871763,0.7033761521915344,2.6271036615857435,0.6325659295432163
1278,0.5256183852562313,1.0486518029452114,0.26511519456108673,0.5368036900234798,0.8807179292876739,2.490846911649629,0.6663129626787062
1279,0.5858605241880473,0.76646173667553,0.31659684304639274,0.6643107629407241,0.571564452868808,2.4972381119945246,0.6957221855501914
1280,0.5163367076300149,0.691822910818684,0.561092898740415,0.8044866919094026,0.8858502014952686,2.6216413936282716,0.6374109764499422
1281,0.6653996733122086,0.4973838915830666,0.6333541898641988,1.0282000404516864,0.9628719900618976,2.6982315493348104,0.7464149027349951
1282,0.8767839534761546,0.9742096265651966,0.6076461476219847,0.6757001881703656,0.7620532548885447,2.529328934687736,0.8373883932130146
1283,0.9470660862723581,0.8735914541150098,0.7445638379661914,0.9881036585822561,0.5480292265138282,2.471001308920677,0.6869331230501912
1284,0.7928679591317586,0.840723009266005,0.7001807635795791,0.4562974197976365,1.0388705349242862,2.6422101883943974,1.0883384992644498
1285,0.7222758074828185,0.8367120576425323,0.9529661161164428,0.5330154938005021,0.8238313322143256,2.684541813042595,1.0988964706031146
1286,0.7926305822147588,1.3357012171835043,1.06778756579054,0.7894261753254697,0.7443601406247837,2.6501826663784596,1.1584936626726643
1287,0.76306085557186,1.034860356946699,1.0139398669793307,0.7822204334734774,0.747423948043716,2.742598382317062,0.889679300420865
1288,0.8582838713572238,0.722883587135246,0.4960231510731046,1.1598800859853053,0.8101522340872985,2.7442342653372984,0.9762013634004404
1289,0.89376603108942,0.6857583938518705,0.7985051771146985,1.242530249519992,0.9719832268013129,2.7128621255425944,0.8462269535719829
1290,0.6488200581221069,1.0625238150562883,0.6027778840424054,0.5771556606270274,1.1849691120264674,2.393362124040851,1.0411388588952084
1291,0.46355512563842266,0.5954801943370547,0.6045608160141388,0.7759649729353706,0.8682868732742237,2.4269911033993177,0.9624011469831292
1292,1.0727278729224203,1.054375438138422,1.1605611785529901,0.9613358764054821,0.6195063433343108,2.5818218467530554,0.7238100533928428
1293,1.1696099884008733,1.0675641394105246,1.1058858339396687,1.2520931986830048,0.5710008156947114,2.5646110599752205,0.7190754866112111
1294,1.1171253209670022,1.2494912160655072,0.6554720273193059,0.8470425165834997,1.0130688523447733,2.5703519580772136,1.1722321231779622
1295,1.1804497269934027,0.7944502582753453,0.7692955655669402,0.9636522536099674,0.7923400445420947,2.5988888969511863,0.894007669286552
1296,0.8609131566652564,0.8338776303676865,0.5451128911673775,0.8647157265462039,0.5606458707179353,2.664920410339542,1.1046704498972637
1297,1.1408289451999427,0.6881605898831913,0.7538109897748457,0.8080254284247862,0.4965510656627687,2.732903005719057,1.0415562933597788
1298,0.845403569050002,0.7293815321124552,0.9547270281821939,0.7638620449254075,0.5798276437879855,2.636466225779144,0.8732315142823205
1299,1.099215580329269,0.6205724601539278,1.0998430890203033,0.7456399945675619,0.5293209379148234,2.6597024945675622,0.9382533839785197
1300,0.8709736532141367,0.7222887365153831,0.9898356480696172,0.8547536273318229,1.1059831371736644,2.4443704633175614,0.9513515820226689
1301,1.030029333173042,0.6024446485168152,1.1747232025493801,0.8986362650817561,0.987570213349505,2.4627243427269656,0.8714822618861792
1302,0.9664183002292086,0.549954625702308,0.9373138134259072,0.9319348981654451,0.9254975123333778,2.5393444425163163,0.4809850049200543
1303,1.2692135848992514,0.288873424175097,1.1528205468428405,1.1555340310898534,0.9037082260027438,2.4766777371222957,0.5109333789298277
1304,1.2164996099173777,0.810397009393776,0.6881946925797685,0.5686704879532409,0.9687358742005645,2.627308978815008,0.749849711272791
1305,1.0832724921075352,0.9300010790830673,0.6477944208841242,0.809928034061398,0.7238359114579725,2.5915794749801417,0.6249694575337537
1306,0.7499384193504378,0.708797765304922,0.9738866060838105,0.8621100810320097,0.6991738338757831,2.4723987935194924,0.8562032511818829
1307,0.7093558718359328,0.5220289541150099,1.0196027677649495,1.0244600727247215,0.7728286988431519,2.456344451526779,0.876309447500689
1308,0.36914291586737535,0.9053114509518086,0.8311204267633281,0.8770036443633881,0.7678208572976363,2.5706866382282083,0.8844079760346861
1309,0.45275051124689053,0.683605905386679,0.6487535452128926,0.8815337401577258,0.5806658250889202,2.6099844721363676,0.880421014729953
1310,0.9414570172219227,1.091154642126094,0.5068441821314474,0.5522358787057958,0.9183825215678734,2.634160734598382,0.6965085781247835
1311,1.1711130208651317,1.0816801531821938,0.5373346691264054,0.6447041570166269,0.6895490562046738,2.736225291122918,0.6177805554695566
1312,0.8450980593359328,0.8559919801885469,1.2168318239385467,0.8815493105825672,1.209164680406104,2.5436342721428433,0.8273480488237265
1313,1.1820757454943354,0.6863438030734154,1.078553145225843,1.025941581000067,0.899588837263017,2.6665488949703007,0.8178653878444622
1314,0.8048916204623929,0.5193832521401659,0.7031431091507508,0.786544117938047,0.6962135313134524,2.5849047122310744,1.0795280878379876
1315,0.7613496166275269,0.48212827281407483,0.7273247269934024,1.035100024731074,0.7638298099752208,2.6637738300737257,0.9049317820805121
1316,0.9581413340354968,1.1230114002741016,0.45325358927584564,0.6859249239834396,0.543653578060465,2.49923393484745,0.9221440134837511
1317,0.8787594489070374,0.8734830169987563,0.4436774632217332,0.6958318194333156,0.5614608353460171,2.5157244188389196,0.8421069664488205
1318,0.7006879276262166,0.8739364219062931,0.7776930516675,0.4111098436856818,0.9958584886879249,2.6845964184236633,0.9596766014499427
1319,0.9479385455323206,0.7599147169603382,0.8032050428163182,0.4954322112084722,1.1314928374551068,2.687047689192968,0.9540231420626418
1320,1.2021671450341866,0.8778818821249729,0.5219708610996937,0.5845234234719229,1.0137074223219822,2.702266739135558,0.7260814418770267
1321,1.1897418675223577,0.8087561941138879,0.6898297293580344,0.7690265520831889,1.2923513536868028,2.599429740573415,0.647104310039107
1322,0.6600098720280223,0.8335345303227932,0.6949246590933403,0.5938375113107759,0.6246220236126439,2.6646428016994426,0.7558526475900416
1323,0.8802027684681244,0.6705249702513106,0.9723476757726687,0.4923643177718581,0.4313603749676238,2.585159527319305,0.7355328894105246
1324,0.8816041638221717,0.3570568276452088,0.8569903147359949,0.9129514670561667,1.0638149781437758,2.592977557962393,0.6728815791788954
1325,0.7554522281757192,0.18958375728468657,1.139950707438358,0.828322568314885,1.130278722775657,2.6047784638925315,0.6669706633110866
1326,0.7680329745329423,1.0124692447277088,1.0766072433528702,1.1127568230445821,1.2418140327513103,2.447375929862644,0.6497781609464555
1327,0.6768785802653828,0.6615117077254105,1.058467874712515,1.0490072336392333,1.1168353816777736,2.512948930821361,0.37644434106550717
1328,1.008676539366065,0.8068827589142014,0.6045875203212382,0.6310891782650718,1.0705893349942133,2.6516778773322565,1.0374050927908505
1329,1.0502039101474527,0.7667927539298284,0.7742984748528029,0.6757835408673751,1.0407622545371742,2.655230564384625,0.8393538488621441
1330,0.5001803054061045,1.0892437918580349,0.6912488107418482,0.2955155288529928,0.8238294644679349,2.6812751545242235,0.5237693634962681
1331,0.6597772521082232,1.2633727421709873,0.5781426860297657,0.28520064033686526,0.5703796838887338,2.687046667688547,0.465182165643776
1332,0.8423632261624575,1.0766080169987562,0.9212247703531814,1.0088675555334423,1.0132548636564154,2.688978619024535,0.9316880798501264
1333,0.8814536272364277,0.7326451261175642,0.7668830818953304,1.3775623492778333,0.744776378322482,2.7705244770253454,0.8700143536229177
1334,0.8221260470340646,1.0671079178482605,0.955556789589231,1.1472995874866163,0.685372771216502,2.660920943123228,0.8270363374870494
1335,1.2023560455966391,0.8316072633879223,0.9101337043066661,1.019250576846639,0.5303862084924698,2.6633251821633905,0.7133350116302036
1336,0.7896676382601514,0.8491734808597784,1.0796901088308901,0.9442335267439027,0.41029139142335336,2.5896750015971386,1.009220520097639
1337,1.034881355348261,0.7885947940305768,1.0131067932004976,0.9573860823105871,0.2910996486765298,2.562395721497512,0.7715348943633884
1338,0.761533161809343,0.7579942500315098,0.7757409481719202,1.0493336691587811,0.8952429576300148,2.702758508019803,0.6365861473025569
1339,0.6648321253828804,0.6067063292108381,0.9026468661803281,1.0869167764883603,0.6460205797858083,2.694882982744836,0.47102470085598014
1340,0.7435589512712363,0.7679130530095298,0.7505023043830695,0.714562901584189,0.7545380925672508,2.5332822164168776,0.8817996165321315
1341,1.0147453902090944,0.7925094639244746,0.9475541196638237,0.6935645169668131,0.6970790153049227,2.5244951969257183,0.7059364584605269
1342,0.750129187659281,0.9486112182061068,0.9296442037636394,1.0689524304695572,1.180396566237738,2.574363755942657,0.8531049905414725
1343,0.6058422898447731,0.9226932769998785,0.7160540265203031,1.3013929404076592,0.7918845966257165,2.5176806083521823,0.6145114308213607
1344,0.5920053293386092,0.6746459788788928,0.5492119524850617,0.30964345015280526,1.0424792719831293,2.6315893670432158,0.7023698208711738
1345,0.7897122038594672,0.7490682509578501,0.6875197290386067,0.356189300644898,0.9416465161678104,2.6426270244755323,0.5968807434491318
1346,0.8990539474048606,0.5264645633300794,0.9158795346683106,0.7112024274660692,0.37064143919296755,2.7905253007411592,0.5693589789104027
1347,0.8658612853075993,0.49881361113206973,0.7024020558213605,0.7525825014374252,0.29058466311943004,2.8103196104608377,0.43569494545591736
1348,0.9941572895253457,1.0151026886495067,0.9729811382277755,0.7238001888735396,0.31915034930934305,2.484274632252743,0.9287177375060423
1349,1.1621810680274003,0.838083436317684,0.7591558023387313,0.8540294137902285,0.4373228317032412,2.5188584020637625,0.8334314485871765
1350,0.6278362950212357,1.133826652830823,0.41728050690137264,0.6237470982228557,0.9886338640392953,2.5736886171390445,0.6729167033798926
1351,1.1145223168450844,0.9017050047603403,0.5576486488043007,0.8066225884453329,1.1401868149924035,2.6498877948295787,0.7200214340488805
1352,0.6370491688708633,1.1864702767443356,0.5052592415955843,0.6362179628384201,0.5911457991112112,2.558664421522981,0.9754826805019328
1353,0.5277193328536142,0.7510819351029921,0.6333769834160665,0.6909999494176887,0.5584730548307014,2.5838191142313844,0.7185861838567907
1354,0.8177875657905397,1.0379806374930918,0.5305790198101537,0.8938037966826936,1.0991084125759698,2.669174094260652,0.7693312881513731
1355,1.0633550210887313,0.8861678665960174,0.473009039301746,0.8049218124037385,1.036139189385057,2.643616516008097,0.6625389648512489
1356,0.7417947268336887,0.6401751553227935,0.48162808403592994,0.3510759112339398,1.027581550037985,2.502320711080701,0.721598800932816
1357,0.7891619188389202,0.708882562627338,0.6621061352242888,0.5761380201619576,0.7396407937430917,2.4680330095854317,0.6908621666020595
1358,0.6956271005874876,1.1353859831600919,0.95348885058792,0.7661769775044872,0.8664397192606519,2.742977452804923,0.978578299750067
1359,0.8884025109913483,0.8421289137587192,0.837786171235062,0.9207029847900394,0.6028066313583457,2.7181188284122686,1.0810466907270868
1360,0.4723228392119601,0.9208268170686837,0.45627955850542057,0.7681375008939647,1.1056038914233532,2.5928798316074135,1.0730918987727909
1361,0.6407537645382956,0.7756606599881715,0.507462249424164,0.658014647558532,0.7687473235552338,2.585607153725222,0.8813984234719228
1362,0.8211004097960816,1.3079921719701788,0.7444833745199924,0.25025752907659155,1.0998089863237264,2.830883472967313,0.5310941806297036
1363,0.9032587318504377,1.0196764312051068,0.8824232144679347,0.4684112338313229,0.9839534795177486,2.7107147445995037,0.38691427530604466
1364,0.46289436049278065,0.7595631970215466,0.5853295450851215,0.5862326194074157,1.0075833677144481,2.572136086815819,0.8785354241435873
1365,0.31545128428499714,0.6256868710693058,0.8141049174330046,0.6241353622504996,0.700238681332445,2.57448572047491,0.8290987458452735
1366,0.4779393066518731,0.6516407101224175,0.6553828961206741,0.9367125859209874,0.7255069186792065,2.7348670167427804,0.8915880350839999
1367,0.5540672144359927,0.7282214244306391,0.7433263313514379,0.8981552069587836,0.6361514499292061,2.7167496680084082,0.7439375986381117
1368,0.5360402662632064,0.8595427994945248,0.6116026691268385,0.756549733703552,0.6514160869755322,2.6639765059107146,0.8903213580323207
1369,0.8285239747889177,0.7696957371227292,0.7712480921835043,0.8464107466123332,0.6846553576809504,2.671433750479141,0.7360478749676242
1370,1.054217327900751,0.9575764274984448,0.8866719661293929,0.6373752538655099,0.9463280974562284,2.654772650338421,0.7589554173691192
1371,0.9415750709989452,0.5731839192222337,1.0085474243028676,0.628787174718557,0.6194055524660693,2.619416015368808,0.560501535754798
1372,0.34771399249041496,1.2650523445485695,1.0681167152984472,0.7868207050737261,1.0663838795691167,2.5373362890142612,0.7229961102691815
1373,0.36634505741893264,0.93840740819851,1.0688445917367388,1.024094602248945,1.1543570836202406,2.5265805740982605,0.6498485846108999
1374,0.9056796354159451,0.799901217088109,1.1131426935384847,0.49299964797335566,1.038844253738172,2.7470056673371763,0.7876777691712983
1375,1.3938534698041112,0.6924023662761563,1.2903532399665023,0.6777337766165645,0.6086058703341891,2.63871482071146,0.6638615166469526
1376,0.7330516745584098,0.7416916450980718,0.6698816432769,0.9492612725904749,0.634961325568495,2.481618642637612,0.6098711027604623
1377,0.6912915085947732,0.44614353076999236,0.8652038325337533,1.083070487250067,0.5096527513411641,2.6103359920751594,0.7191239629657582
1378,0.7147671973090323,0.8969324245269004,0.6642249441138878,0.47419627441164636,0.7048512835818233,2.6075278459864277,0.899214100651373
1379,0.8185380605182481,0.6230990868473278,0.9681603294983231,0.590389773740415,0.6305717265781464,2.6231809949189335,0.5431866457369272
1380,0.8152985294279623,0.8129390312495669,0.5074698230760919,0.7114022140522461,0.6678683822527437,2.5101699551695544,0.5255916809491318
1381,0.6754578789937138,0.8145490562046733,0.5000626747500669,0.8617731100136389,0.6235171196953331,2.590674357649008,0.26843747996494727
1382,0.7423791145508128,0.5662771349368031,0.8457739717854305,0.30418262682073866,0.6749135477372384,2.8236436284187434,1.1691036705962061
1383,0.662539387972233,0.6342057233186842,1.0126167168001912,0.3328068291469525,0.7194214759069151,2.8411433329813853,0.8063827453985077
1384,0.7145610338377983,0.7604401654201766,0.7238531743667534,0.6527273296265277,0.8652391319972011,2.4809355070610866,0.7472689023193055
1385,0.8140299846298928,0.5240424629977013,1.00326665851837,0.735459824353803,0.5589826850071639,2.5928545719257188,0.574881806013017
1386,0.6966993464336264,1.0370669250056095,0.3899336923881117,0.5713250329429674,0.568030473350627,2.5403403109339373,0.9026047667108383
1387,0.630455540547515,0.9307938485427164,0.5486445798181842,0.6685133291150096,0.5463458886434647,2.5510983167173134,0.7938683366880473
1388,0.6958630328790818,0.5418263283479497,0.5236876306871139,0.9153591937305746,0.9719298181871141,2.588777282655483,0.7309270871671889
1389,0.7873981175223582,0.3662107622375496,0.6572159243348108,1.200400279204363,1.0085459796774623,2.474571011023291,0.7343544973155074
1390,0.9126822783099651,0.8454060351798279,0.8429221063393535,0.4310336915895419,1.054854277990104,2.4556787541214846,1.0877054599303275
1391,0.9486771327318857,0.8062566948485724,0.9303450253699301,0.5128596243602785,0.932708784828458,2.4740732883749716,1.0033058687370495
1392,0.9729148005810122,1.0913564717211122,0.5119803650942731,0.7851911989385468,0.7664387678612112,2.617823851705918,0.6564683188579126
1393,0.6501931292811988,0.712749602408659,0.6256848280604649,0.8552385962100276,0.6483763424714225,2.7216532310514343,0.6718516080646963
1394,0.3775363159502532,0.8917956431806394,0.7411310724372365,0.4924941038145742,0.7185896714910368,2.7837731390591545,0.7470953969192436
1395,0.27734995162260706,0.8445994904456446,0.6332811248074772,0.6753730816712985,0.6431871740153826,2.7502922301566044,0.6508261686153208
1396,0.5856521424455219,1.151664349916256,0.8010820753129526,0.6325367591062907,0.7992811067865522,2.689868341193278,0.8887911981399776
1397,0.6852869523896664,0.723633235620985,0.7164466244241641,0.6018120323036789,0.5319709737658828,2.6833015924394803,0.8016167899086589
1398,0.7641371874356815,0.8652754529650695,0.9980359889762762,0.6218436463442731,0.7396149356779622,2.4355828454429673,0.8402427247889179
1399,0.9418208678098432,0.5577373568819475,0.8466218423432184,0.5816046219956468,0.5955255335822559,2.4910684702832535,0.5384658542298302
1400,0.5522904840868655,0.9720807052977583,0.9419890178292682,0.4218807785016218,0.30906892695498495,2.682125243353303,0.5906411011943999
1401,0.8531867233506268,0.632878064000878,0.9167704536039253,0.5991991636624574,0.2607999299904148,2.7041564157396047,0.5695102891420321
1402,0.7882067052653828,0.8930247299014947,0.5112074999356816,0.62557332643095,0.7780667667747239,2.725499943410714,0.5943456968618328
1403,0.8272275289168783,0.7345734145568555,0.6556182300288329,0.6559077461970764,0.49415337877011467,2.700971490030388,0.4067841162122706
1404,0.506559175101871,0.9796183106460199,0.7967335542876739,0.682089943889855,0.5542306800543009,2.5422486950721717,0.9739315948041117
1405,0.6531113323740394,0.6645709334095917,0.8546718945226687,0.6605086161807611,0.47447737068599255,2.628915093014882,0.8500870180848105
1406,0.49834361429527096,0.7240069507282089,0.8586064687176244,0.5914347168960196,0.7666761447782111,2.5071172816328806,0.9092700880615866
1407,0.4963418376782731,0.6036813814856836,0.9468802502231666,0.9570930785080969,0.7196134409826294,2.463103588477275,0.8220444894873608
1408,0.9953921547478234,0.9572639425158828,0.8792781699569178,0.7546370882851866,0.7979912130620198,2.8151291100455818,0.7236297479867386
1409,0.9277728115727936,0.5099925390142611,1.1132297091321914,0.8492613426954552,0.9127689433787708,2.7932209236959555,0.6556736816518726
1410,0.6438187687240995,0.8793457043705523,0.978809898165445,0.8911775758879225,0.9123490427843756,2.487580676252243,0.8315403273577234
1411,0.8964261067222336,0.6856904363172514,1.004649594196766,0.7572862778942757,0.8160323596303254,2.5945329775364305,0.7266608973344999
1412,0.6725376328920321,0.633731815726654,0.6452528221493179,0.5771874724562285,0.7212230428167513,2.508867132412458,0.869094687371363
1413,0.6110750023957086,0.5249323604288952,0.8159539391929674,0.7257695552779002,0.5680403378699304,2.5466567537381715,0.7979655302593406
1414,0.859763511886179,1.0736315456281487,0.4220095430399176,1.074329054862644,0.9301308651257834,2.7653843833072878,0.8946649467979475
1415,0.9889313769804521,0.8341934277220444,0.44244608563350224,1.0482965475136394,0.8675240478973856,2.669256002332256,0.7324999449124572
1416,0.7510858458582237,0.9135851047737241,0.5019295578022461,0.9280072992389823,1.1501193932449574,2.718911422609468,0.9037010028757162
1417,0.9061958177399153,0.7077011060190597,0.4996072268336889,0.9346960125250345,1.047375436636679,2.5419369837354955,0.9075420093294575
1418,0.8836806979798307,0.6709705536483852,0.6837650371287709,0.5448305255300769,0.7479752545686837,2.497075069497202,1.07414790321457
1419,1.0797126545242237,0.3824281467275867,0.621317599501,0.6529283855756592,0.865858819177773,2.4911785272873628,1.0883413885152609
1420,0.912874666506664,0.5786389640526787,0.8602661667941495,0.8062722652734127,0.7855273237149477,2.4743876411039247,1.2519024303741613
1421,1.1689494711137658,0.6718900446374901,1.058460125798137,0.9025694672473902,0.5737387133814476,2.4834031944972006,0.9520673756703651
1422,0.9376361629277733,0.8886864965165044,0.5605124217785219,0.6353280654072262,0.857800347104425,2.6225142760092184,1.0355827753379871
1423,1.0116050300991934,0.7735017946379226,0.7241318045112736,0.6939936836970767,0.8583596504023057,2.644473580105669,0.9620235211206744
1424,0.615116145960527,0.6100107533224826,0.7486731869241641,0.4391441276516839,0.9931113248653206,2.6720707005684945,0.5647418675223578
1425,0.7272816060194922,0.5715917555593429,0.8469546547478235,0.5940099952064177,0.7857603667557311,2.634321734086865,0.5259084998079102
1426,0.5390791645253457,0.4730332774790194,0.6526191403688083,1.0679125948360546,0.4791544428357435,2.4712090922797665,0.8832950753444624
1427,0.4264972915062307,0.261382449961149,0.660804932355047,1.2333134649151338,0.5648182449508755,2.4244792734848732,0.6956449618797039
1428,0.6616948297862414,0.7911141975969505,0.5164917533544249,0.8237485779007511,0.8378904497375497,2.6063732689476993,0.5295143476159426
1429,0.7908150647679373,0.6761180457559203,0.7059781348090319,0.9616730226863037,0.5341199745968278,2.734452646791472,0.7036839527729797
1430,0.7783651259578508,1.0762419481395447,0.6934875411548602,0.7575441574957689,1.2934383963118974,2.6922869538914105,0.7961871800223583
1431,0.7223969257731018,0.8895075901711098,0.7275844743412859,0.8454148781947114,1.1257073737537988,2.685929433122107,0.7364786615857434
1432,0.937400055373729,0.8047045876463308,0.7782877270249129,0.9903436583582236,0.8066418943629551,2.799961177849815,1.0481830028752834
1433,1.0695386133369877,0.4830557605760916,0.7929126999935252,0.9700382738366766,0.949529439832256,2.8085985069972015,0.8705264499292064
1434,0.8793243554440895,0.8474712601927784,0.7142362182061069,0.955447330968557,0.8700143536229179,2.628325174654671,0.5764300024600271
1435,1.1085068746162534,0.5579658907840643,0.8236668450915967,0.949056378482196,0.7737962430658185,2.573971158038796,0.721727565471112
1436,0.580366867522358,0.6885412802589077,0.5594715646405993,0.5329267857228553,0.9285818224368033,2.655993565023913,1.0640777900049205
1437,0.6984348235552332,0.5857890790191814,0.8528401356714873,0.7068516155734154,0.8459275728844351,2.695081324705607,0.8793758963118976
1438,0.6051601757726689,0.6264829529007507,0.6612129254212985,0.9196490233571014,0.4844411623843131,2.50484342701887,0.915150811988049
1439,0.674906149347761,0.5982330640651962,0.6869400983186841,0.8317544876018708,0.5013219534122683,2.5878413749995675,1.1963217205711718
1440,0.7944280631069129,0.903612119535619,0.410106401616132,0.8474528005171269,0.6942519864195543,2.665493912032942,0.807607570839231
1441,0.9836791832494453,0.6042961364066044,0.501092398005731,1.00706080850542,0.5088825275748483,2.6954938269105244,0.559398076462893
1442,0.48936871574607943,1.3165463236830044,0.5904254963248481,0.7162772050417832,0.5754181404965798,2.9411319537316967,0.8302141126653229
1443,0.6428896610742262,0.9219070596877359,0.6763317828790819,0.8914233726988205,0.4781848556042363,2.8568362905160054,0.8422518997953929
1444,0.8111816068180623,0.9900592497120817,0.3117988278688087,0.4590342959799524,0.8986381328281466,2.701226728239604,0.7305100758236045
1445,0.9313336706605247,0.6624506798945867,0.352448136151062,0.5224839789104024,0.7878562068310123,2.676083943059342,0.6494828662765891
1446,0.38569540362939303,0.7421600220470147,0.7336619203406636,0.8078642536738531,0.9365742047219224,2.5576621762203016,0.8234992934556067
1447,0.4506585819268409,0.5183631455452715,0.8936586154775872,1.0319577968747833,0.9354392841257162,2.6672031079684353,0.8410718878125194
1448,0.40458706214776347,0.7023098601094675,0.41644317184240787,0.9302410973923428,0.7635417384323827,2.5476565329110237,1.0624992263541142
1449,0.5104366777859302,0.7591303673945868,0.536455832981385,0.7823537071504397,0.7183974585567888,2.5825277758814473,0.8947641177783332
1450,0.5706047301566042,0.9102119494815744,0.7398034131194307,0.6098938963123307,0.8807134201490073,2.4151062463887327,0.7117482033479503
1451,0.7440388126273377,0.7148645005430273,0.797233144682383,0.6061718624736662,0.734149778469679,2.5343996262457695,0.6508986352886066
1452,0.6468773960248456,0.8403591586780845,0.9375824037886735,0.9939094497056069,0.9854183232677491,2.780109796619241,0.5693386514883604
1453,0.9391484615279005,0.6366748553802039,1.1274662428107087,1.1116263089206764,1.0117473220534894,2.6783185874546738,0.5834022781502511
1454,1.0323916480061641,0.6172784989450222,0.8667425875824453,0.7340654042682486,0.8517163489575396,2.7534173703665643,0.9511955147938382
1455,0.9027657661993207,0.6223263969511862,0.9719729391610248,0.7862864135990051,0.9222507581160649,2.890604497315507,0.6965143566264053
1456,0.3295455260092186,1.1575739964211091,1.1401230160715492,0.5111703327258428,0.6389903863427187,2.652333111834811,0.7662161877231659
1457,0.3728711513286469,0.7057812374736663,1.1027095033868013,0.5534479503764052,0.5158925688583454,2.598218267286242,0.5610879664807638
1458,0.7430113076429652,0.9000861367903507,0.7054656153817587,0.5719030437750346,0.6152444873778382,2.7373907541853697,0.8680573178676864
1459,0.6557073612274645,0.8377520685384847,0.8838889044599051,0.7885765096173751,0.7598964325471367,2.6822412541214855,0.7334908810704273
1460,0.707912552274846,1.06119020197441,0.6077863965674399,0.6841884253574131,0.7026558494051712,2.7170030384712347,0.7165940239005619
1461,0.830654340681761,0.5854305838118976,0.6378706856464529,0.762747101226343,0.552173028693278,2.541425310550191,0.6358013746158206
1462,0.69984770331644,1.080339564831823,0.6844411974368035,0.528330001756853,0.7933531758684974,2.543411268883813,0.8542178912316964
1463,0.7572540429440893,0.8618445551825047,0.6228686851988207,0.7972698887712361,0.9694662167686814,2.659176024603303,0.7605223213503156
1464,0.7557119755236019,0.9392995964970792,0.5291737137008753,0.7665239883046114,0.8000061665701168,2.5460434434426564,1.0216020782521218
1465,0.9082559352307635,0.7256711579434003,0.7177018170686837,0.997979340586366,0.7457278564032389,2.627358476673976,0.9503994329623928
1466,0.7753126276836266,0.5237728511305145,0.7701323022424698,0.6108474899980122,0.52572555300953,2.4541718109019954,0.8485334662571637
1467,0.6707262014628934,0.3675452215613978,0.8544478697592186,0.7094145632346843,0.3336778437815097,2.594939949098261,0.748682205201497
1468,0.5734134746287712,0.5776121300478253,0.6492933673307012,0.9542367039233531,0.7125656341058586,2.7215099175927184,0.9477122299014955
1469,0.8753503231719201,0.6204566246481961,0.6943778617070397,1.0042376903752834,0.7607951729932135,2.73067737960106,0.7416904483312011
1470,0.30753365954053963,1.028603101258286,0.44957094091831035,0.8539179121607131,0.7650810918645095,2.6954882962674374,0.6665979697082832
1471,0.3505822746033033,0.9026950946763406,0.5395961930912863,0.8383390976478855,0.64447646935648,2.616739698331634,0.6201872606395444
1472,1.0489965228779603,0.7981215974881715,0.44540800808368897,0.5737551300482586,0.7696489532521212,2.692092099564886,0.8480476511369899
1473,1.0777217639309495,0.7897557479543631,0.5459863719317605,0.7723848079300172,0.6032517916344355,2.6704432374421567,0.5747107667427811
1474,1.1215352473793927,0.6462605980950843,0.8284708140332533,0.6062071619371142,0.7299318171330026,2.6582653766290822,0.6974710148253477
1475,0.9969947813134526,0.4853027356205523,1.0005232301885472,0.6905266402090944,0.6641335946439648,2.745776332757785,0.6306649437944598
1476,0.6557005612214228,0.6148787690435272,0.984810120494336,0.6303152916020596,0.552053107169866,2.408468650849505,0.8465659675991937
1477,0.7958709595470143,0.21692895191009154,1.0433090333901662,0.8339624276901019,0.4831220982228552,2.424859963860589,0.7612064784312613
1478,0.9487001015462039,0.6815055561727312,0.6848036033993183,0.5492879067925942,0.9474740793386092,2.485431675421298,0.8249904183917212
1479,1.0927617778303902,0.5965407079174998,0.8103066814282731,0.5038173666599027,0.7480655825341868,2.5174693373588464,0.8794641812685593
1480,0.6893161884263407,0.8214568619945242,0.6816077916663782,0.9937010679630814,0.646843541186803,2.7533781601478857,0.6765671167872408
1481,0.6515627128060444,0.5415517842211114,0.5916096669214874,1.085725382764694,0.5244303039043605,2.6956464065051087,0.5880109696443979
1482,0.7409832498398529,0.8836827409886712,0.642264020129582,0.7967951349372363,0.8150457573485719,2.684453703348383,0.8852535557250988
1483,0.7148965602307635,0.8097257813453954,0.6840526855506243,0.7735412527151364,0.8712344220664402,2.712420452900751,0.7683503917751564
1484,0.550768145704985,0.8565962722067284,0.6503458841382339,0.583147886183005,0.8449822238302014,2.5442272550163154,0.6411373441648232
1485,0.5703673532396045,0.7177732622375496,0.7182946246797065,0.8244436210054202,0.8027405766226063,2.545037112122296,0.5965158713567908
1486,0.7435049442736021,0.685678951910092,0.9149659974432784,0.8332951103969526,0.9665236002361169,2.613443694113888,0.7516342631323802
1487,0.8792247613427183,0.5445157496801392,1.0201392775109623,1.0554031183852457,0.8092830871991318,2.4943932218169405,0.5765195567796438
1488,0.40236576990598255,0.5241243710693055,0.5333764551376117,0.360556106083378,0.5396532646021817,2.702899355348693,0.9265736689347486
1489,0.5633971205582213,0.29553730090044,0.49852000894614407,0.5414312643142635,0.393455764378149,2.8076938127870514,0.955001149188047
1490,0.8368775662696812,0.9162949261240401,0.5177865793386094,0.7392412205707385,0.9572538301380445,2.473229576430949,0.9402223272618955
1491,0.9708300217919059,0.8597957468363657,0.6691022259708008,1.1030008873014352,0.7712099034692456,2.4999100951554825,0.7060658213822586
1492,0.41039140864570856,0.6509093460498802,0.9081296368222935,0.4355610733955197,0.8658066799265293,2.5121394968363653,0.7018523691842486
1493,0.5072065880939625,0.6337537630365525,0.9970373039039276,0.42281608777410185,0.6911547472835647,2.573072417592718,0.6701223325656964
1494,0.7934662973858679,0.5970392768077883,0.9526876612343729,0.8499363062366168,1.125185660786741,2.710754377939169,1.0769608063005025
1495,0.7425491323166288,0.5932085579943358,1.0271060225580988,0.8292843340359298,1.039102979581634,2.6758157758175622,0.554160431652306
1496,0.6253686075851215,0.6443824058981964,0.5623673973025568,0.8809647476029921,0.9044321916858031,2.5612049987533654,0.74308155604496
1497,0.8656723847451465,0.39355986761818634,0.7350355898831914,0.8448666361830048,1.0703523811981983,2.6030653572018077,0.5667426226349352
1498,0.8292767603840018,0.7013630664298279,0.6334780221428433,0.40842552987559433,0.5905776527984478,2.517170978175719,1.0372288734024282
1499,1.047774586688047,0.783506241180328,0.6682416742389824,0.6053158198805147,0.4159673965039874,2.4757894595789574,1.046802781185248
1500,0.5857810822462685,0.6268379604737883,0.5196618822846861,0.4676235718937758,0.8685256948166293,2.58027424868948,1.0566544002745348
1501,1.0756546711716093,0.3958575372884849,0.5191002881194304,0.703614550612955,0.8226719981783949,2.6390201551630796,0.8425322224238532
1502,0.7159517910266563,0.9068144834160667,0.4313028803357435,0.5648088035525571,0.9410288719960792,2.4753765342530536,0.9423350071249728
1503,0.7956773019873605,0.6206884709221094,0.6208966774021838,0.4688717892698033,0.7027098564028057,2.550423177913702,0.8937434128000022
1504,0.790430886757975,0.8399819559366141,0.581968049462582,0.7674826895123952,0.49889678856662933,2.751944529843652,0.8332764028627662
1505,1.0312077252680598,0.6442910564282736,0.8433081520957062,0.703127889250811,0.4791197417557311,2.722398793519492,0.5747746382597184
1506,0.6268229884323834,0.7853761887457683,0.904512304607102,0.5904636850391065,0.9045991449383576,2.5784798323105864,0.7155721221553605
1507,0.691424359150751,0.727983449130204,1.0686680218234146,0.863466487665756,0.6268973228520592,2.6381154609529296,0.5334994411742859
1508,0.9330250053038006,0.6804189366686213,0.6269221594127683,0.6354038444523078,1.0997424734145125,2.520903124392222,1.0628105145698057
1509,1.1611464125120845,0.5086084065689946,0.6294939500889204,0.8568015894359924,0.9449420972645721,2.5720494217470122,0.7985316335632634
1510,0.8465138283479502,1.0704351355117738,1.0167599205962063,0.6781906691583479,0.7747723824448332,2.7470066888415965,0.724923377204052
1511,0.8970082035719822,0.7689263595983827,1.0965437724307614,0.8352274848539256,0.705762953060465,2.6243068246417214,0.7375157832308857
1512,0.7392168071310146,0.7737599220979499,0.7400526975645743,0.43116347763225854,0.5159256500505023,2.5762618524406014,0.8285124903817587
1513,0.8270149885605871,0.6033162615348084,1.0327181561217962,0.4914308762457684,0.3593629172094056,2.6453852495843106,0.901987122539107
1514,0.6421321910780248,0.7342300666534275,0.6515518267823205,1.0327781168835022,0.9670673331091565,2.7949980771660674,0.6585423868857463
1515,0.9608609473090323,0.5039734338887333,0.8786740532011862,0.9544964512712361,1.0662192171839378,2.6536770125569777,0.6434356122185574
1516,0.6829578940111518,0.8921210571957664,0.4635150691777739,0.6340476130810122,1.0338836191842486,2.5154839774086586,0.5612341691902903
1517,0.6465437373782709,0.8239393462095944,0.5328518529197434,0.6353364853011242,0.5371983309361812,2.5805479465743484,0.42400145513761167
1518,0.6129480144744102,0.5219094557125814,1.1434939530924078,0.6920013484783979,0.6186396625759697,2.515367543519492,0.4923661855182486
1519,0.9515363965674398,0.3487357189731665,1.0828639006578484,0.9131561859019947,0.7241264491306368,2.644526565598883,0.4520679740538008
1520,0.5826238823485714,0.6154557583711735,0.6540071835693054,0.6127104622949596,0.9468709840872983,2.5550546629597166,0.9697343840104629
1521,0.7338161198231044,0.5615127993348107,0.6997563538465169,0.6234239024790197,0.7490612756893578,2.457387950056977,0.7723367546964555
1522,0.8100960088183731,0.9371616569523078,0.7850798725714827,0.7035437038275246,0.7151747672542987,2.6688161974368034,0.6784161385472032
1523,0.8037910504212985,0.565207953603925,0.9487097908030566,0.733068514346206,0.5891980294918482,2.5775800703600895,0.9235554486195523
1524,0.625255486067751,0.5632379888161293,0.6997662183658204,1.203551948458972,0.6977948089526195,2.5369749045561667,0.8090009694203653
1525,0.7172775825980721,0.3104588379018727,0.7136043756388553,1.294648352377582,0.6657750083072884,2.6559582655604657,0.8260998314476992
1526,0.7941646528623331,0.7225891387073506,0.5736598698231045,0.5542430107034303,0.6689956566009375,2.6830923644549847,1.051393786649629
1527,0.7835514051630796,0.5916751583262805,0.7636384432829424,0.6169499478205497,0.5152291623204277,2.6960862114005617,1.0204435904581612
1528,0.2734630075402289,0.47387248028437545,0.6933741717789553,0.9708113868538036,0.6600158257920944,2.594417565151684,1.150465207278211
1529,0.3569229555848104,0.34860040228736316,0.8407753963757836,0.8240992515975721,0.7504587602881739,2.6045544391290827,0.9502413227247213
1530,0.5739299048112759,0.719889429734873,0.7214072589780866,0.49325055230635517,0.8020580394295171,2.450137642605669,1.0663336080642631
1531,0.6510974003703631,0.6520694537316962,0.8099062620139501,0.49916802032167135,0.840188542528833,2.4693029990089075,0.7981994195420947
1532,0.6154458938518707,0.6306816083198057,1.0079882962674378,0.6584136223474504,0.6735983943310121,2.5263466848155067,0.9246186761883585
1533,0.7607835133236039,0.6639101682639504,0.8984209080707385,0.8052910183722957,0.6550665003828804,2.5371800465229803,0.8198447940305768
1534,0.8388471079364921,1.1079455283095316,1.1948301725140722,0.7764397267693707,0.7356423480311989,2.6826864143975753,0.7848778677140147
1535,0.7398598862468898,0.9344746291538606,1.1598014902854967,0.8560541592215449,0.5496230100645747,2.5317261984594057,0.6375881447467011
1536,0.7389814732228556,0.9066440425292658,0.9975662399980123,0.4911041928676863,0.3859506418386095,2.8029697089081584,1.2269276199508754
1537,0.6825550084670021,0.7714979750120841,1.002140405674597,0.48972848031631766,0.2536646118028678,2.732579809975221,0.9691514409187438
1538,1.1642387193884227,0.9282218826041142,0.8976213386050473,0.207366601130515,0.5968856757087833,2.4516063971108992,1.012213831256042
1539,1.0431163973349329,1.1180414995843106,1.1310470787955818,0.3442455043770274,0.47967682678232076,2.5495566724178107,0.5564817411164422
1540,0.24465441379022831,1.0618836251912236,0.6313435702323181,0.9082516013545473,0.5928851869880493,2.6990415817032414,0.9331934031817606
1541,0.3842761469831294,0.798778874999567,0.6792787332878631,1.0385099967081615,0.44193849846588035,2.7103424741176863,0.8682036958396638
1542,0.8859773461457088,0.7673678755110841,0.8267070127166913,0.8120764365089073,0.6977927659437781,2.438405963573104,0.8141535690500025
1543,0.8200987628768379,0.6928559464461436,1.1003894632856193,1.1174039511115221,0.5122019237278976,2.462304019011584,0.8336063986126439
1544,0.5058745948999399,0.8353769999352485,0.9040568566907237,0.8821640655034876,0.6634198440051091,2.352311797960838,0.8922496464716116
1545,0.6650358227242885,0.8859384864519301,1.0364373733057335,0.9595665444458326,0.6561962408609006,2.425864850555545,0.8991592474117686
1546,0.9104406586461417,0.7924677875759699,0.5738383074828178,0.5025547756259053,0.6766371173307012,2.5768236218683085,0.9227577469002513
1547,1.0297377739959577,0.6215214721048583,0.572122136278833,0.6833089908289572,0.6221444716572261,2.584940857936492,0.8283225683148855
1548,0.8461861234654475,0.5942280662057955,0.4646035564282731,0.8715025893082211,0.8722446641420324,2.681010898037674,0.4938369830323204
1549,1.0710931866690543,0.5749051979483207,0.5146230025558558,0.8577666675288329,0.631825722455796,2.7280093071953333,0.5739514290001887
1550,0.8815228541340021,0.8222892647938381,1.0180033809750322,0.4107137581475741,1.1392197664868053,2.428472786937114,0.48549554693823593
1551,0.745294005271858,0.6302573738491937,1.0280443963438408,0.42690179693823616,1.137734522718679,2.476498876341598,0.48856217101189536
1552,0.44653859480367875,0.4589786690944625,0.6747907369630146,1.06583461605299,0.9008493852881738,2.5517997367070393,0.7604529191902909
1553,0.48143425121382555,0.3530787093553581,0.9393576895123952,1.036793825504177,0.6986559590678728,2.607584319113888,0.7383395908738509
1554,0.802951249232507,0.946653160946455,0.4805215602307635,0.6542381836012487,0.8459378605247231,2.604627752044338,0.7654137290066644
1555,0.768348348766316,1.0694920047288308,0.4369158601414104,0.6232563508430293,0.7572224063773382,2.6424744448809476,0.5557351571439649
1556,0.9553313202003756,0.7712671502425918,0.7792219421968882,0.5058427830707386,1.0410443723159402,2.6144865942606517,0.9813371232422804
1557,0.9593484734464555,0.6422660631384227,0.6625909288400421,0.6720879634772761,1.0390081424774649,2.6885047114325054,0.7404919040765917
1558,0.7217172778308234,0.7610830692736021,0.652797154907537,0.5751325350835668,0.8692529728714853,2.6378160802653823,0.8646239539552959
1559,0.7535430703915994,0.6079664541150098,0.6600881172029298,0.7243262357168134,0.7761662041469524,2.7036274796455197,0.6334275027794549
1560,0.4144999113617108,0.9446476488366765,0.8195394595789575,0.6570152915066639,0.899370766263639,2.4517907885346863,0.6269196932829428
1561,0.4974087281437759,0.933566695168,0.8792649930658178,0.9295345698805152,0.7753884067287089,2.4605640327513107,0.6572947678931538
1562,0.7151587737084727,0.37930011726681556,0.8462012707693034,0.7407520745454601,0.7870591034951464,2.6487748941393554,0.7160238345789576
1563,0.9904161250315101,0.2539110069972015,0.8962659534757214,0.8836001619375469,0.7014086535335646,2.6331618016675,0.5919488562111487
1564,0.8736475041214851,1.1419956050292661,0.6216309307255321,0.3846434852052955,0.8554051263415967,2.6103439888480717,0.7584854205323204
1565,0.9229187463887335,0.7993205648637657,0.745976542464947,0.4795439762263435,0.759884349756542,2.72666191883892,0.7901489442416587
1566,0.5446917212100274,1.0542709117774003,0.5138197701934673,0.6300719609209876,1.0676269894230421,2.4841512230950844,0.5335087073101541
1567,0.5696524058338777,0.7552588184745993,0.69608127914091,0.6347034459670021,0.76858223804907,2.6038158519295176,0.37778228802360203
1568,0.6333398162062288,0.7882350294603383,0.876639618513017,0.4663901512967039,0.6687734995838779,2.454417607712893,0.3924609174649474
1569,0.7960676816199299,0.4905245621477634,0.9901266088632662,0.749747475779144,0.6691662727501891,2.534925074705606,0.26994297855903204
1570,0.6557430838118978,0.8013005694333158,0.8394434031817611,0.8062663115093406,0.6571598743283359,2.406946735588609,0.5701620360103404
1571,0.6846812157460798,0.663114932674475,0.8600862845090295,0.7382174510791465,0.45012675658194534,2.5264879552653836,0.45959444551980294
1572,0.6269042981205517,0.7610834923945867,0.5731418197527441,0.7658878844572289,1.2476892260346863,2.5997554024470766,0.7887900714780871
1573,0.6376941157331294,0.5808081170432161,0.7557084878893554,0.8610817298056664,0.7204442238940871,2.7081558829559174,0.6858417465488805
1574,0.6900829245584098,0.4779493464336263,0.6817238024345597,0.5033369069203655,0.968960074226465,2.4039353152794547,0.888348927114699
1575,0.8552975354673131,0.414979772717813,0.6754850064217985,0.4353791481015593,0.9738006119945248,2.441326209674786,0.8315210214401016
1576,0.6374134425797678,0.6146962453661314,0.4198260163914105,0.5984868576490072,0.5951695045047981,2.573172610077525,0.8134451737917836
1577,0.9004345922158805,0.39672115353356485,0.5075782601923454,0.8037885842914726,0.5403557060963284,2.595657785754798,0.7886498225326317
1578,0.7910799196379223,0.7388336506254723,0.9116792593613997,0.5843841960308879,0.97626949619751,2.733029479389978,0.8901839983376765
1579,0.9023310688259699,0.6346356636948334,1.3939234703475722,0.7012460341572261,0.8187774804440895,2.6846147028368645,0.8466583385735371
1580,0.8303789503129522,0.6289822769036164,0.6368666451934675,0.7389141140716716,0.8134398184111464,2.7001990479927804,0.6977987197078508
1581,0.901344043423231,0.609211782240226,0.5745894005939628,0.8617185046325694,0.5152414929695562,2.744694222392343,0.6643167167047958
1582,0.7809444902859303,0.6182466415511242,0.7641544503444625,0.626234514697577,0.7414565590484472,2.7020094579175007,1.1909678897299525
1583,0.8942037929760321,0.6139492382726692,0.8641907012073503,0.6693611270767137,0.7447353003574129,2.6903254089975124,0.9619752926246614
1584,0.6509629299265299,0.999352834866442,0.7077008581605249,0.7216710923436517,0.9645549048112759,2.642174465809965,1.114541622762706
1585,0.7571827730376742,0.589555080073726,0.8274361585179378,0.8200470467465792,0.8284853629536743,2.6171516021531165,1.0528389013610226
1586,0.7422546838887333,0.8118752052973258,0.27719081988051497,0.7927870725645746,0.7603627664872387,2.6506134529965797,1.1525413183148858
1587,0.5775170450851216,0.6845537205707384,0.37841923811295486,0.879311601673975,0.6636518655414723,2.736156487346329,1.241553862282443
1588,0.6451095086906018,0.8663925122690597,0.27163780083655475,1.0683051927399152,0.5881744352627061,2.6172577484019945,0.7376158004532413
1589,0.6105669921071015,0.8468784525817562,0.3256813754787087,1.0824360032905396,0.3786715870713606,2.6841145140587206,0.587533997539107
1590,0.8844892857228555,0.9327864316199302,0.9581891394105249,1.1999201699897266,0.9881210967534876,2.5022940067736017,1.0078289892628949
1591,0.9999507499995672,0.8558225608061667,0.9610254344317605,1.234815898995957,0.748108528245646,2.489455380814886,1.0735530525947063
1592,0.8649754738940874,0.6340307732932163,0.6205989166024926,0.3347455804889821,0.6168501784567286,2.7092345056871143,0.9339991016739749
1593,0.8693768051501289,0.8389175316009374,0.6487435054311387,0.3486375694972015,0.5219293600136391,2.6188484674394803,0.6672115278623331
1594,0.5840342959799529,0.8334994061217958,0.6392873009004401,0.6703915213118978,0.8030146976284602,2.544160318986117,0.766753543711149
1595,0.7049553868218608,0.7771739800927183,0.46067162362559405,0.5907359382985697,0.6780346019295176,2.729998577900751,0.6653585953471389
1596,0.7017745471303255,0.8704470079874274,0.5342146364385468,0.5759708916469528,0.6649050151771513,2.572102407240227,0.7375810993732288
1597,0.9099195440625197,0.7459182015910967,0.484888365669244,0.6169086945930295,0.5143398632726687,2.733448781600937,0.6230828454429675
1598,0.5666678650942736,0.4209085498778383,0.796784073651062,0.44759808687970404,0.6136151565051091,2.498216294382381,0.7181270730437161
1599,0.6855327492005644,0.45050846846208203,1.091023834578957,0.5165432942222337,0.6010923279007511,2.600759690758597,0.5628979532844973
1600,0.7367022632282092,0.8356145521146989,0.5093950470021217,0.5325713550288329,0.29356835761706435,2.6882162167686814,0.9878194977946491
1601,0.9574528430783352,0.6848992867454575,0.44153050539962924,0.7078365979673134,0.17849353748014163,2.6287949962290202,0.7030361166599028
1602,0.7556203781951438,0.6011305166150094,0.2661745113746614,0.3857935531053582,0.4849984226733527,2.6406560381833155,0.8669310650239126
1603,0.6594926681996316,0.5075877015906638,0.3649843169089695,0.4785877411483852,0.41572984432453713,2.5789972839975124,0.8457594228650094
1604,0.4265393909757212,0.6060732898767159,0.6352795890526788,0.8957441679125799,0.8338636798307009,2.5690501568245367,0.7978345474497534
1605,0.9065676651007484,0.5295266782650723,0.7182504822013756,0.9892391775618974,0.676568736675097,2.6684588989963904,0.7151791011305149
1606,0.5976996188324449,0.7881695380555446,0.9278918868542365,0.7972772871607134,0.43260017244975335,2.4805636597002536,0.9628458841382336
1607,0.7113299226414107,0.8801998792173134,0.8130772371861814,0.8658216519679351,0.442161924845895,2.565309590714137,0.6966387872884849
1608,0.9372727354608381,1.0361930211202413,0.8781188359209867,0.28405941545168656,0.8382873815176267,2.6622256336267167,0.6949152176950217
1609,1.0164506753893556,1.1077444723604006,0.9665899378828804,0.4483436493477609,0.8098567641549828,2.627772423504299,0.6040805315370522
1610,0.7810138924459552,0.6308918578087209,0.7449560127490671,0.8992190329110246,1.2207093266226066,2.504327843078335,0.9164000508684971
1611,1.041322228814574,0.5915478384133901,0.9104558785460816,0.8519276199508754,1.0051756410400396,2.4891461356080335,0.8033395132601514
1612,0.8020927405095295,0.6599265193310121,0.8317896118028679,0.36760620382752485,1.014411308441535,2.6386647244690558,0.6512612891096562
1613,0.8241292682764673,0.5320434404391692,0.8279453655734151,0.4608326231140769,0.8365970683787708,2.647082537991659,0.7429766065629528
1614,0.6625839535715492,0.9457268699513084,1.0059162712484448,0.6691295286613357,0.875266547353925,2.458935124999567,1.087139356626405
1615,0.728105588924908,0.6816328760856213,1.003868309144276,0.6107429636369897,0.6639611107483234,2.544255403948821,0.9140450618287684
1616,0.6156099578536143,0.8037161176181866,0.9409609144614604,0.47215690746382566,0.9734870329114581,2.470868458364699,0.5512440963058557
1617,0.49684551409066424,0.7179130880620201,0.9332336349048607,0.5174970631703653,0.7397145297793334,2.470318771727587,0.6016619188389203
1618,1.075235967344084,0.8687344996801388,1.2128836497315076,0.8938136612019973,0.5708312210498798,2.716336144299069,0.8978931687435242
1619,1.011175089723044,0.8657243487339401,1.2407912847641391,0.896812926124473,0.41110142379178327,2.6627779616561043,0.7077392947333184
1620,0.8571360943245372,0.6467484562240992,0.7964976219960797,0.715358137173664,0.6972490330707384,2.5700872784696784,0.9637356063069775
1621,1.0528060680274,0.6025060539039278,0.8960335088183731,0.7859451813005024,0.5508375478650094,2.646708224501,0.7390588721557931
1622,0.7064346042298307,0.5788480167747235,0.6342324276257837,0.5358500963377982,0.8301715900748479,2.4827186142952713,0.8041945343488827
1623,0.9876931993861793,0.6319304240792685,0.7303591161168755,0.4513480943884227,0.5520401781373008,2.6371017312430918,0.8861682897170022
1624,0.8710029989135122,0.3828053494690571,0.5884119874421566,0.1685841759004399,0.747652058824848,2.634862154588109,0.7847402601608354
1625,0.93676250690094,0.10943520862024063,0.7476128486061686,0.24894935093885806,0.6488418301695543,2.575806827645209,0.5896575634259076
1626,1.009369962582878,0.9842162913788931,0.5085361151581587,0.5174896647808878,1.027867403309532,2.554378925772669,0.5049861420941515
1627,0.92161243599739,0.9667841938259703,0.6850627523637662,0.7581498941393553,0.7765133902095274,2.6671184859084702,0.49275691567571844
1628,0.6751038929250969,0.7444139723599672,0.7488448245778356,0.863234043008408,0.9528720526581591,2.628259683249878,0.8595296226034257
1629,0.7984094937685592,0.6987050338058558,0.6654820045047984,0.9811788377421586,0.7681167503509378,2.617573968877338,0.8079613816453977
1630,0.43548409758356654,1.0328499851733526,0.5596007522998806,0.3381758798881116,0.8359699828087215,2.5814050106719195,0.8348363315754698
1631,0.49466938583163433,0.7900978264948354,0.6011851219960792,0.4070157146276493,0.7835415406437761,2.53298181422491,0.6399739241112109
1632,0.4855918286678108,0.5187859353904772,0.710322146695644,0.8244341796071021,0.8542267342465796,2.64905003664963,0.6174485167108377
1633,0.7126851325082855,0.3895550450212363,0.8436134865473255,1.0212581319652583,0.5588062903562909,2.7218456192481346,0.6723824119051715
1634,1.0523980749611495,0.58062270411501,0.8413905744176889,0.7727706058278359,0.9154162652414702,2.547594106019493,0.8735037675417833
1635,1.0431589199254077,0.5536680643846237,0.8376922830392287,0.8697798659567286,0.9746646513605892,2.6088651945610866,0.7694333483825693
1636,1.130900700823604,0.6537505007346837,0.723704928648385,0.6174406952003757,0.6437582095789576,2.5357158011564165,1.031600746292905
1637,1.1270383454434005,0.5403976303033678,0.9483793719321941,0.60372799009384,0.6130704021276492,2.564318056172732,0.7200302770637631
1638,0.8104431948809477,0.8541612428417861,0.5274029371158204,0.5804407788210496,0.9383870807764673,2.562650536585743,0.7391997194846838
1639,0.9606461886814498,0.5016952453985071,0.6843317388161289,0.6074985002870521,1.0061795062305747,2.691437288183315,0.6447148677779001
1640,0.8941959714655697,0.8610909959415345,0.38971519826774836,0.751872661553801,0.70915361911993,2.6389626605311993,0.7744742711202415
1641,0.9733168398831912,0.5590822791085346,0.7176720482483229,0.7304917914104028,0.6953104569911591,2.6520456386754074,0.8359036451619575
1642,1.3205332123916544,0.7782566888415969,0.6180062001208628,0.671588796203552,1.1242086751657556,2.583525687307911,1.032476693187114
1643,1.253249045084689,0.4955685493986963,0.7240802636434648,0.7703400856015595,1.051865228111833,2.607833603559031,0.8638868113811365
1644,0.6034990330707387,0.9384402415321311,0.8097996926440867,0.5518141103650098,0.3942152773831914,2.6185733249292067,1.0785664973793927
1645,0.8412618098793927,0.7647542332239775,0.839658584930328,0.7077671958072885,0.4088825976798282,2.585058911713515,0.7911294174968905
1646,0.8713512790765914,1.0136131836012487,0.8838747060643855,0.6878665645762811,0.6076952223599675,2.719298665132691,0.9624783706536173
1647,0.7949325857612733,0.809784720602681,0.9704064583008132,0.7803461520318205,0.5457699208202388,2.727089217822793,0.7869288943314452
1648,0.23649490299010417,0.780342664397574,0.6842910839720444,0.6813862330327535,1.2080014356149433,2.4353984540191806,1.166184621261395
1649,0.3482846049330047,0.7437626486126443,0.8892694396082237,0.7344520484080371,0.9074715856650123,2.5756308561153216,1.0561218012837539
1650,0.29589519772428785,0.6956806844641368,0.7581162145637632,0.8873505925672511,1.111071690023913,2.5320980458202387,0.8916806539168779
1651,0.4431390857293312,0.4755231600835668,0.8651052599368029,0.9694978533354321,0.8549698305848108,2.5942732301885467,0.8756774296709874
1652,1.0235752828156295,0.7770306666340019,0.28594662592590725,0.801434864614699,0.9952603256962655,2.7189054688453957,1.0717940082753459
1653,0.9923105586327582,0.4845924726159428,0.5159812769359919,0.8960004276262167,0.6390349519420346,2.7682432240218584,0.9016495531373007
1654,0.632948064544338,0.47182962570230785,0.7338701268207386,0.21089216075479814,0.7221205864959572,2.527624671011895,0.5797219206600918
1655,0.9629732040511246,0.3978533601414104,0.8287112554635149,0.2780870941967659,0.5846901288659426,2.6184860614769647,0.3314818112214226
1656,0.7962005321759076,0.7611212579878607,0.36519294651002937,0.6604792704813852,0.7723887186852484,2.5480624829684353,0.7528342520123957
1657,0.8222139088697407,0.65593096286993,0.48488692104383796,0.7330309240153832,0.827775946191035,2.544235674910214,0.756616669733751
1658,1.0094882642184353,0.5268581827383599,0.7134545100326314,0.7991443454753431,0.5201407221363683,2.709057512652806,0.8247469124481988
1659,1.1500746523831913,0.6753299606973883,0.7982990136434647,0.7527389917872409,0.3857469444972012,2.6813182754981346,0.6705255686347462
1660,1.094735828635868,0.6202285138670646,0.5970398751912233,0.8867670510920965,1.1427003373907882,2.524703403405794,0.8924689142378603
1661,1.2232969355821337,0.5759039556167532,0.6598308359848728,1.030354148804734,0.9678619703151966,2.5675109786548607,0.7470537205707382
1662,0.4759689187430921,0.8732577954684354,0.8973973138415969,0.47442523143474863,0.8287529318120203,2.6305419577577855,0.9177182687879848
1663,0.5682411459605271,0.6081861450022434,1.0094689583008125,0.6165616837929053,0.8568753254722334,2.641199347935371,0.9006263820291437
1664,0.4721671951041143,0.8517493575536119,0.718105476258719,0.8652941604992561,0.8954033587350618,2.6489305382472015,0.7348883656692436
1665,0.7920028982612737,0.6738589879208651,0.6793828365279,1.0501971101414105,0.8016467339914702,2.6635333886434647,0.5919776035270891
1666,0.8481928323420965,0.44951055703561915,0.7432916302714251,0.6291426054125796,0.7956448917747238,2.674909636982008,0.8617556718424075
1667,0.8069096384837511,0.5079133634643251,1.0736555359468882,0.8328310673242262,0.8380674427718583,2.7269955774854933,0.6494689157396039
1668,0.6615921711716095,0.7710131813963307,0.6876846392823209,0.2702865017249106,0.6316037407011866,2.4746096228585346,0.953013323108035
1669,0.9431588147679375,0.7280990367774005,0.6900671062750348,0.262314869982818,0.6245298279007511,2.557647802562331,0.6966184598664427
1670,0.47944642513381347,0.7074781027600293,0.7432302248843129,0.8679606130171263,0.9686754903178733,2.5183522595215466,0.693826132061087
1671,0.5258255702318851,0.5851209154840624,0.9628136491880472,0.9289179472132036,0.6124318321504401,2.593053337007475,0.641669767893154
1672,0.7869555986385447,0.7817752731973883,0.4523737316264056,0.5188306762522436,0.747261080808843,2.6102487286229175,0.5593916995778356
1673,0.7193584506319471,0.6856081051246617,0.5320840952832536,0.727324128609968,0.6904110525618977,2.526825101546203,0.4740340781562929
1674,0.6170698693439627,0.6712740203536143,0.9183223855437157,0.4219992553996288,0.6807604168256589,2.568744399251932,0.9701789459031164
1675,0.6619256545557333,0.34060044635031583,0.979442514378582,0.5345819746607139,0.5830121463762162,2.5964593982293303,0.8544681971812607
1676,0.6676844139499423,0.6570890275429052,0.5020445470660072,0.8241070731080342,0.6916906586461413,2.449350403789107,1.0195647543131416
1677,0.63006558403593,0.3652023879083479,0.4637891901836266,0.9262276796390445,0.5538251531178751,2.502850668679207,1.0379886342660047
1678,0.5242471818435296,0.7722856369496317,0.8841194813708624,0.5287345071888582,0.8789163623778378,2.6219685001273385,1.2771686247120817
1679,0.6915662279840623,0.5736376746546715,0.8405975570995045,0.612219714915134,0.6156298621546717,2.72407881901806,1.0625622516290818
1680,0.5420593713887336,0.8562092049459551,0.7729782139244747,0.8023401572082837,0.6822084207878628,2.7161457991112123,0.748141959962704
1681,0.7283949298307013,0.6244008881000045,0.7246250180209247,0.832392882316629,0.6773233174204873,2.609025347807599,0.5733935703277135
1682,0.6542447357487557,0.562925679096017,0.5992383738811369,0.6800862995264673,0.8804497620458926,2.6519575289811965,0.8666534563838131
1683,0.7750383314153227,0.33591537742765193,0.7043590915765918,0.8062860405479473,0.7952032191328805,2.53865722092211,0.8062770222706148
1684,1.076689326686925,0.9291822036997539,0.8321703021785843,0.45081975667777346,0.6906679106589697,2.3710266387073506,0.6303306867644501
1685,0.9340995420173155,0.700380973286741,1.1432313164937133,0.5342552912826317,0.6937290040895416,2.4161462572846855,0.43103964535361433
1686,0.6543716325406617,1.1682030624037385,0.44351424546196005,0.8710929763541139,0.7233807114001288,2.412562779907536,0.5606130373843133
1687,0.7661020447013752,1.0610304718488826,0.553318164333689,1.1924536592854302,0.5240247769679349,2.493116257124972,0.345092703955296
1688,0.8989264522295196,0.6844005425927188,0.6598199499611492,0.9348898453471393,0.6359036101094676,2.64302906377771,0.8657576051885473
1689,1.018075249264883,0.5129910302908506,0.6717855182764672,0.973606356051435,0.650637268052868,2.6245704827448355,0.8452048039682464
1690,0.6824944493218604,0.7306287279840619,0.6534478802714251,0.44162907799657963,0.737916625766194,2.64192500610237,0.9150136275558557
1691,0.8648857443120198,0.5428400580577881,0.6026881544603384,0.5748526355760921,0.7149571193759054,2.7138160697531766,0.8430775751847488
1692,0.7429000538719843,0.562280732233751,0.6838695634897931,0.5872568120199928,0.6454025124930918,2.55750984448425,1.081430095091164
1693,0.8584448708457063,0.4185221721298922,0.6481701790001887,0.849156641071983,0.6488695559810743,2.6024413361450196,0.965280490382191
1694,0.4233698604288953,0.6699572470595317,0.8001956655160047,0.7751635357232883,0.7045405937495672,2.878793551603614,0.6662856599881717
1695,0.4976500158160072,0.6821084035655075,1.1194724884962683,0.8646307539613383,0.5804516648447737,2.80674208684776,0.44410169769234553
1696,0.5871235383430297,0.33514804291214684,0.6521581618093433,0.853883809464137,0.7537627612788331,2.587807097040539,0.7702552882791438
1697,0.8566250195226691,0.17340107387466175,0.6257195291404769,0.8791266118667531,0.7671902840933404,2.65094873153101,0.6730645259772756
1698,0.5522001561213629,0.658259845985995,0.9258186650683726,0.6546739024790197,0.6177107301885472,2.5297260417302634,1.0214306158609003
1699,0.6760130962739127,0.3412305964336265,1.0075882999740988,0.6170965736510615,0.4877566477821317,2.7535486010346855,0.7296462117199899
1700,0.7754225094252855,0.4863526110358081,0.9714296294089699,0.972711526360589,0.4614553748079104,2.4927043533034903,0.4258410354992561
1701,0.7869902997185572,0.38300615755965434,0.9933686060833781,1.2361182986320698,0.2825395431996318,2.5359665302269647,0.34821869040722647
1702,0.7658404296071016,0.6813096803417856,0.7994075804574726,0.6209545951550497,0.9456919936088455,2.8063757701300154,1.0691443955452706
1703,0.6074939911483854,0.5801890282460795,0.9581928749033053,0.9764811903118309,0.8636245979034277,2.8277599526452084,0.8280866360232909
1704,0.7385104548816366,0.8834404318120195,0.5459884149406015,0.5403134313643871,0.47298811349626874,2.603773752460026,0.8372151356714874
1705,0.7654081983635772,0.8436927532266543,0.7489012977052956,0.4956578558597784,0.35608621890928094,2.52613150306694,0.8641908764698011
1706,0.5954986540127062,0.8411587281437758,0.5654964482677488,0.6105431770508135,0.7254915235168155,2.636487997826592,0.4993290198101543
1707,0.7946970765906639,0.6369226951999425,0.45562661487024114,0.6634917122949598,0.5376693492774,2.7295967138610213,0.4050769632856193
1708,0.7479409766096563,0.8075445455642634,0.9379745785715494,0.6111959454235418,0.8705459311092786,2.568247698108035,0.9601277154901047
1709,0.7085390394614601,0.8339544309171892,0.876709619056477,0.5772484547223558,0.7774138231395448,2.6230288384453333,0.9617697275368629
1710,0.6790259612084729,0.8892873009004404,0.6168290047927166,0.6981444611450195,0.8324756366302039,2.774277549047327,0.8648707722706144
1711,0.5891366241047362,0.6759510925033657,0.6621878680334421,0.9961613570097184,0.7836813664682462,2.6794464601863037,0.7633460378638878
1712,0.5019564373717956,0.7888742704170667,0.8736528595021216,0.34067784528325307,1.0851858085054205,2.640916807035618,0.6573656146785846
1713,0.5614319127676264,0.7347045726288932,1.0341409004023054,0.5013981555783354,0.7783562829429675,2.686435998785308,0.3905673301056691
1714,0.4054710058148851,0.5420014536358684,0.5230932031882362,0.8798582237978252,1.0430757424908483,2.625577835569617,0.5680538652859306
1715,0.49134301441009215,0.3663335730117734,0.5076195134198652,0.9638353756707982,0.8802543093359325,2.5816791316777734,0.45459604537260645
1716,0.5657124762582855,0.5497032982483234,0.2730858047987583,0.6628483853205498,1.083159793711149,2.622959013164324,0.6410683651257831
1717,0.8030801890332537,0.48689549766687784,0.3927707610552334,0.6788945552778998,0.9091507649216088,2.6986539160590324,0.733427607936925
1718,0.6461733346428427,1.2206220631703655,0.550802248401562,0.6457604093169401,0.8521140543835023,2.716625660467314,0.8144414653303904
1719,0.6515721542043634,0.8476269043006245,0.6864940918006243,0.6097579812430918,0.649994787320427,2.6314168831475744,0.751040857137923
1720,0.2764343713887334,0.9293834349113357,0.6472028826360567,0.6546342691393554,0.5271844429954573,2.670562137461149,0.8338398647744126
1721,0.4068188172922831,0.7969362301246613,0.7932769737024301,0.8548369800288329,0.44322677230255714,2.5214494986575375,0.7360513626018704
1722,0.4708783228840023,0.705257832022669,0.5430474182958926,0.4610414279775867,0.8700104428676864,2.8389185531053576,0.5889715385985718
1723,0.5588701618732289,0.529998119727276,0.8005435225580992,0.5645837572846859,0.7383771812046742,2.7780336855825674,0.4172121262457684
1724,0.48853180380809924,1.0105699514628925,0.5878259798371762,0.600558459547015,0.33406942018095037,2.597165327357724,0.7080735517633284
1725,0.4650532258430293,0.5931286929315718,0.7176036675927188,0.6425134798371763,0.2928648946184969,2.577166123529766,0.4987039772489449
1726,0.7155394640841884,0.9241383917112712,0.7227899467979476,0.17440638369060166,0.9045578917108386,2.746363361867187,0.9358489696759078
1727,0.8719075178612117,0.648981480731574,0.9505390835244127,0.33582029246494743,0.7036071522234771,2.5650422697143256,0.9050676971497515
1728,0.4948428912316957,0.6911964236320695,0.14828703601034077,0.4111266834734772,0.8328107399021835,2.476607911841286,0.7813974720724823
1729,0.8284558419918481,0.6578157072143255,0.32265702613698966,0.4739275087864303,0.6775498083137634,2.583621370654049,0.7328931411997532
1730,0.5495422987598407,1.1479683494051716,0.9379930382472007,0.5525913093998183,0.8734875261374224,2.5651742740283328,1.2758203901136986
1731,0.6998524603136417,0.7678867718234149,0.9776682501592809,0.7183399639249082,0.6983974810829451,2.5990747330003767,0.9715043869496316
1732,0.5402331431806393,0.7165383970150719,0.49223375808325615,0.5871681039423458,0.6254236360871765,2.491479950983751,0.4801587311472635
1733,0.579514312563452,0.6022924920432159,0.6595895483126419,0.938818465778022,0.48889914203026574,2.5818481279391676,0.35552853549925617
1734,0.8436198634323828,0.437426336559843,0.7768819977946488,0.7716466438514371,0.7591467840613976,2.544220702868809,0.9039332722706142
1735,0.9968237420432164,0.4733188828920322,0.8361132962674378,0.9795728988047337,0.6069744964526191,2.5950982345983835,0.7557501642378609
1736,0.8139675577383602,0.591329767414012,0.6531872866815721,0.520219565694711,0.9392967072462685,2.4959116494435887,0.7834308852562312
1737,0.7671089744051717,0.6825470116940895,0.8435732548242258,0.6324727123269028,0.6896726406247833,2.579831554543216,0.6834870053676861
1738,0.8351603735612758,0.9452006478455846,0.7314995673561693,0.8085568306486961,1.0509933672353065,2.5176596825467037,0.5442747098664423
1739,0.8705845429445223,0.6449386446828161,0.7924634536997532,0.854585652574848,0.9790452320736047,2.6096748038085322,0.5071862606719201
1740,0.7887093601733529,0.6715208386689324,0.5063399073356215,0.731748428680328,1.0441359055463928,2.5289948529201776,0.5825575447018082
1741,0.8877971974687457,0.5450917175033653,0.6213746710118954,0.8865411585822562,0.9927817522364276,2.640498351066629,0.32886383505809913
1742,0.760657214915134,0.9045580669732882,0.5833764200851217,0.8518910511244723,0.705840351993403,2.7086396550672514,0.6534628523128304
1743,0.81017136474247,0.6029957797793326,0.5794190523382982,1.045047998146019,0.943346270704985,2.6464782459734773,0.6089980451170638
1744,0.883075982840664,0.5436847915062313,0.7864909571823829,0.5582019983381094,0.8701161659955796,2.782935380879204,0.6704600772299525
1745,0.7725003955772135,0.40111917241781114,0.8622301778178728,0.5562799115214248,0.744064918551002,2.815508778916878,0.3768601556422214
1746,0.5577488412891067,1.0197645408993181,0.855002065534997,0.7203851093743505,0.9713978175797683,2.6016847123907882,1.0348893521211737
1747,0.8089444962929053,0.6502580223025567,0.7450118874930917,0.896199192707973,0.6680925822786441,2.720884451910524,0.8694542040830666
1748,0.8684669308217933,0.8593840908734177,0.38394104371114934,0.6352442895892317,0.8423742874486315,2.604972296714636,0.8560381656757184
1749,0.9071017813130197,0.6624186202068505,0.5091496733122088,0.7272746307509996,0.5461777386240396,2.6107663555722933,0.7505316500824452
1750,0.8815748181227955,0.4589310389818856,0.8184255373843137,0.6914551494755323,1.0121087065115848,2.344802166282631,1.0629924398637658
1751,1.0847572401585919,0.41229810030000213,0.9171844004342485,0.7846419354224199,0.8849284922348727,2.399878353431261,0.8134492598094649
1752,0.6070023975265895,0.7802599100839999,0.8561779915001891,0.5267263536868033,0.6602513349627043,2.5783221451939,0.8380093497565418
1753,0.9480872143716736,0.7273048226923455,1.04114174814602,0.7666445082114601,0.5769612294214873,2.7167069701554825,0.8904246150303878
1754,0.43517731850654223,0.5932851832813875,0.7007522222641394,0.5172695507726688,0.4907750433597784,2.560245276041161,0.7214271632791444
1755,0.7114637947018083,0.6760880290770248,0.8576418137457686,0.6020460968488823,0.370045990189669,2.592062400849504,0.5784732801630796
1756,0.5857073462100274,0.6658002679889825,0.48923075766799945,1.0266737913145747,0.31727155872901974,2.4833194186792054,1.0613386955513129
1757,0.7007021260217361,0.6112466400493803,0.3843693641994424,0.9945098309685574,0.24456468420816171,2.4481379089975115,1.1130547591067237
1758,0.5863835065180596,0.6925694947911615,0.7604282578920324,0.24261258071258207,0.6090530736191192,2.5363884738302014,0.8510206348733507
1759,0.7250215266800173,0.5760150341252838,0.7985378351858705,0.30202478297491026,0.7215302450147608,2.5442687561023707,0.8698819261879254
1760,0.7960167391355573,0.8205084484270293,0.9023390655988828,0.2286834244945248,0.8539289734468876,2.9145386984594053,0.7684984622310744
1761,0.7953529094766538,0.8198698058537364,0.9884857935833775,0.28410560093885834,0.6559085924390468,2.8491884529011835,0.5413986062430916
1762,0.7608871934426567,0.6109016722580969,0.5506328290191815,0.9468991330198034,0.8712759231524948,2.4980754470534894,0.8057739442416592
1763,0.8829655027155694,0.36589785413400167,0.7619366457369274,1.2086649147489448,0.8486876657396044,2.614993758307289,0.7760323320865546
1764,0.683884958652184,0.6991169376273382,0.755153868992592,0.8644558039358703,0.8801923055653855,2.494812699290351,0.7362485077957712
1765,0.6611539861640126,0.5670370710628306,0.5785217565176265,1.1075298889952687,0.7298876746546715,2.507584213956417,0.6498155034187436
1766,0.951561233128149,0.6479851891929674,0.9401832923056668,0.561524706862955,0.590102723701997,2.5589350548945866,0.538095203635868
1767,0.8723567641549824,0.6557213117644498,1.0033769633810146,0.6458526050288328,0.411456854485806,2.5880670196508726,0.3895698418001912
1768,0.5610949417492561,0.9253385558537361,0.5612793331730418,0.7628571582304529,0.7234353167811985,2.7128571932829435,0.7999371875310765
1769,0.7312814963567905,0.6241524498968304,0.5367997792682482,0.7688261671135774,0.6417658743602782,2.7050105905863657,0.77709386717142
1770,0.5652724235042985,0.6350529228969526,0.6004800391096565,0.714236218206107,0.6691993539423456,2.661822149699132,0.7086318335567887
1771,0.5104578514499428,0.4500304748523704,0.8238869590998157,0.7752348056297039,0.4443105025558551,2.7423222183023674,0.6734312658160072
1772,0.7284984346873031,0.8763575007342508,0.5766632933593453,0.6351886627037412,0.8405349549455218,2.4323716385476364,1.1085578171006267
1773,0.8902517080137613,0.706254298823726,0.6919489613686192,0.6039219981783958,0.7083111039427784,2.4817935926630788,1.1844165361385446
1774,0.7632072335438383,1.236782551411958,0.6816642647938382,0.6282982950851217,0.8195983988362433,2.577834885448321,0.6146892700976387
1775,0.9820404109783981,0.8496636298561687,1.1197511186407882,0.6985354391610248,0.779477180406104,2.6851664324828177,0.6024140334544853
1776,0.49453900140548257,0.8083482010476366,0.5424961117709252,0.6854682793001914,0.7468044361255944,2.5947432270253454,0.8422190664617707
1777,0.6016966199189328,0.7340044220021216,0.7183036429570396,0.5930206789363036,0.534763899954674,2.595905202453552,0.8927732271850595
1778,0.4674038810065418,1.1364140865279,0.7091714804121461,0.8135297958517481,0.7732073462100273,2.5584830946124546,0.7605650192032416
1779,0.4974161265332533,0.8060357345983831,0.7896690828855568,1.0634794517508106,0.7644597847960821,2.5161110629787085,0.5700217870648855
1780,0.6732608249292062,0.36986015414047724,0.4652148237149477,0.7149846699249753,0.7035096011309478,2.7432433291793283,0.9073025894036163
1781,0.6120858428547362,0.24188836717098733,0.7832415615727931,0.7812167435453927,0.606905517413579,2.7383662951809504,0.8742593697915944
1782,0.6189466169154452,0.46474686988698977,0.6566884328661315,0.5462229026067912,0.8246789549135797,2.5772527885985723,1.1174008865982605
1783,0.6964890969447106,0.3187834342081617,0.6194909481719206,0.7184939881448975,0.7537356338507488,2.5418086423181845,0.8984344354867388
1784,0.6889443410655068,0.9169334961012485,0.3391376456091568,0.8026849497371162,0.7375334692606514,2.623987539653117,0.5416920331665668
1785,0.6012910929825075,0.7430339259323832,0.6098838565305772,0.6761658511309482,0.8653789578216714,2.6392507320740375,0.48044331505585525
1786,0.8503642036039252,0.5508876441074129,0.6096926651007486,0.7684592520123952,1.1492383388286467,2.5770302084605285,1.0779644962285868
1787,0.9324657020059199,0.45227558215044006,0.8406832006638905,0.841898336847761,0.9367780773257811,2.5742949521660665,1.3084243306176198
1788,1.147965635416811,1.0700435591123332,0.9898307158099647,0.7210349884962682,0.6958030721173752,2.7722377589785197,0.43699903757597
1789,0.8903341118024353,0.7856334699638258,0.9484278482867406,0.6946792854034273,0.6294532952448355,2.7841963520253454,0.4504177173755944
1790,0.6810955200976391,0.6872216177140145,0.792410891327525,0.3696827379851839,0.8377643991876139,2.7277772856589704,0.7502973376787068
1791,0.7522102309556067,0.560952226673975,0.8214375560769027,0.507607007508286,0.8145348578091541,2.6839272333841246,0.6180437904516863
1792,0.5876896416469528,0.7303915989255966,0.5243836952962037,0.5363878754467657,0.513908055150129,2.804087541858034,0.8409722937111489
1793,0.693832508946144,0.5216225809366142,0.8269776460882982,0.6794086945930298,0.43371307313997737,2.6303436157970137,0.5906252829110248
1794,0.637823055533876,0.31546565794296755,0.6763046554509975,0.6989547413719851,0.8710701828022459,2.5477770528178723,1.0205238786419106
1795,0.6883359630296442,0.24229780486264388,0.7620064710179371,0.664960642062642,0.6710440418260918,2.587066043711149,0.9491690768785821
1796,0.2956771267249099,0.8238516596363681,0.9986563471363681,0.782203418423231,0.8988317903878006,2.601040787032942,0.7672200529137017
1797,0.3438042548561689,0.8134437291663779,1.0715243964081589,0.7535666375893532,0.8749538145128286,2.552417979262207,0.8641336296964548
1798,0.7296997955966393,0.9511854750120845,0.7153462296455199,0.5930494262522438,0.9125459401197411,2.4689808247694924,0.8135367711202405
1799,0.8527528722192455,1.0072903639119573,0.8904012230950846,0.6074632008236042,0.680026338764761,2.5168110383430298,0.7888060650239131
1800,0.8203540010860547,0.5434925785719824,0.4776409474687458,0.6449314941518727,0.32352599776270624,2.6729856824189326,0.5469764618477613
1801,0.8107820336457086,0.2726410676436539,0.7778115285655067,0.6487457237024303,0.30423621069738777,2.72966160688238,0.4650080618602782
1802,0.4203186315176264,0.47534327779844765,0.6646011253509378,0.7080536474622705,0.717870390209094,2.7106057090998164,0.6118057680848108
1803,0.44442549181961655,0.3827478548371763,0.847133092407537,0.7052048465294549,0.60325221475542,2.6355878127551096,0.5233108510666293
1804,0.5594485958262806,0.9120755201619581,0.8482137581475746,0.6725360130041766,0.9370918316712984,2.7077398931167536,1.0977080387263431
1805,0.7466046495394177,0.6267153975580995,0.9572372382087834,0.8356057090998155,0.7435544421325695,2.7056912600330643,0.954356202325781
1806,0.6506005239640146,0.7211045659187436,0.9157407303482608,0.5205719318754725,1.0985657012073498,2.5628562769359924,0.8721167458457064
1807,0.7122559657780225,0.5715410609335044,1.1527872903882335,0.6054012155863655,0.8369163533673756,2.6300705162955818,0.717314151424475
1808,0.6916498285396069,0.6772676905349976,0.3197708827318847,0.5592101974048602,1.1744967116561047,2.6008410004467666,0.8392848698231041
1809,0.7678818395637634,0.6771159571823827,0.48861124574987796,0.5895435956665672,0.8514576231140767,2.7087037018466384,0.5521001388990071
1810,1.093753910755231,0.9933293958646987,0.5955740099368032,0.7405118083776494,0.6831913601729199,2.648953930182505,1.1454162877676262
1811,1.1962574985293335,0.8388224466382338,0.5904146103011242,0.8122573402984472,0.8910894661937111,2.5990316120264674,1.2096510939097138
1812,0.7452166063389202,1.0717490195550448,0.6143904877935267,0.8192068224368032,0.4473977019100916,2.6905375262328177,0.847005597232196
1813,0.7757140686023704,0.8614938814856837,0.7136458767249102,1.0685926658993186,0.41428388337117383,2.5772018461141983,0.6369783220854321
1814,0.6420151588054221,0.6430945551825049,0.6292908511309478,0.7404765089142017,0.636231738112955,2.537972217599194,0.9917871531817608
1815,0.6461630470025547,0.5715028722192459,0.7583683882597188,0.7181514864834398,0.45310100968126127,2.540861250255109,0.7779459990093411
1816,0.8195638730186816,0.9130952036358677,0.5002476645572879,0.7978998635920963,0.4760913063963305,2.569630210665445,0.6016489898063557
1817,0.8264694605372409,0.9032298092720473,0.8410942582434029,0.6849633335248457,0.4194120695610871,2.57665998098755,0.3552747419154447
1818,0.7080616442351841,1.0499394058023683,0.8359749150683728,0.8152952170561659,0.6254166608186839,2.4055880380874877,0.8954805098094655
1819,0.9025809516545499,0.6980167907072288,1.0082357129661912,0.9960845564602163,0.5583640193310122,2.5037305263286465,0.7047436927075394
1820,0.6243647423945871,0.753778579562209,0.7897929151642011,0.7290269476604028,0.8711609338887342,2.6820979406627687,0.7951496352562305
1821,0.6831508805912859,0.27286178003530837,1.0230001612343733,0.9150111614260297,0.7622906318055447,2.7461407817291414,0.7306827349816964
1822,0.6121790600710495,1.0306276714271512,0.6799099048755946,0.8589261768272135,1.0024319648516815,2.4949048950022434,0.7675235196189305
1823,0.6663043675223581,0.8596360167108379,0.6693104324508756,0.951728361643154,0.9450177010472036,2.550556451590664,0.6505395416978877
1824,0.4741689717211117,0.8741045719257188,0.7424575349881715,0.5723972787891066,0.7247747083646984,2.521734082566129,1.0484431733441515
1825,0.48314982403437506,0.9428152916020595,0.9942568836267163,0.6880708603011241,0.45923697181694023,2.6241193687046733,0.8033657944462662
1826,0.7778160377041741,0.8958782878315121,0.36213882834794997,0.5365494733186837,0.36940266321525844,2.4218386790321316,0.8401786780095295
1827,0.9965153430783356,0.5985449506643231,0.4046987390397287,0.6066835356589698,0.2693723661164426,2.5042237398382987,0.5872504351349348
1828,0.44650738135791246,0.5010938426311364,0.8171760506453305,0.5439718415446495,0.7441562680209258,2.488388067228398,1.0854931859658805
1829,0.5186680568759056,0.25849630655604433,0.9624565986061685,0.6605977473793929,0.6599334945995047,2.4706117755300765,1.0309414257726692
1830,0.8266029094766536,0.7823481765073528,0.7566047622056067,0.7050861943689971,0.9187016312940273,2.4047934008814464,0.8994598974622708
1831,0.814727070743403,0.4774487345344974,0.7901528549968905,0.7379332176954551,0.6333734957818203,2.5126703006768403,0.6373918457947709
1832,0.7941687388800148,0.8559658742648834,0.6498303001976988,0.9293727241500622,0.6173172860427167,2.506550156824537,0.7591492501912235
1833,0.9297680360422831,0.763555090585933,0.6249834080707384,0.9703210625949625,0.5398830678672536,2.6071808351863037,0.5316617285590319
1834,0.6395872799714227,0.47449956585442504,0.44999619689334297,1.1242462654965797,0.797517130207539,2.720830868033876,0.7564257261624574
1835,0.7412027654646365,0.3831032855311987,0.711515933953052,1.000659145257786,0.9650271199193661,2.8686784496736646,0.7751569835757808
1836,0.9183363360807012,0.7921183106460195,0.8520892178227936,0.9111757582114599,0.7964787391994422,2.5881035884772756,0.847850929064074
1837,0.9260001672413484,0.7064193843298903,0.9362481197272762,0.9523232122630172,0.8100886104288951,2.5180483696953324,0.8132314366686212
1838,0.928854498817251,0.6077266110681837,0.31602027683973094,0.6907323805593438,0.7193718027854973,2.6026594071443983,0.8470992375694948
1839,0.9028238592146366,0.3547942821759074,0.5124939060259671,0.692512000159281,0.6245780563967638,2.682460346625282,0.815882246165567
1840,0.6130995725645741,0.6348338303931542,0.8627135268082214,0.7835187470919079,0.9621157168325671,2.579891092183938,0.6729370308019347
1841,0.6291682882152586,0.5553579544024946,0.856901606658348,0.8324275833966418,0.899461342087676,2.5601604787187453,0.5921660809685572
1842,0.5769698245778353,0.4777961684556067,0.8335558792492556,0.30411671229496,0.8325604339526187,2.4269861711396663,0.8073363390841886
1843,0.6596493338118977,0.3259127986316361,0.9552925331026814,0.3561605533289577,0.6456825872630173,2.499746454274724,0.6721758253129528
1844,0.6586062584026833,0.6766970780924078,0.8706654295117064,0.695038203731696,0.54429563567192,2.7075505694333155,0.5030592982802661
1845,0.8616537868736621,0.5617711020572884,0.8198214020952732,0.8399446134643254,0.4228676286419102,2.7173291234658805,0.4105903489899151
1846,0.4348884007217335,0.6006997299968903,0.6743043234594049,0.8146184583646988,0.5992829394804521,2.533334778789107,1.124199832150873
1847,0.5972593908160072,0.5718326201105891,0.8502857831665668,0.785488711879704,0.6598318574892932,2.5802861562176247,0.8097777453341883
1848,0.303389011119119,0.6200812896531166,0.8006595333262807,0.5810851272998803,0.8440219027345622,2.620096261694522,0.9609358801121443
1849,0.44895329674657913,0.5389670645123951,1.0459399385860542,0.6675145714465771,0.6306068507791438,2.633466114614698,0.7777985995329426
1850,0.4320269186148879,0.8618728793774603,0.3667530504851839,0.6500839185190591,0.5834398684810745,2.640314981147264,0.5723436949124574
1851,0.6498298770767137,0.625634133434626,0.5827711065625196,0.8265862449513086,0.5256590401003154,2.765856846273913,0.4130629686856816
1852,0.6818199089016843,0.8389267977368057,0.8845447373458953,0.6504385029711116,1.1747891170751592,2.563928945903116,0.6083933299778976
1853,0.9258810919599051,0.6390624298950199,0.738703018340786,0.7870744986575368,0.7711252814092809,2.4895629716891685,0.42904628863051486
1854,0.49511803374197,0.6532768410011889,0.6459721034312609,0.6457871136240394,0.8080508633689304,2.779647796555355,0.6690710125250348
1855,0.5284166668256585,0.5161067291024922,0.9132344310769029,0.7655361166599031,0.8334883448356212,2.764640265464637,0.5785917570610868
1856,0.6901609218747832,0.600811231626405,0.750551131262517,0.815202846081823,1.1183725168386092,2.587152285658969,1.0052830566518731
1857,0.8138648991237286,0.5680900109913477,0.5939276640138277,0.97571223590847,0.8335207550482584,2.7139195746097786,0.8919216937305747
1858,0.5777841908224821,0.39847100431314175,0.4279518476159426,0.9274214668964527,0.8882409131194303,2.5697556628319447,0.6496428442606514
1859,0.6146407937430918,0.21371672351034005,0.47782924964776313,1.0699741569523082,0.9865232271850595,2.687846835537674,0.5712993501402881
1860,0.6865649385860546,0.8570697566777735,0.70386503182497,0.6291097720789574,0.6609055479608382,2.6196311971173754,0.6353791831540498
1861,0.6745203514499424,0.8089017984399797,0.6895782266415994,0.6512296525429052,0.6859834401197411,2.580568697117376,0.48047495162260645
1862,0.6691453469447112,0.9184539667367386,0.6016227086202415,0.463698862218124,1.1208208983571017,2.60279165931694,0.7302821403049227
1863,0.5925496605950841,0.9604186762837532,0.7115713855760916,0.4234784728075993,1.01432753262354,2.642652882540662,0.47436731368188273
1864,0.8213706200467039,0.7672506679760318,0.8658376455137609,0.2793353115727933,0.6275695724048606,2.5663604876338137,0.9026856532780223
1865,0.764283390145209,0.7072021140077857,0.751671678200753,0.31184790260679096,0.659933494599505,2.591325258275346,0.6312785019485098
1866,0.5336288040960172,1.1535638910396067,0.7364488927653826,0.9881165876148207,0.5186165160080967,2.5377535482163807,0.7281589975391067
1867,0.5891236950721717,0.8306719541154428,0.7675114368283357,1.0801383336202404,0.4702343975261565,2.55673715458811,0.6291454946633903
1868,0.5133435717340621,0.8548067880874872,0.8070398476474521,0.8098625426566043,0.5159469989769649,2.598443736675097,1.0931011423825026
1869,0.4545533475196816,0.5239894775044873,0.8937037794603386,0.721752402031821,0.7090550465229801,2.721926928936304,0.9531772118473276
1870,1.055247649539851,0.7478007276642014,0.5580913429505643,0.6373477033164401,1.056236119567995,2.5181331670177483,0.8096459162826317
1871,0.9054252434486985,0.6991298666599025,0.7118781646531164,0.7021872971937784,0.9171365950592213,2.594635636151062,0.8628285160719824
1872,0.8385284213313231,0.4598720541599026,0.754691693666256,0.46356107940249425,0.7595244099238533,2.5375851503384204,0.4437364024790199
1873,0.8346117084285841,0.3333961491237285,0.823245499871796,0.6905960423691193,0.623511764314696,2.497787375510651,0.28265861848107493
1874,1.048845387908781,0.5040175763670646,0.5968678144165672,0.5798915153049229,0.5020515223344999,2.5404136238491946,0.4183661049010619
1875,1.088215513227776,0.5617869203406636,0.608561304734873,0.6898683411932786,0.38745469580728786,2.643653683217935,0.28400149769882066
1876,0.8323031527345621,0.48469062209190766,0.9550892588822585,0.27782139308481074,0.7240965050478254,2.45475722012354,0.5173463513221713
1877,0.7483579879532414,0.441000970922109,0.9872336654521195,0.35131244190896954,0.6705637573490048,2.5048230995968286,0.500612536649629
1878,0.43268990203182095,1.0055939217465795,0.4247806971812608,0.46528873501363904,0.8985529123847464,2.6289085408673754,0.993425502331823
1879,0.6519265633939647,0.5808185799459551,0.6223218878125198,0.5279448022424701,0.9400784154197436,2.551769544765695,0.8278894908293906
1880,0.6398310337734803,1.0290447739001292,0.5293040981270273,0.7965023789932809,0.4702091378444625,2.5794925405160054,0.4570682419473882
1881,0.6569518431107116,0.9293423569462663,0.6191577126463311,0.8004738725395397,0.4841438247056068,2.5610171196953337,0.360009308697077
1882,0.7076466759004397,0.6777222922094054,1.177650000798569,0.6193153997630169,0.8739801412636393,2.5955210244435896,0.9344814291599033
1883,0.7827742061282713,0.41956073840044006,1.05307117075592,0.5430884962609625,0.6998292436407879,2.615356164269803,0.7363115330707386
1884,0.7588215453087207,0.536900993257475,0.4361002971298927,0.5606894148128305,0.699849994183815,2.60686546095293,0.6390686315176268
1885,0.7894311075851214,0.30627106850654184,0.4828034116176866,0.6735205722770892,0.6186433254726668,2.6108912093553585,0.6560590564287065
1886,0.6274044868986961,0.67264360387846,0.7285247158734173,0.6705397670302657,0.49387415024215886,2.595784259425718,0.7996135686662559
1887,0.7661621807255328,0.5955427964910371,0.8613944626467633,0.7733773639758431,0.49927067893630367,2.547648113017126,0.6464694029585948
1888,0.9257427107608406,0.7939892797158808,0.7456087811217954,0.2874517013990072,0.32390873114726326,2.5465204155479486,1.2081587722067284
1889,1.0871842727506216,0.5518061135920971,0.7588016410076639,0.41489948453406417,0.17917318542242033,2.4807704215549227,1.0295203013800145
1890,0.6615757545047982,0.46132252425193276,0.7120252136046138,0.5392547129342486,0.7598685314731665,2.5049871635985723,0.8527436060833777
1891,0.8914977071184973,0.35957894519994216,0.7926925859853057,0.6986017768077883,0.6573220705836886,2.688380280770425,0.5305929703471395
1892,0.534565134872918,0.6539238308722956,0.7544280355631414,0.47270906023076353,0.837909930917622,2.5639507179505645,0.5413337132217338
1893,0.8155712058084101,0.7549376657396042,0.7798741121861812,0.6608887081730419,0.6621749390008776,2.605137980604236,0.44055436602061393
1894,0.5149609950786462,1.071787033006853,0.7878781541409104,0.7242020529132686,0.5177890454684352,2.5396740151452084,0.8725391125699274
1895,0.67720568676445,0.8452339744051713,0.8741737988232932,0.840290354901495,0.43516498785741253,2.622711596465569,0.7232226011624576
1896,0.39559141305554457,0.7720382202508779,0.7825580028752835,0.5521929329943358,0.657497618992592,2.8039027273132633,0.7024074112019967
1897,0.665832926060154,0.7844503208716064,0.7682019707943382,0.6170756478455846,0.5371125121093454,2.723630594228709,0.7046477615028659
1898,0.5984511350645746,1.0293059658734178,0.8209264812750346,0.5612883514503755,1.0488372158734178,2.617156534412768,0.7215521923246593
1899,0.6765315694652583,0.8680386103335003,0.9591462207304526,0.787345555150129,1.025780756774035,2.645693050165757,0.576237015879893
1900,0.5627813441328802,0.8634397833586569,0.4673796428292687,0.9006615062301415,0.5796586475265892,2.4785982040511243,1.0829453856084676
1901,0.672146902734562,0.5395966162122712,0.6402960983506267,1.0815086907909728,0.6996477414678131,2.515708600555545,1.0042995188833803
1902,0.4204015610936519,1.0938415973284574,0.4980134432829424,0.3691889260920967,1.0785843586716093,2.5522488077383607,0.8759326678802035
1903,0.460817227951686,0.6340708297538653,0.7375909638925319,0.4733094414937139,0.8228067164807634,2.554729001086055,0.583691794318495
1904,0.5073646983316341,0.39182439049657947,0.5871046555463926,0.7846365800417833,1.1033711147744125,2.3824776445865536,1.0122037914742883
1905,0.683528506453741,0.18358906559888258,0.548924056204674,0.7792217669344375,0.9481960020128284,2.362364472999256,0.9713474734788305
1906,0.709473925612955,0.6192316239450222,0.7305293817412261,0.34678854773723855,0.9782661652924056,2.8144886723219824,0.9208645826619574
1907,0.6493613248653208,0.612788284348883,0.7690973988686193,0.5580506881064796,0.5922952686278381,2.8064000083072886,0.6127466080003778
1908,0.701858746069306,0.6815963072592187,0.5638375964331934,0.257738413438858,0.9178579193500044,2.6153793809426564,0.8617687761374229
1909,0.5747360264244745,0.525165826590664,0.6682685538085322,0.2654205290127061,0.7845815515397285,2.679786495717935,0.816028696733629
1910,0.6955923995074751,0.46934569686183325,0.3381005239640144,0.8474215870713606,0.6805628485107734,2.486994668647263,0.3590927069587834
1911,0.5860502709924699,0.5020624083582235,0.3917812695226688,0.8332341281308255,0.5237901140392959,2.493061228622918,0.3707693574892933
1912,0.6894151841442754,1.077339628929828,0.8986802322976366,0.5176453088887335,0.9266143237788329,2.445416427977586,0.8927870024595944
1913,0.803831705265383,0.6689192791724207,1.157055771088298,0.6475519364450223,0.5489885261050468,2.554919769394898,0.6964748985491918
1914,0.9318453438458285,0.8959973631129551,0.6003340116625794,0.792815819880515,0.6433964019998776,2.7654190843873008,0.7109913317351839
1915,0.7798388127227337,0.630962281473166,0.6785980638411635,0.8151013842340622,0.6489800361061688,2.623800682099505,0.6381224362214231
1916,0.7776489091891693,0.6303183561153208,0.6543632126467636,0.7416251321888584,0.6554560337734799,2.5083244210438385,0.832077508083256
1917,0.8939941418705524,0.48833303872634265,0.790241986195522,1.0026806509133899,0.6577727615028658,2.47222426661501,0.8591980069656918
1918,0.7389502597770896,0.7911780691138881,0.6583926965419721,0.5795098034247858,0.6642288548691189,2.6252203618667536,0.8753993979099026
1919,0.8232746703087208,0.5910410974877384,0.8300323626338136,0.6698716034951465,0.6717374650429052,2.6228384932574746,0.9028283683533034
1920,0.4441513708137635,0.46701230460710186,0.7904473034247856,0.5292461803741616,0.9278927330962058,2.6760642140207356,1.103582385767749
1921,0.5182262089716118,0.4049613756384229,0.7645922122310743,0.5756698910715494,0.9637733719002509,2.6821063605566664,0.8827334811792062
1922,0.2538034161229177,0.6084526923561693,0.6817648803996292,0.9232409206281492,0.7675229212354945,2.6864037638351213,0.9947640476733534
1923,0.42049417992652993,0.3524873463697412,0.7344485607737908,1.000430188234684,0.5721449298307012,2.5665781355122066,0.8625092310833783
1924,0.7554824201170641,0.6939203707818208,0.6748256859015614,0.6105150281183082,0.7244658862788328,2.439104917433005,0.5585330155924074
1925,0.8586738278688081,0.7787874926820719,0.6664745605506242,0.6909459424200542,0.532355750159281,2.4340664608251594,0.3272117106335024
1926,0.35488154562814905,0.7398331819397908,0.8212894856209846,0.9042579126398554,0.6281307434491316,2.5416499336970766,0.9801646849113357
1927,0.504875661969057,0.6902841557699921,0.8200990107353725,0.8082660451174977,0.6654735846109001,2.5453921196953337,0.9141629403433404
1928,0.7795564470854329,0.7058428181232287,0.37736340893362685,0.36909384112939303,0.7042089781118333,2.630579548088609,0.7536021849113361
1929,0.618190591544649,0.48326583480255714,0.5412017089077266,0.4140186053802037,0.8777995509323826,2.660928939896141,0.6447214199254078
1930,0.7060448955767805,0.9730644909247856,0.5574613681297036,0.6458337222321962,0.7315987383365545,2.547352219963826,0.7855815059750323
1931,0.7982490926635124,0.5340659675991939,0.5095864136944004,0.7223012424269627,0.7216150423371765,2.6473184702832535,0.5825499710498798
1932,0.7362698567222334,0.8318992456859922,0.8800729824254078,0.6263104690051091,0.9501341549714222,2.7168794540511243,0.5145326745903532
1933,0.8553347026771517,0.5988427114640145,0.9253685725326317,0.7034683479034276,0.9480674853330668,2.6413584796774616,0.47565269826774825
1934,0.6575407399665025,0.8052400758879227,0.7689337579878606,0.7674340378953974,1.0570782116241615,2.551392342024224,0.9049133224048601
1935,0.6822876874671909,0.6291880172538659,0.7163102862339399,0.8106930777095276,0.739083533454052,2.5600013469766556,0.7878642036039254
1936,0.6748361488043007,0.9521228272934048,0.4371622553357437,0.686347889091097,0.6446009000185595,2.598286647941845,0.63842181690897
1937,0.8698621971493186,0.8125400564606491,0.5345308569138902,0.8541027267054847,0.6248203655734151,2.716420941621484,0.586193584451186
1938,0.49891073910361455,0.5536442493283356,0.3773702089396689,0.8724538921265276,1.0480850286617687,2.42032662829054,0.662796844452741
1939,0.7796242293576017,0.5152336714590945,0.46901059358985314,0.9958560225580989,0.9165670041210521,2.4267110286293927,0.6832662929760321
1940,0.7251921428292685,0.6272761454813855,0.5173013626018703,0.7488947455577883,0.5710047264499426,2.488734654907536,0.7068278005171269
1941,0.5117442575402285,0.19737737448804898,0.7493027386240396,0.9824619314606493,0.3633014021595918,2.5580685493986968,0.553507488017127
1942,1.102709503386801,0.7736632172473902,0.5008866576554827,0.6785109756513731,0.7702959431232284,2.645239469995769,0.5957331416788958
1943,1.0610179659373036,0.6458447835183705,0.47874933902030314,0.7425799226414103,0.6921664339845619,2.641484354964947,0.6151925233890444
1944,0.7872529363172512,0.8457861271721094,0.5965852735168157,0.893293743385246,0.679831061317251,2.51775987503151,0.9175135499421562
1945,0.7492140305463929,0.6438356085118953,0.6495253888670643,0.9910660041534278,0.4260605511240393,2.586369555981075,0.6935906228904776
1946,0.9359031519359919,0.7863359114579723,0.9114028474881718,0.6755322134133905,0.7849345161039257,2.4769871575915965,0.9080245120778357
1947,1.1107468743922209,0.659072344484251,0.7956800159757209,0.7359031168835026,0.7395311598599674,2.528885219037052,0.7079218184107138
1948,0.7220893730501908,0.5697971639179997,0.9512840476090345,0.7759659944397912,0.8630414795492586,2.5449697529711117,0.5962497471238508
1949,0.6998818060130175,0.30269703252771124,1.2336785122699259,0.8312522558148849,0.6839748634967014,2.5594134716252834,0.4759822708966415
1950,0.7589523528558578,0.9720774655220465,0.460599156952308,1.08924439024147,0.5124245038659424,2.566664800581012,1.07586619002348
1951,0.7376921778817587,1.0377898691842484,0.44271918513493513,1.1075732578277138,0.25660212081333056,2.5986123098155067,1.1426058508115198
1952,0.7825807964271514,0.7693351989066042,0.46097593657279307,0.5998014126717985,0.27626435362291796,2.6901508820930298,0.7208778997630172
1953,1.020632491020614,0.7839891670496911,0.6958728973983855,0.663027844484684,0.35194692586849713,2.6937166734404117,0.5337561240089077
1954,0.8677965490153826,0.811239101449942,0.8433541623204275,0.7841050025554226,1.0563654824897264,2.495727258019803,0.7032453446443979
1955,1.1223060695291438,0.5616448036488181,0.8226124605376741,0.7984572991435874,0.8247606877227337,2.657249180789417,0.6122082305079749
1956,0.5594912936792061,0.7893567731654447,0.5351326828022457,0.7273226839845619,0.7588492711202408,2.51145329674658,0.9897438754787086
1957,0.7093340997884848,0.6730144297348729,0.6980818589910369,0.8013219183597784,0.6582043943629551,2.6032507701300145,0.6850966072018082
1958,0.7291747702577854,0.9476268341956441,0.5695801144230422,0.8114403326615244,0.6995154892952706,2.5165547786293936,0.9452151967660049
1959,0.8738060374801413,0.7747182001847486,0.5970834192861193,0.794314095347572,0.5950009313643878,2.5215104809236646,0.7052231309426568
1960,0.8566231517762786,0.5851977160335644,0.5496577111445871,0.5285985921196188,0.4350499985936517,2.5682333244500644,0.6047443611959553
1961,0.9493315209924703,0.2613457058722957,0.6986420085308875,0.6039770266804502,0.5884990756319473,2.5942623441648225,0.5196068537826317
1962,0.7226008709730442,0.6344237943180622,0.4906619218424074,0.3422700089461441,0.7546719646276492,2.522407776744336,0.9959740763351216
1963,0.8958681754536741,0.47964867784981585,0.48775707090311693,0.5708422823360545,0.7041404221937788,2.4686689381703664,0.8998292786932781
1964,0.8775775691777736,0.8285525468424079,0.43878869695766165,1.1532671517443356,0.6124833730182487,2.5659416085438376,0.6283444805722931
1965,0.96066158384384,0.6570251560259674,0.4736334834795192,1.1575857286868036,0.659407024635246,2.560287375510652,0.5690540675797683
1966,0.588713235876094,0.6537696313898554,0.8001365509962687,0.8199289929695573,0.6534242404775865,2.6899972809940254,0.7022478563389197
1967,0.44496633544184566,0.6293031817800768,0.8263452051376117,0.8599316619056042,0.38911626163020363,2.61989587672491,0.6198849907011864
1968,0.7779102764249081,0.8289977071184971,0.3698884783354322,0.449105453220179,0.7410700901711098,2.545785739103614,0.6001366912062286
1969,0.9114948679376145,0.6350668734339379,0.49028412071750227,0.42504146603356485,0.8468265611890472,2.559967667401061,0.615830918103803
1970,0.8587766617458904,0.7307455849942134,0.605782329083067,0.47564427837385054,0.7318962512777114,2.687016475747201,0.6745611815564773
1971,0.8617203723789596,0.7777729167302636,0.6371666242644497,0.6171015059107134,0.7074627075976392,2.6353851369181216,0.5972152483376765
1972,0.7475386894489426,0.6247741800862432,0.7147766387073506,0.8632422876398553,0.6084001299839401,2.7884278407780223,0.6778857578277132
1973,0.6712976601474523,0.6096222414363037,0.779935094452308,0.8924615158483827,0.45782919957783597,2.7581930151132665,0.5472060172542983
1974,0.4300242957559198,0.9143175629467657,0.72114997776003,0.37311261426332787,0.5572367449828182,2.5005723049265303,0.6246398849048606
1975,0.5665806016420318,0.8165101779775868,0.8244614822976365,0.5587675032585965,0.6270311949124578,2.5526202319782088,0.6367378806551713
1976,0.9237819395128283,0.555960801795271,0.5329454932570418,0.7975756463438407,0.8651789959730439,2.5303703902090944,0.9135233488617114
1977,1.0222593557635173,0.5477487286229177,0.556832837934249,1.0263641229867386,0.7572562612153806,2.5557189157396047,0.8611480674524299
1978,0.5616427606399773,0.5592276355760918,0.3637747113681863,0.2820830737788331,0.7832536443633881,2.5217667406372994,0.8324474876976989
1979,0.6628853772679375,0.32003411771401447,0.48826814570498495,0.2891153102307636,0.7423512134768429,2.5283310232612735,0.6466918078341886
1980,0.8227424218428409,0.7805443187301415,0.6990251650364299,0.7198561732802662,0.37089625428119893,2.5212154341123343,0.49233395056806134
1981,0.7688438531433431,0.6286880037381717,0.8795177651452091,0.8945583774280846,0.2893284489704897,2.553092694944833,0.44981691299165927
1982,0.4475970653752836,0.6616451566648228,0.544995012652806,0.5466849026706764,0.7281719265716713,2.6484972854992552,0.6141490248588454
1983,0.4525759843424074,0.5350519714975122,0.640648041410403,0.6470636551950221,0.7798765783160072,2.6418264335054196,0.6694383507472013
1984,0.5126737883110867,0.46626631901805937,0.7635967669344376,0.6138471780414727,0.689083568506542,2.7181241837929058,0.6795990397808879
1985,0.7543085371607139,0.2780181151577261,0.7285719228650097,0.7801026460882986,0.5296654825851221,2.600327036394087,0.5306876321888581
1986,0.617268459163268,0.5876103749676242,0.6154572029965794,0.552989861067751,0.6316390401646343,2.642647351897574,0.36717090807073843
1987,0.8616145766549828,0.31885037023836027,0.6186992002166913,0.7049278362727909,0.627658703603492,2.7529894729992557,0.25502535231283086
1988,0.9300883425353079,0.4894369211392336,0.4498916705323206,0.5714400222067287,0.57381551393095,2.5037588505236013,0.9095220138990071
1989,0.9897151281627684,0.6580097152988804,0.5040726048691193,0.6847629485552337,0.4523558703341888,2.488727679639044,0.8677727339590943
1990,0.1655265701041143,0.663558648325159,0.9606585193305792,0.549172917528833,0.5436605533289576,2.422615878066941,0.6858197992389822
1991,0.34395352207895724,0.3851812643142632,0.9775569237922166,0.6466041212609622,0.5593623538784599,2.4852591915256568,0.5039937613107758
1992,0.5771406885856214,0.651979301028644,0.9670811083836912,0.6030668018272138,0.8781383171010596,2.4551329782396047,0.49178281930554435
1993,0.638421393787985,0.6079118487339399,0.9021721123463283,0.7112917339271517,0.8538261395698059,2.373856133722545,0.41096448721812406
1994,0.39367196763113665,0.5314798032650712,0.8680487227113378,0.7419053822212338,0.6589698611320697,2.575918927658159,0.7988595863043008
1995,0.6378259447846862,0.5112678838183731,0.8784114166024922,1.0677602631000045,0.6004165907137037,2.561229236930638,0.8512545241561047
1996,0.6195696164678128,0.5997106615853102,0.7355799211396664,0.8541763901456422,0.9457236301755968,2.361148490573416,0.9970463221812611
1997,0.6305741927079727,0.5979739151007486,0.8228656557380494,0.8134569060574772,0.8583775116945221,2.3530742002166916,0.9755882283673756
1998,0.7400904631578479,0.5382210789233534,0.6841149371797062,0.7235613673311343,0.8255659630939631,2.660800000095395,0.7519603481270271
1999,0.9164312643142636,0.3914258388286461,0.6790657698105872,0.7962079305653854,0.663006320295771,2.6797220258175622,0.6338860152090943
2000,0.49546631390504886,0.6617568335567886,0.7457137306038036,0.6138120538404755,0.7057555546709869,2.4603494493861793,0.7025895117584078
2001,0.707620569976776,0.5390859645313879,0.7324707744755318,0.6458877292298305,0.8274525751847482,2.506853025146331,0.568461683089731
2002,0.6946004418450842,0.6668745568439624,0.7474576276193082,0.4614264522295197,0.8774326358312012,2.6328088371033034,0.5729325917682484
2003,0.8346692030604652,0.5281951081920345,0.8011707833905996,0.613482904332567,0.7340988359853057,2.63749883828562,0.37253213730143536
2004,0.5795237539617709,0.7105293316712986,0.7776602183338778,0.3467076611700547,0.3991685135476369,2.5429184784951455,0.5034465408034895
2005,0.6634539467016859,0.3742164966762188,0.7264007268656314,0.4269861711396662,0.32232727824564633,2.492986894203242,0.3786625687940274
2006,0.597313573076092,0.7792683755425942,0.792654222008597,0.7606561934107136,0.8910311979159449,2.61598860522049,0.8672739898063554
2007,0.7753576164039275,0.5758990233571017,0.8300110137073505,0.8614067932958931,0.8117840310898525,2.6231335400688063,0.8290533340039876
2008,0.8052474742774001,0.5521882485932184,0.5235215236765297,0.5144067993028679,0.8065620293001915,2.698358023005732,0.653922984630326
2009,0.8229826880106516,0.5712537630365521,0.7491694649470771,0.605531001629082,0.7279731614899155,2.7225078290191815,0.6019855377037412
2010,0.5898569268910995,0.7367269245264675,0.5633168323744725,0.6669369837354951,0.9050839385541115,2.6872296144869274,0.7189678957369277
2011,0.6644816269485092,0.6127451633749723,0.8590058666275271,0.886399289748945,1.0073447940305766,2.705723918104237,0.5494589460628307
2012,0.8521354033099651,0.7215540600710497,0.5800679099557953,0.2265949828087213,0.7649529983057332,2.6621512992070397,0.7744898415450819
2013,1.0771104966442762,0.6572183904646367,0.6564734263800145,0.34340179243300495,0.6411077506069128,2.657082650657848,0.725487437499134
2014,0.30118600329053924,0.7287499374037385,1.0233395983825693,0.9473181873722287,0.3942290526577261,2.486599604613577,0.5049801883300792
2015,0.2523098250569778,0.7181053009962683,0.9345795786358679,0.9324314240468925,0.40183003380585547,2.5378130858571017,0.42195264679147193
2016,0.8165111994820073,0.9810049092211118,0.7287187239579723,0.9791745949953358,0.7336916891610247,2.712314905035308,1.0333284019040496
2017,0.8640642275364302,0.7429452178547362,0.8286496748139521,1.0234504290325646,0.5688499471173757,2.697216374999568,0.6992968199124573
2018,0.4052147461012488,0.7487288138096542,0.4513614465419723,0.6580378642313855,0.9077364405349971,2.7039050882856195,0.863800992554301
2019,0.5251048443245374,0.5376940105756589,0.48514666839172105,0.7036878635282112,0.6328147908673752,2.5901439769295176,0.6912588505236021
2020,0.4660129485552333,0.5481357958836911,0.5821970064856835,0.4788940971044251,0.47050112014253204,2.688527504984373,0.5952563448360544
2021,0.36417079690629295,0.5958224481399769,0.7414273886115222,0.45995829610772365,0.5025106331475745,2.646294277670677,0.550230191333567
2022,0.6995536780095294,0.6342073432065402,0.6080130627231661,0.9397989390332538,0.8713711833776491,2.7938163726992538,0.5609506067861193
2023,0.6459591743986959,0.46639201904309446,0.6504339938324453,0.7885611144549847,0.6455606227307632,2.821414762525035,0.43192647827154695
2024,0.6881790495588433,0.652996941493714,0.4273812351733529,0.8397037489130793,0.7179829133430297,2.446875317963515,1.0672002888226046
2025,0.6635892633874894,0.6818922003125201,0.49035207825212185,1.1249111166599028,0.5686333207434032,2.388487731434749,0.8992685307699925
2026,0.6751266864769647,0.9232306329878609,0.7161507313708633,0.723413544733751,0.6475291428931539,2.6706925218873003,0.5335152594576615
2027,0.6486648371352458,0.794695033581823,1.0091398087929049,0.7670003620264678,0.46499122207248195,2.6212576387392925,0.4530895252741013
2028,0.6049850504847508,0.5908647028368652,0.7140520020447709,1.0608630954753435,0.9148970184042381,2.5244802248843135,0.8702755455962065
2029,0.8991329662256538,0.5259510223983853,0.8878263679056712,1.150701139569806,0.8086030161358678,2.644231270929017,0.6311883492454576
2030,0.7944268663400418,0.8725389373074771,0.3986568403623332,0.6716007037316966,0.6813954991686215,2.606647389953552,0.854956901552246
2031,0.7684826439476989,0.6268940104802633,0.41401222849514674,0.8464836364066043,0.6969783996991317,2.65471702345293,0.6839693328536144
2032,0.6963745308019348,0.5829554979863059,0.3227442895892311,0.5469540914168776,0.9445166660270893,2.7198592377935276,0.7869050792751563
2033,0.8263139916918456,0.47629806825099985,0.3213730861765295,0.6973313642633278,0.9226585759198656,2.54675141557989,0.7252217363871791
2034,0.22573689720672843,0.5623678204235419,0.8568535534247856,0.5630593758939647,1.0908981345539228,2.499529404779766,0.8716972683722957
2035,0.43774562154844754,0.5147989740857439,0.8046620650558551,0.7191023661807611,0.809919438905049,2.4866788712929044,0.6978781616496292
2036,0.7418867472831316,0.7639760126847486,1.004576879664945,0.7663307538659427,0.7857788264313827,2.424120355156605,0.560999681524102
2037,0.9756953961206744,0.474134270641099,0.8709328231076015,0.8002813090803903,0.8484564904452111,2.5146279348155076,0.4484095638735398
2038,0.6663807449508754,0.8237475563963305,0.865363737921731,0.636850403789107,0.5461972198041118,2.7659648602691815,0.42967439570498467
2039,0.7001752329364923,0.7553926905349976,0.727014708140666,0.6778001142633281,0.36915073737783843,2.7254791928676867,0.3452448604288953
2040,0.7703296226988205,0.602881388899007,0.5725301293450845,0.5127050017568533,0.627181483639666,2.5996646513605897,0.8100756813963308
2041,0.9912974273063557,0.47442420993032847,0.6373629232163799,0.6693258276132656,0.4573581812366169,2.575900643244958,0.6195617949573508
2042,0.6653507738366763,0.6571900662696811,0.7056231272359944,0.43846736896021593,0.517226006677773,2.3916519066009374,0.335126270864699
2043,0.9529675607418479,0.6032378410974494,0.8810049793260922,0.46124716832783547,0.7326496352562305,2.51058883425953,0.3002763768207385
2044,0.5492051524790197,0.6121538003893555,0.7072388580966389,0.8397791048371762,0.2767932897170022,2.5577835423691195,0.8091913146082238
2045,0.6667004530604649,0.5012782340549226,0.7681126643332558,0.9394925830772136,0.29468516906251957,2.584076395449442,0.6642239226094677
2046,0.4709879567671267,0.4051398132981366,0.5710474243028678,0.595838689544338,0.40908731652565683,2.4893943985487583,0.5106354428676865
2047,0.5428995956985097,0.39190076792509676,0.4248000030988829,0.894104797258097,0.5275368091762188,2.5363001888735393,0.4698358458582234
2048,0.998699044989294,0.9554076976288931,0.7272413742963928,0.5036095833008131,0.5936629844062936,2.4263892775109634,0.5644151841442755
2049,1.2425932747949602,0.6117680024915371,0.7588201006833161,0.601667872602992,0.4330165854099026,2.435846080425096,0.485712771695644
2050,0.8749041413914103,0.8449925114704896,0.6226481480696168,0.7248377336396664,0.6967227383689305,2.5664878075467037,0.9520807278239154
2051,0.7393562098344999,0.906691497379393,0.8760967318819476,0.7554204163465172,0.7198239383300794,2.6459959184875497,0.9603648445485697
2052,0.7127873680019324,0.5938062978650097,0.6073229518781489,0.5409624642443356,0.830060511566318,2.5821877403498164,0.9439273460503134
2053,0.87207200498394,0.14802482253263208,0.7859556442032407,0.7060851272998803,0.817433754984373,2.579640187850938,0.8069308121477633
2054,0.5903328774919699,0.7431371829304498,0.6087189918515592,0.7765269902216116,0.5838314448805145,2.647351726737861,1.0914794577577862
2055,0.7515047249481984,0.668664887205174,0.9688711908863678,0.9893385238047339,0.551678793679206,2.599824804607102,1.0080521677843752
2056,0.6786532676056692,0.7052598750315099,0.5538569649470768,0.7952383433338778,0.9715550815754701,2.6905108219257197,0.6010438515462033
2057,0.7667504791978877,0.574646296842408,0.6011498225326315,0.9498273758943979,0.7208015223344999,2.862402661713515,0.7503834043640771
2058,0.7903317157775892,0.6984531079684352,0.8168958006129547,0.5492166368861789,0.32719529396669134,2.6042571014503753,0.779195485748323
2059,1.0434311731848709,0.5315695328471391,0.7287023072911614,0.6814603921899797,0.3399154430274001,2.567533772206729,0.8158841139119576
2060,0.605193432227276,0.896928338509219,0.7664437001208627,0.6670123396595915,0.5449498486700541,2.536002252811397,0.712643033038796
2061,0.6923771065944624,0.7237648894100914,0.8385403288594679,0.8039278117325073,0.3915354727117711,2.584398146567872,0.5575897095470147
2062,0.8163668645188709,0.6221676883300793,0.5036521058912876,0.5467463080577881,1.050655374712515,2.689532216416878,0.5131015104159452
2063,0.7618013290511242,0.6729941023128302,0.6169559015846221,0.637247087710649,0.8725141007467687,2.6470141573360544,0.3996795883495046
2064,0.8661820149216091,0.6356323783544251,0.6147777303167514,0.899743212007908,0.8474864800927184,2.559051664046204,0.4860294152919725
2065,0.863131807514761,0.5223784310449603,0.7553023625694947,1.0589379441453972,0.9161507664233531,2.5661288892184353,0.33474064822933053
2066,0.5519438964077259,0.6270999986890468,0.5640246292492557,0.7737327946698656,0.7055140917363056,2.653030621069305,0.8234196036552935
2067,0.6086793585118958,0.48654661912036334,0.6721384828406644,0.8253343646785843,0.7029681591252833,2.6441637365153827,0.7064563762772788
2068,0.8540860621801392,0.8997553673945868,0.6126073805593434,0.2138877627805768,0.9598447514693683,2.4821009701235393,0.5439157915381744
2069,0.870465890784064,0.47795572331868336,0.5528496121222954,0.2737247978969526,0.7776037452064176,2.6023965952832526,0.4951923681616463
2070,0.4887991248079101,0.3878557136050468,0.6087699343359325,0.9409042660715496,1.0234886903429077,2.5369757507981356,0.5191690918960198
2071,0.7029457886944,0.19259024533418878,0.8713602973539252,1.1628910831734747,1.007576567708406,2.6014325386948336,0.4172636671135769
2072,0.965273938234684,0.6785754455517461,0.7401504239195543,0.7572316725132059,0.7609329558088431,2.6001886551950215,0.8286993479353701
2073,1.0449810621158209,0.6727169167937161,0.733291094484251,0.8562767393595895,0.8029397648253478,2.5356037011434656,0.5877040153049231
2074,0.4065839065051091,0.713510983160092,0.7396847609589725,0.5495714691967657,0.6173622747630172,2.4688385328151963,1.1750790563643874
2075,0.4056543757342508,0.45178687777945487,0.7992256551635124,0.7244872352052959,0.528224877012395,2.4984239024790194,0.8467569111704876
2076,0.23636554006837307,0.8369908630495027,0.8668596198550474,0.7233614054825067,0.8592066747181241,2.363110035467312,0.8760412802589079
2077,0.40909820254938056,0.6669908154706787,1.1270490562046733,0.7746771222196789,0.6661433680338754,2.4952621934426564,0.8483188828920324
2078,0.8090744575980721,0.7575628650299554,0.9093981816203631,0.48732279665075096,0.8519910683468279,2.4523624224816962,0.8139764007532436
2079,0.9977873755106517,0.6369758559556065,0.8670384806357458,0.7104049010092182,0.6827176278433406,2.4347594609209873,0.7336655832373605
2080,0.8258782728140747,0.832344829083067,0.8947271984270296,0.23721273964664166,0.8334244733186842,2.5994069470215466,0.7550159109145119
2081,0.7380316150299547,0.7733073634323828,0.9749206632156917,0.2870233809107139,0.5397830506448982,2.5902133790895423,0.7426934672797663
2082,0.4982434218104644,0.8205451925158828,0.32961739429906955,0.47948707997789813,0.9806459908928424,2.5749056210693055,0.9782347765841888
2083,0.7283934852052959,0.5632538070995047,0.5593097915062313,0.8549688090803905,0.7705041496033032,2.582143597871485,0.8374795674204879
2084,0.6968742964590947,1.0118196134643251,0.40940107087117406,0.6478969042363055,0.6921992673181838,2.7613561687750354,0.8735136320610868
2085,0.7620169339206766,1.0162553979418452,0.4711043906562935,0.7540017580836889,0.5027087998458957,2.6820599272109598,0.9099647080452707
2086,0.5865940038655097,0.5597563964077258,0.7853568828281468,0.6904845407396044,0.8223009970595322,2.6336550151771516,1.0873826873074772
2087,0.6144797942546094,0.27921292391955443,0.8625815224942137,0.8328177151706765,0.887741322724721,2.6405003940754708,1.0519442469326266
2088,0.4868519535719823,0.7685575767508108,0.592074731498634,0.38630564941164686,1.0061417406373008,2.403722599660713,0.835435268213015
2089,0.5880430293321341,0.6436787676371787,0.7290205707753453,0.5180081379722337,0.7318788131064797,2.462661915835433,0.49450021430778807
2090,0.6674926241366789,0.5160886925478259,0.9325734681426541,0.8483049323550471,0.4491247591378007,2.670013472328457,0.5968212058084101
2091,0.5573215423052338,0.3589187784377362,0.9635853175797685,0.862456668711149,0.5114945499740993,2.6176904027665056,0.39181801361152224
2092,0.6337061329239749,0.8987880710304547,0.3947105339016842,0.8846494389693681,0.6676012365153831,2.7751863292751566,1.0712085990538007
2093,0.7047625755041764,0.9697275840044204,0.4247503299774645,0.9958387596493179,0.627690515432694,2.7091868755745363,1.0368761566967657
2094,0.45834809589016606,0.9433472922094052,1.0502443171330023,0.41565695453026574,0.7513451700851213,2.699941766774723,0.5665190209924703
2095,0.5705215527220443,0.5086648796964548,1.0964191665062313,0.4377833871417214,0.5751162936792066,2.7373675375125175,0.4621255813518706
2096,0.6419305367454576,0.4682395961776514,0.6922095549584728,0.7788474534437786,0.8314321381000043,2.735179924846328,0.7301731048052333
2097,0.8223769513670643,0.3228518804635143,0.7677623411613352,1.0099851406247833,0.6753018117648827,2.7228082312111495,0.5675432136050473
2098,0.5279655527854971,0.7723961170747262,0.6909376977886066,0.705898692867253,1.0615117778303904,2.7324658422158796,0.3785808359848729
2099,0.765596675805045,0.7107307381453312,0.9011953745838779,0.7877140901391668,0.7956767036039252,2.6266217572208004,0.19002891756077547
2100,0.24188241340691508,0.4529745360103406,0.48569346577802236,0.670852076750378,0.6234378530160044,2.6383936679764655,0.728780129345084
2101,0.38240228866245723,0.27426462001476115,0.48970713138985505,0.8292664727437131,0.566711832310154,2.697144929830701,0.5145024826490074
2102,0.7279236636309473,0.8699270901706763,0.6265913900170046,0.29581882029577033,1.2447432971303254,2.6597655198425296,0.5780617994625818
2103,0.7700787183658201,0.5547294242070397,0.9106291360876093,0.451825066493714,0.933171631134313,2.6157863525044864,0.3610825760476366
2104,0.8181515916409101,0.4419477646017488,0.80620966311943,0.7043448931810722,0.8519058479034277,2.7606379089975124,0.8328138044154451
2105,0.8102962185255342,0.4042833475840001,0.7058779423242261,0.8539926697013751,0.667749905354736,2.6074767282396047,0.5644782094192435
2106,0.4514031228904774,0.7106615838438404,0.922963910371485,0.5454545465868653,0.6538796883939644,2.5461867569013727,0.7269602780220471
2107,0.5102358696953329,0.7690592101543609,1.023242470411025,0.730031834355358,0.4734973205517461,2.505963302977587,0.6405381596687436
2108,0.6521288161099672,0.9933788937236665,0.47140334822285557,0.7613327768397311,0.723491789908659,2.471730031600937,0.6221812157460792
2109,0.6385482905798906,0.7983655265526791,0.5806350347641392,0.9425378582244104,0.6918095586651338,2.491923068251,0.42045947884651713
2110,0.3561114785909748,0.32421159946905703,0.6536729265392952,0.6331265022040521,0.7119052920812011,2.507945598414513,0.7243202819527412
2111,0.4308858689921587,0.21895250057453708,0.8531774572147586,0.6623461535335644,0.7302287316907239,2.490498456224099,0.46944715870959375
2112,0.4924758194013731,0.6195936067865523,0.4971087490727929,0.3689143819652586,0.6469585304505646,2.543801400657848,1.002559284764572
2113,0.48081252102441285,0.5174256180014993,0.531000365029955,0.5430121188324449,0.47928031812322885,2.6038207841891694,0.9341338199763431
2114,0.42935511071638033,0.4714951208137635,0.20511800619819848,0.8349681606270274,1.0088572678931544,2.397359125127338,1.0415928621861814
2115,0.4996696537252212,0.28332227287752687,0.2901984421006264,0.8949082774790198,0.8126351414233526,2.5070850466826937,0.9143538839146342
2116,0.7324379411419105,0.7600260433274022,0.4688305360422832,0.57770739027298,0.7911905750254674,2.520020800612955,0.536499377076281
2117,0.9636226600520577,0.6985885999166888,0.47241809943711416,0.6543100518910991,0.7422278043191836,2.5312869919473875,0.45398044420971634
2118,0.4800833752231664,0.6199876493158185,0.6615104383624552,0.4635319089655695,0.43454487755585586,2.5314436575596533,0.8502048965993829
2119,0.544162186732507,0.5153550376079125,0.8174493980052983,0.5760655534886714,0.5887573783544245,2.6112872948934642,0.728580518021358
2120,0.6913985010856216,0.5135378276771518,0.8925149244625818,0.5451050696569151,0.8537990121417208,2.4997390558852466,0.8104693008046115
2121,0.7701963490218584,0.3379686949124572,0.867110947309032,0.6074781728650096,0.8020654378189948,2.457477679639044,0.8596281952003756
2122,0.7667169748847465,0.9786513648067885,0.7764109794534301,0.7061183837544877,0.664569911905172,2.553195178297015,0.927814663183749
2123,0.8647289034373029,0.7488793503953977,0.763293052370674,0.7931743150877981,0.5894548875889201,2.5837819470215475,0.7056880202573529
2124,0.5978135865917855,0.6018031892887958,0.5269097236061691,0.5076451962225441,0.755250398580701,2.6052642790127063,0.6604548570416611
2125,0.7234958759263405,0.40384252118412656,0.5067842213697411,0.5119327349816962,0.5587769446569151,2.5699123284442105,0.6044221869565396
2126,0.5579014208836911,0.5777603757661939,0.4960319940879876,0.6647384850455821,0.5559488942671265,2.5785977108251585,0.7001600130365518
2127,0.7182600988621443,0.3823567015587214,0.4873654945036767,0.7738590930783357,0.5824419570546121,2.549339024539418,0.5662775580577881
2128,0.7194576216123333,0.8988806172672485,0.7487109525174376,0.736473306205107,0.40211648546083806,2.5779314150364296,0.7427236592211115
2129,0.8749556822592188,0.8877296630551114,0.7421579790381744,0.8307346288655097,0.23623719865106182,2.6134982994949576,0.5845983562750349
2130,0.666652822947888,1.006947088604614,0.6792797547922831,0.5031931703406641,0.7749908765651965,2.6018076984274625,0.8073960519873603
2131,0.7653229779201766,0.8841851480381069,0.6481814881448978,0.6813796808852458,0.6354559837035523,2.5611737853075995,0.8029169712734795
2132,0.7073080849942137,0.6346849862913503,0.6085103622505003,0.700735382476343,0.3409856458646986,2.6332420898512483,0.6020797764244746
2133,0.7654275042811985,0.5048762603524924,0.627516411649196,0.6903145229737886,0.3444140775174377,2.6160575842595293,0.4110548151836265
2134,0.5267411504657586,0.7361544443374877,0.5757969631259058,0.42718493622142273,0.5240964699953352,2.7101272923691195,0.5712061329239746
2135,0.44864651766955443,0.5468931091507512,0.6862762686597808,0.43141727121606954,0.6496886066268387,2.7137351831859915,0.4874749531243505
2136,0.7093850422728576,0.6764601242963925,0.5754717243732286,0.5123848705262783,0.5365024415895425,2.8024337975455813,0.6562135037696813
2137,0.7851051322531767,0.5604584147808878,0.742814833428584,0.6942479004018722,0.35199004684240764,2.6339827200596537,0.6487348376787065
2138,0.7408309181038035,0.4235790884133903,0.7025225757282088,0.7633177136689325,1.0716800405160052,2.585402011758408,0.9603870397170022
2139,0.6918968221173757,0.2872687546006267,0.6699726422219229,0.8844436986191193,1.020837209866442,2.4898697507661938,0.7517461878828805
2140,0.48667742666749997,0.8891331014179996,0.347459177402184,0.6263490808403526,0.46466658170324104,2.8119218139054825,0.5649720213123308
2141,0.845294358287863,0.7300819305977608,0.44289269053499764,0.7864856018017455,0.33031183902030276,2.759273257732319,0.6528480973919102
2142,0.9033316216447094,0.6398449843104652,0.753131166570117,0.41797452850162187,0.7498673973025571,2.536602634074348,0.7851991957114599
2143,1.0891286273318228,0.6273995546390445,0.7041851630555445,0.4896997330003779,0.8680443888351213,2.513544204562209,0.6346925599432787
2144,0.40197870264520885,0.903010892030699,0.4142120150813231,0.5228929934810745,0.62677204594801,2.729888097775657,0.6182981824189324
2145,0.5646903266545494,0.91833429307186,0.7383112666788954,0.6730729458711738,0.5978086543321344,2.6982623396595917,0.5033438821888582
2146,0.7497548741686217,0.851694153789107,0.8099939485871764,0.6730421555463931,0.8241195790196149,2.4007830476414105,0.7608450939731665
2147,0.8124735435514353,0.72239283975542,0.903048905482507,0.81674219951395,0.7094137895887977,2.4345680942287085,0.537939982649007
2148,0.6375493576490074,0.66498428185648,0.3935504262198677,0.7890631709795193,0.6922298823805147,2.5783895043450844,0.9699914899660698
2149,0.9043903400748476,0.7103270789552956,0.46408712624576864,0.754841136151495,0.6478305665895423,2.5492492949573493,0.940085565950686
2150,0.9958348488940871,0.4869351310065422,0.617604160818684,0.5257785385027436,0.7523509030220471,2.4530445365538003,0.7668601130810122
2151,0.8298716110038656,0.3930364621671887,0.5206096974687457,0.5179982734529304,0.705500316461771,2.5334210207369274,0.5491764051630795
2152,0.8199509402794551,0.8871588027539872,0.8343088401067904,0.48794639458655475,0.5660371166275271,2.4939476384198653,0.4730803092081609
2153,0.821965470666567,0.8197719042363056,0.9152485383430295,0.4884783951939005,0.6207247918899776,2.5784623941393563,0.4332093967275867
2154,0.5563979652984474,0.9892833200402287,0.7317539593234155,1.0211792884069153,0.5743444500250348,2.550799359150752,0.4497350049200547
2155,0.6719491591572258,0.7445484428038008,0.7728656907905395,1.0956117755300772,0.5364706297603402,2.520177043104237,0.3974176412636392
2156,0.6816706416788951,0.3203316306551711,0.4042104577897291,0.7859894990412836,0.4654721049330045,2.526464140209095,0.7693606338507482
2157,0.7599270476094679,0.2617333715165047,0.4838705499417234,0.7902935270633307,0.4185638484783979,2.558981240381759,0.6272240062301417
2158,0.8635753479029947,0.6393080514434671,0.5841987831026814,0.5273643252805766,0.8743378628250369,2.459889317068684,0.7888025773896665
2159,1.001169373817684,0.5362997657525549,0.6348972787891071,0.45984577297378837,0.798778028757597,2.4475048696633905,0.7452299584924702
2160,0.5757413362404148,0.7465516640462044,0.5620105219831292,0.521251156696766,0.45025696574564655,2.377155202453552,0.6302682598729173
2161,0.6733961416150095,0.41719613269994216,0.589889584962271,0.6245021020892306,0.41331183000984084,2.4356368524406022,0.6174604242389818
2162,0.6355258089845617,0.6320092676376117,0.6292882097386714,0.610640305022358,0.6787756552589076,2.4455681613302005,0.6276295331665673
2163,0.712658428201186,0.4353830588567903,0.6516723466891686,0.7451779945036766,0.6992329483955194,2.4294066515841886,0.4384451737917834
2164,0.5181350347641388,0.8406679807639503,0.6526267140207364,0.6484658967910395,1.0018285190754697,2.3726317314028056,0.9762249305981938
2165,0.5939678957369273,0.5583034601858705,0.5481863152470794,0.7502408645512462,0.8873555248269026,2.389838607425408,0.9956983354414125
2166,0.9042079916599024,0.6937060352752233,0.9158236599242858,0.39616593625336516,0.6688067560384847,2.537068544893465,0.7402360674839397
2167,1.0252044384259078,0.609050184368308,0.9097331096298928,0.4794542466442758,0.5786849742774005,2.590940058760962,0.6516298240986937
2168,0.8934216616815718,0.6968788055977609,0.6889338781627684,0.7847445940370519,0.9134826940176264,2.54630319079054,0.6429144976349355
2169,0.7354464722002533,0.6602070172219227,0.5759793115408504,1.0450104078151963,0.7872966556745968,2.5467752306361784,0.5940551591891694
2170,0.699062930629704,0.8381674599942135,0.7029320134198657,0.807566492874162,0.9662648743926542,2.750468800069928,0.4914596235617089
2171,0.8232319724557955,0.607208560997823,0.7056340132597188,0.9550689314602163,0.8176263910396065,2.6706017708008134,0.41292109985237035
2172,0.4029706603075994,0.9198736465039878,0.6266693873333782,0.8114672122310742,0.8463398998269029,2.5989474130874877,0.39589079374309155
2173,0.5117432360358084,0.768030931524102,0.6330437478904773,0.988517007029144,0.6413634119371143,2.574265183345706,0.33634080866513405
2174,0.8324856764119577,0.658982191781199,0.6551176181297037,0.5778408392123927,0.5279795033224822,2.6249973586077244,0.8696710057194899
2175,0.8214642603840026,0.43824232269234564,0.765236560709905,0.8360646446504403,0.38871975297111216,2.623516098190912,0.7916086804695568
2176,0.5535688934042383,0.9256045048242258,0.5955596362788328,0.3059141931871142,0.5466319171774625,2.734144846210026,1.265303919861089
2177,0.5611345750889202,0.8350658869820075,0.6230278169409127,0.40318379904732565,0.4215054435065421,2.6640241360232904,1.1848653593113312
2178,0.7602993180912857,0.7403274169538632,0.8319165085947733,0.6939053987404147,1.0157137080776466,2.4920247053612106,0.6849335647044852
2179,0.8002872628444622,0.7891777371222961,0.9437745911932782,0.8406104861320693,1.0541508149915373,2.4809880694333155,0.6101629097960816
2180,0.24579708330081318,0.8793541242644501,0.5440381791914123,0.5808025864001293,0.420776720826281,2.490968277798447,0.9714587998458954
2181,0.40677918395261903,0.79573071060156,0.5822150430403507,0.8409252619820072,0.32674766756077606,2.5147077998782708,0.7964431918774603
2182,0.7042695372569752,0.8162325693374874,0.5433621941458308,0.5921804546265275,0.8164888290511245,2.5939356607867414,0.4909504165062307
2183,0.7685697321374896,0.5685355943884223,0.5647601519355593,0.6663464669918479,0.43097168781899453,2.6618802427144472,0.44844775258779834
2184,0.6014939440819451,0.9039911900234799,0.32106179796083795,0.8159888155354301,0.7609075208646986,2.577169012780577,0.8417108809107138
2185,0.6547258664678132,0.8345617874486314,0.4835220945161939,0.9006233175158825,0.5980273237149472,2.569590154204796,0.6531213721557932
2186,0.7648047525873656,0.781595215649818,0.8257439776326911,0.374098019778211,0.9091690493348101,2.3773876471109006,0.4898876120584101
2187,0.9573082602566639,0.5131234577258433,1.0600830797858083,0.4777015066138879,0.637160247379393,2.4296754172094057,0.49083355949607943
2188,0.7041995367135148,0.9360259627102159,0.4035258775877984,0.39165046197553205,0.936443572437236,2.3790021812046733,1.1093491419348707
2189,0.8221463744561069,0.7749378910719825,0.5774336923881118,0.4481060971683106,0.6605901737274649,2.354294691781199,0.8000958961521837
2190,0.6305702819527415,0.5513169861001266,0.5005039242709252,0.5529953917108381,0.6080448745523677,2.59513131579054,0.8190129896146986
2191,0.6461201738871788,0.3059195485677507,0.4985230734594053,0.6433200245713604,0.6433937606076015,2.574000503738171,0.7927242225520573
2192,0.8115583864385469,0.4763009575018106,0.663935851066629,0.5643562448869901,0.5302810837480119,2.613846156537052,0.872453469005542
2193,0.6666930546709872,0.3677053748079101,0.8596811806935897,0.5390518618348102,0.4012663966317583,2.689744932035619,0.7246734943754725
2194,1.0093412152669377,0.6920584199892936,0.7127986771466412,0.8112421659632035,1.0047247022623282,2.441888402223478,0.793255026392532
2195,1.047563738815696,0.4903015588887333,1.1348323857677485,1.0354708505874872,0.8231535520184375,2.5295231906308255,0.7180508708776492
2196,0.8359095989260295,0.7894374844701787,0.7590728727627061,0.758576346881259,0.9063325790511242,2.529346197596517,0.7348883656692438
2197,0.8080903214461441,0.678697410084,0.9653224145892312,0.8260337416594696,0.7399941814282736,2.586799919478209,0.6991288451554821
2198,0.43598344011974083,0.8912250307380495,0.6771814485871761,0.8324287801635127,0.7562534175292658,2.7615629306297045,0.8224568164298283
2199,0.6507428159183107,0.8154999359019949,0.73039959569851,0.7646084536354348,0.7156513888346889,2.723437782911025,0.7364528035206138
2200,0.7117948119561066,0.48636367232198213,0.6530842049459548,0.4456418973664425,0.7636345325277115,2.824113026872106,0.6995795360746591
2201,0.8281749209799525,0.4070032087160694,0.77879591257597,0.48846402153593016,0.8574820836202406,2.811513820839232,0.5686004874097809
2202,1.040646243768992,0.3496547868412858,0.5891509977627064,0.6074847250125175,0.42810995785361394,2.4964539376912236,0.7309845817990694
2203,0.9684849698675646,0.16751193005430062,0.5901429554250968,0.7976663974303277,0.30954470229340514,2.4158647378893554,0.6675030870394179
2204,0.6706572224238531,0.9579651146470746,0.6944977832304529,0.7020916138476387,0.6592082595534896,2.4637916563134525,0.4376747747630174
2205,0.8368251791599028,0.741796594580079,0.9744094131513729,1.004088598414945,0.654072499711649,2.5202805479608377,0.33079620951507205
2206,0.8087036317416587,0.5814828327258431,0.4926095161993205,0.6062131157011864,0.7669910958905992,2.585776325249067,0.6614201103969519
2207,0.9810772006319477,0.4312809330258459,0.6992013118287684,0.6657571470150724,0.7781415243153851,2.5301026460882983,0.54811853297491
2208,0.3675396909183105,0.34520769321905687,0.2946970765906639,0.5854133209031168,0.4537527565495696,2.4366922584989443,0.5625458349622712
2209,0.5450679024470765,0.1794760537442136,0.3078901117389823,0.6968574566712984,0.4008415637777114,2.4316453819972015,0.42988711132372637
2210,0.7287384529965794,0.9685446827707362,0.8846929830642631,0.4939792749866163,0.6375310732358057,2.5326358249292067,1.2086607561351792
2211,0.9292337445675618,0.8141390201295816,0.9238780459799527,0.5705765812240997,0.6070393894739772,2.5772176643975735,0.9863902013666321
2212,0.4691637715678729,0.9667817276961443,0.20723621670436287,0.5866065097770896,0.7729650370333754,2.592512070264261,0.8017348436856814
2213,0.5420801219317606,0.7416415488556687,0.2750305099048608,0.6434840885731044,0.8570170190430942,2.6594803375505025,0.8075708267503776
2214,0.5089371329559179,0.7048050980946511,0.47776435662640504,0.5719120620523687,0.8502213132661938,2.5248590475136394,0.45704689302092494
2215,0.497060097455796,0.7271240941652563,0.7467399662252208,0.7038147603201168,0.7050670637138259,2.6065278915511243,0.3336242599048608
2216,0.5688548793770271,0.8293720206091565,0.3240216774021837,0.7010156325087192,0.9601960961457089,2.6612644662891065,0.813427312499567
2217,0.7186987069907265,0.9413584446249723,0.5708868479353704,0.5928876531178757,0.8048137984084697,2.6838161548755948,0.7269900468424075
2218,0.6173702715359299,0.847787903789107,0.8596532796196195,0.7790141588377985,1.139439209515505,2.7083010641610237,0.6502962110168153
2219,0.8465088960882983,0.5392962140203033,0.9715174912446466,0.7339647886624573,1.0678083163335668,2.599154174942156,0.6532293861510621
2220,0.9069383156947112,0.8128016715549229,0.8066090610293333,0.6620338438134524,0.925614967726965,2.4952597273128307,0.9643394752041736
2221,0.7962957924010617,0.8101138701105892,0.9335787779585943,0.7046699566712981,0.8225385492389827,2.6221177673501277,0.8184126083517487
2222,0.7096484525174374,0.8727686679764651,0.8562346398900993,0.7873445336457089,0.7707265544788975,2.755332729773291,0.7268348258555468
2223,1.0875578125953955,0.856281919477776,0.9833157557825092,0.862171238560587,0.7800582557514328,2.6469482428102764,0.5907264969002514
2224,0.7702341146151316,1.0262820396526837,0.6927528647105272,0.7117184345275899,0.533742348734373,2.675558494599504,0.8729976249995669
2225,0.7761200186597808,0.9272961899924034,0.8285342624292061,0.9119783921904128,0.6571434576615244,2.611963455201497,0.6772775550543009
2226,0.7275838759578501,0.502717219739793,0.9596626509129573,0.6758851779775871,0.8522132253638879,2.4222460737149474,0.8170007500949623
2227,0.7674520744500646,0.34828664794184566,1.1057046822915948,0.7183278811343136,0.5543015268397312,2.40888650843506,0.7481489352311964
2228,0.953427693059343,0.6947248725071636,0.831159038598572,0.46860055751476104,1.1750964945356193,2.534522013899007,0.7436158475196815
2229,0.8073373605886096,0.5651894939282731,0.9834235219192442,0.5863397871607134,0.8128640984464549,2.5583997419154447,0.539610143628271
2230,0.6673727026132664,0.7316077566138877,0.6113577185579105,0.5623480913849346,0.7546797861381118,2.6962229727117712,0.9609453215104623
2231,0.8841363211586589,0.6714231123139527,0.6405800838757834,0.5909460125250348,0.48250300942571883,2.703999750127339,0.8026284766096567
2232,0.4615459506319477,0.5352755731399771,0.6623956513925321,0.611722415387801,0.4984199917237884,2.492867395800813,0.9451451962225441
2233,0.4403695514758431,0.4634128336841265,0.6003215057509994,0.5848646557704249,0.2646778557954602,2.488616178009529,0.6635884171455197
2234,0.9123527056810723,0.8127386462799547,0.9172353429186217,0.8416686061787734,0.399537719516194,2.4923117553996286,0.8372261969576617
2235,0.7079762485293329,0.5769841982358058,1.091654407783254,0.9604239590683061,0.3774977041150096,2.484008931140788,0.7224304300862436
2236,0.6230947529711122,0.43987531646177075,0.44496284780759954,0.8142517185259678,0.8149500740024327,2.494457268596328,1.0453945858251588
2237,0.5940853511305143,0.3546495240917857,0.6017247688514374,0.8080075671325692,0.5273271580707386,2.46021251281252,0.7983758141929671
2238,0.9226848571059801,1.0091188829874278,0.7847579461906019,0.9189009947592185,0.4056137208901665,2.6555791950726046,0.5531734062495668
2239,1.0268725563963308,0.8978931687435248,0.840215845219368,0.9087308643272143,0.3537622680528679,2.673820974469057,0.3590703365279
2240,0.5127818023063552,0.7110279005615869,0.5877941680079752,0.9642569687491338,0.2817742516929671,2.5866124635411616,0.7629817641549822
2241,0.7791063545496912,0.5959429680468257,0.7472590378000026,0.9639891520322537,0.2334323649341266,2.524488221657226,0.7463363070351865
2242,0.8159763096238508,0.6751533907840648,0.8116090810643853,0.723967142126094,0.4111876657396044,2.4360195858251594,1.082944611962582
2243,0.9727679994880495,0.6340461684556068,1.0186426219317608,0.5762084438264029,0.42076379179371626,2.4769812038275245,1.035564067803801
2244,0.8143135470340641,0.7527642514689351,0.9202001546196195,0.27215831703674115,0.5626345430399174,2.4298489226094673,0.7602687030289548
2245,0.9927807307320073,0.7642225831415324,0.8703991300163156,0.33865778425305443,0.3488899184556067,2.4808110763990068,0.8383161288335668
2246,0.7957257783419076,0.5774322477627062,0.4043977384643255,0.4662197104099032,1.005890836304301,2.662162783614199,0.8310083267503778
2247,0.8433015999481986,0.5013798711651343,0.45580462940897026,0.703684375893965,0.7529389536358682,2.6013580290127054,0.6521437881513727
2248,0.35672214749421327,0.6459298286993204,0.40708656141307914,0.5973205483445847,0.4969685001273381,2.5142805008943983,0.781879376437425
2249,0.5016311986191192,0.559830482968868,0.5838661459605272,0.7434493173881117,0.31453961480635517,2.637817524890789,0.565531572468746
2250,0.5825634984658804,0.4524262939986339,0.5592884425797685,0.2897255560130176,0.39317424498281833,2.583405765784498,0.8128671629597162
2251,0.6206587021017487,0.3365227339590942,0.6851838706540494,0.3720344146531168,0.33466282617540777,2.7196381022808875,0.6815213744561068
2252,0.8915874367005645,0.35446964180666657,0.49934152572173374,0.6462729287442135,0.7858595377361172,2.626692180885246,0.469685732393465
2253,0.9507409131194299,0.18955603147316635,0.6120396573675647,0.7569349332179356,0.6617353093678757,2.5683497583392314,0.4726698500120844
2254,0.6062418630171267,0.4929953140971387,0.7760984218747837,0.34734971878150966,0.7712269185194923,2.598148442005231,0.6846984786548602
2255,0.596910935390477,0.23932150875448702,0.8989874344956466,0.4203399804440895,0.8938167257152584,2.4458922033160078,0.5785535683468278
2256,0.7245420884449004,0.8086759059301395,0.5269093004851839,0.6241386746222956,0.8183072357487557,2.589765329562643,0.48390338327534543
2257,0.7527635804894155,0.6365360510601537,0.6544324395443379,0.7711263029137011,0.743127566269681,2.6166776945610875,0.451353026648074
2258,0.6851194007536765,0.5174767357483233,0.6314838191777736,0.5828707006638902,0.6880509560000665,2.6637888021151315,0.714377488655982
2259,0.7982661803098432,0.4816116673691188,0.8442315538400418,0.6407547860427163,0.4783598056297034,2.6175659721044244,0.6335484458072883
2260,0.990439516966813,0.6431886186407885,0.757636951591097,0.6969595169024947,0.6564128672348728,2.5083328409377366,1.0794444872824422
2261,0.9441522170557337,0.44625911841718896,0.6712317456216743,0.7869738830517465,0.5029428643910994,2.4880946403049236,0.828282336591786
2262,0.6014958118283357,0.9842746322527434,0.5693035272873633,0.7452240047283977,0.9901761067222332,2.729710083236927,0.6607989785909748
2263,0.4906684739899154,0.8888298099752211,0.6429912981844375,0.8009492247569747,0.9889989113940866,2.7135567455262786,0.6209586811727312
2264,0.42476674664427566,0.5703252537701141,0.6853512470275889,0.7305566844317609,0.9806203080901642,2.6374165070930298,1.0136593690884201
2265,0.45549580732310435,0.2819853474238526,0.8103499776646341,1.0381463213826916,0.7734917548561687,2.6485295204494426,0.9592840035460812
2266,0.6897336228909104,0.3177265835244121,0.2773916279711117,0.4348214646915342,0.8946043876528057,2.426620277542905,0.6457425480247236
2267,0.6882199522614623,0.2033201021850592,0.3074116950082856,0.5862094027345619,0.8537548696633903,2.422564337199132,0.6260581200467041
2268,0.7764616740792684,0.8935739934176218,0.32439148175417654,0.6677513499801421,0.8563535399090917,2.4860727115283336,0.9130952036358685
2269,0.8469550778688082,0.5819867569967686,0.45400221625716375,0.7890489725840002,0.702764286521425,2.5708010291085346,0.7129592535141388
2270,0.5867477802269653,0.6628026229543628,0.5230342639309499,0.5908131619690571,0.8913149355825675,2.5951403340678727,1.036871224437114
2271,0.6154487831026814,0.6441280139309498,0.6149773416404771,0.6643641715549229,0.8771476288016238,2.650955531537051,0.8101029840868654
2272,0.8781079498972635,1.036779451846206,0.5266862972261543,0.3184185621158204,0.8677791108441516,2.548598394331012,0.8751285892758454
2273,0.8897265074124574,0.8225475675163152,0.6321415198101538,0.41367814672758685,0.6854029631578479,2.5407616561537387,0.5310114263161287
2274,0.4082758395318206,0.5474700984783978,0.6133082021656342,0.6027425845789576,0.5543887902919722,2.711958452836865,0.9077785400044873
2275,0.5429501150618975,0.4767050398128305,0.677196420628582,0.5989691851349348,0.39394217788175834,2.6336749194782083,0.7429244673117085
2276,0.9006025669728556,1.1749621993542358,0.9211208423755944,0.7193654259004396,0.7123465416020592,2.525575862665755,0.8594436285141388
2277,1.1177271468553578,0.7736151640138278,0.7973456678163181,0.7666886506897905,0.7312211124740994,2.488805501692967,0.5412429621352459
2278,0.5497459961012485,0.5340585692097161,1.097020321415067,0.3561962759133906,0.42086109502771146,2.4759352391674994,0.9306985883175619
2279,0.8250002829110251,0.340350563521736,1.1803275871986985,0.5927474041724202,0.3864919085818231,2.456425761214947,0.5705605876782733
2280,0.5246685270633303,0.8365541226673107,0.43424141085062673,0.8864606951360567,0.465781948523291,2.7067643521211737,0.5011230130680616
2281,0.7141561052848079,0.7227971699249748,0.4440080573550471,0.9775037630365521,0.48320238640660446,2.622193123274224,0.4265291033354324
2282,0.7494425644485095,0.6083337923371764,1.0731830729802634,0.5585286817161914,0.8466015149211765,2.6920311172987583,0.9800542047862411
2283,0.7739880328790822,0.5128908378060446,1.1322347370264674,0.6681548339077259,0.794955554575592,2.703795629664946,0.8649644126079128
2284,0.9266272528113981,0.3821152386240394,0.7699518215739155,0.4885794339206761,0.9899192486251613,2.842229952485495,0.5374790040895421
2285,0.9868835901387336,0.41257859819091236,0.9643072402539873,0.6789298547413483,1.0591732054574727,2.7034168070356186,0.435574848670055
2286,0.4224353973983853,0.7052455013735396,0.6111041728326341,0.49798409758356676,0.8897944649470767,2.5650404019679356,0.9413530892443356
2287,0.5711585028113977,0.623735613815696,0.7524309433472613,0.6347243717724802,0.6064669092849974,2.4975335819268407,0.9371259343678756
2288,0.5682990637133926,0.7859308076425324,0.5647240062301417,0.807335492842219,0.6088994725201147,2.7243213034571623,0.6029006948166292
2289,0.6646746135286438,0.7516981346493177,0.7740514812750349,0.8653223094317606,0.5582950402919723,2.7474666458966417,0.5476004829045495
2290,0.4510501583262807,0.6677950693374874,0.47343020925909635,0.6356839192222332,0.8792177860742263,2.7313841549714226,1.034031864902617
2291,0.5046649893591567,0.7356704969637035,0.6293042032844972,0.6991432188134523,0.8831340758559799,2.663398071957661,0.8995223243538033
2292,0.40507696328561943,0.9937458088248486,0.9857599786872362,0.3634163914233529,0.9466065523382982,2.615276897590474,0.6177082640587213
2293,0.45821073619552216,0.7885179934810745,1.0087217759449003,0.509317224948199,0.9014002686921564,2.5502728891864925,0.6250934650748481
2294,0.41723432141420114,0.9698627254277731,0.5708768081536166,0.5620423338123306,0.8901061762837534,2.5897345392378606,0.7867591244241642
2295,0.505020420053179,0.6466129642758451,0.5144316358635767,0.6163013380615867,0.675847587646764,2.419197909316941,0.72094236966339
2296,0.7120031936986317,0.9812915361385446,0.7069620956985099,0.5465992591062908,0.6057034855247238,2.686191646599816,0.6277461423181838
2297,0.9871903692157588,0.9571048107737904,0.9030916033354327,0.7561530497820101,0.5331588072592186,2.6402599526452093,0.6114532266415995
2298,0.8589766961906016,0.6475950574189325,0.9107073812625175,0.695751531249567,0.4760968370394174,2.686537212774535,0.8551184994241636
2299,0.8135383910080973,0.5136686352242882,0.8408462431612136,0.7072015156243507,0.4048895073485716,2.737229156313453,0.6265796577513107
2300,0.6699845497500672,0.9714226541404776,0.89640169328251,0.4612753172603407,0.7313211296964547,2.537690099820427,0.7487109525174378
2301,0.8679805173181834,0.6604028930528681,0.9327128708461392,0.46117181240373883,0.7339152908034897,2.5091597130939625,0.8054620576425318
2302,0.8428660563328781,0.6086479698036789,0.5552131963183726,0.7846955192990697,0.5912429270827557,2.6156233100071633,0.5665467468039899
2303,0.8306101982034296,0.5311744688134522,0.6888273087929053,1.0292679524216093,0.5957197895253455,2.579615949673664,0.3171134484913483
2304,0.7017958960567888,0.6932618965035544,0.8540386073300125,0.2325872083646987,0.5606764857802659,2.4168343251208633,0.7969089274341269
2305,0.7592408475196811,0.5387609010411616,0.9867912191643906,0.3000860316328804,0.39344547673786046,2.484611778533564,0.5650909213313233
2306,0.7231815231973882,0.7359248889309498,0.7150805285335647,0.3846469728395419,0.6305468900174378,2.6169854951425315,1.0036459042686814
2307,0.6537979555848106,0.9258856010985717,0.9598357331920347,0.5308972832943378,0.5334928890267783,2.6121583095280227,0.8685380254657585
2308,0.5040908892823208,0.6929953491496291,0.336513292560776,0.7301913892184351,0.41180922066656683,2.468763176891099,0.7695573559236638
2309,0.661709626565196,0.6354280826295815,0.43124971958007907,0.7786443544858057,0.4073641700531788,2.5705815134837513,0.7028034967401041
2310,0.5048027721747861,0.9075138603969524,0.49591760320766176,0.8173814404706787,0.5909663399470769,2.679463723095084,0.8306266148702408
2311,0.5526528900493803,0.7940352899406018,0.6090440553417856,0.9115983001981319,0.3991020006384225,2.620603848862144,0.6984155176376116
2312,0.7686189821379226,0.8262599846942114,0.42034551108717655,0.499440696702119,0.6117536288335669,2.668898105508408,0.8878240770382956
2313,0.9164168906562931,0.7806796354159449,0.46278328198425117,0.765930582310154,0.5926925509328159,2.629288209738671,0.910556494151873
2314,0.6552568455707385,0.3990108264309498,0.8071897132536763,0.9699181770508136,0.8732470847071612,2.542231432163391,0.6955794704749105
2315,0.5945231130171268,0.2701838431102784,0.8775348713248476,1.1446624806681216,0.7203458991556715,2.5639587147234773,0.5320196253828807
2316,0.8403778662122704,0.7113303457623955,0.8016644200212358,0.6992625419534299,0.9118488540062312,2.6641976414233524,1.0995535728520591
2317,0.8854654251018702,0.6672472504467659,0.9753120643526811,0.8474901429894149,1.0242904780798905,2.5959770707434027,0.803455524028333
2318,0.5922258664678134,0.6765870210882978,0.8466667584674353,0.6006625627870515,1.018012399252366,2.545628051986927,0.9611013887392936
2319,0.6398837714081589,0.40379795558481046,1.1288900811917235,0.7722669294154456,0.7842729773123975,2.7019217713442734,0.9152257447911613
2320,1.071552720603114,0.8949717258749726,0.6664684315241016,0.8229019767059177,0.9711209825855548,2.572290709419244,1.070802050612955
2321,0.9065163720914748,0.8695488659247858,0.8525433963762165,0.7595492464845616,0.9249743547409152,2.616797192963514,1.0506110569717335
2322,0.5693006380365522,0.4138888193374869,0.7136438337160692,0.6750037004402903,0.9930529839914705,2.5923855965933407,0.9917618935000672
2323,0.7180363219572286,0.49176435962989284,0.9976551233381096,0.7776762118797039,0.8487618248968305,2.567584889953552,1.0293523266230395
2324,0.48972661256992756,0.747748340554423,0.5438217280798904,0.3255004716891688,0.8205189113297681,2.5808487718872994,0.8232216848155072
2325,0.5383652386240392,0.5623405177330068,0.6261542265138279,0.438530817356169,0.5211655131323802,2.539845054415445,0.5898464639883605
2326,0.483009151967935,0.6073424330582214,0.7718117293576015,0.40869658636818607,0.5574320224303279,2.57450009413288,0.8378389088697412
2327,0.5653798391161319,0.5657416466952114,0.983083063266627,0.44436204342366403,0.5221965057509996,2.5609879492584073,0.7022924219382364
2328,0.2359957357163805,0.754142007029144,0.6253581446823829,0.8709568134263408,0.7506035183722957,2.5826630925672514,0.652750123178395
2329,0.31657260486911915,0.7343573865663182,0.8332207759772762,0.95753559739191,0.7366595653752832,2.4987709132791434,0.6786288541659451
2330,0.7992016648447736,1.1244370338054224,0.5264908445161935,0.6854861405924076,0.6466164519100916,2.5163237785974495,0.5630256963183731
2331,0.7856240285655072,0.8664234778562908,0.48604540883779856,0.8296481846238508,0.8048142215294553,2.499102528916877,0.42832658422758707
2332,0.8543858659886715,1.009735680917189,0.5541286198231045,0.6211153467849971,0.5534836729608381,2.4978662190689946,0.5688012955003777
2333,0.9874051278433409,0.8365683210628311,0.5784281161803281,0.6118236293770271,0.5052146759962686,2.4109556442032414,0.45054214803767395
2334,0.8259764222900396,0.7299733182190573,0.8312990396854926,0.7699653489899152,0.8159128612278981,2.5292486465039876,0.7186946209730445
2335,0.8440124613362433,0.6258955006703656,0.7092402841887359,0.8768240099368031,0.6082375106076018,2.582385483927151,0.7510786227311965
2336,0.5705823597257212,0.6804106920371741,0.5822413242264654,0.5894464676950225,0.9785941180334423,2.51202595219801,0.7348021237214223
2337,0.8212899087419702,0.7983156781688103,0.6330753844572284,0.5847599541469528,0.7560312605122059,2.515641664525346,0.7248634164423455
2338,0.5164049130231687,0.9388416824508756,0.9224427957878628,0.3470949036932781,0.623916517605236,2.5287379948231044,0.7044354690051094
2339,0.7081172711206739,0.5873832856909129,0.8151767401581589,0.5125388947462685,0.5526787481145099,2.625126721529455,0.5784207177908506
2340,0.7692971854547963,0.5204187538974521,0.4148629157076616,0.3280919914039272,0.5434379731909127,2.6892496755171265,0.7843951171071017
2341,0.8467056181612136,0.6413163802079724,0.4936505485996932,0.4253621956475745,0.6212818769165673,2.7058869606015588,0.590882564129082
2342,0.7294392746028704,0.5985379753958308,0.7674173733700522,0.5530627508620221,0.8240163220215471,2.5490694126722313,0.7463221086396662
2343,0.8142235695934625,0.3774168175478256,0.8141891163719851,0.7643310202577855,0.8359040682829423,2.4988095251143885,0.7933388022105272
2344,0.7476212685000669,0.8093658415127061,0.630485907751311,0.3650691142313849,0.69256540877348,2.63854726907547,0.9636351659636369
2345,0.7715080147938381,0.6326343101988204,0.7760204245584101,0.448778769842097,0.5119719452003758,2.592830756869431,0.7315178517693706
2346,0.5799623620903532,0.7946995427204898,0.572744289589231,0.5821713236830047,0.8570695814153232,2.752579612186615,0.9688364898063548
2347,0.5707063672668159,0.75280508157547,0.6241852832304524,0.6103037571249718,0.7403889976034256,2.621077158070739,0.5806321455133283
2348,0.7189451021850597,0.9737521356399779,0.754817568953741,0.5564108943310122,0.5411750046006267,2.548759569081945,0.8471478891864923
2349,0.8636597221044255,0.8167237398382985,0.8043637058727288,0.7218064090294551,0.5906634716252831,2.640859735524724,0.7757781153817589
2350,0.9397291137522439,0.8407844146531166,0.4882176263415967,0.40891321274215875,0.6251297860427162,2.631218118065818,0.8478493091762189
2351,1.1322733488617114,0.6330497016545493,0.6511378799519972,0.43429006246762397,0.5375923734654471,2.591908201367065,0.5493266938902888
2352,0.8025140857293301,0.5454159347516218,0.6833886806292713,0.7867755410909749,0.39806649888113693,2.445320744631447,0.697154794350005
2353,0.8016455372245992,0.238258105923231,1.0008634409826294,0.748377293870863,0.45601181438462435,2.562503735492781,0.6999349667686816
2354,0.8385163385407283,0.5581919585563557,0.6602367860422834,0.791201708907726,0.8029171465359305,2.5371814911483854,0.8951768678417856
2355,1.0197692253004351,0.32974080345672846,0.5959805583776493,0.9371092698425294,0.584309263227776,2.5469631096942114,0.8775102100265895
2356,0.6858015148257812,0.7688469176566044,0.7279323313833803,0.43188275891420114,0.9218093333327559,2.6726852802269647,0.6578142625889204
2357,0.9758736585179378,0.3751187247565417,0.7840174912446466,0.4557253627296417,0.7443704282650717,2.604439026744336,0.5954015260411616
2358,0.8949643274854943,1.0047015581855594,0.4383692194842511,0.8754353683528703,0.8803903996676221,2.456300309048447,1.0225673316074129
2359,0.8083020155604647,0.8374592399984454,0.6636592639309496,1.0289543733385422,0.5888167407326961,2.4799381940180596,0.8639646334350592
2360,0.37786011007752474,0.5785550129722336,0.6256878925737261,0.48253464599247,0.6477042681810722,2.515765073683005,0.6749913697911615
2361,0.6098446463118976,0.5385383209031167,0.8028917115917853,0.6601143983890444,0.8510679144610271,2.5880089266355566,0.5445558061407884
2362,0.7141688590549227,0.904349262109778,0.47086641535585794,0.9554352481779628,0.86050558671999,2.5618335289488208,0.5068273423436515
2363,0.7690779176885469,0.8177721706281488,0.3591462908354325,0.8447775049843731,0.9611221392823207,2.614166463030077,0.40823458630430076
2364,0.6656183426950217,0.727710349628771,0.4880702268651979,0.8117150520508134,0.7134267842211119,2.781438725300003,0.7385299360617086
2365,0.8611608212225441,0.4921376516161313,0.6636836773706741,0.9033706566009375,0.7497667816967659,2.6834765424649474,0.7732151677204897
2366,0.39553085391040255,0.8029413847132036,0.7866654840868654,0.6109565254977012,0.750708219995768,2.5455863756384227,0.8470881036872362
2367,0.5084408549330046,0.5344074477562308,0.7573170682190571,0.6582312739325049,0.5078681994815746,2.53168163286009,0.7076733802075398
2368,0.7836060105441488,0.645276038822171,0.5915353325018106,0.37604230176332837,0.5200509925543004,2.5350271349368025,0.6067603362084725
2369,0.9914996800223581,0.4480555778049228,0.8024516588377986,0.40231916129782536,0.5961123874292058,2.5637788324383584,0.5007919958137633
2370,0.9442634708267136,0.9202225250505024,0.6157461207813878,0.7259960461711763,0.785668171043838,2.4073736114514976,0.4805548166853706
2371,0.9664575104478877,0.34743596072933086,0.5525017550802015,0.7383917301250941,0.5425277483376761,2.45630626281252,0.39397874670816124
2372,0.874305803137301,0.6661199760985717,0.8702712117199898,0.3690125314412236,0.28860423542889496,2.5198924591956438,0.9964832833905992
2373,0.9940952857547981,0.4716318821249723,0.9850850877421591,0.495003890720179,0.2163221937620844,2.5531604772170016,0.9035158378060446
2374,0.9260518833716068,0.8716387522359947,0.3799058539104029,0.9705040093933428,0.6604176898318227,2.382121790771548,0.6227195932384827
2375,1.0236716371412884,0.7856765909377357,0.5326382910590322,1.2026763520896642,0.5035218967275867,2.4558502165127063,0.5881773245135171
2376,0.5825450387902286,0.6675462080133282,0.6439877649854948,0.8875499560324429,0.9544290921200519,2.6010551606909127,1.0039773446439648
2377,0.8192113315754701,0.4778015238362435,0.7180145499097808,1.0899158661483854,0.8278932263221714,2.522032018628271,0.8076825036423432
2378,0.5780850161354354,0.7238716340424054,0.6529072119116465,0.6721736070416616,1.0028759283609003,2.6766085452772113,0.9708263588952087
2379,0.6519565074767764,0.711579630207539,0.849545152958161,0.5527446626402883,0.804802314001311,2.711854349596828,0.8542827842530544
2380,0.7157322754018727,0.915686300229641,0.5704605704559176,0.48366498485392495,0.910749728590542,2.5517824737982577,0.931063460409903
2381,0.7447685568120198,0.5433041011305144,0.7800476175862435,0.6489324059935913,0.9184892662001862,2.624677052114698,0.6205100332623947
2382,0.5962306890647631,0.5482018856719209,0.41102895711849746,0.5531922890462038,0.571766705584811,2.617351388739294,0.7015022938708626
2383,0.9064656048695523,0.4079881911099672,0.5091983249292064,0.6552835498778382,0.45993737030224613,2.52055075821146,0.621656190407226
2384,0.35023364391532286,1.1094495822782113,0.5135749948869899,0.5521976899915368,0.8766921808852459,2.6272365121417214,1.011856780674164
2385,0.5841036981399773,0.8904320134198654,0.5576283213822585,0.613930530738483,0.7603547697143259,2.7194606861255943,0.9611713892827538
2386,0.44749789439489784,0.6769845512518105,0.5586381403368655,0.6405776177459575,0.7072916683274026,2.480369403757164,0.8459754508555475
2387,0.4714503799519971,0.6586803449638255,0.7740529259004403,0.6539264722645722,0.6231850809366145,2.5968218041918463,0.8272539853654426
2388,0.7085641238807033,0.48094146082515865,0.22666787260299193,0.40890725897808666,0.7538717967785221,2.6364875747056065,0.8535267588822584
2389,0.738021925773102,0.3023494233441515,0.3848209013605892,0.4299649333776491,0.7180498493732286,2.6836258096877357,0.6855298599497534
2390,0.6393848519929695,0.8675010790830671,0.596965117650562,0.9953952192610843,0.3198700537122709,2.6003933740408502,1.0272682188134528
2391,0.8213053039043602,0.6861910482163804,0.6064484496093452,1.1025947619815741,0.2588250329429674,2.6725316791279594,0.8362510790830665
2392,0.27476523191389035,0.6240733584799525,0.5069834095724821,0.6997356033034894,0.9659063791853706,2.3712120516355566,0.5587724355182483
2393,0.29288768817036515,0.5173369099238526,0.5709349011689322,0.7798488525044871,0.9220007000250346,2.422372970506853,0.40853805300952983
2394,0.5399183673307008,0.7101476197911611,0.47922282349134765,0.5849363487978255,0.8489281071698653,2.680996524379703,0.9302399006254723
2395,0.6489621748139524,0.38589459183213387,0.48222829003642975,0.5622708677144477,0.8642451313259696,2.6297929076554833,0.7432230017572864
2396,0.6063529415256563,0.558681261310776,0.9584926061157536,0.8216689792298306,1.0379404057699924,2.514976390241037,0.9991070380555443
2397,0.8383458976539278,0.4993409273382985,0.8989829253569801,0.8661637305084077,0.8171596339785198,2.5470795435833775,0.9393572663914102
2398,0.8126484935769029,1.0748643678417855,0.5821589930338751,0.7797547890462042,0.8619053621861809,2.615392309975222,1.0070965310898534
2399,0.9757130821504397,0.8462170890526793,0.561319389633691,1.0592498307445246,0.6714653870458925,2.6185718803038003,1.1573031877870519
2400,0.6624938008684973,0.5843950820546115,0.863304889793838,0.5677970071888583,0.7201953625699278,2.555659976482319,0.8452043808472608
2401,0.6885595646721092,0.3209121076170647,0.8495619927459577,0.5779299704110246,0.695285445168,2.6021695060065424,0.6951109182635169
2402,0.6847346243602782,0.8711892580836893,0.543455834483129,0.6855783363043008,0.46665380939981854,2.5800972556551716,0.9426156802783329
2403,0.8241159161229176,0.780922542976032,0.6824439299584726,0.7338206289617708,0.36613889394769894,2.5722486099497535,0.7720090498139527
2404,0.5687682143082211,0.5529319433148853,0.8292038705897311,0.601966231786119,0.5951516432125817,2.6365331618093433,1.030871177370674
2405,0.745672054255298,0.4058590945800796,0.8266115046330025,0.8752725011179975,0.5292728846812608,2.5871652146915345,0.8206636694138906
2406,0.45186818746762436,0.5913113077383603,0.7080185232612732,0.3339657400618977,0.8488823448036786,2.5802335938453957,0.7257463386050472
2407,0.539820640975721,0.4440105234848725,0.7188364898063555,0.4850053979418456,0.6569171420306992,2.565649626245768,0.5663356510731044
2408,0.7347271909183107,0.5450455320161937,0.5414109368922211,0.5232336273961417,0.6918467258749721,2.7239484345919083,0.7847987762971363
2409,0.7445989621671891,0.4000364636689326,0.8614573126592813,0.6462862808977634,0.46358591596320325,2.6652604458711746,0.8172134657137038
2410,0.8059340974881712,0.7962610913210493,0.7567883073874229,0.5458075111510616,1.0230049182315744,2.4546650244116464,0.6862739777924052
2411,0.8444114361251609,0.503484131134313,0.8227416481969547,0.6508777094831293,1.106037319433749,2.546203596689169,0.5960830417298306
2412,0.7069725586012492,0.5300872509259077,0.492378093046393,1.1051679246870474,0.9760799972516213,2.679848499488482,1.1198428912316964
2413,0.5704217833582236,0.3690542077897287,0.6632582461331916,1.220312642701064,0.8371175845789579,2.640036351002743,0.9838497993986962
2414,0.547048753258597,0.6262669249102134,0.36531431265884773,0.7426051823231042,0.7330011551950224,2.5181033981973884,0.8240144542751566
2415,0.5642759567032412,0.7597350825337533,0.6531402549524304,0.9869718750953955,0.5625979742135144,2.60524846072933,0.7955293041275275
2416,0.386496840841475,0.47327167590044045,0.6164427837739126,0.7098398192097162,0.5081112823041116,2.720617729294148,0.9986236890651964
2417,0.532322070583689,0.3091958237468901,0.6875507672219224,0.8440397640267779,0.2792807061917238,2.7770897811537387,0.8939495762712362
2418,0.26473143967210927,0.6216389274984453,0.7782930098094651,0.3882731480696168,0.744263858895209,2.631075826111522,0.8325659645957064
2419,0.3204981607867409,0.43969568203518644,0.8120569553288357,0.560330496484562,0.6263322410525568,2.58762721475542,0.8887018916788951
2420,0.6791875590803904,0.735873946446577,0.740297648133502,0.8911740882536764,0.3746973795367409,2.59626207777298,0.6886369636050469
2421,0.7690095370329424,0.6758884903493824,0.728018150210216,1.0349027042747243,0.23964079374309186,2.6319994031183085,0.5545727585947735
2422,0.9607609300866762,0.4605500822143257,0.6714890268397307,0.5708519715929073,0.9524745224946467,2.6126648751912236,0.6826681299843724
2423,0.9856932905155718,0.3666167122949601,0.7388506656757188,0.7948454975714828,0.7213680487594077,2.583620349149629,0.6261398528558576
2424,0.4439064202448356,0.9382712452707358,0.6619837475710497,0.7101950746412882,0.8402897565180594,2.495756005335743,0.8595249382023082
2425,0.45490979971812406,0.9453632672219224,0.8411328700786466,0.8533792868097758,0.6933586013541143,2.5297552121671885,0.6291717758495049
2426,0.5758637238936539,0.7492111412955821,0.3954411243283352,0.579573850204174,0.6650314888480721,2.558186603175719,0.7087168787377386
2427,0.6551523192097163,0.5023523476474527,0.4844456715229799,0.5693197686917231,0.5607998949379253,2.520298409253055,0.5781412414043602
2428,0.6969640260411614,0.7359503238750948,0.7389176017059175,0.6375444253893555,0.5104792003764053,2.5036621456730423,0.6758178188264027
2429,0.9879642558787703,0.6015060994686239,0.7488456708198056,0.8322193769165668,0.3966100750250342,2.5652223272618957,0.6075301368538031
2430,0.6195002143077882,1.104220109502988,0.6424093765971393,0.34564732285205924,0.8446877754023062,2.494522584738671,0.7856071887777113
2431,0.6136915339336265,1.0426862816963332,0.6793228757661935,0.4168879089975125,0.8332072485612759,2.53385878262354,0.6923245442222336
2432,0.8781276789358705,0.9621200507087833,0.6791216445546117,0.6251723086331917,0.7082004485552335,2.666441304096017,0.871593763515694
2433,1.1708690918006246,0.7603880261689324,0.7315244039168778,0.7113036414552957,0.7787657206346243,2.627891323523291,0.7265914951744746
2434,0.8111325320800793,0.6832340580258454,0.593847375830079,0.6781475481844376,0.6874834080707388,2.703794608160525,1.1080689374671915
2435,0.7859769931297037,0.4663862405414724,0.626803259393776,0.8354237838058554,0.4562953767887956,2.6456275587609617,0.8834133043839353
2436,0.7957360659821959,0.7306330618602784,0.6483767655924078,0.6644752500634529,0.7324057061917233,2.6389205610617084,0.8939158966956441
2437,0.8217677270892311,0.3312483450596541,0.8364102108251592,0.6765176189282736,0.730616820455918,2.645945822245147,0.6328866591572266
2438,0.8453964185190597,0.6462803271336912,0.81559808537796,0.5526662422029303,0.7792971228585343,2.8334443776197413,0.8206771968298903
2439,0.8347714385541114,0.46364196596967916,0.9905340035460821,0.6403293548052336,0.7240827297732908,2.8196119262522434,0.8164590602307632
2440,0.8270763939476985,0.8110978310000668,0.7537945731080348,0.7902187695226688,0.3279562515971391,2.7179110450531785,0.7538912779585946
2441,0.7954752971298923,0.6831003612278979,0.83867258103201,0.8264671696698651,0.15689315171196,2.582760818922232,0.4907699358376762
2442,0.8433814650109623,0.34365311988698977,0.3841215243797037,0.8831751538210494,0.8010665048881113,2.6730433523132637,0.7713254911164427
2443,1.0639110846109003,0.19358713525623125,0.6119916041340022,0.8381774997759677,0.6201695746097786,2.774268107649008,0.7325436642698032
2444,0.7240698007407261,0.7774253075467032,0.6850752582753457,0.7571291891610249,0.2593767625889201,2.457191651105047,0.8680776452897286
2445,0.825305617362644,0.7012519879212978,0.7096776229543631,0.9419077081410991,0.20885670456220864,2.4533354973474504,0.7538752844127689
2446,0.6034087051052363,0.6983559799968899,0.20079883087229555,1.0598114249097805,0.580985110077525,2.580756576175408,0.5032580633620217
2447,0.7876233390526793,0.5576139477242884,0.27526746370087507,1.087285311477398,0.43811295977061393,2.563730180821361,0.3366650259133904
2448,0.9445304413016239,0.973727299079268,0.5702712467724802,0.7887346198550468,0.6108823663404748,2.5365248120204256,0.33470143801065166
2449,0.96885044034334,0.8773925793705517,0.694998395129582,0.8027177830707388,0.47531988586314394,2.4427984518142627,0.2194383156947115
2450,0.5881442433213608,0.5542863069397908,0.9445602101219844,0.5381159541788952,0.8127515753125201,2.5134179061537387,0.7980026974691792
2451,1.0741689016161315,0.29709578498773875,0.8761112808023684,0.7341259634133901,0.907210992075159,2.5096925599432782,0.9211311300158826
2452,0.847437405354736,0.4362425890841888,0.4458507022299527,0.30914079524483556,0.4380425361061688,2.439014166346518,0.7215926719062933
2453,0.8809865196504401,0.34265622996494727,0.49186250910585755,0.2895520506129551,0.30423170155872137,2.5923683336845604,0.6445514021595917
2454,0.43547483144769905,0.31885734550685296,0.6519727488811369,0.28857548811295497,0.6184285668450841,2.5899466564731664,0.4861172771276488
2455,0.6286159601858701,0.1586499777600293,0.7613348198485714,0.3728315179889821,0.6142699678866792,2.6682630231654443,0.35417068424010456
2456,0.6694755179570395,0.5883910616366789,0.608326817068684,0.6039797406688103,0.7718798621546713,2.6782493605570994,0.7041231592849977
2457,0.5965842520123955,0.37154655652410173,0.5667832774790195,0.7280719093493158,0.6861017417552981,2.511897435518248,0.5939917107932162
2458,0.3846543712290198,0.6036719400873654,0.4762231354478882,0.6036585879338154,0.6802801323485719,2.565455793423664,0.7748619367644497
2459,0.48047639624801186,0.5447050733635769,0.6277570283419076,0.6666302046584699,0.5305176144230421,2.5902064038210493,0.7215645229737883
2460,0.6479484451041142,0.6437076902155693,0.4787330976159426,0.7261646193115863,0.6998649662252208,2.6005843176121446,0.6998530586970769
2461,0.8122593833072883,0.6682301898318229,0.434022741467813,1.0482039286807612,0.6217329909567286,2.5686154594511863,0.5671243345150716
2462,0.5089395990857433,0.6890979421645121,0.5968525945166269,0.49635621133624364,0.6963320082114602,2.7779681941777734,0.8187102965553553
2463,0.6261145931741638,0.3942836580387957,0.5700464483631443,0.41516578402945525,0.5320498173242263,2.829931747028023,0.7477843109973903
2464,0.6691206856464524,0.5838037190689949,0.4301269543705522,0.6174267446633904,0.8503904847900398,2.5749091087035523,0.674412337454674
2465,0.9161922675094077,0.5219813240024324,0.46447870264520885,0.8096999232802655,0.7635585782201786,2.5955859174649474,0.4632290406437758
2466,0.7518582878958304,0.7921926450656962,0.683882667784808,0.775449388994836,0.9446786870199921,2.5865574350391074,0.49177439941164647
2467,0.801268757604114,0.7977101167876743,0.7715137932954598,0.9490990763351217,0.814601195455918,2.6263546114834395,0.4372107316902911
2468,0.6643126306871145,0.8114758073874229,0.7363786443633881,0.6723140312495673,0.6603899640203035,2.4883796473344995,0.94101551984253
2469,0.9198046674649474,0.6813854593868679,0.767412688968935,0.7488179450082856,0.48866423124309216,2.496629486100127,0.8455803868218602
2470,0.5657868106779628,0.4403699745968283,0.9607588870778356,0.49009335240865926,0.7839737718873002,2.576505358384124,0.8676712721113333
2471,0.7101268692481344,0.33246968286613177,0.9294721429889824,0.581070330520925,0.6532452044344375,2.6619708185384843,0.7537249956855591
2472,0.8465678353455842,0.8779502627805763,0.4438345519549851,0.33530079776918126,0.6494555635860547,2.4713735794024942,0.8187062105376741
2473,0.9159084572467009,0.7585940329110242,0.6534246635985721,0.5246824776003152,0.5288067985996938,2.6053858204239746,0.7245139395123952
2474,0.6149383066842485,0.722241529523791,0.8211817194842511,0.5499418719321939,1.0039705446379226,2.567717740509529,0.8165161317416588
2475,0.635634844484251,0.5996319932894176,0.9333695499740994,0.6778832916978877,0.8108405497820099,2.5975569037571633,0.7022983757023081
2476,0.5740892118158185,0.7247533594382364,0.6747708326619574,0.6730103437171914,1.1357716057954594,2.607317596497512,0.970469906696766
2477,0.7137875702957708,0.5610507992709249,0.775398271248012,0.7115650086910349,0.8212151512013083,2.661603057195333,0.6266465937815098
2478,0.9339945925353085,0.4571058322782109,0.4905812105376738,0.3809795443819478,0.5091819082623954,2.5765930449573498,0.5592816425737264
2479,0.9589330819907261,0.26693444750068857,0.48503950063842266,0.3984948193694303,0.5617041660270894,2.595927996005421,0.43301845315629317
2480,0.7669251813648211,0.6043185068374873,0.47796805396781306,0.7408389148767163,0.6772181926760297,2.424113978271547,0.5347862703855571
2481,0.9548512835818233,0.44624414637578336,0.6391729100201141,1.0005133656692435,0.537359928808099,2.559490272174785,0.4885962737084726
2482,0.608265834802557,0.6240731832175022,0.5711281356076018,0.6810427098668755,0.9065198597257215,2.548447259361833,0.8419071798626436
2483,0.5213587475710494,0.61381247696146,0.6517542547607733,0.8554263000056093,0.8005724451364903,2.5491332841891685,0.6366516387073506
2484,0.6152870099683134,0.5089116980117732,0.5282700409951466,0.6521179300862436,0.7593356846238506,2.6035070298436516,0.9344405990533676
2485,1.1348073013485054,0.35492279885566874,0.5513703947143256,0.7635914115538006,0.5891310934616492,2.5832361711396663,0.7102365031312589
2486,1.0010225727247215,0.8167896543640766,0.6249090736510617,0.7576109182635169,0.6871889596428429,2.6435649751402885,0.44515854837609414
2487,1.1842800226858703,0.781707914046204,0.7322139163784599,0.7473542980251565,0.4965401796390443,2.613399974756542,0.4198235502615847
2488,0.6330665414423453,1.07846094951395,0.5309870128764053,0.8485221571124552,0.6723269602821316,2.6732737539617704,0.726280630079768
2489,0.6417822910270894,0.9271447044983232,0.6272667040830671,0.9907650035780249,0.6177706909502535,2.681512531441223,0.5384838907844977
2490,0.7629871195356194,0.6522427838693081,0.6852865292686816,0.7436353286997537,0.7515480211845599,2.5188469176566044,0.7658810844511862
2491,0.8381580185958954,0.47642556342634074,0.7692052376014373,0.7968237069907258,0.7406167578596563,2.5179259820420947,0.5706523602691812
2492,0.9231552770637637,0.5130004716891686,0.5645648744880492,0.42938632416214645,0.6648602743153855,2.5608852906437765,0.8369992829434002
2493,0.9022785064537409,0.3462719422922836,0.6076046465359302,0.423016472743714,0.6149740292686814,2.6197139514309495,0.7970957849877384
2494,0.7751672712160691,0.6286914913724178,0.7773604145253455,0.6653938948105865,0.49073727776650466,2.50784209355791,0.7528278751273378
2495,0.791630627779455,0.4796043601090345,0.9046059449444002,0.6793337617899173,0.29434164589664163,2.5487838072592184,0.5619614472451466
2496,0.42062005521401435,0.4773499866750969,0.7978349705707388,0.6381770416024923,0.6008648155030547,2.702379262269493,0.8589682762967036
2497,0.513514012620863,0.3233395633300793,0.9812860054954574,0.6552201014818855,0.49289860924657947,2.6416588818694295,0.6864023192097166
2498,0.595751849213082,0.6465967228714851,0.5311311725770916,0.5947114151961438,0.3371512641545496,2.540534566877027,0.8629527714716116
2499,0.6702181911742859,0.7069085118218607,0.8551856107168133,0.8542704536039253,0.2460315709670022,2.5009669458392305,0.7405218481594029
2500,0.8478414876657556,1.008401221593341,0.9328498800158829,0.6895133336202406,1.040563066334433,2.468202604230264,1.1525731301440865
2501,0.8035475444777759,0.6349909191264049,0.903368788854547,0.7183572268336886,0.8903638806227956,2.629273836080701,0.9875513305528678
2502,0.48772585745735025,0.8784227257472009,0.678616100395831,0.5878458841382339,0.8646590781562932,2.724454154013139,1.122466645896642
2503,0.8287071694458331,0.7053034191264054,0.8023256082878624,0.7653704327703036,0.7216889536358677,2.6526409124162567,0.9325545853460177
2504,0.7656897177589077,0.7104960752166911,0.5351361704364924,0.7858628501079126,0.7404557583711735,2.5919453685769023,1.0894544644679351
2505,1.0514576581665667,0.49972961448692743,0.6569537108571021,0.9862293771405993,0.6718405467785225,2.46155105815405,0.8703172219447107
2506,0.7492210058148853,0.9238885088826917,0.7975520065500027,0.7920431299843728,0.6630946052524328,2.536494021695643,0.4789947127102162
2507,0.9432292384323828,0.9477496449698677,0.8814846654197437,1.060494560486306,0.5127778915511239,2.6227968169089695,0.43277367784981535
2508,0.7013492911552935,0.8324717258749723,0.8085855779646365,0.5279805248269027,0.8504939896466416,2.732077155067251,0.8374522647299525
2509,0.9456616264050497,0.7529849638605892,0.8947670070291442,0.5740465139628929,0.5444720303227933,2.6413163802079724,0.6587263551885469
2510,0.686936610684437,0.6918422167363056,0.8669900042811993,0.9719460595914744,0.6454760006707984,2.721203138515694,0.8381684814986342
2511,0.7457837311472633,0.63420921095293,1.062197379536741,1.1236119567995027,0.6716302972896067,2.737729345091597,0.7057982525239128
2512,0.7862299404715452,0.5025061240089079,0.4865657497755346,0.824561076399007,0.7526205148892331,2.4738888969511867,0.6278009955577883
2513,0.9478527267054851,0.25203017340803713,0.8016307404456442,0.9693674689092812,0.7545243172927164,2.592753956319928,0.6138789898706739
2514,0.6467185121412884,0.5379459364130795,0.877631576175408,0.3392620762712359,1.028136767318184,2.621254749488482,0.5452596922603403
2515,0.8420342519169997,0.34821911352821117,0.9886810710308879,0.5024644476604031,0.6546361368857462,2.671431109086866,0.42844854875984073
2516,0.3770416578151963,0.7206200201615243,0.3112123971428429,0.5758614330262788,0.6420291093424074,2.6104257216572266,1.0322216302403482
2517,0.514865311732507,0.47650976236532105,0.48702383908418856,0.6017832849877387,0.5425164391929671,2.4989216251273376,0.7450702283669427
2518,0.39193937976034077,0.9761323843614004,0.4936392394549849,0.6294512522359951,1.0080051360552333,2.335767730092718,0.5522013528882338
2519,0.61343425271557,0.6128543741371121,0.6171004844062934,0.607813874520425,0.9107597683722958,2.4140766983955197,0.63023398191389
2520,0.5690713304885496,0.7059839133106541,0.3631595333262811,0.2784831797348727,0.812840283390166,2.4454308016355566,0.9413912779585945
2521,0.904573462135679,0.7482912271854925,0.4639294391290816,0.25612881160473633,0.4862967362917834,2.5031188359209873,0.8630231951360567
2522,0.5830725302589075,0.3366987054889825,0.2443297734209871,0.5642611599242858,0.8504186337225448,2.4916668085373623,0.6370760484404131
2523,0.6475618009643258,0.21487274517447483,0.272243537480141,0.7842805509643251,0.8595963833711743,2.568911950887922,0.6465063949059822
2524,0.7490856891290817,0.5470984263800145,0.7692450462035518,0.47721960224894505,0.8602397103455846,2.5375845519549856,0.7192523043830691
2525,0.7453330402280866,0.32920982435380325,0.883714975938858,0.7681009320675618,0.5983055307384827,2.4930850436792054,0.7673654093812585
2526,0.4669379701874251,0.4854341415511244,0.7897764984973905,0.6543461975965171,1.019635177977587,2.6903457364195544,0.9163341363427184
2527,0.7769409370519349,0.34162608358829816,0.9556267901326917,0.8137862308278359,0.6658017126143876,2.624814411809343,0.6343321969896046
2528,0.5764174965484474,0.9296891924839406,0.5065292310190592,0.7303574962290196,0.6759878365922188,2.709117050293527,0.3957747829749101
2529,0.587362958268871,0.7226392349497536,0.5874760797862413,0.9486167488491934,0.6041682181102784,2.6067861942736013,0.296630895673042
2530,0.9382612054889827,0.6195816992584077,0.7297874821698654,0.192409341544649,0.5914010373204277,2.662366480955608,0.9732361285784574
2531,1.027241937627338,0.39878067264097694,0.8171822522679376,0.30472347044296755,0.5309831021211742,2.6165865203536143,0.7864983555718602
2532,0.6905128649345594,0.7840684337290201,0.6749714654901041,0.772106353047948,1.0837811007795772,2.5333551062111495,0.6655766663465172
2533,0.9685746994496319,0.7790230018526814,0.5514488151516839,0.7316849802843756,0.9581953410331314,2.546634383307289,0.36376340222347703
2534,0.8096079028308233,0.7532810321763408,0.4520484928737287,0.49356923891152465,0.5513679285845002,2.4870566724178116,0.6263907571888574
2535,0.7210904401193082,0.4747443411609027,0.45444244427360203,0.6160918622185569,0.5277004500569773,2.5375820858251585,0.5651771632791441
2536,0.6382160765587216,0.8241029870903526,0.37820261173898223,0.6072621448744726,0.31027198034826103,2.4811724608571017,0.8165680957304524
2537,0.6062071619371141,0.7294790832049849,0.4935534206281488,0.6856873718039901,0.29426484534713915,2.5741120053676863,0.7228965161678107
2538,0.7124795674204873,0.9342463431102782,0.7426144484589723,0.581061910627027,0.5173364868028681,2.5117736032396047,0.8037776982677486
2539,0.7238753695351865,0.5995145378958308,0.85044611167553,0.672200486611211,0.7007339378509378,2.5057277938069786,0.6926978362084724
2540,0.27137312122901974,0.3406133753828802,0.30576594746874597,0.7043972802908505,0.5751475071249724,2.4305885313134517,0.7192697425543005
2541,0.3835607764564178,0.11973470197397733,0.4570041951679994,0.803559028884935,0.505157181364388,2.439572871260963,0.659124483735495
2542,0.8112857100580992,0.6997583968553578,0.761896414013828,0.4694095683787708,0.5807358256323806,2.6162875627870523,0.8648707722706142
2543,1.0312974548501264,0.46516719360237047,0.9951502686921565,0.7085474593553578,0.4229171265008778,2.6542451588697418,0.8122351451300149
2544,0.7998322380490693,0.7793852325527459,0.6961550151771516,0.6885139775683726,0.792834104293716,2.722109875734684,0.38248708598487247
2545,0.8965768185704276,0.6739852137332514,0.7870977153303901,0.8127378000379851,0.8322368150877986,2.7079144200212366,0.3119495397170021
2546,0.7010158803672532,0.6012430397489452,0.6901038503638875,0.7801418563069775,0.7298236278752835,2.587015524347761,0.673338646983129
2547,0.7008877142123928,0.4742685658224821,0.8130846355756586,0.8511711714590946,0.708280736738982,2.532722066877027,0.5328777109848731
2548,0.6759743091762186,0.744267346529455,0.6049762074698676,0.5464984682380496,0.3927167540575996,2.551671395289729,0.5671927151706757
2549,0.8659187799394795,0.434121912448199,0.5595413899216092,0.7533434590678731,0.39922438829166135,2.5868350436792067,0.5981924092211115
2550,0.668631806013017,0.6519508015712384,0.6193000046006265,0.8190715057509996,0.7297127246292041,2.7233535839720444,0.5909226205897311
2551,0.913271598286741,0.47586788001631586,0.6315021035909749,0.8691453819972011,0.6828587230307661,2.7359462378574126,0.5629698215743482
2552,0.40405812605367875,0.7957707670622087,0.4004514320036764,0.8553197306357461,0.778881906665256,2.505422459355358,0.9668655035141388
2553,0.5853315880939621,0.7300977488811365,0.442114294733318,0.7321516647493779,0.6861953820925962,2.508862200152806,0.9018320768146965
2554,0.673438664205485,0.6662638879407237,0.6041552890777132,0.9119960782201783,1.1556574402475124,2.6923479361575375,0.8133899700272781
2555,0.746487194145831,0.45804216305511136,0.8580522729418455,0.9450843892188678,0.8529343743922214,2.6746369606015583,0.8322205736834377
2556,0.5605594535076635,0.6136935769424676,0.4357725922473903,0.4107915802014973,0.9999926742066065,2.5230987338313233,1.0226769654905374
2557,0.5504866263096544,0.5640780378634549,0.6353781616496292,0.5335647573166291,0.825738622252055,2.573341183217935,0.7395946082559197
2558,0.9414173838822579,0.5705016484209873,0.4572967758495047,0.6927553308403529,0.8628615972641388,2.635613072436803,0.6250671838887334
2559,0.936784454210838,0.4716154654581611,0.6096354183274026,0.8000162063518705,0.7159193082179348,2.5804691030160045,0.5153917816967661
2560,0.5888391111635796,0.7038788070995047,0.6948675875824449,0.5736017768077879,0.7686093654771536,2.7303094429954577,0.8057238479992559
2561,0.73605034109745,0.4810211506254721,0.7572154311088453,0.5979297726224179,0.8959295808407863,2.7072511887457686,0.5535506089910371
2562,0.9576134194458332,0.6995046032715474,0.5340871412632061,0.28529921293381527,0.7275575947717366,2.5451754933213606,0.9347192291978873
2563,0.9869550353075994,0.6020286586776514,0.5840581110362413,0.43164640350162164,0.665218346401684,2.477211182355048,0.9302996135286444
2564,0.7928505209605272,0.6033879545622086,0.3149038885152611,0.9701458647109602,0.7683005433912878,2.521253199705607,0.5287221765397286
2565,0.7280633141929679,0.3818947014948356,0.3070236062430915,1.0471795608057333,0.6211015715104622,2.6022984458072878,0.3620119315560444
2566,0.7178892730057314,0.6599002381448975,0.4688830984145123,0.5676875485681839,0.9138857548242261,2.5593019699957686,0.8473645155604649
2567,0.9128853772679375,0.6183977765203033,0.4566998822208009,0.5764476884897931,0.8680176845280222,2.6089812053292682,0.6533488845534895
2568,0.7973904086780842,0.7625394931297035,0.4799232219766541,0.5005926323485719,0.6344346803417859,2.4169934568629547,0.5507576828022457
2569,0.9309899722321965,0.561084901967502,0.641898724916256,0.44624576626363915,0.6367662048501267,2.5024531385156936,0.4224384619116463
2570,0.3818372068629549,0.7995610062940267,0.5466853257916615,0.38047238033531083,0.5692187299649474,2.4985528422797665,0.6636502456536163
2571,0.5324518566264053,0.5618058031373008,0.5596826603714851,0.5633455796904131,0.4790209938963307,2.590117695743403,0.5574515036104001
2572,0.8033873912312635,0.43152979435000444,0.34126180987939314,0.40667201619932053,0.8885084819777761,2.6203574536678116,0.8119193477756562
2573,0.8917744695166271,0.2940040764948355,0.4960046913974523,0.5515430538724181,0.5950694872824425,2.6019658086651334,0.6398618240982613
2574,0.27018239848487274,0.6070245926950227,0.803800491819617,0.5680166980760919,0.4464954738297684,2.484184479549691,0.9499091087035519
2575,0.3462169137902286,0.55237323840044,0.7766538870135172,0.5723763529836289,0.4353251411039255,2.536100402287363,1.0027336364066037
2576,0.6594565224942139,0.6927801674010623,0.43286671980367897,0.5430042973219825,0.6723204081346243,2.5947590453087215,0.5839176868283353
2577,0.9588240464910373,0.6931202029326937,0.40198814404352695,0.6328632672219223,0.4621498195291439,2.584893403086365,0.4506809523577233
2578,0.47845837822665405,0.6580473056297034,0.5644102518846239,0.7610949768017462,0.7178266708517483,2.555197976418433,0.7795455610617089
2579,0.703313126916567,0.42030425785965636,0.7681181949763434,0.8088547667108379,0.6379004544668134,2.6205517096109006,0.7541578253125197
2580,0.6290387500310765,0.7022205536483852,0.6810887200915965,0.48440195216563386,0.6054897484015619,2.5021586900877986,0.8365935807445246
2581,0.8688287384008726,0.7000349839910369,0.7789456029197431,0.6526291801505624,0.6104382275688057,2.6316706767313853,0.5923915503574124
2582,0.7275253598215496,0.6437561665701161,0.5758302195805122,0.5539000859209876,0.8383027766800171,2.580068931460216,0.7504016887772785
2583,0.6961907377615841,0.6665195492709245,0.7551898394355592,0.5482047749227311,0.910611697916378,2.7386574312370495,0.7813352204434005
2584,0.6781000933343106,1.0096513067157582,0.6689094146531169,0.6419849668640767,0.6657770513161292,2.697432578252555,0.8763478114773976
2585,0.808006968749134,0.6351145035465149,0.7455938090803897,0.8141357077577859,0.4529328596618355,2.742308267765383,0.7172248449633926
2586,0.6805283952892955,0.7088493061727315,0.6762545592085947,0.6095824328341884,0.7627982189731664,2.6349999374037387,0.7770450402919724
2587,0.5265737740922187,0.4979703223090325,0.7096254837031193,0.8246696887777107,0.5911903647105266,2.657973394331012,0.5157393908803258
2588,0.76328301258892,0.9329476063708636,0.7424292107932166,0.6912329924584724,0.5764119659053601,2.517320668519493,0.9623639797732912
2589,1.0674559501528058,0.510757830520925,0.7271635522424699,0.93229730412796,0.649506681332878,2.579553945903117,0.9459562500953954
2590,0.5385859510156943,0.6802825984783976,0.4439440105756593,0.47547672673786023,0.5783765753125196,2.4755644133110857,1.0028020170622087
2591,0.7843955402280863,0.613374715074848,0.594920220059654,0.7864299749162559,0.5769197283354328,2.6096762484339373,0.906367878514572
2592,0.5280602146272162,0.5828762313069774,0.5723738868538032,0.6501042459411018,0.43878172168916896,2.586266474245458,0.9916758268146961
2593,0.554735976354547,0.439695258914201,0.5544419510476369,0.7878672681171862,0.361232689512395,2.534257334291473,0.8292564329619598
2594,0.7810445075082858,0.8470795085308878,0.9432443857362389,0.3991853533354327,0.47844111531787303,2.5549203677783336,1.0266363762462014
2595,0.845701928233129,0.7319130910655076,1.0646431196629573,0.44393065842210877,0.38880046427584525,2.5858683456985094,0.7861146006828826
2596,0.8169329678227929,0.3264100981589696,0.9480140767188681,0.604033922928895,0.9815104533798927,2.4028714893272136,0.7165349093808252
2597,0.9485964214271512,0.23630455780224605,0.8393992607034296,0.630132943187114,0.9945722578600895,2.516081892541783,0.42852084017067626
2598,0.4594125202258431,0.45305933333275594,0.6858192008555468,0.8807612255240348,0.8389883783863681,2.5496993874930904,0.7693000747056069
2599,0.566705878546082,0.1711654079749103,0.7968540741945226,1.0136511970530568,0.7741670689222316,2.52530914004938,0.712809563170365
2600,0.7582811248074774,1.0658790063898553,0.8579734293835021,0.6868990203536144,0.4884654661613357,2.6899065299075375,0.7800872509259078
2601,1.027015023613077,0.7764355681556042,0.7832093266226062,0.6808918227562313,0.3359198865663183,2.7502174726159416,0.6094522236704876
2602,0.4920370360103403,0.48624850779577106,0.4411759209475772,0.7016341229224204,0.5154730913849351,2.6244351660590315,0.9609794242070395
2603,0.4678560165511243,0.3267184971238507,0.4061660489195549,0.7299862472516216,0.5114007343743504,2.6507826245204256,0.8880327066393553
2604,0.8088804495135169,0.8823275311217955,0.696435089947077,0.45206737567036503,0.5726184143017462,2.587709969068995,0.7418546875953954
2605,0.7514354980506237,0.5653640208327558,0.7342879844062933,0.5053684523577235,0.5279343393397311,2.5955150706795167,0.6634034273382978
2606,0.6701233540701166,0.4456145946759077,0.6176339296390446,0.8916272453026789,0.7669956050292658,2.569164299846328,0.4027172898447733
2607,1.0265394961331913,0.33418994008779873,0.8218529475326319,0.9124605444138902,0.6806542705767803,2.5854722601604023,0.2851168645188706
2608,0.5706880828536139,0.6658746024086596,0.7993107003444628,0.30013859400510934,0.7637897535145719,2.354237197149318,0.8369832893975743
2609,0.7407481637902288,0.5986459893910994,0.896902057323104,0.5163936038784596,0.7225409102113379,2.4733039108506265,0.629818590458161
2610,0.59779776830841,0.6891714303422185,0.8349741143910988,0.5646369180403508,0.4503458490857436,2.6112912056486963,0.764953596689169
2611,0.9513501373972635,0.3754146178098429,0.8496671174904151,0.7367868852881742,0.40414785563574623,2.6224469168580353,0.537509196030888
2612,0.5109366913016237,0.5875730324953353,0.3986861860617089,0.837236061476965,0.6818209304061043,2.6331593355376732,0.9323964751083454
2613,0.604937172513639,0.5583908989005617,0.529797734757664,0.8983931822592182,0.664417157048136,2.54306816883892,0.8622022767439027
2614,0.6351217266735417,0.9757880149535522,0.5869233286358677,1.0232825268716739,0.8639219355821341,2.557110446574348,0.6886741308148853
2615,0.6872975720215467,0.7233158183787706,0.6066373501717982,1.018948730029266,0.7065031601478852,2.542766745142531,0.5476589990408506
2616,0.779070631965258,0.5950044189986339,0.7544691135282112,0.7821489883046113,1.151371346113766,2.6922076872120826,0.6383633007726687
2617,0.8038524558084101,0.567050000095395,0.783729419701808,0.7820539033419075,0.8671665741945221,2.654166315311399,0.4647889693564799
2618,0.6705937740278999,0.8424208960567884,0.783351793839353,0.8116004859080368,0.733801746165134,2.4850702909632045,0.6967116770827558
2619,0.8538133857996911,0.5808124509194327,0.76047860199297,0.945632631230575,0.4932550614450224,2.494145381997201,0.5969441918450841
2620,0.5858044741815722,0.8610632701300148,0.6990311188005026,0.39653574060535807,0.7333011342660047,2.3640722243093433,0.5897657526836266
2621,0.650235651871674,0.7245357115598432,0.6935628970789575,0.4331716311343134,0.7277668227562307,2.438696924366755,0.5175987002805766
2622,0.6920107898767163,0.6736330954110242,1.1354735971372343,0.4630619121287709,0.5911388238427184,2.512029862953242,0.5875260007661937
2623,1.0535436337225443,0.6159826514564177,1.0375114868982636,0.7479163153113978,0.5493618180912857,2.526679321957661,0.43223283422758685
2624,0.5148355429121464,0.5347435725326313,0.6253805151132658,0.25065956837877124,0.5790730630425945,2.7021987816009374,0.8176339646915348
2625,0.6235076782970151,0.3265142013990072,0.6579138566902908,0.36739697584302955,0.5322744404711118,2.7440706244565396,0.7882165697846867
2626,0.7787012507342511,0.4399734659377361,0.4106720817990694,0.5690655519869274,0.37084615803879595,2.668134681748133,0.7436273319268403
2627,1.0491451917173131,0.32069488285965664,0.44897506879402715,0.6283592773512483,0.31108056809128576,2.76975714250984,0.4634892111126441
2628,0.6280410138670643,0.9802361300802012,0.6862906423177508,0.5464890268397309,0.8072219482038624,2.581232949897263,0.8158165794983231
2629,0.5884391148702415,0.4440565337095938,0.703130778501622,0.5531120008624552,0.6305725728201163,2.6324113069397903,0.6822065530414719
2630,0.746309602728087,0.7449985353395421,0.29034668781899486,0.5130975996607134,0.5999149573101543,2.7413078902090944,0.9525057359404125
2631,0.7459547704175,0.5218608040955841,0.27887126850006716,0.5886805778049227,0.39455488979383796,2.662544495494336,0.8125819806676886
2632,0.6668347482418477,0.5853344773447735,0.4135828865024322,0.6121219885601538,0.6525160586331915,2.550659110205295,0.6288118360168151
2633,0.7821688926056692,0.3839667265138279,0.5803054621352458,0.6951735204175002,0.7361667749866165,2.5610900094896043,0.5358708468808256
2634,0.7738336581341911,0.5638219534122684,0.557314567036741,0.34134558569738777,0.4334204924584725,2.4756422353650107,0.701641696574348
2635,0.9041293233640101,0.5591570366491966,0.6959125307380495,0.5199121882342508,0.38367534259919345,2.4480422256513723,0.5714201179056715
2636,0.2814479914358701,0.8793545473854348,0.5962060277665048,0.32137164155112424,0.846574562755542,2.750495081256042,0.4058779773767158
2637,0.33830133205461155,0.540609499680139,0.5517124732547982,0.4247751665381739,0.6207751359909149,2.6552291197592197,0.3337655303547361
2638,0.8905759252620173,0.72064834435648,0.7313385678676867,0.4701516432125819,1.0793477824318827,2.6377626716511844,0.564383547577525
2639,1.2234470490468923,0.6109105152729798,0.9123361137518106,0.4631477309556071,0.8937333730182484,2.5045157221363676,0.45206388803611913
2640,0.5954579991686217,0.6926428077064176,0.3805150781882361,0.8162518752551093,0.738260747315507,2.3818704633175622,0.685047955584811
2641,0.6454659608890445,0.6910615300672508,0.49024159812702717,0.9529334580452709,0.4280543309681242,2.3874070656947115,0.5368498755106517
2642,0.4054730488237262,0.5880580013735399,0.6162717445036765,0.46249521044141256,0.8746275542557308,2.5755080453410963,1.1464776475900424
2643,0.6153114234080371,0.5161759560000663,0.7642565105756594,0.6048757671265272,0.7327527169918476,2.553693324066318,0.8486550076684329
2644,0.4268344377870518,0.521794466448821,0.7368911637906614,0.6561691134328159,0.6632596907585963,2.5399113920622085,0.7350930845150717
2645,0.3789952059361813,0.1771923346109001,0.9447768364959575,0.7663821194713009,0.4770401430848106,2.665229830808843,0.57268577345293
2646,0.5683565583452727,0.8789311591567932,0.7692499784632036,0.5514295092340622,0.7631257485932184,2.776647087007474,0.7524605369051718
2647,0.6598959042686812,0.8002909257411596,0.8890706745264674,0.6536486883620223,0.6115813202003758,2.7586223571059802,0.6025115845470146
2648,0.6102257598085989,0.761595763963326,0.378737501597139,0.7753516626398554,0.7024312262582856,2.5837244523896654,0.9742498582882956
2649,1.091674910467746,0.5941124785585995,0.6012395521146983,1.020525075408781,0.5407616561537383,2.575498005559343,0.8533988405859326
2650,0.7431622673496939,0.8232167525558556,0.6037805524660692,0.757899588189791,0.6927672383684972,2.6966983249292062,0.524491110908037
2651,0.7286363927653831,0.5242471818435297,0.8564174114260297,0.7231735264244754,0.6586842557190569,2.7772499344002517,0.36146326642335297
2652,0.8929288712929055,0.6556073440051089,0.7101506843044225,0.4620759082304525,0.5168829066328804,2.698098275657849,0.8669532601923454
2653,0.888272549686181,0.5355778430783354,0.6380727631000048,0.4252580924075376,0.4255578962160696,2.7010472690754708,0.5943937500953953
2654,0.7500790914168776,0.7449607697462685,0.7795053293386095,0.4881227892374274,0.8638441135282112,2.634189481914324,0.9836085117264651
2655,0.7299246666020596,0.5353419107867412,0.884764428233129,0.6239127821124548,0.656831323203863,2.577897735460838,0.7702056151577259
2656,0.7230168608122088,0.7595404034696793,0.8097713684491312,0.3716561904072261,0.7370447648896665,2.655702604230264,0.8192663600775247
2657,0.7956364718808253,0.6061921898957086,0.7704232630361192,0.4080060524021839,0.45152406591831085,2.6760016118667536,0.6995278199444005
2658,0.5195047935514352,0.5033463483186835,1.0121259694203653,0.5121479167302635,0.6499605093614007,2.535790558697076,1.013751389537863
2659,0.8258815851858705,0.5310445075082858,0.9896046480376742,0.805264737186181,0.5660908757666269,2.4993524117454577,0.7022038891230397
2660,0.8904468101988205,0.9311581222516215,0.4748679255810121,0.600029946573915,0.7383956408803258,2.6036006701809495,0.9192925711586587
2661,1.0724582610552336,1.0068411176181866,0.5736602929440887,0.6569721705327536,0.5954916787442135,2.6614821141674994,0.6676884999676244
2662,0.26963109195990537,1.1620767895249131,0.6390057815051091,0.6776335841317589,0.5615600063264028,2.58353699645262,0.6122018536229172
2663,0.2724552315944624,1.0921904944082814,0.7295786773063553,0.7442067873843131,0.48401921878107695,2.529742881518059,0.6189024744371147
2664,0.8535542368352435,0.39985555987939303,0.5444081588058554,0.5023067605437158,0.6189332647618953,2.4492894215229786,0.8365475705198033
2665,1.0014143969826959,0.37020758806158643,0.5646188814856835,0.6651054001467638,0.4715450417937159,2.4912910504212986,0.5665467468039896
2666,0.8131396640777134,0.5442207028688082,0.3265716960308881,0.6609595549584721,0.7324266319972013,2.684198888260151,0.9090846751333801
2667,0.9215575827577858,0.46521278070610667,0.5664962274406015,0.751748230891721,0.7820280452767784,2.715024478527089,0.6933979868352437
2668,0.8287383828915991,0.5236260500375517,0.6282322052968924,0.5801180061981984,0.6987604854288952,2.6065962722067293,0.4940973287636391
2669,0.8564451372375498,0.5833115270637635,0.7747446566333136,0.761990229613577,0.5305295219511864,2.6002839154201762,0.4527638634004397
2670,0.5534986450022438,0.7432273356335025,0.7009788884198658,0.6657988233635765,0.6125071880745374,2.6040363890587206,0.48271308365218396
2671,0.8168401737274652,0.5099358906243505,0.7874402169918481,0.7749744598983849,0.5730243643591562,2.59260673210598,0.43202216161768636
2672,0.44650449210710164,0.8473606048052335,0.5866342355886092,0.8708991435320098,0.45785939151918115,2.456512601546204,0.8016104130236018
2673,0.4808987629722339,0.5108023961202407,0.6447670070291437,0.946707343206539,0.4914109719447113,2.6064802614385467,0.6498391432125817
2674,1.0400076737917832,0.43858584585822374,0.6200465885731038,0.3399119553931539,0.29795242596432536,2.4127317761689326,0.6652777087799545
2675,1.014688318698199,0.4063231376528058,0.6615077969701788,0.42896149130809946,0.24393964164695214,2.4253899214590944,0.6171378268785819
2676,0.5634550383110869,0.6908845370329426,0.6003344347835644,0.5160853801760298,0.8043754381384227,2.640906942516315,0.7525919428357435
2677,0.717805920308721,0.7073928823166294,0.8391692821759075,0.6542494927459572,0.7884629649790195,2.6448091064986348,0.7381605548307011
2678,0.65505212672491,0.770595323810776,0.5566755739385472,0.6555592907715472,0.5732245740663178,2.7246155766226066,0.48433110538020374
2679,0.7290497412122706,0.4973615211521838,0.5941761022170021,0.7621582043705517,0.5340456401771516,2.742551773708906,0.4631105637457682
2680,0.5963296121866146,0.7366441702128929,0.9720179278813251,0.2972405430718603,0.4521745434236641,2.448211820296204,0.9162023072911616
2681,0.6895484578212385,0.5632566963503156,1.1219939350714825,0.46027060582783585,0.3669343773957089,2.3835310076360567,0.864242242075159
2682,0.8154913407456463,0.3281673473280247,0.5492344981783955,0.6593731697972036,0.48731582138225843,2.568412185230764,0.9325480331985095
2683,0.9186239845025548,0.1174737763925323,0.6257655393651986,0.7415068305533009,0.2764403251528057,2.589454464467935,0.552441794318495
2684,0.8886944932894177,0.640829543583378,0.796422864455418,0.471870703667378,0.6651175555334424,2.681635940598883,0.741884033294771
2685,1.1310688508430298,0.7108231817157582,0.771813173983007,0.5295356965424055,0.5545133962165024,2.645040704914012,0.4645762537377386
2686,0.43103717922378837,0.7319605459156341,0.40832184975654207,0.5866843318310122,0.5097381470470146,2.610645835665445,0.9094550778688083
2687,0.4742461953915994,0.5122236957753457,0.5159385790830665,0.5221905519869274,0.5293749449124572,2.630203366851559,0.7241016125699279
2688,0.5304461692541762,0.7896853242899179,0.379238113496268,0.40377967117160923,0.4141723817416589,2.570641051124472,0.7300084424200545
2689,0.4654829909567284,0.6484839333457064,0.4349557598729177,0.4935534206281491,0.361046255079768,2.5872290862084726,0.5822125769105247
2690,1.0398497388165624,0.621968077006353,0.9673492756254725,0.32143202543381555,0.7914064277535543,2.802779786841285,0.9470042577642607
2691,1.0705634769290842,0.41679205038892275,1.0252165212165023,0.43367488442571867,0.676526214084622,2.645812548568185,0.692213042592719
2692,0.8107910519230422,0.654887464339731,0.7125732077577859,0.5118787279840622,0.781681034476654,2.5957916578151967,1.030290700408781
2693,0.9617299189347486,0.5015137432255323,0.7968157102178128,0.6161109928737283,0.6963463818694301,2.6097937038275254,0.8889893648382984
2694,0.6681782258430294,0.5604251583262804,0.818868231530577,0.5390231145188702,0.64171535499689,2.5076269118093424,0.5185861488043008
2695,0.8308561702767787,0.5422279445291439,0.7933685710308882,0.6208521118028676,0.5798578357293309,2.6393776288659434,0.4358733831156318
2696,0.5219100540960175,0.9135594945671288,0.29117789385143755,0.47701386189869627,0.7824136679121465,2.541439261087176,0.6962447447592189
2697,0.5460939628060442,0.6154430046010596,0.4698508178996291,0.631785665995147,0.6336020296839379,2.597835533901684,0.5518691388670646
2698,0.6313628761499401,0.5273622822717363,0.9596782213377982,0.2503760059745991,0.6669271192161914,2.4132245665575995,1.009114549111211
2699,0.7937636350645744,0.4785010760795792,0.9220035892758456,0.2935277027729801,0.48010063813194714,2.5215991890013103,0.7288292040830667
2700,0.7363977750185597,0.946847592151995,0.5295931911742858,0.8715114323231042,0.5251272147554201,2.4903719825531803,0.5704723027216114
2701,0.6788629187111492,0.7340044220021216,0.623800506837054,0.8362163780030545,0.3755376038465169,2.614852487857413,0.580288199226465
2702,0.5341308606205519,0.528532254472855,0.6402505112468901,0.6334942635472035,0.6493500157206116,2.551824996388733,0.9678044756833156
2703,0.7386161780095295,0.41906301575212174,0.7000939232483233,0.822162966385368,0.5186797891415992,2.5633420920561667,0.6911155370648853
2704,0.5062873449633929,0.6017243457304526,0.655808575216691,0.4563210595914752,0.3157635940051092,2.499566571989604,0.8483535839720443
2705,0.6296512140846218,0.49532666334302955,0.9883712274406016,0.6074668637203007,0.23310321542621837,2.5193852951490077,0.6279264477242884
2706,0.8439828677783329,0.6980332073740398,0.6824310009259079,0.6747086536289597,0.5873838840743484,2.7420509865473255,0.9212179703471391
2707,0.8948512059681236,0.532493109853925,0.8128646968298904,0.7325645900752807,0.5303459767693702,2.6294493844896043,0.9080175368093432
2708,0.701775991755731,0.7331652191967658,0.573150662767627,0.5304044929056714,0.7307100376722312,2.609496789269803,1.0288624254851841
2709,0.6904769670876761,0.39231369325100035,0.7970602376657557,0.5084260581540498,0.6927122098664429,2.636919805949132,0.7060212557829426
2710,0.6142933598219821,0.8304208745199926,0.5378892880231689,0.6297313270059202,0.641151119439358,2.5851739009772756,0.7315492404775865
2711,0.5453186315176269,0.6006358584799528,0.5528715594321938,0.7241352921455196,0.5688470578665648,2.5802742486894794,0.631506014346206
2712,0.5627560844511863,0.8340302099622711,0.5701739435384849,0.525986744982818,0.9488736069462658,2.560864963221734,0.6782735987343732
2713,0.709742092854736,0.6285110107038631,0.7351049920432164,0.6330938441328803,0.8893532154262188,2.6399570843234144,0.6794592139564175
2714,0.6000541847511887,0.7038196925797682,0.3205690075721718,0.6927727690115842,0.9202192126787063,2.5124076640781454,0.8236528945546115
2715,0.8695048987089052,0.5917977212419697,0.5451169771850597,0.805704965202619,0.7482869659053604,2.505428836240415,0.7309400161997535
2716,0.6887846109399796,0.7660028737209901,0.5915702088442736,0.5658983123074772,0.8581226966062913,2.544260336208473,0.703990907112455
2717,0.8236584251976986,0.7156745329114578,0.7561247255870541,0.6092296435324428,0.7661307920173157,2.543512905994025,0.452097567611711
2718,0.7617200193629545,0.6553510842914725,0.7956617315625195,0.5101798196888576,0.590562257636057,2.5379980756643237,0.7434841937305743
2719,0.9916216445546115,0.5343797219447111,0.8706414391929675,0.635041015368808,0.3326606264374252,2.6280866009708004,0.5973084655539895
2720,0.7424331215484472,1.1220444544348709,0.5248937485936513,0.6375672189412238,0.6296382850520571,2.754357787161146,0.9061268387008756
2721,0.6843405818310119,0.7488709305014994,0.6176189575976385,0.7529324014883603,0.5253457088757831,2.743950527670677,0.8094506388351221
2722,0.7198245367135148,0.5104182181102781,0.4328981085118953,0.6673067880874871,0.7693000747056066,2.3775289175607766,0.42060177080081296
2723,0.7264561784886717,0.4917902176950219,0.492214452165634,0.6690630157521216,0.6223030050158824,2.411120729709405,0.18809858611264424
2724,0.6247217929764655,0.9052121047089722,0.5625255075402283,0.6780608831156313,0.6337496770188703,2.4542486114514976,0.5875588340998159
2725,0.6001116793830696,0.7544475167432134,0.8665220504532409,0.7763124068564801,0.47166207406631805,2.500997137780577,0.44177876834035323
2726,0.6415180345405394,0.8231161369500646,0.41429723552472364,0.4259049070161936,0.44572465168001724,2.3163346295686837,0.7919419159951466
2727,0.6262613942671266,0.5598089587799548,0.7144622859783978,0.5184479428676866,0.2837729637967038,2.372191080265383,0.5680949432509996
2728,0.5781767887263428,0.6498138835308881,0.42588908873281783,0.2969516252870515,0.7875399863556684,2.7201561523512483,0.7582005887651937
2729,0.6508920831410996,0.5256302927843751,0.5887970116940892,0.5394697194203654,0.734212628482196,2.708801851322604,0.8413499195736046
2730,0.493316466832134,0.6237926853265918,0.8425274654266517,0.3068357271850592,0.8748906139754105,2.723811074897263,0.5462869493861789
2731,0.6017134597067286,0.5391545204494421,0.9448129822013757,0.4562764939921592,0.8728009029266521,2.704373042113578,0.6100206178417854
2732,0.6858645401007484,0.5785812941583482,0.3488461990982604,0.6339936060833778,0.6179242920492585,2.674019739550812,0.7845462520762811
2733,0.8248931151577257,0.4970056673371764,0.4541375329429675,0.7143031542363059,0.5518290824064153,2.668559514602182,0.7266005134518083
2734,1.0139760126847484,0.3757398565625197,0.5768388417682484,0.576306593302368,0.6668378127551088,2.485182390976155,0.9656862651771514
2735,1.127082312659281,0.24646235758512175,0.8800729824254072,0.8348942493283354,0.6506099653623332,2.5250473496926564,0.8498798331091563
2736,0.8126756210049872,0.6559508671709872,0.6615792421390446,0.8053967415001888,0.4239825723409746,2.4758325805528676,0.7808309456475742
2737,0.9056184052912835,0.5688419503444628,0.7413668294663803,0.8416860443500045,0.3389358160141389,2.4830225041214846,0.7418323171645125
2738,0.37182067752995485,0.8563459662571635,0.5092385566523061,0.6311041503064776,0.7610746493797037,2.4776082893975753,0.656257821510463
2739,0.5031188359209872,0.6849056636305144,0.6917935651193081,0.6519781042617732,0.6348823067477011,2.4981235002870528,0.5502708461776511
2740,0.9100335118218605,0.6468392073105871,0.7832801734080369,0.690242231562953,0.7403313277090948,2.5482415190115835,0.6630506380365524
2741,1.1043948842660043,0.4811564673112758,0.969565810870052,0.7491103504273402,0.6149044518462056,2.418746795276778,0.5191764902854973
2742,0.5932336424135789,0.5065932777984478,0.3257452469956465,0.624981788182883,0.568745420756353,2.6367978414168776,0.9358290653748502
2743,0.628094597743714,0.30196133457895746,0.4876024482996917,0.73134860764944,0.5336791481969549,2.6864955364260292,0.9592129089021169
2744,0.5337873374546737,0.5099720363297682,0.46053673006077567,0.34072096625716386,0.6446292242135147,2.4684017924330046,0.7555493561472635
2745,0.6647354205323204,0.5254226846877362,0.647622783230453,0.42788431320230813,0.6901418638156964,2.490479573427462,0.6390836035590319
2746,0.7789591303357436,0.5679600496861811,0.8156599138860564,0.6583154728714853,0.8717884425797685,2.6644588333966412,0.5452424293515592
2747,1.0188350101284602,0.4296620650558554,0.8455760529456439,0.7173225713183726,0.7040404049714223,2.6327435209609606,0.38353942752995507
2748,0.6975488368792707,0.7670841378444626,0.6237906423177507,0.5139532191328804,0.9205783788655097,2.6439249149729775,0.9021655601988207
2749,0.8099048173885444,0.5537959826809501,0.7007324932255319,0.5471265753125195,0.7146864860042985,2.6353235562685584,0.7515032803227935
2750,0.4564237182061068,0.7781663608760944,0.7972134156437762,0.5252818373588456,1.0015102555912854,2.494567748721422,0.3870501903752837
2751,0.5637960953471394,0.5732682934236638,0.9382819560320103,0.5521373061088455,0.6497598765332535,2.524721687818995,0.45121422232802433
2752,0.7423448365917856,0.9307858517698033,0.4669800696569151,0.969370956543527,0.7093673562430919,2.460820292464948,0.7150844392887957
2753,0.7285788981335022,0.9179883037761564,0.6191577126463306,0.8232171756768407,0.7268666376847488,2.5252372717595293,0.4762910929825067
2754,0.8475790989255967,0.6909211058593455,0.633215210281698,0.19569097210442468,0.7078419533479495,2.5569309874102144,0.6991988456989426
2755,0.733212426188358,0.6977533078665643,0.735689978143776,0.25059611998281794,0.6741665406437761,2.6371255462993806,0.7027548451231063
2756,0.7547054689407908,0.837317794286119,0.6127552031567266,0.6074354750120845,0.5780355182764677,2.548232077613266,0.8087611263735396
2757,0.67713399373705,0.4834389170816343,0.6958876941773409,0.7591790190115842,0.4767803957369279,2.5781619919473884,0.6619242099303282
2758,0.5026964691967658,0.9005420078277141,0.38699702961961924,0.5689965729478877,0.8866703462415367,2.373561685294648,1.125894479165945
2759,0.7097039041404769,0.739193765720612,0.3862590408034897,0.6064759275623307,0.8088990844516191,2.3685361577193667,0.7773312440884206
2760,0.6607037183658204,0.7543565903942756,0.4302341221238507,0.4430672174394799,0.6658546981076017,2.516126458141099,0.9271641856783958
2761,0.8004554128638879,0.6326110935259673,0.49886846437167387,0.5135764395123955,0.5916406325087185,2.5379841251273385,0.8816532385601538
2762,0.5458212864255965,0.6962743383171288,0.6759402064796416,0.6910420488871782,0.8830404355186813,2.8043131865093414,0.987199985876527
2763,0.5300997568374876,0.7852716623847461,0.7491698880680617,0.7155585221432762,0.7048527282072286,2.8143299637008754,0.9250815224942135
2764,0.4964668667237883,0.7036592914747213,0.37333170676712685,0.5978072097067285,0.7608849025752812,2.4754151460882983,1.117488325312953
2765,0.767666059431761,0.45999630955953236,0.4137290892119597,0.46551726891575596,0.6318405192347508,2.5414472578600895,1.0142238525044878
2766,0.41620928255965384,0.5281049554889823,0.7750880045367408,0.45605740148836055,0.8279269058977633,2.3554591333392314,0.6924187829429675
2767,0.47808899699564633,0.46641541097839767,0.8050630828536143,0.4764329618158185,0.8138209319078475,2.5192692843808255,0.5711312001208633
2768,0.49305136410361455,0.7021793004208654,0.5842384164423454,0.4010432181102784,0.7867525722766564,2.5710008156947106,0.6082921159886712
2769,0.6007804413016239,0.7374102353654427,0.8068620083711742,0.47091115621762447,0.8149884379791416,2.610243373242281,0.48900426677472353
2770,0.5926543622185566,0.7636314680144497,0.7368663272299525,0.5265797278562908,0.7660812941583478,2.494038812627337,0.9116168324698677
2771,0.6676427376014373,0.7846786795112739,0.8487887044663804,0.673029226513828,0.7982776647170022,2.5800873911358684,0.7988324588762158
2772,0.3521943425672505,0.47066578252771085,0.3411755679315719,0.4991425853775271,0.9374281317101489,2.495799126309654,0.5392705312176244
2773,0.3330368076744744,0.2504255038335668,0.5484600131319476,0.5717564179445223,1.085663028469246,2.47097009547491,0.40001162710822313
2774,0.5975431284826297,0.45150271699184785,0.6594327074379251,0.46430664187055176,0.6483494629018728,2.589862457534186,0.91018584355791
2775,0.6456725474812632,0.3228147132536762,0.6829293219576611,0.6501728018591565,0.5034009536997539,2.6973903035206135,0.7383796473344999
2776,0.3859426450656964,0.6474905310579104,0.8747817537381714,0.6809905706156312,0.7459938053737285,2.671118799366754,0.7744976630555445
2777,0.4672393938838133,0.4348520797538653,0.8316918854478879,0.8197059897105268,0.6106751813648211,2.6504931083521814,0.7481799734145125
2778,0.8754792629726665,0.5830710856335024,0.601429051060587,0.649032175357413,0.7910209803806368,2.533070522302557,0.579832999168622
2779,1.150857805182072,0.3330105264883604,0.5470337812171914,0.7618805957304525,0.5107007590100294,2.5751589915321316,0.5048196119625818
2780,0.6882651162442139,0.7381511134323828,0.5892778945546119,0.37760282885946717,0.7277565351159423,2.609487347871485,0.43057662378530825
2781,0.8941633133943977,0.5832579431871141,0.5579823074508754,0.4536244151322582,0.5759618733696192,2.641466070551746,0.5067836229863059
2782,0.5127226877866193,0.8218796518397307,0.6772943948420964,0.7654038644873602,0.6550129165062315,2.4863686045816347,0.834314793870863
2783,0.8278666972775225,0.6748739143975746,0.765027507987861,0.9495699194138905,0.6289828752870521,2.4997930628828806,0.946663623849194
2784,0.6471667369306393,0.5547542607677488,0.9765046548432186,0.7459816499870497,0.6480843601733531,2.660310697340975,0.8708609548177509
2785,0.6141262313069771,0.5157164220660071,0.8283980995014327,0.6760357145633304,0.4811476242963927,2.6314848406821936,0.90601244782055
2786,0.5862804247824425,0.771339864774413,0.6065541727372388,0.6599741494435897,0.7926858585753477,2.671440550485184,0.7961620956031149
2787,0.6429044578531811,0.519197416090975,0.800368572532632,0.8403501404007511,0.8770625836206741,2.658521213221734,0.742135608607291
2788,0.5286035243792702,0.8432837386559822,0.49233190755922085,0.540433528150251,0.7099388149276519,2.3746507709285853,0.7361731518716739
2789,0.5924461557384826,0.8203946559301387,0.5901088527285199,0.5935638134259078,0.6357594504087808,2.4850103302014976,0.6163922644105251
2790,0.6163941321569149,1.020689985652495,0.5060132239575396,0.8293426749097806,0.9180459736704869,2.365240153501621,0.9242334766739744
2791,0.6204609585244124,0.7316652512457682,0.6173772468044227,0.939629519650873,0.7770033639434671,2.353207050772668,0.7142659870264676
2792,0.7090856615853105,0.4016703036803281,0.6782547159377361,0.465534954945522,0.8311516402090943,2.5335787078536147,0.5979400602627061
2793,0.7789587072147584,0.3621012380171268,0.6444744263476392,0.5860900795945844,0.8662230928866788,2.5782913548691195,0.5432238129467658
2794,0.9819771378448952,0.8941072633879228,0.35710385937435046,0.5192955655669403,0.33085514877235783,2.475090505719057,1.0106344213632663
2795,1.1498202604159453,0.7002842684361812,0.4588527938069771,0.5329818142249104,0.19369821376476093,2.506382182067562,0.891158693091286
2796,0.7468777490408504,0.6095616822911614,0.8728576239126464,0.6644871575915967,0.643351238017126,2.5025874336970775,0.6510992681167532
2797,0.5617963617389826,0.3904626284821962,0.9682280391744081,0.7804184434426564,0.4749471922603406,2.5654989143975753,0.6030633141929675
2798,0.694395722999256,0.4753582498398533,0.7918180837165022,0.8910675188838131,0.7166959088693079,2.6441300569397903,0.9752182487529323
2799,0.532194575408348,0.34424243986376596,0.8569570582813875,1.0226634380745367,0.7088305986385446,2.6495828834989448,0.9607184074962015
2800,0.40647980326507216,0.4809053151197413,0.7461935919599049,0.24950950047870862,0.5928658810704271,2.611671472903428,0.4092181240727931
2801,0.5596687098345,0.240835850363455,0.9004573857677485,0.280531988081012,0.437509689256853,2.535808419989293,0.235051408166567
2802,0.6406956715229799,0.6729440060704277,0.7797938240024327,0.7062399251657557,0.8257146319333153,2.7253130858571017,0.6273475906502509
2803,0.8498669040765914,0.5116877844127684,0.8953474839910369,0.8015389678547357,0.568217330904238,2.6193858234274616,0.5844098788335667
2804,0.6004315627551089,0.581226397749756,0.3743538563708631,0.6678505209605269,0.6662672003125194,2.5028208998588455,0.8259651131453303
2805,0.5738516596363675,0.5712061329239746,0.47126003476413897,0.7879048584480101,0.5223125165191814,2.5895357741561047,0.7841709170812011
2806,0.6443569709540523,0.6522865032266538,0.9899713878764053,0.5504736972770892,0.5344407042108383,2.721119362697699,0.5620813687685595
2807,0.602562702293838,0.489738943219057,0.7635448029456442,0.48804803169676625,0.4147378866621463,2.7589410437111495,0.5255009298626441
2808,0.8221330223025568,0.64465839465044,0.6506701013864903,0.4234817851793952,0.9092778369759651,2.5698720967211117,0.7064323133624549
2809,1.0050239076874252,0.36214682512086327,0.770467828635435,0.5339565089785201,0.834089572340542,2.6035774535080964,0.7089692276961439
2810,0.9491809844067263,0.7318931867644499,0.24264830329701498,0.588187364295271,0.8813538578726067,2.3398197596812613,0.8181222459415347
2811,0.9006103884833182,0.5135690411229176,0.24287726032011672,0.6584943336521842,0.7885873956410989,2.447843883690601,0.5844371815241016
2812,0.6471111100451491,0.6434959961012487,0.5257908691518729,0.7570217735491913,0.6508846847516216,2.5480150281183085,0.917868980636179
2813,0.7911969519105249,0.43480998028437534,0.5891277810898526,0.7196949985293329,0.767618006198199,2.542466342950565,0.8249337700018106
2814,0.8842755485996935,0.5347708752231666,0.33906926495355205,0.4047135358186841,0.5866654490343755,2.4930870866880466,0.8095958200402282
2815,0.8230789697402259,0.25723124939222086,0.5581418623139525,0.6052127381448976,0.4833937530988826,2.5082123210308875,0.5776558494051718
2816,0.6437532773193058,0.7658861919732886,0.7283489196059799,0.6495436732802659,0.6051141655479475,2.5709860189157556,0.6164996800223579
2817,0.7458258306167536,0.6760872554311388,0.7959239450402286,0.6693184292237885,0.548601283581823,2.5049534840229803,0.3803590109594051
2818,0.6244832192925942,0.5318208603011245,0.714385660691346,0.7172422831346237,0.6278393595344972,2.5718426598923423,0.5787241844960792
2819,0.6346315776771512,0.26302964212609437,0.8004804972831313,0.690866252619741,0.6763574656817606,2.522826057450875,0.7172496815241016
2820,0.45538183956376355,0.9223836086720426,0.7507230167747233,0.38942814822933086,0.43120804323157436,2.5605873545816342,0.9089093019869277
2821,0.6052250687940274,0.9277196508171287,0.9572214199254079,0.3990553920302659,0.3782155407715468,2.578066308601248,0.7970378672348731
2822,0.5826392775109623,0.8694999664492531,0.7875697551760296,0.8188955342211115,0.7598042368352442,2.6224335647044854,0.9917129940245344
2823,0.5960815971044251,0.7027657311468306,0.9401488390841889,0.8823696305912858,0.9010877837095943,2.5548493457304535,0.8357309860038654
2824,0.5471785393013133,0.7243365233571016,0.5758023185065423,0.838698862218124,0.8574771513605893,2.5265885708711733,0.7321093900174378
2825,0.6029801367584078,0.49644840704813653,0.7801512977052956,0.9473056814606492,0.5656654445291442,2.5389978548371754,0.7878348579045491
2826,0.7658430709993777,0.5323239383300788,0.7911076454494423,0.5822471027280871,0.7799063471363676,2.443467213732818,0.725298113815696
2827,0.7628039974747882,0.30482059841451214,0.8845348728265914,0.7362248680019325,0.8225886454813852,2.45727049466339,0.5220404385221689
2828,0.7717706513925319,0.8578366680722936,0.6663758126912234,0.32471467749801214,0.8091254000824453,2.635968503130826,0.6484471892568525
2829,0.9012762611510619,0.7800599482353728,0.7065947574763433,0.4616888409696789,0.6639473354737886,2.643070740126216,0.554621833332756
2830,0.596239882604547,0.5776117069268405,0.9526176606909126,0.5409528475835668,0.8172621173307008,2.574016745142532,0.8702706133365543
2831,0.6657124061533052,0.48225703735237013,1.0070380149535525,0.5826517834225422,0.5494133589590943,2.5791143162701142,0.7154275393336889
2832,0.48236956048630575,0.8423710476729196,0.390136368225099,0.5946791802459572,0.7897598339720446,2.5888466848155076,0.9418844914682463
2833,0.6394881089910368,0.60768799923294,0.617863061924597,0.6703931411997535,0.5381763380615866,2.5869054673436525,0.8500562277600294
2834,0.5791147393910994,0.777110108575781,0.5993201066902907,0.44932803335822347,0.5009435539039272,2.6613948507152587,0.6149605018526816
2835,0.6539213647424701,0.6380930905220469,0.8587105719576614,0.4467196738556686,0.500033081192157,2.700235792081635,0.5146055643846239
2836,0.805992015241037,0.5269731720021217,0.2536705655669401,0.6601476548436517,0.8120006574638259,2.4194864039807626,0.9254423085688726
2837,0.7969064613043003,0.3729118061727315,0.27981066379022873,0.8745060128444623,0.5944194328980743,2.512619781313453,0.9156661480700499
2838,0.9811046785849331,0.4444497299968904,0.7791225959540521,0.8084126709480096,0.4332915526577261,2.714582805885246,1.0822021140077858
2839,0.9451277580513133,0.35114038113431334,0.8924545405798899,0.8599567463248481,0.374627554255731,2.727426364103614,1.0749105533289578
2840,0.6128348929570399,0.760305271855358,0.6980282751143877,0.7193514753634546,0.7454802644420342,2.4683338348983863,0.5417932471557935
2841,0.5891271827064175,0.38696088391420125,0.6163099332179353,0.8232173509392912,0.614772199673664,2.5881809874102144,0.5145386283544251
2842,0.8080650617644504,0.7465387350136391,0.6515339654901041,0.6640103607487562,0.4299867054250965,2.411090537768059,0.9046392013990069
2843,1.037470584195644,0.5494187143397309,0.8094491942097163,0.6711984891670669,0.3874179517184352,2.429866185518249,0.800597106434748
2844,0.4484089654901039,0.7385993382217331,0.4762444843743505,0.7347216602752239,0.8223071260860543,2.4470309620713597,0.5929784042043628
2845,0.6234957707688702,0.6481184628699297,0.6508573820610869,0.7554647340872989,0.6595546719701789,2.4906882030285216,0.4783275706795169
2846,0.8878275646725421,0.7337843079939026,0.7516084050672509,0.6670733219257187,0.9335015542881069,2.461261541985807,0.6113318604927809
2847,0.9684705962095943,0.5186968041918459,0.7665790168066664,0.8247563538465172,0.8533263739126465,2.5045405586970775,0.5532814202448353
2848,0.8126456043260919,0.8981141289937137,0.4640657773193061,0.5194427897808876,0.38095224169141234,2.5369476018656316,0.7661734898702413
2849,0.8791340102562307,0.8490558502037412,0.4259336543321346,0.5657254052908505,0.357205073363577,2.562106205329269,0.7284113464975127
2850,0.9171303934366144,1.1258905684107139,0.3135308173561685,0.8161943806232285,0.8552146058912882,2.63861522661009,1.0233127188130196
2851,1.0874243636559826,0.7447283250889201,0.5233034526771516,0.9284643670432158,0.7184475547991915,2.6402792585628303,0.89547906518406
2852,0.6189981577832537,0.5362808829559177,0.6950599757791441,0.7796531519359924,0.6060108629851841,2.6587581670177483,0.6887880985742258
2853,0.6359709692606513,0.44921202259004206,0.784041131038485,0.7903863211586589,0.4094708961521836,2.6181088587354946,0.7942981018017463
2854,0.35961713391420114,0.7741139081665671,0.5244644066009374,0.6032204029262185,0.566832352217002,2.5432525602627063,0.6796834139823181
2855,0.4461634350710495,0.5687388686088458,0.506687939640166,0.7105387730696167,0.5058883701744751,2.5399452469002517,0.600992135415945
2856,0.6397318627930937,0.5887861256703654,0.621399507572604,0.40455338257217155,0.760664613304612,2.4952484181681216,1.0549127941264054
2857,0.9805841623847463,0.4885888753189947,0.7440694276896685,0.4205572052014974,0.6265985405479476,2.6611018469127683,0.935327184112766
2858,0.5024773766929678,0.7802999665446487,0.3880261544918483,0.7055087363556692,0.8024114271146986,2.498146892222356,0.3896035213757831
2859,0.38628718973599496,0.5672740248588454,0.38964230847347703,0.77858626147049,0.8488601496352459,2.5025829245584106,0.42289450821145985
2860,0.6536883217016863,0.5300262686597801,0.48531422002771124,0.6343722534502537,1.0077277026775846,2.4565963773641992,0.8391717483057334
2861,0.7458744822337512,0.24659622964551986,0.5786402334156342,0.8322427688518705,0.7599699933209279,2.557588688042594,0.7060060358830026
2862,0.4190145393975746,0.5782279064731668,0.3155638074189329,0.8135100668131419,0.4838220735871763,2.5450173830836897,0.5660194305977609
2863,0.5226782348534924,0.53592485387846,0.574664158134624,0.8926547502870519,0.28957280115598216,2.5625731376528056,0.42337725881837285
2864,0.6014799935449601,0.7272360189157561,0.7841596079364918,0.4990877321379225,0.27951723686675334,2.6305696835693055,1.090483166219179
2865,0.6079069164742883,0.6020321463118977,1.0910823507152585,0.6035054099557958,0.1904720348280246,2.5923449417492552,1.0342507821439646
2866,0.5400902528429073,0.460674512876405,0.8029111927718583,0.4942921830901639,0.28272453300685285,2.6208461580387965,0.7536954021276489
2867,0.5504767617903505,0.41305003965311643,0.9430785265841888,0.70147992343998,0.21998307007217116,2.573171165452119,0.7437854421645121
2868,0.7117865673246588,0.7062576111955219,0.6721965758559797,0.7579807226155097,0.5555780684107139,2.589050980540351,0.6715908392123928
2869,1.0111161504657589,0.5096896706924676,0.7580536124097809,0.8047439731274603,0.4784509798371763,2.619040257252744,0.6042712998458954
2870,0.8204188941074129,0.6522904139818851,0.7299217773512487,0.7483164868671864,0.673541921203552,2.498915671363266,0.9110616151896685
2871,0.7856160317925944,0.626840426603614,0.6487693634962686,0.7766707268013133,0.7297739547538651,2.5655083557958935,0.6847789421010592
2872,0.4594579320671289,0.5010576969257184,0.36567238474514635,0.6315119681102785,0.8337977653049226,2.461915331862955,0.6981518595344975
2873,0.7231008118926543,0.31615312739570867,0.4956919585563555,0.7785199238237261,0.9224136253509376,2.4717370068694304,0.5149936531498182
2874,0.22835571961202217,0.4754399826490074,0.8359428553806367,0.6396655251463309,0.9479167734848729,2.682968955297325,0.845432914749378
2875,0.2571078402345622,0.32945375341831096,0.9758414235677508,0.7048038287316962,0.7929615994690571,2.698566229485806,0.6635367010152609
2876,0.5994270991811391,0.6192876739514972,0.7497068209350595,0.41520975124533543,0.40372999805019116,2.6716111666344347,0.6831564112343732
2877,0.7528968541663781,0.7391792168001909,0.7533771386434646,0.6001629723923427,0.33837668797870857,2.615882035850627,0.5582687591058584
2878,0.7676245583457064,0.8639397968743507,0.37072359512310615,0.4821163652859302,0.5697566843363658,2.4669012260985714,0.7623758522489452
2879,0.8475454193500047,0.5631819388096541,0.6320663391485073,0.6679704424839403,0.37373603693668106,2.44887011931202,0.48109361729875827
2880,0.6870070343488828,0.921197818187547,0.7378188994112131,0.5428258596622687,0.9645536354483204,2.591941457821671,0.7057849003703635
2881,0.8568213184745989,0.43251417836046724,0.8731360061986321,0.6759708215419723,0.752502037991226,2.585286424111211,0.46937180278549706
2882,0.5088568447721693,0.5909068023063551,0.7768518058533032,0.7893210505810124,0.40371809052204677,2.4162598019230423,0.8744713117644499
2883,0.7721492987594076,0.5341928643910993,0.8725528878444623,0.8416077991750964,0.41933322600274403,2.5078266983955206,0.6332049226414106
2884,0.46170321462764863,1.001931002427651,0.4177622360038652,0.574752019970301,0.2209487465484478,2.391157671586866,0.7710156475261568
2885,0.5809701380361186,0.7859383812944599,0.3457544906053581,0.6482919682699921,0.12258554591563398,2.4414491957114604,0.6374234823615225
2886,0.8234793891545494,0.48313400575099963,0.3539470825976392,0.5551571463118976,0.9241638992514994,2.8093331834415345,0.605863215650251
2887,0.9697432270253452,0.2949964572782113,0.38740315493948035,0.602826958780388,0.7289819589401015,2.7261072999421563,0.5495599847896067
2888,0.9367618359214204,0.6992820231335024,0.7633178889313831,0.7973011022170025,0.7188629462549203,2.630861665867376,0.7203871523831914
2889,0.8663339961327576,0.4847395215674396,0.7249262664548626,0.879714064097139,0.709742939096706,2.587898869631448,0.5545930860168157
2890,0.6327096661229176,1.0007507425862436,0.807741866020614,0.30877447852708984,0.771720132029144,2.4728989822976364,0.9207376858700524
2891,0.7861439463822586,0.7727993531437759,0.8768621986510619,0.36420796411613165,0.5662116435320097,2.591625660467314,0.7947416421899801
2892,0.7345251134647586,0.5366248292427807,0.4250156079684353,0.48296007722995254,0.8478374016480742,2.5068669756833155,0.5959105578341886
2893,0.8817205977113374,0.47584839883624364,0.4445801144230419,0.6172035661419099,0.6102041630236023,2.503162978399318,0.45165156109365157
2894,0.8952686404326939,0.8741797525873654,0.3954070216317584,0.6836019946314473,0.7762300756638905,2.42188919839552,0.606694421682694
2895,0.7610641864769649,0.7835807508624549,0.47999304725766356,0.7025963117644503,0.6379786996417214,2.5222659079110255,0.589267008530888
2896,0.7158854533798927,0.6428812411803281,0.639139055182072,0.739842024954674,0.7464736667298304,2.5721449298307015,1.009778801891099
2897,0.972888096273913,0.32727311602061365,0.7840585692097165,0.7160486711396667,0.7714421002680593,2.6179146027924056,0.8303282556871139
2898,0.8518705484399794,0.7593650303232264,0.7351388468812586,0.7988269282331292,0.6631580536483851,2.5556519797094057,0.7783776318694303
2899,1.1878825581221064,0.6128466252227334,0.7669184539548629,0.9064713833711738,0.7920926278433404,2.4916128015397287,0.714964940886368
2900,0.8451313157905398,0.7107613532076618,0.5004698215743483,0.4734139678547361,0.6787076977242883,2.794881044893464,0.941657577453985
2901,0.7713408862788332,0.632605986003865,0.6564781833772162,0.5602477421709873,0.648453143020925,2.7519792309236637,0.955271607297204
2902,0.5674317119755319,0.5577973176436535,0.6768816447786445,0.49668145008892006,0.5516549786229175,2.5009817426181864,0.6252575290765919
2903,0.6283120703596562,0.5143047390716712,0.7527137321055473,0.599420299175097,0.4072976571439644,2.648180641902928,0.5110259977627061
2904,0.787978594484251,0.7611165735867433,0.6716775042811989,0.6068718378379874,0.8457534691009378,2.3972262745713597,0.6419062985681842
2905,0.8740485219192434,0.6096614516549823,0.7263114204045494,0.6556689246546715,0.7827438389244747,2.550357686508907,0.6317479004018728
2906,0.5141940836841267,0.5742814247500666,0.4761914988811369,0.8120694612404152,1.0531304605381067,2.724844110524724,0.787268929863077
2907,0.6139408183787707,0.3304765014054823,0.5987827507023086,1.0000608070036767,1.110151425388922,2.762704155514883,0.8313964155155722
2908,0.5914552195805121,0.8894961057639502,0.3397423607483233,0.728686489007786,0.9677736853585346,2.4701050346044244,0.8151044487473232
2909,0.6147601168830696,0.7084715050478254,0.4503066388670645,0.8006198999866168,0.6630258014758428,2.443380548664012,0.9268923555399173
2910,0.8546550547348729,0.5829828006768403,0.7558466938259698,0.6347188411293931,0.8317316940500025,2.4658846071379226,0.9923914451999424
2911,1.0002764118732288,0.33675415711202233,0.8743678069078479,0.7237024625185596,0.48335845363543534,2.537115576622606,0.8231949805084079
2912,0.7865287227756564,0.7872235906178754,0.5095968765971394,0.3811943030095296,0.4591289578216712,2.431383168519492,0.542601659636368
2913,0.7824999098599674,0.6333160011499399,0.5880058621222959,0.3834819328980743,0.2918828014754101,2.493341303392843,0.38753600549545764
2914,0.5674803635925297,0.6000632030285222,0.49427372341451203,0.41775790212764863,0.5135715072527431,2.6976878164617717,0.8509021579753434
2915,0.6959392350451491,0.48696243369707715,0.7143374321953329,0.48273689870847225,0.5095541787442134,2.7178356891290814,0.6950236548112754
2916,0.5576630224622708,0.7597465669409129,0.3862625284377364,0.7695559112982588,0.7580899333776493,2.4959091833137634,0.5053015163275243
2917,0.5447987137008755,0.5606592228714846,0.5281688270059198,0.8644736652280869,0.7145653677140148,2.553877292369119,0.35633448185000505
2918,0.6842999269869274,0.7123327663275247,0.8092056882661938,0.7630834012651936,0.6968092281752857,2.6916208333651315,0.6075469766415993
2919,0.7283914421964547,0.5318752904197431,0.8425254224178106,0.7154105242834425,0.5605403228524928,2.7199637641545498,0.5302980987982583
2920,0.7552395125569776,0.5930221235617087,0.651801111227465,0.8455809852052958,0.9187196678486934,2.5853775983186837,0.8124398639758433
2921,0.8299648282201788,0.5624645252741018,0.8093015468747835,0.7909678196249723,0.7931622322972034,2.6180762006643237,0.6396476638541141
2922,0.3554634672154478,0.5882210438708626,0.9261976629601492,0.6592666004273404,0.5223104735103405,2.537971794478208,0.8633812672223555
2923,0.44027633425952944,0.43979689602441224,0.8206080425284002,0.7770532123273357,0.3518929188708632,2.457403768340353,0.8032352347576637
2924,0.18722612685268117,0.6829361219637038,0.3785083693115868,0.3596082908993185,0.49569442468618136,2.4003582147873628,0.3805017260346861
2925,0.3438736570161936,0.6448552919858058,0.3905003940754699,0.47193968270641806,0.29469112282659166,2.543995656600938,0.18557587017447452
2926,0.40500840736756427,0.6935411250315097,0.5678579894549847,0.8676659893267811,0.7204976325082858,2.6937187164492533,0.5210509469896045
2927,0.44451522140168404,0.5948060770378629,0.4695522834540517,0.9658991560583431,0.5612148632726696,2.698910175772669,0.3651869927459577
2928,0.6682174360617087,0.7610379052908509,0.6410556113556689,0.6988888268462061,0.536636736770925,2.579500960409903,0.644809529619619
2929,0.8653664519100915,0.750650126980453,0.7403223094317607,0.6401504940245346,0.5410327126463307,2.585932815598883,0.5130431695420946
2930,0.7379599220025549,1.139658549877838,0.4370060128444622,0.7625598205517458,0.8269326573679975,2.646506570168433,0.8759649028303903
2931,0.806433089499445,0.8639389506323808,0.3823686090868653,0.7250572492644497,0.6295721952638279,2.713703371356791,0.6460365733316342
2932,0.44178923124309194,0.6708639842785226,0.822464214819306,0.6170138193374873,0.6891938007731018,2.8226833073231044,0.9247509283609004
2933,0.4884718430463927,0.5792907109209875,0.7624922861381117,0.8409796921006266,0.7603566374607162,2.8072537600330647,0.8187136089271516
2934,0.5942652334156339,0.9468862039872388,0.6369296704684352,0.5705398371352461,0.6101138350580992,2.702370419254609,0.802272199673664
2935,0.7730625881259054,0.8715223183468285,0.7430037339910368,0.634897278789107,0.3292223302653827,2.7068590139628923,0.588831712774102
2936,0.8833778296580366,0.48876033771021593,0.6487367054250972,0.8236797741241616,0.8525308904646359,2.5168506716826937,0.6793392924330055
2937,0.7764651617135145,0.4143235167108381,0.7408498009004402,0.7564643379977015,0.7570969542108381,2.492645414046204,0.5395976377166919
2938,0.5688856697018081,0.7594133314153232,0.4615092065430941,0.5107142864260299,0.7123132851474524,2.6203276848474504,0.8195583423755943
2939,0.6611429248778379,0.8707902832947709,0.5561566776262167,0.5689990390777135,0.543017226354547,2.6909524945675614,0.6681533892823203
2940,0.6126628321823829,0.8009476048691192,0.3416246389628929,0.6890172308597785,0.7782733533669423,2.402296966129393,0.6116406825786463
2941,0.5596181904711117,0.7439529938005023,0.4449766230821338,0.7176085998523704,0.7362398400433384,2.438543746388733,0.49937664992273123
2942,0.5090615636179971,0.7353265506768403,0.47532397188082587,0.5437012081730421,0.9443768402026186,2.5026623665001893,0.8554809053866793
2943,0.5443515104159449,0.8485587259388583,0.5582782005041759,0.48925559422870873,0.6683597280160047,2.546532746197076,0.605834891455296
2944,0.8524327409886715,0.4433998545816341,0.9729944903813252,0.6608813097835642,0.511050834323415,2.366218160627028,0.7238433098474499
2945,0.8926701454494423,0.2614418123394203,0.9014380342854306,0.7750270222706143,0.3254984286803278,2.505674808313763,0.6687626135601538
2946,0.7345278274531191,0.634359922801124,0.4092661773063554,0.7103568477756566,0.27040251249309133,2.6845265931426536,0.6835052897808878
2947,0.9000955781886685,0.4059894790062314,0.48816753009919367,0.6865955536483853,0.2123787765522456,2.8143537787571637,0.5839221959670022
2948,0.8011931538214825,0.8938637574444002,0.40803293197173385,0.39737392190629295,0.6865746278429078,2.6443353741690543,0.7141674144295171
2949,0.9503253464012509,0.5424207558468281,0.6148578432380495,0.4747311642698035,0.741408681077336,2.542324050996268,0.7744286840165048
2950,0.6670677912826315,0.9115435195546118,0.5185128358890443,0.9523802837739127,0.7000220549584724,2.6477404138864906,0.7181687493922212
2951,0.5222371605950841,0.7141351794793307,0.6131223661164428,0.9532927994945244,0.6562954118412858,2.602216114614699,0.6563623478714845
2952,0.5980669570546113,0.5796059098919097,0.7298626628315124,0.7095478369116467,0.38344476568823616,2.6071520878703627,0.6291038183148849
2953,0.6176686307190572,0.43574299868947985,0.7788689776326914,0.758486442036741,0.38781505876096284,2.604665940758596,0.6226842937750343
2954,0.5907476705642634,0.8817205977113383,0.663701961783875,0.6404770021401662,0.7991174659057934,2.569032893915756,0.5871646163080992
2955,0.7431137909951464,0.7015351272044852,0.836737317324226,0.7872609330901641,0.7879820821184971,2.640611895704985,0.29198257083923107
2956,0.40517655738698943,0.5283651259578508,0.5167816926436537,0.7106864204045498,0.698124381581512,2.527249934400251,0.4944318336521836
2957,0.3700960864320718,0.45201541168157205,0.5119530624037391,0.8217638163340003,0.47803516526046214,2.5599631582623954,0.35268262381725085
2958,0.29022863404197247,0.6314261492834425,0.41095955495847275,0.3732370449254079,0.9293372494241643,2.6755219257731016,0.7621737747953929
2959,0.4956880478011239,0.4883093989325048,0.3849775669728556,0.43643046814222125,0.73779381499197,2.6327002247245996,0.8301134970595319
2960,0.6153838900813231,0.5837441814282733,0.9978879911164429,0.7024172757213005,0.7483579879532409,2.3479852242454573,0.7011324895188707
2961,0.7932500941328804,0.3000186724816965,1.0374596981719204,0.7294936321254053,0.7677602981524949,2.436876649922732,0.4654805248269026
2962,0.7897374635411615,0.5259668406817606,0.2837561240089078,0.41305641653817393,0.7289257336711765,2.537315961592219,0.6176279758749724
2963,0.6368216564731665,0.6399353122759672,0.5330814083262809,0.5004544264119578,0.8060531727696144,2.539834591512707,0.5393031892887956
2964,0.5011355189796416,0.4047864256129545,0.7092384164423452,0.3053593990279002,0.28830281173250705,2.5306970735871763,0.9664956991621466
2965,0.773064455872296,0.1939019111061689,0.8499085804250969,0.4974290555658182,0.19105804243300467,2.476636659157226,0.8685045211526169
2966,0.8041766730566667,0.7387940172858083,0.7170891051566042,0.7187647967789552,0.9797883284118356,2.60212060653101,0.8274897423945871
2967,0.8687180830133285,0.7395759007217335,0.5976456118348101,0.7602629971234172,0.8324039436028036,2.6439534870264674,0.6449212065115848
2968,0.6067013969511865,0.7418025483441513,0.6589093019869278,0.554600061285308,0.4219674435704276,2.592885785371485,0.6926826163085321
2969,0.6246136037187457,0.6695588706540494,0.9569080887008756,0.7817529027665044,0.39776363055934294,2.570487274763016,0.5617620837799546
2970,0.5865385522424702,0.6519335386624574,0.3659350213438402,0.526053257892032,0.8647241464401018,2.6635859510156945,0.7002928635925298
2971,0.5701353317032412,0.603988335825159,0.4490713505236019,0.63099987180399,0.7671728459221088,2.6503150938134525,0.4847430092016861
2972,0.8524705065819449,0.7988967535141392,0.47221278220785035,0.40737956521556934,0.4931945022998804,2.6857132298691195,0.5765240659183106
2973,0.9262950387902288,0.7882483816138875,0.6572214549778979,0.4532342833582236,0.4766723817416587,2.691550832821671,0.34744191449340295
2974,0.6024029721683106,0.6795821999930921,0.47092841912640493,0.896258978207228,0.49414742500604264,2.497612425485183,0.6572307211137658
2975,0.8468554837674371,0.5456557777984473,0.6517382612149475,1.0298783734663135,0.3345030960498805,2.405598924111211,0.5449381164043606
2976,0.7242154050668179,0.6116540347321963,0.43797908771021565,0.8849268723470172,0.4303035242838755,2.6555266327003753,0.7242958685130171
2977,0.9611793860556667,0.4631512185898533,0.5669126404007504,0.9403841003962637,0.24164486122746465,2.7095611890651967,0.4606611607228554
2978,0.5784256500505017,0.3820107122630167,0.883907787256542,0.5157531661548601,1.13232506499197,2.7416133999231644,0.6251345430399177
2979,0.6688866211012483,0.22692906457628048,0.9139943672029304,0.6690566388670642,0.8025397685320095,2.765085425740726,0.520156715682194
2980,0.8570592937750341,0.40797628358182303,0.6242224504402911,0.6689098377741018,0.44153790378910696,2.6707699208202387,0.8132805114066043
2981,0.8826714774086593,0.35244422539583053,0.7426255097451463,0.5912554329943358,0.27470527115218374,2.572573250318995,0.7133965922797659
2982,0.749257749903739,0.41159506042242,0.5179997180783356,0.9266165420501241,1.0175253873653205,2.495215161713515,0.5927196783609003
2983,0.6887320485677508,0.2669726362149477,0.5653352735168158,0.9621303383490717,0.866641971976654,2.5514993345150723,0.5272062150429051
2984,0.6381357883749725,0.7553391066583482,0.5038461139758432,0.41394078332628065,0.9163679911807612,2.4985760589526196,0.6938300428163179
2985,0.5398598511944006,0.6457862673820698,0.6352030363617113,0.42071633694358923,0.7495089020952733,2.4486594467021194,0.6385041481015596
2986,0.6561416354798304,0.4678326246158209,0.8187096981719203,0.6570360420496909,0.3797393237788328,2.5876678695995055,1.0234200618287683
2987,0.7478504007856193,0.4450094564157561,0.8889368024660694,0.6706032154262187,0.3528565523382985,2.5503047010156936,0.7770678338438407
2988,0.6856699336327585,0.6182669689731665,0.5548483242260323,0.680490980220923,0.7131680583776489,2.7245878508110866,0.711750669477776
2989,0.722876787129204,0.39220261474246976,0.6613849861959553,0.8578508664678133,0.5971433800478253,2.6597907795242235,0.5170917114963907
2990,0.4738100533928431,0.5887306740473256,0.6996286108126416,0.5480006544603386,0.7518854153239152,2.6322199402475124,0.7937523259198653
2991,0.7457038660844999,0.48063654949452445,0.766668148005298,0.674604127267937,0.5807888111255944,2.456903156441223,0.6153233309361812
2992,0.6248378037446467,0.6044289869625818,0.7780435501018703,0.5965487046904127,0.6855393013480718,2.310506044893464,0.9008629127041743
2993,0.6791269999352488,0.6207777773831915,0.8600528527919723,0.6227828663719847,0.5917123255361193,2.3800109786548593,0.7045985115024325
2994,0.5696464520698055,0.8475550360107736,0.576069464243903,0.7298027020698055,0.7376718504597163,2.7155653221493186,0.7503815366176864
2995,0.6253096683278355,0.5166775894036163,0.5088498695036766,0.9529628037446468,0.5495659385536787,2.6698746680084082,0.7160862614704896
2996,0.7645088595340647,0.44403374015772595,0.6485502709924695,0.7702427823675644,0.2422893849687458,2.6803515775174374,0.47529131380965395
2997,0.7100098369755319,0.3667922607038631,0.7762881686792066,0.8573984830646967,0.21498424680398975,2.627851690183626,0.41106263669408927
2998,0.31991666232042737,0.791848275657848,0.3945195903303903,0.3846900938134526,0.9405256187046735,2.4786066239450224,0.9835711692541768
2999,0.3467156579429675,0.5046068963438406,0.3826055628828804,0.5139115427843756,0.6841527027729797,2.422292682323104,0.7971197753064777
3000,0.7416974235996939,1.065941433281388,0.2842275654711116,0.7491575574189331,0.5984036802144477,2.5296630164552956,0.8282617613112088
3001,0.8627125053038005,0.9263487979293283,0.28857693273836027,0.8954634947592188,0.44310174325704177,2.5606914578216715,0.6898032729094699
3002,0.878212053137301,0.6617338647424702,0.6873378037446467,0.7670126926755967,0.503136098829768,2.5598189985617092,0.7388555979353706
3003,0.8843578797922838,0.5870481824189326,0.7379924048112759,0.756392221849316,0.36222073641955455,2.527669236611211,0.5901573290830671
3004,0.9017777192921612,0.5136216034951465,0.6539581088313233,0.5695101138795818,0.8045589833202389,2.627351078284498,0.8200371822272761
3005,1.0872834437310077,0.2199196216762183,0.8061357518207387,0.5325635335183703,0.7640616562491345,2.648502217758908,0.5434558344831293
3006,0.7411912810574773,0.5296882761369899,0.3556835812236659,0.7079975974557958,0.8661965638420303,2.625950106051435,0.8145486330836885
3007,0.5627556613302015,0.5297422831346243,0.3456910422094054,0.9743946163724178,0.9863674078147627,2.70651506767603,0.6871676107163804
3008,0.7030741301117115,0.6259308001338134,0.5250904706665667,0.5230802741556715,0.8081523252166909,2.579324988880015,0.6199646805015002
3009,0.7559548830836891,0.3314167429376143,0.5897934784951465,0.635282055182505,0.4996076499546739,2.564911462167188,0.4765812075341864
3010,0.7078598146401666,0.5846215729478877,0.4124605444138906,0.8272359488107759,0.603972342279333,2.510276101418432,0.6235483331410989
3011,1.0450366890013105,0.3766406400174379,0.43975683956376344,0.7181465542237883,0.5476368038724179,2.58412691481283,0.5894836349048604
3012,0.602811388355547,0.7323387701615244,0.5760971900554226,0.5930211020572882,1.0689000433597784,2.6076884223539256,0.9685594795496911
3013,0.549030202453552,0.6206623649984454,0.5117374575341864,0.6824667235103405,0.870662189735995,2.6396963154711117,1.0823700887647612
3014,0.4060147386879249,0.8301806083521818,0.6118657288465166,0.4929595915127063,0.6756525580577886,2.5369654631578475,0.8455423733700521
3015,0.506273569688858,0.7188771446504403,0.8030861427973257,0.586502406537052,0.5641956685194924,2.6092910489195544,0.7006288131064796
3016,0.5565934180084083,0.8045920645123948,0.8487016162765895,0.7102075805528681,0.6657148722831318,2.4537747038594677,0.8996428442606514
3017,0.9109228108696192,0.8557318097196791,0.8393908408095312,0.9347629485552332,0.6700828744884826,2.4805657027090944,0.6465655094257183
3018,0.6595612241176864,0.6325222101858701,0.7492413332369274,0.6411334334095915,0.8332945120135171,2.684726802849815,0.7597048905924078
3019,0.9145128403942757,0.646334509393776,0.7261627515651962,0.8182877545686841,0.7950625470664401,2.63552291973375,0.6809618232996912
3020,0.8117468638800152,0.6387405035141392,0.834184832565696,0.8054373963442736,0.86180390033842,2.5494445724048607,0.8062507410844998
3021,0.7688424085179376,0.39814287630965384,0.9461328200087187,0.8185429927779007,0.7678648245135171,2.636604606978209,0.6719501806616466
3022,0.5210751851668776,0.44320950939377585,0.6752872628444623,0.9508725669085368,0.5683756164043606,2.623672340682194,1.0095398050862432
3023,0.6139660780604648,0.39251636908798704,0.8531555099048603,1.1712569327072835,0.5618963789613376,2.5731225138351217,0.8460842384967014
3024,0.36028036518966833,0.7898442081734752,0.769245469324537,0.5126612823995076,0.8080794354224203,2.3823661429570393,0.5994708185384845
3025,0.6041207632601515,0.6117550734589722,0.8330988114450221,0.5572313896021815,0.7493226429250969,2.518006270225843,0.47068364381992744
3026,0.4983590094576615,0.7158349340165049,0.5620495569393579,0.2911585879338159,0.7920014536358678,2.5024492277604615,0.4769146909183104
3027,0.6873246994496315,0.6677197134133904,0.5716607345983831,0.3938083058213609,0.5914515566838154,2.489290295308722,0.45427838027185824
3028,0.4358793368797039,0.7873987159057935,0.5040364591637013,0.455904821893776,0.8798849281049251,2.6280539428996286,0.8092617382726685
3029,0.4864448067477008,0.4254671451295823,0.5776061762837528,0.6689003963757834,0.7637069992009976,2.559046133403117,0.7355343340359302
3030,0.6703855675478254,0.5880479615917856,0.5400025662696815,0.6376460624995672,0.8168417936153207,2.5356938538465177,0.5216552390077864
3031,0.7424074387457688,0.4157581685194921,0.7903487308278354,0.6774475728201166,0.5976996188324448,2.643677498274224,0.37009115417241983
3032,0.6029848937556092,0.4093643267823206,0.513274592695022,0.5502595370329428,0.8952250963377987,2.4748447089081584,0.8329764237917834
3033,0.7513759604099027,0.34563499220293037,0.557495470826281,0.7370234159632035,0.806313167976032,2.4904919040765914,0.6181702641226068
3034,0.5312621553866785,0.4095552703536145,0.23777535531631783,0.5149387999102135,0.7748450969766543,2.3866372650493806,0.8064624351988209
3035,0.5151702230631416,0.3735308949698679,0.3078841579749101,0.7299737413400422,0.6683864323231042,2.533831479933004,0.6434910638415968
3036,0.3526869576934677,0.757217897238671,0.558190937051935,0.790043644234751,0.4701358249292059,2.6596484875699273,0.7606818762133928
3037,0.4935168518017462,0.5685916443948977,0.5660015693055447,0.8600189253578457,0.38633728597839784,2.761475667177463,0.7503796688712959
3038,0.47451334112896004,0.7286230406118331,0.5823815731719205,0.4118835550862438,0.556403495941535,2.6913247650493806,0.8515746553866789
3039,0.632528339212393,0.6055482645378627,0.5664966505615869,0.4870447648896664,0.5950261910460818,2.5904790802014976,0.7375628149600267
3040,0.694882982744836,0.6919785549265299,0.7838319030539898,0.3895723079300173,0.9369138171325696,2.465504339883191,1.081311793455607
3041,0.9121190642568527,0.7665319850775247,0.9033176711077233,0.41761314404352734,0.8526633178996292,2.5384937553038007,0.8921506507536765
3042,0.6171257440879869,0.7372038966317583,0.8805313195925963,0.8150036578790812,0.8433592698425294,2.662235075025035,0.9746434776965771
3043,0.6099532586906018,0.6591585864320716,0.9389420501981317,0.9496686672732908,0.8424533788655095,2.6607757619181216,0.8847886664104024
3044,0.47394579319963137,0.3890012723664427,0.6107210163270919,0.8087972720789572,0.7889520924709897,2.558797870462393,0.7619009231524946
3045,0.4776142431616465,0.1289446865727935,0.6973106137203009,0.8957579431871139,0.7105428590872986,2.5710523565625203,0.6511132186537385
3046,0.47428396098487324,0.6979371009069152,0.7382176263415969,0.41771069513605685,0.7542118323101538,2.548386700216691,0.5333158959924704
3047,0.4442454342720472,0.4927825984783979,0.8042261709156338,0.4058106182255325,0.7159599630620196,2.573867653182194,0.42453634499576853
3048,0.6544087997504998,0.5010349033738511,0.3112653826360571,0.5526756836012486,0.7529835192351838,2.486443960505731,0.8754460065180594
3049,0.6640681032391711,0.35621251731775117,0.3973893170686834,0.6893948567222332,0.558645538726343,2.5215729078151967,0.5622945075082855
3050,0.5871477765203034,0.3907030699124578,0.4061520983825694,0.463396592279766,0.5318951947208005,2.5854371359594053,0.4980645610297661
3051,0.5082638618986964,0.1645604705068531,0.6398102832304523,0.5993215513156962,0.3499437046260938,2.6687870269998784,0.4216814150364304
3052,0.48039466343885817,0.5403610614769649,0.7090786863168186,0.4151666302714249,0.5353825656308254,2.5563589303422187,0.5234348586077238
3053,0.697242057802246,0.5013981555783352,0.7164334475330646,0.5678957550482585,0.492560018340353,2.550594640304922,0.4724721064347487
3054,0.6212030333582235,0.544749638962893,0.35776522290342727,0.8223135029711114,0.7950802330962057,2.4865000105122066,0.7167675293006242
3055,0.7952295003189946,0.5275402968104652,0.4654224318115866,0.8127382231589704,0.637149361355669,2.4959898946184977,0.48949892490978103
3056,0.44406946274215886,0.6812314351668779,0.8307007014313826,0.6412638178357435,0.5201745769744102,2.6185803001976993,0.5683333416724197
3057,0.41479147053879606,0.5194179532201788,0.979289584259097,0.8439812478904773,0.5258845094891711,2.684041201143465,0.3884610271276487
3058,0.45163454604340514,0.5577755455962061,0.5277990226539273,0.6839865957623951,0.9003810083392311,2.3857984853650094,0.48475058285361405
3059,0.6217816425737263,0.40901587135679074,0.7165379738940869,0.6793522214655693,0.7775437844447112,2.5004772199638254,0.32781787039807453
3060,0.386317980060776,0.9308025162951492,0.7697283951939003,0.7025042913150074,0.5590348242584081,2.5954943201364897,0.8318795166473858
3061,0.46722935410205957,0.7785899243671871,0.8853274670237903,0.8054421533414745,0.4743923981011262,2.5782878672348732,0.6283804510152609
3062,0.6223793824444003,0.7785189023193061,0.2963789698356214,0.4367224504402909,0.7020098810384849,2.50473150226837,0.6285054800607759
3063,0.4770222817925941,0.6667649229608378,0.507830186029766,0.39752421063350224,0.5744941403688081,2.5466705290127063,0.49393368788288033
3064,0.4283071030475144,0.4967453216058577,0.487839825216691,0.40863704872746454,0.4351947566777736,2.537642644970301,1.032745881933316
3065,0.4493310978714849,0.3455879604737885,0.5457128493093427,0.4915156735681837,0.3973466192157588,2.48152933617653,0.8345958901452089
3066,0.735545643180639,0.6302980286932788,0.8651637760731042,0.21893812691656664,0.59594134815897,2.653019735045582,0.4991070380555444
3067,0.9992437993667533,0.3677097086841266,0.9047328417363057,0.30554685496494705,0.4945478444203653,2.5686561142952713,0.44022419500828575
3068,0.25792875862671605,0.6762198581285818,0.6169750322397931,0.8906416645253458,0.6142373098155077,2.4376911914298285,0.8867536989385469
3069,0.3675193634962685,0.4112256791914125,0.7539442634518083,0.8628468004851836,0.7424524274660693,2.4606993494371134,0.5743395177653831
3070,0.5913449873139522,0.807358286394087,0.6464069760670622,0.6408821059556069,0.62180774849739,2.633417215139167,0.6097119710183704
3071,0.8468639036613359,0.6495282781178752,0.8785504687810767,0.7467785780604649,0.5336154519424672,2.6070810658224826,0.541782185869619
3072,0.6898151804376141,0.7571063956091565,0.6304785093618333,0.41425020379558164,0.5585379478520593,2.6924113845534907,0.9193447104099024
3073,0.7594829088377981,0.5756635141864924,0.8434369166340023,0.41672571274215897,0.41373666286388794,2.6712929031502513,0.7801155751208625
3074,0.396519747059532,0.572020076047637,0.7681118180912857,0.41360321392447497,0.5354585199383581,2.6880827678292674,0.6519267386564155
3075,0.4838949633814476,0.4679391939856838,0.874858977408659,0.616362918711149,0.3940797854349374,2.6074276535016208,0.546824130111711
3076,0.5416682181102782,0.6156590325915972,0.4623684889119579,0.8265875143142635,0.51658990283039,2.5221767767123926,0.5990897050417836
3077,0.3941736010346861,0.7632809695800791,0.43445599421575815,1.071518442644087,0.5047021565689946,2.5445449201170645,0.5187487681806391
3078,0.5538469251653229,0.8019730668446516,0.45771012429639274,0.7125294884004403,0.6437150886050472,2.4531322231270267,0.8314078999227309
3079,0.6763412242774002,0.7634412980890419,0.5969813590549228,0.686653646663701,0.6431097750824448,2.4805751441074126,0.9247375762073506
3080,0.7082906012582857,0.738949238272669,0.4788887417237885,0.5670261850391067,0.8215486345854326,2.501027928105358,0.773682698427463
3081,0.6544537884708004,0.5092691717146369,0.6319010783798926,0.8451754582688702,0.5142550659502533,2.581000505239915,0.634655815854425
3082,0.5827944984978232,0.7321662862658825,0.6390072261305149,0.47359895766195714,0.49510552783039075,2.5206741673691186,0.7964475257536764
3083,0.7445577089396689,0.48466927316544517,0.640374518787985,0.5704782564856837,0.26479939720672896,2.550676971497512,0.6041910116621461
3084,0.5902113360807013,0.6382955185004997,0.5496770170622086,0.7086932389439005,0.8216716206221069,2.676471608703552,0.6535291899595939
3085,0.5173750986381117,0.46027885045928335,0.8148168003254699,0.8377867696184975,0.5535762917937164,2.6514279945036763,0.46898780003798496
3086,0.49335014640772556,0.7405243142892289,0.42989595433860944,0.4352144857163802,0.990887143372729,2.6077087497759677,0.9635421966058577
3087,0.43478922974134787,0.65438276642292,0.38852838627883307,0.3920118464336264,0.8297927674455223,2.7277327200596546,0.8554047032206118
3088,0.5582825343803927,0.6172790973284576,0.5917708416724203,0.34759755860124847,0.45105406908151197,2.626394244823104,0.41860594794788786
3089,0.7753132260670624,0.4863253083452735,0.692294352280888,0.39750081869819853,0.3488001888735396,2.6836783720599646,0.36375149469533324
3090,0.523762811348761,0.8919194754592839,0.6986756881064796,0.3996130754402905,0.7981536571759079,2.551394209770614,0.8107811874037387
3091,0.5320251560259679,0.6710966041983205,0.7907883604608378,0.411504907719368,0.6114727078216715,2.525374631454173,0.597355074162147
3092,0.5812804047473902,0.6517000725006887,0.5787802345025546,0.9912750568754727,0.8970347326166312,2.610353853367375,0.8664308762457681
3093,0.5262941224432783,0.5080219758430292,0.7321137238936538,0.9449030623083431,0.8672975570041092,2.6066905109274625,0.5921287384962683
3094,0.43550604489346534,0.8509352391674997,0.5124789339845619,0.1907303375505025,0.47834092283306673,2.6444770677399148,0.6774436620648852
3095,0.6071974997116483,0.8746031408160075,0.5857280967530545,0.28720037394502224,0.374381582182383,2.673041732425408,0.5364919786868034
3096,0.4810515178292684,0.7141920757277758,0.5804849212993802,0.8297913228201168,0.9176737031886687,2.521887683665135,0.7369515476733527
3097,0.7121432673816366,0.600519847711771,0.5067632955642632,0.9059921203985072,0.7006832432250996,2.581981999999567,0.6578157072143258
3098,0.581909533326281,0.7633429733506268,0.6831816709160669,0.5566885029711118,0.2815352548881117,2.613969142573727,0.48510005978356446
3099,0.5420127627805772,0.7039997501273381,0.8109853078661318,0.6618077760411617,0.18197351000068876,2.7025839811153207,0.41079098181806184
3100,0.5772176643975744,0.7968391021531169,0.7257255880620199,0.3144375545751591,0.6153471459924699,2.6227423867903514,0.9014021364385472
3101,0.659715248337676,0.5508628075467035,0.7955050659502534,0.41651504013225843,0.5186109853650096,2.4999283795686833,0.783105821766005
3102,0.6274352772234778,0.6585787078536143,0.5442707991112111,0.38981870312435085,0.4934493173881118,2.594268297928895,0.9607344736381118
3103,0.8976995837799548,0.6075445105117733,0.5975092736445866,0.4957619590998158,0.4673092191648234,2.581500694018059,0.6956687769359925
3104,0.8577849519420344,0.7308917877037409,0.5397235130041764,0.5388381247116492,0.5878140723090318,2.5764577282715475,0.763088158262395
3105,0.8291217146595918,0.6404810881578485,0.5616452267698032,0.5750559097965143,0.4717889708582235,2.5867740614130788,0.6153551427653826
3106,0.3592300666534277,0.3971053315435271,0.642500550804612,0.85770135138649,0.8332103130745374,2.7325654363172505,0.8341868755745369
3107,0.47087730137958167,0.3776681450018101,0.721412789621174,0.7976941232418481,0.5464598564028059,2.617257325281009,0.752883925133813
3108,0.8454173443245373,0.7874580782840643,0.4475950223664426,0.6434592520123954,0.5358768006448978,2.5635938426311373,0.8093044361255948
3109,1.1816572895253454,0.5037469429954576,0.6563038317351839,0.7762579767378606,0.5280860726923454,2.5037181956795163,0.6399371800223579
3110,0.5183898498523704,0.4947363218618331,0.759532829817751,0.8330037264823184,0.5940288780030545,2.3936467079494426,0.7934979339526191
3111,0.6819170368732287,0.2872632239575394,0.9131834885925301,0.8931147073420961,0.40162616120199746,2.5004895506129547,0.7459929591317584
3112,0.6592542697782106,0.6671570977437137,0.6301085297473902,0.7878563820934626,0.88062369056694,2.6050121053167516,0.8827999940884197
3113,0.7029849989130794,0.6453994479798305,0.7644431202707365,0.7392202947652604,0.7471073044473878,2.533282216416878,1.0399267872245996
3114,0.6059780296515618,0.9940603368162515,0.6857093191138882,0.46846728383779856,0.5990242136369894,2.7050348287636385,0.642902590106791
3115,0.7272181576235394,0.8100081469826963,0.7653322440560444,0.6277946186727311,0.6102249135666293,2.746591297385868,0.49589276664695253
3116,0.38006540877347966,0.5659935725326316,0.49450327882104983,0.5554119614001287,0.7816730377037409,2.552273644299069,0.9678480197782111
3117,0.5208953028817586,0.3148960670047982,0.5870149259643254,0.7076150393336885,0.5548772468044226,2.5792163765013103,0.7783856286423432
3118,0.567658202868808,0.9621746560898531,0.5578128880684949,0.5614304681422211,0.7867977362594079,2.5545361897683705,0.9492797322661267
3119,0.5725771610742261,0.7432733458582235,0.6023686942092831,0.7117319619435891,0.8534491120907861,2.583753622826591,0.8859500434551739
3120,0.5153614144929697,0.5191047972580966,0.4638555278303899,0.8161130709350595,0.5025790138031787,2.3781748859274625,0.7444690008620221
3121,0.6125028541983211,0.4951718654771536,0.6381883507472014,0.8383048196888578,0.38731384847839756,2.4298706946569153,0.6099667861066017
3122,0.7698799532840642,0.748233134170176,0.639467781568995,0.6116308180593432,0.9775458625060418,2.5233907161293927,0.6440448364963903
3123,0.7542962065115846,0.8725389373074772,0.7061471310704277,0.7807188456346243,0.8813012955003778,2.596229419701808,0.49788943574184763
3124,0.654000208300813,0.6016475451809502,0.6004459364130794,0.5581761402729799,0.6401424972516215,2.632241289173975,0.648371833332756
3125,0.9085384761305144,0.47407473300037806,0.7372092520123952,0.6145019894230423,0.6770658609399796,2.643527209547014,0.3538302255874871
3126,0.7148608376463306,0.6616024588118977,0.6153674734145125,0.9246371358640098,0.7047161421584702,2.626093419510151,0.7307114822976367
3127,0.7024010343169398,0.4941236099497536,0.7703390640971391,0.8778396073930318,0.6992912892693699,2.641812059847451,0.6943277654646367
3128,0.3817029116815722,0.7949642223280242,0.6760238070351863,0.7679030132277755,0.851905424782443,2.543508396855358,0.6553525289168777
3129,0.7049732481140766,0.5803208572976366,0.9781080550547335,1.0323276012267761,0.7748360786993208,2.5084047092275865,0.43083534962877046
3130,0.6737665443504376,0.7900175383110868,0.6794364204045501,0.5094749120648853,0.893647729453863,2.579041426475844,0.8262127777026191
3131,0.762365812467191,0.6934889857802656,0.7706250926311367,0.675381501565196,0.7541186150938406,2.581282024635246,0.7119233286358677
3132,0.6347015782206118,0.4092979891355572,0.5030796257023085,0.5326031668580347,0.523482313457851,2.5694453961206736,0.6659593997310742
3133,0.6576426249352484,0.3547154386175643,0.5527812314666913,0.6579163228201164,0.3653730040575993,2.560724115892843,0.5054908400109622
3134,0.7298944746607136,0.5187407714077259,0.7186641811731644,0.19203604955841053,0.5577369337609626,2.590582161937114,0.4872410638415968
3135,0.8064981577832536,0.22993368487939322,0.7941328410331316,0.22049865401270605,0.48931802112024114,2.5308859741496295,0.350738341832134
3136,0.5665606973409748,0.4416489822976363,0.679760214531821,0.6736688179954576,0.9030567269929695,2.541322228814576,0.7447213498204277
3137,0.5595958200402286,0.18791606243524825,0.8747801338503156,0.8290765506768406,0.8612542137013082,2.551559893660214,0.6700114293196167
3138,0.467180279364077,0.40661367532546966,0.4462546092785221,0.3888505605182486,0.9912148482552314,2.5487952916663783,0.8257156534377362
3139,0.6118092557190568,0.2521094400873651,0.36690520695878304,0.41218702179147226,1.0174365040252238,2.576140909412768,0.75940550990486
3140,0.672694123241848,0.91504075498394,0.6039363718363655,0.3684057732932163,0.7387426516804498,2.5864017909312604,0.7227591564731665
3141,0.702930991915445,0.7198770990857439,0.7793347131893577,0.3982260537442138,0.7477327701295816,2.551861740477587,0.5241496307510002
3142,0.6717132268656318,0.5063365949638258,0.4168407020059201,0.6870436031752858,0.6121552450147609,2.471531266519181,0.4955765461716091
3143,0.7438875023957089,0.31647981077379095,0.4470810583137636,0.7449535466192412,0.6487441038145741,2.5325996792237886,0.3527608689921587
3144,0.5440204931616465,0.8234175606464524,0.5216349115857436,0.6499307405410392,0.671126620877216,2.5034514730631408,0.6452355592405371
3145,0.6493081641096563,0.7717507470914752,0.4949215595275894,0.7083527802912836,0.7597219056426543,2.554031491851559,0.523198751053679
3146,0.24589667740218385,0.5529884164423451,0.3574547809297059,0.5337010955068533,0.8102785324957686,2.6465983427593414,0.8385467057445246
3147,0.3397121688069772,0.5541633209031167,0.43329070641575623,0.6369807882152585,0.7457508978136415,2.586652096880826,0.7810485935259674
3148,0.7760091154137017,0.809598461432505,0.6892437217530542,0.6663331148382983,0.9228924652026189,2.3020619501847484,0.9462823350900423
3149,0.9947813105821339,0.6171846833452734,0.9683204827448357,0.7315779877935268,0.774502595315196,2.4384273124995675,0.8106731734084698
3150,0.6070291018336887,0.692544059847017,0.4501464856205522,0.5196540607742237,1.1112396647808878,2.559872582438358,0.7975891737598405
3151,0.8385744315560445,0.5793512700661293,0.4354966034951466,0.6873078596618355,0.8071995777729797,2.6115316470789574,0.6107815754722339
3152,0.6541753335887314,0.6923939463822589,0.51167834301445,0.6565352548881116,0.49281832106283036,2.440967291346517,0.9379587602881739
3153,0.752598742841786,0.5956409459670021,0.5233083849368032,0.62187588129446,0.43411000492005414,2.479169837998134,0.9361936896086565
3154,0.5591169801885466,0.6263486577193679,0.6428754626787061,0.7524451417427808,0.6757194940879874,2.53012212726837,0.6147964378509373
3155,0.6227715572272762,0.3025229287442137,0.5282971684232309,0.6499656168835023,0.4104505231654453,2.4642397058403525,0.5832807367389824
3156,0.5001172801311368,0.9598669466378008,0.7480461013541143,0.76132988758892,0.7481368524406018,2.6190110868158185,0.9256412489130798
3157,0.6769781743667533,0.815120690151684,0.9595344847580966,0.9809677420112733,0.5542783101668779,2.6363081155414725,0.8071971116431538
3158,0.5901507769355595,0.6100464759069151,0.5467924935449598,0.5462927278878009,0.5899074462544875,2.618999602408659,0.7568817724622705
3159,0.671172981626838,0.3528124098599672,0.610221425932383,0.6307630932704255,0.425212928424786,2.6246429494181207,0.5691850503893555
3160,0.7135865143466392,0.3614969459989449,0.6098967855631415,0.5414733637837537,1.0345197230316319,2.514197148197387,0.7579718796006264
3161,0.7529040772934049,0.15780031205193534,0.5734040332304524,0.6478588907844973,0.851958235013206,2.487636127875284,0.6761855801695541
3162,0.6898568567861187,0.7605520901706762,0.9849589645961394,0.49857419120622887,0.5665235301311367,2.4646536526706773,0.8476655161358683
3163,0.7768097063838132,0.483209361675097,1.0571250680908528,0.6846582469317607,0.4397611734399799,2.528047037736116,0.5932668988681862
3164,0.3916420420816342,0.4228220415381737,0.5648851809810745,0.6337714490663182,0.6196652998139526,2.3989915205133276,0.9287910504212985
3165,0.5372498718039898,0.35401359550685296,0.7211390917363059,0.6926974130874876,0.4252605585373632,2.468167304766815,0.9460519334415346
3166,0.4876702305718606,0.7792523819967684,0.7302004074957685,0.40769127655224613,0.5232274983696189,2.5146139842785225,0.8236787526197411
3167,0.5953569604418455,0.6323305956350569,0.9239973691199298,0.49811363576774886,0.5691022960757806,2.5288847959160665,0.5831433770443384
3168,0.615516740637301,0.8725212512777111,0.3444492017184346,0.6741055583776489,0.8713870016610247,2.6581117755300774,0.9128849541469526
3169,0.6743345154007514,0.7284538690879876,0.49392280185915616,0.7663876501143876,0.7141356026003156,2.5841304024470766,0.7150903930528676
3170,0.610977276040729,0.9783930620843109,0.6400745397170022,0.633519698491348,0.6797947403493827,2.4501965818629556,0.6482250322397934
3171,0.7946288711975099,0.7195095856011267,0.7133672465803902,0.6900482234783979,0.4946307739963904,2.562323853207661,0.5016511029201761
3172,0.6907500665891089,0.5528808255680615,0.5959442374097811,0.6898266648447731,0.6225588416085343,2.563094675357413,0.8260117217534877
3173,0.7858626022493781,0.41166199645261936,0.6185277378254699,0.8679953140971393,0.4312170615089082,2.571608595347139,0.7424191710114624
3174,0.6367953752870521,0.6495065060704277,0.6114028825406616,0.7967027639628927,0.6449554844706117,2.673917679319616,0.7747399722321967
3175,0.9269925480247232,0.4227918495968282,0.5362078178991964,0.9671833438773381,0.45785428399707906,2.6341120829813853,0.4992994262522437
3176,0.5811660138670643,0.6681886887457684,0.595911156217624,0.38669169516799945,0.5356503097516218,2.4267169823934647,0.6294042205068532
3177,0.5641985577703033,0.45064114375560904,0.6918843162057955,0.40888506380965445,0.4889352877356835,2.51314420826887,0.47591389024103725
3178,0.7337978354099023,0.6594421488362439,0.5132012797797659,0.6296278221493182,0.6568163511624576,2.5555528087290194,0.9117211109723553
3179,0.7496690553417856,0.5071569149725443,0.5683982346937786,0.6480094273702409,0.3781440956026812,2.593145109598383,0.7969233010920966
3180,0.3815150326235398,0.7158275356270272,0.8419235965294553,0.43187782665454955,0.5579262574444,2.5313415973284576,0.6630970713822583
3181,0.5322450947717363,0.6253090699444004,0.8080938090803904,0.5873138835308879,0.509298940534997,2.5676666227627063,0.6908196440115842
3182,0.5768635030665075,0.6936039750440268,0.7545553554760323,0.3165492129338152,0.9473705744820073,2.6497153109339373,1.100577765464637
3183,0.8196437380814453,0.5387103816777735,0.9392576722900396,0.39869460595560713,0.6997027699698682,2.65516320523344,0.9339703543580348
3184,0.5101599153878006,0.6157789541150096,0.49711283509047516,0.5163020065500026,0.7305151833457065,2.432595240190102,0.5831329141415993
3185,0.40596626233337824,0.5780677532266537,0.7158760119815739,0.5674241383236044,0.5741068978455844,2.4979251583262814,0.5347679859723559
3186,0.7015300196823828,0.6708937530988828,0.339102346145709,0.6408816828346215,0.7265945596877361,2.78378793583811,0.7500692268975743
3187,0.6860245180848106,0.6056677629402907,0.4106359360936516,0.6703176100132059,0.7109044914039276,2.7969813941074126,0.5607805890203031
3188,0.574364777447077,0.5411175099687459,0.6475966773067884,0.5553511543964528,0.6574836684556069,2.4507339378509383,0.7479138491815718
3189,0.6550882724303281,0.5751321119625821,0.5593915243153854,0.6670310471937785,0.6681895349877385,2.525541161585743,0.6623381567606514
3190,0.3896694359015617,0.9571372209864274,0.8601770355955173,0.576543371835932,0.6466998046071017,2.516097287704174,0.8222063352178135
3191,0.4342722011754081,0.8191249143651983,1.036662419573604,0.7079094877615841,0.6138917436407884,2.6859586035590324,0.8357718161104003
3192,0.6615981249356817,0.38095879383891995,0.8410020625315091,0.33052744388985544,0.5853673106783953,2.3463051987468906,0.9188607630361194
3193,0.862913138131947,0.11293593168381538,0.895797576526778,0.40885036272964215,0.5612896208133307,2.3979981182255323,0.8224960266485076
3194,0.5130604324508754,0.562626721529455,0.557687435901995,0.346427163279144,0.6100945291404773,2.3370853496287705,0.8509629649790195
3195,0.6062829409821959,0.45327289519346736,0.5637152087799551,0.4537081909502534,0.519440323651062,2.4020947134133914,0.7790121158289575
3196,0.714936791953863,0.4468202894614602,0.36565801108717627,0.4232156609464552,0.9286982563259699,2.669873646503988,0.7579252709924696
3197,0.8158849601539276,0.33141920906744005,0.35092622089016634,0.4803416779456438,0.6924113845534897,2.65638760755318,0.701530618065818
3198,0.751410661489915,0.4767510500375517,0.4603468079939027,0.5424698305848109,0.7541385193948975,2.550386433824848,0.7874052680533009
3199,0.7490395036419104,0.3137589281373009,0.6217851302079723,0.6347500545751588,0.4034018700467037,2.5335425621481966,0.7428787049455221
3200,0.660880711400129,0.521309074449632,0.5603294749801419,0.621547154907537,0.7588209469252856,2.4875890961461415,0.614474686732507
3201,0.6458729324508752,0.28151799197933086,0.548030846401684,0.6748936434361813,0.7714168405863655,2.471878700440291,0.42789928524371373
3202,0.8448686791918454,0.7670835394610269,0.7186282833262807,0.6833396058912886,0.6328677763605897,2.610876412576403,1.0493802777669379
3203,0.9259420742260321,0.5411240621162533,0.7293745568439625,0.7104040547672485,0.4247737219127682,2.603834136342719,0.8334234518142636
3204,0.40303699795436304,0.652808464052246,0.1912904870903532,0.5547606376528058,0.40579173542889524,2.4559335692097166,0.7917466385476365
3205,0.47601799348107465,0.30328592938350196,0.27855853565896976,0.5743731973409745,0.3908790414423457,2.522520722999256,0.7233673592465791
3206,0.5024510955068531,0.9944119293511264,0.9280239637643276,0.47492542021289275,0.3731200126528053,2.5870313426311364,0.7438776378764047
3207,0.7043278781308255,0.9199485793070997,1.161520055023224,0.7307248344511865,0.41003206719645474,2.620348012269492,0.6004266304954577
3208,0.6176844490024325,0.7636577492005641,0.7626074506643232,0.5271626709480097,0.6237813761818831,2.5380461288978857,0.6729287861704872
3209,0.7845889499292059,0.48398860371874575,0.9408695649915371,0.5597301152216113,0.4345625635856217,2.5377580573550462,0.5065421600516239
3210,0.6946078402345626,0.7575936553547358,0.2770464849173777,0.8482527931038033,0.45248625476034043,2.599691530930139,0.9810133291150094
3211,0.767065853431261,0.5574449514628929,0.42461663317951714,0.9178065537446468,0.31774197868680354,2.499223471944711,0.8103409593873006
3212,0.5660980988936535,0.7791950626273378,0.5909887103779601,0.5141148170047982,0.4473937911548607,2.6844912936792054,0.7642700379916592
3213,0.534269241819617,0.6519801472706139,0.7337506284183106,0.6076660519230419,0.4060336214845618,2.7614419876018705,0.6698204857483235
3214,0.45524898900778593,0.9789390858247261,0.5928053219252855,0.5876662497116489,0.5991164093488827,2.6078362449513084,0.93949504920704
3215,0.4777311001717981,0.8271543912640724,0.7194280280544227,0.5756914152604626,0.3832653065241016,2.6300912668386087,0.7791425002551093
3216,0.6727992479863056,0.6768999291918456,0.5890458730182486,0.8126232338952089,0.6636582424265297,2.6391035078600886,0.7033414511115221
3217,0.7516862271211735,0.5436659087095941,0.7969085043131416,0.8721181904711116,0.5259614853011242,2.622037902287363,0.7419017193245367
3218,0.588284915387801,0.7780891372056071,0.8277166564088475,0.7679869643082214,0.57208556745243,2.5051458722196784,0.6987239166024926
3219,0.7565556874676245,0.4100117397744124,0.8675240478973857,0.8912537780539895,0.6002108503634549,2.487949882220801,0.532467674909781
3220,0.5852894886244728,0.7633425502296418,0.7669215184681241,0.7496712736130767,0.5678822276322587,2.4700446507217344,0.6236698745523678
3221,0.6579430271272159,0.5281975743218601,0.852475438841597,0.7313850012133929,0.4717097041788953,2.5287870695610866,0.5361047361635795
3222,0.540370925996268,0.5743594220664404,0.3212490786354348,0.5913400550543005,0.8954868866945225,2.647290744471733,0.7146516096618356
3223,0.4777941254467661,0.48924062218730313,0.37640368622142273,0.7730303531757186,0.8486776259578499,2.7342598354737886,0.504141583908159
3224,0.4269007754338157,0.8347361390906642,0.467127293870863,0.5399368270063529,1.0776519386499401,2.4683403870458918,0.7746855421135765
3225,0.4718445977437138,0.6720785220789569,0.7195592587225444,0.670651268659781,0.8126836177779002,2.4457242285590324,0.6912186188005022
3226,0.6075767454619598,0.606977984086866,0.43369707959415166,0.6308532459734774,0.5858876516161315,2.6570222667751566,0.8605466646850597
3227,0.5402470937176245,0.5530196298881116,0.5369623986445867,0.7117288974303282,0.41051745919564414,2.622376916314575,0.734658810262706
3228,0.6930360039937136,0.7110284989450222,0.6946534273382979,0.3538787019420344,0.7863665265203037,2.5965470848025576,0.8176635582494448
3229,0.8200053703980743,0.47984684454813664,0.861161842726965,0.3762192947976365,0.6689426711077238,2.601072598862145,0.7445430874231639
3230,0.6197893073550472,0.8934463229798303,0.45405562487136253,0.6484516983955199,0.45437244373014196,2.538934406441224,0.6233772938708629
3231,0.8470700671325692,0.7398654168899775,0.5631412839655694,0.7369123374546743,0.3778412272808875,2.656596835537674,0.5368186620648854
3232,0.6339743001657564,0.7771591833137638,0.6537755851539274,0.8004012306038034,0.7508829947587856,2.558206930597762,0.602438271631759
3233,0.8153679315879874,0.5077556763476393,0.7471539130555448,0.8221980905863657,0.7058563455392288,2.5887499799649483,0.45212240417242017
3234,0.8695880761434647,0.334858103622918,0.5885803853201161,0.6455994098284578,0.8028411922283979,2.6579105443184945,0.4493444500250347
3235,0.8508518864704903,0.16038647638605671,0.6573918958646991,0.6206131149980126,0.7535496225391065,2.491410971944711,0.2920569052589077
3236,0.6854886067222331,0.7903282281433428,0.3386195955387955,0.5489831707244102,0.4991733757023083,2.56252857205349,0.5362316329554848
3237,0.8733639417173131,0.5601814045242236,0.45614610956600693,0.6223114249097805,0.5965719213632662,2.578048447309032,0.5701839833202388
3238,0.7476341975326315,0.9002713744561068,0.41484403291102445,0.8789081177463902,0.34871045929147204,2.674270643883814,0.5001990129402907
3239,0.9167599907011865,0.6884798748717958,0.5766197492644503,0.8414143894739774,0.32273424980747734,2.667531834355358,0.43445166033954213
3240,0.9167733428547356,0.7046342340868655,0.30137983611264396,0.7150989882092164,0.5597812329684353,2.570570029076593,0.7058686761883578
3241,1.0622737569652585,0.36294988222080066,0.4699424152280867,0.7623836737594076,0.4468217340868659,2.617353431748134,0.48527441142559696
3242,0.3226346557061066,1.018870134329457,0.5465992591062911,0.38817193408039025,0.5770952767443358,2.4934414958776485,0.7518529325151941
3243,0.46895105594913133,0.9866993739773982,0.6484634306612138,0.5165825044409129,0.48058687637310693,2.5134277706730423,0.9205243718678753
3244,0.6619995658544253,0.46092584033038997,0.4342512753699297,0.44997689097572086,0.7547081103330668,2.5156149602182456,0.7494495397170022
3245,0.7922601794793306,0.2659207177908504,0.4605328193055444,0.6557754940245347,0.6447277968104649,2.5890696880745367,0.4956905139309502
3246,0.7058491950082855,0.9109718856076017,0.7973614860996934,0.6353200686343128,0.8145599422283976,2.3256427636434647,0.7831627180144497
3247,0.9320786347451469,0.7149556747504998,0.7002809560643858,0.7736514849816962,0.7193724011689326,2.3896725004148234,0.655293589659592
3248,0.5954308717405374,0.671647312339853,0.4475137126782734,0.38045469430554457,0.9276309427394824,2.7116720011818827,0.6460529899984453
3249,0.7479840975835667,0.5879210647998804,0.5755832260027437,0.44928737851413914,0.6502641513290798,2.7192574119051716,0.6902613622181237
3250,0.61096885614683,0.8472587924325717,0.3956086759643259,0.9194081588058555,0.7089176868283359,2.5294270841637014,0.8073720616686214
3251,0.7706768087613954,0.9149731479742214,0.4990916428931543,0.9235041556102781,0.382130210665445,2.48848230594913,0.6882047323615221
3252,0.727565168423664,0.49556650638985567,0.46194858831756236,0.4263535549265297,0.37414913752503476,2.4155167055848104,0.6817112965229801
3253,0.6604548570416616,0.5205051711077239,0.5848143842655716,0.6231557352372388,0.47782040663288033,2.5101555815115835,0.5325401415830672
3254,0.4423463162696813,0.4284826514564176,0.4564481316458308,0.5687825879661914,0.5151047316583479,2.618053830233441,0.7735032392633282
3255,0.39181801361152224,0.40032597983717644,0.472911736067751,0.6626806584221092,0.4638253358890446,2.554114246165133,0.5607623046071019
3256,0.5427026983631437,0.6319080536483852,0.529512304607102,0.7259212886305151,0.7136908654452109,2.6469993605570994,0.7131754567671267
3257,0.5710192753703629,0.6076779594511866,0.6383598131384226,0.7100708192416595,0.8692065395257789,2.591074353942345,0.48174698405492267
3258,0.38365994743680365,0.5234100220470145,0.3837745135795796,0.5755694507282086,0.9271882485932184,2.541281150849505,0.6925491673691195
3259,0.42651761892827345,0.5294359271785843,0.3970714767054845,0.6435682875120847,1.0350798725714825,2.5791231592849972,0.5746448522170023
3260,0.3827082214975122,0.9096772348858684,0.6486077656243504,0.7769747918899776,0.7926026811407882,2.5774872762647605,0.7579396446504402
3261,0.5473590199698677,0.6539550443180618,0.7322878276771513,0.7640706745264676,0.6530102936472635,2.580313458908159,0.7342167144998778
3262,0.6464830029706783,0.5634940732673156,0.5112670375764032,0.5759287921774627,1.1013041972775224,2.6160183740408507,0.5837273416404771
3263,0.7313714012013085,0.47076844114234345,0.6836662892693701,0.746758250638423,0.7945566523827582,2.590804318954173,0.4524868531437759
3264,0.7834273976219848,0.9615093818055446,0.7820999135666293,0.25986155620467405,0.6145851668576018,2.736012152383191,0.693048757763828
3265,0.8257612405414727,0.6324716908224828,0.9130069186792061,0.2549966049968898,0.6067276781373007,2.7383178188264026,0.6071555755046091
3266,0.43736637579813664,0.5210870926950224,0.45408990283039047,0.5738502150109621,0.559148193634313,2.606260745813763,0.6529546667617732
3267,0.650545072340975,0.5373812777345618,0.8264577282715475,0.5861816769230418,0.45852857655872103,2.6280206864450224,0.4968148990283332
3268,0.7836509992644497,0.6054681516165646,0.3705055241237284,0.5475435866561043,0.6632403848409749,2.464555080073726,0.5367363308722957
3269,0.9593971250634523,0.6178941001079131,0.47146883962764913,0.5768988025299547,0.5724120755680617,2.5126390872310744,0.34811560867160934
3270,0.4067847145957061,0.634518456159781,0.3121626784567289,0.4607796376208631,0.7042564329619596,2.608534600427774,0.9439858621866146
3271,0.5516578678737285,0.653881308281821,0.4562561665701166,0.6082405751208625,0.4606453424394799,2.6406322231270267,0.740620245493903
3272,0.6156382820485695,0.44147301076774875,0.7940369098284573,0.5007954834480102,0.5723857943819477,2.6300764700596537,0.7379250456600915
3273,0.6765383694713004,0.43805690976413947,0.9700395431996318,0.7142109585244124,0.3666618762777113,2.6688241942097166,0.6310382357806991
3274,0.6207771789997556,0.75245747239191,0.5622624478205493,0.5641892916344352,0.5693569359015617,2.509154182450876,0.8960550330072857
3275,0.7828772878638879,0.5893524042367382,0.6585269917233556,0.5968345579619597,0.4616338124676242,2.572152926603615,0.6417985324314502
3276,0.6939891745584102,0.889142542816318,0.889203700344895,0.20140907665454946,0.35517905856930587,2.577407586464448,0.6092458849368032
3277,0.7934617882472015,0.7272399296709874,0.8385064740214248,0.23010863490486033,0.2323779803802034,2.59446110924658,0.495874905354736
3278,0.7328315605501912,0.5210316410719826,0.40760750073425056,0.23376006981662928,0.7281996523831915,2.547772120558221,0.9964832833905996
3279,0.7538535123653205,0.39167019101413914,0.6424356577832532,0.2841522095470145,0.6078003471044255,2.6701541443948984,0.7303831790316986
3280,0.5461019595789576,0.7222415295237907,0.6406570596877358,0.4609640290446491,0.5853870397170022,2.462701549175097,0.3627763768207381
3281,0.5793293227562311,0.48500990708051245,0.7854211774660695,0.533759611643154,0.5039149177524329,2.561742354741347,0.28064102358070137
3282,0.47126598852821133,0.2680186008749724,0.8087477742199901,0.6831777601608358,0.7484417637712362,2.51664450821146,0.5410351787761566
3283,0.6088042122949598,0.24573856716451198,0.8294036571759079,0.6594401058274025,0.6469238293705523,2.392923939033254,0.4206266073615221
3284,0.8269881089910367,0.7883295160396064,0.3204683919663803,0.4658503291788948,0.5594837200272785,2.5903065963058554,0.7083277684681241
3285,0.9415656296006263,0.7367895266804498,0.4724815478330665,0.6686927882791444,0.5171492061282709,2.5856586945930298,0.6890831453855575
3286,0.7839885686662559,0.7163609808597783,0.4628958051181861,0.6229709206924672,0.2166043115408508,2.45274762199608,0.610904561508908
3287,0.7096870643526817,0.4669973325656964,0.4774382716317583,0.6210319940879873,0.17968077259004164,2.554893488208784,0.5754013007087831
3288,0.6038807449508757,0.5562160400044873,0.45448147922983007,0.5491708745199921,0.43260017244975346,2.4224409280414725,0.803430687467624
3289,0.8861528945546119,0.42351215238319145,0.6039809374356819,0.6443140252425921,0.3097182076934674,2.4498064500889205,0.6350484137582859
3290,0.6092908736571042,0.83443224926445,0.6461768222770894,0.6703613293705519,0.5162508888031788,2.6137549823295796,0.8848755067416592
3291,0.9642507671265269,0.6672314321633901,0.6588785116621467,0.806259759361833,0.35053362298630597,2.6284644020957053,0.5674142738043007
3292,0.5801493949064148,0.4195131082878627,0.6733733480631415,0.6206250225261563,0.7874463460183707,2.591420941621485,0.5435956603075992
3293,0.6962252635791462,0.3138437254597163,0.7239131351284601,0.6944721004277736,0.9119628217655718,2.6022577909632045,0.4265463662442136
3294,0.8117805434556067,0.40831734061787517,0.6873480913849352,0.6218851474303279,0.5251186195990717,2.5769534079110237,0.9264796054764652
3295,0.8645707931996319,0.34897718190784766,0.8201045413784602,0.7178629918196164,0.5284203297223562,2.498953860077524,0.9279011529901044
3296,0.5286070120135171,0.7805473832434026,0.47337680064489795,0.5463820343488827,0.5984069925862434,2.4628725884453333,0.9602689859399796
3297,0.6383832050737261,0.5040765156243505,0.6369643715484474,0.7410779116815724,0.7179313724752212,2.4819720303227935,0.8128453909122683
3298,0.382924249488049,0.4568089177204897,0.651833944561087,0.9237148282201788,0.5728592788529925,2.4412865763351213,0.8258370195865543
3299,0.4654542436407881,0.34223488474514696,0.7510605861765304,1.004127210250189,0.4093583730182484,2.4357405325596537,0.7280678233316339
3300,0.8140767685005001,0.6111290093933427,0.36983387295436293,0.5976064016161313,0.7121294921071021,2.415968841129394,0.5739023542622063
3301,1.1594936897040518,0.6857688567546093,0.43319051393095015,0.6704972444397912,0.569737203156293,2.3879587953406642,0.6683318269420344
3302,0.5779030908414747,0.6200305950272783,0.4465455700721715,0.37380068209950496,0.3753209774725445,2.5714693679061034,0.8044448402984476
3303,0.8466086654521194,0.7126015319527412,0.5013496792237884,0.46790304828026574,0.24981934406899475,2.511820634968745,0.7013080379277734
3304,0.48591298140280575,0.8080800338058556,0.39701602508244505,0.6901038503638881,0.8100762797797659,2.7714550293006246,1.1556015655034877
3305,0.6477065590484473,0.7219936897040521,0.4563598466891689,0.7552840781562935,0.5163628135536792,2.7625240979673134,0.9486042429376138
3306,0.5284702507023079,0.535134127427651,0.5320087393591563,0.7804139343039898,0.4338432823036789,2.5853667122949595,0.558514308058221
3307,0.6644023602691816,0.4815036533738502,0.5880752642823207,0.9259482032525547,0.3495050964975122,2.6716602413724178,0.5790472049774646
3308,0.628361743481074,0.8332166899595947,0.635079204083067,0.41728934991625577,0.7446474385217361,2.4414407758175622,0.9255772021336911
3309,0.5232607548242265,0.7530416122505,0.6274203051820717,0.5197893774600273,0.7213454304699899,2.522774516583066,0.7232410608381098
3310,0.7290870836845597,0.9378154468294573,0.7635548427273979,0.5497969385856215,0.4467354921390445,2.6583234696443987,0.6890151878509378
3311,0.8011422839331939,0.8365600764313832,0.7048948276767188,0.5960639110746588,0.33493141653817404,2.674604725651372,0.49856517292889585
3312,0.7208446433084101,0.7310560269679356,0.5059489293196168,0.527737617266816,0.49451212183593246,2.500733902798447,0.7640108890272117
3313,0.7064401348729178,0.5677890104159448,0.5358593624736663,0.5262415600710495,0.41983545778972914,2.5201998366561043,0.698580427881325
3314,0.6959047092275872,0.6053490763351219,0.5555043323744728,0.6400035176691214,0.7848041316777735,2.5282626426056694,0.906981859789607
3315,0.7849903908479499,0.43861561467858434,0.7433357727497559,0.7104675031632015,0.5715158012518107,2.6113447895253463,0.7394639759712337
3316,0.7837204014244745,0.5376689261564149,0.8603275721812611,0.6250593623782708,0.5681132276642014,2.550415779524224,0.5810296756768405
3317,0.8363983032970147,0.46371714663132546,1.0096940045686837,0.5525853556357456,0.4426582028688081,2.449787567292284,0.599945747634935
3318,0.38717359953294256,0.8216685561088455,0.489329928648385,0.7484144610807015,0.3969234062495666,2.5885928912316967,0.988963188809654
3319,0.4775789436981987,0.6538312120394176,0.6223120232932158,0.7956077245648852,0.3586504359335048,2.6259059635731044,1.0014542055848104
3320,0.6513783213822582,0.8363829081346239,0.30916852105635556,0.5077355241880468,0.6018220720854326,2.5815160891804503,0.5287365501976988
3321,0.6800645274790197,0.7180617569013732,0.46485939302092527,0.6155508433338777,0.6180725377676266,2.6475747299968897,0.4176041257661942
3322,0.6694408168770273,0.6341295211526166,0.7924940687620843,0.553655733735495,0.7596443314472655,2.532298255527401,0.8453163055977608
3323,0.736122632508286,0.3471125897230446,0.8621379821059796,0.8477402736765294,0.8032161041024922,2.5149511305593433,0.7399114271146985
3324,0.8714945925353084,1.1351560046325697,0.5201288146082235,0.5960553159183104,0.6910128784502534,2.61629700418537,0.8290424479802638
3325,0.9969615248588457,0.8292902878000025,0.7477046211970768,0.7939773721877359,0.6058194962929047,2.5587611263735397,0.8007016327957708
3326,0.5841047196443979,0.6796505806486963,0.8549917778947088,0.37155004415834775,0.32681009445230835,2.55374053105791,0.9733152199953357
3327,0.7015710976474521,0.6728910205772138,0.835836533869308,0.4334260231015594,0.21309661320878315,2.4649144215229803,0.9013616568569128
3328,0.967331166474721,0.5483821910780244,0.5782383693759056,0.3303198357932162,0.6484065344127686,2.498915671363266,0.7795599347196791
3329,0.8353254590674394,0.23507973236152224,0.5904522006319479,0.4709571664423451,0.578569386630204,2.6535858383495046,0.7322689448805146
3330,0.9269001044542957,0.5016539921709876,0.7895871748139526,0.5801463303931541,0.9690412086521831,2.5375845519549856,0.6662538481589702
3331,1.012448566780766,0.48065687691656706,0.8498268476159425,0.5711108726988207,0.769829010799691,2.5093822932320076,0.5339667966188079
3332,0.5845129605691838,0.44140794248394,0.513277481945833,0.34452660065137275,0.43786061081220895,2.3993974705707384,0.8081636343614003
3333,0.7453619628064776,0.3424069455198035,0.580159259425719,0.4519513649021839,0.3894618278049228,2.5715377485617092,0.7088782287511218
3334,0.5796777781817607,0.8815610428482606,0.6425566008110866,0.4031729130236014,0.8148461460248454,2.456939900530077,0.7089698260795795
3335,0.852638058217935,0.7238730786678106,0.6987966311343127,0.42837506058213415,0.653297168423231,2.409477871420676,0.7490811799904152
3336,0.33447537023836066,0.6199948724428457,0.5577925606464527,0.9629686949124571,0.6437571880745372,2.624333105827836,0.5248991039742881
3337,0.326334742234873,0.7436453684815076,0.5732909117130816,0.9606319902859299,0.47800828569091247,2.583645608831323,0.33508170526538283
3338,0.58303723079546,0.5769696493153853,0.8866062268660646,0.39663737771556973,0.6794984241750966,2.5490148072911616,0.724725210505731
3339,0.6372004791024923,0.5408618486385448,0.7342110085943403,0.45637217733829827,0.7283542749866166,2.530065055757475,0.7403040250185591
3340,0.9203290944203654,0.6637235585688726,0.46306786589284327,0.7662851667622058,0.4750463632407259,2.44034820254938,0.760612474053368
3341,0.9930671823869903,0.7171130954753433,0.6213071365982606,0.8069427196759074,0.5338760455323206,2.3866064747245996,0.7636267110172487
3342,0.7388368904011837,0.4303842355886094,0.24135347731283074,0.41519801897964176,0.6673057665830668,2.3373902609594044,0.8400893715484474
3343,0.8135684076869922,0.26421296648076326,0.284973551060154,0.5197074693884229,0.4933427480182482,2.4157308658289574,0.6416742770318207
3344,0.6272581089267186,0.6881782759129572,0.6966923711651336,0.49591309406899514,0.4045291443948976,2.6786616874995675,0.7518492696184971
3345,0.6949084176889803,0.7549045845474477,0.6650214490663183,0.5272205887008755,0.3706453499481987,2.5376272498079113,0.7222144020957066
3346,0.5665672494884826,0.5008162339910368,0.47201010637086316,0.20669639458655448,0.6322119434745996,2.694186071893777,0.7235400184046716
3347,0.7772462715035545,0.5136637029646364,0.6134862167043628,0.2513907571888582,0.5889150654711117,2.6139740748333784,0.48736387461582065
3348,0.7515716609783976,0.6717571940815124,0.6190957088757832,0.5309284967401038,0.7266966199189329,2.5292728846812604,0.8251926711077238
3349,0.8691047271531163,0.6595979682065396,0.7366605868797036,0.8456524303741612,0.6577582125824452,2.5837735271276494,0.6232434218104644
3350,0.3969234062495669,0.6011340042492558,0.583455263643465,0.5577866068823807,0.42259350763605663,2.488545754345084,0.876114170053179
3351,0.5633047495838774,0.4611028333646987,0.824937257636057,0.6083128665316987,0.299253205712582,2.5522746658034894,0.8122905967530549
3352,0.5243112286229175,0.9159025034826294,0.6214315672603404,0.7077076581665669,0.7917643245774025,2.5381327939666916,0.8910763618986965
3353,0.5923572723983853,0.718274297257664,0.7004335356589703,0.719767042081634,0.5888224466382336,2.583751755080201,0.7313683366880467
3354,0.6891153803357438,0.6367711371097785,0.4710294578531815,0.5013967109529301,0.7228852070231019,2.483677315503055,0.6151177658483831
3355,0.806940253546082,0.42593612046195983,0.5739861300802014,0.6054090370968279,0.6039856944328822,2.49691593775511,0.5929139343039894
3356,0.47983842465423876,0.6488997479224198,0.48012198705841047,0.701373952453552,0.7036303688963305,2.449050001597138,0.5849240181486963
3357,0.6031936986191188,0.5640151878509371,0.7365351347132039,0.7642357600326316,0.5764041443948981,2.4636577842530545,0.49365361311295486
3358,0.5737658408095323,0.5802370814796416,0.6177444097641391,0.4460207199957687,0.37156543932073816,2.793192599501,0.7945607384004402
3359,0.654079650242592,0.3583906885856219,0.6759847720789574,0.4646932860103405,0.3500106406562934,2.7570326595729147,0.667561603175719
3360,0.5333530632023084,0.4544393797603403,0.765515190854425,0.8792206753250371,0.5355016409122687,2.522175156824537,0.7087585550862437
3361,0.641843273293216,0.3003517327448354,0.8972862353330672,0.9482803762142586,0.5635084469252861,2.6026187523003137,0.5705517446633905
3362,0.7447794428357435,0.43526356045436265,0.4905300927908503,0.8649044518462062,0.8247171436278374,2.5590799882411592,0.6687909377551093
3363,0.7181474004657583,0.2644930412506886,0.6474002030924075,0.9457609726478856,0.7081811426376111,2.5574498837225446,0.6233639417173129
3364,0.989611024922731,0.5093847593618334,0.41994202715959206,0.7803560165511241,0.681815399763017,2.5749413436537383,0.8622306009388577
3365,1.0803317433213604,0.3350057509578501,0.49422260566768894,0.9042585110232909,0.6603671704684348,2.6174257231589704,0.7415329364769652
3366,0.7354524259643255,0.6889502948295796,0.5549093064921589,0.6810365808403526,0.22591040260679074,2.7316455222071605,0.8108362159057931
3367,1.019412597839542,0.6291711774660694,0.662944914908659,0.7663332199957685,0.19449080796195994,2.663190288598572,0.6476921853904771
3368,0.6389431793511264,0.5816017327448352,0.5113502150109622,0.8545406638545471,0.5243956028243482,2.418861361419555,0.7195865614130798
3369,0.7789205185004997,0.3236563821888583,0.6302206297603408,0.7763738122435917,0.4822743002611516,2.3912498672987588,0.5140776497949596
3370,0.7317783727631388,0.5528600750250346,0.7660094258684973,0.6582238755430274,0.6962819119690569,2.6486588833711737,0.9585008507472015
3371,0.8542548831790839,0.4932421324124573,0.7679660385027433,0.8062655378634548,0.7065635440305769,2.5925447283354326,0.7961569880810122
3372,0.5151215714461439,0.5679764663529926,0.4495387059681241,0.8485572813134526,1.0366498410659404,2.6306197798117092,0.6388723325656961
3373,0.5126380657266543,0.41578980508624375,0.5390806091507504,0.8600296361191195,0.9813170436787734,2.681743531473167,0.6159996665066639
3374,0.6021274065370523,0.45043004802472353,0.44425589717478614,0.6104004619755321,0.49805367500604214,2.7490544756833146,0.6909108182190573
3375,0.5864284952383604,0.40671718018207165,0.5659028214461441,0.7142109585244131,0.5186931412951488,2.626466711496391,0.5950173480311988
3376,0.4414670570036765,0.7992164616237285,0.6563114053871116,0.5931599063773383,0.9246094826485747,2.5722867986640128,0.38101628847080105
3377,0.45970186113163647,0.6967157631004376,0.8037274267628951,0.6777980712544872,0.8429816439800748,2.581799053201186,0.21720511592478575
3378,0.5447447067032412,0.5330165153049227,0.6647953812940272,0.4081801561856813,0.6768190426246612,2.5415076417427813,0.6633857413085319
3379,0.6544180658863678,0.4412498322462688,0.6958412608316339,0.5178584476284599,0.48346068912908174,2.5348889290001893,0.7430542533544251
3380,0.7095716519679354,0.6359619509833176,0.5164381694777757,0.5551051823231047,0.7876900998204276,2.5452032191328797,0.5020486330836889
3381,0.9403486256703656,0.4159505567161917,0.5423737241176863,0.6942653385731045,0.6132106510731044,2.5216443529840618,0.40442648578026563
3382,0.6962283280924073,0.5625335043131415,0.6986990800417836,0.5644430852182459,0.7275046092785226,2.7077265409632045,1.000826098510341
3383,0.9417892312430918,0.47562335256837307,0.7097807046899799,0.6080937740279004,0.6238343616750968,2.688803070615631,0.8084136924524303
3384,0.5865473952573527,0.7420474989130794,0.6612252560704277,0.5013763835308878,0.5138645110552331,2.5859477876402885,0.6001736831536166
3385,0.5970429397044847,0.4740687792363054,0.7295172719192435,0.6126757612149475,0.2520157997500668,2.691260295149008,0.5766883051825046
3386,0.4192196813643879,0.6425204551056689,0.6278997434171888,0.5233059188069774,0.4132245665575994,2.5313529064731672,0.8967657191328804
3387,0.48996152335710214,0.5609411653878006,0.738353366148385,0.48988267979875855,0.2503585678033676,2.4893295055273996,0.673502710984873
3388,0.6607067828790818,0.7871170212480123,0.3237198305848103,0.5547501747500672,0.6304204163465174,2.5819374344002513,0.7717299965484479
3389,0.7273598511944002,0.7470701372375496,0.42688393564601945,0.7557045771341243,0.6048583289552962,2.5630232301885476,0.6627338191777735
3390,0.6155707476349352,0.5719609615279008,0.6999793571055466,0.6824732756578479,0.5402169017762787,2.571076171618808,0.5651726541404771
3391,0.8062219937685593,0.4319408519295175,0.7639345115986942,0.8378309120968284,0.48943096737516145,2.6851204222580964,0.42441786809776105
3392,0.9178283257920946,0.30997999805019105,0.8179214378509375,0.6991093639754102,0.6900656616496293,2.590851350683315,0.6271135261050468
3393,0.8538811680718601,0.1329406661548601,1.0647369352627067,0.7206232599372365,0.5473902334156339,2.595824914269803,0.506259196030888
3394,0.7359047367713583,0.8353741106844371,0.6897412691389225,0.38651632202154723,0.7433899550098405,2.42370351907547,0.72729002591339
3395,0.7773770790506906,0.6313836266929674,0.7662619500893533,0.38263822095405176,0.6236662116556713,2.46325327882105,0.5263050084670025
3396,0.6934807411488184,0.753109992906104,0.37272435023568345,0.31175919452914425,0.4924470720854325,2.6230218631768403,0.6600306225710495
3397,0.7129810255615867,0.4397240062301415,0.2958134649151344,0.4034236420941515,0.42207196993145013,2.6230130201619573,0.45968459822285535
3398,0.4160228481270273,0.6362352257472017,0.46867795644769866,0.617643794158348,0.8268359525174371,2.688896287831946,0.5181247471238508
3399,0.40777258624041485,0.5491610100006888,0.6572654221937778,0.7309831371736641,0.7345035892758452,2.7219858681935896,0.44186849792241994
3400,0.4247673450277112,0.705036273389045,0.35456285902297996,0.5689450320800794,0.5063544562560426,2.7415107413085327,0.80521872696146
3401,0.4760987047858083,0.4561233160141388,0.43634073856015415,0.7684107756578487,0.4933828044788971,2.80993398782547,0.5133439948550468
3402,0.7531962348539253,0.8162295048242263,0.4759163563708631,0.5338057971303258,1.1356759224493207,2.442625544797637,0.7540508328216713
3403,0.7831126217720467,0.4736960856335025,0.5193485510601538,0.6501841110038653,0.8676677844770871,2.4191572544728546,0.652349951622607
3404,0.8636648296265275,0.7842433837544874,0.7676305121097777,0.6528059979224199,0.4840881978201167,2.706425761214948,0.6835291048371762
3405,0.8904952865533678,0.638156115797015,0.9510645319842514,0.768090046043838,0.5479604227372382,2.639513967056166,0.4540621770188704
3406,0.8694365180533009,0.824437244120363,0.6645842855631412,0.7382319999995668,0.609161510735373,2.520015868353303,0.5659732451105899
3407,0.9310741711711761,0.6662066411673774,0.764960995078647,0.64061334033039,0.5615515864325049,2.554496979549691,0.4123521072976367
3408,0.5541245338054228,0.6200738912636391,0.4921645311856817,0.9020254865158159,0.6838001613297684,2.5494922025174387,0.7497409236316368
3409,0.5995393744565397,0.3333579604094694,0.518601967087676,0.929719384425286,0.600606089659592,2.5038222989195544,0.8554274967724796
3410,0.6120634724238527,0.7575456021211739,0.7992269245264674,0.7416481010031767,0.8915402297089725,2.5375529153882335,0.7730852064153231
3411,0.7494719101478853,0.6177454312685596,0.7972604473729175,0.9202299234399799,0.8460827938712963,2.5130366173945866,0.7453149310773359
3412,0.7536159601858703,0.649446545308721,0.22186288215691502,0.5933738913590344,0.7379667220085964,2.6425814373717955,0.7592369367644498
3413,0.8625102525877982,0.5463319381064798,0.328795454402495,0.7502180709993782,0.4869351310065419,2.61350714250984,0.7773792973219824
3414,0.5626119247504999,0.6302483555718603,0.35806749284178563,0.4445236412955819,0.7965649811472635,2.7303178628893563,0.7163753545177487
3415,0.6717943612913501,0.46892928390168387,0.4082783056616467,0.5060618755745371,0.6545806852627064,2.8456321029521185,0.7074766581346242
3416,0.7640137782780223,0.5500125434551741,0.7515509104353705,0.8959503313838133,0.6141449388411637,2.4200416212609626,1.1317097116876143
3417,0.7358702835498802,0.45908439222235575,1.011405243513017,0.9757884380745367,0.6106562985681843,2.415725933569306,0.8795596167561643
3418,0.6481899080387963,0.8926749024466435,0.8324509753319449,0.4388648991237288,0.57546041522852,2.3948458505874872,0.8107612831026813
3419,0.5728017842211115,0.8361253790580322,0.8292133119880496,0.6204660660465148,0.3888008873968307,2.5113670547987583,0.6660045637138262
3420,0.6248456252551094,0.65284725114994,0.31124998747366633,0.5637880985742263,0.5374403922542983,2.5837184986255948,0.8448873867260321
3421,0.5264249299904148,0.4040065851858706,0.3916564157396044,0.6963701969257183,0.500075005399196,2.6954714564796407,0.7813352204434001
3422,0.6603037220724824,0.5685559218104649,0.5756466743986961,0.6849804211711762,0.9902808083457066,2.4025889484274634,0.7228123172288309
3423,0.7831300599432784,0.47736436033306706,0.7166435217595295,0.7506369500893533,0.8040239181996317,2.4666043115408502,0.5063696761559826
3424,0.34458987378487516,0.6952903774276512,0.6146527012712361,0.27668365583387744,0.5452666675288331,2.62845904671507,0.8268704783349994
3425,0.6188827453985073,0.49941543702042523,0.6927924980501915,0.38446155991133546,0.5833575372884846,2.5323214722002545,1.0183653638165622
3426,0.6607156258939652,0.5060316836331914,0.6818416809491318,0.6075227384643255,0.4853335259453336,2.7012772476029925,0.4667039056422209
3427,0.7271319156757188,0.3839484421006266,0.7296803144165671,0.8668532429699898,0.45815570769346703,2.637990184048881,0.3821911929315719
3428,0.4725306225710491,0.5470596392823205,0.5968565052718579,0.4853296151901019,0.6070007776387334,2.550622964499878,0.9711967616306368
3429,0.3650397685320099,0.47188074344913167,0.9349834856844375,0.6350989331216734,0.6495268334924699,2.595569077677152,0.7717636761240394
3430,0.5074131746861812,0.7374369396725421,0.43852690660093774,0.3406228167811985,0.4094452133495045,2.5529865486959555,0.8670117763286467
3431,0.5701605913849351,0.6035678368473283,0.5130906243922211,0.5100662750505024,0.33514353377347944,2.5545821999930918,0.6185599727756568
3432,0.6093421666663783,0.8621464019998781,0.6447526333711739,0.35308406473599474,0.6993879941199297,2.393313049302868,0.8431668816458309
3433,0.6715574074953355,0.7907694776642016,0.7378194977946488,0.41743717251363865,0.5969883343234148,2.4617547554954573,0.6169448402984475
3434,0.6494633850965172,0.5463389133749728,0.5850940359145118,0.32551178083387766,0.8998760625638857,2.536066124328336,0.5152761940495688
3435,0.48722711330461166,0.5251167518526811,0.7741937732293306,0.4590367621097783,0.7763851213883004,2.6435000821189307,0.48514768989614143
3436,0.22146084285473616,0.5270788951300148,0.3575980943884227,0.5049846974687456,0.5876836878828803,2.5059156728650094,0.8997241539488208
3437,0.354789349916256,0.4663197276322582,0.40521125846700246,0.6408691769230423,0.46253442066009187,2.525809328827524,0.6898525229099028
3438,0.2199612980247238,0.7772462715035545,0.42928017791326845,0.5316379135027439,0.42456304930286815,2.52094131310648,0.6713310918645101
3439,0.3346800890841887,0.5661424166344355,0.6732183023387313,0.6384193507791438,0.34850760819203397,2.5848309761948336,0.5268080864959572
3440,0.37628418781899475,0.8614082379212983,0.7813256037826315,0.7759228734658803,0.43665755741893203,2.5993281034632036,0.45614424181961677
3441,0.5124838662442137,0.7270282355566668,0.9187190694652586,0.7388847683722954,0.3395569478201165,2.6116164444013736,0.4387915862084725
3442,0.8055255060384846,0.7680592557190572,0.6298904587480123,0.3544310299714226,0.9098283698550471,2.5232880575147605,0.9254539682384826
3443,0.8212903318629551,0.6907853660525568,0.7991497008559796,0.3925247889818858,0.8925734405988833,2.5237075349881706,0.8205486801501289
3444,0.6174781102687481,0.5138659556806392,0.47693050920168645,0.4793540541594694,0.5325247464206764,2.6144623560833784,0.9007304852691814
3445,0.8007623672033635,0.35850134397316663,0.5500042988237266,0.5339649288724181,0.5706706446823829,2.6435232987917834,0.8761464050033653
3446,0.39387915260679074,0.7221394692925942,0.4929427517249102,0.6456170958582232,0.8621998106140765,2.476106701558721,0.6980859450087189
3447,0.5032268499162558,0.5392888156308252,0.5603210550862436,0.7645332729737886,0.5322491807894176,2.554432086528333,0.6356229369561067
3448,0.4778719475006887,0.8860606988427187,0.6317359928737287,0.4365207961077237,0.6333267119112136,2.5215149900623306,0.6419151415830671
3449,0.6440600563963309,0.5820756403368651,0.7304720623717958,0.5537463095595321,0.5153145580262787,2.5496086364066044,0.5472113726349349
3450,0.6338780184361814,0.738056451590664,0.39755338107042754,0.36151523041214645,0.7608307203151959,2.561499024060276,0.7961296853904773
3451,0.7522116755810123,0.5343891633430293,0.4603176375569772,0.46332370248549465,0.7199816254467659,2.4420420033224817,0.6532854361575369
3452,0.6911666548117088,0.5487144050991936,0.3627574940241017,0.47280720970672857,0.5135095034821967,2.4738377792043633,0.8372325738427191
3453,0.7949894820097184,0.4876975332623951,0.637453674302868,0.5727313605566662,0.5282809270188703,2.4791435568120193,0.6430171562495667
3454,0.8350488719317608,0.42802762666102484,0.3757166398896663,0.6386926255430273,0.4813295495903525,2.634220096976654,0.821668731371296
3455,1.0598165324318831,0.23760184991625585,0.4734347183977632,0.8143234115533674,0.30186811736264435,2.6419311351288925,0.6974051002995694
3456,0.4806761828341889,0.4808229839271515,0.5544329327703031,0.5527830992130818,0.502757874583878,2.4986450379916585,0.5847827476988208
3457,0.6986107950851214,0.2507651162442138,0.7059111987788332,0.7101492396790174,0.35072703268742556,2.4653788877166916,0.5157650736830051
3458,0.586385797385435,0.6804546592530543,0.8122840446055466,0.5541604316523057,0.5298225713183728,2.4767477376657556,0.6230218631768403
3459,0.709605331543527,0.4996819843743503,0.8857847100904752,0.5424320649915367,0.6204283004532408,2.6058874538275245,0.4965223183468281
3460,0.7122346168515598,0.7069774908609006,0.5064025094896043,0.5180904691648229,0.8453955722770891,2.4788708804315727,0.9433403169409128
3461,0.7140557375375519,0.6736429599303279,0.5721944276896691,0.6066954431871141,0.7127029938005018,2.6128180531692426,0.7046972593618331
3462,0.693457349213515,0.7751941507856193,0.5313409989450223,0.5153862510536793,0.5471072693948977,2.5233178263351217,0.6238918563069776
3463,0.7648141939856835,0.8388411541724199,0.5848476407201785,0.5340918256643229,0.4759381284183105,2.5470364226094677,0.545339557323104
3464,0.5714067657521216,0.5598719840549226,0.6160748471683104,0.5610889879851841,0.7168295330711716,2.4673340557255323,0.6241922584989449
3465,0.5709661146146988,0.4557282519804525,0.6893706185449602,0.7353889775683727,0.6194421212924719,2.4726599854927804,0.449092101066629
3466,0.52424633560156,0.7054412019420345,0.5900799301501293,0.7402093631768405,0.4219526467914724,2.468245126820737,0.8488909399600271
3467,0.7344282333517483,0.583374975459716,0.6395049487788331,0.8537801293450844,0.3206770215674395,2.4348239308213606,0.6255688172922832
3468,0.6474359256768407,0.8181197798117087,0.5743255672283976,0.5415548487343725,0.6016058688324449,2.5964534444652587,0.9142576021850595
3469,0.7320344572143256,0.688226927529955,0.7774203752870524,0.6749536041978879,0.5659311456410996,2.566784298983441,0.74369426795704
3470,0.3721315426246615,0.7985829991686214,0.5643572663914097,0.6392497105696164,0.5012663265267782,2.5158474048755934,0.7117165667811989
3471,0.4890607399021836,0.6565576253189945,0.7456502822078503,0.7828479421645118,0.6285713945865548,2.585849039780888,0.5795048711651344
3472,0.5874245389184325,0.7649842117514999,0.7539902736765296,0.7523845825976389,0.7142382612149472,2.305369861930638,0.9194527244051719
3473,0.6354617622051738,0.6056500769105246,1.0074306128574129,0.9420505984788308,0.5500671488362437,2.3842449335373637,0.8631328290191813
3474,0.9398346616176867,0.8511646193115867,0.508163246292905,0.7660946463118976,0.6300093587670046,2.59267757889141,0.6897408460179374
3475,0.9913335730117734,0.7296100660145721,0.5458114219062928,0.9378488785465147,0.6339753216701763,2.6508990584095917,0.5817327155544224
3476,0.3984034698995073,0.9354555255300768,0.41170554054751457,0.44439410311140015,0.7552703028817583,2.523596879600627,0.3036452708327562
3477,0.38547877725542024,0.592374112186181,0.4947353003574127,0.5263978025623307,0.7957851407201784,2.5049158936921563,0.24175798274483562
3478,0.5896179300862434,0.57793056879446,0.48786814941164636,0.4416847048820693,0.2748857518207385,2.690684327325781,1.0843663347386712
3479,0.6737887395188703,0.42410538311519874,0.5657714155155716,0.7018725213438404,0.25286546545816113,2.7674212841252825,0.7829169212035523
3480,0.5847808799524301,0.48359949344913133,0.6654031609464548,0.5127744039168776,0.65731160768095,2.4409420316648234,0.6271919465424053
3481,0.7278688829874277,0.25131684589016634,0.6598427435130172,0.5985383985168156,0.6176234667363054,2.4800234144614595,0.5603175674519975
3482,0.7247802390077858,0.45135115890168376,0.5464647886624578,0.4939451722900396,0.6572644006893577,2.361967365956729,0.8342920003189949
3483,0.82092690439602,0.23745258269346708,0.6192663250250345,0.6632898826999427,0.4875172278562907,2.37348241861532,0.7845160601349348
3484,0.7768105526257836,0.6014483569782089,0.6564313269105247,0.6585955476414104,0.5584771408483831,2.626258928137301,0.6152931389948356
3485,1.1673316246481966,0.5556146372371162,0.7897393312875517,0.7286953320226688,0.576446666985373,2.7330319455198033,0.4888342490089074
3486,0.7700033624417231,0.578863411937114,0.635635442867686,0.39792913918649225,0.9242402766800171,2.3590867531947106,0.8475386193439625
3487,0.9445271289298279,0.3990985130041764,0.6759589140138278,0.5430825424968903,0.7136707132856194,2.4554274266675002,0.5999699858122085
3488,0.7571811531498179,0.3995264103714853,0.5413345594637036,0.4416869957494448,0.6086594542108377,2.427215128162768,0.7944397953726068
3489,0.6787167160016218,0.2471021969252858,0.6992185747375494,0.5405495389184332,0.7098486622245991,2.5116838736575366,0.835768328476154
3490,0.713438268628271,0.6015925166788951,0.47572847731283063,0.6066215318884227,0.8937491913016236,2.7437825529137023,0.6672854391610246
3491,0.6709149267628949,0.5269384709221092,0.5228562493922213,0.7859889006578481,0.6943462251402881,2.673960800293528,0.5325773087929053
3492,0.863044120941535,0.4646283929889824,0.5588016059551736,1.0605370104806968,0.8049402720793906,2.4945919868986954,0.7900799652026188
3493,1.1027023528558577,0.37677986745847225,0.7059955729802637,0.9855811905026217,0.7632501792552986,2.5360270893721077,0.726259456415756
3494,0.668978641550691,0.6914060747375499,0.6512891901836269,0.42619400006345226,0.8615920309616487,2.516243913534687,0.7322605249866163
3495,0.6942094638290799,0.47881669817148714,0.7373782482737908,0.482543065886368,0.7882816380684943,2.5854679262841858,0.6768007582114599
3496,0.627475932067562,0.3562338662442136,0.7486970019804526,0.7923316246481965,0.7843316687111495,2.5814883633689307,0.4321217557190568
3497,0.9316948798561693,0.13478620028057697,0.8784514730631418,0.9464414668321339,0.8379027803866786,2.5432049301501283,0.22516484013873395
3498,0.7472064754277734,0.8474747478270244,0.640079048855669,0.7269362151072234,0.7468707737723576,2.4878348929570397,0.7435055426570373
3499,0.6829480294918476,0.7442493099747881,0.6385803502676266,0.8005677607353727,0.7605362718873007,2.4122816836331915,0.701291022877527
3500,0.6851501910784576,0.5148474504402909,0.6185523991237286,0.7766608622820097,0.8594148811981981,2.532002785595085,0.41883405872901985
3501,0.8668590214716111,0.28331691749689036,0.6691473899535524,0.8698558202642611,0.7708606018017462,2.4621438657650723,0.21901943660473627
3502,0.4398668965678727,0.6332568866302036,0.8627248359529303,0.3800902453341889,0.5748976242963928,2.6825654713697413,0.9312521857099055
3503,0.5270941150299553,0.6455641103650096,0.9192484286803282,0.41518611145149725,0.4625974459350596,2.66939420826887,0.8616745374166894
3504,0.6138644409502536,0.5815532563902881,0.8440013274539848,0.5620099235996935,0.5850593348344998,2.529973881550002,0.7985394550737261
3505,0.7111529296071017,0.3966133873968305,0.9045696239765317,0.5778671203985076,0.4894876157650718,2.6096840699444,0.6914674801246614
3506,0.932912657432316,0.4797373859274625,0.6628258396272158,0.5725504567671265,0.5153753650299554,2.493923823363577,0.8389889767698034
3507,0.9274816755166932,0.5190267999417237,0.7252789831605247,0.7168258701744751,0.34910407869975374,2.6205898983251594,0.6399490875505021
3508,0.2469387313069773,0.6646843027854972,0.7799465788594675,0.32379272037908213,0.6356705670686836,2.606717215234563,0.733349610620552
3509,0.38111095031251957,0.4611911183213603,0.8261062083327558,0.43984597076239507,0.4257478182829428,2.601681823139978,0.6834547704175
3510,0.7427406742713579,0.5578841579749099,0.5212441814282739,0.372136051763328,0.4456478511305147,2.6550759417811984,0.6333595452448357
3511,0.7379338886749749,0.37166154578786287,0.5174143088567905,0.4519345251143878,0.25924637816276824,2.6494808232677487,0.4431058292747235
3512,0.614759693762084,0.479394709003554,0.6102329103395421,0.4407685262647605,0.8185807583711739,2.7096147729418463,0.7493558993797039
3513,0.6557947999421567,0.26255879904732604,0.6447485473534923,0.6514641402090945,0.6511795563005023,2.771671057291161,0.729919734342408
3514,0.5658759418765942,0.6815536094062935,0.34453935442148675,0.681686459962271,0.8104419981140767,2.703814337199131,0.6884347108890445
3515,0.7297737068953308,0.59285848268095,0.4077230883814478,0.6720889849816962,0.7090164346877359,2.655553337007475,0.5129132082369277
3516,0.589450976833689,0.5615836461202409,0.645211992042783,0.573142418136179,0.6834557919219204,2.6975798024665028,0.5604048309042389
3517,0.4890706044214873,0.403589749104736,0.7191177613431519,0.5516494479798305,0.5980277468359328,2.670593350906915,0.38338438180554474
3518,0.5120606532780221,0.6046579439856837,0.18935666800797465,0.5141932374421567,0.8316557397424696,2.7504345221109006,0.4552855578341892
3519,0.6628050890841884,0.37234425824340284,0.23162748565249494,0.5130167130935296,0.7364632664233528,2.6980859450087187,0.4217072731015594
3520,0.6445756403368655,0.6360249762582856,1.0159815247945274,0.6315526229543627,0.7223694478201166,2.4742240002231664,0.69147692152298
3521,0.7303098661164422,0.5591204678227932,1.0152022101547933,0.7469432404456441,0.6677817171839373,2.4379008425353086,0.510498083173042
3522,0.6260720705836887,0.8661333633046115,0.5618121800223581,0.5392487591701767,0.7812075500056092,2.4939589475645745,0.5092478227881743
3523,0.9915403348664423,0.6394985718937758,0.6118583304570391,0.719130938234251,0.8392542547607733,2.5203326872120813,0.37785169018362674
3524,0.5335037750505022,0.4933349265077861,0.6058289376912236,0.5662869994561065,0.8217408475196808,2.461851883467003,0.585077619247701
3525,0.5263625030988831,0.3433903080258452,0.6131164123523706,0.6982107987917832,0.8366680904266517,2.491008509521547,0.6217142834225421
3526,0.8658836557384828,0.6412587103136412,0.607557862665323,0.7949093690884204,0.5255668443884228,2.479289759521547,0.9297984032460797
3527,0.8272209767693706,0.5742736032396043,0.5217459900942734,0.914731932898074,0.5040929322911613,2.5754132082369274,0.5373658825721711
3528,0.5475787108571022,0.45668695318823654,0.32179154214551964,0.6955893349942133,0.6267412556232288,2.43309380908039,0.7530192418196168
3529,0.5509658892823206,0.4866357503189948,0.5597336028558577,0.6414165726927786,0.5170816717146364,2.4659659168260917,0.6712997031562928
3530,0.34867413832360394,0.7614210617963928,0.3416147744435895,0.3839737017823205,0.6316979794219202,2.5157145543196164,0.48423295590423865
3531,0.43728319836357665,0.5850003955772135,0.5531549465739153,0.4825030094257185,0.4094327074379249,2.540696164748945,0.4490079021276493
3532,0.6688118635605871,0.9619159302463905,0.5599175711586588,0.3959125657905398,0.4979152938069769,2.5078098586077227,0.5782552091637012
3533,0.8007209387133928,0.8681791071374894,0.7120839050033652,0.6947343139054821,0.34247472779197236,2.451048713700875,0.3496923771721093
3534,0.35314709001096223,0.9068206850386734,0.7377182838054217,0.8098085356589702,0.7938076022804547,2.408046284125283,0.7451893036483859
3535,0.4013842751463303,0.8285870000638854,0.9356622873847461,0.8683913996352459,0.8850144863241589,2.427290484086865,0.8008167973219825
3536,0.4349855286932785,0.7851883096877359,0.4261894909247859,0.8821156617450245,0.5169145431996316,2.5194130209605268,0.9410645945805124
3537,0.42243539739838537,0.45914171159178563,0.5839811352242882,0.9583295636184305,0.4923320828216718,2.5727319589401016,0.8321286258300795
3538,0.6186396625759698,0.7227464027030523,0.7395274243671863,0.6168060359783974,0.5932937784377361,2.5833907937430927,0.7088700567157584
3539,0.767685540611833,0.6110645394929697,0.6805645409947138,0.6277847541534275,0.48225006208387766,2.5894390693055445,0.5203996232422811
3540,0.5865950253699299,0.9946975347641389,0.78953810007597,0.6926230786678107,0.6441374553292684,2.6558428531757188,0.6617814948550469
3541,0.7638893476159427,0.6271264551376114,0.7855952812495672,0.8760819351029924,0.4463348974622707,2.6817410653433407,0.5118697097067288
3542,0.45929880032503684,0.882470246197077,0.5204004694842512,0.31251317689109925,0.4509088878764054,2.5954699066967666,0.9397671272040519
3543,0.636752852696577,0.5542267692990693,0.5045598646146989,0.5130509910525564,0.30340236327266906,2.6090992591062907,0.8911617576045472
3544,0.7345320887332514,0.7608986778498159,0.6034735981265943,0.5322173689602159,0.7739250076041141,2.604988713381448,0.8474343408414746
3545,0.7526541944648253,0.5937576462480122,0.7556491255110847,0.7939917458457061,0.5899189306616462,2.6817792540575995,0.6818264610491913
3546,0.7257590923751615,0.37066772037908147,0.62458154403101,0.6241154579494422,0.5299539772489451,2.5088383850965177,0.8050868979099032
3547,0.7405937164492535,0.23794290695230805,0.8716654565430942,0.8166613129467661,0.4588135835882984,2.460219064960027,0.6971964706985098
3548,0.19632996520261914,0.9614385350201143,0.4917857085563555,0.45934294280336785,0.5553981861255947,2.535266131741659,0.652474382284686
3549,0.33227338391420097,0.7096191068180621,0.5681033631448982,0.5766536041024921,0.40855080677964356,2.6484948193694304,0.43843080013381325
3550,0.21150733879670358,0.5988338684491322,0.8569192200920297,0.4894340318884224,0.7006610480566662,2.591909645992469,0.796317141327525
3551,0.36317390698425095,0.4337808554121463,0.9412839349428452,0.41817678121762436,0.5789580737788331,2.6559524870588427,0.6426785653433406
3552,0.72498827022541,0.653611521152184,0.6036760261050471,0.334361825600005,0.697958026712393,2.5680448470085975,0.41718771280604405
3553,0.819808225204174,0.6438419853969524,0.7226649177524324,0.4130545487917836,0.6274995718613999,2.5412782615986944,0.3367835028113979
3554,0.5199959640522457,0.9513133933084104,0.3967345056871144,0.7287598019230419,0.5641613905604648,2.543520304383503,0.5466838811662561
3555,0.5186218713887335,0.5353761887457683,0.3965098825402288,0.8233763074189326,0.5019112733890442,2.58179658707136,0.3276652908034898
3556,0.7447521401452087,0.620722150497701,0.5341982197717359,0.5165993442287091,0.4701148991237288,2.619032858863265,0.6752784198295798
3557,0.7404046406243502,0.5676746195356197,0.7767690515397285,0.5750062366750966,0.31088180300952933,2.608730899379703,0.636966837678273
3558,0.5722833110297659,0.6410385963054226,0.5607676599877383,0.4794879262198681,0.5830497367070395,2.5840585341572253,0.5292217669344372
3559,0.6439573977816986,0.4553397400942738,0.7884650079878603,0.7059048218937756,0.3726619233441513,2.606811453955297,0.4007924890397287
3560,0.413712249424164,0.610802501277711,0.3925342303802035,0.6423865830452707,0.5090069582369275,2.417766322021547,0.6052043182509996
3561,0.4970691157331291,0.45178874552584514,0.6489761253509375,0.8214316023128305,0.4133568187301413,2.507685851066629,0.562386280099194
3562,0.5507675473215498,0.736035544318495,0.2909756411354349,0.7781714683981963,0.5573353175797677,2.5402093281243507,0.9911121896405992
3563,0.6779101712674376,0.5269795488871788,0.3736128030414723,0.952541283262395,0.49262057748549504,2.558504866659903,0.7496234682380496
3564,0.8572317776706764,0.705091301891099,0.3583838885795795,0.6555344542108381,0.7839193417686814,2.608731322500689,0.9618153146405992
3565,0.8347252530669402,0.45094010132217116,0.4524961192796441,0.8785639961970767,0.6616217647295197,2.7047533093683085,0.7482651938579127
3566,0.7617502113043012,0.6743478675543009,0.4365097348215492,0.7893325349881717,0.5576055278303904,2.492559595219367,0.4935396453536139
3567,0.8614969459989449,0.5499125262328183,0.5721469728395424,0.8400045742260316,0.4790398766929674,2.547066614550814,0.38368418561407713
3568,0.508378252779022,0.46164163397808683,0.5300036503703631,0.371113902159592,0.8028416153493828,2.6732018856719195,0.6924744098284574
3569,0.604681934304423,0.3634262559426563,0.563946631932883,0.477570523804301,0.7386529220983831,2.6202453536548598,0.5304164004338152
3570,0.8446218608765271,0.575241570583256,0.7388574656817611,0.6288861704364921,0.5005979877292084,2.6027783071633896,0.8693903325661296
3571,0.9919368435255344,0.48527807432229325,0.7731512962035522,0.6824435068374876,0.5684569260925297,2.561294728335433,0.8632314016161313
3572,0.7388847683722953,0.6931924943435294,0.40182348165834775,0.556402051316129,0.5056787190689946,2.6757691672094053,0.5360260678676864
3573,0.8053649296709875,0.50565057013649,0.4083109637328179,0.5962134261559824,0.43441040711202206,2.676344711911648,0.3878908378060448
3574,0.7850622591378006,0.32379663113431323,0.7832335647998803,0.38874790190361647,0.5725941761244726,2.6269213131707985,0.5156529736700537
3575,0.8281044973155072,0.16108747325479872,0.8384109659377366,0.527362457534186,0.464542997283132,2.660179291410403,0.433507332789729
3576,0.5765866680722933,1.1137272565180594,0.3126856607867413,0.8428287138605891,0.4650427629402907,2.45870556959303,0.5463988741366789
3577,0.655877378993281,0.6958228011559826,0.4599314165381738,0.9772731861255946,0.3255138238427189,2.4852125829175002,0.6356368874930918
3578,0.5752704931616468,0.5800520916724203,0.3907001806616465,0.5087927979927809,0.6199057412442137,2.4986965788594673,0.8713494113302009
3579,0.6923126366940895,0.4797854391610246,0.4715271805014999,0.6190472325212362,0.7103270789552961,2.609506653789106,0.8015632060320096
3580,0.6865327036358677,0.5709344780479474,0.507788086560276,0.7169082013670641,0.7070409392568533,2.3597138387647614,0.449940322149318
3581,0.8475250919279621,0.3172337931357459,0.5688557256189974,0.837409566877027,0.5824815903942758,2.445941876437425,0.4444511746222956
3582,0.6016812247565416,0.5072659504722333,0.5807337826235396,0.6757408430144498,0.6154105943884227,2.460888249999568,0.8875895893721069
3583,0.7241065448295796,0.5085102570930299,0.7724482563259698,0.7594769550737265,0.3821544488427188,2.4636865315689946,0.8027132739320719
3584,0.7547814232483231,0.5485335013096538,0.22972445689489773,0.32539330393587035,0.730704331766694,2.5878458841382344,0.7413524558084099
3585,0.873921625127338,0.4205783788655094,0.27798443558213387,0.4024739591637016,0.6601685806491292,2.64540149098867,0.6891753410974504
3586,0.6053975526896688,0.8498853637522438,0.5658151348729177,0.9472137336072909,0.8370853496287709,2.5435139274984446,0.5941588393082214
3587,0.7861504985297664,0.7101519536673777,0.6527043608122086,0.8842054754601495,0.45158853581868363,2.5624343333327553,0.6006738719317609
3588,0.7826130313773381,0.7431261216442759,0.6737536153178727,0.5268130187556094,0.768066654108534,2.7510844012328186,0.7831885760795793
3589,0.8076724638605896,0.56063192018095,0.8198150252102163,0.5790375157206116,0.5639542055848107,2.7412485278308236,0.6368830618602783
3590,0.8243970123972634,0.731901606658348,0.48066240755965417,1.1220173270067861,0.9298279968039898,2.6524423225969502,0.8885864792941489
3591,0.9955278945546121,0.5509034623907885,0.5780538026896684,0.9443226579425348,0.7060937224562283,2.5933937956600923,0.7643953148957087
3592,0.6830124993922214,0.5357176689028058,0.5158279236955221,0.7448983428547358,0.9273366695740373,2.4802628343873003,0.7481522476029923
3593,0.6898385723729175,0.4597351175862434,0.6437707154905369,0.7878765342530547,0.6664708976539271,2.5505044876018705,0.4676527423307015
3594,0.7090291884578502,0.781023581702808,0.691490872059965,0.480723812946766,0.6909038429505645,2.4785630798501264,0.46470723654732604
3595,0.7260368762777112,0.6134492247569752,0.739290718429706,0.6289972489450221,0.63418046363699,2.554947495206418,0.5072144096044251
3596,0.5919636529901043,0.472018103143776,0.37179006246762397,0.6821747412122705,0.6132845623717957,2.6359561724816962,0.8143075932699924
3597,0.6810782571888578,0.31425749702758926,0.4701089453596562,0.7403130432958932,0.409337024091786,2.609903760831634,0.5229248053102761
3598,0.7056473654132682,0.6281783735617086,0.6007061068819474,0.6590495509323827,0.5320830737788331,2.6297269931297036,0.6650809867070395
3599,0.6763145199703008,0.42746687873773875,0.6684018274854951,0.7085653206475745,0.38010461899215875,2.697151905099194,0.5186194052589076
3600,0.46470170590423854,0.6746418928612111,0.5771743681612137,0.3350519364450223,0.2762212326490073,2.6712308993797045,0.6433680778049228
3601,0.6123490778368655,0.48967693944850943,0.7587334356145099,0.40377065289427605,0.19466431336202225,2.771922384745147,0.4886835371607138
3602,0.3661422063194949,0.5878964035016216,0.4687007499995668,0.6679547994630147,0.6713393364959573,2.552298480859779,0.6598347467401042
3603,0.4473492255555447,0.4364690799774643,0.5192662198675643,0.7879646439472656,0.57830675003151,2.6520361972770896,0.7211253164617708
3604,0.5291012470275894,0.6988859375953947,0.6173290183084102,0.7081329141415991,0.43300858863698966,2.521878840650251,0.6775046443310121
3605,0.5828257119435897,0.5112023924135792,0.736320974469057,0.7605666390910968,0.2987148282201788,2.5821762559426564,0.5058631104927807
3606,0.4888868113811362,0.3868879941199299,0.6693040555658185,0.5517248039039276,0.5071470504532413,2.5879573857677487,0.7266777371222959
3607,0.4590996121222954,0.2572263171325694,0.8298463513221715,0.6469868546455194,0.3214533743602784,2.6512043928612115,0.7524243911997538
3608,0.5347332848923431,0.48132504045168645,0.2384455618602785,0.3141806964780866,0.8744659563838134,2.5143751627361164,0.6230715362982588
3609,0.6826921928991966,0.29280348923138544,0.3232315493348108,0.5407700760476369,0.8429461692541762,2.5486201663784604,0.5292484712415367
3610,0.4631966304311391,0.7781776700208027,0.6999908415127062,0.7275717205711715,0.6879454081346239,2.6398971235617092,0.6388926599877385
3611,0.5597050308023677,0.6519109203730399,0.7512613942671266,0.8727962185255342,0.40997559406899475,2.723429363017127,0.4771701043899774
3612,0.4931187232547981,0.6507785385027436,0.4536720452448355,0.343413699961149,0.6766371173307014,2.496446539301746,0.963529618098194
3613,0.5531381067861187,0.5034171951041142,0.5079361570161942,0.4145068866302032,0.4717419391290821,2.4755381321249716,0.9412993301052358
3614,0.6524618763731064,0.5556320754083478,0.5785059382342508,0.8492826916219179,0.4261295301630791,2.49623135755318,0.6664561008749725
3615,0.7106533392123933,0.408123084674786,0.7165121158289577,0.927309191621052,0.32586227926824807,2.4524655042173134,0.5687591960308879
3616,0.7089747583392308,0.5049598609080367,0.4963771371417215,0.5317138678102756,0.5507061419344372,2.529039418519492,0.8891439874417234
3617,0.8090763253444628,0.31816927767067643,0.6709898595660073,0.6789411638860569,0.47186883592098755,2.5050789361894807,0.6832446961910346
3618,0.5493661519675019,0.7818783549330048,0.5713695985422832,0.3952596221553602,0.9779259544983229,2.53769316433369,0.7504737323295795
3619,0.6692742867454576,0.6780637723664429,0.6730838318948978,0.4917357875764028,0.5630827678292685,2.5600083222451464,0.6212664817541764
3620,0.5762123545816341,0.47426652281364134,0.6017243457304526,0.4027792936153208,0.7661859957818206,2.5833466512647614,0.6429664616237283
3621,0.5839300174774646,0.27878213730143514,0.7816939635092185,0.4402504761944005,0.6096458812301417,2.5716106383559802,0.4582922211461418
3622,0.4769760963054226,0.6946246800223579,0.7781024893591567,0.38649599459950473,0.8921442738686195,2.4305727130300765,0.616057161138545
3623,0.6580998680019327,0.560409340042905,0.8317598429825075,0.4257086080642633,0.7961420160396062,2.4744385835882983,0.5363595512518107
3624,0.5472068634962682,0.6454996404646363,0.7846692381129551,0.36560647021936793,0.9559270170622085,2.3757513409696784,0.8589662332878627
3625,0.6239900057829428,0.5357246441712985,0.6750488644230419,0.4545866039742881,0.8993108055019328,2.393648152574847,0.8842420442865522
3626,0.3588196074573503,0.798018340490104,0.8759474646591584,0.508447231818062,0.1865415466507508,2.552928455680638,0.7373039138541141
3627,0.493268836719557,0.5414749836716094,0.8118971526072235,0.7286830013735391,0.14829196826999225,2.6439109644359924,0.4831311165001886
3628,0.8750082446314478,0.5799399916594701,0.5641394432505666,0.6982572321374897,0.5951586184810749,2.517624558345707,0.5057238830517462
3629,0.6312750143142631,0.5091239905095297,0.7112214855251566,0.7947726077772109,0.35184180112403957,2.5594099839910367,0.42172206988051475
3630,0.4809548129787088,0.928787562787052,0.740092929287674,0.7246970615732263,0.6816622217849974,2.5481090915765923,0.7948295040256564
3631,0.6363457058722958,0.7399019857163802,0.8622597713757829,0.7586880963693083,0.5112500225261564,2.5642681351927785,0.6342800577383605
3632,0.3863873822208009,0.917587709099383,0.41773162094153476,0.8562395721497514,0.5520292921135765,2.5336460670047978,0.6455561135920965
3633,0.4987629165062313,0.8204819193823805,0.6956408758620222,0.8538587976409773,0.48947017759384015,2.5880456707244113,0.607862949258408
3634,0.7462436882023078,0.5526161459605271,0.45332996670436243,0.35006464765392775,0.5366227862339403,2.6037419406308255,0.8027148938199279
3635,1.0078985666853706,0.38236860908686515,0.6442440246991313,0.36230451223754956,0.30770078805554446,2.5524323529201767,0.7416503918705518
3636,0.7106868435255348,0.7491499837670044,0.7312051189282732,0.3472940918960194,0.9074265969447112,2.5274585640013107,0.6253185113427185
3637,0.7746329797413483,0.6944092504152561,0.6972282825277113,0.4840838639438999,0.6874784758110868,2.551921701239294,0.5324910668450847
3638,0.5611499702513106,0.5695300181806389,0.6166271751976989,0.5198444059620819,0.7672732136693653,2.585706324705607,0.6743647073420967
3639,0.8180918787377384,0.40449444331488515,0.7176303718998178,0.6506639723599673,0.5355737570606542,2.660253202709094,0.5981443559875494
3640,0.5507478182829426,0.655651909604425,0.39046918062970404,0.2807342407970144,0.8903061381323801,2.522761164429517,0.40340535768095037
3641,0.6331275237084725,0.5108069052589075,0.4549087782137037,0.4473952357802657,0.8567989480437157,2.4859115367774005,0.2904592109529299
3642,0.5824840565241021,0.5500275154965792,0.6215114323231038,0.7033047070226687,0.6625905057190568,2.571320100683315,0.9723690246991317
3643,0.7146283929889823,0.5495700245713604,0.70387923022049,0.9070469280734152,0.518884084866442,2.537242050293527,0.8116704864514973
3644,0.5234352817287087,0.5561819373079103,0.6106146222196792,0.3956489076874254,0.8455793653174396,2.534901259649319,0.4893880216637015
3645,0.6213596989704897,0.2350518312875518,0.6995867592016858,0.47731077645641745,0.671509529524224,2.587859236291784,0.5060594094447108
3646,0.4310043458901666,0.7220863085369301,0.5637365577064178,0.5459637536423432,0.7537611413909774,2.5062378471044244,0.7057937433852466
3647,0.38732924364078863,0.7162837571892909,0.7143136171390444,0.6604702522040522,0.7349975764313829,2.5678610539682456,0.5397830506448978
3648,0.6882453872056071,0.6466106734084699,0.6499795674204875,0.7485507992709249,0.5510843661803284,2.4532334371162547,0.8866703462415371
3649,1.067136665164201,0.34034852051289494,0.7103482526193083,0.7909187448869897,0.44786769874689014,2.5087893103585346,0.7500158182833753
3650,0.625187703795582,0.7070310747375494,0.35138924245847253,0.7088720997245993,0.5835062061278381,2.500228358639666,0.5087570754083479
3651,0.8478230279901043,0.5524728325018105,0.42148613758892034,0.7441295637138254,0.4792872933917211,2.6026335490792687,0.3835435135476367
3652,0.8376990830452711,0.756614203603925,0.5858564381703653,0.6533345108955195,0.8314610606783955,2.5247325738427184,0.7633534362533658
3653,0.84157454272049,0.6411759560000672,0.6999427882791439,0.6408299667043632,0.6764892947333179,2.6043696245843115,0.5421501224752212
3654,0.5622676279387357,0.5508141559297062,0.6661538309366142,0.2562066336586588,0.8690155959544847,2.567353889921609,0.49032988308368886
3655,0.8245468780034875,0.4399759320675616,0.720998244407415,0.2892025736830045,0.7932901505935298,2.5487000314412227,0.45713560109857215
3656,0.4652371941458309,0.37500824463144755,0.7357567389115244,0.6582896148063556,0.7616615032266537,2.63641119727709,0.7724013998592785
3657,0.5537844982737906,0.32757394133356665,0.9829740277669379,0.7088915809046712,0.4949067627486342,2.659761010703864,0.660569846305423
3658,0.5125879694842509,0.7161640835244121,0.7342467311787735,0.540323471146142,0.8781319402160027,2.4979401303676863,0.8071872471238507
3659,0.617899630751,0.6551825111510617,0.8843913115093409,0.5968142305399178,0.942055778597017,2.6668041331795176,0.6509485562685596
3660,0.7483224406312585,0.5451089804121468,0.4448037160655073,0.6025041861575371,0.45412911304906933,2.6514285928871124,0.7081955162955821
3661,0.7651353467206787,0.3927147110487587,0.5307073612274648,0.6728795361700545,0.29339876297223344,2.5479895931741643,0.6253259097321959
3662,0.22193024130809913,0.7744401684236639,0.5858708118283352,1.068610279333,0.5692495202897284,2.5315095720854317,0.7430750038974522
3663,0.3242081118348108,0.6077705782840639,0.7773772543131416,1.0856451671770297,0.41866590870959375,2.5521670749292054,0.7137119665131393
3664,0.4961059053866786,0.7056865756319476,0.4626489868028678,0.5560178733061666,0.631716862218557,2.530420486451497,0.9579158646466417
3665,0.5739151080323206,0.4353360271276489,0.4981526707239771,0.5483643297858083,0.4765537295812015,2.5623312515971386,0.9762163354418454
3666,0.7247445164233531,0.56325525172491,0.4606422779262185,0.7002735576749076,0.5856677128703632,2.630446872795082,0.8196801316453974
3667,0.9054016036548604,0.4842389096683106,0.6169086945930294,0.6833455596553605,0.5057405475770922,2.668792382380514,0.7221431321892909
3668,0.3646026050288332,0.6610979361575373,0.5747077022295201,0.2668110383430296,0.6355019939282731,2.6690512834864286,0.7637296174904152
3669,0.5364478362084724,0.5000150446374898,0.6135200715424052,0.37273336851301725,0.5922457707688704,2.6938776729288954,0.6111460244435893
3670,0.4849894043960197,0.7595100362658826,0.7313671399211762,0.6081701514564174,0.6581121986510619,2.5170445045047987,0.8513303032011867
3671,0.4919483279326941,0.4469328125953956,0.7522459535400396,0.7915562933597784,0.5791365114385472,2.550755815055856,0.8698968982293306
3672,0.3622156288974525,0.618489972232196,0.3554769946314478,0.6702625815111511,0.7860328678737284,2.617858975906915,0.6661335035145721
3673,0.41429332476949265,0.5308983047987583,0.40821816963748975,0.8025514282016195,0.7451492471877359,2.606110033965569,0.4810593393397311
3674,0.21711538634271854,0.5357478608441513,0.6144791958711742,0.5294800696569147,0.7233357226798285,2.457486099532943,0.6536482652410373
3675,0.33147874670816124,0.2832643551246617,0.77115198571638,0.7389572350455821,0.7861786474622707,2.4623376985871768,0.6357588520253458
3676,0.22979632518474846,0.5969388364644477,0.5312042376338132,0.37629447545928313,0.7319716072018082,2.584217242778333,0.7186422338632656
3677,0.2874927793640769,0.44551788982534796,0.6845779587480118,0.5152223623143855,0.5689093094956464,2.584051558888733,0.4903888223409749
3678,0.44449182946638033,0.546252248306167,0.5745912683403529,0.5337423487343733,0.6991972258110867,2.627392579370552,0.5598175539363035
3679,0.5048469146531167,0.45053006524707906,0.7273440329110248,0.7025833827318853,0.6064767738043005,2.612440427306788,0.5685573664358703
3680,0.38161853748014196,0.5253249583327556,0.5324419921071021,0.49936269938574607,0.6344827335753478,2.4454595489514976,0.5962214229288955
3681,0.45928604655492256,0.4273087685000668,0.616528427338298,0.61928129706644,0.5091979018082213,2.562501269362955,0.5199082774790198
3682,0.6418644469572283,0.6149457050737261,0.3570102190370524,0.7327835073166291,0.2370059777919719,2.549854010096517,0.8708262537377389
3683,0.7364400497504998,0.46417770206980513,0.46562323990218357,0.8462105369051715,0.21639610506077583,2.5441746926440874,0.674802644491159
3684,0.7501365860487588,0.5679319007536765,0.40604161825747503,0.8808271400498138,0.6191562680209249,2.694299193411147,0.5141490949638257
3685,0.8376216841123331,0.4517852578915993,0.5610908557315748,0.8941407677010643,0.46949478882217155,2.753678985460838,0.3209100646082237
3686,0.6823453573615221,0.767708932547137,0.49964626178991756,0.5809900423371763,0.7792030594002513,2.452661380048259,0.8830765812240995
3687,0.7153505635217368,0.66498614960287,0.562185048887612,0.6606170532970145,0.7772284102113378,2.457337853814575,0.6140235726923454
3688,0.6240339729988222,0.7266148871097786,0.37811228377347994,0.8119817746671885,0.8990810748329447,2.5061288116047358,0.7553522109533631
3689,0.726072175741159,0.6725816001079126,0.5820717295816342,0.7947878276771516,0.7216250821189306,2.604554016008097,0.8204063881958327
3690,0.3050470893077881,0.8638055016929675,0.3739854966442757,0.5734863644230422,0.8451734152600296,2.474806943314885,1.0278634925543009
3691,0.4477863890587214,0.6833738838503155,0.36135465404464895,0.7162677636434648,0.6756338505236018,2.5013139566393554,0.9142304747569752
3692,0.5078509365727935,0.8224989158993177,0.8178848690245345,0.7223977720150719,0.5364554098603999,2.517056412032943,0.4608648580642632
3693,0.5624441978520591,0.7154248979414126,0.8213269006893577,0.7924698305848106,0.44992926086314355,2.5486267185259672,0.40469278527565633
3694,0.5589307210183704,0.6716288526642012,0.6084502262263427,0.4880999956855594,0.48437073871986813,2.511691272047014,0.36869426795703963
3695,0.8052111533095317,0.5610963863746613,0.7490222407331292,0.5702915741945223,0.4461164033419079,2.5971797010156945,0.23914060496494755
3696,0.5631178920302663,0.5594471512008754,0.5572158191773404,0.6767145162636393,0.7775944790705498,2.4626580050802014,0.538115954178895
3697,0.5282318522808878,0.44857651712609414,0.5641342631323806,0.6959244382661938,0.7254284982418482,2.4768859436023707,0.6053203290191815
3698,0.49771142120311906,1.0172124792617734,0.5437246001083454,0.5525736233700522,0.5565967303802037,2.6351005530095293,0.8427401810453934
3699,0.59273218427248,0.7662851667622063,0.5648656998010021,0.6765404124801416,0.4616293033289576,2.5792808464016836,0.6585939277535544
3700,0.702922572021547,0.9180597489450223,0.7058144939282731,0.5278357667427809,0.473064067803801,2.4358271976284604,0.641184375893965
3701,0.9642877590739154,0.6211886597002532,0.7719416906627684,0.6094144580772135,0.27717091557945717,2.475662139666067,0.5979069790705493
3702,0.49295261624421355,0.6852758911034922,0.327719720922109,0.6890008141929673,0.8095216608830023,2.477118986643154,0.6249731204304503
3703,0.5342240778368657,0.49026745619215667,0.4222807747949598,0.9433988330772141,0.7650981795108407,2.578020721497513,0.5351807360358084
3704,0.3712278699189324,0.61990922887846,0.4708818105182481,0.5330824298307012,0.2147637096747857,2.4691592624292067,0.5293983368477613
3705,0.4519369912442138,0.3456805793066662,0.5735810262647608,0.624418326271236,0.11810477271781342,2.429908883371174,0.46671334704053946
3706,0.4801809263156963,1.0506441381638905,0.5974474451364898,0.3948091064986342,0.7571226370135173,2.4325564530924066,0.7517065545432166
3707,0.6172195596877359,0.8451150743861789,0.5832384620070421,0.5884089229288951,0.6293066694143234,2.4350941410719833,0.40604552901270613
3708,0.7609052299973234,0.5184409675991937,0.7758339901257834,0.5553370285970166,0.6136377747945272,2.395124903852993,0.556205752364199
3709,0.7752707760726713,0.4222857070546116,0.8470503380939622,0.7704913958331887,0.717268739583189,2.502716373497823,0.4897239711776514
3710,0.4753744912442136,0.5396348049265296,0.5907154356140767,0.7179874224816964,0.80180262595785,2.4398876471108997,0.6799345661738532
3711,0.5941964296390446,0.5673265872310748,0.9580963453151967,0.7108504844062932,0.7559489293196169,2.430796737793527,0.5008539995843106
3712,0.4069229205323206,0.7533695649915373,0.7623557000893533,0.8099873964396688,0.7188870091697434,2.537713491755731,0.3540686240089077
3713,0.4706696932829426,0.6098329140462038,0.8618135895952735,0.6891938007731019,0.6449068328536144,2.505710954019182,0.2334225004148234
3714,0.4921237010791462,0.5199474876976986,0.3648440679635146,0.782210992075159,0.47769844210062645,2.623861664365632,0.8850826917173127
3715,0.5553189194462659,0.28899130268966855,0.43332276610349185,0.9192241905030543,0.4374908064602164,2.7122073141610237,0.7992948820610869
3716,0.26573283873281794,0.4137196478136417,0.2929634672154475,0.25546744807565874,0.5636642662955824,2.6035129836077235,0.9287647692351839
3717,0.37185044635031583,0.325648717407537,0.3837710259453335,0.41936997009159693,0.5167936001717983,2.5699523849048607,0.7259223101349351
3718,0.8951382560065421,0.7047734615279002,0.5781926070097186,0.8907492553996296,0.600509384809032,2.516288056013017,0.5654603025623307
3719,1.086072641423353,0.6220305038978855,0.7688643558278355,0.9367893864704895,0.5221835767184352,2.4995437784377357,0.6472494912442137
3720,0.5854617972576639,0.4415017580836887,0.5180003164617707,0.42065824392827317,0.7474939485871764,2.662412068059343,1.039403980157037
3721,0.7303991725775248,0.46620371686407663,0.5387711886814501,0.4066543301695546,0.6255747710563555,2.6290543204559182,0.9405235756958331
3722,0.6094253441009376,0.5339514014564173,0.5427874956855593,0.34016965973219593,0.8543482756578484,2.4473288981335024,1.109719369407848
3723,0.5869455238043005,0.31663605326507205,0.7436987770957064,0.42449815628150944,0.6591947321374898,2.5977195231335024,0.7694214408544252
3724,0.8076383611640122,0.5983529855886092,0.6302930964336265,0.43110844913020374,0.6208049048112756,2.427621676603614,0.6663292040830668
3725,0.7446127374417233,0.4312805099048604,0.8124813650618976,0.4481270229737886,0.48899644526426106,2.424634917592719,0.5209973631129547
3726,0.7052568105182482,0.43983304172983084,0.6230797809297061,0.4011844885601539,0.47245237739614154,2.5828158474242864,0.9325759342724805
3727,0.6979023998269025,0.35482464937970387,0.6708288600775245,0.4539457431297034,0.5859837580832561,2.55078396398836,0.7507497210818231
3728,0.8008173957054181,0.7719217863617112,0.4789238659247856,0.35694183838144744,0.8532472824957686,2.331616106402806,0.9473775497504997
3729,0.8046980354988228,0.4210678568823804,0.593963386598261,0.6635229257407262,0.7603106272359947,2.4400825014374257,0.750737813553679
3730,0.6135116516485074,0.6029501926755965,0.6167049972516219,0.6540893394994447,0.7292877165127063,2.62696936640436,0.8015324157072286
3731,0.7774019156113999,0.5509829043325667,0.8087426666978875,0.7589689447851193,0.5247910899790196,2.6268899244625814,0.7186294800931518
3732,0.5562726883943978,0.797081411329768,0.5432763753189949,0.6810599727756566,0.6739478712609626,2.6986906601478857,0.6578538959285846
3733,0.6932668287632059,0.6335921651646343,0.7919661541724199,0.6970194776642009,0.5382933703341887,2.665878090042905,0.37231551092746246
3734,0.523983523740415,0.5233371322527436,0.7346290414423451,0.5940520946759076,0.5566086379083478,2.672918323267749,0.32423090538667915
3735,0.7336927106654447,0.2492676144230424,0.7746750792108384,0.5626862591701765,0.5047105764628926,2.6734189351668776,0.200152439384624
3736,0.8975305875185591,0.8282771564735998,0.6502007029331268,0.6706703267188681,0.6831866031757186,2.6596971391869246,0.4123822992389828
3737,1.0346092773512483,0.5200419742769672,0.7128748793127084,0.7620257769355597,0.6507130470979501,2.626363454498324,0.2866079894549846
3738,0.6101571312944604,0.5160948215743482,0.6336377522683706,0.2582499113617114,0.6846161474622705,2.4133890536803277,0.9140058516100891
3739,0.6477991778813259,0.5279021043895445,0.8037785445097186,0.3820870896915351,0.6173910220789575,2.4454030758240375,0.5723055061981985
3740,0.7068089177204894,0.6877178957369274,0.5215006164043606,0.8357314091248503,0.8644504485552338,2.4890529183917214,0.6730417324254075
3741,1.0297849809875494,0.6277326149021837,0.658009963157415,0.9162010379282067,0.6586618852881734,2.561340315439168,0.7279378620264675
3742,0.7280924846298926,0.574857392573293,0.4845066537891066,0.6333496807255322,0.3730822470595316,2.316394167209405,0.49772537174010417
3743,0.6836282758175621,0.5223706095344974,0.6651637410206139,0.7184176107163804,0.43253919018362685,2.398894815662769,0.3533359905734152
3744,0.6279898961202407,0.6116287750505023,0.480922578028522,0.5045865689217984,1.0184947993343785,2.60697467171507,0.6826268767568527
3745,0.6535322544728553,0.6194804852691812,0.58472525306694,0.5941216720983834,1.0256152481468856,2.6260486786483854,0.47771034962877085
3746,0.3476297935514351,0.669149856083378,0.5134807561662561,0.3880099130874873,0.7241903206475745,2.5808483487663163,0.8289020237723581
3747,0.5381941993538034,0.5074692246926565,0.7755282325531787,0.4816874464142015,0.4678519305334423,2.602414879696455,0.606416389921609
3748,0.5391290855052981,0.7270643812620841,0.6788491434366141,0.6805866635670619,0.6147373233312009,2.3883236674330046,0.7310465855696167
3749,0.6055112725904752,0.5618990203536143,0.6347796481330694,0.7822440732673155,0.5095473787381715,2.5458204401836264,0.6981958267503778
3750,0.7871562314666914,0.44143830968773634,0.3334164765457712,0.5055567545367409,0.3558675495264675,2.689472255655171,0.5542510074763428
3751,0.9706588072592185,0.27578738151762655,0.4433532459734776,0.5455155288529923,0.21871061451887033,2.686307657367997,0.37963130978356446
3752,0.32916730176332804,0.7589168055338753,0.345260678712271,0.7772871016100893,0.6642894140142612,2.3890702514054825,0.6986257671265277
3753,0.5248490077318853,0.5945379097960819,0.4310410899790196,0.8141484615279,0.8517689113297685,2.4853672055209257,0.456506472519681
3754,1.0132250948360544,0.6641005134518083,0.729080954658037,0.8707092214651366,0.8694552255874874,2.609688579083067,0.6650672114325052
3755,0.9966794070800793,0.6077239696759075,0.8718713721557936,0.9212538681940222,0.6191755739385469,2.5799327685324425,0.48688052562547224
3756,0.5714162071504398,0.7817083371671889,0.6529651296645123,0.6804070291404771,0.6257834006574151,2.5139909847261546,0.7894231108122083
3757,0.5959879567671271,0.4092973907521215,0.6629543563069776,0.704971380367686,0.5393935172542982,2.5782149774406014,0.5705720720854325
3758,0.7077538436537386,0.7328017917298304,0.4943281535331314,0.8150944089655692,0.6041786810130171,2.5666163242264646,0.917312143468124
3759,0.7533477929440888,0.5399834356145098,0.5579050837803882,0.905229542880203,0.33157936231395246,2.7247757298691186,0.8212215280863657
3760,0.45667606716451226,0.34582040513113654,0.3471051913335666,0.47857745350809705,0.6507042040830668,2.452406988081012,0.5864157414682464
3761,0.4761161429570396,0.1812269260282116,0.3733758492454573,0.6319501531178751,0.6089181800543002,2.4279567798755934,0.5822232876717983
3762,0.4087130030349973,0.6160005127486341,0.7125681002356837,0.6123153982612735,0.6152173599497539,2.3388347772873623,0.6522349623588454
3763,0.4465718512582858,0.38618861713904473,0.9644940978075993,0.72408068676445,0.5344793160460817,2.3668298510346863,0.47791855610884587
3764,0.308798716704363,0.7224905661104002,0.7639959169858059,0.9363043449962012,0.7443268841701768,2.378325597775656,0.748979119759219
3765,0.288479804766816,0.689312525529644,0.863236333875783,0.8704544063769054,0.8031910922793335,2.415479538374973,0.46079401127883324
3766,0.7356671845919078,0.41476170171843496,0.7235478399151339,0.6218767275364302,0.5421525886050472,2.5210380179570397,0.795855141263639
3767,0.8314871666020597,0.31433591746494793,0.7930983607802661,0.6766679076554823,0.47243043008624336,2.529909411649629,0.6726232764564174
3768,0.6723807920173155,0.6246910026516839,0.6936070395572884,0.7334567783738506,0.3809160959859946,2.5139160519230423,0.9516302121671892
3769,0.830129067484373,0.36648675098979344,0.6212402005680617,0.746000780642221,0.3538807449508753,2.4346588453151967,0.7833204051311361
3770,0.5203236689347486,0.7370636476863028,0.28181983879670386,0.3838001963822581,0.6989344139499428,2.6629034138226046,0.7287721325721713
3771,0.5195423838822586,0.8481258963118974,0.4351500158160073,0.38254313599134804,0.5929551875315101,2.653720133530887,0.6667466385476366
3772,0.3673994419728554,0.4418512350136391,0.8723126216766512,0.6229539056422211,0.6185236518077879,2.612683757987861,0.5129117636115222
3773,0.551708985620552,0.3107532863297683,0.7995505433912882,0.7824990636179974,0.61312789675953,2.5980848183468277,0.35456081601413875
3774,0.6750225832369275,0.387671745302246,0.8118914467016862,0.6425288749995667,0.7454802644420349,2.5476844339849958,0.6285873881323809
3775,0.7669141200786463,0.3140989636689323,0.88067931745243,0.7515944545302659,0.5325267894295178,2.4657679979863056,0.5174518991876138
3776,0.2843485084989449,0.36949876968238277,0.45548287829053974,0.5923420524984453,0.5926576745903529,2.5269509768336884,0.9250082095789574
3777,0.34592246536233334,0.16348575853088748,0.4116798577448354,0.6093157102178133,0.40754856147696505,2.5197119785270887,0.7676284691009373
3778,0.5799118427269649,0.5090084028623331,0.4390106787122708,0.827520109598383,0.7623347742838753,2.5150815149854955,0.7030628209670018
3779,0.542936762908348,0.37071084135299215,0.7325798099752207,0.8782089886240394,0.5840063949059825,2.5588498344511863,0.438670643180639
3780,0.5525060889564175,0.8606158915826337,0.5925346885536787,0.5220835594960795,0.45769677214284327,2.5478826006833164,0.48510847967746273
3781,0.6218956103330668,0.8310259401840597,0.7868554061537387,0.581561501021736,0.41053965436407674,2.5514859823615224,0.3699776095340644
3782,0.9349861270767138,0.4509292152984472,0.3093990979673135,0.3553004247181241,0.49925817302472353,2.6439649714336264,0.49977129083543265
3783,0.9086167213054226,0.3280687747310745,0.5261547197397933,0.3995407840294552,0.40956062573425056,2.6480447268336884,0.34368824408798726
3784,0.5961446223793926,0.5095695739066042,0.5646258567541762,0.7110022177589076,0.7005212222321968,2.6142734555209266,0.6179373963442737
3785,0.8158155579939025,0.2246334379148231,0.7417698902729799,0.7879459364130794,0.5727755030349972,2.595249369567562,0.5018209454235417
3786,0.6704633896017483,0.7423014677593406,0.5245919017762783,0.4558497933917216,0.3540175062620843,2.5868752754023054,0.561416094484251
3787,0.6753800569397908,0.45955506003867375,0.5755935136430319,0.49913620849246987,0.35275100447285535,2.5710835700082866,0.4048281019614601
3788,0.75911250610237,0.7361934792937163,0.6472291638221714,0.6050314112343728,0.6981348444842509,2.5715560329749096,0.4662067813773383
3789,0.8763139566393556,0.4368257074383576,0.8853939799330048,0.7585811038784596,0.44823605847347764,2.6082495933981966,0.32320322513985533
3790,0.5623495360103409,0.8684297636119552,0.3335548577448356,0.5359923882920946,0.7839193417686816,2.6420935792427813,0.8743191552908506
3791,0.6090649811472633,0.9170324918191838,0.5011839953341886,0.5768150267119599,0.6105138313514378,2.5828817619500644,0.8841001754532413
3792,0.3089687344701786,0.8211233786104004,0.6878334833841241,0.8614170809361816,0.8209977511814499,2.513599831447699,0.811812180022358
3793,0.5549926591891687,0.6726499807635171,0.8601033721553603,0.9740198797607736,0.8360900795945846,2.4857751985871763,0.5860379403433401
3794,0.8238354182320075,0.6582384970595321,0.49098571596967844,0.810189649155671,0.8454966110038655,2.604205983703552,0.7344005075402289
3795,0.6670022998778379,0.5731984681426538,0.5338308815495687,0.707168011311209,0.6923538899216095,2.6054745285016216,0.7038907146276491
3796,0.660378479613144,0.46507295488163647,0.755100109853492,0.36011978882217144,0.6999382791404771,2.621630507604548,0.6834130940689948
3797,0.9251595198105868,0.4764557553676862,0.8502670756323798,0.4183012118797035,0.6481071537252213,2.5631620345085966,0.5712640506768403
3798,0.547010564544338,0.6706701514564177,0.4078594265716714,0.42939023491737816,0.8460265686023709,2.4682804262841858,0.5963567396146984
3799,0.7331578208072885,0.6185014566393553,0.5596270334859945,0.5654578364325045,0.6205537526197413,2.4805324462544873,0.5583174107228555
3800,0.774104889889233,0.6476515305463927,0.4275358577767784,0.3649069179760325,0.6224235249227308,2.5934186322208,0.5786607361001268
3801,0.799872469772169,0.5843123277410371,0.587887385224288,0.41708769558368897,0.5558566985552338,2.608255547162268,0.5034389671515616
3802,0.7672781459290178,0.5828747866815718,0.45389913452154723,0.9045971019295174,0.7387890850261564,2.694146861675097,0.8694938374227307
3803,0.9422114227048625,0.6864304681422212,0.6370352183338776,0.9574945194268405,0.5636355189796418,2.6243832020702387,0.6778278400748479
3804,0.3679421533414748,0.5197243091762185,0.5495958826364897,0.7643170697208008,0.8230188337160695,2.5365698007407262,0.7973140312495668
3805,0.4727314306616465,0.348497320551746,0.5699423451231066,0.8414689948550472,0.7135844713377985,2.5774125187240986,0.6617482384004402
3806,0.9635735853140746,0.7038882484978233,0.4429808002292085,0.321623392126094,0.3659231138156963,2.57673082777298,0.6300138679056717
3807,1.1621467900683726,0.5548914451999427,0.5649085729163779,0.4333794144934025,0.3967162212739128,2.63734668181202,0.4670550024600274
3808,0.5510932091952112,0.7327871702133261,0.5262553353455842,0.23874740867765165,0.43723761125984095,2.6489251828665648,1.0492328782905396
3809,0.641329309240537,0.5366460029067935,0.6888605652475122,0.37305511963144744,0.21893259627347939,2.72322957643095,0.9514205610617089
3810,0.7769826134004401,0.6661060255615869,0.4197307561662561,0.7042003829554844,0.5918250239325046,2.4851937001208633,0.7208144513670645
3811,0.9378517677973259,0.46328262452042535,0.5856755343808255,0.7970320887332512,0.42265491302316904,2.381965125159281,0.5308695574828185
3812,0.5355065731719203,0.665254492107102,0.6873975892439027,0.8342493024660695,0.8934255724368033,2.528964062595395,0.6740523976219844
3813,0.5462208595979499,0.6223397491047359,0.5709989479483212,0.8409753582244106,0.644350594068995,2.6151311180019325,0.6523029198934653
3814,0.6025959587484448,0.6636652176950222,0.40004879431806173,0.7237601324128905,0.70205240362896,2.432001834195644,0.6999393006448977
3815,0.6125269171131437,0.8609452163529924,0.5331781131768404,0.6661253314792085,0.7420501403053553,2.533508284189169,0.5268304569268405
3816,0.6822749336970771,0.6266494830323205,0.5872984883684971,0.3023543556038031,0.40110131112559444,2.4766405699124574,0.6935064239514971
3817,0.7934453715803902,0.5949335722132039,0.5195696865727932,0.41288350952154695,0.267529721241537,2.5568962863302014,0.6751652983122088
3818,0.5384465483122082,0.8273721117385495,0.7379356838252811,0.44958591295971606,0.8754612264179995,2.481825827613266,0.7152283511309477
3819,0.5279314500889204,0.8672197349501864,0.6897234078467064,0.5474740092336293,0.7782111017378601,2.57961943730791,0.696173722711338
3820,0.4272716012902287,0.7817391274919698,0.5182713729543627,0.5834318717081614,0.6731333297538651,2.6624576551630796,0.5060464804121468
3821,0.40794957927472364,0.5773152154901041,0.5099716132087835,0.6967137200915967,0.6549966751018705,2.6063802442161923,0.3486291496033035
3822,0.7256389229932138,0.5641603690560445,0.3885795040256565,0.5224215520188707,0.730105147270614,2.487479462263017,1.0183641670496915
3823,0.8671261672089722,0.5166599033738504,0.47485295353960666,0.5949732055528679,0.5303406213887334,2.4594139648512487,0.9896194448166294
3824,0.5652679143656316,0.6773658400109622,0.5938231376528056,0.5300981369496318,0.45048303351793784,2.5893626918770267,1.0052364480437161
3825,0.5263534848215494,0.5722108443564797,0.7258028117325069,0.5124889737663161,0.4359729772170021,2.631525495526279,0.6528096608191168
3826,0.6257581409757208,0.5000562978650096,0.29960021651270646,0.8270000165191812,0.538799512876405,2.427692523389044,0.7436774281692436
3827,1.028945778182194,0.43596251431426347,0.481742474916256,0.8428153617070396,0.4489136634069149,2.4360924756194295,0.4810911511689324
3828,0.5980829506004375,0.5566983674904149,0.5560341147105269,0.576456706767127,0.744385225044027,2.502680227792405,0.5394062710244123
3829,0.6974710148253479,0.4586277475391065,0.5432991688708632,0.7375334692606513,0.625338415643776,2.5439550017568533,0.48303789928387514
3830,0.6416519066009376,0.4670558487019971,0.5726827089396693,0.5137074223219821,0.7526247761693659,2.589952610237238,0.708480523325159
3831,0.7145485279262185,0.33140152303767406,0.6229306889693675,0.6537552577318851,0.6362672854349375,2.582767195807289,0.6263570776132658
3832,0.706469903693278,0.6778824454559176,0.6751301741112115,0.5491700282780225,0.37036918593350476,2.4987883514503757,0.6583497508305121
3833,0.7567548756703656,0.37768847242385284,0.609206674718124,0.6268566680079749,0.33696296197553227,2.5996046905988828,0.48724786384763896
3834,0.45695962956868386,0.8718091931227955,0.6769723958651318,0.66349273379938,0.6735497427140142,2.40740831253151,0.5239315597516214
3835,0.7224864800927187,0.9160458169413456,0.7276274200527459,0.6871016961906016,0.6087333655095295,2.5479376291853706,0.32317201169408916
3836,0.4987877530669401,0.669581488943467,0.630139918455607,0.245782709642843,0.39181494909826065,2.649224563554111,0.8809444201809502
3837,0.6818371718104649,0.46384872782434866,0.6807723243538029,0.34295067839284343,0.39703737400890776,2.705237081479642,0.7883563956091566
3838,0.558964823714947,0.29896224491893264,0.41347980476681556,0.5405088840743478,0.7299905811278382,2.5168169921071017,0.7868895088503158
3839,0.838930883754487,0.18706350747634315,0.6270599422283978,0.6474566762198679,0.7441751508175621,2.5208452066393554,0.5832158437176241
3840,0.6138036339465771,0.9134986875634522,0.3007601489320717,0.7046287034437781,0.49370268785093824,2.474105523325159,0.8210960759198654
3841,0.6818579223534922,0.6421475862404153,0.4103885193948978,1.0483080319207982,0.408363949226032,2.5168874157715475,0.6682143715484475
3842,0.5626195709985123,0.7058676546839375,0.6095721451938999,0.503191127331823,0.506225939576281,2.5290156034632036,0.7287949261240397
3843,0.7368550180852438,0.6286625687940267,0.5164669167937166,0.5734834751722309,0.40838878578674065,2.5752442119755314,0.545210194401373
3844,0.7289540578661317,0.581390038630515,0.5448264395123954,0.681695302977154,0.516623159284997,2.5683844594192426,0.7216294159951466
3845,0.7438722824957686,0.5205125694972013,0.840573742043216,0.6745800643531148,0.5570884992644498,2.680687702293838,0.5688405057190573
3846,0.5693877262263428,0.6724329312685593,0.48986030936787495,0.5268051972451466,0.7579950962734798,2.6873932553676867,0.6504612965229796
3847,0.5701605913849351,0.4506694679505647,0.5905460162316962,0.7553916690305764,0.8719918920626413,2.5971068112214226,0.49808531157279357
3848,0.49977460320722833,0.7629047883430299,0.7586638581920343,0.5981209640522457,0.9624350018211714,2.4920103317032414,0.6193734927783334
3849,0.6240396789043603,0.44144366506837285,0.7994000068055443,0.6688757350775247,1.0562080432315741,2.551029936061708,0.5120376844637035
3850,0.6919561844956464,0.5367928039997559,0.6811996233376765,0.525261933057788,0.3764843975261566,2.3502268439092813,0.6068601055722933
3851,0.7580240188518705,0.4425417689796417,0.8274546181935893,0.5776003977821316,0.36025468238698954,2.4877560493986963,0.5311237741876137
3852,0.8171600570995045,0.39464011023723833,0.7096053315435268,0.6907615509962681,0.6828985316328807,2.5422959020637634,0.48210939001743747
3853,1.077286468174164,0.2362530169344375,0.8300798174839401,0.7244942104737886,0.5580814784312608,2.513635977153117,0.3651151244561068
3854,0.49616833227821067,0.7204058599173776,0.6383643222770892,0.2836029460308879,0.49044385084302927,2.571272470570738,1.0697530214396684
3855,0.6150943739130793,0.5461456789363033,0.621742855476032,0.41513397220025317,0.54386178454054,2.631560196606291,0.9845811634712338
3856,0.8482047398702413,0.7237763738172509,0.5345310321763402,0.7539537048501264,0.7885258149915368,2.5133524147489448,0.7143111510092192
3857,1.039304210793216,0.5367254448485722,0.5841431562171908,0.8540522073420967,0.7764097100904749,2.5449167674778974,0.537411046554923
3858,0.3967408825721716,0.7673929599303284,0.707363536617253,0.6524302398063556,0.7397800211841266,2.6047597563583462,0.7442385992135148
3859,0.41902687004670397,0.6491471646211739,0.7641872836780843,0.6368682650813235,0.5986361248717956,2.6198180546709877,0.6866996568884227
3860,0.7432916302714255,0.7698770640332532,0.4818451335308878,0.6835845564602162,0.7244714169219202,2.413638936508908,0.8779399751402883
3861,0.6692272550163154,0.5455898632726688,0.4804907699059821,0.7079907974497535,0.6734635007661935,2.454947565311397,0.8284474220979502
3862,0.45912096104875866,0.7366946895762805,0.7122584319078482,0.7287811508495048,0.5196959849812637,2.5685355943884223,0.6436744337609626
3863,0.5816809994241642,0.7401409825212356,0.7581696231779622,0.6405870591442758,0.5206688119884822,2.6618584706669997,0.6069120695610866
3864,0.7606419950151938,0.5117561650683724,0.45843638084682814,0.5139240486959551,0.7015864928098428,2.7051309352307626,0.8681737517568531
3865,0.7004512216887357,0.39866976939489795,0.5110765171260948,0.664613456000067,0.7578252537701143,2.6411820850265886,0.7556702991750971
3866,0.6058601511369898,0.7316024012332512,0.5788658780669398,0.2880098079300174,0.7614196171709877,2.5944210527859304,0.7392516834734771
3867,0.5716615808403526,0.5284983996348127,0.6922610958262807,0.440360110077525,0.6578157072143258,2.4518051621926564,0.6536353362084721
3868,0.6305081029197437,0.6482841467595296,0.3443416108441519,0.757266971976654,0.6438855294918477,2.5877869448809476,0.7404657981529276
3869,0.7425343355376737,0.6043060009259078,0.3758067925927189,0.8273698208711742,0.699464969931883,2.553953071414202,0.6802914414932809
3870,0.728090616883502,0.9468270894675025,0.8403626463123309,0.8482747404137011,0.5288798636564154,2.501115191557599,0.9141594527090944
3871,1.0027876434042384,0.8743316612024302,0.9920696940815125,0.9355639626463305,0.436684684847017,2.597591604837176,0.8211778087290202
3872,0.6636493994116465,0.6744320664932805,0.55087880109253,0.4788166981714875,0.8021666518082213,2.4447878977821325,0.7259494375630199
3873,0.7974140484719228,0.6083571842724802,0.5518615652151363,0.526553446670177,0.9399203051820717,2.5217934449444,0.6376669883050446
3874,0.5619454536993205,0.3911938172922832,0.4995045682190575,0.3576808487019975,0.6654666093424078,2.5359997866815718,0.645283437211649
3875,0.71716157182989,0.28573204256077567,0.6962318157266542,0.37283007336357665,0.5886518304889824,2.5294572761050467,0.4864653094321941
3876,0.7541077290701166,0.5552410973923432,0.6657066276516843,0.6190928196249722,0.676685768947699,2.4330428665960175,0.6978597019739774
3877,0.7894271968298903,0.4614720393332559,0.6676868800797682,0.5549173032650719,0.5030141342975148,2.5037210849303273,0.5753647318823802
3878,0.6632085730117734,0.7308299591956438,0.6869618703661319,0.6061589334411015,0.9020669876018705,2.701092856179206,0.8314565515397283
3879,0.6005188262073505,0.6670776558019347,0.7162365501976987,0.7042120426250944,0.6464597862978254,2.6547562336716104,0.5529358540701166
3880,0.6730902087799552,0.6132997822717363,0.65961505585287,0.6061525565560447,0.690051711112644,2.4870417003764045,0.6692182367389824
3881,0.7077944984978235,0.5573453573615224,0.7181699461590921,0.6753274945675618,0.45283777469913167,2.5304884439861173,0.4919577693310122
3882,0.7360006679760319,0.7307490726284598,0.5056811851988204,0.5184315262008755,0.8855619546899801,2.5347996225391056,0.8875008812944604
3883,0.8694626239769648,0.8126757962674374,0.7029745360103401,0.5505767790127063,0.7470736248717958,2.6098378463058562,0.7970873650938404
3884,0.4948854138221712,0.4633543175478253,0.3601881694777761,0.6993316962549204,0.7659798323105869,2.5440422652090944,0.7380410564282733
3885,0.5783309882087833,0.28584660870355194,0.4052385611575373,0.8170543339716112,0.591354851833256,2.5187101563453957,0.6938856697018084
3886,0.7189559882087833,0.4242195261369894,0.543467742011273,0.8724799980501912,0.596245237985184,2.531296856466691,0.5169621733122085
3887,0.9468960685065421,0.2503402833901667,0.7098258686727308,0.9258416338826911,0.43255891922223394,2.5255625105122066,0.3286011984594053
3888,0.39444729891955455,0.7086692486251615,0.33202801022428796,0.38492747073045236,0.6386513723155072,2.478518338988361,0.7755908347071617
3889,0.5453102116237286,0.5936799994565398,0.46326169871494793,0.6946302106654454,0.5911045458836909,2.4789209766739746,0.7776398909118356
3890,0.5995864061856815,0.7244930137069173,0.2544869748204277,0.5706379866112113,0.7091427330962059,2.535369213477275,0.8314347794922808
3891,1.0074860644804526,0.6492097667751565,0.3409747598409748,0.6996175495264676,0.46291919705349005,2.65983534512354,0.8181588147679372
3892,0.7806315821823825,0.5191200171580369,0.5713815060704275,0.23648503847080082,0.49152145206980563,2.5635363479992557,0.7233281490279002
3893,0.7767641192800766,0.28492507470560685,0.6504146879148233,0.38266059138493513,0.3414675502296416,2.5198626903752834,0.5315666435963285
3894,0.32708421545816146,0.6007508477437142,0.5805736293770274,1.0326881394429004,0.7307075715424055,2.5364509007217335,0.6769126829619597
3895,0.444886470379082,0.4401716326360572,0.7119718049904153,1.0330054540187483,0.48170470932298254,2.5669567828790814,0.4906922890462039
3896,0.3229206842401042,0.6500760970085969,0.4058081520957063,0.34163161423138555,0.49466138905872103,2.559038735013639,0.9069136543964522
3897,0.41206156962497253,0.6200669159951465,0.5035465580258454,0.4560454939602161,0.42862043427204716,2.6140771565689938,0.7667827141480745
3898,0.7744796265008778,0.4588790749930915,0.7035020274790198,0.389363079945522,0.6734333088248482,2.6401673338123306,0.798915213189791
3899,1.1471738874615822,0.2889120360103407,0.8588378918705515,0.5706866382282089,0.5718782072143253,2.565401188042595,0.6012241569523085
3900,0.401295567068684,0.7365037460049871,0.5534243105825667,0.6987401580068531,0.7711569179760324,2.5073096698295796,0.7172498567865524
3901,0.4531445537761565,0.6755397870653186,0.6229171615533674,0.7789858346428429,0.587017990477587,2.49666707643095,0.5525457222960819
3902,0.33635866995735086,0.8137318007092165,0.4496056419983233,0.7199405474816961,0.8983320247306416,2.5819304591317582,0.7258311359274624
3903,0.554211797257664,0.6840697731969552,0.5544661892249105,0.6817186949124574,0.8419009782400373,2.580588003034997,0.6125646827064178
3904,0.7111841430528678,0.6235021476539274,0.6458967475071637,0.5223402423307013,0.8284535511244726,2.4833467213697413,0.9277506164043603
3905,0.6092329559042382,0.38391331789962935,0.740665409476654,0.5235309650748482,0.7209085148253478,2.5241030221428424,0.7222762306038032
3906,0.38219510368680304,0.4782204029262187,0.41556620344377804,0.4244722982163806,0.39523598236152263,2.7196247501273385,0.7938469877615845
3907,0.43785465704813625,0.4499715355950842,0.6455374060579102,0.43000210058748745,0.3392842714396689,2.7256130649280847,0.7367879067925941
3908,0.4052950342849969,0.9108927941907236,0.43062467701887075,0.6058180516674998,0.7422943172283977,2.5316414011369894,0.45247085959794997
3909,0.4674519342401042,0.6688765813194947,0.63686026830841,0.767315137876405,0.7074860995329426,2.507780089787363,0.33523488324340267
3910,0.7855213699508755,0.7912518051501288,0.5465699134069151,0.44570925651762683,0.584510494439358,2.5996295271595913,0.7701318791214846
3911,0.9654626635346865,0.5318625366496292,0.7703058076425319,0.572073659924286,0.5090016028562907,2.600049850874972,0.5365102631000045
3912,0.5488462341507511,0.6165234950786466,0.32840778875828613,0.35942330109209697,0.7574994166340023,2.5290765857293307,0.9443033520249129
3913,0.5171440986061688,0.4382731130171263,0.4293680397489449,0.37356024066924387,0.5416509552014973,2.5395481398577244,0.8193299837359281
3914,0.6174230817666932,0.4909325552140143,0.30567519638225815,0.40911257620735025,0.4319745315051089,2.687948472647886,0.790576666346517
3915,0.7096441186412216,0.2632959416214849,0.3869881866047362,0.49078635250448716,0.3378036094062934,2.7235765872310744,0.6861941127296414
3916,0.4236622658479498,0.8147757223604004,0.5681653669154452,0.5571310218549247,0.7953857428102759,2.5216349115857435,0.65507900629446
3917,0.7111326021850592,0.6775674943435299,0.7050188352178131,0.6916723742329398,0.7160891507213004,2.459719299302868,0.6586331379722336
3918,0.7381506903113974,0.48398962522316613,0.3002158176755967,0.6550393729547963,0.6285738607163803,2.457445444688857,0.42748431690897015
3919,0.9149163243218604,0.2641797100261562,0.3819339117135148,0.7570700746412881,0.6668868874930914,2.5469754403433402,0.22249243385679104
3920,0.7171073895698057,0.4062067037636389,0.41924103029085014,0.46134574092478564,0.4770212602881734,2.527423862921298,0.6107444082623953
3921,0.5941364688773377,0.43176674814601923,0.5789248173242264,0.6156604772170026,0.5322744404711117,2.554098427881759,0.34502083566544495
3922,0.3815263417682484,0.6682868382217335,0.639749899347761,0.47283000325859653,0.6441021558658206,2.370909606434748,0.7728837273452066
3923,0.5006224011689322,0.6532476705642636,0.7495971870519345,0.55411671229496,0.6042897595215473,2.4978360271276494,0.6552418735293324
3924,0.8385436412312628,0.4723759999676242,0.20288480642827333,0.39272848632329294,0.8059682001847485,2.582615462454674,0.8794888425668181
3925,1.0512664667367386,0.2702750173177512,0.31435624488698954,0.5291455647683705,0.6464807121033034,2.6027565351159425,0.7984751604358037
3926,0.6077239696759074,0.6322778580003781,0.5771511514883606,0.8862422010156936,0.47306491404577056,2.494349079338609,0.7005207991112115
3927,0.9426760641610246,0.32364405153972853,0.7793769879212983,0.9798334923945871,0.3451859211716093,2.4715189358700527,0.5504677435130172
3928,0.410024070423542,0.3872762581475743,0.7402738330772136,0.760376541761773,0.7422667666793282,2.5319771027924056,0.979445403629393
3929,0.4661780340613976,0.364267924877838,0.7234238323740395,0.8686829588123306,0.5476707313065442,2.5685162884708,0.8210221646211743
3930,0.582706636662146,0.6448513812305745,0.31228999836961885,0.6923742173436513,0.5307307531627684,2.524708335665446,0.8246968162057962
3931,0.5407620792747238,0.38167994286725354,0.31663954089931823,0.9102987898128306,0.36896039218998,2.517582881997201,0.8885359599307607
3932,0.5115232972900394,0.5324385044728556,0.533325760511773,0.6745644939282729,0.7590732958836913,2.5262058374866165,0.8542505493028678
3933,0.6192527976090341,0.35847548590803724,0.6849458953536147,0.7178054971877357,0.7143637133814473,2.5800274303741624,0.8964063776836262
3934,0.8376534959415345,0.8893624089660027,0.34339132953026563,0.4655062076295817,0.4313404706665668,2.4136027908034903,1.0317210909373034
3935,0.8319456790316986,0.7344801973405424,0.40155038215691524,0.623077490062331,0.5055354056102784,2.5311075327832544,0.8323172785339977
3936,0.8940854913404749,0.7942763297542985,0.660640269969868,0.6121597541534279,0.5392358301376117,2.4143265812240995,0.6625911041024926
3937,0.8782560203531817,0.7756832782775892,0.8164754768975747,0.8144509067287086,0.4111394372435914,2.424752372986306,0.46115233122366595
3938,0.5917991658673754,0.48801681825100013,0.6506099653623327,0.5373163847132038,0.5521471706281493,2.7817089355506246,0.866911160722855
3939,0.7542479780155716,0.3728185889564177,0.8288455506448982,0.6826079939602158,0.4240747680528679,2.799226501405483,0.6929928830198031
3940,0.5519627792043627,0.9402866218998183,0.42422403527565633,0.17865862298630578,0.43592925785965636,2.554125730572293,0.9066419995204253
3941,0.5254518551246616,0.6870343370394179,0.4280067008555465,0.20281642577266853,0.3509064918515594,2.583028387780577,0.745664655865821
3942,0.5231745128764049,0.7094550428163181,0.3597573828596563,0.5926135321120223,0.5359755485042984,2.439268558313763,0.6767461528303905
3943,0.5141936605631419,0.45794214583275605,0.3258618561472632,0.6454154415256567,0.45514964276494985,2.409879910722856,0.7543140678038008
3944,0.5638614114894818,0.6935189298630773,0.7606685240598432,0.2051849422283978,0.8360428726029918,2.4624438448360553,0.6626336266929678
3945,0.6980947880236016,0.5699006687746012,0.6122455729802634,0.2538896580707387,0.6064648662761561,2.5737019692925944,0.5827696619371141
3946,0.47239368599738984,0.43739121235884587,0.5563642857228552,0.5253423965039878,0.4248129321314474,2.510788620845707,0.8180081029197431
3947,0.6058383790895421,0.33398113522428846,0.6504161325402287,0.6187749792617732,0.386165225203741,2.5347277542492557,0.7651529601543604
3948,0.8205332849877386,0.6861027632597184,0.4143666376847486,0.4916890037057956,0.688971220635057,2.6259778318629556,0.5449262088762166
3949,0.8204858301376114,0.5461783370074749,0.5810777289104027,0.6286547472835644,0.7675227459730442,2.526570286457973,0.5763004642758451
3950,0.6700931621287711,0.8996110324314498,0.5955978249930918,0.35660920123929307,0.5849581208452732,2.5956994621033025,0.7934340624356813
3951,0.7561912384962683,0.7119218840104624,0.743519741052557,0.3725543324698679,0.5612021095025547,2.5976332811856815,0.589323481658348
3952,0.7913035212803878,0.8326164839590947,0.36825957058368863,0.4996105392054849,0.7050506470470147,2.474793591161336,0.5365400319203655
3953,0.8904546317092831,0.6083664504083481,0.4600716654836286,0.5323612808023682,0.686388368672731,2.451222219100937,0.41247900408954213
3954,0.606648236195522,0.7286793384768431,0.3855594885601535,0.5554168936597812,0.5741095392378606,2.45305397795212,0.5291291481015593
3955,0.7669974727756568,0.625445583397074,0.6719635328151965,0.5567778094321938,0.45843927009763913,2.525570332022669,0.3351192955962063
3956,0.4930493210947733,0.6397185106395444,0.5546986338822587,0.6606010597511889,0.5823706871481963,2.5663430494625823,0.8100999195736042
3957,0.6939281922922836,0.5520001216766516,0.6506085207369275,0.6789111472071616,0.4954088192731688,2.5697759902539885,0.7415008767892289
3958,0.6736195679950245,0.5949959991047361,0.5039442634518081,0.6124630455962062,0.8113050159757214,2.631379715937736,0.7237911705962067
3959,0.8553808881643233,0.49027425619819864,0.6211732645378627,0.6801121575915968,0.5752164861640122,2.5283047420751594,0.6539303830198033
3960,0.45347616941389046,0.4657497135731039,0.5401042033798926,0.7008860943245369,0.8601421592530547,2.636264994567562,0.8657522498079103
3961,0.5532576051885469,0.3126499382023083,0.7480298599497537,0.8768047040191815,0.6757839639883605,2.564892156249567,0.6467622314986339
3962,0.678543808984995,0.6983986778498157,0.46906195919521115,0.47935363103848505,0.9953777810898528,2.4310961184810735,0.7516650534571616
3963,0.8808376755486366,0.6075911191199297,0.5780693731145098,0.5521407937430918,0.6056895349877385,2.451341717503365,0.7511998136175646
3964,0.5569166137522437,0.3261552830707387,0.38850848197777577,0.6134009962609621,0.8079564493857461,2.7557575626273376,0.6848927345979499
3965,0.8528208297538651,0.2949761298561689,0.38615493756345276,0.6113903766290824,0.7256060896595918,2.692378726482318,0.5815651639184324
3966,0.9792679874740994,0.5318044436343132,0.6512415600710496,0.4808829446888579,0.6150005583133303,2.5699846198550467,0.6833640193310122
3967,0.8447342087480121,0.39165437273076353,0.710737961272358,0.6702810411868036,0.5242627522683703,2.619043321766005,0.4226674189347489
3968,0.7749520894675019,0.6173185554056716,0.6463043174524299,0.9155275916085341,0.654195485748323,2.4569041779456438,0.6945090923751611
3969,0.8451616829943354,0.5433502866176864,0.678869718717191,0.9252521386434652,0.5471097355247235,2.4782943142249105,0.7252056702452683
3970,0.5118573790575995,0.6331289683338779,0.5936401908544249,0.6988265752171248,0.6448729780155715,2.665351196957661,0.8448730130680615
3971,0.6937596191518728,0.3626599429315719,0.7315219377870523,0.7257590923751618,0.5746315000634524,2.6594690284057934,0.8848344287765898
3972,0.7755857271850596,0.8232970407396043,0.49011325670971634,0.48192295558481035,0.7611380977756564,2.365348167496891,0.5997691777216119
3973,0.8617412981844377,0.5149000128125198,0.5146634821374894,0.6285401811407885,0.7473257985677507,2.4836411697976364,0.5059043637203009
3974,0.8362720048885449,0.5535723810384849,0.5501782273447733,0.5893750225261568,0.49197009998014113,2.470555725523602,0.5724984927783331
3975,0.9161694739575394,0.4171957095789573,0.7249531460244129,0.660713758147574,0.5119425995009997,2.57327075955349,0.4671386030155718
3976,0.809449617330701,0.44137035215311676,0.46441465586582037,0.44862414723867167,0.6526002575721712,2.542668595666567,0.6602065941009372
3977,0.7572704596109003,0.22368706735616906,0.5437513044154451,0.5936724258046118,0.640276792433005,2.548273330840786,0.5015989636689329
3978,0.5704866763795815,0.5915254679825075,0.38208053754402677,0.45537919817148675,0.6954971392823208,2.4398287078536143,0.7911858906243506
3979,0.739449003929828,0.475159907879082,0.521265530354736,0.5479337184301393,0.4577914339845618,2.4346112152026187,0.5631293764374252
3980,0.548084255015883,0.9986372164811964,0.5033301069143237,0.29950555467098705,0.7438160572268429,2.497454738368497,0.5412409191264049
3981,0.5949692947976366,0.7605480041529947,0.5967546928991962,0.40199349942416385,0.6532082124870494,2.6435446477182465,0.4122539578216714
3982,0.6647518371991318,0.3626926010027434,0.4138303032011867,0.7847823596303257,0.6716150773896664,2.614492124903739,0.7906754142059174
3983,0.802728669094462,0.3323715333901664,0.4636329476923454,0.884677587901873,0.6444719602178134,2.6850142760092193,0.6429446895762805
3984,0.5455765111191192,0.9160748121158209,0.5972503725386739,0.40013316851949216,0.4709785153688084,2.4787310546071026,0.6873173010601539
3985,0.6486687478904775,0.7235736979802637,0.6738141744630151,0.4477878336841268,0.5100746949444002,2.5378607159696793,0.6949579155479477
3986,0.6608683807509994,0.7651071977881738,0.577619105316318,0.3591744397679375,0.558348025785186,2.5378607159696793,1.0149318246417214
3987,0.7479370658544251,0.6108252948295794,0.7305800763670646,0.42833253799165916,0.5216190933023677,2.550418668775035,0.7881927547283978
3988,0.751685380879204,0.759545934112766,0.7607395461077235,0.5215377836141988,0.5273563285076639,2.5317717855631416,0.7778581371736641
3989,0.7657540123968307,0.5751146737913502,0.7594981287377385,0.5321662512133929,0.449700902223478,2.5362942351094677,0.6547734965803901
3990,0.5933978816777733,0.924967554734873,0.47938586598867133,0.40045474437547196,0.7854688075786466,2.495946350523603,0.7200064620074754
3991,0.5307970908095323,0.5926646498588456,0.6803257194523084,0.5640469996801393,0.4054759380745373,2.43987327345293,0.6321222138925319
3992,0.6975792040830666,0.7848361913655099,0.2951625642887959,0.38626746069738754,0.9442092885666291,2.6198200976798285,0.750953418423231
3993,0.8418412653368653,0.5840125239325049,0.4330352929440892,0.5267887805783353,0.893042415931261,2.6038842325851217,0.6919965914811963
3994,0.8910958430787688,0.7416737838058558,0.7917427277924056,0.5653595116940894,0.8823242187500002,2.453250700025034,0.7621840624356817
3995,0.9061812688194946,0.46085788279577095,0.7857230242834425,0.6700138954494425,0.8575508873968305,2.495564638643466,0.6881704544024948
3996,0.7039358786104004,0.4772641678482607,0.33332241308748733,0.5217191105247236,0.7985378351858705,2.6071217206665667,1.0434683403947091
3997,0.7163835991491961,0.41456642427092494,0.440840817675597,0.6681960871352463,0.7111371113237259,2.6159029616561056,0.6882497210818228
3998,0.42107116925417626,0.7090872814731665,0.32995045456220873,0.7107821037506887,0.4062482048496935,2.6141262313069773,0.8882131873079105
3999,0.5527871852307635,0.4980173540381738,0.39589572600274353,0.8354851891929675,0.35330477712764896,2.69853501604004,0.6183630754402911
4000,0.5877247658479499,0.6382918556038032,0.652996343110278,0.5477670130361192,0.5384356622884849,2.4533905258495046,0.7218513977497563
4001,0.5392992785335644,0.3740639170816342,0.8944953521531165,0.7089232174714228,0.5218936374292059,2.4229509813389196,0.4718599929061042
4002,0.5491371949444004,0.775486556204674,0.5659317440245347,0.4585663421519946,0.6625011992579747,2.5359030818310124,0.7937691657076618
4003,0.6045950939731668,0.4792971579110245,0.5594861861571039,0.6424518991876138,0.5798553695995048,2.513137831383814,0.6235522438963308
4004,0.5516321850710494,0.7354842377935271,0.5023995546390444,0.6647247097710471,0.5012846109399794,2.4285922853395427,0.3770897110487579
4005,0.6538782437685592,0.46729135787260684,0.6557703865024327,0.7611582499352484,0.3221673002615847,2.5001772408928433,0.2407838863746616
4006,0.4319521610742263,0.5647176293450844,0.43709514404309424,0.5962715191712981,0.5082316269485095,2.567569494791161,0.8565044996158208
4007,0.3868469161548604,0.4372717139564176,0.5427767849242863,0.7040145469062935,0.4912588154711116,2.516818013611522,0.8911820850265894
4008,0.8523951506578482,0.5593592893651986,0.5295123046071016,0.594954322756231,0.24716522220025378,2.5993781997056074,0.6669879262198681
4009,0.7749986980756588,0.5354213527285199,0.5817994763221714,0.689236323363577,0.18344184138493497,2.5788108495648854,0.5331093094002511
4010,0.51942186397541,0.7288907847326291,0.2602629971234174,0.5298681584221091,0.624166998817251,2.6171992322656936,0.8750215967849972
4011,0.7184266289937138,0.5669898640712384,0.3980962677014973,0.6856101481335021,0.4609030467785222,2.634067940503055,0.7703008753828802
4012,0.7491961692541762,0.5791081872435914,0.8156664660335637,0.559309791506231,0.7458788161099674,2.492217516678896,0.8752269140142614
4013,0.7016803084095915,0.6010656235936511,0.9173230294918483,0.6560212908354324,0.6811938448360548,2.5423618165895423,0.7650714752037413
4014,0.6159733853205491,0.6612328297223552,0.7666841415511242,0.4220571731524947,0.5417162713438404,2.63015182598375,0.5391227086202408
4015,0.780878400497701,0.5863679360932187,0.7253888649021839,0.5763263223409746,0.5826819753638881,2.5305919488427193,0.3586173547413479
4016,0.5226500859209872,0.33862554930286803,0.8273808821573482,0.44011515950859714,0.6900170100326317,2.464014236451497,0.7192003403942762
4017,0.6637192246926562,0.1361112182061069,0.7960130762388603,0.5451972653688085,0.6395347175991937,2.44115619190897,0.7355571275877982
4018,0.7490659600904749,0.8496865986704877,0.6470106697018085,0.4583173055653851,0.5827152318184946,2.7316964646915345,0.8920484152600296
4019,0.890364902127216,0.6836256344252858,0.7291121681038029,0.5380268229802635,0.4021208193370544,2.691993526967935,0.8663659832244103
4020,0.4263075447018082,0.5446167884069151,0.8660625165191813,0.6057426957434026,0.758048855412579,2.6372415570675622,0.8328177151706766
4021,0.5327799846298927,0.40520326169408927,0.8478349355182488,0.6805879329300168,0.5627425570351858,2.6626703707818207,0.726455755367686
4022,0.4727918145443384,0.6257696253828803,0.5576847945097182,0.7587149759388577,0.5493954976668781,2.3965659325467046,0.7865375657905396
4023,0.599845132029144,0.3413653147359944,0.6589366046774625,0.9748892745074744,0.34173511908798704,2.4717429606335024,0.707846039365632
4024,0.2268596624162561,0.3816602138286468,0.740036456160214,0.49164834886171105,0.5691205804889825,2.4222446290895414,0.7905811754851837
4025,0.2791390126208628,0.29368725763605674,0.7817379307250991,0.5614524154521197,0.4462942426181863,2.4711902094831286,0.5847981428612113
4026,0.5855108719956463,0.662287039013828,0.5343743665640743,0.3036775057829426,0.7762912331924677,2.4869575014374243,0.5975211811727313
4027,0.5855204886564149,0.5214172637073508,0.7088343341313256,0.4286035944842511,0.654912724021425,2.4797279445291442,0.4874412735487588
4028,0.7930802516295149,0.6923553345470147,0.542585666090542,0.5879820470660069,0.27642595149483584,2.4551334013605897,0.6011214983376765
4029,0.7755350325592205,0.48246175619819837,0.7409431933792039,0.813792184591908,0.12328798740978064,2.516140408678084,0.5645124873782712
4030,0.49046111375181023,0.5424281542363056,0.1968242002166917,0.18670807678232065,0.4168560971683108,2.422795337231074,0.6755073768526817
4031,0.6189620120778354,0.4986261551950222,0.2748549614959575,0.2024059665765918,0.27158277233449957,2.4547789921709873,0.44217791839172094
4032,0.38835692388761145,0.7346483473599676,0.48872461512578336,0.44498257684620607,1.0223733235228571,2.683264425229642,0.8563597415316987
4033,0.42636588557565874,0.5227958655095296,0.5476372269934031,0.4133430434556071,0.8980582542496889,2.6625067299010623,0.7512991598604006
4034,0.43055714260523553,0.6234329207563535,0.6879390312495675,0.6012929607288976,0.5623133903049223,2.4140171607547978,0.6643179860677513
4035,0.5806029750764029,0.41099961141912145,0.8064018760536786,0.6873100779331272,0.6263069813708627,2.5187830461396667,0.5453976503384201
4036,0.4352204394804524,0.6136985092021192,0.6655612711841264,0.33750278409334067,0.8244647946694322,2.585845129025656,0.6680800763670648
4037,0.49679746085710175,0.6403564822333181,0.6013709580452712,0.42262225495199757,0.6989633365283335,2.591327724405171,0.47967538215691524
4038,0.652227987090353,0.42644370762958206,0.49895921545816174,0.6557876494112135,0.5861048763735398,2.5771977600965172,0.6445641559297061
4039,0.7192574119051713,0.3162672704174997,0.8248937135411613,0.7148932478589672,0.6143660743538032,2.5812374590359304,0.4993891558343109
4040,0.32622264222192254,0.6435386939541738,0.458989555118186,0.5756045749292061,0.6490678979418456,2.4515320626912236,0.6744277326170645
4041,0.4105763984529301,0.4800088655410397,0.5303262477307634,0.7229509462864302,0.43207557023188536,2.4930920189476975,0.512150805981075
4042,0.6599472698740393,0.8746242418839355,0.6746088116690546,0.4740956588058558,0.6595735547668158,2.5649129067925944,0.5896109548177507
4043,0.7300125284377361,0.7171702395823227,0.8252296630551115,0.6747082305079746,0.43454530067684016,2.5804056546200522,0.58378994379446
4044,0.3955363845534902,0.8021734518142631,0.4336395849622708,0.44720302284601743,0.7332615009263407,2.523790712422731,0.7913396669858056
4045,0.485711151807788,0.6812577163529926,0.6031614636689323,0.5918406669534301,0.5204236861571038,2.6403229779201753,0.6966363211586591
4046,0.7425606167237883,0.8974437471873031,0.7010129911164424,0.5246705700721713,0.3836108726988207,2.5745329274665023,0.7466572119116466
4047,0.7576178935320099,0.6692703759902263,0.8386602503828805,0.6866154579494426,0.2513193120199919,2.592208603559032,0.706381618736617
4048,0.8823209789742883,0.3920905147295195,0.36661075853088754,0.8775837708003804,0.8410377851159425,2.5198433844576615,0.5369223421839378
4049,0.9116769684940246,0.2690393058533033,0.404784382604114,1.032809082470734,0.7362772551117112,2.5896403005171273,0.43907166097839734
4050,0.10134509998014178,0.1509678621861813,0.1041478906882361,0.13113374386438767,0.1758067575402285,2.304142993481075,0.1809478727627063
