,seed_28,seed_170,seed_225,seed_188,seed_18,seed_38,seed_48,seed_58
0,5.469643209802991,5.7444434933217945,6.27978515625,5.962139531888856,6.819474741820049,6.344376064065629,5.399909742139476,5.986579875574971
1,6.054119353687236,6.533343373945455,5.126623377108658,6.375687046331756,7.387662056045394,5.749033900402739,5.960058065471546,7.001716171203986
2,6.572148592727398,5.8693141304000624,5.581341139154983,7.735717456096762,7.606816138356414,6.188942050198132,5.0334320820231016,7.036177378099315
3,5.948372995047138,6.25210919222883,6.732756978271981,5.3275712273452065,6.5508134849501864,6.344023697884868,5.81229119513649,5.949156746229452
4,5.244524204626527,5.6312445745143815,5.328197291410837,7.0051524243671865,8.15773517117204,6.37188736570162,7.106280226993836,6.991592050996702
5,5.780879174143586,6.643631488049501,6.052550829818184,5.55572997702578,6.8694375395577225,6.212705212071794,4.339697970411458,6.214913152160025
6,5.423055259841409,6.208444552882192,5.7174208960567885,6.390562996229454,6.8107070282465125,7.019849513484184,4.953503822629325,6.1449585489838725
7,5.726879143596328,5.989014481818927,5.722142110684871,6.535914143117187,7.369541642797758,5.666070653502055,6.837976443826835,7.046174003131259
8,6.095885473414945,5.289410532304544,5.412909367586676,4.925008807962391,8.076477209451618,6.276376628898317,5.535086672577525,6.8152348331734744
9,5.547096558633626,6.44672273836893,4.91046549520685,7.338867187500001,7.003065004185804,6.390524807515194,6.7027909182324406,7.101679532272602
10,6.449805180725966,5.710022941270548,6.730014148325591,6.118408414685493,7.528301006582377,5.722201049942156,7.426024157560088,7.583180296395642
11,6.265279433825281,6.668028710761708,5.038598880048259,6.28586260224938,7.222122381646264,6.053912168711581,3.998874170277211,6.474076951271669
12,6.306588062627772,6.739611798568617,5.963101297609901,5.296833323651496,7.336417361356103,6.073372571926152,5.588247923440413,6.931758080393587
13,5.64534026086401,5.725406478335865,5.771393623913513,7.2173401847520555,7.386199255304234,6.064988437979141,5.28919186292173,6.84407175111843
14,4.956252854198321,5.345439466896885,5.857855127747945,6.165368212007907,6.8988841049014935,6.037088449194523,6.143626978910835,7.91523247220112
15,6.198431511183436,6.351650784956662,5.443342958333189,6.518921004217747,7.865679535276089,5.799425441749689,4.944055862730075,6.27491467439913
16,7.044726597552491,6.25559716152229,5.572091944337487,7.222600199993526,7.153083358703986,5.602382396887735,5.652419529045081,6.125522383946578
17,5.353476837902306,5.705115292209839,6.3528702550167475,5.846642943411146,7.115506029876026,6.769002313905916,5.676760877013261,6.83439032505741
18,5.920375878290972,6.119228311573226,6.414207082821671,6.866030456831444,6.2489638998592785,6.589484831671731,5.118930375511085,7.235497342088543
19,6.069374549335244,6.118892362059277,5.410042705361644,5.574358998945456,7.47657687365797,5.173647644331446,6.402694671555356,5.736323615861331
20,5.903344127556289,6.43389721670523,5.086062353783064,6.611101035723288,6.972451531154173,5.619685379377461,5.164981990989103,7.556712493289851
21,6.390568949993524,6.209361154620485,6.061504554703364,5.441320431173163,7.999614377364633,6.776565529460773,5.782499238880448,6.474504250255542
22,6.161171001214258,5.200682572245579,5.248294291698754,4.141568729166378,8.468735626342031,5.5791758969196765,6.373573344964258,7.398847959196076
23,5.866427563873973,7.161371809304857,5.014380094995768,6.6727261103335005,6.83246203661812,6.66850959362223,4.789215502715569,5.3617250567800765
24,5.431825016423786,4.9600847697786445,5.372858995941968,6.180950514154982,7.330134175006475,5.7447979025113955,6.453888423760275,7.014109038503177
25,6.348899958237361,6.779513501373973,6.2928819096687425,6.102047293615754,6.992323838190225,6.126287850715691,5.130322865253988,7.40551285742584
26,5.885917560646453,6.402020977377149,5.41871064957136,6.444967955329702,6.788068076207785,6.722143730572726,6.985369000671231,6.262184660819116
27,5.588794720826714,5.796266797226588,6.034881107489726,6.200979486803301,7.36916444005629,6.342413074546324,4.19544823980679,6.692141349565318
28,5.3805008797927165,6.030505035915378,6.287187197053923,6.102449332917932,7.835900332790162,4.210139199897264,5.856835021153049,6.561513996101681
29,6.436581953636302,6.556743706735618,4.829182696925719,6.304539254281631,7.266480619472167,6.7277581550038,5.609601490893276,7.72950758266239
30,5.8964728905928405,6.082722805470423,5.262821187787485,5.487584762269925,7.65943450258823,6.843570540835866,5.000360362953675,7.437405338158281
31,6.5255255185648195,5.6032667636758395,5.948325788055545,6.63130249226725,7.385429877779889,6.008170396823849,6.701808401968368,6.581898822565008
32,5.6939759976673106,6.565005876150375,4.993678026552679,6.23165394210106,6.003397641327958,6.060021426540161,5.849133599661581,4.970291045916067
33,5.6426945588891675,6.937671637653674,6.458734492171421,6.035045594612455,7.582482364040161,6.246687155994458,6.475286979933437,7.2671820394618925
34,5.4887535377041745,5.994358272878393,5.8342823110621405,7.035027310199253,7.682363393916189,6.77667065420523,6.528556244791594,6.48155825875492
35,6.544535653981196,6.048646622827024,5.277815016199753,5.4487988494056045,7.327045778885369,5.362673047226586,5.8995653727316295,6.750854597967746
36,4.8218619658099655,6.754771733991471,6.769009113911957,5.493335948012207,7.134312044830012,4.774938912576403,6.795235206224532,6.73724719286812
37,6.871870525913823,6.125490324258841,5.163509748849625,6.273582681205106,7.234056736515816,6.187559960761707,4.182497689097572,6.704915928744648
38,5.6526792763929645,6.143186926156848,4.614451470059653,6.370405682163825,7.652458739263761,5.585832375255542,4.123095351354548,7.440253715970111
39,5.904466892765816,6.0572211019618925,6.630289784061831,5.881944374616255,7.460765016104357,6.325405985109901,6.938955402351682,5.176827637781009
40,5.4898877873208605,6.159232249872228,5.84008316992584,7.919804419606413,7.480417807515628,6.731826002875716,6.212164791570549,6.908830210570049
41,5.694469211176962,5.8977802224886045,5.882581923089042,4.889781711176961,7.07512939797422,5.675281061221855,4.934920810934371,6.41427112960106
42,5.204588223862145,5.577140863848073,4.958883161010774,6.16707945095224,8.0052006528632,7.158578883116064,5.9072409361579705,6.938748640497012
43,6.557127461624594,5.961241389826213,6.0146687649220425,5.775882817005232,7.089721785467748,5.535225652160023,4.978268806684682,6.518198235301558
44,6.683251671459527,5.834169189544772,5.54287102364502,5.573426578923787,6.757764869887424,6.5378524713382316,5.272163001437859,7.348390926444334
45,5.640099974661146,5.500287050038418,6.273070161777832,7.325384213062453,8.288185108480384,6.287539140113699,5.440768701527212,5.8085416107487555
46,5.68415287803543,5.422580929128394,5.248870259521981,6.206395744536053,8.042631180598192,5.767785309975655,5.095137867938048,6.821906706671731
47,5.9872079826494415,6.58200743494371,5.379993715746078,6.854140244440225,6.806884977185493,6.3971129051954545,6.828185982266126,6.682442660595518
48,5.319708631102803,6.701095074450496,5.405911832214758,6.313540010895952,8.118170016264072,5.250761979134867,6.539797599565318,6.169191707694334
49,5.475725164941034,5.12420723054035,6.215661180757908,6.288714044574471,6.670298654620486,6.72893203796015,4.6269297330646975,7.2166293233640095
50,6.048373523325592,6.493551728144209,6.086610172673786,7.0879169061861145,7.505157955010275,6.280693338094395,5.7469013162386045,6.93112257492964
51,6.394166377907659,6.112991733831757,5.366398218174597,4.527102710186305,8.080664555725964,6.155541604741782,4.626730967982941,6.311146657879514
52,6.468449174687047,6.770142517286674,6.574619767797758,6.544008760895953,6.410005538151806,6.043267707566561,6.766954527064197,7.520640663055978
53,5.662087004569116,5.878280609055356,5.301761723255232,5.914287546267872,6.1178209624551085,6.694042510576525,6.280586768724532,4.8165485419542975
54,5.980351294606414,5.602160239870674,5.3085229032145715,5.5216305777095265,5.731723344261083,5.789379318858779,6.120417589691969,7.058443038151806
55,4.951996704147384,4.977275404396886,5.710222129473289,5.386975009713636,5.935030269555044,5.499427942932005,6.326211085218679,8.021880460538107
56,7.190197242842652,5.322467454595018,5.079696413119864,5.075637408262829,6.288278748817684,5.476205624680572,6.474434424974533,6.947107514762328
57,6.411307339404481,4.972141687563885,5.297589772143276,6.35899677575411,5.97724605869751,6.29357202051376,6.232643010512639,6.067967200217124
58,6.618827892158904,5.060095760959839,5.66463804470224,4.5356285377041745,6.008151514027213,5.831323876246202,5.907131900658281,6.122284895865132
59,5.758715151201308,5.2547618694721665,4.115366204051558,5.91372824296999,5.117983581831446,5.047974548536675,6.8027384610176815,5.853432870686426
60,5.388855244919366,5.342038761055666,5.361954787449065,5.282007893117187,4.704021697437235,4.700007010320983,6.433802977984494,6.128143847744147
61,5.889210675613389,4.844790010895951,4.691450392478333,5.093789633339664,5.509580212071794,4.669489045373041,5.916721977249378,5.443059395929017
62,5.573324941813574,4.794064212518991,5.137018729070983,4.237054381550436,5.173052793711582,5.353936547098814,6.187182758020237,6.123549953028956
63,5.319034513803612,4.906857356531443,4.8035507842534875,5.772704268181073,5.485892829243213,4.830585289046636,5.66422061023767,4.690957003706229
64,4.902267795692468,4.06093845139944,5.01491167248213,3.089868586560709,5.016416149571794,5.17082861221899,5.909258954179328,5.616050361132503
65,4.975764798280698,5.250105124744459,4.438299992586677,4.725096634745581,5.1856271631837485,4.455420626661456,5.651872308537796,5.419476714723911
66,5.5506270505175594,4.092882472999689,4.380798392733873,2.9888169861001264,5.287226830393586,5.209793808984996,5.681505308314197,5.881272300325904
67,5.251833203476587,3.839627123626028,4.980553970443401,1.8770406363107757,5.298311519555045,4.020148894171731,5.978094279780199,5.127991691270548
68,5.964425892414445,4.650383649731507,4.634435030866687,2.9368376149665028,4.976568876885057,5.205823687468057,5.7949214518790155,5.401881326815129
69,4.5712820872315065,2.3743035122699254,4.19821837244371,2.652978058697077,5.575696945903549,3.303433751980886,6.014515586944022,4.799536943379204
70,6.162474845475776,5.393035615925218,4.422287925325902,3.6394252589785197,5.036060345826714,4.828906708173474,5.873277875031943,4.774626179735307
71,5.276669209579822,4.895094288790661,4.967165234726588,2.2734759365727935,5.457482364040161,3.7183691343618324,6.075469010384869,5.003355541858467
72,5.00118536736351,4.877474064321172,3.775857557323537,4.099318837327336,4.954206088861023,4.304292859087298,6.2431348920630745,5.227154884490037
73,5.525151803457594,5.4823623373592785,5.103419518532876,3.4077969996801385,5.828895822149751,3.585974068826403,5.5748382619181225,4.999613355860212
74,5.062593217216315,4.859883608672042,4.304793047865443,4.176329492011707,5.29203530847391,3.8943136021216063,5.452036760608033,4.919075696926152
75,3.9461428597904726,5.3622576557708586,4.333152147463137,4.061696344516627,5.8963634319721665,4.7310402086845595,6.053227588509651,5.322429689001743
76,3.418451500606913,5.193719737953674,3.085361955297759,3.247103393692157,5.119776130463947,3.180952134042839,5.444237189640599,4.185716294382381
77,4.690820840778455,4.512965945871606,4.7018291525113955,3.8270184761948336,5.021936933665567,5.186224056812453,5.5247976421265275,5.4789176643021795
78,4.194156478335867,4.26978300057497,3.62663426313238,3.2836144304380475,5.709062197053923,4.294102576495702,5.794907924463016,4.250881302274845
79,4.301795402830823,4.983826757988294,1.7411329401836262,3.944810268213014,4.502306512685181,5.726106453700187,5.7351591743033,3.9962323790576
80,4.589041116021047,4.933922899507907,4.274645062531943,2.5923539600265895,4.89381792248213,4.42268298935959,6.3138393915835005,4.944315011694521
81,4.69912306665386,4.474227663119864,3.406314469900373,4.4007008917112715,4.852463706575905,2.956017520290162,5.624270255815318,2.940397277287363
82,4.426224367267248,4.9361407041154415,3.8187614143021786,2.60977890704857,5.188934651808655,3.4289626880749697,5.931828504058032,3.681297524955107
83,4.824567205425531,4.538039328891844,3.366578275722167,3.8506925068698634,4.498096971242402,4.172729597967747,5.832994883467435,3.799956245590164
84,5.625410459196078,4.491710104773724,3.420029042753298,3.6932230368097767,4.512507433441966,3.852321837742592,5.242377246804423,2.1474999724562287
85,3.382948239806789,3.8038298375189936,3.9855850286617684,2.915989343813885,4.906152872028456,3.9755403503962623,6.117874546331758,4.497732945392033
86,5.393657346114631,3.863695196830324,3.9097389907978806,2.4914836138804484,4.1594755805533,4.477655496389167,5.394828587678707,5.585049222456662
87,2.8793850898516804,5.089851148389477,3.3024647631328135,3.9622873544862394,5.016624954435303,2.8679503253768384,5.347315616084932,4.929029200984186
88,5.772384136950497,4.341651693794894,4.368197318954606,3.122870480349127,4.1312940723733504,3.9916129768021786,5.322123333045703,3.4609543397877953
89,5.963563297673786,4.211544258148008,3.4667915196193637,3.694370215459028,4.518034171299813,3.032718754505232,5.187384835473788,5.122891230892154
90,5.428368435838541,4.744167504569549,3.2100264289047935,3.6507778675232228,4.668654774827336,3.3679180904266524,5.371541799526901,2.727336809783998
91,6.1102772280803235,3.9201027787895386,3.752394374520858,3.5149449289367363,4.337301728144208,3.145383381837921,5.445204310742281,4.09561688305218
92,5.139820498274658,4.107546728783065,3.716846548121419,3.008191147366875,4.850785724086177,4.426359683953052,5.203883316238171,2.667504283806289
93,5.79102999865797,4.489098680757908,4.163816703189101,4.168194993034741,3.833975356722667,3.1022495463317563,5.663697627907658,3.9338966183217936
94,5.1199348390850545,3.8152646019938357,3.5976221473034227,2.585219663343463,4.11511283358873,4.3301450610302,4.846570476737861,3.523558443027833
95,5.276654660659403,4.541516236899131,4.45923034707335,4.003339548312642,4.199160656984684,3.648639752716002,5.349169570104547,3.1469568379666244
96,5.27094557438661,3.487974295660525,3.6720351532465125,4.387551999041284,3.5181992568059766,4.049805709004421,5.2077846339785205,4.072831728303924
97,4.840770216257597,4.363899915676153,4.471652983192901,2.1141473323749054,4.530702604230263,4.314651466960771,5.421299455297758,2.5908664979871725
98,5.206672331671731,3.324318344101371,4.140274078444644,4.121821626438291,2.9191132872569745,3.7833622567420924,5.282450587263451,3.0716966324452666
99,5.006760581575904,4.394962882860089,3.3533634685263998,2.45291330588568,4.574256515593275,4.004736609790473,5.277666770481386,3.6333746925486916
100,5.281805217280199,4.433213482745269,2.5528126201749073,3.2908887282080954,3.5421671375254675,4.7815573774604605,5.48793568382528,3.2189707123916547
101,4.881992603112268,3.0007118828924653,4.604789700441156,3.1465234099562287,4.35881773971096,2.746145290867808,5.452453173568184,3.906851825888357
102,5.136990404876029,2.937989725875405,3.880513808825281,3.4128009304704237,4.092816558473911,3.541471671299813,4.990725545500809,2.5232079445934628
103,4.589970646791905,3.3881404727760893,3.525023286777833,2.767612227696577,3.8069890804255295,4.734919754377461,5.414190841417311,4.210202400434682
104,5.194468788055977,3.934985703955728,2.221232484215069,2.5949565410275226,3.6285428225330643,3.9183722339275846,5.24147212947329,3.527447254856602
105,4.478126937851371,2.494224400817995,4.4775127813138855,4.04225831173294,3.931633649731507,3.7233061291219176,5.371228468302368,3.3996058523132637
106,4.709527684752053,4.069061816494146,2.908786068091719,2.817422022718679,3.7697587623976965,3.503952435487171,5.06570916388649,1.7813762984084702
107,4.658100466385369,3.026548689672975,2.839375796172042,3.0824203602696145,3.8222873970474485,4.603987489583189,5.192021252779456,4.438854786745892
108,4.588319966992714,3.169973415867809,2.636473376310087,3.207188937116687,4.058170361771358,4.044001362506474,5.106886386758407,1.346170480444522
109,4.855318461272791,3.3170893855765247,3.4330623477760898,3.3365814253578456,3.8429518751597147,3.842460704658903,5.182305724021858,3.542495265528955
110,4.528671234055356,3.695672439832688,3.625881900658281,3.453694167817185,3.79902340244751,4.078889445264694,4.9956539451045465,2.076560386886179
111,4.986472883084123,3.643281587998567,2.5140238180597767,3.1216066925482586,4.476415275786053,3.304739639251244,5.516165245238794,4.411828278725654
112,4.033169868545392,4.730504049463447,4.260056162672664,3.6573261566013713,3.3209133043839354,3.570071635448753,5.2561949013929645,3.106838931908281
113,4.565991281665257,3.2861779764827515,2.586051044638356,3.2439488351867363,4.530247156313886,4.596753175677707,5.17430492184284,3.9940864427399156
114,4.38103738953873,3.8910933769489415,4.515945306493026,3.9724223607172466,2.253076911713948,3.1075929142702363,5.463367421842841,3.3865575752490673
115,4.723723986707473,4.7298685439995,3.2504352957567857,2.783060234662268,4.886191856914757,4.376233420597073,5.512308069976776,3.764430366500622
116,4.4474886282590305,4.4229258969196765,2.6948901332757784,3.7223439402798886,4.424896460090907,3.5565196819721665,5.137255930725532,4.174195463222167
117,4.100602777287795,3.7072234629342486,4.987641410659836,2.674379256262518,4.121897828604358,3.444200620814196,5.232168504537174,2.0712205065819447
118,4.593099099373663,4.539614652766937,4.4958122306046695,1.7733441075212364,3.6913512214979445,4.105443490318306,4.953414340905794,3.0138234330901637
119,4.857763530419487,3.7044083415770244,4.3329349227057286,4.2056000858255915,4.526470867619052,3.509644681972167,5.400727172897386,2.458735936796826
120,4.190535235365442,4.726603154844083,4.0295428470733485,2.6863637073744724,4.068917058410026,2.9763672225524904,5.0477275549589065,3.629628420532754
121,4.4133768982936505,3.101379976322604,5.3000669009777095,3.4475966422542985,3.466980244919365,3.8151867799399137,5.390241668232007,1.4627056351927785
122,4.753258413886922,4.344224929096451,4.199847878578891,2.096394082086987,2.7915301874361145,3.210970756454607,5.086473236100126,2.7338341563777706
123,4.2060824133115196,3.3680727130300765,3.967629700920298,3.5696228122759677,4.75703223645193,3.0040286376532386,5.091540440023913,2.1059356823235373
124,4.400635998689913,3.860690999648196,4.6505269631902255,2.5961967616306367,2.6765604920436488,3.8830851763804475,4.842065465362766,2.333539637844895
125,4.322759261630638,3.5473398893146957,3.6387537830716044,2.6724811597645717,3.3749326408488165,2.7930584795820677,5.244817631550003,2.0454066686157533
126,4.337677909381259,2.5578658735617084,4.163732504250121,2.326124244887423,3.451671042273724,2.712502959355791,5.354191186924598,2.576627322916378
127,4.527413152160024,4.32204346798294,3.6691545404844943,2.128900719356913,3.0042661898326886,4.036584948044583,5.032583860940413,1.3838970764952687
128,4.744127695967436,2.1582382492009975,3.423220943731008,3.6276867799399133,3.161553136215381,3.6659055679958903,5.233157397686304,1.4846906220919078
129,3.4537822775113964,3.7345542839016828,4.043571597392776,1.444344182131447,3.944160564353547,3.3906954236644458,5.367708439321171,2.807679614391532
130,4.503061516551557,3.162930293392155,4.007525026840597,2.513860600300002,2.596163082055045,4.631289140113699,4.904119283582256,1.9802158026581589
131,3.085215752588232,1.6761440790834998,3.666813326719301,2.8890267073105873,3.4957298994120793,2.1545814589085923,5.448067062212081,2.408525299239415
132,3.6282493956095903,2.921641956959216,3.6625337847330615,3.275790022909903,3.065647160115942,4.232727209451618,5.449995949034807,1.5390226913978855
133,3.6089378364968243,1.671458587039851,4.119670159477519,1.39175558671999,2.982113052914135,3.866638236483873,5.096670669222667,2.8740312590104624
134,2.5795565872953925,1.8818437590104624,4.1423358158233485,2.5564858271341238,4.556053172769614,3.1568191678171846,5.008053787672231,0.7242607443120198
135,4.192157343111146,2.9067074909252195,3.527201034924719,1.922873757668433,1.5303383305213585,4.533592235269614,5.225774662800003,3.470628192196888
136,2.871343034445144,2.5588728032655053,3.107337252940035,1.5592629350395397,4.249872081703674,2.87665825345112,4.7993802777669385,2.6093591817166244
137,2.779096490030388,1.4123233599816962,3.856930106115753,3.0588444790705496,3.534699605316751,3.3605379969326274,5.479702261726466,2.5700268945869875
138,2.112410658486427,1.5373467519169999,3.2223971010355528,2.2150082371227287,3.347791566685804,3.7710704281696765,4.994707574545893,3.141200544702242
139,3.6748835310583434,2.8781744628064767,4.021950884202552,3.343161701527645,3.9479758880046085,2.861213734119674,4.966970803521048,1.6809102824318827
140,2.961360712966192,2.5920200535214803,4.671795310199688,2.942881979773724,3.5702231935389177,2.547622182355913,5.1144853248976965,2.885649393404671
141,3.8027512147877953,2.144619359694211,2.581651581128704,1.7114533317990694,3.4219686403372984,3.061039665388667,5.374119543967123,2.2028001843683085
142,4.400540738464761,2.0099062970664394,2.600478346625717,2.6479767692990697,3.560434774987049,2.828770545245702,5.593153106371296,3.507025684304423
143,3.1207660451174966,2.195000613400873,4.129401083397508,1.7892526699254074,3.9610703505559774,3.1032351271090897,4.9900350115348076,2.008486617299192
144,3.3472942671584707,2.3360370941013704,4.179416866628393,1.9665176464720449,3.9852226226992538,2.4174285047612063,5.2188257790450825,2.34638770520193
145,4.216632810998257,2.456953252683627,1.6861431702452685,2.567514043168122,4.009770557259652,3.7194292248212935,4.285380099500999,3.6858805336465745
146,5.003790662352804,2.0843219444018057,1.8116320498787044,2.5881329341766515,4.31454038845224,2.870369536458406,4.890761162927774,3.9373063424403463
147,2.853730208365132,2.1875246612982586,2.2160254544668128,1.6630099831924674,3.150127390017871,3.06926406921015,4.856479415196578,2.748839469197199
148,3.8684063716766515,2.643937245622107,1.835446752620174,1.9082074588762163,3.8881260991181192,1.9279267631966994,5.1108312485936525,1.982704839020736
149,4.20981906866669,3.060013605029699,2.244054383052179,1.6715446537252214,4.065016762174096,2.9035443372634506,4.238404060774223,3.4925447984404125
150,4.716451308825282,2.9793811089914706,1.6470950439032386,1.442095164078146,4.380271922769614,2.731684309304856,3.717352515401184,3.2850971354802634
151,4.074918126980885,2.644785466704796,2.1207686865097735,3.113182502140599,2.9719667375384184,2.0675965496231616,4.942230480763949,2.3759398184111467
152,3.9739024243671874,2.7548674173376093,2.6248022564226643,1.983549572469179,2.3574372701623907,2.9616191909511196,4.733782017126526,2.613611844133314
153,4.237604491308532,2.5871430195231016,2.6875599607617064,1.8234120300033656,4.3728401131453305,2.14167343078985,3.399936446446577,2.000513964052679
154,4.769816257029577,2.0859820655993158,0.9180301553871119,1.8703219063458287,3.6741051352566636,2.1495356039112687,3.8423841519679347,3.4274309082947707
155,3.8309797546968882,3.0075342929764646,2.246472995750311,3.071200777543338,1.8449436119949574,2.4145879484598383,3.7008912018466393,1.275162514218868
156,3.898573239806789,3.8158996843367983,1.8217703684815074,1.1640758521535495,1.8682868732742233,2.0877423792816323,3.650847094420798,2.917386653150251
157,3.982979981531009,1.756637172418244,0.9775548807833757,2.817692057706851,3.0677873179320043,3.158216054032564,3.894299651584621,2.2994398154076587
158,2.9070658108700527,3.753744229007097,2.14937196303051,2.2962949461590916,2.4476656212933383,2.1160760439351813,4.10209492372833,1.9419261678167514
159,5.112425630527833,2.631425478303923,1.4571283779715447,1.7507738866630125,2.7706741673691186,1.9260791860621418,3.9618192253958306,2.2423238381902233
160,3.533317515880326,3.5492891035594654,2.4570133887077836,3.0097945475783905,2.0640896975330643,2.044010205521358,4.353794678265504,2.7958592272813205
161,4.229761376246203,3.11781662857889,1.6251541994824403,1.2701191253513704,1.756509078859467,1.8382583863431516,3.631026328252555,1.9245741105890428
162,4.57714639449116,3.1015357956929,1.8226508245143835,1.5625104629027389,1.8826429053551688,2.311419334259963,4.0559728845858665,1.626044344772169
163,3.6788937090359304,3.0427556112602736,1.768758384841408,1.4896165555658187,2.0284034899345595,3.259792927690534,3.4939858271341238,2.9669034443698634
164,2.407737038918432,4.434444437212514,2.3127135618607118,1.6398903235556666,2.4753255917686805,3.244313284158092,3.6473106487727915,1.4180439306616466
165,4.389954195072604,2.138710063714259,1.9344822028057889,1.9564041644299506,1.964839663982318,3.1055381521600243,4.149901322245579,2.8549591198235373
166,1.7614282123273357,4.039215254857036,1.3528002544732887,2.291369012685182,2.6729099033738497,2.561138237985617,3.9654979629981355,1.7182640096173756
167,2.8038760230061643,3.8095688678745945,1.9362583347714801,2.064942850875405,1.6148962072147584,2.485808630304234,3.4466781727696145,2.2011028959609598
168,3.876585786777833,3.308248183825281,1.7561454035339976,1.2252988874615822,2.504599250095828,1.6866948998912212,3.4137688978140743,2.7611134364773986
169,0.9638899810518681,3.9024993941078447,1.0503003671394777,2.0559117270572878,2.336700325376838,2.751445537832378,4.369611044957782,2.3323934807000644
170,3.404046145929451,3.3041669837998136,1.8859990455970723,2.1649023011887913,2.2956346041344355,2.5407513685134506,3.5891333117329403,1.5820236763480722
171,4.966815757796638,4.027548468845829,1.8362537204753433,1.8494373142253433,2.1831991090872984,2.695452748945455,3.7503176651007486,2.9110999791663783
172,3.1179207318189275,3.8604135662705468,2.3040267348543586,2.862013303585365,1.591892981467124,1.3249195716062911,3.9607184074962016,2.9573881253194285
173,4.673786025530511,2.8551782123273357,1.9205464944402237,1.5292919427403484,3.3884209706669997,2.3393573364963904,3.335861968813453,1.9014875321443974
174,3.2993486412001864,2.5355145699448336,1.7864020012462014,2.2370940148900997,3.2121986464085914,2.6461919695809457,3.93881064426756,1.6596187187495668
175,3.6996659532849305,4.099499317995891,2.674203883116065,1.4917988128513702,1.5855983107103384,2.45273529134695,3.185748952453553,2.637896543711582
176,2.9776213936925893,2.880936598670487,1.9110361076494407,1.233700284317373,2.053947891296015,1.8501198514184327,3.5794584378194276,2.5757489098923436
177,4.102238237187048,2.559745262525467,1.5630071640466368,1.6740387976099003,2.9982583938518705,2.6644926882346844,4.077223195040661,2.470548327134124
178,3.5923457153951417,3.2538670397813205,2.8411862060967605,2.1345649921718537,2.176014716161769,2.0303685224627044,3.3093426248398523,1.662493976130948
179,2.81202507090355,2.288615719836055,1.2988488755430274,2.3676068022109606,2.132155645609589,2.1501313007731016,3.514194258946577,2.485722213093963
180,2.3640411861260278,3.254696801188358,1.8247322909316936,1.9640585541922786,2.7998923740732264,2.7216443880365517,3.509329730859779,1.4650985650882313
181,3.557520482649441,2.2501133693759052,2.5209018550292663,2.054748059145142,1.5435720205137613,1.8080206714275842,3.083752776584622,2.7883752784057934
182,2.3185536309430894,2.642065430310276,2.5152001671459527,2.0931487724950797,2.4083300217919055,2.2800358853205496,3.0185699073999404,2.133963414142032
183,2.538621848862577,2.3194339117135145,1.8409367463891664,2.305244161905605,1.2866884529011842,1.8970712288469498,3.534271284828458,2.0103705154016174
184,3.4165897250768356,1.850225399283875,1.937644159700687,2.1732521571767736,1.894140096721545,2.3479139543390426,3.706024320296204,2.811088317005665
185,3.032235405514883,3.673978238464758,1.8356013752235996,1.7940346189610823,2.2363186836016817,1.6960783898900995,3.0696035063583453,1.98539264046507
186,3.9926708489903495,2.5698985531696765,1.6808330587613958,2.5883823938842467,1.674408178840908,2.6847234904780195,3.23426392149147,1.875064469900373
187,1.5357798479358038,3.000333483384124,2.0438346571124546,2.151564084835366,1.592815960090475,1.8198652967150697,3.5123932904201762,2.8138909324513084
188,2.8374029421334352,1.9373601741755295,1.3262521631837487,2.1906140789237862,1.5849151751338133,1.2328282481783954,3.081299462806477,1.67364806745243
189,2.0932354375638855,3.094233173727898,2.718002817644087,1.916114795980386,2.3831208989648807,2.557796223543149,3.3044945134198658,2.446311432930883
190,3.031135010736238,2.226808296810898,1.6100486941782062,2.0670932963317563,0.8503518729547961,2.271367342727398,3.6302168942675594,1.4582640722136369
191,1.5094473615158164,2.557623141264072,2.2563778481913457,2.1221279823943315,2.8155931531183085,2.4919519908293903,3.350319039621174,3.108769686477398
192,1.9186340242843083,2.2867697625893526,1.923643310455229,1.7672444663534257,2.635447739072105,1.1511801546839375,3.3620170390781468,1.900563108895642
193,2.7722348697277086,2.185888355157037,1.5909654937051068,2.0764560357876074,1.4424947372505001,2.398730926923475,3.6370770699448336,1.284297142893587
194,2.9744408018595894,3.6557672493930875,1.4851577296778953,2.430109443603236,1.6223836437245325,2.424376790132692,3.051301590937736,2.9070403033298238
195,2.2147431343942094,1.9520611740477583,1.9354873373592782,1.413786335985306,2.2322407959480093,1.8235062687240995,3.209971225140289,2.568688947628893
196,3.5069073826688664,2.4719790681875473,2.3424036331480074,2.5186832041797618,0.7466974436347464,3.0304528966641344,3.71646177172802,1.7788734867713583
197,1.8253277399349919,2.573567426252677,1.2842564880495027,1.9979193798246588,2.478054646440535,0.9642725391739749,3.333230217375594,1.9927322543774604
198,3.652347836017681,3.30975223779396,1.3878945007027408,1.112053783167,1.6613519050037986,2.482728654077025,3.3449023587674365,1.7497257037316962
199,2.670809729422353,2.8943805381518057,2.17578125,1.5734890058153184,1.5022697685963282,1.2532617262587182,3.0706732860746597,2.7299285047612063
200,3.197746930981508,3.7022525407400377,1.249115633211893,1.639069828284497,1.5422959020637632,0.9249667084929029,3.2237794383305123,2.8768543771405994
201,2.122983003483062,2.1343050695615196,2.3840596958716076,1.5835297733255922,1.7421938768850564,2.210981044094895,3.7247282750189923,1.4570861032396043
202,2.695110845667432,3.3856578132985704,2.010835404716313,1.6084122127745348,1.4755571901840603,1.125157511854236,3.512960415228519,1.8009377403498157
203,2.0094721980765247,2.0508777795881095,1.916484001948942,1.4614535070615198,1.3918136797353062,1.5404975749296395,3.4476383186028037,2.7424189231529272
204,2.5416854084229756,2.4062935440948956,1.8284288898262138,1.2225273101992535,2.2533871784252186,1.513554244343963,3.361688312691224,1.467904069784686
205,2.64769848967945,2.5156521274280847,2.6022431694467,1.1873794800931516,1.289282614008219,2.0455068611005593,3.2480830207054177,2.4795630342854307
206,2.4783634685264,3.832134331735617,1.6731033130749697,2.4878771676889797,2.0831277340234133,2.0491819358061667,3.200620568475032,2.3935267864260297
207,2.5301114165070966,1.4896512566458306,2.7424805038024895,1.3214917383369877,1.4193196259906593,2.227536173249189,3.7381502671904125,1.637205411362144
208,1.9311492792367382,1.538133990733562,1.9920086392193015,1.4038168383814476,1.0951230711590922,2.4159328706864254,3.770400221625716,2.1071966534696793
209,3.3125110612861746,4.090148062947198,2.114345922194211,2.1021172941592146,1.5811271541732863,1.870238976769803,3.010787176220301,1.846520380495458
210,2.883027083365131,2.9451391698623883,2.2759205825985047,1.8221946029521197,2.316818752204918,2.148733393053301,2.679514840841907,1.5069924278498161
211,3.1368158779715447,2.4867609546269596,1.6326468161104006,1.6716752134138233,1.159649085953363,1.6784019401516843,3.3506988837549203,2.3055454103395423
212,3.9031636468877338,3.1030606002046066,2.9745077378897884,1.5711283108700518,2.152323845698943,1.391933002875283,3.006108061061709,2.3333338974946467
213,1.7774566962549199,2.480680020993336,0.949357379057599,1.4117172002171245,1.3312867090363627,2.1881531914937136,3.4067773162062283,1.896557089531821
214,3.0155551747189904,3.634053494249,2.0577116740792687,1.5095091900239126,2.2728397601293264,1.4971479592914727,3.2315180270318207,2.027552802722045
215,3.34497933457939,2.1914374634457663,1.7643712519808856,1.6478510692740351,1.9366864799973236,1.7593475921519945,3.24323490928543,2.627168131486117
216,3.334490517542217,1.3830087989519306,1.7286072223284572,1.118535734598383,1.760540533167433,1.677490270673042,2.964514425229642,1.2206335475775243
217,2.6946615993736622,3.7797256186092785,1.2125960013096542,1.0636361173630773,1.9439987912191787,1.3387579767378606,3.1593431531183085,2.694175185870053
218,3.689504242746824,3.0568116642702363,2.709261385256664,1.4259329833526146,2.0734479278502485,0.9894921249037388,3.0979119113302014,2.5785159780160054
219,2.7302966892253435,2.440617566558033,1.4454447521725422,2.0470725683148854,1.5084247887910947,2.5957382492009975,3.1940854562879846,1.0380892498717957
220,3.1743049218428405,1.8431278466896017,1.9171893326939002,0.9248254380430276,1.7566842041473854,2.1715670241561047,3.1323891117713583,1.3397657526836264
221,3.3928200110556674,3.435784850300435,2.464252810135368,1.9630869239519306,2.257386222520547,1.0609963691523059,2.9838588176760297,1.9893052673501266
222,3.558832148421421,3.8442705162001864,2.048721978751122,1.7325804083586567,1.6225575722455796,1.6905286832179356,3.332383017797326,1.4687568000060423
223,2.2364119008179952,1.0227325923760269,2.1116745374166883,1.7647461638549797,2.1203625611899133,1.13447262119751,3.050137747763139,1.4841007037316962
224,3.3765159614968234,3.0928705654715447,1.771830364295704,1.2481598212549203,2.0671444140785797,1.255379936764883,3.4342177710567885,2.0151692015587206
225,1.8378696991945223,2.3290763028183052,2.497691269043528,1.3612363524090922,0.9515708497889179,1.9838826327323182,3.5212930083077207,1.9152154571508735
226,1.9888681038469505,2.653984565279888,2.6364520273836236,2.064604858352614,2.0716241657719796,1.5688928202327515,3.3964882857552308,2.018374206831445
227,2.88129202936451,2.6896683067485676,1.9576201468557908,1.8139940141869253,1.2446942223923434,1.6580444163788923,3.2018271095025543,2.5595840877745344
228,2.0792516759647586,3.252588630463948,1.3047187134457663,2.2612433977825646,1.3391367993671863,0.8009243881962659,2.914414866180761,1.9624750582818202
229,2.879426167816751,2.2000684157080945,2.5657161391549823,1.2874964422607733,1.5071868590553559,2.135688603623351,3.281727219963826,1.0488008223094651
230,2.161141057131448,3.128224135927896,2.5598567641549823,1.6782764879851835,1.1996682441523059,1.359306444081945,2.7111976704688674,1.5973244590998157
231,2.677295168487983,2.7165679179768984,1.7777219742458905,1.708628521184993,1.7646925799783304,1.5639677330008104,3.039910968941223,1.492977204946388
232,2.979485212231507,2.0929142848288906,1.7687058224691792,1.824730846306289,1.5932547434815072,1.4391576550676846,3.565634829466813,1.1179310194592162
233,2.099716790611833,3.3415728502365494,1.890138338637856,1.4124835132282088,1.9889424382666268,1.4790166600201142,2.9956851585503133,1.4297846279715447
234,2.7839768364005617,3.2088903115417167,1.2111594817546094,1.0292005932704256,1.3050294032780223,1.3637036167242211,2.7820643662446476,1.6296165130046094
235,1.900096001309654,2.563380879153861,2.680496087743025,0.7963310918645097,0.8475733204239752,1.7206390782206118,3.0568457669668128,1.7142805359468885
236,1.6844814291599024,3.394451983320671,1.3059995888929652,2.1199401944656917,2.043153564544771,1.4575515909377366,3.1552658638480717,1.5348925918968856
237,2.4296010827897287,2.2642453766934,2.5400731651965773,1.4175993687689923,2.260950393980075,1.2741621366625795,3.1947646811092794,1.968069753674286
238,2.7231860323360544,3.144817278533998,1.2121528840424052,1.5988860077003753,2.357276095411457,2.2051493949064156,2.8584171450341858,0.9714768364005621
239,1.7161786324448332,1.9073033630495024,2.052385321191035,1.6099285973923425,1.170101158901684,1.0514697409571614,2.858272386950065,2.0889990165515573
240,1.4291723391804498,2.5426455542561643,2.089085681620363,1.6604868441333134,2.0010983517698024,1.5719915039941468,3.4112467802593405,1.0054335206415321
241,2.1644292398387313,2.2062945305468262,1.6629734143660646,1.4772643431107115,1.6404330349242862,2.0966166622250326,2.926982260384435,1.540427574386179
242,2.157140743673164,2.983588782687858,1.894631442484806,1.3448945372569754,1.9719885095858658,1.703137929032565,2.839364734885867,1.578542857585555
243,2.1350896669858055,1.7023005939735993,2.3170243172927156,1.18113779482958,2.135324154651995,0.9305295920561666,2.7036831065310096,1.565947139186925
244,1.7366997970983822,1.8818532004087811,0.6502933217660051,1.0378106197272756,1.7867424598988184,0.7748877948295795,3.0672795555019325,1.8956024743417188
245,2.5901946715553557,2.747787127652117,2.557911212806911,1.1198935858575347,2.4010285965937737,1.247627995910025,3.2360757760415937,1.6565286301445201
246,1.2962641558343109,1.9718987800037984,1.6859224578536143,1.2305256462484455,2.366131072437236,1.3861896386434647,3.0354595414427785,0.9980879529650694
247,2.9699986404970122,2.059782429735306,2.5813452251726647,1.3273213445166263,1.951804739071671,1.8837820872315068,3.2476165115028657,1.103337012077836
248,3.076988707374473,2.69797588800461,1.3604559135985717,1.6554239740857435,2.194093876181883,1.582597776424908,2.983038920788296,1.6649259409826291
249,1.2510751350969505,1.9885469511119556,1.321995837870363,1.791023023389478,1.2159262834864277,1.4922517946379226,3.085113517094584,2.6120648444531747
250,2.2925691768276475,1.724027278150251,1.039297833908159,1.5787397549209206,2.1207804187754675,1.911593791059465,2.715519735045582,1.465016058633191
251,2.895782356626838,2.7064563036811946,1.5349587542811984,2.4521180702962044,2.1973389379152564,1.8691578879087816,2.9025755962739126,2.319066325632814
252,2.67099701009695,1.972131647782132,0.9278204416853706,1.4107133350265895,2.2124746351608358,1.3639176017059176,2.804128196702119,1.2458894542751566
253,1.9021821521280822,1.9512536078091536,1.535260177977587,2.0948226689671245,1.4072894125125175,1.011578325792094,2.6784664100520565,1.2034207177908502
254,2.7777334586530498,2.385397642829701,1.6372614613686194,1.6225446432130148,1.0511822677977591,1.5327181561217962,3.210848193538918,1.874342547226154
255,2.174483359502555,1.7451958557958929,1.6732509604099028,1.5162886543964522,2.1599127440564776,0.9866373702068506,2.8499393707498775,1.3409059560643852
256,1.5793305195231022,2.0508237725904745,1.8872758350265895,1.5359190753768381,2.0274889312051068,1.277277660211771,2.971833711719991,1.0793364732871742
257,2.4661102517892286,2.000677006550002,1.2765148348349329,1.7024270676445201,0.948372571926152,1.54479540132908,2.662776940151684,2.2776723011244724
258,1.9507579281696767,2.1387263051186194,1.817039114071671,1.6022614538599005,1.490900670788729,2.2690331042306964,3.216610863688358,1.7656759424843729
259,2.0554706527988804,2.4101570962419703,1.6803367807384826,1.142930914301746,1.402725885001122,1.3702315783803263,3.003150224629204,1.3153949864199879
260,2.4167601659636366,2.264000426124472,0.9912054068569129,1.6785809761948327,2.636067003131692,2.1385170771341238,3.2293765998528037,1.7418772332887287
261,1.7491850353719174,1.5546953215104624,1.4452632499995666,1.9700546905034872,1.7998383670755922,1.0615645154650695,3.193497580936615,1.1550839385541118
262,2.5721397497125147,2.4848261140401613,2.002341213765194,1.3317764349117693,1.3840437023257806,1.0803497798760273,3.3774795949642593,1.6430191992584082
263,2.368239841545081,1.8287603302014972,0.9447893424075368,1.4355095325277112,1.2429225995653184,1.3428237816009372,3.207878274315818,0.8755813232038631
264,2.9205563589595274,2.0835544346238497,1.3342905556935898,1.1325363359853056,2.3637120366181192,1.2678783519295171,3.1095008752874853,1.310318764218868
265,1.2527432530673732,1.3658300718618328,1.3781759074318827,1.0893156601478855,0.7544191925482587,2.0872988388933984,2.9371205789872388,1.271337997028022
266,1.758276966193711,2.0418145960822565,1.1007518692481342,1.864238331319928,1.2207193664043603,1.1975613427908502,2.8112610487598406,0.9777982114644476
267,2.1076806008434623,1.9286206095344975,1.605883966193278,1.2059382536108334,1.7592802330008113,1.0237056672417808,2.846986889698009,1.2736699446573478
268,1.640092999392654,1.7211675911937117,1.0219353137777112,1.4307632334803853,1.936010319689291,1.9612348376787063,3.0902735151136986,1.1141194313009353
269,2.729875942388978,2.576256497059965,1.4458328409377361,1.1701032019105246,0.6754414623269027,1.0949653840424052,2.936386924047326,1.078867921075781
270,2.1312632820485695,1.1708656041663785,1.3160958080262786,1.022477178904361,1.5374804487149478,0.6659897669348703,3.1563471279715447,1.3804339437625175
271,1.7415191612024299,1.945171652671109,1.2643920025239128,1.3599456124425895,0.9519915966252834,1.6192431083521819,3.245608781121795,1.069105783710027
272,1.1862532272493778,2.1159362181107113,1.806037777607224,1.5745080909057934,1.3396335005110847,1.1919292323300128,2.9753676912381715,1.0618277504471987
273,2.843989843046825,1.3727725787316964,1.3577027960118955,1.8701153197536096,1.568299238975843,1.0020268610362417,3.0430558381897903,1.353091215266938
274,2.449018963413823,1.215758133467002,1.24848055086893,1.2218351563453953,2.18171129652298,1.3004975123333782,2.891992540516005,0.861905537448632
275,1.712985286841719,1.4620855248912212,1.9540007716317593,1.369565034733062,1.5017603136823163,1.8909348435902864,2.517614693826403,1.0389964102117708
276,1.0869779340169377,0.6540533690564772,1.235738031377338,1.1208145214720444,1.6191886782335616,1.1035166465044202,3.1519852547927156,1.7048083378703627
277,2.961543835027023,2.165777051316129,1.1174441828346218,0.8183374276901021,0.7585227630046094,1.7219719176566046,3.119670407336055,1.183766657016627
278,2.0315027720793903,1.0660056553232262,0.7828366330198038,1.0616374052593407,1.2196035764633257,1.8576896191207963,3.2312806501148215,1.508502012461582
279,2.4995433553167516,0.5980244344641368,1.1306986233700522,1.3630570499740997,1.207341939832256,2.0055058120523683,2.739584320615631,1.500088109694211
280,3.130484040004921,1.316981619439791,1.1787425740667512,1.4483253649345598,1.3851214788150072,0.9921943000060426,2.903076806556477,0.9982881626722313
281,1.2507942140850552,1.4184401914622033,1.3646146878194276,1.3978560015336867,0.8791124134712338,1.4588084034701119,3.1233932874166888,1.2720459691652561
282,1.6957071409127014,1.3398080274155668,1.627118035243714,1.7298480413150075,1.7258674568953303,1.116636193475032,2.596767797194212,1.0146577036358682
283,2.187114975748067,0.9275206378768382,1.1285645945805123,1.236970007349005,1.5395448274859274,1.4308008238112087,2.8667877515651967,1.322127243800935
284,2.755431229774157,0.7965943268466393,1.9174104682065398,1.75001335215355,2.021785798696388,1.16249992989502,3.203448195743835,1.3139954588123308
285,1.7499747403183064,1.5277466355441487,1.0717440872953934,1.830765171331756,0.6860380455008108,0.9599108412575972,2.9599478332049847,1.2735097914108362
286,2.2100987203156293,1.3247680135161268,1.6400504768021793,1.3791039935773357,1.2444533578410968,2.0072607703540477,2.952189938586055,1.2078653452832537
287,2.1824026041348685,1.3727364330262788,1.4716647154585945,1.3559256425417834,1.432304877779888,1.7821397221687438,2.862173704690413,1.5150568536872364
288,1.4745266206864251,1.4774557098029903,1.0912406362153804,1.295285127204485,1.0277377925292663,1.3447621098219829,3.0080145774535523,1.3847695357552317
289,2.321248407655916,1.7408817879920917,1.3083783929889825,0.8173737942226666,1.4784957206989426,2.0219365105445823,3.078972024315819,1.238369359694211
290,2.893684648805167,1.283714447660403,0.6958671188967639,1.3511682822082833,1.5416983374555402,1.5332039712419698,2.563353999584311,1.5859036451619577
291,1.4205623127235993,1.6074744373722287,0.5641139357103382,1.428482403597883,1.2349314866431542,1.8623467869694894,3.0895466601798276,2.1536831415835
292,2.0003603629536744,1.2651845967211122,1.0959860890207362,0.7562622605441492,1.6444978182829428,1.7304289413978857,2.771954619695332,1.041200439544771
293,1.8117053627939605,1.6742494702198012,1.3259497179829403,1.1656819663534255,1.2243798195934628,0.8225005357871742,2.925366704786241,1.0678208222451464
294,3.2391904533488165,1.3910184441458309,0.791445390113699,1.3491531534377363,1.1322215601353682,1.864212648517248,3.0682304351992533,1.5304919316203631
295,1.504066826367497,1.3635529048760275,1.1098591952323182,1.3903771601802613,0.8612353309046716,1.5029097831989429,3.161004718941223,2.0387758730825665
296,1.9192366964146346,1.8587091273322562,0.9078029534442112,1.2914899557130153,1.7314116329244085,0.8956480614454551,3.0552971473988184,0.9387034765142612
297,2.7420293897623287,1.7119615173501272,1.248908871357224,1.4729482322980698,0.7722416697337515,0.6938614315245343,3.164970506581945,1.3198751612343733
298,1.7697324812115822,1.827637141870985,1.6896147228719178,1.7079417227117708,1.5809931068504373,1.1922791323809476,2.7140965676440874,0.6430157116241615
299,2.0430732763610218,1.6994029661613357,1.2322358636883581,1.224324791091408,0.921020825153239,0.8249072409571614,2.8106770841637014,1.1630650116945216
300,1.542726265560898,0.991330260639977,0.9996994225455822,1.186632896120674,0.7388800113750946,0.9522301703091539,2.764193660563142,0.8639915130046096
301,2.7752532653053557,1.249361853143776,1.6010037950855547,1.0557899377874849,0.636515898900562,1.224765865349816,3.0444449028947087,0.9219169242070402
302,2.211836663567062,1.151682809591908,1.5632275259133903,1.048731843270425,1.2712096556107113,1.4253718123083434,2.9426815948041116,1.5660419762910942
303,1.633740410883002,1.0652590713507482,1.4409348085377958,1.004169908103114,0.7012119314606492,1.1516485316328804,3.0572839519744104,1.3199414988811364
304,2.0214550293006246,1.3046829908613327,1.0627864516549828,1.2973107188777713,0.9134155101288933,1.768019374520858,2.8267006358316347,1.712614460985306
305,2.470008081895331,0.94634638186943,0.8117706789363034,1.1552519133110868,1.1653006775942734,1.770771893724099,2.9522211520318207,1.3615421099816962
306,1.926064214020736,1.3608901878509378,0.9994852623014348,0.8526797345664399,1.3249513834354925,0.9484422219447115,2.885652282655483,1.091468571734062
307,1.267017377076714,1.4072206087359278,1.2574426956480076,1.228681133627149,0.9609859763545472,1.3729754298311345,2.7260498053102764,2.067640516839042
308,2.477341143660214,0.8696207342146364,1.0994972749870497,1.8436894408548579,1.1826186321254055,0.9652396602756564,3.0556585318569125,1.436304169733751
309,1.2190027720793908,1.049068391167811,1.3371666593169402,1.8924081072341838,1.03875801179035,1.1179577237663159,2.7897315097770896,1.8019243426315699
310,1.2718129261244726,1.4504659458716074,1.6008516386119553,1.5910710415705496,1.7569182686925902,1.773589058090164,2.8622192917941494,1.2105046703730398
311,1.6468685530099632,1.6301834625505025,1.7723467944782085,1.7900082721752189,1.2444889051630796,1.2209137976099005,2.8796526587100275,1.6891946470150716
312,2.556946382572604,1.468184319817062,0.6828054896790174,1.5067917950216694,1.0588652296135768,1.392436854550125,3.0076349085822565,1.5447754970280223
313,0.9241418793455177,1.3752209602501888,0.9455408586396665,1.3533341228270246,0.6003036444587835,1.3860820477691815,2.865017573363576,1.2365252701939005
314,1.761135208524846,0.946892756134746,0.9983505895637635,1.0321039995843102,0.7734414107552311,1.4627320916413435,2.782433572213204,1.7133134148452063
315,1.0344825558217938,1.4080031631513725,1.1542541771470745,1.4168944611450203,0.951965315439169,1.289525769426841,2.729412745558221,1.0884758589590942
316,1.8031893997953932,1.3374300695615198,1.276494084291905,1.3656937336716093,0.8047745881897912,0.5719863964720446,2.8132453872056074,1.843431561253366
317,1.7219156197915941,0.8951095086906018,1.301750661969057,1.2522679008499373,0.8810228406183083,0.6989931053486937,2.974103655578769,1.3250862770003113
318,1.1680003865667512,1.2996696186727312,0.919613899156104,0.9805896930278333,1.1102710990538007,0.8778140998528029,2.958632256677774,1.819466745047137
319,1.6399071633434623,0.8567054829688677,1.0675859114579724,0.8819696342979482,0.5838305986385447,1.22218216714552,3.1387193298501272,1.579976911010773
320,1.5095128529206099,1.5179354234404128,1.2338970063902883,1.5192006558666864,1.1130560284696784,1.306379257764261,2.9416797726224173,1.359141956959216
321,0.9663381873079107,1.0996325916728529,1.3651335841317587,1.4573160817671267,0.6139978898896666,0.7911562970664399,2.9406362740922196,1.8965090362982584
322,1.753231534317373,0.9936572760096518,1.2173872164811967,1.3585754305343085,1.0546224317161916,0.9213390886374224,2.9809147565180596,1.2557844421968882
323,1.6736540212165025,0.9443466482612737,1.2533083348668757,1.4900627373463284,0.6649115673246592,0.9890896624805745,2.9830557605760926,1.5097674927463902
324,1.5265123687051068,1.1343898668839358,1.541699606818495,1.1578783093683085,1.1180246597965144,0.6122118934046713,2.998479952485495,1.5310709639568505
325,0.7919295853460171,1.881195747634935,1.3574530884457665,1.0096331975650077,0.6931575454049828,0.6422795905544232,2.8787272139568505,1.170544451431383
326,1.1755664913724173,0.6237466751018705,1.150886304639478,1.0735563649665025,1.6276420390781465,0.7081361539173109,2.932092585282132,0.6739111271721087
327,2.1758724242074723,0.9846218183153187,1.4676494299589051,1.302739307259652,1.38330078125,0.5020868217979478,2.8697065530414725,1.972245367682938
328,1.1980111874680568,1.533452409445144,1.5036900467470125,1.524364389378582,0.9676648251212963,1.6439335101293255,2.7980595937176242,1.6194810836526168
329,2.0344501456091564,0.8550195037062284,1.19578929684284,1.761548732234184,0.7621310769424678,1.1915319500250343,2.963798631581946,1.1340044921071017
330,1.5298114374361145,1.081721231147263,1.0757589496740971,1.8993906705646963,1.1450164667367388,1.9002432255236024,3.0678571432130153,1.3213180576744752
331,1.2632226287062285,1.122856529812142,1.02283898648344,1.6116999723608336,0.9971807926250946,1.2811840854742216,2.995408994535619,0.9711768573295794
332,1.1715413413534257,1.8810885072855523,0.8997391259902265,1.2161355114709225,1.0761870948999401,1.5094319663534252,2.961592734502555,1.325564518468557
333,1.7140292084929034,1.1640101854863056,1.0069618127874849,1.3540018632411586,1.2022619821383558,1.2443398132027415,2.757985407016626,1.5505584945995046
334,1.6255492635161268,1.4984608218303235,0.9860608040001888,1.2152100667177466,1.1777758760860548,1.1663367777349951,2.907516501789229,0.9905261820356194
335,1.1215691022174352,2.252004490605358,1.0077593392443358,1.2070275871033036,1.121477329626527,1.1565220779970125,2.749422835409903,0.880596387876405
336,1.5299798353140748,1.6458940335188035,1.7534150794991894,1.5853584676635128,0.8540716885221691,0.708055267350127,2.9546580491431547,1.3254092974816962
337,1.91509366788107,1.625686871069306,1.6501797771276494,1.7595038346432756,0.7161737001851817,1.0640213168774604,3.1585719078475716,1.578890714627649
338,1.4004678486704876,1.1727850495907857,1.541573308410025,0.794254980827836,1.4062508462419703,1.4190256006837485,3.068993260576092,0.684579578635868
339,1.9543469361899128,1.392875462678706,1.5719110405479475,1.0818671859982558,1.7487622455267113,1.2512564620074742,3.2254851466317587,1.5207856689986337
340,1.855187653725654,0.7404875702003753,1.2583755387906619,0.7244531325087185,1.173434928712704,1.0616224332179354,2.767884904077025,1.4099840139628925
341,1.3343336766675,0.7223002209225422,1.001666498082567,0.6894153594067262,1.5718709840872984,1.050943270992903,2.7937562366750965,1.3251635006707982
342,0.8236237241176861,1.5736580020767137,1.2644714444656913,1.4991517789173108,1.0185442245972611,1.4368296181935896,2.84013657854004,1.8110766573360544
343,1.2415152504471985,0.6433329536039254,1.3742027214016839,1.2832010819911595,0.6646666167557311,1.821187002268804,2.8962854346557934,1.3091255753448956
344,1.8216740867519323,0.7081624351034256,1.362591139154982,1.3998963899859282,1.3726358174204876,1.4841752134138229,2.9831682837100275,1.0692846444907262
345,1.1291327408932759,0.9898822566777734,1.3255441910465149,1.5985067619500648,1.5494784272429027,1.3357270752486343,2.86057745500984,0.9437043427912836
346,1.3057145818633882,1.443518506742092,1.0741526602117712,1.3936542816013706,1.8419321916858031,1.0973185053357433,2.5050313060769027,0.7215807643781493
347,1.7838706901516843,0.8099508276132659,1.1982337676061021,1.8113741702772113,1.1223760700726044,1.1802365882536763,2.668480671043839,1.087375041059465
348,0.9694031914937143,0.82010369513649,0.8231395288853681,1.7931619844386693,1.0364979324508752,1.3698336250958287,2.9679790025877995,0.5794132738366767
349,1.5668781145831887,0.8997871792237881,0.9204229100201146,1.984573341960771,0.5050834453281468,1.4801299838313233,3.0876015319527412,0.8719734323869901
350,0.8459409250379848,1.1800998269424676,1.7180524907655046,1.4509041308792041,0.7418364031821937,1.0186214482677485,3.08409527824608,1.2607674471816943
351,1.3124776295691165,0.8971519401516839,1.637959992107535,1.449653447373351,0.9708661674973235,1.1856394938328783,3.101377933313763,1.610540710920988
352,1.6340141087678703,1.3516233070036765,1.1871187112408481,0.9895485980311985,1.293830746357224,1.5818949118097763,3.3045203714849944,1.2756776750384178
353,1.8717543398831915,1.0702168166538606,1.4040831378768384,1.1116176411682435,1.0496806799589051,1.550632829019181,3.013174575472667,1.0693842385920966
354,1.157015291506664,1.4420346049330044,1.2505215377046075,0.8725148743926538,1.3842291152539872,1.4418900221113335,3.0848285100650066,1.0797120561407885
355,0.9925819656502508,1.2971996403692414,1.4497475108316342,1.3916679001467636,1.131548887461582,1.0725633857996912,2.949149172577525,1.0718605211845595
356,1.4832302874805747,1.4174794472455796,0.5232178091127659,1.1190849981145103,0.7768844639244744,1.3203714392572856,2.8193710617009975,0.9614812328730395
357,1.0643445126212958,1.095213646983129,0.5684306449064155,1.2760082691717314,1.1057983226288932,1.5713067485297658,2.7715035056551707,0.9211302837739133
358,1.7037594839595276,1.1294614672801988,1.043605700089353,0.7745224996162534,1.0305970563648212,1.3114267326494409,2.9745159825212366,0.9237745411233508
359,1.1724018930852433,1.3014250000953955,1.254383046842841,1.2280684217150695,1.2279990195550443,1.4555354406627685,2.918463408135058,0.5785823156627682
360,1.264228536905604,1.2182381515522458,1.0554166458012464,1.2940221130495024,0.8678521759008733,1.0567560373847462,3.0070653176440874,1.3680162399026166
361,1.024730706096328,1.4612875753133856,1.1911409720090298,0.9334130940689943,1.0028169891036138,0.8470850391739746,2.787898481562953,1.0291227712165023
362,1.4116244061217957,1.6404611838567913,1.200432266296015,0.820036759106291,1.0944235189157558,1.102352452804922,2.8054478592470122,0.6039111121546715
363,1.2688897907719798,1.1220544942166242,0.9650696425098411,0.9322443186347464,1.2294197208267141,1.3053269162191787,2.8384713498204275,0.8800323275813228
364,1.661520901265194,1.2607099525498136,1.3895513095284557,1.2344671957118931,1.2370299681107115,1.1530024721368008,2.82421959624197,0.8550041085438377
365,1.300424199418122,0.5963454304699899,0.8869118091762185,1.497568881390288,0.8361241822911619,1.0075525773896663,2.8456082878958306,1.052276708812331
366,0.9821705475460146,1.3604817716637012,0.8620656906951442,1.2381289182639503,1.002792750926341,1.2217306299843729,2.850506918679206,0.7066959714655696
367,1.6576343803038005,0.9729917763929652,0.8302276400813232,1.2850427053616447,0.6988799838313231,0.8340129470534895,2.868401862537985,1.0905386178422187
368,1.0608273728909101,0.9909762745713604,0.8144028534951463,0.8315027370269003,1.0737773252166913,0.9890876194717337,2.8915568216382344,1.0189296719701786
369,1.2015153981658782,1.0775757364838732,0.7124518416089676,0.9113656802783331,0.8407474227057289,1.3018479652030517,2.784733284892343,1.4083801180343085
370,1.5251460975520574,1.3541082573485719,0.9732252425547336,1.0229475988621441,0.9258703811986314,1.085219663343463,2.7025552337993815,0.7952142804190551
371,1.5015521072022415,1.7678310723418411,1.1095364226094677,1.1867131843044227,0.9008475175417827,1.1925144662891065,2.8163397370907863,1.0018889029581612
372,1.3582547009202988,0.9752516804699899,1.3816712751148206,1.0180424159312609,1.1226645647364282,0.907424729198321,2.785643334483129,0.9565150676760296
373,1.2726050972006866,1.0963632917622064,1.236095928201186,1.1091895870717938,1.0193616553551692,1.0770729063134528,2.775199681428706,1.0090233749037387
374,1.0390748306491293,1.0568962863302012,1.1582976115792687,0.8055589377555421,1.572069749169055,1.0629911705008108,2.7718238121481957,1.139456895545271
375,1.3943528123402862,1.4411007402859302,1.3287822775113949,0.9951036600839999,1.2867533459225422,1.1966913496607137,2.815593576239294,1.3771736621292041
376,1.3246206140397287,0.4208407676056686,1.16491463183792,0.5386454886564155,0.9322135283099647,1.322123333045704,2.9267874060579104,1.4185794189032386
377,1.5324694700600872,0.6946000187240992,1.4752352638031794,0.6127194805722935,0.7020967213697411,1.10555277367653,2.9426489367329403,1.3774619815305769
378,0.9959672763290799,1.3495964459674357,1.2346717392952715,1.4827397153631994,0.8322080677718577,1.0389081252551096,2.9420787474113355,1.28042746171999
379,1.0027496299524303,1.4765290682829424,1.391735434560398,1.3844451432445246,0.9479233256323805,0.8923693201364895,2.791417065918743,1.2564263245458929
380,1.47101050246046,1.4858441776262163,0.9809876463123308,1.4891805888295127,0.9534617957559203,1.4182833505874874,2.938248028597884,0.974840199769492
381,1.7929765715104622,1.2284957206989426,1.1869406967021194,0.9647879478520596,1.2725586638549802,1.2207942992074727,2.8709656564412236,0.6965065351159424
382,1.5938888043200496,1.258259951143465,1.3045600048246586,1.0513988941717314,1.3195956848478831,0.9827196357996909,2.7990887185898528,1.1356547487853081
383,1.228840265369241,0.9406224988176842,1.5308374977950818,1.2733426628958306,1.240328861579268,1.3202702252680594,2.839595311796825,1.2542001000444603
384,1.3553671128897884,1.0950723765332537,1.2906669943120195,1.0852790257217335,1.1881279318120197,1.2423881328281468,2.782956729805667,0.6427147110487585
385,1.3929577938712956,1.0532583788344325,1.1900830998208602,0.997297226514261,0.7341809919154453,1.276634756358346,2.6594025154965792,0.8007077618222935
386,1.4680627784057931,1.0602432330323206,1.4173178493736616,1.3703420585054202,1.757309669829579,1.7510662920820672,2.9921948983894775,0.6716121881388555
387,1.410566709196077,1.408841694977209,1.4627536884263403,1.0921874298950203,1.5117296360237238,1.4495571656437756,2.961401790931261,0.8055230399086588
388,1.489930485173786,1.1760968720919078,1.146158537863888,1.4883252172158798,1.3669592139564177,1.045680789621607,2.869891965969679,0.9233531959035499
389,1.2228038973349327,1.0275920129407237,1.3083824790066645,1.2152065790835,1.193356908870174,0.9930339259323826,2.9425041786488175,0.9511651475900419
390,1.7040450893725398,0.5383549509837511,1.2734457446314478,1.4595673180917188,0.9908885879981346,1.474982914844773,2.8286052844770873,1.2111247806745975
391,1.0808349966127657,0.5403318910400396,1.4067933097520546,1.2874517013990072,0.8151241777859304,1.3277853875893535,2.664651644714325,1.184427845283253
392,1.137421191494147,0.6192960938453957,1.1678502731019926,1.169699119599505,1.5628698043519924,0.9568670107358056,2.5543844564157565,0.6070048636564155
393,0.6233635185963281,0.9969690985107735,1.4184186672732908,0.8106047927528657,1.422202529620052,1.0860578446443974,2.6008167622694924,0.9703584050672508
394,1.2885801725140724,1.2472501947851196,1.0536799719127687,1.0614817611514953,1.3144020072531766,1.0362011931556045,2.7292848272618953,1.5163572103145073
395,1.3235255746417214,1.3407219877615841,1.0863880156567267,0.926733822181261,0.9652901796390448,1.1648004888161294,2.7738765312495666,1.8127283586396674
396,1.3570945932384826,1.1343833147364282,1.2038297323615224,1.7274819909891042,1.0192302494245968,1.1011350257536765,2.918646778054423,0.7907339303422187
397,1.0738662085567885,1.1911810284696795,1.1816817029650692,1.851237261247323,1.0436457565500024,1.1970042577642614,2.7067187650174374,1.1236173121801394
398,1.05093544948244,1.2622263371676221,1.0651286869245966,0.7048434620713607,1.3035380304833735,1.0985732748592785,2.5180360390462035,1.126322376533254
399,1.0800264088697413,1.4943620083711742,1.036995231978209,0.9380507081415322,1.3191973810384847,1.30387933537796,2.7661899065370523,1.403932002907659
400,1.341869589531821,1.150835610013639,1.634989226642465,0.9268399684301393,1.0399670189476986,0.9268722033803256,2.8065195067097166,0.6714590101608359
401,1.1359419740861767,1.15485396002659,1.2436070045047976,1.2580989516549828,1.0731826498592782,0.9216978317032415,2.668291347360401,0.8870908452193683
402,0.8598394661937114,1.2291737487533652,1.2550596302718582,0.9282294562560423,1.6035066067226655,1.449743600076403,2.9025577349816967,1.0369923427273984
403,0.8589436149984456,1.1503107599372357,0.7277390969447113,0.8623427009518083,1.4050249992968253,1.2169905325596537,2.763187927626216,0.9359323223729176
404,1.3957515663020572,0.9085622911868032,0.9280783212868631,1.2939447141165643,1.1457589646915347,0.5230724526452087,2.6546640379597166,1.4888783914872383
405,1.5265708848414081,1.1271553777160026,1.099478392190413,1.2856523527604626,1.5336799218428407,0.9018156601478855,2.7237893028498155,1.689798691174719
406,1.3939739897109604,1.3493069297991915,1.0013244195420943,0.9730373634967016,0.9928457990158156,1.1055449521660667,2.992340079594585,1.1902348331734751
407,1.2783490598159402,0.9804268983890445,1.0361817119755323,1.3442524796455195,0.9471786094062933,0.9153784996481967,3.0028615547029305,1.5719749120648854
408,1.0101130589211091,1.21356083154396,0.9653731092150695,1.2869580647683705,0.8685882969706121,1.3568075432000646,2.73763876926756,1.5198316521919677
409,1.2560581400817563,1.053958003673853,1.0109397558148856,1.30287402556202,0.5249144991366792,1.4787975675163156,2.6008950074444,1.446773257732318
410,1.2931584968044227,1.264360789078147,1.2837175121736644,1.153283393148696,1.5199499538275245,0.74129513643898,2.847564900530078,0.9577326699897264
411,1.6150048195934628,1.0071694208841244,1.3574668637203011,1.4089794777928382,1.513850312659714,0.867989360333067,3.001656035179829,0.7920667697782112
412,1.3340170330711714,1.5663937440884206,1.287046349725032,1.0308255902669379,0.9640583789298286,1.0994574663849352,2.4693323447082838,1.070749488240726
413,1.0984923882920945,1.2223145945805125,1.593067710665445,1.1803133888031787,1.473005128546515,0.9010608315439601,2.639350326175408,1.1574926867329405
414,1.155824145641532,1.1392845869120796,1.2124140760156934,1.5045031436287033,1.6271443164298283,1.4421323312879852,2.7994143804635145,1.1370405011184301
415,0.8816885380236023,1.3909985398447733,1.2504891274919698,1.757490573619119,0.9994006402414699,1.3050829871546716,2.747302158773912,1.3084492397744123
416,0.9512946857742238,0.8844636029201759,1.389387668647696,0.9788862755939626,1.1030417174079703,1.0208601786807614,3.1201324073999404,0.864448580808843
417,0.9755422181426537,1.0560143856719202,1.1614523453471393,1.02663331173294,1.2059027788849352,0.8893359525174374,2.9688896505620197,0.8335425270957062
418,0.7881993068759056,1.0413431546200518,0.9319626239769653,1.3152093982293307,1.4318983293390422,0.87208553239994,2.819033915420177,0.8535680121097784
419,0.7697135984149455,0.9927148162062285,1.0797528862473231,1.6130572252365494,0.843709169893465,1.1239653444846838,2.876314978143776,0.9325545853460171
420,0.9356093018915325,0.9410140752171239,1.1979407638036121,1.2273912399026166,1.1805423458262803,1.2399988658293903,2.982725166442778,1.1869238569143232
421,0.7603142901326913,0.5494936471428427,1.3409807136050471,1.1696307389439,1.1173367672227883,1.089643365030388,2.5827230533289574,1.498521628834
422,1.1082262014628927,0.8501882320740375,0.8617805084031167,0.9875430859214207,0.970365803456729,1.9004877529715443,3.014869996133624,1.003294384329891
423,1.2279772475075974,1.3282071559301392,0.6568224801889799,1.024831744823104,1.4991061918135746,1.3293274550098406,2.8408934501528056,1.1081128320869877
424,1.316880580713015,0.5805259992644501,0.8275517461651339,1.247129251757286,0.8172935060389179,0.6278724407266538,3.0121965683472616,0.8103791481015598
425,1.6199118702707365,0.9266779474372363,0.6407081774345594,1.163594370909592,0.5768135820865546,0.9815256006837487,3.150260065311399,1.1792283891869255
426,1.087849794893465,0.8412965109594053,1.4762889773775825,1.170123529332567,0.7382340430084078,1.2693279757795768,2.884591521216503,1.265843070999378
427,1.259325396983562,0.8096366501467637,1.2971245323036786,1.7749890088188058,0.4413395618283354,0.9705452626208629,3.0351069999995666,1.022188085857102
428,0.7650508999231643,1.0251341900239124,1.0856325886693654,0.7898713356015596,0.8993797845409722,0.7695255440944624,2.791916233192467,0.7329253761499406
429,0.7375424875379847,1.1971872045626417,1.2315239807958929,0.8588212273452067,0.6285024155475146,0.7006408958970746,2.7535912988876112,1.1528784645957064
430,1.4916624746611464,0.9304735420496913,0.9262654452323181,1.031742016742781,1.31201256499197,1.0951660168705522,2.9716938858955193,0.7222511461845597
431,1.7322551696059794,0.7775507597132035,0.7669379351349357,0.9247952461016814,1.216569610460838,1.1060664898706742,3.06095078204857,0.8292952200596543
432,1.5207977517892293,1.2751752679889823,0.9351902475391067,1.287977325121296,1.2773271580707388,1.6114728830841225,2.597247060166877,0.7741541398896666
433,1.672957110365443,0.8712627462613952,1.3543275251148212,1.262560842056167,0.9053580595599652,1.3401236495074749,2.7016273229163783,0.8082808418964527
434,0.9218099317161912,1.300057882700376,1.1493307098029903,0.9331966429574725,0.83868695468998,1.1699771513605892,2.6181123463697413,1.1266375755041762
435,1.068004367426963,1.5458046219002513,1.4381823619306393,1.0932065149854953,0.7036067291024921,0.7473949528692414,2.724270608831323,1.3928434029909706
436,1.4996632768401637,0.6507760723729177,1.1823410234853062,0.7768727316587807,0.9658626598280247,1.1245989822022417,2.941451238720301,1.4196793905608978
437,1.4119804351992533,0.7831173061731642,1.234146290835433,0.8086317634518084,0.8215215071573484,0.7982924614959576,2.644357569337487,1.4502382582114601
438,0.9383108786104004,0.9798920085308872,0.8864890193310123,0.7905043749356817,1.658052413151806,0.9599314165381736,2.643255554670988,1.0403867442796444
439,1.1003602928486944,0.9159788809111469,0.8848284750125169,0.7788605577387935,0.9391291556102783,0.83405522178543,2.6209771408483826,1.2518931642382938
440,1.605785393596328,0.5116323327897286,0.959157282016627,1.1248526005236017,0.9538792302204898,1.130193925453241,2.720058601258719,1.1883375829174994
441,1.360259789909092,0.45509334489994,1.1796333177399152,1.3325269296394775,0.6914487725904748,1.0245859480122061,2.6233163116047358,1.2627021125060423
442,1.007680072565008,1.7436989523581568,0.8485930038978856,1.2613567671584707,1.3811199685898534,1.4439462288469507,2.863767911362144,0.8544835923436517
443,1.2649254477566638,1.2268329581091564,0.720227597520114,1.2675378932769006,1.1716894118093426,1.1551642267378608,2.7776018774600284,1.25601339921999
444,1.440312655227398,1.0495139745648856,1.20782673344801,1.1812593362408481,0.650848539046204,0.9656299673121419,2.558012674654672,1.855337767190412
445,1.418459497379826,1.0805300852821313,1.283664949801435,1.1605903489899154,0.8805627083008138,1.1218336065625194,2.578293820998945,1.3031302852756563
446,1.5140267073105869,1.266351081287985,1.0605516319972015,1.0476074581730426,0.40914727728736294,1.0929477891420323,2.7297061724816967,1.3108499911803282
447,1.3763467899729773,1.4304735420496912,1.2085743389249084,1.2289246395706717,0.5389750612853086,1.3041485241241617,2.884663389506353,1.2050553314481325
448,1.3060541942740347,0.9564130074448332,0.7076507619181219,1.4074897974821297,1.2013899459993775,1.2615119881453312,2.7426096914617704,1.1854173368158183
449,1.3344279153882332,0.9117745195865545,0.6673642827193674,1.5249799905414732,1.42700938781252,0.9874749531243499,2.7535054800607752,1.5752308598219824
450,1.4154871120269006,1.2640211766674994,1.217985977856291,0.9562247052658163,0.9457712602881732,0.7055335729163783,2.719039340905794,0.9055751090549227
451,1.295312853016005,1.354025079914012,0.986555462135246,1.1520922472835649,0.8687350980635746,0.8707048875889203,2.571582314161024,1.4094969294797635
452,1.4246613740412837,0.9957588945865546,0.6317484987853079,1.239395420053179,1.3485708087294523,1.1043462326490074,2.8382419696763406,0.7611321440115842
453,1.5148293412895397,1.2031268677463902,0.679390410179828,1.490459421267871,1.021913366467813,1.3315672069272735,2.917522392957039,1.0754370232932167
454,1.3769689432833756,0.8513966408479502,0.8660951745903531,0.7899125888290796,1.1099066500824453,0.9699097571569154,2.9211173547413476,1.0655013805274
455,1.027911721050313,0.9261598973668754,0.9013710982552315,1.0478815791788954,0.7781819313009352,0.7679631492519323,3.07442737960106,0.9222684441458305
456,1.1443164913724175,1.1588364121926567,1.0456915003828804,1.169455365797448,0.7132076917173132,0.7379494590998155,2.655830945647575,0.8941686687750344
457,1.1194537809620821,1.1694067141804498,1.5409784577901617,1.15987846609745,0.7196699141100894,1.0631720742903508,2.6190110868158185,1.041571688522169
458,1.769768626917,1.3066285422094048,0.6723680382472013,1.6178129656821938,1.1999423651581589,1.134811036841286,2.92258917375984,1.3452959781757186
459,1.5476858786104002,0.9200317567416589,0.8850405922478229,1.4020686074897264,0.6660267588822582,1.1935897766485075,2.8860290622759672,1.5268969698360546
460,0.8503652251083456,0.9912602600965172,0.8014056941777735,1.6680198677468232,0.937621789269803,0.7362000314412235,2.7775027064796416,0.5146874724562289
461,0.9318353040640743,0.8883565007666266,0.5216784556806388,1.5706032855311989,1.3308869606015594,0.8030078976224178,2.6987278273577244,0.832294732840664
462,1.0217464132152583,0.9108213490218579,0.8507038160145716,0.9491768983890448,0.7349875366496295,1.2069563171968878,2.658581173983439,0.3227898766929672
463,0.9684327580202362,1.0529746411678107,1.0599834856844377,1.1000570014059152,0.9228419458392314,1.3281858070036767,2.6324455848988184,0.69479631767603
464,1.4813208818379207,0.6638450999801412,0.7424411183213608,0.73477992855299,1.2756731658997515,0.9246299853330667,2.9921016811731644,0.7634372120713605
465,1.4568035623398528,0.7519619680148831,1.1781625202258426,0.8707728451235396,1.174563472423853,0.9227265334544849,2.8585627493602788,1.0005431344896043
466,1.2847774273706736,0.7375389999037391,1.34199299868948,1.3229818417686812,0.7523192664552958,1.5894778564032388,2.769769050037985,0.711074261311209
467,1.2647123090169379,0.7266163317351839,1.195755018883813,1.3580816186412212,0.9524511305593427,1.6667010514439007,2.8199505171584707,1.0530483772040524
468,1.3509428128194279,1.5420609912765892,1.1955086236894803,0.8859274251657556,1.0595929307894176,0.9638803643910996,2.717092169669866,1.2530052912826315
469,1.296167027862766,1.5506675300991932,1.1438980354034278,1.2207823916793286,1.202880895673042,0.9297850510925295,2.863045142445955,1.4827103696638233
470,1.2472785189800741,0.8528238942671266,0.797047907016627,0.5283934501528059,1.0348205483445843,1.318528371261395,2.6488001538210484,0.9292961714590942
471,1.5028968541663785,0.808792938202741,0.9558036079045493,0.7527913063009352,1.3334622389119575,1.2705135910016216,2.6527456140397287,0.8991145065500025
472,1.3882039211720423,1.0333384416858036,1.3767132819531744,0.6746895229737884,0.9481795853460171,1.1390495008624548,2.434618190471112,0.6001917197082834
473,1.3971693783229155,0.7579029005615869,1.5113481720021211,1.0107916853589676,0.7332871837290199,1.1178480898831913,2.4686155295561667,0.7045672980566663
474,1.5454660309940247,1.3366200371930892,1.3568760991181195,1.1929573356978207,1.2850563053737285,0.7131319126722316,2.578291953252555,1.0820251209734777
475,1.3449719361899128,1.2198526856460195,1.021894060550191,1.4159470690819453,1.0787163629856167,0.8154200708392312,2.699377108096207,1.2991685836526168
476,1.1250449887203007,0.6629360718937757,0.7961654079749099,1.1725544726798278,0.8599534339530521,1.034371900434249,2.737625241851559,1.1548736890651963
477,1.2835743739773977,1.1468435411868032,0.6488498269424672,1.2357827722391044,0.7128467303802032,1.2015464363491937,2.724196274411647,1.1058141409122686
478,1.18995764765436,0.958171278118308,1.087598890560465,1.4330393789617708,0.9569715370968276,0.7226913742009972,2.9592008261115224,0.4850797323615226
479,1.4095579117458903,0.7395574410460819,1.1494883969196767,1.1463281325087187,0.9898391357038625,0.7808779773767163,2.9298474779840626,0.43909998517335264
480,1.2392438619630148,1.2333867778303904,1.4724840139628927,1.1761410145702385,1.127610227248945,1.1389675927908507,2.768230893372729,1.1345081685194924
481,0.8988434500574106,1.0733516461206738,1.357621063202741,1.322584734726154,1.047097404875594,1.0793448931810719,2.7130401400813233,1.1501723787381712
482,1.43092916522852,1.055035357042095,0.7415438225006886,1.2347840145706719,0.5716369195420944,1.3174495732677487,2.6882145968808264,1.4947626030479475
483,1.282137854422353,1.1479529542427807,0.784448700983751,1.063048489870241,0.7756695030030547,1.3335673636564152,2.778869999137112,1.3691369621033032
484,1.0924892767123935,1.031777140943778,1.1465823492135145,1.3855660407076615,1.4557629530604643,0.8851644245264678,2.582748313010651,1.1873437575087187
485,1.1927327125509355,0.8307007014313836,1.3357816806297036,1.212933147590475,1.1977871627046068,0.9820450953795148,2.6977582401262175,1.5684310680274
486,1.4771949409506866,0.6656852787252213,1.198064596082256,1.2743346205582216,1.0174070857297641,0.65749353297491,2.8372114001787065,1.2770140021086567
487,1.462829642733873,0.880369473862144,1.1410233764054827,1.2180687321698656,0.615476508914201,0.7079486979802636,2.696053378066941,1.515712088189791
488,1.7361170292691146,1.427027249104736,0.5218203245139503,1.409913765560898,0.7603658310004998,0.38163495414695253,2.653213990988671,0.8173463162696812
489,1.5480784765142608,1.4796829558088436,0.6253815366176867,1.4550348287636394,0.5684121852307635,0.4317767879277732,2.680396741500189,1.3205053113176841
490,1.546703537608779,1.3768626217720474,1.1407511231460192,0.9895606808217938,0.9460909683977639,1.401147496612766,2.8358005634263415,0.3255663862149473
491,1.4296932785016219,0.9646940596562262,1.105423162896264,0.7529983160141391,1.0917155653118311,1.3964182852117712,2.8070617949573506,0.5903606033034894
492,1.2187331602122042,1.0532224809875497,1.2040067253958302,1.0292040809046716,0.510650838030077,1.2565581535974497,2.571622969005109,1.2204684620713608
493,1.4462730689541738,0.9569489188074102,1.4238983734019943,1.1662261223474502,0.7230357436088451,1.4637089019998784,2.599033231914323,1.2055711632472013
494,1.1926731749102142,1.0425845719900373,1.2893136521915345,0.963657959515505,1.366958367714448,0.922445860301124,2.7170738852566654,0.9060985145059199
495,0.9867151922607733,0.6522963677459573,0.9978637529391691,1.1050546279072255,1.6183037130620197,0.9296402930084079,2.873993916538174,0.7831306583267141
496,1.1639132327772117,1.0395173495329428,1.4559132417876735,0.8881369851418431,0.9421764737663157,1.6413487904206097,2.5101506492519317,0.7570836020572881
497,1.2362521706924676,1.1425259857487557,1.5085749022558534,1.0699236375889203,1.0335360100006885,1.5447689448805149,2.7889820365538007,0.9243102772234776
498,1.065197665963637,0.661652131933316,0.8813439933533033,1.1096242844451438,1.1089154660659402,1.026834966065507,2.7026915719896043,0.5921962729099031
499,0.8848180121097781,0.7847417047862407,0.9436988121481965,1.0229332252041738,0.9901414056422213,1.0347827827513112,2.815288241787674,0.8112243046709876
500,1.0613388708137634,1.4018047741241615,0.6891198894744103,0.8499859793580344,0.7387365226539278,0.7439615889568504,2.8353416278757164,0.612423412256542
501,1.2881384998722287,1.0611093154072262,0.4170256918131416,1.1807304001467633,0.8255858673950197,0.634632000798137,2.814533661042284,0.7538387155863655
502,0.7249915100011217,0.796077721401684,0.7173034406632015,0.8982570193314454,0.808095852089231,1.2867065620519351,2.9257693424718556,1.1989003112533654
503,0.9628707206989428,0.8853508589590942,1.0321682942222334,1.0290765857293311,0.8949906086716086,0.9997759752365499,2.820020765560465,1.1094427822721689
504,1.0900067924973234,0.6087183934681238,0.8245815790834998,0.9588529690694274,0.9550352518846243,0.8654563567546094,2.467592781568994,1.240352676635557
505,1.0639954588123313,0.6034109233765271,0.8172779356140766,0.9568050069652584,0.7762084788788932,0.9630510261050471,2.627713907367997,1.2252124702513105
506,1.2317019953346215,1.4480547315629528,0.9770703350261564,1.437917857585555,0.6733415362339398,0.9535660742584078,2.6578608711970775,0.9573152355251564
507,1.1743708363686192,1.2329208670112737,1.3091959990093405,1.426039377460027,0.9047627858191167,1.1926766625444603,2.611171882508719,0.9565372628444626
508,1.2464594683343109,0.8988968586716091,0.7684493874930917,1.1890930099048604,0.9531248247375493,0.8405460162316962,2.6323047375699273,1.156200749999567
509,1.2596892475714825,0.8364196522234778,1.129948128642343,1.3451450184689897,0.49856474980791016,0.8602795189476986,2.707987309815508,1.0905033183787711
510,1.305224257604547,0.7947794077832537,1.1707623471683108,0.9504832087803878,1.2336204192546092,1.143951196159092,2.7994437261628913,0.77011810384695
511,1.445352556460649,0.4907571820675622,1.2873447089081587,0.8475698327897286,0.6926081066264054,1.1769707759772756,2.7083213915830675,1.0617953402345621
512,1.2298767886309472,0.8843931792557311,1.079566874935681,1.1217662474113355,0.9497226742709253,0.5233213139693679,2.604190588541162,0.920023336847761
513,1.2727726488366766,0.6719183688324447,0.9702220668770266,1.1261217437051072,1.0654592810579104,0.3427827036358675,2.4825629701874248,0.8074628127551093
514,1.3043478875893537,0.6473209364130793,1.1007652214016836,0.928690857936493,0.5381551643975744,0.9663392088123308,2.8327990076364897,1.1964367098349324
515,0.9819646319333156,0.6773069007536762,1.2668492270572884,0.8902660816717314,0.3124115397808878,1.0433309807000646,2.6987559762902285,1.3385011186407885
516,1.1976323648387315,0.9324128917751566,1.1011826558662539,1.0521789824573506,1.3072061299204878,0.7350300592401046,3.1025423748717955,0.860765757188858
517,0.9958954080392286,0.6705580514434675,0.784296967631137,1.0207872888864897,0.7103790429440893,0.9575591645896638,3.1218976533419083,1.2813103838826914
518,1.5122604398641988,1.1752987472516214,0.9928928307449574,1.3343209228973858,1.2703745388230374,1.1985231085118953,2.827157703635868,1.5502194805722933
519,1.4971506006837492,0.84206282397049,1.1026072678931536,1.294319873849194,1.280489713349072,1.1007637767762783,3.0168194582369283,1.1573220705836893
520,1.2427466280354298,0.5173746755171265,1.1641327484019948,0.6812464072082833,1.1109361980756585,0.9152791534053603,2.6971301330517456,0.9512558986765295
521,1.0706305882217335,0.5687834342081611,0.925311077900751,1.0225069477247213,0.9676886401775846,1.1080296546524278,2.7106740897554205,0.9909947342470121
522,1.060383657240226,0.9118741136879251,0.9732433517054847,0.668409824258408,0.9473264320036763,1.0190120031627685,2.7486043831475744,0.6295717721428434
523,0.8358660548311341,1.1927054098604004,1.0596397146600254,0.6681757597132036,0.9863170637138262,1.194749285946888,2.9886434807000652,0.7876832998143857
524,1.239023324833811,1.2536795838442736,0.9241287750505018,0.7984388394679353,1.1421709781757183,1.6606583065245346,2.8562022296774634,0.878266235397386
525,0.9668338669473877,1.139156916474288,1.0898515715104626,0.8548509305658182,1.3113700842595295,1.5113220660784576,3.0664214698999404,0.7590182673816364
526,1.3029031959989452,0.6320419257087831,0.6391094616241614,1.3287157646021812,0.8395684322272762,1.488647989838731,2.5225792391355575,0.6646924748208605
527,1.1111878760545448,0.933946962422731,0.7613491935065421,1.2165098249615818,0.8301849422283973,1.4888377366431533,2.540800267988982,1.145190818378771
528,1.0251530728205496,0.6731686292173132,0.9408498359529299,1.2099073536233504,0.5881224712739131,0.7793655035141392,2.6051086349048598,0.4139036161164427
529,0.8536012685643858,0.700282823810776,1.1738839997440245,1.3783385268082216,0.5577671257023085,1.0555176845280223,2.8022707550482586,0.8128260849946466
530,1.3321953140017442,0.7525968750953951,0.7408765052075397,0.860773753961771,1.0485429427079727,0.9690352548881114,2.7344953446443983,1.2244560217595293
531,1.220499675517127,0.6508360331346243,0.8163828580646966,0.8652709438264028,0.7842483160141385,0.7375658794732883,2.595443202389666,1.4225203699832512
532,1.403243759809032,0.6877926532775893,1.0609240777414697,0.9781248948425294,0.9640271654840618,0.8126831946569151,2.706516512301435,1.091804521248012
533,1.3560527145961394,0.5284887103779602,1.1392684181038026,1.0124314791344355,1.1475747299968906,1.015675942484373,2.567213042592718,1.175491733831756
534,1.4094236165645075,0.515885593589853,0.5612183509069151,1.1193145535210471,0.8501718154072266,0.9418537011434651,2.8289254157076615,0.8095319485232905
535,1.3627546047732906,0.8597822194203653,1.0450882298691195,1.2002021125060423,0.7693744091252829,0.8946099182958928,2.785965085601559,0.7555573529201766
536,0.9456227667112711,1.022804110140977,1.2300441650044878,1.3016750581864256,1.0333074760985719,0.8071490584095918,2.6491765103205496,0.7195771200147608
537,0.8468519961331913,0.9571606129217315,1.2499745650558556,1.0018755508046113,1.0698320402604622,0.996255172609467,2.652634958652183,0.6669271192161913
538,1.481931973862144,0.7925864397364278,0.7411680643846245,1.1445501327966372,0.6381179270827556,1.233205450919865,2.833569231402806,1.2269444597386716
539,0.9882048725714826,0.8664039966762187,0.6751069574383585,0.9630038191134547,0.8867091333392312,1.0312514446254053,2.8803918442930274,1.2204511991625797
540,1.2465130522109602,1.2271195850265895,0.775047349692656,1.1976584707623952,1.3692693895382955,1.31088282451395,2.6711093579684357,0.6380555001912238
541,1.2217256977247213,1.1729930808084104,0.6094021274280846,1.2268208027224776,1.2750473496926562,1.1832644252296416,2.8293141028562916,0.8681484920751587
542,0.9581022990792682,1.4696308791538608,1.0539119934491317,0.9227275549589052,0.847715189257286,0.9395075551186196,2.5529999008495046,0.6362282504787088
543,1.291378030962515,1.250092443570428,1.215626304415445,1.034592860684438,0.8053296302075393,1.0884138551885474,2.5049807867135145,0.6084805934301392
544,1.1812628238750942,0.6595031311023698,1.174317675612955,0.9406202805463928,0.4972902512457683,0.6583041637267762,2.709191384713204,0.7772378516096562
545,1.0284897318823805,0.48064105863319184,0.922584241500189,0.9236367583077214,0.7981378388925319,0.6320899789423454,2.9221668070356195,0.8351492396790173
546,0.843293355316751,0.9789125567800767,0.8026851249995669,0.7456746956475748,0.7683528579049825,1.4044332131902235,2.8071511014184334,0.8769071873713626
547,1.0438837318504377,1.0300044966123332,0.7540056688389198,0.8840675173820697,0.6813374061533062,1.3233931472067286,2.7383648505555445,1.1824927568379204
548,0.7809514655544224,1.024306719484251,1.1990119881453305,1.395379295820239,1.0173455050802014,0.6146606980441494,2.749099041282632,0.7882116375250348
549,1.008035926380015,0.7676707438328781,1.425635295149007,1.1423266222835646,1.0957247217849968,0.8289829103395415,2.798896928776589,0.9078703125953947
550,0.7410760439351818,1.2423312365797015,0.7161084566389219,1.0603524437944607,0.6881279318120197,0.9991774617199898,2.925090540771547,0.6483515059107137
551,0.7719125202258432,1.0864611533095316,1.0758486792561641,0.7390613382856188,0.4618007657201785,0.7682362487533657,2.824571539301746,1.0488423233955195
552,1.0457941589975122,1.2697119785270894,1.0626569134708006,1.3628679015531118,0.7378780139309498,1.2346992172482563,2.6880554651387327,0.6741035153688084
553,1.2520636051250944,1.0414339057065394,0.862659942931572,1.1995520581216743,0.5607924965484472,0.9750646476539278,2.609923066749256,1.0836550502296418
554,1.2080170786358686,0.6961837624930914,0.8749641021531163,1.2879723928616444,1.0285765722136366,0.7823923189856837,2.6666464460628307,1.3718216990343761
555,1.2069419435389177,0.6710058531118333,0.7466477705133279,1.358171172960838,0.9667162362913502,0.7636326647813212,2.7942024184556074,1.2252081363750942
556,0.960273670341097,1.3110781019614601,1.3165146871162539,0.8728222518531141,0.8450629351349346,0.7990222056806389,2.66435719628643,1.0124610726923458
557,1.029660127204485,0.8006566440754701,1.3378645916724201,0.8418977384643259,0.7074370247949598,0.8538550621481968,2.6559812343747833,0.9033751657396044
558,1.1844120269998777,0.7016589594831292,0.9656739345280224,0.9002670405798903,1.2328364928098432,1.5458986853585346,2.9497376463123306,0.840439023740848
559,1.2309862016869249,0.8093352264503757,1.0948596609145118,1.1470096481973873,0.9539730458202386,1.2425517737089051,2.8462273766929673,1.2876574417492563
560,1.2301102547927165,0.7963598391804504,0.7386983339396689,1.127248842790851,1.281206703763639,0.919897461560276,2.364116366787674,0.842903471401251
561,1.1400225757282085,1.180754039940602,0.7998482315948956,0.8746004268276468,0.8806054061537384,0.8808785056551716,2.3579272438963317,1.2683415487602736
562,0.9190046748782709,0.9856388603969524,0.5841367793321337,0.7809500209290172,0.881882793966691,0.7007766357038632,3.0008322275368635,1.126518675485184
563,0.8961907728140747,1.1077469384902263,0.6723591952323181,0.5746007097386713,1.0394187769359928,0.8231617240538003,2.8661249434107137,1.2941295286613352
564,0.8561933866625793,1.20692101773344,0.5859313709734773,0.5937196327962038,0.8981512962035519,0.8533444104673131,2.824518130687547,0.579936679287674
565,0.9794796815884199,1.090349717279766,0.6662359868667536,0.7461713967914724,0.7951555890203029,0.8619763842340622,2.7939792399341257,0.6905771595724828
566,0.7704259044283951,1.014877817644087,0.7956463364001288,1.1239875396531167,0.37808413484097453,1.0518522990792682,2.488734654907538,1.0733837058084101
567,0.9191677173755941,1.0368252142123926,0.8450754410465151,0.9773971936666891,0.27592329658686554,1.1891872486255943,2.7376470138990063,0.9991368068759056
568,1.0634496829304498,0.9245145729483206,1.1588152385286443,1.3269482277928382,0.9084905981594028,0.9398094019359924,2.7005881582623945,0.9691814575976385
569,1.1139161570805123,1.145720775977276,1.3533146416469524,1.3307535116621467,0.7024148095914747,1.0161685576105892,2.6067679098603995,1.1887987367394155
570,1.0624716758050445,0.7613374612408481,1.4680738396919675,0.6010666450980724,1.2575425376079128,1.3638243844896043,2.6499249620394183,0.736448469644398
571,1.0388467198679974,0.4683278811343129,1.408034799718124,0.6366050300991938,0.8703069343044226,1.0573176315500024,2.786960530898196,1.0747528662122707
572,0.8246821946892908,0.662202416953863,0.8071172465803903,0.7617323500120844,0.8784118397234773,1.3654505782529878,2.791124062116253,0.7807976891929678
573,0.9306877022938382,0.5985359323869901,1.0953688679699898,1.111051537864321,0.6757919607612736,1.0902762291020596,2.802629074993092,0.811111781537052
574,1.0777843660849327,0.6876803054061043,1.1911960005110847,1.2330943724113361,1.1604457661682435,0.9605254209160672,2.60904074296999,0.8487505157521217
575,1.1271165906183083,0.6563038317351836,1.3215291534053608,1.215099411330202,0.7334843289229198,0.876941042209405,2.488180882252743,1.122784063138856
576,1.3468417084929032,0.24938753594645524,0.9667307852117706,0.8694443395637633,1.101243039748945,0.9001356346493182,2.8756141565374858,0.8438449097002538
577,1.3436204618158178,0.34144968893742556,1.0350217795561667,0.7876118546455195,1.1229534825212366,0.6333958662127039,2.766415375925908,1.110216070551746
578,1.4841994515910972,1.3802142528752839,0.7165893394994448,0.7707439926501294,1.0047462990473257,0.5857326058917212,2.8388269557769,1.2095899363811364
579,1.7864073566268381,1.3328708759263408,0.7601011513929652,0.9795521482617062,1.2566374202767783,0.7580576984274624,2.9314575029391685,1.070067374168622
580,1.5919763341641342,0.6756710177334406,1.1607927769683684,0.9181837564861167,0.9692469490024327,1.00414549466339,2.735161042049692,1.1206285101604028
581,1.631973121932194,0.8997395491112115,1.2952516954874278,1.1922007119435891,0.9794404713697409,1.0811249359019945,2.658824081543528,1.0123000732038632
582,1.0580463542302636,1.2127725712229773,0.9687424263480723,0.8899377784057932,0.8261012760731042,0.9887599145892313,2.7725767730057314,0.6650086952962038
583,0.8737269460632638,1.367909072149318,1.1081806143591566,0.8942801704045494,0.6218539339845621,0.9471153362727909,2.8182025341252825,1.1670786773063555
584,1.1421561813967642,0.5586574462544873,0.8762995829813852,1.3336774206605249,1.1675864397364277,0.7823543055338754,2.7687304837674374,1.037545516998756
585,1.072542635256664,0.625932843142654,0.7047943873333775,1.2416128015397283,1.029650510543716,0.912504263771236,2.9209974332179356,1.4221409489704897
586,1.1348393610362417,0.9394822954369255,1.0194056225710495,0.8242191731209851,1.0559677770637632,0.519604387652806,2.742146669893465,0.8876589915321316
587,1.1966939910529895,0.6519265633939648,1.2087156093747835,0.7783770334859946,0.8337115233571022,0.6067167921135772,2.790142990477588,1.1712695112149476
588,1.400505614263761,1.2915850406757188,0.9410998940439601,1.0477096936666888,0.8105639626463306,0.9465182673816365,2.7377209251976997,1.2038549920432162
589,1.4614876097580967,1.0978260925033654,1.0501751628315124,0.9741882776387338,0.38074565509919384,1.1229581669223527,2.7854028930528667,1.0961010782844978
590,1.0692316589975124,0.9896498120204251,0.709297530962082,0.8425094288719848,1.0042744344641368,0.9301969549140121,2.616717327900751,0.5911844109464551
591,1.1966171905034875,0.8233212789168778,0.6971781862853084,0.8789483494694899,1.1659941008110868,1.0255664212674374,2.6536225824383575,0.6036419234084701
592,0.995004065982629,1.234256770960527,1.2492532407650716,0.9496259694203655,0.8152340595275893,0.8409197313389204,2.706132334291473,0.7502020774535522
593,1.0647280922478235,1.054189178968246,1.305575777543338,0.9592925987024302,0.6323236203665645,0.6508173256004378,2.7917992009198653,0.8729797637073508
594,0.7816559500574106,0.7744633850965171,1.1353921121866144,1.14617784378151,1.0039046301121441,0.7521952589142008,2.4112550248907887,0.7834908460179374
595,0.7486509917557309,0.48554130930442274,1.1394603831795171,1.0985394200212362,0.881650772430328,0.8214128947786441,2.7552023453471386,0.8383768632411591
596,1.1109429254856167,0.5106789869625817,0.6131373381578479,1.085396481115321,1.093669959674786,1.015734035499689,2.7555633066842486,0.9924634887522437
597,1.233614888611522,0.8783202423950198,0.7212943127231666,1.320958293104236,0.8213701969257192,0.806679484693778,2.6034201895123954,1.0340277788849352
598,0.8157923413210494,0.780612699385746,0.5626694193823808,0.7274700834609599,0.8397587774151339,0.9358937105376743,2.581729651041161,0.46570412646936793
599,1.079519420085555,0.7952812164492532,0.6293769178163181,1.2145183359848732,0.6251484935769027,0.9812324216188084,2.459964249871796,0.3363120613491935
600,0.8860904676630794,0.7722143670432166,0.8371765238362435,1.1980434224182435,1.2864597437366165,1.1990485569717337,2.909748081671298,0.8838642431616464
601,1.0782558075471367,0.8258162690435271,0.8789537048501268,0.8810395051436539,1.0009065619565398,1.0093381507536765,2.9903764916918454,0.7420103317032409
602,1.266114550612955,1.140544711816251,1.425313120909592,1.0573240084350592,0.7664344339849952,0.5759733577767782,2.7598190336141992,0.4170068090165047
603,1.2020849891040475,1.0413727481779618,1.4242117046265268,1.2379985338377983,0.7305076096937784,0.6216046495394176,2.7834869352627063,0.7912940798820691
604,1.1805141968937762,0.5683427830707384,0.543178824226465,0.6505871718104648,0.7458560225580997,0.9376530027155696,2.7292992009198658,0.7896974070805123
605,1.0655798009647584,0.6717573693439628,0.6030672249481985,0.5380639901901018,0.8192957057769005,0.8509436590613975,2.7246765588887336,0.5791974937046742
606,1.0653313627615844,1.0872584319078482,0.7230199253254697,0.889592387493525,1.0344174875379846,1.0619234337933385,2.9184825387902285,1.117894698491348
607,1.3368832721752186,0.8585493972067286,0.8823265096173752,0.8777697821120223,0.7278768797603403,1.0169814792298304,3.094820202837298,1.3250201872120817
608,1.038833966097883,0.25458759042621903,0.7453317708651315,0.7812755075402289,1.1399108988362432,0.6111252739005618,2.639068383659091,1.2006632663279575
609,0.9308566985552338,0.3980556128574131,0.796931720985995,0.9022891446189305,1.2696704774410348,0.8626291526067907,2.684985951814263,0.9521610160076637
610,1.2331567993028678,0.8306187933597784,1.2675943664043605,1.1699491776905353,0.9966126463123304,1.3243793263674979,2.566018409093341,1.160311543582945
611,1.2502141602441468,0.9336654430274007,1.3435956252551093,1.1930561561533055,0.9780047980566663,1.1406876747500667,2.542709250510651,1.2508853882925277
612,0.9116625948360544,0.8197527735811346,0.855961963509652,0.9634619084221093,1.1818888879407237,0.6854202260666293,2.4217840736510614,0.8438894752995694
613,0.7969273871097783,0.6898583014115247,0.8882378486061693,0.8409521415515568,0.942192715170676,0.5527842959799526,2.61898625025511,0.8241894043006244
614,1.0417571014503755,0.8094680770063531,0.6015920935579103,0.5477368210947735,0.7235172248528035,0.7971910452128925,2.8164243591507514,1.1789590251782733
615,1.1332897199638259,0.7194853474238528,0.5610388917427809,0.6348502470599653,0.8821033310958949,0.7901082893975742,2.8848270303871124,1.2515623948425294
616,1.01273741196949,0.7406888014119574,0.8343316336586596,0.7824380813518702,1.119986204690413,1.1010791510096518,2.9055954364769656,1.1819244352627063
617,0.8573046674649474,0.6282510880935296,1.0142651057320071,0.9024704715294553,1.124464934879393,1.027529833907726,2.7833557045945843,0.7975916398896666
618,0.6316205804889823,1.0081948828596556,1.0046908474242857,1.3679642759138235,1.0692940858890443,1.0350579252615844,2.7280594034377357,0.8470596042298308
619,0.8567654437305745,0.7627542517572863,1.1651226630555447,1.2556082954045495,0.9473705744820075,1.01683978565897,2.912001608863267,0.7393062888545474
620,1.0207024915640743,1.2189147349812635,0.36653744561563145,0.989014306556478,1.1351863718363657,0.7506135581540498,2.6059176457688698,1.1801035624352483
621,0.8683429232806988,1.1229834266040473,0.4704887894934026,1.1067266566328802,0.8623431240727935,0.8571122792682483,2.6137019968363653,1.2763776504027387
622,1.1260739383300793,1.134303026552679,0.8584537138605891,0.9239160594317607,1.0561565023637658,0.7475460878384204,2.6954644812111486,0.873852646088298
623,1.1834366612667488,1.2852150139948355,1.1126024482996912,1.0840443357617067,1.0222174315564776,0.8152841557699919,2.7837774729353697,0.9885502634837509
624,0.8396209945995045,0.6791651886495071,1.1398049278498157,0.8341289578216715,0.7611048413210492,0.813892377076714,2.654564866979331,1.1163879305343087
625,0.7793502836141987,0.8250316716192411,1.3593530526901019,0.7178356891290819,0.6679149908609004,1.000104351098572,2.6196673428227943,1.4437908325976394
626,0.9636458767249106,0.8280747284951465,0.34835647322285596,1.09070905872902,0.9115447163214827,1.1308417615663182,2.6812334781757188,0.31624940912528315
627,1.3547305859214205,0.8006254306297037,0.44086871874956707,0.9620943679061045,1.0536253665316984,1.1082368396280817,2.6641847123907874,0.5031689321633905
628,1.2507776221557931,1.071344338860589,0.8367765275429049,0.4884174129277733,0.7918478525368632,0.9082302524280841,3.0050046017698033,0.6748353025623312
629,1.1653031437240995,0.8981989263161291,0.6502169443374873,0.6949751784567287,0.7634569411099674,0.8491139432190574,2.9274288652859295,0.6874521946249723
630,1.3987313500444603,0.7326194433148855,1.2090872814731664,0.8269946611385448,0.6337605630425941,0.9940408556361787,2.5989523453471404,0.5403403109339378
631,1.598688687244025,0.6898862024854944,1.246376714020737,0.5789868210947733,0.5416029019679356,1.0071659332498781,2.48370359668917,0.6757790317287087
632,1.0769181084475767,0.9852959356145097,1.2454898811028035,0.624724259106291,0.8703946208776492,1.164288567772291,2.655227675133813,0.7430101108760943
633,0.9086903847455792,0.8221894954300172,0.9538262447272758,0.780101624583878,0.7779180979353704,1.0266167198036786,2.687602906473167,0.9634546852950827
634,1.5236469758430298,1.3053201162131367,0.8395579693245372,0.5483599959095921,1.5272111473025574,0.8386832191971988,3.063368796363265,0.7546834490348082
635,1.0893712870333756,1.0894269865149502,0.9729987516614579,0.521354836815818,1.4372521601802617,0.9945969191583476,3.0584329983700522,0.6888098706216738
636,0.9171517423630768,1.3963462416594696,1.1361446499231644,0.9556097750824448,0.9638793428866792,0.9218054225775245,2.5557723243538035,0.5207762276003156
637,0.6246959349113355,1.1873328714849951,1.1596240741302042,0.9463137237982586,0.984732298440413,1.1659029266036143,2.635380627779455,0.5835316410719824
638,0.73642669759695,0.4457425129722333,0.841047226514261,0.8839703894105245,1.3111292197082836,0.9431594131513726,2.7118559694846844,0.863070402127649
639,0.6032715206730418,0.6020590258814473,1.0451243755745372,0.9373639096683106,1.293067745717935,0.7633341303357435,2.6452854802204895,0.7983589744051713
640,1.2842959461267165,0.7790353325018105,0.9098100854418454,0.5606452723344997,0.726223733831323,0.612054206287985,2.7262748515781476,1.1500348437810768
641,1.2775509349756544,0.8515391080646966,0.7918269267313849,0.6631512536423432,0.7020515573869897,0.7002050017568532,2.709687064352681,1.2947647862667488
642,0.929206018756042,0.7489865181486961,0.9045350981589697,0.8931881955198031,0.9422434097965153,0.841143931364821,2.938462611963015,0.7513882910590319
643,0.831055110620985,0.8535932717914723,0.8714609129597166,0.9502050017568532,1.0152505112468901,0.9486816418705518,2.9622553673945866,0.8698418697272761
644,1.0777745015656295,0.8191563030734152,0.6040423428227932,1.1646616844960793,0.6021814135346863,1.1070865964655696,2.4721751918770276,1.06849987180399
645,0.7791271050927189,0.7158121404646364,0.4507840340933402,1.0547869188389196,0.44517700805174587,0.978816873433938,2.5264963751592804,1.3679429269873606
646,1.172521216225221,1.01089536547802,0.9712285734598384,1.2200639566393556,0.8878984114579725,0.7613680763031786,2.882434100491659,1.0198384521980095
647,1.2539532817291414,0.8627628494047386,0.8974006262133923,1.3371038093044225,0.8145431024406014,0.7812067037636391,2.867653235556667,1.0571112928163178
648,1.0699390327513103,0.8165403699189323,1.203784743641222,1.0969441918450842,0.8490950604224201,1.2108843392443356,2.868088954434438,0.7918710692097161
649,1.0347819365093405,0.7936079909567281,1.1174271677843752,1.076032472296515,0.7896409339530521,0.9689030027155698,2.9959732300931523,1.2541325656308253
650,0.9376665301315698,1.0897236532141366,0.67668967970293,0.36644916065897004,0.9811808807510002,0.7890389328022457,2.5793373195291447,0.8505767439602161
651,1.0043898468488828,0.8145817142758455,0.761588190311398,0.3867007134453334,0.9616754888161295,1.0585128634328158,2.449277513994835,1.0613136111320693
652,0.864805033007286,1.0693302315944628,0.7354341415511241,0.9784380508046114,0.6606338930848108,0.6137202812495669,2.7853464199254074,0.4890038436537387
653,0.7783170727242881,0.9570479145253454,0.7419934919154454,1.152364500543027,0.5314278392762788,0.5429928129148233,2.861536156217624,0.7949592900683725
654,0.8951879291279602,1.1840882328726068,0.8586105547353057,1.178262114327214,0.6951844064412233,0.6574553442606512,2.921247316046514,0.3582609025429053
655,1.1450322850201138,0.9944626239769649,0.9299296339142009,0.9508817604483208,0.6237446320930299,1.0649085729163783,2.765824012940291,0.4444413101029923
656,1.1584082669668136,1.095663739518871,1.0615292160016216,0.7189545435833781,0.6058051226349351,0.96936542590044,2.8450376754532414,1.1277609390971395
657,0.9814644431551711,0.9390043018272138,1.118261015209094,0.8081593004851838,0.5679245023641987,0.7467500060069752,2.7163445641929673,1.1183051576874254
658,0.6128176300482582,0.6878879135027439,0.5867705737788331,0.8535665674843732,0.930284218366254,0.5790923689602159,2.5852769827128927,0.6556713907844972
659,0.8156857719511862,0.8162186188005023,0.6531739345280224,1.206206668711149,0.8158607219766543,0.4531496612982584,2.5434151796390445,0.9779487480501915
660,0.7301359375953954,0.7442573067477013,0.7052855578341887,0.8189283675547341,0.4616828872056069,0.5262865487913504,2.6964751464077263,0.830664380463515
661,0.61488676581644,0.9112328297223552,0.7462319559366142,0.7676036325402285,0.2793100518910991,0.863742228559465,2.785167559144708,0.7279101362149476
662,1.2786250485681838,1.156299920979953,0.6986107950851219,0.7904177098668758,1.6031318701110222,0.7904103114773983,2.505683228207662,0.9406837289423455
663,1.04881561908842,1.2870952492005645,0.9081980174778982,1.1147855518272143,1.0895446171709873,0.7507283721553601,2.3448298920941517,0.9271547442800768
664,0.6879846183533033,0.9579922420751588,0.879894967886679,0.8081034257411591,1.1848865329753435,0.8431073440051093,2.5900209908928424,0.8884704685259672
665,0.7830458610042982,0.8936754552653824,0.75318041657055,0.8917118673626442,1.1345457588503158,1.1135408220854324,2.471510939097139,1.0703078155988828
666,1.2933974936092787,1.4948710401642011,1.0111202364834402,1.0747852764249075,1.014540248242281,0.7667814447851196,3.0098095922158805,0.9215779101798283
667,1.2843197611830046,0.9459042861066019,1.0632905511883584,0.9721979854288951,0.9420886119306389,0.8419997986955221,2.984892874807911,0.9815734786548604
668,1.003429277894709,1.1854758529521192,0.9789417272170021,0.6381353652539876,0.6306171384194328,0.9902401535016222,2.7390632060320095,0.7591270550227908
669,0.9878190746736637,1.2765454498972635,1.2340863300737266,0.6969531400174376,0.7936562194527409,0.8485492845405397,2.7132871336590925,0.7596860077957703
670,0.8634034623907885,0.5439783936921565,0.8511647945740367,0.9080536825147605,0.8089945925353085,1.1607346839530521,2.9492616957114604,0.8878076603714848
671,0.9836561418390423,0.6064420727242881,0.9522037138605892,1.0371231502745346,0.6186441717146366,1.1605505403878003,2.845558191653427,0.7074980070610868
672,1.0883003105501916,0.9008676697013751,0.8456019110107732,0.29824993890548296,0.6385889454239749,1.2629261372694924,2.702658913918433,1.106284137749067
673,1.0938947580841216,1.1713495515401613,0.8179491636624572,0.4896646087993805,0.5593301189282734,1.2009476749740993,2.7466481936343126,1.4373361838567904
674,1.1552584654585942,0.8613610309297064,0.9104049360617087,1.1952359473090317,1.2139908445161938,0.8445344221618355,2.552687591129393,1.0738645886689324
675,1.2517626045496912,0.9577261178422184,0.9346494039168782,1.355285803201619,1.013980697085866,0.7733516811731642,2.5703004172094053,0.9553516476224182
676,0.7181510633624553,0.7457013999546738,1.0903497172797663,0.656452077453552,1.0897445790196147,1.1239509708267137,2.7046976824828186,0.6003939724242859
677,0.4333134999676241,0.8270059702832538,1.0513258291150096,0.8495363099432786,0.7018497277919726,0.9274451066902907,2.5946148856080344,0.6767447082049851
678,0.935061483000811,1.009428901840164,0.7914238659247861,0.8318407295496917,1.2407422100261563,0.9965902758814478,2.7052420137392925,0.9583963243861792
679,0.6437968214142011,0.9836633649660693,1.1133143311921567,0.9061789779521189,0.8675497307000647,1.234406038183316,2.680349111387611,0.9257155833327559
680,0.8738573304894153,1.151278727280888,0.5963811530544226,0.7888372784696791,0.7660317962993802,0.9680607353969527,2.5535421890971395,0.8054889372120821
681,1.0212595765906634,0.950001304415445,0.7239309964206763,0.8134991807894177,0.8477279430274006,1.0238968586716097,2.423044198555234,0.89716877993948
682,0.7155295995648855,0.5134376351923455,0.839381574673664,0.729572300421299,0.9024193537826313,1.0622678032011865,2.5702404564476993,0.7105238010282113
683,0.6669915891165645,0.5689793100391068,0.9959999344002513,0.7036155721173755,0.865131118001933,1.1276192455262788,2.51791101000069,0.9239242314671243
684,1.2105685418899776,1.3104797637073509,1.159836191365509,1.1467885126847486,1.0765454148447735,0.9502324797098386,2.6475917450471376,0.9821455357228558
685,1.3380278094321936,1.2409941358635768,1.225587980508841,1.1668885073809478,0.8093401587100273,1.1294789780475145,2.703667536106168,0.9137629440500027
686,1.0608288175163156,0.6019161355437163,1.0352071924843729,1.1869661316462636,1.0274109338887336,1.0324701410396062,2.344670337231074,0.8745562843493155
687,0.8001108681935891,0.5454397498079105,0.7158220049839394,0.9064707849877386,0.7440254604737881,1.0666670188523035,2.3050635059745996,0.9530414720405396
688,0.9179328521531166,0.7614988838503155,0.8613616293131414,0.5766813299140122,1.1552360950277116,1.0153755402924054,2.828171856466691,0.7522120987019971
689,1.2149532086206736,1.2227839930338755,0.7466824715933404,0.4953509015203032,0.8664838617389817,0.906399938202308,2.8457996545881095,0.9224569215872984
690,0.7433513431745973,0.6815969056426537,0.7549198044473875,0.7797974868991291,0.8210106802140148,1.192489206607413,2.741413014953553,0.7837468578730394
691,0.9552836900877981,0.7898686942092833,0.7918462326490072,0.9651959409183107,0.7094012110811342,0.9355978174843734,2.7049307255236017,0.8774525401322584
692,0.8643970399410349,0.7652217639309502,0.9546270109598384,0.6042595675802013,0.7851794666728533,0.8768683276775843,2.860006419446266,1.0053692985996936
693,0.647211302529955,0.6487213102627065,1.1461797115279004,0.7107627978330672,0.6353508589590947,0.792192645065696,2.7013624680463924,1.1324689768341214
694,0.9362495643526816,0.7770386634069154,0.9748582363241592,0.5034157504787088,0.9828619277539876,0.42613650543157205,2.3779824977307635,0.6678819096687436
695,1.066927612442157,0.8770539884643261,1.070235348925597,0.5590531086716093,0.5996057121033032,0.31669848015660457,2.3759967146595926,0.7554218609719225
696,0.8331166727372387,0.9842830521466418,1.068785477217003,0.6640007440879875,1.1892694045557333,1.188075792560776,2.6005644133110866,1.2906372254916594
697,0.6894430852182462,1.0016847824957689,1.041766965969679,0.8036875455646967,1.2899320700091517,1.1321322536742864,2.5476470915127063,1.1472763708137634
698,0.8462651422862407,0.7046229249421567,0.29461780991133574,0.6730754120009997,0.7391005485042982,0.766803639953552,2.7590886910460815,1.0584984897748455
699,1.1138079678227928,0.5282322754018726,0.3405152259069151,0.4247782310514348,0.4623475631064799,0.7460915317287088,2.769255085985306,1.1609332737723583
700,0.6543071626402885,0.940585754728831,1.0441960415705496,0.6905163525688063,0.4665884932574748,0.7545600398771493,2.695603285531199,0.850242837455107
701,0.6630237584670021,1.0129939195416613,0.75573374757105,0.5310995360103405,0.3762301808213604,0.9018715348919104,2.7259951999292067,0.8525154953022461
702,0.8131944447212338,0.7181543757342509,0.8171869366690545,0.9377981839206763,0.7962352332559199,0.9059264537312633,2.6781748508749716,0.9092413407456468
703,0.904513749232507,0.6756734838632659,0.882376007476343,0.973013548440413,0.7418037451110223,1.0495747089724776,2.7220829961651347,1.3003375343493155
704,1.0781740747379824,1.1449826118986965,0.6692810867514994,1.2236683598219824,1.313304501725343,1.2637791153493823,2.6657938911039256,0.40857173258512175
705,0.8974269073995066,0.9753477869371142,0.7835743739773978,1.3030826551630792,1.074911997954363,1.2503322140211695,2.730834891455296,0.43972953687322913
706,0.8147730809681242,0.6121864584605268,0.9261350608061666,0.5742978414168773,0.7032765580901641,0.48265269976949216,2.7369505261689335,0.9398806718424074
707,0.7967916473029902,0.4753537407011861,0.8183214341442754,0.6382825894679349,0.6145153415765914,0.6722054188708628,2.7914521901197404,0.984557348414945
708,0.5751177383046118,0.5909915996287712,1.0022038540705491,0.8148837363556687,1.2669334259962688,1.065923324130637,2.8069790406437765,1.1485970548630773
709,0.7593223324703008,0.8462561240089077,0.9474562180463928,0.7649160063583458,0.8220073222775223,0.9535788280285217,2.889026108927151,1.1516608622820097
710,1.024027243097761,1.0133622792682486,1.2859125232293307,0.9010820052079729,0.7976491345215471,1.2046031959035495,2.6483430860168156,1.246212051635557
711,0.5849821111640121,0.7309371269489424,1.257304737569928,0.9243281385156938,0.5190676300482588,1.0014412765522458,2.751561796459094,1.1550541697337513
712,0.5543729720085964,0.8577444723604005,0.7916336922927159,0.7755073067477013,1.2521159922348726,0.7843283563393529,2.704052312499567,0.7517724690689949
713,0.5733040160080973,1.0317122479224206,0.7338190090739152,0.8182279690694273,1.0917457572531768,0.878930736035808,2.6817330685704275,0.792638403725221
714,1.110515874360278,0.27086349105255675,1.3450103727627063,0.6939708901452086,0.8477211430213581,0.9167661197277089,2.75830060598755,1.3008276833457066
715,1.2233387871930892,0.38087357339551964,1.2513170211526166,0.8811115486959551,0.7479286459605272,0.8807286400489471,2.671967020449442,1.1933427830707384
716,0.6241522020382961,0.7953465325915969,1.060216105604236,0.8982490225585323,1.1049232219766538,1.0176003201684323,2.504374028565507,0.9087497471238506
717,0.7641961266929679,0.6626420465868655,0.878687405354736,0.9870764014564176,0.9927248559879828,0.9994450305783353,2.3993122501273385,0.985696355028833
718,0.6981274460947734,0.46282291532391484,0.6368906355122064,1.2762148557639499,0.8381200051440871,0.7740022312746018,2.580083903501621,1.329777124424597
719,0.640669988720301,0.5795570104163779,0.8450033974942139,0.9015588020508131,0.8475936478460171,0.9255085736195519,2.669065058760962,1.3390493606524945
720,0.7420565171904122,0.40070955946370374,0.8629726757726687,1.0984357399021838,0.8154592810579104,1.0255138588952089,2.7712932561662558,0.8213285205772137
721,0.5447833185384852,0.6572690850904751,0.9947517170242238,1.2298778101353685,0.6815160190754699,1.0186183837544869,2.82045521507528,0.7549485517633279
722,0.5680945201300149,0.9067896468553583,0.8323304554250968,1.2650061590613981,0.8818918122440248,0.5193247360038655,2.4986173121801385,0.8778785697531765
723,0.6587323089526194,0.9094581423820695,0.669875091129393,1.2082421249037385,0.7367275229099024,0.46166851354763627,2.6675560725326313,0.739296672193778
724,1.2534553838183728,0.9972044324189326,0.8188540331350571,0.6015241360232905,1.0387333504920924,0.7388352705133279,2.9755777654646365,0.8802122098664429
725,1.2624801307514333,0.8207648834031165,0.8635679495135172,0.8624135477372388,0.5652985294279625,0.7630450372884843,2.9766670263610218,1.0195320962419696
726,1.0393132290705496,0.5571213325980716,0.7925765752171243,0.7713425061666889,0.908718358415634,0.7655823021470748,2.3914169958137634,1.2538138790256568
727,1.1728538533673754,0.48399251447397706,0.781970973765883,0.8942598429825067,1.0852648273262142,0.9390240308658203,2.3515771215165038,1.1884987576684327
728,1.1374953506513727,0.9585489039807631,0.9048876396021812,0.8486523662761566,0.5508024236640127,1.1082549487788331,2.6594213982932176,1.0454350654067932
729,1.0177356368542363,0.9330884536997538,0.7687155117260324,0.9021051763161291,0.47469833093618113,0.9293651504981342,2.6330997978969535,1.1273730255943955
730,0.97734649904085,0.7905742002166911,0.654647621292905,1.1403141349052939,1.0124709372116487,0.9536057075980717,2.9074766931871148,1.0350589467660047
731,0.9059336042622061,0.6063172189412235,0.7321381373333776,1.3023910996926569,0.9345177501277714,0.6324082424265296,2.9649889312051063,0.8341714804121463
732,1.0000215967849972,0.7427285914807638,0.7929176322531768,0.6996070866237284,0.86752242800953,1.0290732733575345,2.9006606599881715,0.9485884246542385
733,1.1315934530608978,0.6694586781692439,0.6931374658414748,0.8216831050292661,0.8789561709799526,1.0713482496158209,2.987412526232818,1.0275934575661294
734,0.741123498785308,0.8576407922413481,0.7894886022170025,0.9641797450786462,0.8204911855182484,0.6320300181806391,2.740755139058722,0.509340616883502
735,0.9093445977437137,0.9482087557829424,0.7268076984274624,1.0331331244565396,0.7314254081989424,0.774208146887301,2.757219517126528,0.6513436203022459
736,0.9750235696888583,0.8664477160335644,0.9326636208457066,1.0897306284826294,1.2781878850650072,0.9708113868538033,2.740829050357413,0.8179253486061687
737,0.8817297912511223,1.0885056277794551,0.9251841811088453,1.0762955320161938,0.9488779408224827,0.9154236636309474,2.7064005015332535,1.123883013292094
738,0.4503284109145121,0.990948971880826,1.1260219743412851,0.823198891263639,1.0023044696763403,0.5480183404901042,2.4953925778688086,0.9851481130171266
739,0.6966919480441495,0.8393924606973882,1.0629390312495668,0.9726778467849968,0.9002843034886711,0.520199836656104,2.5081934382342506,1.2950679024470768
740,1.1821005820550448,0.7480436352242881,0.6854350228455846,0.6827190724687461,0.6032914249740988,0.6200981294409129,2.3991927517249096,0.3607429636369895
741,1.0809473444842508,0.7699544629661914,0.7560967519169994,0.5650845444462665,0.6280256187046742,0.5712769797094053,2.388565130367687,0.5494074051950223
742,0.558823130144087,0.8702537735487584,0.7652911660909755,0.7029012230950847,0.9165107062560424,0.8186645341891692,2.8094918920626415,0.6713066784247861
743,0.8507810396850595,0.9551498180274005,0.837254944273602,0.7600311508495045,0.8457955685704274,0.6916479607932162,2.811194535850627,0.8342572992389824
744,0.649086605476032,0.9606853989001294,0.2960504187111488,0.9457044995204249,0.8271429068569129,0.9806544107867412,2.6896699992325073,0.7358337147234777
745,0.9835064514952686,0.7686452633240374,0.2609124531243507,0.8355669220021215,0.7837312874481986,1.0442252120074746,2.668324603815007,1.025352684144276
746,0.8742830095854324,1.1208788161099674,0.9768310903627663,0.8636960430722933,0.9266520893721067,1.130464135703863,2.484987959770614,0.8389789369880489
747,0.6758231742070395,1.0962875127171243,1.1622929927779002,1.1626921428292685,0.9578380425927188,1.0973308359848728,2.541947869759219,0.9561417756897913
748,0.814265493800502,0.9062800166788951,0.8122598064282734,0.9040036959350595,0.6772958394675022,0.7517490771336913,2.5111906601478853,1.1388867062236665
749,1.072408763196266,1.0917605540321318,0.8082075289811965,1.181645980380637,0.5252011260541115,0.6604858226288927,2.6474696052524327,1.0337483024984448
750,1.3208794495458924,0.7858079968683082,0.7310831543960195,0.784057547705296,1.0327795615089075,0.9627218765971393,2.5645788250250345,0.6207763327577859
751,1.3773252202193682,0.6900566433722959,0.7234394027988806,0.7247623777155695,1.0615634939606493,0.9973596534057936,2.5592315463313238,0.7361524013286468
752,1.078705476961893,0.7795664868671865,0.7285868949064156,1.0908408877805769,1.0336084766739746,0.7525884552014971,2.67706399319359,0.6957367344706118
753,1.0117828693754722,0.6366584387133927,0.7046525185000668,1.0787623732103377,0.7111568403623332,0.670269133658659,2.710341452613266,0.7985115539997558
754,0.9545578566583479,0.8059107055528676,0.7453038697911611,1.007846004313142,0.7739483995394176,0.8504989219062928,2.5375245911932787,0.6988005418895445
755,0.8937542988237261,0.6584101347132036,0.7385839430593429,0.9203272266739752,0.760712243417189,0.9813430770063534,2.5639299674075375,0.8148892669987561
756,0.9723386574953353,1.038127263323604,0.6907239606654453,1.0345546719701786,0.8547037063518703,0.5421129552653825,2.524383695296203,0.9172006418386093
757,0.9488766714595275,1.1020596242648828,0.7501688209989451,1.2416407026136989,0.8020718147040519,0.6783974310130171,2.5050937329684357,1.1328624209799525
758,0.9531933806556043,0.6172770543196168,0.5979856473664426,0.37207260336737513,1.0133039383943976,0.34112691631457415,2.640781913470801,0.48813036288935535
759,1.0097256411354354,0.5698998225326317,0.5218238121481963,0.5734506418386092,0.9821073470085969,0.3060158302973253,2.6096737823041107,0.7680294868986963
760,1.1258550210887315,0.6534320619880493,1.0347733413529925,0.9317837631962662,0.7341631306232288,0.9043804755555445,2.618134118417188,0.9696921092785216
761,0.9391638566902907,0.5319532877361168,1.1525612226159425,1.095008928137301,0.7489875396531165,0.6873025042811987,2.628783088700875,1.0629053516739748
762,1.024412442612144,0.9802692112723579,0.7021347348215491,1.1583591922288305,1.1281366972132043,1.1711545219511865,2.562565739263328,0.8211412399026168
763,0.9685336214845621,0.8701358950341865,0.7243297233510594,1.0846285482163804,1.0214113099432787,0.9015945246352457,2.582899024858846,0.7901185770378627
764,1.0223453498528037,1.1835880440944624,0.6822669369241642,0.9818547501916567,0.866274633754487,0.7135859159632038,2.529180688969368,0.7663862054889821
765,1.202675578443778,1.209050712646764,0.8663670047288311,0.8789763231395442,1.018553067612144,0.8606581663145745,2.5720358943310124,0.914113865605358
766,0.7380669144934026,1.0722406131768412,0.4660862614704901,0.6948612106973876,0.553890221401684,1.3313768617394157,2.5157229742135145,0.8158067149790198
767,0.9143483532715473,1.0340347541534276,0.46648685614726343,0.7545658183787711,0.48295845734209675,1.3288732764564173,2.5980119285525576,0.7468668630171265
768,1.140035329498323,0.5693624665446491,1.008433879664512,1.0073349295112735,0.9233119426760298,0.8180355808727291,2.605281118800502,0.23319396651270613
769,1.1933072357487564,0.5675189754277739,1.2862051039108355,0.9579010678676864,0.780885375766194,0.6767942060639526,2.735417301763328,0.5031763305528679
770,0.39657537394502235,0.6869530273512482,1.2219987972261541,0.732253126597139,1.0165677076619575,0.8831646909183107,2.725754758498945,0.5317746748139521
771,0.3880351727691816,0.7809568209350592,0.9848000807125816,0.8084235569717341,0.7905037765522458,0.8746369956540497,2.835740004281199,0.6205369128319448
772,0.7201760566523056,0.5559012641545493,0.6889821066587811,0.8876608592785216,0.8975037079490097,0.9856022915705499,2.6646676382601515,0.7524833304570396
773,0.4254537929760317,0.4592379933213606,0.7830649916594697,0.9173053434620824,0.7665360710952066,1.1445156795751592,2.7046917287187457,0.7822625329429673
774,0.7544405414747215,0.7428624635411611,0.9866472347261541,1.1994696543330001,0.9758128515142612,0.9759183993797036,2.637603539909092,1.4624912996861812
775,0.8439311516480745,0.5332436045816341,0.8710067344062935,1.1008597079809523,0.8906886962544869,0.7773762328087213,2.6174236801501296,1.3021840899794526
776,0.7528065262008756,0.778216033997512,0.703414764026778,1.3788314924593386,0.7982924614959573,1.0747565291089678,2.366494324641721,0.6603160527216114
777,0.5704055419538632,0.6503165384388581,0.6161081036229175,1.352854509329457,0.7216096869565398,1.1779621352562308,2.263766784700253,0.9177753402988809
778,0.7320771550672509,0.7957144691971987,0.8094079409821962,0.709405968078336,0.8439590527220449,0.7442191180334425,2.6505341863172514,0.9501058307764672
779,0.766473468941224,0.7332697455577886,0.8273396289298285,0.5435823081540496,1.0237416376847484,0.9534089855251566,2.5710771931232297,0.9433651535016216
780,0.726959854901062,0.9627518206799504,0.9429904168899779,1.0600454894549844,0.9051523192097163,0.5100251970854325,2.9139444462229775,0.938061594165256
781,0.6861316858381097,0.880909120717502,0.8481581312620847,1.1691880447976366,0.7816855436153205,0.6458669786868033,2.847904337678274,1.143139967023791
782,0.993318509840975,0.7374948574254075,0.9289674450721717,0.41690372728088787,0.8731764857802656,0.7122510335183704,2.587035851769803,1.3746706752296416
783,1.0725360831091566,0.7535401811407886,0.7878637804829404,0.33233045542509676,0.7970686575596544,0.7214300525299548,2.668162830680639,0.8977864241112113
784,1.1488081505939622,1.3100116346169424,1.006067406217624,0.8539527885031765,0.33679685496494705,0.7577429225775245,2.5277485032905394,1.0250668308727287
785,1.3022295018207388,1.2297564439865498,1.1056197097067284,0.8845426943370545,0.25592060512466164,0.621633819976343,2.409756078444211,1.1813538228201168
786,0.6263728958966412,0.5961912309875497,0.7345795435833782,1.0385635805848108,1.1682283220854326,0.8278223795367413,2.681363264218434,0.9370854547862408
787,0.5736619128319449,0.4536279027665053,0.8118632977691813,1.0947269856209854,0.8658994740218577,0.8066394282331291,2.648220698363577,0.9781316948485719
788,0.8028120217914719,1.0239385350201147,0.6312731465678728,1.1582867255555442,0.2921491009708005,0.6962248404581617,2.648961328571983,0.6107216147105272
789,0.8534029266036143,1.2397042421390445,0.8034966019934033,1.1632389402155696,0.22765532112671633,0.7209097115922188,2.653440058760963,0.5742339698999401
790,0.8719426420622088,1.137251596849316,0.7273935307699921,0.6315864777924053,0.918307165643776,1.0524832954045493,2.6446629037891065,0.8658703035849328
791,0.7495493090808232,0.9589131776896684,0.9814903012203011,0.6421907072143253,0.6135194731589698,1.156119017190413,2.7368330707753463,0.7666726571439646
792,1.0341060240598434,0.5510591064986342,0.7778947060000667,0.3513292816967659,0.9989743627620176,0.7137594213632661,2.576566763771236,0.6776356271405994
793,1.145479488305045,0.5329337609913483,0.8880887566458309,0.40379055719533324,0.8680224415252231,0.634947798152495,2.398103666090975,0.6930799712095943
794,1.1401406295052312,0.5158751306871141,0.8150324051950218,0.8500375202258436,1.3736838250893535,1.0954596190564774,2.5388342139564175,0.6351163712929053
795,1.1741480809681244,0.5249754814028058,0.6968455491431539,0.9330705924075376,0.9511879411419102,1.0069333133300788,2.667280083780388,0.7537806225710497
796,0.8914426786164424,0.659872935454363,0.540299656089853,0.7759437992713583,1.097919732840664,0.6910525117899174,2.5940839065051096,0.6191071932829426
797,1.0170426367584076,0.6743246508814474,0.6052800972960819,1.0459561799904151,0.8587165257217338,0.6341046845919073,2.6072818739130788,0.8100405571953332
798,0.9887960602946494,0.39376807409826103,0.9895584625505023,0.37612361145149736,0.7603280654072264,0.8316259709221092,2.60379510138649,1.1776820604863059
799,0.8875261409761543,0.544695631965258,0.7932377634837513,0.4261929785590321,0.8243300763670645,0.9229827931681215,2.5505014230886087,1.1261817044668132
800,0.7261459117774004,0.9481001434042386,1.0359258753828802,0.9582238404905367,0.9670168137457683,0.5560262932000645,2.661052772174785,1.1621096228585346
801,0.9606607376018708,0.8876386641100893,1.025918962710649,0.9136750822143261,0.754755142062209,0.4326872606395448,2.593491098894088,1.335765862346328
802,0.6384267491686216,0.9718425547348728,0.48584748999801197,0.6300694947911615,0.5773108816138879,1.4397485949323159,2.770834320615632,0.8502853600455818
803,0.53773730681202,1.2417635133879223,0.55535855278593,0.6267745120778354,0.5835324873139525,1.193457173951064,2.68206179495735,0.6812111077448353
804,0.8382195992454574,0.5194085118218603,0.7994743412252208,0.884922961591786,1.068489408901251,0.4785629045876765,2.70779985387846,0.3968221922603403
805,0.6963775953151962,0.4958720161039254,0.8258078491496291,1.049188487953674,0.7561349406312585,0.5102046562495672,2.640643707534186,0.7232435269679354
806,0.5212482674459554,0.7815869710183705,0.6636200537122711,0.8393384536997535,1.3692346884582833,0.7067058359848728,2.6231641551311364,0.9085594019359922
807,0.6067028415765914,0.7066690918960193,1.012784866819617,0.9360329379787091,1.250166354869119,1.02031422753643,2.5788083834350597,0.9857191485807014
808,1.1994247382087828,0.7341532661039253,0.9860979712100274,1.142028438362888,0.5289184754916594,0.5232603317032413,3.0738076924204867,1.006337616468246
809,1.3409813119884817,0.6347960647998804,0.9023439978585346,1.0710948791529944,0.4616188404262184,0.6647042070865543,2.9237277572527436,0.9640959692606512
810,0.9321539906692435,1.2074234247828757,0.5151112838058555,1.0651455267123924,0.804019584323415,1.0226804531247835,2.5088796383240366,0.7290111293770273
811,1.1927464878254703,1.0470183860548006,0.5025556218678751,0.9528139596428428,0.733963344037052,1.1979256164997558,2.4521823649341266,0.6807343109019947
812,0.8012321887777111,0.93696944401806,0.5509005731399776,0.9312111077448355,0.708392413630948,0.8373524953661314,2.713766396631759,0.9349713302977585
813,0.760894168711149,0.9738114980182482,0.6128353160780247,0.9196991195995045,0.7893873882277762,0.9264666764439007,2.6331394312366165,1.059683506613455
814,1.1410927785655074,0.5351287720470144,0.5793278781308251,0.725888630559343,0.9713979928422188,0.5420638805274001,2.677420445392032,0.9075212587864303
815,1.0335261454813855,0.6104271662826313,0.5682460782201787,0.8102908631448975,0.9274317545367412,0.6647998904326942,2.65435215136059,0.9705195798181838
816,0.8709868301052356,0.860906006134313,0.7382746978524923,1.1102238920622085,0.8828474489385467,1.0163677458133304,2.5158141484209873,0.5716268797603405
817,1.0285309851099007,0.7988725153368655,0.8819799219382363,0.9230840071573484,0.8879583722196783,0.8902457542496891,2.4107032952448355,0.5472887715678729
818,1.102611777031821,0.7773633037761563,0.8919434657780229,0.7756035884772762,1.1982596982673155,0.8086301435639522,2.8591021483571013,0.6181302076619574
819,1.407519814161025,0.8959111211651339,0.8648553771082235,0.8504826805019324,1.0981777877046073,0.8549501015462039,2.780780849405171,0.5338760455323208
820,0.3352745165830666,0.6469049465739148,1.0224831326684327,1.0211649147489454,0.6586064336651343,0.7497117531947115,2.777361436029766,0.9343257850520571
821,0.4321133358251593,0.5698513461780845,0.9846097355247238,0.8730273938199278,0.6952299935449598,0.688591376501311,2.8474240532011854,1.0524783631448975
822,1.2792557970349305,1.192443021120241,1.0866921533414748,0.841802055118186,0.871993336688047,0.8468242703216715,2.9168854428676863,0.7686520633300794
823,1.0373603519290846,1.1316786735042985,1.08380244970604,0.8427917219132016,1.0252506239130792,1.0524580357228555,3.0543392924330046,0.8452524340808235
824,0.5501330633620221,1.1755381671774623,0.6249283795686837,1.0540695053033677,0.7146368128828808,0.792006809016505,2.52408167321638,0.9732207334160674
825,0.4361152691712983,1.2113299226414105,0.8385319089655698,1.260440340682627,0.39297403527565655,0.9282943492774004,2.6005005417941494,0.9457807016864924
826,0.8206593355376737,1.3859668832429697,0.7610865569078481,0.9023092967785222,0.9096370031627687,1.0444437061278378,2.6207019983381095,0.950706387301868
827,1.0940541376847481,1.3345356815249678,1.0960707110807013,0.9025696425098407,0.7821808001338135,1.0446412018466391,2.496436499519992,0.9697381195032435
828,0.8817530079239752,0.847579274188047,0.5721280900429049,0.7552996485811346,0.40417515832628104,1.0327543018272136,2.9088033310005,0.46327216161768653
829,1.1382567314028058,0.8500646476539273,0.7045098034247856,0.780794624679706,0.5445588706540496,0.9874205230057311,3.0865069156757183,0.7056276363746616
830,0.8288806748458952,1.026951399954674,0.5658935553102763,0.6522012827832535,0.9913742278558576,0.99548086282547,2.507153427338298,0.8236701574633929
831,0.7290414965808232,0.6996300554380471,0.6685638484783976,0.9522408810704278,0.9912803396600246,1.0735175778688077,2.7195668323744724,1.0339104987537986
832,0.8854857525239129,0.467543283710027,0.7673206685194923,0.24492360253643006,0.7857806941777733,0.7610477698101541,2.8215843571698653,0.6864653444846841
833,0.9737609786548607,0.5346086789678128,0.9560990778368657,0.3191265342530546,0.8881813754787082,0.7437632469960793,2.770209701175408,0.7456383746797058
834,0.7494033542298305,0.552374858288296,0.8996379120009999,0.7614941268531141,0.46684330834570614,0.7699339602816986,2.5444225324638254,0.6920912533229151
835,0.7019778213507485,0.5331988637198682,0.9758034101159425,0.6235814143332562,0.2742884350710496,0.7355686119949574,2.638039083524412,0.9420613092401043
836,0.9387238039363033,0.8371750792108381,0.9126048793770271,0.6587992449828178,0.7359659668960195,0.9066845221109002,2.689924989583189,0.7714033131703659
837,0.956346917656604,0.8178397050417837,0.9136960080198031,0.7097981428612113,0.6838132656247837,0.9278407691074125,2.717314151424474,1.165104378642343
838,0.9510805255300775,1.1641282392633279,0.8605680136115225,0.9184071828661313,0.721745426763328,0.9048763304574726,2.6910783698550467,0.8263039519100914
839,0.9071777356205517,1.2883128515142608,0.773533008083689,0.7378305590808233,0.5878894282331294,0.785434529619619,2.7439287556232284,0.771573506198632
840,1.0358120828859902,0.8964108868222931,0.49955917360012714,0.6347872217849974,0.917652178999756,0.7114264522295197,2.730680691972856,0.7086951066902907
841,0.9495426167233557,0.5307024289678131,0.5151384112339399,0.5601421943055446,0.941827595219801,0.728105588924908,2.628958637109778,1.1501927061602137
842,0.5688222213058551,0.8421049234399801,0.5687938971109,0.6449801457688706,0.6748878649345594,1.1835562322652613,2.6054293645188698,0.9988686396341243
843,0.48829833764633074,0.7299357278882338,0.5875181792557309,0.786684366883502,0.5533617084285842,1.2846585273516817,2.72547570523344,1.130606850779144
844,0.6026846668260913,0.9457946522234776,0.9314971362788333,0.6743330707753457,1.071852699674097,0.9373930801052359,2.664132748401995,0.8684143684495643
845,0.6872548741686217,0.9218212408609003,0.7404939470854323,0.7668625792108383,0.9086236965739152,0.858460864391532,2.6056474355182484,0.9327353138731069
846,1.0011275222067288,0.8701447380490697,0.6494847340229793,0.8972217654326939,1.1226327529072264,0.6701333938518709,2.59476950821146,0.9103121419663804
847,0.8837408340039874,0.7418606413594676,0.9517710594960794,0.8699866278113979,0.8363225242519325,0.6690798555399177,2.565828487026467,0.8463994374676245
848,1.2043980539367365,0.5611520132601515,0.7487353659571614,1.0923112621736644,0.3438876075531792,0.5289482443120198,2.7896701043899768,0.7691596504977012
849,1.098540266263206,0.6097296570481365,0.8492675443180617,1.118980296491037,0.27664606550305443,0.5239586871797063,2.582200070998945,0.760271169158781
850,0.8360726414233531,1.1821663213183726,0.6780346019295174,0.9674055008943981,0.7495224295112735,0.5444502582753451,3.0245567775752806,0.6892293480950845
851,0.8120080558533037,1.0476392700022434,0.8280400274151343,0.8405885388221713,0.8413753545177486,0.6025452641226067,2.948325189672109,0.8252288168131413
852,0.9261280855376739,1.0899507424908486,0.7146417451425319,1.1922563388290794,0.5304190418260918,0.8607484942800772,2.6916693097196784,0.6143572313389201
853,0.6616392029007511,0.9646908198805145,0.7902698872694924,1.1698734712415373,0.42841818155604455,0.8508820784118357,2.7460746919409127,0.7971395043450842
854,0.8037216482612736,1.0980987688838133,0.42209927262198466,0.7776380231654448,1.0527446626402883,0.7895506059875499,2.792192221944711,0.8106274110422835
855,0.7814019812111493,0.7986524013286462,0.533250579850127,0.7401633529521191,0.7683789638286465,0.6605084409183105,2.697564407304112,1.0075045241561043
856,0.6623416443948974,0.8082099951110224,0.6721969989769645,0.9356939239514969,0.9137832714720446,0.7282626776581591,2.690278800389356,0.6601718930209253
857,0.6476262708646986,0.5558659646911019,0.7469313329175,1.1997236957753457,0.7573844273702407,0.6202363353775269,2.663974039780888,0.6744529922987584
858,0.917274976258286,0.827008436413079,0.7423345489514976,0.944867587582445,0.5012390238362434,1.0209289824573504,2.7492294257087835,0.7952101944013727
859,0.8893860487598404,0.9264026296645124,0.689153992170987,0.8473219929699903,0.3492443276452088,0.8916003657331291,2.650933759489605,0.7395104093169399
860,1.111691625063019,0.9194036496671891,0.615813056811587,0.9165961019618928,0.8793631425417834,1.0034301241366785,2.7701119748204284,0.5355963027539875
861,1.1008382864584054,0.898255822564574,0.7460163510670621,0.8749183397869301,0.7459660795622084,1.0986841781053576,2.7562597944143232,0.6685004000824446
862,0.8303005298755941,0.6833843467530543,1.1737579491940893,1.1308483137138257,0.8277227854353706,1.2614384999676242,2.3943337542811993,1.0436932114001292
863,0.9231294189986341,0.6999838662442138,1.2216860643850573,1.0818877612788331,0.5546218333327558,1.1307179292876737,2.506209099788484,1.236128761534808
864,1.104337564896575,0.5772577208582232,0.628002402031821,0.7447515417617734,1.0743048166853701,0.6321569149725443,2.5130684292237886,1.092780660627027
865,1.2172476385152613,0.463221043870863,0.5878046309107132,0.7264325386948336,1.0226213386050467,0.7963483547732905,2.5678450604224206,1.0857603317032414
866,0.6891981346493186,0.9191445007027413,0.7057212767119602,1.0167541420945847,1.126484995909592,0.6951080290127065,2.8154890498782708,0.44512197954969135
867,0.7168160056551713,0.8314851235932185,0.8726719631259052,1.0901924532840646,1.1600926263415965,0.6709344079429673,2.8216398087929053,0.7247280997565415
868,1.1165513961526168,1.1915288855117734,0.7170570454688683,0.6533493076744747,1.2055277944147562,0.7954654326105897,2.7021462192287085,1.0626907683088431
869,0.9930279721683102,1.1535090378000026,0.8946082984080372,0.5274055785080967,1.0981560882532435,0.9146189866431542,2.6571649818504377,1.0899376381958326
870,1.1808612076939005,1.1074666884578506,0.9489120435190596,0.3276330558533032,0.9026850548945866,0.8047557053931543,2.7952697320420943,1.1336476167876737
871,1.2637103115727935,1.0663723951619577,1.1834068924463885,0.3633053129148234,0.9133752784057934,0.8684994136305147,2.823923527926219,1.1466363562111492
872,0.6958546129851835,1.336753310870052,0.8553094429954575,0.38978111279352706,0.732160930885246,0.737844334355358,2.5955076722900405,0.5607469094447111
873,0.7517065545432162,0.9341744748204276,0.9465153781308253,0.34406851134271893,0.7982895722451472,0.8555394215229797,2.590663894746269,0.8680825775493808
874,0.9157070507726692,0.9603636477816991,0.4755594810514354,0.7963432472511889,0.9315923965039873,0.6409326253189951,2.5339172987598406,0.8261464400558558
875,0.9456722645702386,0.7100991434366145,0.6073898879083481,1.0065761901521169,0.8221870293001916,0.5401563426311368,2.590548905482507,0.9384996039104028
876,1.0283544151965767,1.0125908587350616,0.9798310262647608,0.7842230563324448,1.2582028796325695,0.6808026915575989,2.6505138588952093,1.0424069805722935
877,1.107802813234251,0.9569296128897883,1.2042724265077858,0.9559791563134528,1.1706420025239128,0.5334056255745365,2.713563122411335,1.1237109525174376
878,0.831864121484995,0.9310092781498183,0.6799986129532409,0.7769737703855571,0.9709121777220447,0.8437251634392909,2.70058671363699,0.7714920212480124
879,0.8980451499546735,1.2443903325661294,0.7574835983506266,0.6659296309107134,0.8342934449443998,0.7411734197652606,2.551290704914012,0.7882181896725421
880,0.9894995232932161,0.5188910601349349,0.7003329200531793,0.629758629696455,0.7827770953790819,0.8502026057320079,2.6354886417747245,0.8286387887902285
881,0.9338255962739126,0.8638654624546737,0.8324489323231042,0.804432509649318,0.8460296331156315,0.998011400274102,2.6186035168705524,0.9129623530798903
882,1.1037991874041717,0.7576971602113377,0.6256263119241641,1.0422452074379247,0.74894093104496,1.206463103687236,2.7610652079813853,1.0410491293131412
883,0.9595690105756585,0.6738047330646966,0.4872301778178731,1.1328798591511842,0.7066974160909747,1.006816281057477,2.929939673695955,1.0934455117903505
884,0.7844051568888558,0.9927074178167511,1.0092334491302033,1.1225920980631419,1.128862355380204,0.6090768886754082,2.6303074700915974,1.0731927622371165
885,0.6645227049135793,1.0201733802075394,1.029615984726154,1.1533429307894174,1.099326235716813,0.6855996852307631,2.641349038279144,1.2200949222265873
886,0.8886076529581618,0.5323662130620195,0.8535386664104024,0.7828974400234795,0.6721653624102141,0.8349821111640121,2.801473053328958,0.8118345504532409
887,0.7886409795177489,0.5232597333198058,0.9830617143401639,0.6414334124805745,0.6902167966188083,0.829477991595584,2.8242616957114595,0.8212591184171889
888,0.6610383985168153,0.3214435098409747,0.4527539988811364,1.0098229443694302,0.8822006343298905,0.8506654520378624,2.918678414621174,0.8950004731909128
889,0.6288093698869901,0.24454189065629336,0.6403570806167531,1.1340307732932167,0.7933293608122087,0.7794558314796417,3.0336967616306367,1.213721232649007
890,0.5600738136499401,0.6437374590359302,0.7967980241880467,0.9453454059297062,0.42994009681693995,0.31642784678499714,2.6906133052778998,0.6769763066203632
891,0.6893324298307015,0.7931905564921587,0.9058100198420967,0.899412019491159,0.3186897938708631,0.36038302380430104,2.8305920890526797,0.8593395252741018
892,1.1909069074638259,1.0342512052649495,0.9085624664492539,0.6648251501143878,0.7636885395253457,0.8482028721238503,2.7751633604608386,0.5704336908863679
893,1.2490653617070393,1.0656428262397264,0.823692951015261,0.5990416518082213,0.7056454976668776,0.8421014358057332,2.8733758492454577,0.6083814224497536
894,0.7582687941583482,0.5228492741237286,0.8509535235807014,0.9475391476224173,0.9322287482099051,0.9292208155349968,2.8415270878703622,0.24839413365865887
895,0.9675923584480096,0.549600814896142,1.3005595161039256,0.883193438234251,0.5625772236704875,1.0129524184556067,2.938424247986305,0.45634198539695275
896,0.7426661645892314,1.2291082573485717,0.8601411377486339,0.6686480474173779,0.4447749687495668,1.1913917010795791,2.5600107883749725,0.5954405609973903
897,0.6919795764309496,1.014216030994025,1.1121071917811984,0.7763735643850571,0.494605339052246,1.2183145289807638,2.624508055853304,0.9478465250828783
898,0.8281833408738504,1.1910947865218582,0.7681068858316341,0.6984264036613356,0.7259317515332535,0.9338518774600271,2.642823746548448,0.8919502657840641
899,1.0336485331346241,1.099036121165134,0.9298746054121463,0.7541900602627061,0.7704322813134528,0.9003982712480122,2.6913075021405994,0.8366537167686815
900,1.0883871508814476,0.8099467415955842,0.5716393856719204,0.7311669302140147,0.8804819969960794,0.9579486979802636,2.4752188471363676,0.7490618740727928
901,0.9791499336970771,0.6689769490667512,0.7861692060639522,0.7290835960503133,0.7109044914039279,0.9636582073740393,2.396713755144087,0.6653750120139502
902,1.1298245442222332,0.6104470705836889,0.5550505769420344,0.849809584707162,0.7281715034506864,1.048294504504798,2.8169742210503137,1.0408349690689953
903,1.0839644706989424,0.5452403863427189,0.4875771886179979,0.897574131613455,0.6033893991876141,1.0134193507791438,2.9998004612723577,1.108062137461149
904,1.0293615927589077,1.065289088029644,0.8526631426371787,0.5979281527345612,1.223876566302057,0.7019478772679373,2.498268681492158,0.8514091467595293
905,0.8701467810579105,1.0848399944721665,0.9381235979358036,0.8502100041214844,1.1382988308722957,0.6276434837035522,2.5293923830836893,0.8327349608571017
906,0.782043440439169,0.6657333319587834,1.0678807830068526,1.06889060196146,0.9158448335882982,0.9529125322397927,2.7225435516036147,0.8545529945036768
907,0.7040463587354951,0.7429293995713605,0.9626699126083456,1.1282085655030545,0.6317252821124549,0.8932021460567887,2.584136356211149,0.8877555211202416
908,0.9241213766610245,0.5312155467785223,0.7160088625375522,0.5379736622245992,0.39436003546731346,1.1422294943120197,2.6292124306935896,0.7025889133749724
909,1.1344849518466398,0.5852586982996913,0.686616056332878,0.6341334319078482,0.2639760126847486,1.2590371501782733,2.647126082086554,0.8394955424330047
910,0.9672141342021195,0.6374171054764654,0.46220875878642953,0.9047338632407265,1.0102055024915368,1.0954460916404771,2.7567203498528032,0.9740698007407259
911,1.0315804188708626,0.5891787235742261,0.5886503858635768,0.8075118874930918,0.810901284189602,1.0267809590678731,2.5914238308722957,1.0643968997310744
912,0.8015165974238532,1.1250250844192435,0.6399229816268382,0.6182039436981986,0.7221756149980122,0.9612356839206763,2.58035555837765,0.9234585685065421
913,0.7230001962868633,0.7937513044154452,0.90120132834795,0.5538302606399773,0.6740535943888559,1.0304085789233532,2.521441501884624,0.9893305270318211
914,1.2712116986195519,1.0496533772683703,1.031201173120552,0.874002336432072,0.7618251441074128,1.1224826394424672,2.9454599720724826,0.5326996964461437
915,1.1312690605501912,0.9295994629018731,1.3046595989260292,0.8297175867838754,0.7309365285655071,1.0264095348280242,2.93329972469309,0.6433269998398532
916,0.7985244830323212,0.8167851452254106,0.5905236458008134,0.8518691038145744,0.9440109466058579,0.6485244129273406,2.5647463766610246,0.4752937799394795
917,0.8433775542557312,0.6199872261948334,0.45467591043537037,0.7891629403433406,1.00929171740797,0.7436180657909726,2.5581389730631416,0.7396709856844375
918,0.8331955162955822,0.9895725883499378,0.6332905662057955,0.8335449932255317,0.8716403721238505,0.6370754500569773,2.6478270789552956,0.9791871009069155
919,0.7845458289552957,0.9636200186597809,0.8515688768850573,0.8132279490343753,0.5784613726349352,0.7430195522744125,2.6844159377551096,1.1396878955772134
920,0.8653644089012511,1.2256342385920966,0.6427732271850591,0.44887998383132294,0.6368965892762786,1.1178639081665667,2.699198670436491,0.5164129097960816
921,0.839735137621296,1.3435372843812585,0.7172373508749724,0.4813463893781486,0.5907199447527434,1.0690998299459549,2.602689175964759,0.6035823857677487
922,0.32816097044296777,1.1388743755745365,0.9453312075341869,0.7360503410974504,0.6849270125569772,1.2112467452068507,2.554642759138234,0.5751867173436516
923,0.3995338087609628,0.9797850160400398,1.019949355444089,0.7550313060769023,0.47437326744595526,1.3895961229863056,2.5898275811917237,0.6479172316583479
924,0.7696341564731665,0.841066955552868,0.8914619845340643,0.8636527468359322,0.9520975676117113,0.7512812985681838,2.5345641133684977,0.5209969399919699
925,0.7312334431232282,0.9677038600775245,1.1651043786423427,0.7546606554829405,0.9467282690120172,0.6527092930718605,2.5268731547797656,0.8441210737149474
926,0.5303114509518085,0.820048068251,0.6823055487594072,0.7358708819333156,0.8486162205707384,0.7282854712100272,2.8054973571059807,0.8067926062111489
927,0.5398107764564174,0.6018795667173131,0.7072220183088429,0.9056553972386716,0.8670470757920943,0.7202859383939647,2.7454129052908502,0.7833382664233528
928,0.7115861823550466,0.7588420479932136,0.8836445522744129,1.0740038161099679,0.7753007201554822,1.243135139921609,2.8060501082563536,0.9742313986126443
929,0.8033350041214845,0.7538672876398554,0.7538709505365521,1.0885672084290177,0.7016133723793928,1.1413683441967664,2.7232538146082237,0.9869045159442107
930,0.33737486579701453,0.6773153206475742,0.6280712058084098,0.8392337520762809,0.8317635058792042,0.6640181822592189,2.453160970442967,0.8060737480501914
931,0.3585553509708004,0.8453237039872384,0.6237421659632041,0.8757032877361174,0.6280092020378629,0.6957197194203654,2.368974342726965,0.9316320298436516
932,1.1688560060389177,1.15784114215847,0.6302267587868632,0.533369902990104,0.6071504679825068,1.1315439552019302,2.567003814608223,0.5609616680722932
933,1.0927007955642631,0.9070726108760945,0.7727535907775891,0.502540401967935,0.3948840393017461,1.054060063905049,2.724212691078457,0.7940272931676886
934,0.8465316896401666,0.38942363909066385,0.6459562851478854,0.7086158400109627,0.80050346609745,0.7584308151512505,2.853531268020925,0.9646279698679978
935,0.6934832072786441,0.38108424600542024,0.4676289272744125,0.7033786183213604,0.6620710110232908,0.8550086176825051,2.8713280624037387,0.8305547465803903
936,0.5279369807320073,0.6888466147105271,0.7704560963697413,0.5394643640397283,0.6041548659567288,0.48417401664695287,2.9099131671774616,0.6864251127615847
937,0.7542138753189949,0.5955427964910374,0.8023658400109626,0.4785674137263431,0.5237913108061664,0.5327259776322582,2.893627825152806,0.9743523416404773
938,0.8184320895318207,0.9264892947333175,0.6617581029197437,0.41194598197777565,0.9174519692925939,0.7926388268462063,2.6501941507856186,0.6304961953915994
939,0.7828559389374249,0.811110935295082,0.8000648579688684,0.5329729712100274,0.9437226272044852,1.1129771849113357,2.7359094937685584,0.8720528743287683
940,0.9085275901067908,0.7233431210693054,0.986986847136801,0.4959859838632657,0.730352563969368,0.6113378142568527,2.6929091072018085,0.9379250807125816
941,0.9270912958841241,0.7486380627231662,1.0713542033798926,0.42302140500336544,0.7000563329174997,0.808305503194711,2.681360798088609,0.8754449850136394
942,0.6973547561986315,0.7464354780155721,0.8728633298181843,0.5120600548945866,0.5561525916085343,1.0315011521915347,2.5836813314157565,1.1339839168265249
943,0.744781310582134,0.8062459840872983,0.8085523215100295,0.5717137200915972,0.40890292510187076,1.143411198778833,2.5948200275748476,1.2474576276193086
944,1.0577841407525546,0.6396145826619579,0.8766852056167533,1.024938314192967,0.6759960812236663,0.5422482719511865,2.6039349272109593,0.7464262118797043
945,0.8105327492005646,0.6384832222960816,0.8867101548436513,1.0816984375953953,0.632919492490848,0.5342889708582237,2.5931880553098425,1.05593103297491
946,1.060412229293716,0.8569685426885472,1.0623819462229778,0.68613372884695,0.785307384969179,0.48452493820230785,2.9939036712039853,0.8166871710118954
947,1.0509432709929027,0.6575659996481966,1.0147100907456463,0.9290308934681241,0.8193014842785222,0.5017114868028677,2.9805899408863676,0.9080442411164427
948,0.6072555927269646,0.9944640686023704,0.7005376388990072,0.9938082357163803,0.9862376217720472,0.7046738674265298,2.886554510735806,1.042075788055544
949,0.7552836550353084,1.2076899721368008,0.6708769133110871,1.041867158454485,1.1131057015910968,0.7244322067032413,2.8600861092465797,1.240170751341597
950,1.1488602898452065,0.7125834953980744,0.5543382709285846,0.8430102160335644,0.841817625543027,0.6481933956730417,2.9676633804958907,0.6474125337415371
951,1.0163519275299546,0.7235593243222936,0.7816999172732908,0.9551428427589075,0.5570145879657582,0.7376687859464547,2.730128363943467,0.7575377806107112
952,0.7554637125828783,0.6092776967660049,1.1029614292242211,1.0851441321569155,0.9539496538849356,0.8255540555658181,2.6314203707818207,0.9490411585822558
953,0.7672387604478873,0.7203588281882362,1.1884078313194943,0.8671402930084076,0.8456657825277113,0.9601648826999424,2.7143364106909122,0.8974696052524329
954,0.7976411377486342,1.1966677098668754,0.9382115323675644,0.7345805650877986,0.8849884529965792,0.7057165197147582,2.7107870360103403,0.8825135424334376
955,1.016986586751933,1.1389988062366168,1.0748953334290174,0.714061268180639,0.892584925006042,0.8826922279516863,2.8575208707179347,0.8599095393332564
956,1.141607939385057,0.815542035371485,0.7716398438453951,0.5002996285460811,0.8345250433597784,0.8101163362404149,2.826462660531199,0.615280633083256
957,1.0781589274341268,0.9914000859209876,0.8991689366686217,0.5458680702962043,0.7432848302653828,0.8515444634453334,2.9200044540511247,0.7370706229547959
958,0.7954046256069129,1.0983968802084056,0.26663753294296777,0.8373192389115246,0.699507069401373,0.3233837058084103,2.843710191397885,0.626078447468746
959,0.8140790593678752,0.8380325664293955,0.34585655083655426,0.938515174335244,0.8243717527155694,0.3620234159632042,2.9687235435514348,0.7225365763351216
960,0.9160589938324447,0.644956330712582,0.8510582252041743,0.45500199543001724,0.7114970511564154,1.0487813411293925,2.7357885507407254,0.6413915608696196
961,0.8322943097196789,0.4120471959670023,0.9324979369561065,0.47436731368188284,0.5681405303547362,1.018503394490726,2.770083825887923,0.8315542778947088
962,0.8071712535780247,1.021570018564386,0.6310306621287711,1.2129399475965168,0.9533500462678708,0.6160709364130799,2.739771178169244,0.49386632873169617
963,0.7737695387587187,0.8375834953980739,0.7642690164872391,1.2298579058343109,0.6699671115788352,0.6495436732802661,2.732692333109157,0.6546346922603407
964,0.6615876620329424,0.650187773900562,0.5184573842660047,0.7677048465294549,0.8007363338757834,0.6772666690305769,2.567501114135558,0.5026067396146989
965,0.5932451268207388,0.5887424063130193,0.6062541936662561,0.7660773834031164,0.6428288540705495,0.6313836266929673,2.5800282766161318,0.889618493417189
966,1.0312923473280249,0.6512604428676859,0.2784113114450223,0.9389720668770275,1.1127646445550448,1.1422124792617736,2.648024399411646,0.687660401105047
967,1.147955595635057,0.7138366450337532,0.35700919753263183,1.1197700014374254,1.3688414921709873,1.3202578946189303,2.7631193717081612,0.7853835871352464
968,0.9232162593298902,0.8650333916469526,0.8272234428991959,0.6973923465294549,0.8564342512138257,0.51550226182186,2.5386775483441517,1.0290036959350592
969,0.9359575820546118,0.9213241165960175,0.9204354159316942,0.7945449201170642,0.8076461826744746,0.47751609368568115,2.5791514834799525,1.130087356083378
970,0.8267788810065422,0.6855029803802042,0.6787760783798926,0.7964818037127038,0.7290618240028657,0.5710301613940865,2.672833949066318,0.9835910735552336
971,0.9795649020318205,0.5591785608381096,0.6484646274280842,0.8542113390841886,0.6278525364255966,0.5769250837160694,2.7395422211461424,1.1553679240792687
972,0.755487352376716,0.6660903825406614,0.7548438501398549,0.651533542369119,0.8157640171260943,0.5793368964081588,2.4969555710947726,0.8803481249356815
973,0.502739167049691,0.7406514589396684,0.7211680143146966,0.8117314687176242,0.7435774109468877,0.48555448619552194,2.6444031564412236,0.9548042518526814
974,1.042707805885246,0.5359720608700523,0.5121859301820718,0.6681732935833778,0.798434330329268,0.9142541145508127,2.939786608384124,0.9730041070420946
975,1.012616293679206,0.5544522386879249,0.5308894617838757,0.7430384350710492,0.6895357040511244,0.850599114391099,3.015656038183316,1.0422854391610241
976,1.0011681770508134,0.8353231682000644,0.8686297980566666,0.9813776028239152,0.7549758544538627,0.5843915944203654,2.693998615956728,0.597330835984873
977,0.8850956207498779,0.9639308837544875,0.7064204058343111,1.0696977450790792,0.9191621867325074,0.8105025572592185,2.690464213317562,0.9978276072337506
978,0.8150016148702413,0.5849685837480122,0.893336265975721,0.5186308896660669,0.7620996882342508,0.5836142201231063,2.686557963317562,0.6091949424524304
979,0.8811953245139497,0.4760081289617706,1.1170491188009353,0.42936250910585794,0.7729322036997531,0.6708428106145095,2.669273265241038,0.8066100825337535
980,0.8834681576235395,0.9536067291024924,0.7377194805722938,0.5048896125060423,0.53816996117653,0.5023118680658178,2.5411686277155696,0.8481944522299526
981,0.7590714281373008,0.9501836528303901,0.7352922727178131,0.5682257507981369,0.510465425101871,0.5578751396975768,2.5514958468808255,0.9724339177204895
982,1.191415516135868,0.38073476907546994,0.2769013037122709,0.6431167503509376,0.9005039943759053,0.44437190794296766,2.5856408333008134,1.0680002814092806
983,1.2547963952897285,0.24774323303232076,0.31965198271289297,0.5177395476094675,0.7644663369435892,0.5546208118283352,2.6800417339271525,1.0289868561472637
984,0.6843950119496315,0.7110929688453951,0.8597392737089057,0.5335023304250968,0.5997118583521814,0.9181574753000029,2.695879872666877,0.8307288503638881
985,0.7704353458267137,0.6863477138286467,1.013234360971923,0.7009817776706765,0.5336737928163181,0.8473887537377381,2.697757218621796,0.9660059732867408
986,0.628623358575348,0.9543344302783332,0.45546561538175867,0.7266385269036165,0.9951159907331291,0.8099270125569774,2.5493246508814473,1.13460078735237
987,0.742597360812642,0.7954787847641387,0.4950638514818853,0.6769570007027417,0.9819814717211118,0.7508568888351217,2.5407228690560455,1.0710862114005621
988,0.7955284578855571,1.0805680987339399,0.8637593162057954,0.8738764611445868,0.8680889544344375,1.0787506409446443,2.645707423823726,0.7665264544344373
989,0.890356059112333,0.8597476936028035,0.9266313388290798,0.8387312724307612,0.6839717989834403,1.1490225586966438,2.7192469490024322,0.8996364673755941
990,0.6259084297029299,0.48339766385411453,1.0400232442166244,0.9622424383620222,0.7550267969382358,0.77656331118948,2.6637619225455818,0.6323739644675024
991,0.5750567560384852,0.5798311314222312,1.1755786467590965,1.0600204050357411,0.7449321976927783,0.6183511679121465,2.7002852899406014,0.8082243687689925
992,0.5706221683278356,1.3414655072208008,0.6064203006768404,0.44913726504938045,0.6563296898003133,0.588446688522169,2.7263387230950844,0.6197482293899775
993,0.5179327820481364,1.1509466885221693,0.7626832297094055,0.4833724041724201,0.4477015917363055,0.6867308703341886,2.8078683396915345,0.7069284161229181
994,0.8416529631578481,0.6204169913085325,0.7074142312430916,0.969066468333878,0.6575019528688084,0.6584066470789576,2.548662864231386,0.6115772341826934
995,0.9434949395443379,0.44659957706980546,0.8899030773257806,1.0922365046330025,0.3834681576235394,0.5775377956281489,2.3637925726604023,0.6521135962100274
996,0.9669418809426563,1.1214270581216736,0.6610919823934648,0.8423935933662533,0.583486053968246,1.130422036234373,2.5583163892184357,1.1534554539233532
997,0.8187468653817591,0.9961348279650697,0.8980903139374254,0.8627490741302037,0.5997053062046735,0.9970839125120847,2.441437288183315,1.0450163615792682
998,0.9005500046006261,0.37382738640660435,0.8266495180848105,0.8445713415131393,0.7707211990982612,0.6928719399919698,2.5832400818948975,0.5212735271276492
999,0.8924079319717331,0.2467543398831914,0.9420222742838754,1.062409496772047,0.6852865292686815,0.705535863783753,2.4908602638031794,0.6468340997884848
1000,0.9088764686533055,0.316051067164512,0.8297972765841888,0.7538892349497532,0.761158848318684,0.7032991763795821,2.6383281765716715,0.5385258149915372
1001,0.8868158779715453,0.2402882067351836,0.7061532600969498,0.8318253343873007,0.8846564142378602,0.8515454849497532,2.7250309680783356,0.9047820917367385
1002,0.7807401945610869,0.7037428920302659,0.5927599100840001,0.8896719020313878,1.016997648038107,0.8214305808084098,2.6900264514309504,0.5845110928227935
1003,0.6155360465549226,0.7647831558023682,0.6322971639179997,1.076452971274346,0.6922808248648878,0.8988383425353081,2.801433419989294,0.8444105898831911
1004,0.7128325319846838,0.4077007179505645,0.7876792137967037,0.876524030865821,0.360857952900751,0.7202339744051716,2.2765766633430298,0.9248977294538631
1005,0.6706884358696191,0.600969940247512,0.8861524714336262,0.8966989583651317,0.17179989193443773,0.7519246255425945,2.3583530982547987,0.8956984055463926
1006,0.7910476846877359,1.0016747427140147,0.6307074663849354,0.23501772859097525,0.9179550473215495,0.720108945359656,2.980535510767748,0.6947614413335667
1007,0.9549311486445868,1.1026797345664399,0.7514587147234777,0.367849534508597,0.8829958699193659,0.8828386059236639,3.046048974085744,0.7787648743926541
1008,0.690846771439669,0.7654389886883578,0.7890300897873632,1.0932480160715494,0.8903907601923456,0.6391718885156943,2.6351159481719204,0.8860800047603405
1009,0.7089203282206121,0.5082008366237286,0.9315700260731045,1.1057260312180572,0.717486810582567,0.6174216371412883,2.5841283594382367,0.9300090758559793
1010,0.5902628769485098,0.8131394162191788,0.7429000538719847,0.748211785243714,0.9385281033678086,0.8277971198550471,2.838786300932815,0.830240569113888
1011,0.5078733070036763,0.879203412416256,0.9582991964146347,0.6650333565944625,0.9723971736316362,0.8476733376463306,2.949391481754176,1.0947853264948353
1012,0.3366436769869275,1.2208608847127709,0.9514581513925322,0.5124076640781468,1.3908722414363035,1.1761757156502513,2.6528437635156945,0.7871151535016218
1013,0.22573340957248217,1.3197484397049182,0.8397850586012483,0.4896030281498178,0.9473580685704275,1.0517560173496936,2.708593046459095,0.8301036325402283
1014,0.3964975518910996,0.9120492389758432,0.6362916988746617,0.3363036414552956,1.1171698865663175,1.0716816604038606,2.861836558409592,0.8348059643716739
1015,0.26754715941276846,0.7624025565560445,0.6565754866112112,0.3180879679825071,1.0446005470025548,1.0479686673686859,2.6646522430977617,1.3126763946508735
1016,0.7798287003448954,0.49471930681158677,0.6482632209540515,0.7101445552779001,0.7937106495713607,0.8266367643146966,2.4328028482867405,0.5358104629981342
1017,0.8174192060639524,0.47519911809776083,0.7133891938902887,0.7388839221303257,0.5864498441648228,0.8952154796770291,2.4273812351733532,0.9452938650618979
1018,0.8642180038978851,0.6463805196184977,0.6849670690176264,1.261334819848572,0.911329359310465,0.7147181225710497,2.659633515528522,0.9114973340674398
1019,0.9658503291788948,0.6973075492070394,0.7871073319911591,1.237474106882381,0.8167590393017462,0.7374318321504398,2.6845553404585942,1.0079359091576592
1020,1.0602399206605249,0.5200049823295797,0.8861896386434648,0.828417405419055,0.5161859957818208,0.6377397028368651,2.9187231554829407,0.9119073701425324
1021,0.9395574760985715,0.3918159706026816,0.9306688194972016,0.8396590080513129,0.4749724519420345,0.7555963878764055,2.896270462614388,0.8988274565115841
1022,0.9849548785784574,0.8921274340808238,0.9041429233760946,0.9086926756129546,0.5326541093424078,0.6455047479867383,2.354705574098261,0.7782548210952063
1023,0.9853086893846241,0.8805130351793953,1.1050780198425298,0.9274709647554205,0.7060709289043602,0.7559080992130814,2.4862000314412245,1.2375874762582857
1024,0.857468133083256,0.963212025593529,0.48234387768362663,1.084799339628082,1.1282245590488806,1.2014499067610847,2.5895372187815098,0.481884766870552
1025,0.8956946700536118,0.9060194230890418,0.4522566993538029,1.0475101549390469,0.8780835364575394,0.9800326805973277,2.610916469037052,0.707922416794149
1026,0.9191650759833183,0.8228884492899174,0.9770060403882338,0.9159764147813209,0.5843921928038008,0.8805795480886089,3.0028258321184973,0.858058051443467
1027,0.8812712788214825,0.6369709236959548,0.971452846081823,0.9125373449633924,0.5130440157840646,0.8339449895188705,2.9087795159442105,1.056018471689602
1028,0.7243059082947707,1.2811545645123945,0.731603247475221,0.5390812075341865,0.6856384723284573,1.0761725459795195,2.8799931173626434,0.45929650945766154
1029,0.8267719057380495,1.0677589937370495,0.6857325357867408,0.6388302330962061,0.716503097551624,1.1464847981209847,2.9041882626212954,0.7128417981205522
1030,0.8401250941328804,0.9890658474242858,0.6881907818245369,0.6809805308338777,0.5297071589336271,0.5785891156688107,3.006482374552367,0.24846948958275636
1031,0.9251063590549224,1.0556201678802035,0.6085994934491316,0.7667194410145717,0.44438075095785007,0.6470439261564154,2.9771239189028056,0.4182823290830669
1032,0.7118408221808276,0.4990936859019947,0.9207703439412239,0.7606116278113982,1.1957537495208586,0.8364820791150096,2.6642120150813233,0.9854406936986314
1033,1.0242261834419675,0.4207900729798302,1.0619579596109001,0.9589271282266539,1.1856422078212385,0.8777876434042384,2.6848095571633905,1.100203451973977
1034,0.9325336595405398,0.7748917055848107,0.5067807337354947,0.5612575611255947,0.7686635477372389,0.9549102228391091,2.556477231977775,0.9092990106399775
1035,1.0446138991561043,0.6418264335054197,0.5044547398702407,0.6006293063324452,0.8066453819972013,0.9816494329623926,2.581339096146141,0.8316785332943377
1036,0.7689951633749722,0.7820021872116489,0.7809270521146987,0.44591415062590545,0.8720557635795795,0.6235388917427811,2.8143726615538007,0.6377497426186196
1037,0.6185460222386712,0.7352250888290793,0.9359571589336267,0.6614299749162558,0.8514606876273383,0.6331839968359324,2.701267806204674,0.7573977795237904
1038,0.9992575746412883,0.7879410041534278,0.900184286266316,0.8730996852307636,0.9338443038080988,0.6175822135087855,2.816858633403117,0.8275412832623951
1039,0.8111203766934006,0.9613839296390444,1.0029874299904153,0.9380872769679349,0.5349439575022438,0.5954848787381716,2.864551064161025,1.1246092698425298
1040,0.8328723205517459,1.0629973721234172,0.6759110360427163,0.8496086013541142,0.6418547577003755,0.8189380568115864,2.868799991084933,0.7525100347641389
1041,0.9360820127166916,1.1273169755879204,0.7990608175158826,1.105170215554423,0.5761090975835669,0.7940695678996293,2.8076798622500667,0.8159173703665643
1042,0.7312925576429649,0.7440755567161916,0.4022444037571637,0.6600971354802638,0.5624458177399158,0.8297933658289576,2.6645723780349972,0.6402534004977012
1043,0.7643749874736665,0.6629260321120222,0.567284910882569,0.7829594437940269,0.5779170413784596,0.91145625610237,2.6951987800991946,0.7885245456285822
1044,0.6748603869815744,1.1327096661229175,0.9708526400813231,0.9482528982612733,1.1176911764123902,0.7916078342275871,2.6762013984529296,0.4798018558278355
1045,0.6625336094706118,0.9695672554954576,1.01616957911501,1.0192549107228563,1.1447772946694328,0.9311277550478257,2.648820481243092,0.6712422085244127
1046,0.8626305972321959,0.665593083013328,0.936631276232818,0.4671892976414102,0.6763516871801393,1.0858822962354946,2.7421694634453333,0.704625814192967
1047,0.8445335759198653,0.6237783116686215,0.8443337893336887,0.5684146513605888,0.3994564098280241,1.160431640368808,2.692093121069306,0.751925647047015
1048,0.6990134327707359,0.7995080208008132,0.6189778303612111,0.8358442827836859,0.8798077044344377,0.822141442196455,2.590399813522169,0.6737981809171891
1049,0.7872845728840027,0.5940611129532409,0.675987238208783,0.9273761276512505,0.7163108846173757,0.8984387693629551,2.6578469206600914,0.7983470668770271
1050,0.6584442374097813,0.8012956371736644,0.8625617934556068,0.4864390282460793,0.9881096123463277,0.6343139125764027,2.6168006805977613,0.7483996643017458
1051,0.7829834341127658,0.6014561784886716,0.9243236293770273,0.6200217520123956,0.9189777953087214,0.7648587595849996,2.575475635128461,0.9849329312685595
1052,0.6316542600645747,0.7400541421899797,0.7806851660590323,0.4702631448420966,1.0508548107737907,0.8701695746097786,2.394865156505109,0.7785445851219848
1053,0.5745056247759674,0.5929765364579723,0.5467290451490073,0.5069755880620197,0.8560685328795149,0.8473456327638283,2.4864478712609626,0.9000643647429029
1054,0.6199299794214875,0.938884380303801,0.7727660966891688,0.3312389036613354,0.8005375687940273,0.9129108122120815,2.803453481019493,0.7999116799908481
1055,0.6774824491625797,0.8452567679570397,0.6709785504212984,0.3653709610487582,0.5772866434366142,0.913136704721923,2.7130906594447115,0.719005486067751
1056,0.9206071261814501,0.6454536302399153,0.5292942336077238,0.4050075611255941,0.8762490636179975,0.9326235643850572,2.7811789779521194,1.0346349601539278
1057,0.8771627761054801,0.592538176187925,0.7728330327193678,0.3649089609848727,0.8713403930528681,0.911534501277278,2.8330704872500667,1.0801325551186187
1058,0.754446495238793,0.8982880575147606,0.49205447418157194,0.6879443866302037,0.6354336132726685,0.5996929755555448,2.4990093117005645,0.4247123165256563
1059,0.6809973706216736,0.895077872123851,0.5077780467785222,0.7914111121546712,0.3452924905414723,0.713232353015572,2.5519360748972644,0.5327165362339399
1060,0.8357063247056067,0.8895991874995675,1.033926317037174,0.7831592303802033,0.9220325118542361,0.8240420048242261,2.550828106466691,0.6791429934810747
1061,0.6912687150429047,0.8096518700467039,0.9932579506958332,0.9740476055722934,0.8408587490727928,1.0932377284312609,2.6324702461970766,0.6698824895188704
1062,0.8408402893971413,0.5559642894295175,0.7734516983955197,0.48565221255050256,0.8648048577448355,0.796799293551002,2.6851327529072258,0.6293952022295195
1063,0.9376462027095273,0.5177375046006266,0.7300610047922835,0.5313132731335025,0.8772866083841241,0.890734458620674,2.5243171823869908,0.8262263051186196
1064,1.046844632796204,0.943516886854236,0.7051299137263427,0.9032357630361189,0.9280228696638236,0.9716754262198678,2.7619278027220453,0.8035134417811992
1065,0.9067910914807635,0.767138144842097,0.9578758081859923,1.1395819245907859,0.7492803681931564,1.3463751992903505,2.8961445873269027,0.7823725899470768
1066,0.6955363495009992,0.884022353399318,0.744256460505731,0.9052761514883604,0.8404078102950818,0.21260731045436276,2.7689575730441485,0.9283214767054847
1067,0.6500676771146994,0.878456405322793,0.8572223362723578,0.9149799479802633,0.5248479862274648,0.3428673256958328,2.8128556785525562,0.882614158039229
1068,0.6768334162826315,0.9851146087039853,0.971353004121918,0.5503194977946492,0.9611607511175644,0.9428910706471416,2.390972258658659,0.9564434472447135
1069,0.5897979876338134,0.7397278819328825,0.7825613152470794,0.40624284946905687,0.7758743971113332,0.8058478555403509,2.448862122539107,1.1784259304704228
1070,0.8568841684871167,0.8586748493732286,0.6763738823485721,0.6162241143910993,0.7098065627551091,0.44003733745467377,2.812817066717313,0.9550258104863053
1071,0.8824441402734132,0.8221905169344372,0.5839653169409125,0.6538985711906012,0.7327042406373006,0.5823140387582857,2.922690810870052,0.8361048763735395
1072,0.6961574813069774,1.0418858659886712,0.357085574961149,1.0043052247889175,1.0722504776961441,0.6636720177010642,2.797853007125405,0.77282461282547
1073,0.7704372135731041,1.0378453208072884,0.548651379824226,1.1109912265777135,0.8545258670755919,0.6760260253064776,2.7701659818180615,0.9928723280604649
1074,0.6730197851155093,0.3591740166469525,1.0913550270957064,1.0235775736830048,0.6292288473604001,0.3341125411548602,2.683546367745957,0.8991373001018705
1075,0.7251808336845595,0.2803336461202409,0.9463334528368657,0.7582946522234774,0.48054333227821167,0.39086960004402693,2.8170863210632637,1.0511463699508756
1076,0.7469243576490074,0.8401324925223576,0.3885209878893553,0.858020461112644,0.9696118210947731,0.824309748945022,2.7311238092401044,0.8434648177079723
1077,0.6418362980247239,0.8400795070291442,0.3493702029326938,0.8407675748653206,0.7143647348858677,0.8478349355182487,2.6717425725650075,0.9937135738746614
1078,0.8074009842470121,0.9842730123648881,0.6926795517952709,1.3302395476094677,0.6362986741431541,0.6656491330198031,2.5900909914363033,0.587729274986617
1079,0.7342487741876145,0.7889226741755301,0.7885036198231045,1.1588325014374252,0.44934895916370143,0.8212585200337532,2.7216154654581612,0.7997544159951467
1080,0.5969168891545494,1.031242849469057,0.7296798912955822,0.684562315727087,0.9647616666659452,0.6762833065245349,2.616986093525967,0.6238243218933426
1081,0.6531649162506885,0.8264314470854327,0.6760447328406641,0.8805284303417853,0.9119011685199252,0.6450766753569795,2.7813171838887323,0.7729773676825049
1082,0.838759844484251,0.8282689844382363,0.7226441672094053,0.6324027117834424,0.8360970548630767,0.7583012043709849,2.914090648932505,0.7705626657396043
1083,0.7883395558213606,0.6165468870139503,0.6847559732867414,0.7702891431171868,0.6551313934042383,0.8908363435894199,2.7454322112084726,0.9222152833901663
1084,0.8829014559361811,0.9058040660780247,0.607175304543216,0.5913098631129549,0.5696113278688082,1.1109651206540496,2.7514394088058554,0.5263436203022461
1085,0.9349816179380471,0.8611852346622685,0.81910025306694,0.7937800517313854,0.46636693462385054,1.1800674167298304,2.7212021170112735,0.5743717527155693
1086,0.6803351608506266,0.889682364934127,0.5606290309301389,0.8085617629083477,0.7303088446120225,0.8767139529326935,2.707658583428585,0.7079390813194945
1087,0.6617433061407884,0.8749240456924678,0.556925879888112,0.6230883760860543,0.6212641908868011,0.8338240464910367,2.59754601773344,0.7322680986385447
1088,0.6926479152285199,0.9714550643531144,0.7732662854673132,1.0314465468104645,1.0894546397303855,0.9129726407201788,2.4620923248972635,0.5295340766545495
1089,0.8212728936917236,0.7218707036673779,0.995902208045271,0.8987709833841242,1.0662761134323828,0.7894009156437758,2.3465743874930918,0.7867552136689324
1090,0.9788826126972658,0.549789117075159,0.9454149833521817,0.7816293183463952,1.1718992381772733,0.908788782080079,2.603702730412146,0.7899154780798904
1091,0.8013547516934005,0.40813048306426297,0.7994747643462062,1.2159036651970099,0.9939876948805144,0.7913599944078481,2.7270011081285817,1.0559156378125198
1092,0.5630382022299529,0.5271234607293306,0.8220289190625195,0.7942956356719202,1.3897872418200496,0.7606254030859325,2.601552460218245,0.542992389793838
1093,0.5055234980821343,0.515012535946455,0.9889071388031787,0.9111404587480121,1.0155825500056095,0.8272642730057306,2.7599824992325077,0.7411477369625818
1094,0.9288271961267162,0.6501668480950846,0.776630247219679,0.6908730526257831,1.085335921970179,0.8252867345660073,2.7411929009453333,0.6113799137263426
1095,1.008834051220301,0.7314490479927809,0.7997340885731041,0.7419117591062907,1.0521161324448332,0.90834277556202,2.796995767765383,0.5412464497694924
1096,0.7676407997500667,0.9658885178931537,0.5742165317287087,1.0772225966572262,1.2154795033224821,0.7776483108057329,2.5896844429954577,0.873181170181383
1097,0.8810565201939005,1.0249204529007507,0.4410902773831916,0.9255213273896665,0.9528671203985074,0.8215843571698658,2.647371455776468,1.0116619263476392
1098,0.6361360547668156,1.2018468385411616,0.6375399162506887,0.660315629600627,1.1592815724687455,1.3075272826554822,2.826016055629703,0.8512510365218583
1099,0.5563895454045497,1.0376584632536756,0.7369862487533655,0.629228248976965,1.1222530840359304,1.1997846780414723,2.7226382134453333,0.8726272222641392
1100,1.1655216378444624,0.9185063538465175,0.5375408325976392,0.6584939105311989,1.0306652617579743,0.7542769005939626,2.5511820925353077,1.1658423674584726
1101,1.0539680434556067,0.7560435911613355,0.6292134521980101,0.8822679934810745,0.7938079528053558,0.7186738704300174,2.613868950088921,1.261549578476154
1102,0.8158280639054826,0.8255600093298907,0.8030083207434029,0.8243643543260919,0.8663682740917855,0.8841106383559804,2.5946822447592193,0.8380039943759053
1103,0.6616511104288954,0.9067350414742885,0.8756129597706146,0.9883509000185596,0.9003117814416567,0.9141539220660071,2.582864323778834,1.0209914093488828
1104,0.6307505873588457,0.9422177269938354,0.6395103041594694,0.7430294167937165,1.1636964311407882,0.496493147909903,2.47703912158039,1.10170232582447
1105,0.6471786444587835,0.7840668138411641,0.6866879246227284,0.6724380387906614,1.0907225861450196,0.5001072403493828,2.4918676166279594,1.194359402031388
1106,0.8675807688833802,0.752467512173664,0.39306971862179607,0.9046972944143231,0.8042828193055451,0.9452790682829426,2.7300907736126434,0.5659539391929674
1107,0.9180802516295146,0.853508897590042,0.6711668526003155,0.9012251434042385,0.4852487286229175,0.754418594164823,2.7119629619755323,0.785293857553179
1108,0.5611994681102783,0.8016015700087187,0.6587010955068529,0.8507254127995694,0.9866248642952706,0.7307718661803277,2.6028715243797045,0.5788371307509996
1109,0.4872673450277111,0.873821855763517,0.7041529281053582,0.9719121321573482,0.9328668950661291,0.9971048383175618,2.535054860748323,0.8750920204494427
1110,0.8492416862529325,0.6403605682509996,0.7897095624671913,0.6980812606076018,0.6131352951490072,0.9324141611381115,2.6967765701041144,0.6954848086331914
1111,0.9188724227057283,0.6319868972067287,0.9356246970539227,0.7132082901007486,0.49295670226189553,0.764149094963826,2.7183494053232264,0.7614949730950844
1112,0.9747950357867412,0.8855391611381114,0.8499859793580345,0.8014910898836244,1.053529260064574,0.9857914399915372,2.78923191938238,0.6095343796006265
1113,1.0523093668835022,0.7932149699318826,0.9906188008684973,0.9773017581790844,0.9879198655419054,0.9424684560643855,2.7762703073869894,0.5530465094576614
1114,1.0179576186088457,0.9278715594321936,0.8616035153688079,0.8754907473798257,0.6653130082434029,1.1117868852881738,2.7245903169409127,0.6803074350391068
1115,0.877285586879704,0.8149525401322584,0.9334989128958308,0.9263732839651365,0.7483124008495049,1.087801741659903,2.8796050285974504,0.781315739263328
1116,0.6435093482547982,1.0152215160724156,0.8096255888605892,0.8511660639369922,0.9682714080068529,0.8267357600326316,2.9049217422987583,0.746794994727276
1117,0.6936957476349348,0.981074136118686,0.7647488778433403,0.9760454714340603,0.8090719914682458,0.8500701782970148,2.896230406153738,0.7168973153433406
1118,0.6847898281247834,1.0606487599687457,0.9997895752486339,0.4222337430658182,1.0920981234339378,1.0133969803482608,2.6322164526132656,0.6231150803931541
1119,0.9035649125440273,0.9962779661613357,1.1788436127935271,0.7155310441902906,0.988512074769492,0.9388174442736019,2.5850459826809504,0.8165091564731665
1120,1.0130117808338779,0.7988794906053581,0.6414740673246592,0.9462556307829423,0.5377783847770892,0.6132001881703657,2.724229953987239,1.0922964653947087
1121,1.0886678240348087,0.5648172234464549,0.6889104862274648,1.1871131805977615,0.5954620851863033,0.6321926375569769,2.66764682361912,1.0169274722321964
1122,0.8589306859658803,0.5417842288784601,1.2119740232617064,0.7689152983122087,0.9476446954878601,0.7951377277280868,2.6389160519230423,1.054546477408659
1123,0.9753204842465792,0.3810222422348728,1.222154266071549,0.7393722033803255,0.5186432203151962,0.8720220840039873,2.637894923823727,1.3125821559301392
1124,0.31753130607690316,0.9128107949897265,0.9155563389244745,0.6467792465488806,1.125667565151684,0.8114647461012484,2.529970393915756,0.8875388947462679
1125,0.3394345601668779,0.7423764731585369,0.8678764140781469,0.7805601370135169,0.9755114278178727,0.8254637276003157,2.573972602664201,0.7022400348284573
1126,0.7549083200402286,1.086653118385246,0.8040602391674998,0.7542202522040516,0.6127455864959577,0.7687615219507531,2.622955948651062,0.8386502106011264
1127,0.82781949028593,0.8879756351284598,0.9519965288849348,0.8775870105760917,0.7589198700471366,0.8246594011374224,2.673477451303179,0.9702951319337492
1128,0.608367471912768,0.6260917996222958,0.9620151012267759,0.6794393096553601,0.8557098624097808,0.8099908840739148,2.4446782638990077,0.79192592244932
1129,0.6412474011689328,0.48175293781899486,0.9348713856714866,0.6963841474627038,0.8597353629536738,0.8306534944397908,2.483822073587176,1.166679877779888
1130,1.1123363240667516,0.7180453402345623,0.6427366583586566,0.5317876038465175,0.294675304543216,0.8783586789678131,2.5526220997245996,0.7881736240732264
1131,1.003067718174164,0.6917689038210494,0.7260867972576637,0.4681886536932781,0.1926785302908507,1.0619084617519325,2.587490876565196,1.1198987659757214
1132,0.7819937673177508,0.8103504007856195,0.6212763462734798,0.2953598847451467,1.31874908365305,0.7864607652410369,2.5022280922478224,1.1316262863945201
1133,0.6466166271725424,0.8087629941199304,0.6259328431426542,0.41204966209682814,0.9579475012133927,0.8256803539742881,2.511622293007975,1.2012444142693706
1134,0.9495551226349352,0.7998264595474476,0.6848378813583458,0.6221916786488185,1.2524714229288956,1.0367855808727289,2.509620093269993,0.8081428838183728
1135,0.9506125717021191,0.7943281184806417,0.8618454014244749,0.7613758978136411,1.177134416858035,1.019052059623418,2.4987943052144477,0.9587254738940869
1136,0.6624642073105869,1.1336455737788331,1.0021486503060448,0.879279965107224,1.036284793711149,0.6796902139883604,2.602224534508597,0.4821266529262187
1137,0.7677939777280871,0.9417664376912238,1.0597382872569745,0.7999000203212382,0.768471757923975,0.6541940411229176,2.6526330909057934,0.5406778803357432
1138,1.1296263775239135,0.6387901766355573,0.4371899811472636,0.6374140409632038,0.7583778296580368,0.7744182211137657,2.601105256933316,0.5902633000694945
1139,1.144067031664823,0.6701976884897931,0.46113651294029123,0.5543754381384227,0.5826864845025548,0.9607192537381715,2.723861594260651,0.8322160645447707
1140,0.936387099309776,0.9370427569333155,1.1107030824387911,0.6779101712674379,0.9537211199828183,0.5109740337739133,2.733758625191223,0.7203290593678757
1141,0.8667920854414126,0.7905994598983853,0.924300660562708,0.5322292764883605,0.9609824887203009,0.4982522648253479,2.809461524858845,0.7678313202003755
1142,0.524607720059654,0.925197533262395,0.3366913070995049,1.0172422480821341,0.8764769991366792,0.6135373344511864,2.6863641304954586,0.6898326186088459
1143,0.5815635440305769,0.7483401266610248,0.5278649371797062,1.219216333940102,0.8094179807639502,0.508681719484251,2.6566641946888585,0.6944844310769026
1144,0.8727497851798284,1.0204719146531165,0.9367016998972637,0.6569571984913485,0.49965919082248245,0.752186240636868,2.460776149986617,1.0040978645508134
1145,0.7841129993283359,0.9917604488746613,0.9848466893207386,0.6792054203726064,0.4105377866176867,0.8128572984404129,2.54673499891308,1.0996200857612735
1146,1.142969103016005,1.203016212358846,0.4505743829878603,1.0458684934171887,1.1947209617519325,0.5930209267948381,2.7167823260795796,0.7686651676250944
1147,1.2898380791469524,1.1494713818694304,0.48898189634384037,0.7983302270892313,0.9050005858571015,0.5239935635221693,2.6040963498204266,1.0578582999097808
1148,0.7327042406373008,0.39537520980255686,0.38621736445498467,0.6370522333841242,0.6909484085498798,0.8067172502870519,2.500720973765882,0.8085048666599027
1149,0.6278734622310744,0.4489294816902911,0.4615063172922834,0.6582994793256584,0.6740045196508725,0.8833501038465175,2.49893906329857,1.0084110861126439
1150,0.55453516826395,0.717720101481885,0.8074157810259672,0.746797883978087,0.9614915205133283,0.7434766200786463,2.476733364007786,0.6116901804376143
1151,0.5767645073485721,0.6867517961396666,0.9018581827383605,0.8805082781821941,0.9826204648193058,0.6564535220789571,2.577269628386368,0.8015465415066643
1152,0.6339088087609628,1.1023578081855594,0.6964607727497556,0.8512068940435272,1.0445311448425294,0.5650233869176889,2.4882601489320724,0.3729772975775249
1153,0.5458387245968279,1.0289383797927165,0.7125727846368008,0.9016688590549226,0.7485820127166917,0.39706467669944295,2.7346514118732284,0.5965316896401665
1154,0.8017288899216093,1.0149501090549227,1.1598601816842486,1.091797298120985,0.5671789398961418,0.7745596668260916,2.6392679949828186,0.5142452014309498
1155,0.8689158265906639,1.0306013902410371,1.107739364838298,0.9625681002356832,0.31027095884384037,0.6502991002676268,2.7418859010411616,0.8654904594511864
1156,1.0855615666214853,0.9744028610038653,0.42437474712385026,0.8393131940180595,0.6121845907141366,0.4225195963373656,2.8264308487019973,0.5972123590868654
1157,1.0819557188134525,0.6502491792876735,0.5733742644100916,0.751168600171798,0.3547714886240397,0.3654820395572883,2.841414141615443,0.7030747284951466
1158,0.9613032183343104,1.0387986666344353,0.5164223511944007,0.9377332908993183,0.8482603667557312,1.2700688538465172,2.4819215109594053,0.6554660735552331
1159,0.8416151975645746,0.6367457021656342,0.6680776102372387,0.9560489815944626,0.7697996651003159,1.1662618449318831,2.443723473446455,0.7722431143591566
1160,1.0078053494690569,1.0018999642443354,0.6525655564921593,0.822408763196266,0.8479538355372402,0.53819870849247,2.616061495014761,0.41938187761974133
1161,0.9047166003319452,0.8398731682954598,0.6998010947082838,0.9588016760601541,0.7900285995972611,0.5485061986191192,2.527675190375283,0.6101520237723581
1162,0.9546139066648228,1.0595184211072908,0.8403874828730395,0.66833327156744,1.1019321290895425,0.8699925815754698,2.6425366965100294,1.005265793743092
1163,0.8452850921519953,0.921296390784498,1.0356903662122714,0.7722650616690546,1.0932412160655076,0.8875914571184973,2.796384077357724,1.0806237256194298
1164,0.3532080722770894,0.6658487443435294,0.7054986965739152,0.7949077492005641,0.8782344235681843,0.25143778891799956,2.4605069612404153,0.8835032818245373
1165,0.32219749220293054,0.7054428218298905,0.831206245590164,0.7808155504851839,0.8062591609783978,0.2409573917747238,2.645200259777089,0.8660442321059802
1166,0.48119669903437523,0.6052657236381115,0.7367669809871166,0.48421611611644255,0.6168963639439001,0.6518955252106491,2.950106852280888,0.6724308882597183
1167,0.5490455976159424,0.6550352869371143,0.8722368426315699,0.43363567420703975,0.447256431460216,0.7444178831151985,3.0650414234723558,0.6777481502745346
1168,0.8746573230760919,0.47182222731283074,0.8538678159183105,0.5923825320800792,1.061276867043216,0.8868505790515574,2.8885749948869903,0.5817027714716114
1169,0.9904091497630174,0.5633008388286467,0.8429477891420317,0.48274591698580566,0.8093227205387958,0.8557246591887356,2.818824687435681,0.8697418525049208
1170,0.8585260052714251,0.8204402430338755,0.514101464851249,0.6558299241431539,0.7210142379532414,0.6500771185130169,2.6023801786164418,0.6346340438069775
1171,0.9015540450536117,0.7588591356395447,0.44622237432833545,0.60846808751856,0.6540383970150715,0.8317980316967658,2.612014996069305,0.7096211498269025
1172,0.8366535415062312,0.9865614158993182,0.7682282519804527,1.0159545726288934,0.9658641044534304,0.657154095826714,2.757188128418311,0.8445592587225446
1173,0.665483624392654,0.7172819164742883,0.8453415652794547,1.1082157385601539,0.818965111643587,0.6738218207110269,2.9369174800292654,0.9410050569397909
1174,0.7401705760791463,1.0181005089465769,0.49886208748661653,0.7042192657521213,0.5751117845405391,0.5962764514309502,2.512582614103614,0.463633546075781
1175,1.0009621888420301,0.9030290011814504,0.4861306292811987,0.7097714385541118,0.42608496456376393,0.6472147901642014,2.556605150274102,0.6315526229543628
1176,0.8204630365857437,0.7378120994051712,0.8421030556935895,0.7767649655220469,1.0151562725261565,0.7847599891994422,2.4363943224368025,0.7299421047732905
1177,0.8392193784183105,0.7000879694842507,0.7499476854863056,0.8386573611320693,1.0408103077707362,0.7168605712544873,2.6126396155095297,0.8019564023193057
1178,0.5082550188838131,0.711130734438669,0.4674882552079723,0.8589826499546737,0.666000054575159,0.6721395043450842,2.57055072315897,0.9182991688708626
1179,0.5317028065241016,0.6908769633810143,0.5346230526257832,0.7598194567351838,0.596862882156915,0.7387554054505642,2.6420672980566673,0.9758935628189949
1180,0.6360810262647613,0.6734967572208008,0.7583722990149502,0.6416038533673754,0.9881077445999378,0.8789210467789549,2.7703946909826294,0.31224994190896976
1181,0.5846494740218579,0.6545796637582862,0.874915202677584,0.6608326581665668,0.7388876576231068,0.8062094878569799,2.728987737441723,0.4658191157331295
1182,1.037194843301935,0.5469639559361811,0.41250570839664175,0.5430874747565425,0.37901162260299204,1.17422037237896,2.4501846743348117,0.49531679882372615
1183,1.0469329177528652,0.47753437809888244,0.32196053840691524,0.51908591446146,0.23876135921463673,0.9011421412321293,2.4538287108571017,0.7425873210308875
1184,1.0149110740986944,0.7097866584540519,0.9707594228650098,0.8104333303616444,0.975049252491537,0.5111960155285222,2.6526612398382983,0.5931498665955846
1185,0.956007305245957,0.5793769528688084,0.9279890148257811,0.8996997405090967,0.7188173591511842,0.5123996673052336,2.64283174332136,0.8687712437689926
1186,0.5542694671519947,1.052127266327092,0.5636086394100918,0.5766604041085345,0.6831568343553581,0.6593743665640739,2.5349195440625203,0.8261076529581617
1187,0.5476197888221712,0.7720950439032387,0.5134094862598404,0.5772681837609623,0.6497073141610247,0.724886209994214,2.353114431939792,0.8564426711077235
1188,0.7142567208905993,0.878146561732507,0.8139729131189971,0.6488229473729176,0.7813341989389799,0.6130371456730418,2.5302533579364925,0.32306153156899475
1189,0.7933928092081612,0.8181390857293305,0.8911385409316938,0.6987292719831291,0.6506723922538655,0.6187998158224829,2.60567924734745,0.4822471728330666
1190,1.0211743561472633,0.6989009096368007,0.7805418526003159,0.8885423368158183,0.8977303741047364,0.9228881313264029,2.5702320365538003,0.799125287416256
1191,0.8803867367709249,0.6674895596234177,0.7860394200212361,0.7303673607483229,0.8122172838377979,0.7511745539358701,2.4208272401896687,0.9013006745907859
1192,0.9252917719831292,0.4325798450277111,0.5457469520059203,0.6377540764948356,0.7619417532590298,0.2850836080642635,2.6112053868218603,1.013618538981885
1193,0.9750270573231046,0.5035812591058583,0.5223313993158183,0.5644603481270268,0.6494266410076638,0.22706047050685285,2.57069157048786,1.0790662630365524
1194,0.6752455864959577,0.9268177732617066,0.6954425339012507,0.6092816075212366,0.9188252157141368,0.6850405571953327,2.525384919094462,0.5389066806297039
1195,0.7411265632985699,0.8255731862209899,0.8406065753768382,0.5428876881703657,0.9708431986830054,0.6795692709605273,2.4989384649151343,0.6983812396785839
1196,0.5542575596238505,1.119716840681761,0.7646328670751591,0.6112550599432782,1.144128787576836,0.8191448186662557,2.733732767126095,0.8272092445036764
1197,0.653598168998634,0.9956574327387935,0.8667425875824453,0.719401148484873,1.1419373367514993,0.888586479294149,2.781299920979953,1.012353058697077
1198,0.6823365143466391,0.5885883820930295,0.8779502627805764,0.45298499891307903,0.5896686247120819,0.7087669749801413,2.7548787264823194,0.598513737218557
1199,0.7045042727816986,0.733913247794649,0.875753807099505,0.3322873344511862,0.5088492711202411,0.6422438679699896,2.7826302942861196,0.7271555554695563
1200,0.9511696567287086,1.1274130820550443,0.6635547375699274,1.0479466474627037,0.48777595369975346,0.6772672674140121,2.568590199769492,0.6987972295177487
1201,0.813806558249878,0.8961439889434671,0.6855307061917233,1.1807887410206142,0.5695121568884232,0.7395286937301414,2.577911087614387,1.074173410754798
1202,0.48165929748169634,0.8135677367074725,0.744764470794338,0.645042149539418,0.774953110971923,0.8847867986640121,2.333350138899007,0.42954605428767395
1203,0.5175867927524327,0.8035514552330068,0.8202191075212356,0.6321975698166289,0.6387035115667514,0.7094133664678132,2.282180201750378,0.6697724325147607
1204,0.8199380112468903,0.8171728108696188,0.7371850138351215,1.111092017445955,0.8632759672154473,0.7033671339142014,2.957896558729019,0.9774142813130196
1205,1.0926428778113975,0.8323552919858059,0.8785391596363679,1.0055483346428429,0.8660136170436488,0.603463908869741,2.9981374508240366,1.2152671382286417
1206,0.5885046062750343,0.5646496718104649,0.6982693149280846,0.7136444320995049,0.7349894043960195,0.8860750725006888,2.671369105316318,0.6019360398447735
1207,0.8376762894934027,0.5309484010411614,0.7049087782137032,0.6747365547029299,0.5921457535465148,0.9888496441712982,2.607598692771858,0.658123084674786
1208,0.6993976107806986,1.0611402809944575,0.9394310024276515,1.050998722615943,0.8411731018017459,0.4127693664997565,2.9669449454559174,0.47283740164807453
1209,0.667019139665634,0.888822659444278,1.0526212534826291,1.06435624488699,0.6895332379212982,0.45137744008779856,2.9680919488427193,0.5064025094896043
1210,0.7017577073425296,0.8351891208772165,0.8339335051117112,0.9859119598983848,1.171977308089731,0.5714737017823208,2.563795672226155,0.7190719989769649
1211,0.5707033027535544,0.6256577006323804,1.072897044446266,1.0402288093044227,1.164757966225654,0.7002813791853701,2.6535996136240407,0.7576030967530546
1212,0.8531222534502533,0.9242353444203653,0.6727928711012483,0.9506366346169427,0.7196881985232906,0.7302936247120817,2.696174919478209,0.8930265976478851
1213,0.836588225363888,0.7558259432829423,0.9390622195800794,1.1825383439416566,0.5264290160080969,0.5751672361635791,2.682361175644898,0.7179402154901037
1214,0.7453301509772765,0.67740096421196,0.5942206678163182,1.2943767700976387,0.8653941777216114,0.9628105846747859,2.754890035627027,0.7982557174071043
1215,0.7683403519934026,0.41893671734365173,0.6973278766290818,1.2733701408488158,0.8538759879536737,0.9801934322272763,2.881987918711149,0.9768152720793902
1216,0.5278353436217957,0.44522344139745235,0.3882819910844994,0.8078243724756543,0.8225469691328806,0.7435063888990071,2.4375111338822584,0.5983917726863032
1217,0.43463545337989296,0.47090273632372626,0.3243959908928428,0.9569649849493207,0.7767403042237884,0.8490291458966419,2.547772543679205,0.8670647618218601
1218,0.4630005067416592,1.0060347481464527,0.8101773185065421,0.8144944508236042,0.9809702081410991,0.5230391961906016,2.4295331252551087,0.5627872978969524
1219,0.4723694478201166,0.8356952634194321,1.0455908847770894,0.8890480562370497,0.7970637253000024,0.5474314866431542,2.3594783295941513,0.7519831416788952
1220,0.5176670809361811,0.551291128034997,0.5712174420686839,0.560351845411025,0.46459820104763644,0.6734441948485717,2.602882833524413,1.0017634507916615
1221,0.4163589729034274,0.5663717967785223,0.7635595997245992,0.6717161161164427,0.2791197067032414,0.6360845138990073,2.6410545898512483,0.9288045778372985
1222,0.9209046391226067,0.8526052248843133,0.7221817440245349,0.8164689247500667,0.8311770751532388,0.8792927188773386,2.7222312418835024,0.6714567918895442
1223,0.8397920338697409,0.854621375159281,0.8161545720211143,0.7193165264249077,0.657393340490104,0.6969129082943375,2.7304268983890454,0.66566801581644
1224,0.6846960125250345,0.8346985487598404,0.696747822788174,0.6513738122435917,0.8307744374676242,1.0564819163788928,2.500024062914823,0.881351391742781
1225,0.5971082558468279,0.8651726190879874,0.7509694119690573,0.7527075304829404,0.5616347638670645,0.935781012141288,2.503867886023291,1.041170072340975
1226,0.7608286773063555,0.810458837901873,1.1577378851604028,0.8428884267637611,1.0801769454554841,0.9185564500889202,2.495724193506541,0.5678198007407258
1227,0.813684593717624,0.6130357010476368,0.9877923703665645,0.8641940135791462,1.011846668296326,0.8107563508430298,2.3947680285335635,0.710276982712893
1228,0.6890108539747212,0.5498486547158807,0.4519801122181236,0.7685352063199279,0.8974508977182463,0.666541919701808,2.543542499551935,0.24243065541862177
1229,0.6530146275234794,0.58076439768587,0.4778992501912235,1.060180806140788,0.7096919966123335,0.671983261853803,2.5443555964336273,0.35772601268474813
1230,0.48798007416214617,0.910397960793216,0.7990563083772162,0.9415896199193656,1.2938252157141363,0.9330580864959571,2.8268016745584092,0.5523420249546738
1231,0.4292912391994427,0.7359754082943379,0.7270333430787684,0.8293272797473902,0.9103180957304524,1.0320682769998777,2.7601075282780223,0.7391321850710493
1232,0.7968955752805765,0.9255917510541118,0.6852518281886688,0.5235393849687461,0.6185386238491941,0.7538510462354947,2.6840019909247856,1.021229983032753
1233,0.8775716154137015,0.911704095922109,0.6754289564153231,0.6197650691777733,0.7432957162891066,0.7289694530285225,2.6716561553547358,1.1196509261559826
1234,1.1438902138929654,0.32025874086090045,0.3094099839910375,0.6509224503448955,0.9708144513670648,0.6928863136499401,2.5092968975261565,0.8649904459354922
1235,1.014381962742159,0.2870248255361191,0.2644429450082861,0.7896327619176886,0.7953990949638257,0.6114819739575397,2.4812537705452695,0.9154957797793329
1236,0.7489832057769006,0.9164536347451464,0.8156921488362431,0.8941986128578461,0.8857547660076638,0.5338140417617733,2.360601693187114,0.7689157214331941
1237,0.9347896528623335,0.7175560374801413,0.8875082796839379,0.9503228802714251,0.8971163928297018,0.4241749605376739,2.3308323552204904,1.0257247067675597
1238,1.0047840646405994,0.6063375463632659,0.3222441008110869,0.8185653632087836,0.826027963157848,0.727473818953741,2.7074014774729775,0.7909926561856813
1239,0.9392322373458952,0.49549217197017903,0.421182247762706,0.8659510148896664,0.8124918279646369,0.9146269834160672,2.6051655311533053,0.928566427274413
1240,0.9643339445610863,0.6711921122820097,0.6920658183787709,1.0054859077513112,1.218618594069428,0.5826536511689329,2.5667204274665028,0.28934384413288033
1241,1.0251787556232288,0.5216036981399773,0.6710157176311371,0.9517942761689329,1.1100286146146987,0.6640533064602162,2.561454706319495,0.48281922990106196
1242,0.9632879799010616,0.4770867516929674,1.0881740121417212,1.0777733047987583,0.7245506836012484,0.690779412288485,2.5338314799330055,0.3818238547094055
1243,0.8687948835628307,0.5067405020123948,0.987089753609967,1.109065579530699,0.5858669010731046,0.626139429734873,2.5157472123907887,0.5704445769100918
1244,0.9763356585818233,0.8983527026775844,0.7620559688769051,0.5834992308593455,0.6915810247630173,0.6414977071184975,2.406721266199754,0.44263149856170886
1245,1.1032731405608975,0.8118978235867439,0.8284818753194276,0.7633718959290171,0.43790186403972853,0.679766591416878,2.4047903363681864,0.5772373934361815
1246,0.6959552285909747,0.4854201910141388,0.9247969385856212,0.7876519111061686,0.7560731847192458,0.5465247494241636,2.8116402945101515,0.7479653900493806
1247,0.6452889678547362,0.4218296607547981,1.063773900178706,0.6328540010860543,0.8509284391614577,0.7174168100391064,2.909272131070428,0.7717548331091567
1248,1.034528566046515,1.1095280027155696,1.2018745643526811,0.44324114596052705,0.4592989755874872,0.6453934942157584,2.6028992501912245,0.7244985443500045
1249,0.9219857279836287,0.9886835371607138,1.1608907511818831,0.5351441672094048,0.3538207841891692,0.6570766968937759,2.5269717273767154,0.8841418518017461
1250,0.7970735898193062,0.4863025147934052,0.8056302076619574,0.485762269554612,1.1150779572462683,0.7550748501717982,2.6313604100201142,1.078359312403739
1251,0.8496870217914727,0.4239260992135145,0.9406024192541761,0.5142318492774003,0.8752304016485076,0.7010963438134521,2.6266806964780876,1.252302849788485
1252,0.7323200626273378,0.6057406527345619,0.6311664019355592,0.7066662026452089,0.8953092952767783,1.0028728638476385,2.834140442228831,0.39940138132596975
1253,0.7978423689602161,0.4273192314028056,0.9442014670561664,0.8680983958327559,0.918363215650251,0.9773852861385444,2.884531385192346,0.5945419958137637
1254,0.8548102757217337,0.6715165047927162,0.5698156235936515,0.4689237532585966,1.0313910951874248,0.9472287056486961,2.530728287032943,0.9692867576045467
1255,0.916079321254487,0.7049568314472661,0.7477709588438406,0.45843740235124847,0.9092885477372388,0.890562820967002,2.414335424238982,1.024669548567751
1256,1.141199771056355,0.8666372149794525,0.758983566301624,0.4216670413784599,0.8756398393401644,0.6250275505490694,2.5890405176376112,0.6195057449508756
1257,1.0916242158419078,0.7671901088308901,0.8713375038020573,0.5333873411613353,0.7449702111445867,0.6871329096363682,2.4746517223280255,0.7069918645188702
1258,0.6815581185449598,0.4487282504787086,0.6945969542108377,0.6651612748907886,0.6233629202128925,0.5766698455068525,2.725417189097139,0.6125657042108378
1259,0.7150041511050471,0.4896674980501913,0.7465465565241016,0.6851387066712981,0.5016188679699897,0.7138267805144504,2.7445702148512487,0.7461416279711114
1260,0.7181995397170022,0.9546919039811965,1.0178707782775895,0.696152549047326,0.858783461751933,0.9822902938069775,2.79778240819851,0.8395499725516242
1261,0.7527728466252834,1.168075990349383,1.0748750060069747,0.8895564896466417,0.6464201529581616,1.2102626090549229,2.7193179710503133,1.10138244245243
1262,0.7893298935958948,0.5675660071569154,0.8606228668511264,0.884125435134935,0.8989672823360546,0.6154621352562314,2.7517293480950844,0.3897047353650095
1263,0.6697849384263409,0.7025735182125818,0.9505526109404128,1.1092970026836264,0.7403555658863682,0.685467856179206,2.6169493494371148,0.4603463848729178
1264,0.5355228145762807,0.832774171075781,0.40496877402790044,0.6390924465739152,0.8720196178741613,0.7810381306232291,2.683983108128149,0.9125632030285221
1265,0.4675422622056068,0.761630712901873,0.4466973034247862,0.7111847414363033,0.8958897722386716,0.8226728444203653,2.803363328316441,0.8368851399216091
1266,0.6982068880365521,0.5213437755296436,0.8817484987853083,0.8142453416409102,0.7946506432449574,0.6611256619690569,2.7435821679440897,0.44044575364190997
1267,0.6521684494496315,0.48827614247789775,0.8548766133684972,1.0745734070481368,0.5678955797858084,0.7387757328726066,2.811668020321672,0.5254191970534898
1268,0.4667698201679995,0.7092702282715472,0.7505529990089077,0.6825278810389177,0.545647956287985,0.6353896460567889,2.618281342631136,0.4911561568564796
1269,0.475193164333689,0.7809761268526814,0.951112162096828,0.728060249679706,0.4798180972321961,0.786618277095273,2.7445429121607137,0.757096954210838
1270,0.8908022408928429,0.5487109174649477,0.8855284503768384,0.7127976556422209,0.7475530631069129,0.7698115726284601,2.589387951558721,0.6444709387133923
1271,1.0632527855950844,0.6205268730501917,0.9748038788016241,0.7304909451684326,0.6629572455577887,0.9027302188773383,2.6847524856524947,0.6650840512203008
1272,1.0815086907909723,0.3169834871861816,0.5963700917682484,0.8438225392693706,1.009438167976032,0.7733687688194948,2.464062289685059,0.7212045831410994
1273,1.0455937740279002,0.20287740803879584,0.7245962707049848,0.898384937627771,0.9728172494884822,0.9220573484149451,2.474495655099194,0.6857816105247234
1274,0.7917154251018708,0.8879018990922193,0.8245070694013732,0.8339055314416568,1.1719571559301392,0.8210607764564175,2.457999640464636,0.8932298718683084
1275,0.8361796339142014,0.9295980182764672,0.8510769327383604,0.7836588207749127,1.2218975832369277,0.8413133507472009,2.5215813277090944,1.1378705103840017
1276,0.5616452267698031,0.728872748177962,0.7176408348025566,0.9064992844451438,0.8438083408738506,0.44426389394769883,2.86947470676756,0.7276904453277138
1277,0.5090396163080994,0.6911186015781465,0.583144398548758,0.986642127204052,0.8389571649406018,0.5371016260856216,2.779667350331512,0.689154590554423
1278,0.9143497978969524,0.519070519299069,0.6698186180019327,0.46520002693599233,0.6614320179250968,0.7561189470854326,2.423750550804612,0.5118489591637015
1279,1.0107900654711117,0.3797263947462688,0.6130246397614627,0.5210384410780248,0.82668872830349,0.7623029624546739,2.5877674637008754,0.5579634246542383
1280,0.9805963177714251,0.5551507694268405,0.212590470666567,0.6909674666089675,0.7362059852052959,0.9303856802140148,2.4724398714845615,0.3965823492135148
1281,0.8039984106594029,0.6838369054186217,0.31368399533418867,0.6014902811852483,0.6701863793450848,1.0751183366880475,2.4625017625889205,0.6379230727562314
1282,0.7292922256513725,0.9617387619496314,0.385031150849505,0.4901469362853083,0.6806975668131415,0.949211599469057,2.708610484630326,0.9197005642249102
1283,0.6390310411868031,0.7953580169987557,0.7016712901322583,0.5041494054186213,0.6964757447911616,0.870832805885246,2.748711375638422,1.037275729869119
1284,0.717905091289107,0.6707391304954571,0.855395684943278,0.617435164557288,0.903924852376716,0.7900621039104031,2.5045990748333784,0.6720419532525549
1285,0.6406441306551717,0.6578945507726686,0.8292956431806393,0.5605208416724202,0.8174208259518079,0.9323800584415348,2.48766631981663,0.8442984898702415
1286,1.0401569410145726,0.8407893469127684,0.5115183650303881,0.8910379253259029,0.6198151654201762,0.7365345363297681,2.560260671203552,0.8711793935643857
1287,0.8538895879657589,0.8007835408673754,0.8369266410076641,0.79789433294901,0.5715490577064178,0.7454233681935891,2.5355014656498183,1.0751598377741014
1288,1.0191811746866144,0.7907417518526814,0.9053496396660669,0.9403629993283357,0.7959551584859951,0.929344823076092,2.840761621101248,0.7042516759647586
1289,1.0038588677459575,0.7976109458072882,1.0230322209221094,1.0396220511564154,0.5784966720983826,0.829097301219868,2.7666861845599655,0.6652454738297684
1290,0.9776281936986321,0.5432100376722311,0.7909183217660046,0.7165821163724178,0.483332347711771,0.5305305434556069,2.6958114920112735,0.8978696015457708
1291,1.215828980252433,0.4613868188898552,0.7750368867899174,0.6098758597576643,0.4456156161803281,0.7166741368218602,2.775569310518248,1.0329715265846215
1292,0.7002719377870523,0.8423408557315739,0.7937348877486343,0.9532229742135145,1.0795662765522458,0.6181127694907258,2.6641456774345595,0.7705938791853706
1293,0.6555235681871143,0.8201096489005624,0.923467586783876,0.9898192314028058,0.9149086780738481,0.5031941918450841,2.6921058748394198,0.7073651565051091
1294,0.8202577193564798,1.1452579296714203,0.9125939933533033,0.5421353256962663,0.9208596504023057,0.5862044704749101,2.7713117158419083,0.7840466616815722
1295,0.9578936694782085,0.9704574007851864,0.957029031728709,0.673111557706418,0.7016544503444623,0.645475825408348,2.7652876784567293,0.723067978559032
1296,0.8521095452448357,0.4172552472196788,0.6549005686347459,0.5392863495009994,0.7489544584609599,0.8572348421839379,2.6887386007152587,0.832862032911458
1297,1.0013535899790196,0.4643536735996936,0.7265116301117114,0.6975697626847484,0.5099769685894202,0.8199528080258459,2.6113690277026187,0.9924370323036786
1298,0.8291371098219826,0.5748471049330043,0.51308773514141,0.8343866621607136,0.8530916383879228,0.6528452081410994,2.5462481622884834,0.5071371859339374
1299,0.9502971974687465,0.6208332290062311,0.47332075063842255,0.9881675300991937,0.8555443537826313,0.6073001583262808,2.539896595283254,0.5492556718424078
1300,0.6251831946569151,0.6499561754851838,0.5706909721044249,0.4364791197592186,0.6845800017568531,0.5444547674140124,2.4541845646721088,0.6236930912252209
1301,0.6065591049968905,0.6326332886943999,0.5974671741750965,0.5155355182764672,0.4815586818759053,0.5597073216697436,2.4628042077897287,0.7583258656692435
1302,1.1245470908095325,0.62635358997902,0.6589049681107118,0.4556301025044873,0.8403041301760301,0.6444056225710497,2.59472843024639,0.6876955253060446
1303,1.316163342439913,0.7024669488427188,0.687786699513517,0.5855184456475744,0.786895462614388,0.5674107861700548,2.6398776423816375,0.7857396162127042
1304,0.8233005283738504,0.8571796384194323,0.3217215416020594,0.6540556599238527,0.7010838379018727,0.6531273259198657,2.477193321062831,0.7145947134133905
1305,1.002990917624661,0.870845311796826,0.434297460857102,0.5872500120139502,0.5990223458905999,0.6291354548816362,2.5524912921774625,0.7387311672732908
1306,0.8952979861320696,0.5791582834859945,0.7877457267059176,0.770517078635868,0.794203016839042,0.9878139671515623,2.59653024501476,0.6171516021531167
1307,0.8255762507342508,0.46813218056581796,0.6426050771656344,0.6336886947527435,0.6648672495838779,0.9637421584544846,2.6519692612468893,0.811178717567251
1308,0.46170508237403934,0.4926766274919695,0.6539472228075994,0.7185900946120223,1.3001905579939026,0.6070147281757184,2.656739973733939,0.8181988712285867
1309,0.5571932008879228,0.4059586886814498,0.9263213199763425,0.9107242210503133,0.9982708997634502,0.6435816396656342,2.724250879792716,1.2355236232746567
1310,0.6761726511369899,1.1823905213442734,0.6125755687301417,0.6440957789807632,0.5213152034761541,0.6264433195610871,2.4931881254148234,0.6383261335628309
1311,0.6375399162506885,0.8572272685320096,0.6560867822402262,0.6644658086651343,0.4954872397105267,0.6579629314282736,2.419735265304923,0.724939793870863
1312,0.7208431986830048,0.6781705169987559,0.7768760440305765,0.8124308456985097,0.7774799129277733,0.9924907914427783,2.7700987979293283,0.7983474899980116
1313,0.6606254731909124,0.6919467430973283,0.7923295816393555,0.7603221116431542,0.7401097690754701,1.0395405662057957,2.701225108351747,0.7935059307255323
1314,0.6836625537765894,0.9716532310514352,0.5835028937560423,0.9861000142188681,0.7878695589845617,1.0623065902988809,2.521272928744213,0.6009678972386713
1315,0.7441591572717361,0.7294086595405398,0.6430358637837537,0.9516464535715495,0.8361356666983205,1.0253050540316988,2.544295635671921,0.761313047801124
1316,0.6247786892249101,1.0338388783224821,0.5803816643013131,0.42531660854383824,0.935039535690913,0.6865499665446488,2.6385680196184973,0.70167520088749
1317,0.7968569634453329,0.819743755303801,0.668410845762828,0.5627852548881122,0.8041162891739746,0.6255182979288951,2.5366605518272136,0.6733213840743477
1318,0.8855329595155046,0.9598418622185572,0.5657368896980101,0.9047825148577237,0.35791244711737535,1.0122559307255319,2.440760106370863,0.821522776520303
1319,0.8326723587031187,0.9205436777854972,0.7141608622820099,0.762007492522358,0.25652243101301714,0.9835662369945251,2.5270302435130176,1.0249091437560418
1320,0.8531616389313826,0.8863629687810767,0.416129840617875,0.7793710341572265,1.0785936248074774,0.6812090647359945,2.7920831864450224,0.7252190223988185
1321,0.8928182159053601,0.7823097399345593,0.4512014685579104,0.9379667570610875,1.0776496477825643,0.677163164173975,2.7826551308468286,0.8248237129977012
1322,0.8369198410016218,1.027782781249567,0.8112869068249703,0.6434280385666294,0.604231243385246,0.8671590005425941,2.58270128128151,0.7284460475775244
1323,0.6831046951041144,1.0328107749546738,0.9758915198101539,0.7483505895637633,0.6832514961970768,0.9800774214590946,2.674634917592719,0.8884604287442138
1324,0.9312948835628307,1.0651769880166935,0.8964587647934052,0.6466119427714252,0.7950526825471362,0.8011504559685572,2.8959090781562935,0.6750566859335047
1325,0.8145654728714846,1.0943756409446446,1.1559758789941468,0.7705429367009974,0.45881749434352936,0.8925500486635795,2.963369887972666,0.6969586706605249
1326,0.6224498061088457,0.5789987286229177,0.9493043935643855,0.6695549598988183,0.6936908153752833,0.6355099907011863,2.4120416653239154,0.41658750680554457
1327,0.5999338401067911,0.6373629232163802,0.9245679815625194,0.7112901140392959,0.6135888753189945,0.6375532684042386,2.445408008083689,0.6223327738362439
1328,1.048601283581823,0.6992136424778979,0.5557312463887336,0.8419751373972633,0.8165021812046739,0.6325788585757807,2.6003814665127067,0.8399205505495025
1329,1.0118078811986317,0.6102863189537409,0.5256011223474502,0.9830611159567286,0.7896378694397908,0.7119073350900419,2.5112530870394174,1.046317987569495
1330,0.8785169644679354,1.191641583908159,0.5587248054056712,1.1303941351604028,0.6894901169473877,0.7775378306806389,2.6439752590739154,0.7500398811981989
1331,0.85202474792242,1.2199865577064173,0.6525384290640746,1.158611964308221,0.6224964147170023,0.8229693358571015,2.685960646567874,1.0114514290001893
1332,0.7465297167363054,0.7243636507851862,0.6448300323041121,0.6872300376079128,0.9946983084100248,0.4046371583901662,2.639242312180138,0.9597784138226043
1333,0.873902319209716,0.6409857860746592,0.7244866368218604,0.7364484696443975,0.7172560584091587,0.47574038484097464,2.610550575440291,1.060383481977776
1334,0.8635096086396665,0.9615771640777137,1.0011398528558577,0.8543382358760941,0.6941671890971388,1.0491334594516193,2.378022131070427,0.8057714781118334
1335,0.9187180479608382,0.911951089499878,0.9620091474627039,1.0732068880365522,0.6172031430209248,0.9638346020249124,2.480250926859156,0.7850142059042389
1336,1.2775006634708006,0.777471317771425,0.8421580841956442,0.6629147229673131,0.8239389230886097,0.9088920390781468,2.5850786407521227,1.0047085334540522
1337,1.1829159698041116,0.7259621187370494,0.8389859122565418,0.7337516499227312,0.8053634850455818,0.7617025811917237,2.579176320040662,1.1598156160849324
1338,0.6809626695416613,0.9102595795941514,0.8459450110556671,0.8087026102372382,0.7409524595150719,0.7378303838183728,2.702053600395831,0.7469075178612107
1339,0.6447903989644479,0.7867488367838754,0.8212971318689969,0.8374754814028057,0.5684325126528058,0.8634129037891066,2.731439606594462,0.8659044062815101
1340,0.7819953872056068,0.3678599974113357,0.9463548017633285,1.06195524562254,1.0536713041603356,0.93723743599739,2.6339623926376112,0.8788461139758432
1341,0.8442409952383608,0.3420340766545493,0.9611722355247235,0.8663964230242905,0.8527220818944645,0.9342574043964526,2.6682193038080992,0.8129300129722339
1342,0.9543283012518102,0.8189941068180617,0.34236322616245746,0.9463780184361814,0.5126335565879876,1.0459754859080372,2.6760473742329407,0.3416806889693679
1343,0.9402208826364901,0.5205111248717958,0.32228722178499736,0.8214430867199897,0.4234402840933409,1.114928442164945,2.577743959099383,0.6177850646082235
1344,0.5554214027984475,0.8086083715165049,0.8800982421071015,0.808709162384746,0.7817272199638257,0.7387558285715496,2.2813469527090944,1.1088280273512485
1345,0.5661701424459548,0.8230888342595295,0.9363189665127063,0.9185583178353106,0.8027791884578503,0.6210381231145098,2.473338611930638,0.9327513074189331
1346,0.694851769299069,0.6601630500060421,0.5518428576809505,0.30495200434508396,0.9009534885282113,0.46893523766575584,2.473734697468746,0.7658611801501289
1347,0.6052965139628927,0.6573873867260323,0.6713235182125815,0.2780657452703036,0.7079263275493801,0.5190148924135792,2.5415938836906014,0.8349607622375494
1348,0.7175496605950844,0.4985111659312611,0.9058937956600921,0.7579733242260321,0.9396968788020572,0.8188672100261566,2.3246140618922206,0.9826720056871141
1349,0.526558802050813,0.48189072063462374,0.9368712945420941,0.6068447104099026,0.7659365360742261,0.7847203558597787,2.3948329215549227,1.0252387163849348
1350,0.9279294771850596,0.7448626202703034,0.6034168771405994,0.7411912810574774,0.7682465363936537,0.5678851168830693,2.541303346017938,0.9280732137647607
1351,1.0047725802334402,0.5937101913978855,0.7184299413655094,0.6527511446828158,0.5479719071443977,0.6043037100585325,2.5277585430722924,0.9563390961461421
1352,0.7904865136434649,0.5699712677014973,0.8353966563777714,0.6418761066268381,0.8246906145831892,0.7648638671071021,2.4877798644549842,0.8358451290256567
1353,0.6483981145188706,0.4786031363107757,1.0489016857737914,0.635476135863144,0.9436575589206766,0.6919021774980121,2.6434567858825693,0.8442756963183725
1354,0.9171143998907882,0.6618256373333778,0.4549188179954574,0.4069845011818828,0.7512067888860564,0.849856864294838,2.335703260192345,0.5949935329749103
1355,0.8512594564157565,0.7285431755490693,0.5398633388286466,0.5075246763156961,0.5991229614963905,0.7264191865412839,2.344423942036741,0.6636270289807633
1356,0.9018586058593454,0.8874672017188685,0.5006685866561045,0.6609006157011863,0.6581727577962035,0.227754915228087,2.4693114189028065,1.1159335767184353
1357,0.8192248589914702,0.6903837498713623,0.474149067420054,0.7512677711521838,0.4365405251463308,0.2211951417427811,2.3077968945226686,1.1136746941458309
1358,0.6437766692546096,0.6779801718108982,0.8723149125440272,0.7988521879148232,0.7723656772748457,0.6197227944458329,2.508713108192468,0.5977597548566016
1359,0.6891281341058582,0.5967199918191834,1.0222318052144475,0.861755248721423,0.5969639208836917,0.593782059687736,2.5844336938898556,0.8515007440879876
1360,0.6774190007666268,0.8992317866811393,0.629635643659781,0.8073954536039254,0.42906517142715134,0.6867082520447706,2.5126128060449604,0.8043304494181216
1361,0.6421981056038029,0.8339546061796391,0.9509224152924056,1.0447475959540518,0.258075982840664,0.7307841968294571,2.3684191254467657,0.979588118704674
1362,0.3769950492070394,0.8900751381004377,0.7640959342081617,0.7859923882920945,0.9390117002166913,0.5048904587480123,2.667968997858534,0.7441786384518081
1363,0.2913866987149474,0.8291498635920964,0.8103310948679969,0.8538499546260941,0.73672054764141,0.42515152303767423,2.665686300229641,0.9632641648447735
1364,0.9515979772170021,0.49325710445386317,0.9989474831924674,0.45776659742385317,1.1602260752810096,0.8408493076744751,2.4526523617709253,1.0160521237214224
1365,0.7010328954174996,0.38710708662372856,0.9581686367260319,0.4615822715998157,0.7413959999033057,1.0599052405095302,2.419497290004488,1.0995219362853081
1366,0.7596494389693678,0.8647771319333157,0.7756972288145749,0.9155097303163175,0.9028922398702409,0.5539842848599672,2.745879837614388,0.8859307375375518
1367,0.7492889633495046,0.7246096228585349,0.7630698738491937,0.8243212333521814,0.5857459580452713,0.4473527131897904,2.684251873753366,0.9601740762397262
1368,0.8906749209799527,0.991533957981385,0.9767793742325068,0.9899734308852461,0.6846415824064153,0.6697572126148207,2.707232305949132,0.47846390886974133
1369,0.7822674652026192,0.9081746255425944,1.1968907131259054,1.1108148319268405,0.7206497889818853,0.7403678965354972,2.557341869727276,0.5314490129402908
1370,0.9770011081285822,0.5860071500185596,0.7471543361765296,0.9157505948675643,0.43887987116513416,1.035337401648074,2.45939014979496,0.7738106167237887
1371,0.9119722631638908,0.7721053315435276,0.7544746441712982,0.9208924837359277,0.3441354473729176,0.9766228838826916,2.547802735620553,0.9382373904326938
1372,0.7101129187111489,0.48114822267982843,0.9169388514818857,0.5812230853779603,0.8707966601798285,0.6911015865279002,2.6243979988491946,0.9366004859080368
1373,0.6076660519230419,0.3804471206536164,1.1206980875828778,0.704368956095895,0.7929595564602159,0.9258837333521818,2.577209667624661,1.101126182738793
1374,1.0519079259647584,0.902663705968124,0.5823671995139502,0.8628597295177488,0.8904055569713007,0.5803609137582859,2.5117428129148234,0.6341845496546716
1375,0.9184646774980121,0.7455250053038007,0.6965445485677508,0.7759401363746614,0.7274125888290793,0.678296815407226,2.4075559598664418,0.7690615010217356
1376,0.7957415966252832,1.068727384201686,0.5507071634388581,0.8781730181810717,1.188123845794338,0.9817508948101541,2.3915705969127683,0.7008419518462061
1377,0.5877649975710498,0.9422900184046716,0.6013342139564173,0.8160861913655096,0.9436567126787061,1.2408479331540494,2.4137286660909747,0.999391621964137
1378,0.6577764969956466,0.7928821575272781,0.7726229584929034,0.8569223572013754,1.0042705237089053,0.8094442619500639,2.459164082022669,1.209060577166067
1379,0.6073602943504376,0.9436780616051691,0.796950005399196,0.9075294308217938,1.0567211610422833,0.7625953678737285,2.5398475205452704,1.0658919354224201
1380,0.9495072446638231,0.995627488655982,0.7145485279262184,0.7603687202513106,1.0165800383110866,0.6558660698485715,2.5258885955068524,0.7460132865538006
1381,0.8164525080832559,0.8830909548820695,0.743983784125283,0.789230299494525,0.8436442768721069,0.7067068574892936,2.4424163168131416,0.9082668212544878
1382,0.5859036451619575,1.043913325408348,0.6569442694587833,0.6350389723599673,0.8551398483506268,0.9421175345090298,2.4437101212929053,0.5576472041788956
1383,0.4845645715419722,0.9120898938199277,0.6041439799330047,0.6666698379981343,0.9309053501722315,0.8734867524915367,2.5201680248269027,0.7351828140971389
1384,0.5979047607992579,0.7654061553547361,0.6906853488302013,0.8442674516869254,0.5384188225006888,0.6479270961776519,2.455312860524723,0.8176699351345025
1385,0.5832466340424051,0.5246726130810123,0.68083330661993,0.8148548137772784,0.4809747172797664,0.8005009999676244,2.542725667177462,1.1879868366245947
1386,0.6422592631323805,0.3502857831665669,0.6886548248972629,0.4970666496033035,1.187575005399196,0.6981307584665692,2.9324515036104004,0.8819595945161937
1387,0.7432986055399179,0.3175060463952085,0.922869671650751,0.5166712125185593,1.2786069394174326,0.8025395206734751,3.0170182233186837,0.8885448029456442
1388,0.9498356205258455,0.8110746143272136,0.6588899960693059,0.869242509968746,0.5956865330707384,0.5405027550478254,2.7813633693759052,0.6325211886814494
1389,0.939405918008408,0.6946856622884844,0.6876450059426568,1.065241633179517,0.5226059434426561,0.38497612234744993,2.8542866950082852,0.7983967399984455
1390,0.7029502978330665,0.9130360891161311,0.4547804367963926,0.7368112987278975,0.9174913547737238,0.6584487465484473,2.617982385064575,0.38276222849514635
1391,0.6809597802908507,0.8004098257601516,0.5422026848474498,0.8124035430079745,0.730141716097017,0.5839881104927809,2.5060936874037387,0.5659950171580369
1392,0.9895167862019975,0.4693079312685592,1.1922828678737287,1.0128770625315098,0.7348764581410991,0.7083589819138906,2.44563305435156,0.4485508343234149
1393,1.0244853324064156,0.4834498031053578,1.2208240680278335,0.9508285996926567,0.884546357233751,0.6483857838697409,2.5418486987788325,0.6545593363362434
1394,0.8182812024211761,0.767869932035619,0.8865524677269656,0.613053387077403,0.6644514350071636,0.8162440537446464,2.622793329274723,0.42808614279732576
1395,0.7371925874870499,0.7020659310449595,1.0824320925353086,0.6973785712549199,0.6186788727946488,0.774901993225099,2.79163207240486,0.6182589722002532
1396,1.0158176360552336,0.6452809710818234,0.6134129037891068,0.5941939635092188,1.2147131903113981,0.4804655102242881,2.7888317478265927,0.5732643826684326
1397,1.1054601548436516,0.6093208177399154,0.748712397142843,0.6148013701105893,0.8190021035909747,0.49432381965691563,2.8548365569078484,0.7471631791914122
1398,0.6440005187556093,0.5198234801566045,0.56848651965044,0.8097678808148853,0.8867309053866791,0.9846286183213607,2.4508464609848732,1.101039765528522
1399,0.5905708527924056,0.4268666727372382,0.7418750150174376,0.8009823059491312,0.9293795241561045,0.9390106787122712,2.457991220570738,1.2320266357038627
1400,0.8483357226798284,0.9062052591382339,0.8809388895378627,0.8912067463248476,1.1500750755041766,0.9194512797797663,2.444804737569927,0.6508658019549849
1401,0.7082439926501289,0.6310226653558579,0.9354758529521194,0.7627635178931539,0.9690354301505619,0.9733568963438402,2.491761893500067,0.7572476660590322
1402,0.48387565746382616,0.8166132597132036,0.6343247986001271,0.5851619934491313,0.9098835736195523,0.3544889477242879,2.6160590288849344,1.010723727824348
1403,0.5526617330642636,0.837105677050813,0.7515359383939645,0.7965064650109627,0.6387949336327587,0.29474963896289297,2.731128318378772,0.9318550331026814
1404,0.7408440223988184,1.0628813613552364,0.37507067152297957,0.5807387148831913,0.9063083408738511,0.9411656333072882,2.4364795428802033,0.6566627500634523
1405,0.7078216259259074,1.0304865762397262,0.4440203880041767,0.6188057695865548,0.7915844422922831,0.9599264842785221,2.395484843685682,0.9065327887582857
1406,0.7026396080008112,0.8549262864899151,1.0821421532460798,1.1463513491815718,0.4858643297858082,0.6484775564606492,2.4398256433403533,0.45086721152790066
1407,0.7350087103136411,0.6583664153558577,1.0638227996542382,1.237162220283254,0.3971221713313231,0.6155368927968925,2.4124264417173134,0.5254801793196167
1408,0.7950976712674376,0.6287022021336909,0.7504478742644503,0.47988852089664147,0.8350642670941513,0.45561615196750227,2.7251603310000667,0.7398912749551072
1409,0.5921188739769654,0.7401896341382336,0.750443963509219,0.5184994837354948,0.7760666100455821,0.38053251635946717,2.809193956000501,0.9280726153813259
1410,0.5504985338377982,0.5015761701170645,0.6876310554056714,0.4363750165191815,1.3952181210693058,0.8905127247245993,2.634219673855669,0.8375892013036121
1411,0.4882229817222331,0.41795113656631816,0.6359007208586567,0.4952383783863678,1.0432139484274627,0.9608118725710496,2.6028228727627067,0.8954296399211765
1412,0.47486648095560663,1.088366823459405,0.7613943574892932,0.9431025169029278,0.704033852823915,1.0595953969192435,2.588482834227587,0.9906609003379876
1413,0.4179476489320718,0.7799638417682481,0.8041731854224204,1.0475959737658824,0.7417536488686193,1.0772037138605892,2.658872134777089,0.9705865158483826
1414,0.5540815880939629,1.0351784451684325,0.7456712080133281,0.6203028482867412,1.0740306956795174,0.750749721081823,2.5747657952448364,1.1048402198045453
1415,0.5402033743602783,0.8245506134962687,0.8077274923626443,0.6051731048052338,0.9202810411868032,0.8443456968618333,2.546125774635246,1.139974770353181
1416,0.6948343311278381,0.9856199776003159,0.7236431001402885,0.814039426028211,1.217539197692345,0.8779303584795194,2.883876150689791,0.6229524610168153
1417,0.6300725593044227,0.790869247028022,0.7554456760282109,0.8220617523961418,0.8872415570675621,0.813412515720612,2.8040269827128936,0.5969630746417213
1418,0.6997589952387935,0.6876435613172511,0.6648881753893554,0.837619217982507,0.8723565888925322,0.7902604458711738,2.6028471109399796,0.6792446305912857
1419,0.7188032333517484,0.5556057942222334,0.6208163892184351,0.8771309642762782,0.8255768491176869,0.8185212207304522,2.584046203508097,0.7470140872310743
1420,0.9179843930209248,0.9819329953665645,1.0613499320999378,1.2341078542626394,0.9640444283928431,0.46681251802092494,2.450174211432072,0.7579649043321339
1421,0.9431822067032408,0.8454633545492583,0.900854740668811,1.2097558681292704,0.7440973287636393,0.4821206991621466,2.430557317867686,0.8826457946059799
1422,0.5749507850520572,0.5996899110422834,0.9427528647105272,0.7654755575147607,0.7308905183407859,0.6191969228650097,2.6436268036483845,0.9323246068184949
1423,0.5615668063324452,0.6521343467530546,1.2477522513096542,0.7187547569972009,0.7198288705897309,0.6653421786803281,2.6361906601478853,1.1753160101604028
1424,0.9874948574254073,0.6188061927075389,0.7888229048117088,0.4154477265457709,1.1792202171515616,0.5852059606650122,2.5463469101478853,0.7692970101923451
1425,1.1675903504916592,0.695885403309965,0.790381812019992,0.49956759349402463,0.932776319242092,0.607429696510463,2.4953211326999427,0.792919499999567
1426,1.032040974309343,0.952576582725843,0.6634504590674405,0.4667872583392311,0.9060802300927185,0.9173811225071636,2.2282021185130176,0.46421155690784827
1427,0.8074533713567906,0.9287210498778382,0.6059157780224801,0.3898067955962062,0.6339188485427167,0.9790616487404153,2.374497592950565,0.5668912914742886
1428,0.8244475317606514,0.44410271919676564,0.8875846571124555,0.7902464953341889,1.0052382431940226,0.4734024834475766,2.634815545979953,0.7281665711910348
1429,0.7445652825915966,0.37395572782391523,0.9978572007916613,0.8086124575341865,0.7362653475835664,0.3479792704813857,2.6931697007916613,0.6946201708836908
1430,0.7174634186472636,0.6940546659632039,0.8154096079364924,0.6530741651642014,0.5827602205387957,0.7246408363043004,2.5781659027026187,0.4213265827258433
1431,0.7244465803612115,0.749139696126716,0.7294681971812609,0.798543964212393,0.5481587646980098,0.8406862651771518,2.6172542607677483,0.6127728891864922
1432,0.719862725427773,0.8716789839590946,0.9280851212929053,0.564654180949132,0.47532950252391304,0.6191710647998803,2.399946734086866,0.9760611144549844
1433,0.8995615345724822,0.7100008186981985,0.9267219146531167,0.7456319977946488,0.5625002478585339,0.6315963423117088,2.4083982271850592,0.8594799494820077
1434,0.9583388297542985,0.8023048577448354,0.684122087710649,0.7414029751717984,0.9130906944972013,0.6367463005490691,2.8644262103779603,0.764209478846517
1435,0.867546666186803,0.5082698156627683,0.7243587185255346,0.6615486270767136,1.0359279183917212,0.6949573171645124,2.9051706036229175,0.9058954155479481
1436,1.0355837968424078,0.9435421465359304,0.8009599355182488,0.9020197806102787,1.017166892158037,0.7765885708711738,2.3975930144100905,0.696403876501311
1437,1.066723915100749,0.7119732496158206,0.7752754604737885,0.9214684515591539,0.8871197677977585,0.7530305509643254,2.3665206058278354,0.8124244688134525
1438,0.9236969669279623,0.6209744994561068,0.8241565709670026,0.4354128276771516,0.5658176010027433,0.4598457729737886,2.7826085222386725,0.8107787212739128
1439,0.9575129791024922,0.5616049950467038,1.0436318060130174,0.5696856622884844,0.5267413257282088,0.5145222116876143,2.7731512962035523,0.7900011216442755
1440,0.5466764827767783,1.0437065635536786,0.4743256373333779,1.0069960907465125,0.4790616487404151,0.6946757977691815,2.6498674674075384,0.5430735242195568
1441,0.7519003873653209,0.8821074171135768,0.5283146065944623,1.0219603981969547,0.48018952147204425,0.7114894775044871,2.530366902574848,0.782885284636801
1442,0.6813330722770897,1.2577135768781487,0.28139747207248217,0.792531235971923,1.0792348361769624,0.4584790786997536,2.914237873146453,0.6267347034757214
1443,0.5954267857228556,0.9777902146915347,0.3239052435130173,0.887766582406415,0.79267846018587,0.4678722579554847,2.965574165164202,0.7433191082244105
1444,0.5458849100839995,0.9271590781562931,0.9221107570291439,0.9908220750889201,0.7244346728330668,0.834559744439791,2.751025461975532,0.5336663944268409
1445,0.5109699477562312,0.9224111592211119,0.8625190956026814,1.1189897378893556,0.48591298140280575,0.822512691173853,2.6788965982867414,0.8125825790511243
1446,0.6851699201170643,0.5975618360168158,0.6242928741047361,0.8629525236130772,0.7651796644614602,0.805207840937736,2.5286640835244123,1.0190567440245346
1447,0.5868052748588454,0.5088373635920964,0.7040284974432784,0.9269295227497559,0.5578757380810124,0.7644503433977634,2.5118444500250345,1.1242259380745372
1448,0.8740858643915322,0.8198720967211119,0.5005108995394176,0.6200977063199272,0.8125901527030521,0.2847365972641389,2.350743872475221,0.8843484383939647
1449,0.9212376993857462,0.7972857070546114,0.6213894677908507,0.7363764260920969,0.6610304017439029,0.22137111327266912,2.1460790959221083,1.1945207520447712
1450,0.8274149848539254,0.8226892610871764,0.5324861345854325,0.584409455712582,0.8462616546519951,0.6403829386818829,2.4628070970405402,1.0099775669728552
1451,0.8037220713822582,0.6939569396082231,0.5208922383684973,0.7265647908673755,0.8432044719766534,0.612227536425597,2.555526527542905,0.8763903340678733
1452,0.9575883350265895,0.47459813845137544,0.5558938657650719,0.8378036094062932,0.855081930597761,0.6372411339465773,2.7426751828665648,0.7576423069717334
1453,0.9959601257981368,0.4568551032076612,0.6563974720724823,0.9173698133624554,0.7977249135666293,0.7043416534053605,2.583127981881947,0.8305368852881742
1454,0.7412132283673757,0.5037354585882984,0.749589788662457,0.9716115547029298,0.8334330684750324,0.6607141812685595,2.6210092005361187,0.8495755201619574
1455,0.7237823275813235,0.4654170764309499,0.8014656549394796,0.9997425435194923,0.6453587931357457,0.6705418100391071,2.657738483543839,0.8916018103585346
1456,0.9330463542302639,0.47042678572285523,0.7637792906118333,0.695252787096828,0.741934975779144,1.207984668423231,2.6695196604353706,0.5431088236830044
1457,0.910789537192656,0.5180116256064795,0.9438682315305769,0.6269925830772135,0.5803188142887958,0.9877042606723532,2.5706082177908502,0.7702780818310123
1458,0.774341843685248,0.740086975523602,0.47899879872789786,0.8307075014374251,0.7401206550991939,0.4887057323291463,2.8055573178676867,0.36688879029197247
1459,0.9651609919797636,0.7974834506319477,0.465388752235995,0.8537766417108381,0.6565407855311989,0.6143528974627034,2.7481929024470775,0.6219001194717335
1460,0.46388980578941785,0.9980719594192441,0.6073249948869898,0.3384430256254723,0.7495349354228533,0.3359135096812609,2.952693016615009,0.8066217422033626
1461,0.48286626163020385,0.8922948104543631,0.5829505657266542,0.47655739247789775,0.6159027863936536,0.35387972344645524,2.8241313112853077,0.8654888395633306
1462,0.780960731690291,1.21035251389944,0.5587510865917857,1.0003967565176262,0.7986088572337514,0.5158552263860571,2.405979614486928,0.7513006044858062
1463,0.6835960408673751,1.3077026558019351,0.6578520281821942,1.1492033898900993,0.9331666988746613,0.43216691970180793,2.4979619024151343,0.9686580521466414
1464,1.0347569246861816,0.67936761662796,0.26059027888493497,0.8119039526132655,0.6760601280030543,0.6870612166089676,2.5485626717465797,0.7893230935898531
1465,1.057481272430761,0.6827433106460198,0.23133796948425112,0.7999665332304526,0.5431340833646988,0.6510352213373656,2.5959111562176234,0.8067499083582238
1466,0.703626458141099,0.7603711863811365,0.7619571484214205,0.6123322380490692,0.7800046718747834,0.8823429262841862,2.527254268276467,0.819410519778211
1467,0.6800729473729178,0.7958986853585345,0.8619033191773405,0.7069165085947734,0.6258706641096563,0.8047298473280241,2.4944383857996923,0.7042888431745972
1468,0.8527678442606518,0.9946299277544204,0.8458893841701765,0.4672734965803903,0.8596522581151985,0.9170129380430273,2.4367591945291434,1.1274129067925944
1469,0.8739489278178731,0.9531320478645767,0.8875161011944002,0.4967459199892934,0.7100570439671244,0.835308619279644,2.387924094260651,1.2044058754471987
1470,0.6112133835947734,1.1748291735358078,0.7611122397105268,0.6077884395762806,0.9316880798501268,0.6452840355950844,2.574256165068373,0.7606492181422211
1471,0.6047616241047359,0.8491408227886068,0.8200466236255943,0.4934449835118949,0.8877134216507512,0.6056127344382358,2.5664561709799516,0.7376595198105868
1472,0.6003695589845621,0.46542056406519666,0.7723145595280221,0.9052439165381734,1.1665735562685597,0.8416014222900399,2.6363933359848724,0.8085845564602162
1473,0.5424084251976989,0.5529606906308253,0.944070484246579,0.7799654616561041,1.0663516446189305,0.8663980429121462,2.660400426923042,0.7812732166728529
1474,0.36500464433101254,0.7506104936407882,0.37023693376096223,1.125041325823604,0.6808225958586569,0.6347931755490692,2.4632651863491946,0.6486857629407238
1475,0.3383072858186842,0.6183051576874254,0.3745858779072262,1.1101998291473854,0.6681930226219849,0.6251296107802659,2.431889734182693,0.7193549629977014
1476,0.9458188904007512,0.6157824417492559,0.5544690784757214,0.6451265237408483,1.1707945821184969,0.7002296630551116,2.493585232457351,0.8140112770957064
1477,0.9196342265781468,0.6512117912506888,0.5987580894040494,0.6315530460753477,0.9318363255684952,0.7552088974946467,2.4628645916724192,0.7954822723983851
1478,0.4912651923561685,1.095127828156293,0.524356815726654,0.8301730347002535,1.0178873702068505,1.036091982393465,2.6640647908673762,0.7742210759198652
1479,0.5241278587035522,1.1532899452962042,0.6568758888031789,0.8954893528243479,0.8565248270378628,0.8693659191264049,2.6888347071823833,0.9129473810384852
1480,0.557691769778211,0.9169078132985695,0.8914381694777757,0.8371925173820695,0.9159774362857416,0.7256769364450221,2.642912031505109,0.50456292912796
1481,0.44329575134159693,0.8807044018716739,1.0213400400368629,0.8647835088183722,0.872591499679706,0.8043466908224824,2.5357965124611495,0.526245470826281
1482,1.0822733839142007,0.7921569224812631,0.7203904647549871,0.7179502552718582,1.21018496226345,0.7292222251079132,2.6942712923371777,0.5916359481076013
1483,1.1332580833970742,0.7769768348988187,0.9060849144938358,0.7860076081920342,1.0518913340354972,0.8023822566777736,2.659886885991348,0.7443745142827534
1484,0.5389873919344379,0.49496034662528315,0.9253328499481985,1.1993327177593407,0.9984124180718605,1.077610262301435,2.5130520125569773,0.6639134806357462
1485,0.6686864113940871,0.41236937020641773,0.9039854115218583,1.1241173256958332,0.9439595810004996,1.0001068172283978,2.4792673890906642,0.7660120672607738
1486,1.2633643222770894,1.0184806009388578,0.5246691254467657,0.49168118219533297,0.5586599123843129,0.7221409139180001,2.843753137109345,0.4677786176181863
1487,1.0527401535016214,0.9017273751912238,0.7171991621607138,0.5917599556486962,0.4734913667876739,0.7640127567736016,3.0012744985621427,0.5065209863876114
1488,0.7654201058917214,0.5509005731399774,0.5352739532521216,0.8939762805783359,0.5163966683917213,0.6148876120584098,2.4648257134453333,1.1169220467465792
1489,0.8471503553163181,0.3706790295237908,0.5870799942481343,0.7980115404840626,0.45471596689601984,0.6626108331410996,2.4396734868667536,1.222458331160214
1490,0.6871558784506864,1.1415432942222339,0.587680623369619,0.4598714557764673,0.6069284862278979,0.6224191910465147,2.503784533326281,1.0895706504985667
1491,0.6560831193435293,0.9793765998528035,0.9095766192800768,0.4969278452832534,0.536823594324537,0.7401596900554228,2.612086864359156,1.1864774998713628
1492,0.8176343878125197,1.004021064001311,0.8429962654965791,0.9119985443500052,0.5754216281308255,0.5281183076425322,2.6974720363297684,0.859862084483129
1493,0.7767774714336269,0.865281231466691,0.686056753034997,0.853325104549691,0.8232385246033034,0.5220061605631416,2.721536797162268,1.1777426196314476
1494,0.9879281101733532,0.7310352764249077,1.0739846854547954,0.7532329789427789,0.6867125859209875,0.7513088491172534,2.68961947986912,0.9732796726733527
1495,0.8488244270508133,0.5956953760856221,1.0886393245774026,0.792377036489482,0.7246057121033032,0.7814923091766516,2.73920303185648,1.0556603996033032
1496,0.7007423577448356,0.4408518789617709,0.6313711207813879,0.7469383081859924,0.7733381537571641,0.6697100056232286,2.776415488592097,0.46627660665834814
1497,0.5579937918580344,0.40017220347572124,0.6544638282525544,0.7990667712799551,0.557147015400751,0.6744782519804521,2.7199618964081598,0.5835484808597787
1498,0.6655399222576635,0.5009669458392311,0.4738521528623332,0.6758673166853705,0.9719873128189951,0.6266123158224821,2.7747375061023702,0.571807360428895
1499,0.6454174845344974,0.49252285113051497,0.44866828971700246,0.5273524177524327,0.8480213699508755,0.6141059038849355,2.756776822980263,0.7786805001912234
1500,0.9039745254981343,0.8506695380555443,1.0149804762587191,0.8690283497245995,0.7075877366431538,0.7855322559745992,2.812036803169244,0.8666622993986965
1501,0.9967652259069156,0.8737267708008132,0.9049127240214251,0.81524860844801,0.6420445045047982,0.7847242666150095,2.763522432514761,0.8076432934236639
1502,0.9403572208267138,1.0370293346747856,0.8273104584929026,0.4224571694458332,0.8313350101284593,0.5948884082304524,2.9301967796515624,0.7695836371097785
1503,1.0273489301181866,0.9785501508175622,0.845749383083256,0.4562315052718577,0.7488700842595293,0.6941815627551093,2.965658714628082,0.8473932628764053
1504,0.897789313362022,0.6922384775368627,0.7466071156692438,0.43844270766195753,0.857654144394898,0.8829353107742237,2.6072888491815727,0.8799039861640124
1505,0.9577092780544225,0.571159349053368,0.889648685358535,0.45221604450971836,0.9213413795047982,0.7729880784437783,2.580572607872607,0.7449895170622088
1506,0.8794222570615201,0.6638428091127662,0.7684107756578485,0.424690967599194,0.8501206976604025,0.9827551831216736,2.3528625061023702,0.6238409138226045
1507,0.7445423137772784,0.7764204208517484,0.8752361801501289,0.48423048977441285,0.5901632828471388,0.893856957438358,2.542023225683316,0.8204529968039895
1508,0.8083882575082859,0.6906982778627662,0.7620124247820094,0.471660206319928,0.8075767805144496,0.620771823619119,2.5276409124162558,0.6910190074767762
1509,0.9106835662062287,0.5849640746093455,0.7693873381578482,0.5722014029581611,0.7404304986894799,0.6536640835244127,2.5252253642313858,0.8323834409183108
1510,0.8280270983825688,0.7089872642508105,0.5382448939796417,0.5706692000569775,0.8917149318759054,0.7792361405924078,2.8926855406118337,0.46945515548250694
1511,0.8716056710438382,0.5073754090929073,0.6253129806996317,0.5789254157076618,0.7613947806102784,0.8578360696888582,2.989750850747202,0.5243192253958312
1512,0.5842934449443999,0.8692737234145119,1.0313216930274003,0.9603769999352485,0.28594024904085036,0.9069134791340026,2.806858097615942,0.8253809732867413
1513,0.46343375948960397,0.7594868195930299,0.8481447791085349,1.2267528451878582,0.244398154076592,1.00845480546999,2.899079207086554,0.9341988882601514
1514,0.6255871017054846,0.42978096507484814,0.6746924122245992,0.820912282879515,0.48876688985772354,0.8883261335628305,2.520102533422109,0.6741570992454575
1515,0.6209221123463279,0.5108633783863679,0.6418660668450841,0.6994136769226094,0.466608222296082,0.7673399744371141,2.732848998721423,0.7305310016290822
1516,0.6682254328346218,1.013210122794649,0.5036635902984475,0.3975568687046741,0.8757145968808258,0.7634628948740394,2.5872547690111514,0.637888546938669
1517,0.6352258299135791,0.8875672189412236,0.4199578454429675,0.3204119188389201,0.7059875762073504,0.7590724496417213,2.6645298554445223,0.628961949481574
1518,0.7481214572782116,1.0928942052653832,0.7557323029456442,0.8584701305274005,0.8142482308917213,0.598294469452308,2.609913202229953,0.7580587199318831
1519,0.7781094646276493,0.7899436270123954,1.016033240924786,1.0016049174330046,0.6350042712799546,0.6017109935769024,2.674818287512084,0.8771005970724823
1520,0.34336113758892045,0.856703264697577,0.7582365592081615,0.5936709811792058,0.6022101608506264,0.8048236629277734,2.4391390201295815,0.812214642445522
1521,0.33605375862671594,0.6840155183407861,0.935106048600127,0.6879275468424075,0.4653174823295794,0.7997453977178133,2.497017151744336,0.9386837474756539
1522,0.775046328188236,0.707801896887301,0.5669430076045472,0.7494316784247854,0.69391832777298,0.7528361197587855,2.303426178328957,0.5306673047668159
1523,0.8191801181297038,0.5397150931102788,0.6235610869112133,0.5191161064028056,0.6814000083072884,0.7997342638355546,2.191610195199942,0.7193496076170646
1524,1.1927594168580349,0.8550343004851835,0.7802911235297663,0.4939197373458955,0.9752383283164404,0.654029977121174,2.7488879455517456,0.5645005798501268
1525,1.0980897506064795,0.7578330752805766,0.7068391096618356,0.5638328394359922,0.8424098347706143,0.7116714027984475,2.766981479229831,0.5303743009643255
1526,0.32905026949072597,0.6746979428676866,0.8344039250694946,0.3063821470150717,0.8354985413465169,0.8120446246797062,2.502045145449442,0.7941077566138879
1527,0.33727918245087535,0.4719396827064178,1.0518648049908481,0.33254852642447497,0.8357385596557938,0.9531164048436516,2.44298284323805,0.9021764462225443
1528,0.6994263580966393,0.6365996747185572,0.5444229555848108,0.30641684809508446,0.859361472584,0.7486216460563556,2.4522458133300797,0.45634343002235805
1529,0.6956805092016864,0.7434220146975764,0.6940442030604645,0.3598694828726069,0.7017659519739775,0.8362223317671271,2.4612268409057934,0.562879070487861
1530,0.5148336751657558,0.5482766432125817,0.8705075671325696,0.5908320447656937,0.49473036809776083,0.27251970149483534,2.8152287041469517,0.2104242069268405
1531,0.6129667220085969,0.38474656694091275,0.8891470519549849,0.6980787944777758,0.37651807710174834,0.29550753208007907,2.796233788630515,0.49706069583923096
1532,0.6893747045626415,0.5150110913210498,0.7728687553038007,0.7856884984658802,1.0490821664423453,0.6414342587225444,2.653299386694522,0.3788707752741015
1533,0.7098466192157584,0.353688356754176,0.9190808770443384,0.7741584737658828,0.9619015565884206,0.6475603563389203,2.74291587215536,0.6117418965678729
1534,0.62844738704546,0.8727631373333777,0.878793551603614,0.647088914876716,0.9296277870968284,0.8693544347192457,2.6851818276452093,0.8473854413659428
1535,0.6089173338123305,0.801935053392843,0.8313037966826939,0.5916330588567906,0.68671956118948,0.7987948685453934,2.510543670276778,0.8073542003764048
1536,0.7263937515971388,1.0239962049144458,0.7911618277095274,0.6984372896850597,0.7726892961396666,0.5821871419663802,2.5433983398512483,0.41759035049165927
1537,0.7163767991431542,0.9553771551626464,0.8598713506189966,0.8769737002805769,0.8587943477756561,0.7073245016610247,2.568659003546082,0.5121978377102163
1538,0.6257121307509995,0.668332848446455,0.6410634328661313,0.725815317644087,0.6868602332559199,0.6589756396336914,2.6108634835438385,0.47323102105635545
1539,0.5698507477946487,0.5933036429570393,0.8237962080133278,0.8335528147359945,0.5944627291344352,0.7065715408034902,2.6138143447078512,0.5763977675098406
1540,1.095292315279022,0.738040034923853,0.7257898826999424,0.6678197306357461,0.6688375463632659,0.9323652616625792,2.6218058807510003,0.30422081553499697
1541,1.0171458937564755,0.6227701126018708,0.8754831737278979,0.6591780676121439,0.6159752530669397,1.0184775364255965,2.6459829894549842,0.4885432882152585
1542,0.9081444336012483,0.6999750232293305,0.7439499292872405,0.598964851258719,0.7033176360552335,1.1048834133745398,2.5413758126912236,0.39009529026002926
1543,1.118276410371485,0.623653881006542,0.8353683321828158,0.6909558069393582,0.6987639730631418,1.2187688827966365,2.587631125510651,0.5723180121097786
1544,1.109855284477087,0.9389735115024327,0.7379651021207412,0.4103265156243502,0.9075931270762813,0.8886051868283353,2.646400423919555,0.9089181450018102
1545,0.9174415063898548,0.6847927173755948,0.7212587654011839,0.4458055382472014,0.5559901474946467,0.7920792756897911,2.633828943698198,1.1745131283229155
1546,0.5057585841317588,0.4155191717146364,0.5547477086202407,0.38623378112179546,0.877040636310776,0.6530068060130173,2.7581459833841246,0.3508945843234153
1547,0.7028630343808256,0.2808036429570392,0.6880158317990696,0.4175302144675023,0.6717707214975124,0.5874446910780247,2.803955537544027,0.5750210334540523
1548,0.7235244479798305,0.7931574753000024,0.87587968238699,0.5938672801311367,0.7837240643211718,0.29791177112024075,2.7701932845085975,0.2955962401577258
1549,0.6224335647044849,0.8706166026322588,0.9933497232867412,0.5348035332943383,0.511684719899507,0.3051363957688704,2.758311492011273,0.5590184075915967
1550,0.6048985606783955,1.00047560007597,0.6925432136050469,0.7917747874801414,0.9622025571638233,0.7549017678927206,2.642368721753055,0.9405112450467039
1551,0.6619459819777755,0.8941885730760921,1.0159038780030543,0.7661859957818211,0.6227629620709273,0.7228708333651319,2.704099344228709,1.1121365374805747
1552,0.6433685009259078,0.7988903766290812,0.7241250045052312,0.7121196275877981,0.5664580387263429,0.9820473862468903,2.5128160802653823,0.4528466177140147
1553,0.6693635932065398,0.70465949376856,0.9828007702254101,0.7398340281817611,0.4579154415256565,0.9492725817351836,2.508504726449943,0.5445459416214847
1554,0.6539753717401042,0.8176206125379848,0.4160431755490692,0.8109922831346243,0.6678496747185569,0.5974716833137635,2.913147167624661,0.6753968967275868
1555,0.7779359592275867,0.7721657154262186,0.43444859582628054,0.8143548002615845,0.6438532945416617,0.7139814031178752,2.892640975012517,0.9718499531243507
1556,0.6419325797542986,0.8047224489385474,0.7512843630814452,0.7908994389693681,1.0580075671325693,0.5522196373014348,2.3978642461651343,0.6779216556745971
1557,0.5321742479863054,0.8323661780095295,0.8050797473789597,0.7305839871222954,1.2088523706859924,0.4740281243922207,2.3608043690241014,0.7196206641096561
1558,0.54312464196638,1.0998652115926517,0.9342884425797683,0.667948845698943,0.7161823679376143,0.967836112250067,2.7204039921709873,0.8381655922478232
1559,0.49111856652565683,0.8683530356585368,0.8668230510286441,0.8209928189217983,0.5797795905544225,1.1257117076300147,2.7781827775429044,0.8886805427524327
1560,0.6836763290511243,1.169193400178273,0.8553402333202385,0.3002585155285223,1.093350849948632,0.8471033235871765,2.619772890688236,0.4544052770637632
1561,0.7499413086012482,1.1152986696379226,1.0053807830068533,0.3066885029711119,0.9472361040381739,0.6742661347451463,2.658770074545892,0.5316681054440893
1562,0.43249258157547005,0.45919385084302944,0.7551220571633898,0.6608911743028678,0.9625112039872386,0.44242924584570653,2.417846610205296,0.55643266637846
1563,0.5030449246222958,0.3996155415701168,0.8578588632407261,0.5571420831410994,0.9059508671709878,0.5141177062556097,2.4384193157266534,0.6239573477117709
1564,1.0789342587225446,0.9481908944907264,0.9223022989838736,0.643480600938858,0.8690661153178729,0.8246181479099026,2.6431658250889205,0.2532278714206759
1565,0.913674235972356,0.7177578670751591,0.7744137119750992,0.6142362883110866,0.7844456364704896,0.879639131294027,2.4849339527729803,0.3641718184107136
1566,0.7271666167557316,0.697738335825159,0.4053599273063552,0.7350637388156962,0.818200491116443,0.49639337854608157,2.7174812799394794,0.8291227361640121
1567,0.7890364666724203,0.5715371501782734,0.5315036183213607,0.5765901557065394,0.8386419659696788,0.5916677599368032,2.85248326035206,0.9516172831346242
1568,0.945723805438047,0.8078092251717985,0.882434523612644,0.7681296793835023,0.982411835218246,0.5858276908544248,2.7029593161104013,0.8534955454364923
1569,0.776275239646642,0.778008849021858,0.9758658370074751,0.832719565694711,0.8798746404646367,0.7311352936472635,2.617723060837676,0.8682942716637013
1570,0.5258216594766542,0.7325565933023679,0.7816920957628284,0.5525239502486339,0.6533353571374895,0.9021016886818825,2.926634651200876,0.5949582335114628
1571,0.7334498031053582,0.768051682067129,0.8292757388795817,0.6531862651771512,0.4534753231719201,0.9154883813898548,2.8364221183533025,0.7331058568184952
1572,0.7275006985232911,0.8118723160465149,0.5696078402345615,0.8082163719960799,0.7814149102437138,0.7251336266929671,2.605229577932694,0.6422436927075394
1573,0.6038232503189952,0.7991113368792708,0.6188965206730425,0.7369569030539899,0.7459804532201787,0.7759099444333157,2.6831389730631425,0.7828877507666269
1574,0.5823066403688086,0.7012123545816344,0.7555041921645118,0.6264135507407259,0.834475968621796,0.8449984652345622,2.792873912895831,0.5074113069397909
1575,0.5333253373907881,0.8636646543640772,0.734036233831323,0.6434038003893554,0.8195443918386092,0.9853419458392306,2.703751311924163,0.6265944545302657
1576,0.5635209528368655,1.078889094739793,0.5884267842211117,1.078895223766316,0.7293071976927785,0.7186594967720473,2.462032787256542,0.6676958983571014
1577,0.7824370598474499,0.9656496963507486,0.7554967937750344,1.0485497427140145,0.6215886559935916,0.6085142730057312,2.360406838860589,0.7598482040511239
1578,0.43181931051824857,0.8289658952892954,0.6564976645572884,0.3522799861316365,0.838995528917311,0.6019151140392955,2.665721424430639,0.748296159445144
1579,0.4576809538594674,0.7905936813967638,0.5594664571184972,0.49569851070386306,0.7775312785331314,0.5794791883624549,2.51364686317684,1.0058516260856216
1580,0.43355827527410185,0.5309746822272765,0.668785407112022,0.8700927740602761,0.7725876590294551,0.4983337497759676,2.9206319627421586,0.7919607987917829
1581,0.4333685284696791,0.4264517044024948,0.7707540324318827,0.8746591908224822,0.564984775082445,0.5843786653878001,2.872710151840165,0.8519038048945866
1582,0.5363065657585967,0.9993673837868633,0.851155776296704,0.775191261534808,0.7155127597770893,0.5501316187366165,2.5103539234723553,0.4387946507217335
1583,0.669272842120052,0.9792940933977632,1.0801270244755323,0.9506733787057955,0.6246136037187461,0.4378160452128924,2.448476324641288,0.521657106754176
1584,0.6841077140526791,0.5287408840739153,0.4643844639244751,0.42669521034601715,0.6987352257472015,1.2946474034692463,2.5914710378638883,0.6078317358126414
1585,0.8753556785525569,0.3893131589655694,0.5341819783673754,0.5332514260920966,0.7110572462609626,1.128589008020236,2.5321073119561066,0.7864205335179382
1586,0.6733530206410996,0.586272004888545,0.3993073178676864,0.552283508818373,0.7975043764374253,0.6983420294599052,2.4655152259069157,0.5780969236635789
1587,0.5701174704110245,0.650816128833567,0.4410143230756588,0.4676701805019332,0.5846260820865545,0.775483666953863,2.4534915645762814,0.8107723443888559
1588,0.4515246643017461,0.925243718749567,0.6052168241625797,0.6581197723029897,1.0344607837743456,0.42259843989570833,2.917703895130014,0.7350736033349994
1589,0.48843960809620574,0.9245521632791445,0.6528877307315742,0.5319605108631437,1.1659959685574772,0.4137247553357433,2.866334171395209,0.8953907802273978
1590,0.3527604458711741,0.4958615532011864,0.6726446253828802,0.8226430756000045,1.2849948999866168,0.8431003687366163,2.430829818985684,0.8536487234145123
1591,0.2898692925927187,0.4850514081665669,0.6522647311792066,1.0213186911104004,0.7796625933343106,0.9703440314092808,2.489036078603925,0.8497827051376114
1592,0.7797184680783358,0.856621707150873,0.6911954021276494,0.7725513380615866,0.7225628575212361,0.4805051435639523,2.68125176258892,0.9938743255046097
1593,0.7677896438518705,0.7502951194074149,0.72932632834795,0.905277348255231,0.41966790615373845,0.4129935665256567,2.7949637992070393,0.9347707700656963
1594,0.9956190687620844,0.7805810628189946,0.5960737755939625,0.864910580872729,0.7027556187689922,1.0864138737218556,2.7693317112723586,0.5568962863302014
1595,0.949224105380637,0.624097596657226,0.5622756247116486,0.857196478207228,0.5826158855756589,0.8636040952189351,2.7644529847900405,0.7860938501398553
1596,0.6436838751592808,0.7148068306486964,0.4527168316712983,0.8594372516290819,0.8257745926950222,0.5746957947013749,2.781742615126216,0.36849303674545775
1597,0.6773083453790822,0.620344524635246,0.4746814911483852,0.9473040615727932,0.8230719944717333,0.5708110688902884,2.8257091012902293,0.5818664123523702
1598,0.8294028109339374,1.1006904638610226,0.6315220078920322,0.5959185546071016,0.7799985428482608,0.6475663101029924,2.6142937829429678,0.8334478652539876
1599,0.7063231026003157,0.8274495106714871,0.6769533378060445,0.5729217057445248,0.532849562052368,0.6344129082943376,2.6259074081985094,0.7760228906882359
1600,0.6848233324379249,0.9868612197078503,0.44484785854383824,0.6269246255425942,0.9927331006194298,0.6646089468614003,2.4744812814412236,0.6847970512518105
1601,0.7356523878129526,0.8601119673117087,0.5048066829300171,0.5325976362149478,0.7791936180019322,0.6357391229867384,2.3939272058403533,0.7197403377745347
1602,0.7522537750505027,0.8560880866556715,0.746396443059343,0.6686740807449577,0.762188994695333,0.7368959207878627,2.806225481402806,0.43645326169408943
1603,0.7703435732358062,1.003759872028022,0.7251841460563555,0.6951456193435296,0.5471657855311993,0.8100534862278975,2.8379380798501272,0.5873278340678728
1604,0.7314847705772138,0.6681825597192459,0.7594416556102779,0.39098458930778823,0.7629593937240994,0.930419958173042,2.8698246068184954,0.5806855541275273
1605,0.6250478779711114,0.6307402997185574,0.915705183026278,0.43166673092366403,0.9021055994371142,0.8573898879083481,2.8915036608825693,0.8707759096368011
1606,0.8733437895577219,0.5107227063199271,0.6198521573675639,0.8589035585377961,0.6806920361700545,0.6826141229867383,2.6578514297987583,0.4185915742899172
1607,0.8559601683593454,0.5501043160460819,0.5616641095664399,0.812990396854925,0.6512778810389178,0.6160489891031813,2.6937819895827557,0.518840540771547
1608,1.0375363234589727,0.6986832617584081,0.7835659540834997,0.9305067985042985,0.844387373210338,0.65346080930399,2.6788054240792682,0.7334120375120841
1609,1.0136094481084676,0.8029947933274029,0.8899029020633307,0.8747587849238533,0.6807996270443378,0.6429105868797039,2.6835568306486963,0.7956146998333781
1610,0.6214270581216736,0.5976655161358678,0.3728428271336907,0.8993762969067262,0.8120100988621439,0.8135166189606489,2.311311568123229,0.48860120596812406
1611,0.6581019110107736,0.6938696761559823,0.5243861614260295,0.9521263149276518,0.791620164876716,0.9039887238936541,2.5569581148382987,0.5358897296774626
1612,1.0465343660849324,0.7550606517762782,0.8590639596428427,0.4471578588632654,1.188396697437236,0.7682931450018107,2.6554615644165662,0.9220140521785842
1613,1.1091957886944004,0.655350485908037,0.9381784511754081,0.6448066403688083,0.8172001135601539,0.685483251341597,2.6800025237084713,1.0245021721942111
1614,0.7630850937491339,0.6272274938643883,0.5811393095599648,0.5809756686792062,0.4397968960244127,0.5190510381189972,2.357278386278833,0.7612555531692439
1615,0.8766026265656293,0.6396675681551715,0.5650784154197432,0.6423042518526811,0.43014090490753687,0.5596703297223553,2.3209531855821344,0.6846374963887335
1616,1.0460748321508726,1.164969485077525,0.7495649521017487,0.6349611503060446,0.6437056472067285,0.6732072410525571,2.5442841512647614,0.7636573260795795
1617,0.9022353854798308,1.1066141334989446,0.9359294331221075,0.6598973488940866,0.4092092810579102,0.6301126157650717,2.3437126575277123,0.8566814926501296
1618,0.6692241905030546,0.5925744971557929,0.8226013992514997,0.40999881074184824,0.895985630847261,0.8299559852052958,2.546811799462582,0.741501124647763
1619,0.7092811142952705,0.7074577753379876,0.9922825849627039,0.486267988975843,0.47134874284178524,0.7620253538145743,2.500218917241348,0.7334409600904753
1620,0.8052856629916589,0.9217333790252236,0.6114256760925297,0.6584491696694328,0.842962162800002,0.6707722116876145,2.3423186605631408,1.0594485958262807
1621,0.7408953880041762,0.8943805381518058,0.7296341289293954,0.6867692343108978,0.7474715781562931,0.8146299427718582,2.2840257358760945,1.0726085497824427
1622,0.66121785768095,0.7540720064856836,0.7234679748523702,0.5150309956221066,0.6981428412571641,0.846876234310465,2.6284430531692435,0.7423973989640148
1623,0.6297428114130795,0.6627968444527415,0.7813073193694295,0.6122727004083479,0.5716194813708629,0.9150606592849974,2.700760642158037,0.7771230376083456
1624,0.8267556643336886,0.4730511387712362,0.9144514350071642,0.4377540414423454,0.8203123247375496,0.8635393774600271,2.625479686093652,0.9825912943823807
1625,0.7868463878764047,0.4629602750185594,0.896739437946766,0.43662634397316646,0.7879182106015598,0.790858185741848,2.6431132627166916,1.0782367494880496
1626,0.7401350287571639,0.9661800770702388,0.6340525453406638,0.7074856764119573,0.8440165473539253,0.8640880425927185,2.473284604933006,0.6531377888226042
1627,0.668823172705296,1.0099215169663804,0.6342642394549854,0.7655919914039272,0.8359149543066665,0.7805751090549227,2.4791682181102774,0.7534508746797065
1628,0.8274143864704899,0.7402276475900422,0.6489997651447756,0.6127303665960173,0.9840738241621465,0.6584696723539251,2.334848239103615,0.4615291108441513
1629,0.7473358383495049,0.5002977607996915,0.8705350450855548,0.6059180688898554,0.9381755619245967,0.5626335215354971,2.2762528692157584,0.5345121493797036
1630,0.947677353559032,0.71061744136551,0.6558630053353107,0.7162152012712365,0.5175730174778975,0.6839687344701784,2.79460199162796,0.574037072564574
1631,0.8689193142249102,0.6606127194207986,0.6135954274665025,0.7429214027984473,0.3925451164039274,0.7800461729608382,2.7874556121542384,0.5858515059107138
1632,0.7677335938453954,0.6486420435833778,0.614892719580512,0.5854732816648228,0.6705968385411611,0.627610227248945,2.561771102057288,0.7497932381453304
1633,0.6496607055528678,0.4864027072782114,0.6340603668511262,0.642981433665134,0.6132190709670025,0.7556489502486344,2.551721316269681,1.031397895193467
1634,0.6419385335183705,0.8044066515841888,0.42092394504022823,0.7472886313579126,0.5378379224178109,0.7683438396276491,2.5085166339780867,0.7022780482802657
1635,0.628742856977776,0.8172830431361788,0.5200386619051715,0.8332252851159424,0.5148905714142014,0.8258384642119599,2.556974108384124,0.9167669659696791
1636,0.8900950424014952,0.5855724526452086,0.6163643633365546,0.6453431501148205,0.8171610786039252,0.84331903811943,2.258579659253055,0.39986746740753704
1637,0.8229677159692457,0.6066046921006266,0.6751673413210495,0.6211028408734174,0.8542758089845619,0.9365415466507513,2.3790225086267163,0.5776394327383603
1638,0.6217161511689328,0.6554818918386092,0.5932348391804505,0.7585202968747833,0.954180653916878,0.5312233682889846,2.679154477888234,0.8845989196059801
1639,0.6588314799330045,0.6138471780414726,0.7495183434935916,0.8829232279836288,0.7214341385476365,0.5285531802783331,2.6680264924904145,0.8846820970405392
1640,0.9230790748976963,0.8138794480441491,0.8037489509518079,0.7306831581026815,0.8270103041594697,0.6219440866876146,2.5912494792302643,0.3041801606909125
1641,0.8107463110612758,0.7497622725580991,0.842672048248323,0.7351396931232286,0.7394173673630768,0.8202404564476987,2.5334754508555473,0.4557530885411615
1642,1.0044167264184327,0.5137390588887336,1.0697907870329426,0.7182882477946488,1.039952046906293,0.8237928956415322,2.7649774117454577,0.8691478481270272
1643,0.8756659452638285,0.46158966998929346,1.0110413929250963,0.8943670107358057,0.9871712385605865,0.9505707200911633,2.7667297286548607,1.0808200245713606
1644,0.9077885797862412,0.7913281825786465,0.7727888902410374,0.7285004776961439,0.666335157847139,0.6021483323425298,2.3928896610742263,0.4062557785016213
1645,1.0332920809361814,0.7737401930593429,0.6342211184810745,0.8014989113940871,0.5969585655030546,0.6226420190430945,2.28513225968126,0.47705842749801264
1646,0.6002748971428428,0.6951977585947734,0.7472962050098411,0.6581138185389176,1.2195255791469528,0.5893031542363059,2.4481646133046118,0.43637603802360203
1647,0.7058764976988205,0.6294925054635149,0.76350601584795,0.6848654319074152,0.949334585505731,0.6457088684491312,2.5698482816648225,0.505419394842097
1648,0.9211947536742859,0.7099498762138255,0.9589203282206114,0.5519732421071015,0.8209552285909747,0.8225099771854926,2.454778393787551,0.4171302181741643
1649,1.0442508948101537,0.7898970184042383,0.9353021722896067,0.6749903482867409,0.8875548882920938,0.857611869662957,2.5088449372440254,0.6424485868158184
1650,0.5721761432764669,0.8384727944458332,0.634595256709283,0.7001479302459573,0.7862749291918457,0.41283528102553413,2.5904805248269036,0.6321273214146342
1651,0.41956278140928105,0.9292288123079102,0.5790112345344973,0.8031253530160051,0.5507482414039278,0.3740867106335022,2.5067177084605263,0.6834675241876139
1652,0.9827210804250969,0.7172012051695545,0.8201170472900393,0.6289689247500667,0.7390151527984476,0.7978563194972016,2.7716963169728555,1.0790742598094651
1653,1.102611777031821,0.6848085356589703,0.7883508649660698,0.6945221966701762,0.8102378776516839,0.7840758321184975,2.8135913765013103,1.1752301913335665
1654,0.8824335021082237,0.8484685732358057,0.4723665585693054,0.7745412071504404,0.6927196082559202,0.8516073134578503,2.6657546808852457,0.8804310545117066
1655,0.6259556366945223,0.8765969206600916,0.5597093646785839,0.645500238848072,0.662455787416689,0.9205403654137018,2.767951664844774,0.948939346209594
1656,0.5247415921200522,0.5084810866561046,0.972843953795582,0.43282419721320337,0.7705973668196169,0.766200369439791,3.0922718040964496,0.48266214116781075
1657,0.459341498177963,0.47169328751208456,0.9066869882407258,0.524659684048447,0.6605575156562933,0.6939608503634545,2.900130527127215,0.662560736898696
1658,0.9159355846747859,0.7818183941712984,0.6489241613621443,0.7106463639439002,0.6893028362727909,0.7552181636305142,2.6772504276262166,0.587005061445022
1659,0.7952027960118951,0.7156039339845618,0.6612351205897312,0.8660198186662559,0.6462059927140149,0.8308596579110249,2.7329728310000667,0.7698973914552961
1660,0.6187492964590944,0.8103325394934027,0.6268552233825693,0.5318828640716713,0.8021709856844375,0.2667847571569149,2.6383698529201762,1.047929807674908
1661,0.7169285287891071,0.7960290697846863,0.6271254336331915,0.42459919500828547,0.6670698342914722,0.30297055515012866,2.7107047048177506,0.8958996367579748
1662,0.510372631006542,0.6866555144100918,0.5416657519804526,0.9087864912127038,0.9619847340229799,0.7976095011818826,2.8204441537891074,0.6200603638476389
1663,0.5423162294858057,0.6304125948360547,0.6614439254532413,0.8365820963373655,0.6883326506578483,0.728375025529644,2.803434598222856,0.7111416204623927
1664,0.6684970877106489,0.3033210535844992,0.9667490696249725,0.612093416506664,0.6861643439092808,0.9398683411932786,2.5985815194907267,1.021587704594151
1665,0.572997484789607,0.254881615733129,0.8661978332049851,0.8101034072078503,0.5293962938389203,0.9756124665446487,2.6848863577128927,1.0269183187625173
1666,0.5317062941583478,0.8896240240602761,0.889239247666878,0.7677389492260324,0.5985587259388578,0.4927341221238507,2.3584091482612726,0.8003650848983853
1667,0.494501834195644,0.6359892536738526,1.0390563709734773,0.7357043518017463,0.46249538570386267,0.4824081723215496,2.3267852578915993,0.781137301603614
1668,0.9671447320420946,0.6016569865792685,0.7879547794279622,0.983748337550935,0.839284271439669,0.8382941089275845,2.3793422167363065,0.5223517267378605
1669,0.6259123404581614,0.6289555725965169,0.7587408340039874,0.8240255881574149,0.7641065723733508,0.8457746427649498,2.334928527287364,0.5002133865982604
1670,0.6661263529836291,0.6425442701619573,0.42075699178767373,0.5650398035845001,0.922590195264261,0.6383400840998155,2.582935345826715,1.159625095634624
1671,0.6528254791024924,0.6534667630680617,0.5166463759578502,0.7486475041214847,0.727839712550502,0.5769671831855596,2.5069322918256582,1.0454075148577238
1672,0.4716298391161311,0.7697526333711739,0.3882528206475741,0.6199474175927183,0.4896625657905397,0.567368088317129,2.5976505440944626,0.3361067441199297
1673,0.4594377799075368,0.7176289272744129,0.5838938717720474,0.565338761151062,0.3410858383495052,0.5802619180403504,2.590662026999878,0.5603276072337507
1674,0.6918783624417236,0.8712202962670045,0.6698685389818857,0.6257969280734149,0.9661057426505623,0.5505297472835646,2.5734044563514376,0.7301310053357433
1675,0.6567723839465772,0.8175756238176839,0.8096083259518086,0.6122846079364924,0.8230986987788327,0.6349720363297681,2.6770264028627655,0.9400085901387334
1676,0.7645273192097163,0.8741475176371791,0.813463035084,0.689710829339042,0.7334329633175618,0.7639655497820096,2.705110607808721,0.44663589803767384
1677,0.8167643946823825,0.8854382976737863,0.7453067590419723,0.6899480309935917,0.7814927322976367,0.738616178009529,2.7627298383175627,0.5087798689602161
1678,0.641398711400562,1.0426437591058582,0.868132075408348,0.6338077700341862,0.5723447164168778,0.7758374777600294,2.5181756896082237,0.7345883865982605
1679,0.6313889820736043,0.9325650482487562,0.7516213340998158,0.8059790862084723,0.4858263163339999,0.7213791100455815,2.782800910435371,0.9378622307000645
1680,0.5162344721363675,0.8261324895188705,0.6361722004722337,0.6567865823420967,0.9869318186347462,0.7561396976284599,2.6551958633046113,0.44042109234365134
1681,0.4964896602756566,0.8903016289937138,0.8045366128893556,0.6788193746162534,0.7214885686662561,0.8238477488811364,2.5234254172094053,0.5477992479863054
1682,0.3614860599752211,0.9664903437815099,0.43388495865218357,0.5148895499097809,0.9016544853969525,0.7762980331985097,2.7322383298181836,0.6446813634647588
1683,0.43556047501208406,0.9521640805209254,0.5074162391994422,0.6397246396660669,0.8985438941074124,0.8534653534951469,2.807399787480142,0.7806161870199921
1684,1.0248849055787683,0.8427849945032436,0.7035554360932186,0.7251400035780246,0.5530448895698056,0.4097267327448357,2.7238917862019973,0.8086371188324445
1685,0.9401022304760321,0.9123978696638232,0.8135057329369251,0.8364301151262161,0.6078773229163782,0.54796433349247,2.6623169830966393,0.8778264305019327
1686,0.46651067120355205,0.33073420574452433,0.8085681397934049,0.7387574484594053,0.6950490897554202,0.8371294921071019,2.453009835473788,0.5583640193310122
1687,0.41045834467590736,0.3200718833072884,0.7272152683727288,0.8895480697527436,0.794286194273602,0.8826907833262811,2.576865122954363,0.769920185007164
1688,1.1211693537826317,0.49233310432609206,0.5253036094062933,0.8680265275429049,0.9399749105631415,0.5013556329878602,2.550122775721734,0.9108312135411615
1689,1.0801161384518083,0.4710949492579748,0.7078772528113977,0.9305156415191815,0.8970874702513106,0.5092061464396685,2.6644255769420333,0.9669057352372386
1690,0.6553847638670647,0.8744312553038006,0.7171975422728576,0.8978430725011217,0.6989672472835646,0.8545421084799526,2.2597118658609,0.6118702379851839
1691,0.64017864295704,0.9434949395443378,0.7991993739773979,0.8126107279836295,0.6224820410590322,0.8591025714780862,2.358390265464636,0.7377079961651342
1692,0.8238689225451491,0.7530449246222957,0.6713918988681862,0.6076884223539255,0.5819314806361789,1.1187170615089075,2.2934211334031174,0.6039793175478261
1693,0.7791738889633261,0.6751381708841238,0.7568753955772136,0.6425798174839401,0.3389239084859948,0.991929022015072,2.4475424599942133,0.8062905496866148
1694,0.9037544114899153,0.8353944381064798,0.40511846437167376,0.853502520704985,0.6222822544728556,0.9436292347257212,2.619965278884935,0.7675748852242885
1695,0.7295762111765299,0.5922369277539877,0.4616685135476366,0.8795822350455823,0.40002659914962924,0.9746003567226666,2.5997985234209873,0.8234561724816964
1696,0.8012687576041142,1.082544017285808,0.6485958580962062,0.4964167704813852,0.6161144805079751,0.9287389111700546,2.5721235809042384,0.9655474608571017
1697,0.690065238528644,1.1645774855570994,0.8645605055593433,0.3426075783479501,0.6708200170626418,0.9362203939157563,2.655937515017438,1.0222669294154454
1698,0.8159469639244749,0.6071525109913478,0.5961078782905396,0.6147161496671888,0.9223799457753459,0.46788476386706446,2.6680765887328186,0.6575610673885445
1699,0.7406530788275246,0.772676367107102,0.7221117434810743,0.5188434300223582,1.0657120531373008,0.46481422903817404,2.6208605316967666,0.6405418951615245
1700,0.8224656594447112,0.47776928888605713,0.5243239823930319,0.5879582320097191,0.6495600899470771,0.6136671204939029,2.6948020961776513,0.6567171801820716
1701,0.7150339199254074,0.47805447117808436,0.5904320484723556,0.5820261424778977,0.6116907788210495,0.6585618680658182,2.7605116105890417,0.8380411615857437
1702,0.5735463251847481,0.6810466206221066,0.6775085550862432,0.7104866338183726,0.6512043928612117,1.0281154183917212,2.728025125478709,0.7110235666853708
1703,0.5802672734209875,0.49956248597192277,0.7786601727691812,0.7270089296390442,0.597853818314885,0.9526860413465174,2.779411689001311,0.8067123180274001
1704,0.3182768685449596,0.707099455393154,0.46199664155112435,1.0506605548307009,0.7623199775049203,1.0381693627930944,2.722216868225532,0.798152212550502
1705,0.2700460602946493,0.7890171607547982,0.6116203551566042,0.9602254418450844,0.5280528162377387,1.219110362953674,2.8169869748204275,0.9139042144998781
1706,0.7705016834734774,0.4034211759643253,0.7834828492450243,0.8697665138031788,0.5236018118602785,0.6686073925732933,2.744004111547326,0.8279954618158181
1707,0.6864934934171891,0.4632364390332534,0.8132613807514328,0.8344609965803903,0.3102834647554204,0.5465729779201765,2.6928877582753445,0.8244990726284597
1708,0.8713171763800145,0.8520664242709252,0.5766922159377365,0.2900234920751587,1.279986810582567,0.8537008626657564,2.4651542645698052,0.4485974429315717
1709,0.6330427263860567,0.822900955201497,0.6810176980437164,0.3446346146466417,1.1485859935769027,0.7096646939217979,2.492526937148196,0.5233792317222339
1710,0.7787533899854947,0.7136737777988804,0.6042450186597808,0.6820993852881736,0.8669567478265916,0.5045459140777137,2.4351947566777725,0.5250042287187459
1711,0.7730272886624574,0.5487737674774644,0.631036192771858,0.6100460527859302,0.786254601769803,0.346060846561398,2.3238436628634545,0.6944844310769026
1712,0.785838188809654,0.8513526736320696,0.5342507821439643,0.30431794350654184,0.5234527198999401,0.5629102839336271,2.747969300804612,1.3604435829494423
1713,0.8480729108186835,0.7549167399341262,0.49603608010566874,0.31387987116513394,0.4635025632661935,0.7391494479798306,2.70602576492161,1.260033193858346
1714,0.6456216049968904,0.7080115479927808,0.6186679867709249,0.8450397184620824,0.5825029393207385,0.4394786325402289,2.683406118800502,0.6089980451170645
1715,0.5697213848729181,0.647910854773291,0.5867492248523706,0.9066502441518729,0.40643770379558186,0.4905013454749103,2.7443819126722313,0.6199533713567911
1716,1.0466760596557936,0.7644737353330668,0.7948383470405396,0.5508638290511244,0.8019543593104653,0.8511547547922832,2.4427826335308875,0.7203306792557314
1717,0.9970789802524327,0.7085597900044872,0.8935629321314477,0.6348531363107759,0.821939787863888,0.7582227839336269,2.4156495561407882,0.9037478593424073
1718,0.6843896565689948,1.048032043168555,0.6060554285844999,0.7729317805787681,0.6675486741431542,0.5524623695990716,2.613452114007786,0.57741540797491
1719,0.5941761022170023,0.9326792638666315,0.580116561572793,0.8182068680015,0.736367583077214,0.6302232711526164,2.540601926028211,0.7570141998972635
1720,0.82190448840044,0.6048755918640771,0.8665538622824424,0.8237655929509974,0.8565502619820073,0.7686590385985715,2.6745903519934022,0.7771957521401667
1721,0.8035119971557934,0.48510950118188295,1.0344986219637038,0.8018303517693698,0.7569977832304526,0.8264651266610246,2.696692794286119,0.775312627683627
1722,0.46837160049165877,1.2075902027729801,0.49502379502123606,0.7051869852372388,0.48533641519614373,0.6181647334795195,2.5116520618283356,0.6223676501787063
1723,0.39538507432186,0.9734843915191818,0.5153273117963929,0.7454728660525569,0.43546045778972853,0.7367265014054823,2.552068925453241,0.722415034923853
1724,0.8213328544534302,0.5530072992389818,0.7136682471557932,0.39860036723487285,0.9169265208327559,0.4344923151836271,2.6220611189602168,0.47570177300573113
1725,0.8323211892892288,0.7128680793066667,0.8559359301820717,0.3333680001912237,0.7693813843937759,0.48343380955953186,2.4566310784442114,0.5830799286483854
1726,0.821069794733751,0.8811932815051093,0.8476386365663183,0.8785976757726683,0.71396576009695,0.6282243837864299,2.5763714863237266,0.7295815665571662
1727,0.7778897737404153,0.7426686307190566,0.8514795704239752,1.1221489807958926,0.655925009105858,0.6752773983251587,2.6592973907521213,0.9938223615158159
1728,1.014607009010029,0.5980661108126416,0.668259958652184,0.6053624284886713,0.7583443253448956,0.5194273946184976,2.428679548791783,0.41906301575212146
1729,0.9337140946443978,0.5822450597192458,0.7915205707753457,0.6930409362533655,0.5140854713054226,0.4573472952128925,2.3774718460498807,0.5401370367135147
1730,0.7698548688648209,1.0684657691074129,0.8714912801635124,0.8136355189796413,1.208563876022169,1.0799882201554827,2.5462064859399796,0.5528590535206142
1731,0.6741158460179374,0.7954678987404146,0.9544244077189349,0.6754022521082238,1.0613680412506892,1.0214176868283356,2.5689357659442114,0.6627258224048604
1732,0.4830050659502535,0.5952543018272137,0.8278749419089698,0.7892783527280864,0.6696430695930297,0.4103160527216118,2.521250135192345,0.5436570656947107
1733,0.5056629007856193,0.6370421936023706,0.7933899199573506,0.769708067771858,0.6373555248269025,0.4125340325915968,2.557950072500689,0.7931410586331914
1734,1.202507603686803,0.6209190478330675,0.8614394513670645,0.3909143409057929,0.9324646805014994,0.5987252560704279,2.58875695523344,0.8140314292552984
1735,1.0710038802079724,0.6567648102946487,0.8504241643656316,0.5181602944458327,0.7528904772813211,0.661622363112955,2.6729811732802657,0.9214516117713581
1736,0.5729420331665669,1.2836521960313207,1.160530986611644,0.6859066395702386,0.635991895066129,0.4125463632407261,2.231832204498323,0.42615087908954197
1737,0.5035888327577862,0.9787269685894199,1.1058273178033677,0.76822229821638,0.4280315374162552,0.5141628702383606,2.2535342273767167,0.5306449343359325
1738,1.084050537384313,0.717372244439791,0.8909728570420942,0.893551024603303,0.7757750508684974,0.4787415175098406,2.412103245973477,0.7329699417492556
1739,1.261683450536552,0.5039356682954595,0.870141673535808,0.9035059732867408,0.9854887469321937,0.519977081255609,2.3221126948805146,0.738051519331012
1740,0.6641559650748476,0.8924251948805145,0.5383781676566043,0.7242040959221091,0.803460456287985,0.6353878509064822,2.4396174368602774,0.8581730407072284
1741,0.5227794488427189,0.8994366807894181,0.42617860490106196,0.928007897622418,0.9510140126208632,0.7560774459993781,2.3114538600775236,0.8207615710313207
1742,0.830523533134624,0.586820246900251,0.5315075290765917,0.7871909325467039,0.4832426181297036,0.8203852145318206,2.6088017461651347,0.8458530632023084
1743,0.9042367389758432,0.6658799577892959,0.5249452894614601,0.7059672487853084,0.32074149146781267,0.8526592318819475,2.5968965617325064,0.9118098190500025
1744,0.5030042697782114,0.7418308725391065,0.5733440724687463,0.5502381881064798,0.7329824476608361,0.41602982339551964,2.6525924360617092,0.6531604071120218
1745,0.4762415951235396,0.5735943784183106,0.41793880591718885,0.5496443589910374,0.7038543936597808,0.5970392768077883,2.5079564844382354,0.9217885827897284
1746,0.36293653006725113,0.7605034385536784,0.4404880283738506,0.6960998114126467,0.684103628034997,0.7778819522299526,2.4989791197592184,0.7927069596432756
1747,0.493238644778211,0.8004578789937138,0.5792336394100915,0.8519982188777708,0.5347148252166916,0.7696707252995697,2.492295761853804,0.935668489007353
1748,0.6510645670367412,0.8806084706669998,0.3795881888096536,0.7592404243986965,1.23647066481283,0.8125895543196167,2.851082040260462,0.8648876120584102
1749,0.43931414541749975,0.9098951306227956,0.5034543623139527,0.7777877135092188,0.9789749836716092,0.6941403095275893,2.7744935770378634,0.8811462497759677
1750,0.8204730763674976,0.75699080796196,0.8276291450980716,0.6051844139499427,1.0709160183722952,0.7863796308153185,2.6442425800737266,0.8755439807315741
1751,0.7465266522230447,0.5855878478075995,0.7607617412761566,0.6863279847900396,0.9228940850904747,0.7984425749607161,2.721431074034376,0.9660735077003757
1752,0.5163469952703034,0.8401207602566643,0.46909972478848466,0.3185355943884225,0.8697511186407884,0.8274418644234753,2.6986227026132665,0.38745818344153476
1753,0.3917307501592807,0.8737727810255349,0.38441741743300456,0.23851598552472345,0.7409019401516844,0.8458177637388603,2.658270308888734,0.5473218527600294
1754,0.6174226586457089,1.0054341916210516,0.718841845186992,0.49777155722727595,0.7429704775364299,0.7646577036358682,2.672033533358656,0.7967027639628926
1755,0.6721544763864898,0.9409362531632011,0.8182889513355546,0.485889166346517,0.7526494374676247,0.7708639141735417,2.7026002225196804,1.0121185710308878
1756,0.3208307979288956,0.9362857100580996,0.4229885716697436,0.6448626903752835,0.8176894163145747,0.7259118472321965,2.560152657208283,0.5882701186088458
1757,0.27557279815249514,1.050259113911957,0.3924654266036139,0.732406727696144,0.8118127784057931,0.6835018021466415,2.4733380135472043,0.7742596877551091
1758,1.0108336095660075,0.8436814440819449,0.6594614547538655,0.6913808150558557,0.8025036228265918,0.8467994337609628,2.6805977974493205,0.5703246553866785
1759,0.9945564395767141,0.8153079708262809,0.7977016968937758,0.800609437083878,0.7342563478395424,0.9625533034567282,2.7875703535594645,0.6684870479288951
1760,1.1145243598539254,0.7954411944333156,0.6899124836716092,0.4660560695291441,0.7216448111575374,0.6818108906243509,2.8057144066009365,0.5928009880490692
1761,1.0781287354927804,0.7201996964461441,0.8418164287761565,0.502973056332445,0.6435415832049846,0.4384045189476988,2.70192712672491,0.795882867075159
1762,0.5599978593424072,1.0568911788080992,0.7813902489454554,0.5072361816518729,0.9545079356783953,0.6330895102566643,2.5594496173307006,0.42644881515168404
1763,0.4842048069717332,0.8732618814861164,0.9055422757213007,0.45147558956376316,0.8466690493348108,0.5804703723789597,2.3872559307255314,0.5922040944203657
1764,0.9140465064541735,0.8407597533548581,0.3957776722257213,0.8756486823550473,0.8827618053741615,0.9089072589780868,2.4899025840998155,0.9034747598409747
1765,0.7270762887902287,0.8238377090993828,0.45129366426980355,0.7164749486191191,0.7306618091762184,1.0005119210438385,2.476739142509408,1.0478251060514354
1766,0.6746568649026166,0.6323646983316341,0.7210672234464555,0.5975176935384849,0.977948748050191,0.6436877859145121,2.583633701303178,1.0826848646146987
1767,0.689711077197577,0.6075217169599052,0.8489389931935891,0.5573755493028679,0.9250901176505624,0.5974493128828804,2.664735420532321,1.1168091004916596
1768,0.9556555374486316,0.8647021991302035,0.5444784072078506,0.6992339698999397,0.9707575551186188,0.5321812232547983,2.516091757061087,0.8084870053676865
1769,0.9965167877037411,0.7023792622694922,0.6091101451300146,0.7775908161738531,0.8020911206216739,0.5868354668001913,2.414627829658037,0.8655062777345621
1770,0.695597331767127,0.8926933621222954,0.44865536068443757,0.6198077670306991,0.6550149595150718,0.553606483735062,2.324574428552557,0.46731721593773656
1771,0.6334780221428434,0.8919210953471391,0.42391665781519605,0.6915134903493825,0.4941061717785221,0.5292377604802633,2.330071397590042,0.6351297234464549
1772,0.9685381306232287,0.7732588870778357,0.9376035048566019,0.7851848220534898,0.6034390723090322,0.7943100093298902,2.833559965266938,0.3978018192736017
1773,1.0022439105311989,0.7099244412696812,0.9770346124417237,0.8931167503509372,0.6593975832369275,0.833442757731885,2.8123797279516864,0.5503735047922836
1774,0.4604950537122704,0.9774366517439025,0.558781876916567,0.7234809038849352,0.8805004566717314,0.4547903013156963,2.4940630508046113,0.5538594310769029
1775,0.5200253097516218,0.8311210251467634,0.6304308792492563,0.7340456752296418,0.8452442620454594,0.37569877859745027,2.509934445998945,0.7196990845470147
1776,0.831027384809465,0.7632735711906016,0.5561218012837531,0.5835505238686192,0.9539590952832536,0.9480872143716733,2.5906183076425324,0.8896353332049844
1777,1.0287205566518727,0.8111236890651965,0.6847625254342486,0.643485956319495,0.9427048114769654,0.9710495374166889,2.5899396812046738,1.0117869553931538
1778,0.9068029990089073,0.4591070105117731,0.8702638133305123,0.5932724295112735,0.8299179717534872,0.7087645088503157,2.5617101197911616,0.6704927353011244
1779,0.7201655937495669,0.42655291839172127,0.803442419733318,0.6350662750505023,0.7546598818370538,0.8015340355950842,2.586519669445832,0.6900324051950224
1780,0.6070443217336291,0.8094387313069771,0.40104321811027827,0.605012105316751,0.8143404266036147,0.8267735256259056,2.593018635927463,0.6950078365279003
1781,0.6424937507985693,0.6617913593743502,0.4576918398831912,0.5637825679311386,0.8108187777345621,0.7896937441838158,2.667148079466381,0.6755233703985072
1782,0.7636807180148828,0.7743800323995073,0.5252748620903531,0.7905612711841263,0.9247891170751595,0.9213567746671889,2.424213572372918,1.0019648572656938
1783,0.6732661803098431,0.646926470762828,0.6473496837290196,0.7073146371417212,0.9004325492070394,1.0015176539807635,2.282401760384002,1.1349309583646987
1784,0.4358321298881117,0.4961173897938382,0.47291088982578094,0.6476872531308254,0.7604321686472635,0.7293115315689946,2.7687756477501884,0.7986211878828803
1785,0.485291426475843,0.29977065739950687,0.5706671570481363,0.572019054543216,0.5156574828087213,0.6643071000440266,2.7682990987658833,1.0094664921709877
1786,0.7741689366686215,0.6186554808593456,0.4325584961012482,0.7990679680468258,0.7455983182190573,0.9657334721687438,2.482900962710216,0.35070610688194737
1787,0.9001257701300144,0.7114286705008109,0.5238219258684971,0.7596993599493208,0.4940486771466415,1.0059497755615865,2.4594283385092184,0.5439570447656936
1788,0.8627769752041741,0.8854434777919723,0.8172855092660049,0.5320325544154446,0.7565869009133903,0.7685202342785222,2.51387004169832,0.49866289928387564
1789,0.9071896431486961,0.613246373657537,0.7993850347641389,0.4690159489704898,0.742790595251311,0.8484615979673132,2.5310196709475767,0.5632279490343752
1790,0.7224963446120215,1.1610324447527436,0.8786155370648853,1.017518412096828,0.7446658981973878,0.2540834908928431,2.639835119791161,0.7757487696823829
1791,0.5643568432704252,0.835626036521858,0.8925506470470143,1.032549582981385,0.6498689120329426,0.30794309723219626,2.5579024423881123,0.8523425882856195
1792,0.5292014395123954,0.5988229824254077,0.23911432377883285,0.562759995206418,0.6911506612658824,0.9072545361700546,2.8045867091317587,0.6947456230501913
1793,0.47833701207783585,0.3046758403303904,0.2636542615663181,0.5217078013800152,0.5173861599242862,0.9387252485617089,2.801992548024724,0.8202488763415969
1794,0.7297805069013724,0.6726581527988807,0.5213135835882986,0.5778993553486935,1.0909355496222954,0.8074486143595898,2.559052510288174,1.09167329057989
1795,0.5560698372949603,0.6167549182315744,0.603482193282943,0.6969515201295817,0.7334083020193031,0.8507065300029322,2.525975435838109,1.1509951648767163
1796,0.907132994758786,0.9600776192477011,0.8365539474048603,0.9962824753000025,0.7737789801570373,0.4420044129916588,2.441194803744214,0.33752251313194737
1797,1.0896197252365498,1.0662163279331265,0.722556903757164,1.0940243688643878,0.6120347251079128,0.4546539631254721,2.456150195583689,0.5719135066777734
1798,0.5837947007916614,0.6472227869371139,0.34753699945610683,0.6513655676121446,0.5959676293450842,0.6339435098409751,2.6207714004981337,0.9493163010925295
1799,0.6754480144744104,0.699869898484873,0.45516665781519633,0.6791349967081615,0.42688495715043984,0.543427510288174,2.6147061098854345,1.0064821992899171
1800,0.7779012581475746,1.02734544248394,0.94940050003151,0.6943049719127683,0.8032288578726069,0.8128675860807013,2.51879291065897,0.45092572766420125
1801,0.855174549430639,1.128081245590164,0.8937775154965792,0.8754772199638258,0.790718535179828,0.8971975272554203,2.4120044981140762,0.6326889155798904
1802,0.40175016874309166,0.668032446254487,0.8964059545626417,0.5240266447143256,0.8842909437620841,0.9076621061153203,2.655403223542717,0.46372514340423865
1803,0.28444563647048954,0.4941850153368654,0.9327997837734798,0.5301245933981965,0.9658221802463902,0.8868949693884225,2.7324463610358087,0.5467191806297036
1804,0.9871190993093433,1.0216979368607113,0.7874592750509357,0.8247156990024325,0.7997564590039872,0.7288530191393556,2.5752277953087215,0.7580893349942133
1805,1.0915765857293303,0.8195329074314501,0.8044799644994453,0.7919702401901018,0.7702220318245367,0.6878150237084723,2.5542807762967032,0.8451775012777112
1806,0.9000676771146989,1.1542486465039874,0.6994549301501296,0.860543177050813,0.636876684975221,0.6350609196698653,2.538128460090475,0.22101568257864668
1807,0.858548974085744,1.050994636598261,0.691780388228209,0.9586228152794551,0.5821306688389202,0.7538276543001909,2.5160852049135793,0.3557813075786462
1808,0.7163911728011245,0.6908108009967014,0.3553772252676263,0.671035621932194,0.7446584998079105,0.4497450447018086,2.707859391519181,0.49168322520417374
1809,0.6561650274151338,0.5819446575272784,0.5027714019998777,0.651270730507975,0.7560583879402907,0.5353770349877385,2.5808130493028676,0.7315129195097191
1810,0.8934286369500648,0.7348982301885465,0.45927311752235733,0.563444998529333,0.634259307195333,0.8569750948360544,2.6528150161997535,0.6650522393910995
1811,0.8276800875824449,0.5553793033289578,0.4980085110232907,0.7446065358191165,0.6866347638670642,0.7801938202957707,2.708746647558099,0.7155558807509997
1812,0.7302316209415347,0.5693148364320715,0.8938822171200522,0.6602550704554848,0.7450763573934651,0.9259387618542361,2.3406098877486343,0.7616735860172485
1813,0.8449553442606514,0.4415715833646981,1.0094272819523078,0.7489544584609604,0.6209106279391692,0.7038831409757206,2.1628839326425324,0.9022893924774648
1814,0.8693155750254676,0.6691155781243505,0.7606954036293928,0.7367885051760298,0.8226853503319455,0.4840471198550469,2.822114314768371,0.6903110353395419
1815,0.8374664631254721,0.5639026647170022,0.8430572477627064,0.827566542944089,0.6746710632981365,0.5345234585244127,2.7449657020059197,0.8166518715484473
1816,1.0370835169348702,0.8402450156562932,0.5612530519869274,0.7752711265975724,0.8387614643721071,0.5975207580517463,2.841067130815318,0.5922151557065399
1817,1.0394146909183106,0.6552886573999399,0.620975520960527,0.8206472527470793,0.7617452790446491,0.6379998733057337,2.843839379057166,0.7908353921899801
1818,0.4945424890397288,0.5276390446698656,0.7819958103265915,0.47353100012733806,0.8949394909247854,0.6500339975391065,2.520714223829768,0.41878889474626835
1819,0.4824989234080372,0.4897274588118974,0.9515261089271516,0.5487277572527436,0.6998684538594674,0.6032263566902907,2.5000608070036767,0.6097109495139504
1820,0.4170926278433407,0.9107127366431539,0.44699277335710136,0.7069374344002514,1.1000746874356813,0.7330050659502534,2.65597408384384,0.8868875709989449
1821,0.5776919951105894,0.8720502329364921,0.4596572955323205,0.6184111286738532,0.8507235450531789,0.7827998889309504,2.8566662727501897,0.8265677852756564
1822,0.41691665631345265,0.8074281116750969,0.5436605533289574,0.7092365486959551,0.9220821849756542,0.7147760403239148,2.553513441781199,0.6076229309491316
1823,0.5212070142184352,0.6668501434042389,0.669122553392843,0.799209063234251,0.6072192717590966,0.917137791826092,2.5580972967146365,0.7587878657331295
1824,0.896789534189169,1.1067196813643878,0.7211470885092186,0.6281288757027412,0.5184945514758428,0.4830116180977612,2.6053063784821955,0.78042746171999
1825,0.9718604160270896,0.8606324835118955,0.8294547749227309,0.6008547757213006,0.5508389924904147,0.4201679196694322,2.617212584419244,0.865827007348572
1826,0.6824281116750966,0.6666166772424701,0.46121000111799726,0.7781948603335003,0.7402545271595921,0.6986810434871169,2.556231435166878,0.756957128386368
1827,0.5879265954429674,0.6092731876273377,0.5483534437620842,0.7102203343229818,0.628824166665945,0.7321258066842485,2.497163777574848,0.9161612293260918
1828,0.7256810224627038,1.1158631530539898,0.6198870337100272,0.7265641924839401,0.540154898005731,0.6146937792363057,2.334112964275845,0.3344109003379876
1829,0.6942741815879871,0.9510503335887308,0.5983221952638283,0.7981096899600277,0.4543724437301415,0.630825943282943,2.4718242703216715,0.535745993097761
1830,0.6376300689537406,0.3972817261944003,0.8597495613491943,0.25553149485504706,0.5131725324638259,0.6484159758110868,2.465143976929518,0.7112958199448329
1831,0.6411151489963903,0.4901206550991938,0.9105297898447734,0.27805732537640504,0.5246621501782738,0.5982909818180618,2.399949623337676,0.924050952996579
1832,0.4793154423242261,0.6868811590613977,0.9001762894934026,0.6044191224432786,1.0783993688643878,0.4060331983635772,2.6349999374037387,0.8364972990149496
1833,0.4318714497694923,0.6637861607228551,0.9026216064986339,0.5431330618602782,0.8864167279201765,0.5992581029197431,2.5629780662057957,1.1545432701943334
1834,0.9641663929250968,0.6461495195865542,0.42803051591183533,0.9243841885221689,0.8032606697018082,0.8507399617199899,2.3398653467849972,0.8309370568439627
1835,0.9936258873014354,0.5788406183852459,0.4433220325277112,0.8729360443500049,0.8576937777345622,0.6771079604094695,2.300139017126094,0.7789466244241634
1836,0.6478379649790196,0.7705345168070994,0.8116103504273404,0.42028741807186043,0.6625186374292067,0.5544300435194922,2.796671550517126,0.5296788347386711
1837,0.6537439485871762,0.6675421219956464,0.7381785913853681,0.4082783056616467,0.7151142081091565,0.6417757388795813,2.8545762111765294,0.6604375941328803
1838,0.9509606040066639,0.7752407593937759,0.3694180583776495,0.7565144342401043,1.0092621964461441,1.0856973064282738,2.704302195328147,0.8288044726798283
1839,0.9709596325721715,0.6813647088438407,0.5102471788400416,0.7964138461780842,0.8469556762522437,1.004853889921609,2.557306570263829,0.8315313090803899
1840,0.6258275431357458,1.0577541966697437,0.533977682642532,0.9207906713632659,0.8426061337225444,0.6589524229608378,2.7917053853201166,0.208878053488671
1841,0.6747143595344977,0.9811621732168136,0.6033265491750971,1.0011548248972635,0.7197814157396043,0.7073655796260938,2.8799887834864277,0.4337303360487583
1842,0.7778610264244751,0.6847898281247837,0.6515245240917854,0.7865198797607732,0.603981958940102,0.3751895715419724,2.6432456901516836,0.24922942570878312
1843,0.8237134536997532,0.526205239103181,0.7716240255620199,0.7820884291594696,0.48414076019234553,0.43823739043269405,2.6584740062301413,0.45078896635299265
1844,0.7919835923436516,0.6853245427204897,0.5763119486830047,0.4812433076425322,0.5744163183148856,0.5924221654197437,2.516137767285809,0.7396333953536143
1845,0.8700921756768399,0.5142739487468908,0.6657596131448984,0.4075401415830674,0.5323220705836887,0.6352368911997531,2.617545221561397,0.8920841378444627
1846,0.7810307322337506,0.7697298398193054,0.8022165727881739,1.0036313553482608,0.7119941754212981,0.9490960118218599,2.5633226108760945,1.0394093355376741
1847,0.7980565292043629,0.8286720452448358,1.0369174099242862,1.0240381291214848,0.5300892939347486,0.8181277765846222,2.4760789757472015,1.171848966672421
1848,0.9824003508110869,0.508807594771736,0.6125751456091565,0.39069176076774875,0.7742428479673129,0.3727902647614622,2.5424182897170016,0.5457693224368032
1849,0.7045286862214226,0.3937076902155693,0.5968618606524948,0.43268479450971875,0.4704961878828807,0.3475256903113979,2.4934696448101534,0.6690328238107759
1850,0.6983426278433408,0.8309489643721069,0.7347010849946466,0.49763028677740023,1.076282602983629,0.6121174794214872,2.335521334898386,0.5923007992709253
1851,0.5672070888286466,0.7323313717720469,0.7192007635152611,0.5490797003125195,0.9924304075600873,0.7861504985297659,2.3628026580068524,0.6677102720150723
1852,0.5790473802399153,0.5626435613172512,0.5825930920237906,0.6605690000634525,0.6406585043131416,0.8589409736061693,2.55277918845785,0.44167526348375064
1853,0.5252233212225442,0.4429838647424698,0.49184380157167157,0.6075668809426563,0.6241491375250344,0.6913222989195545,2.552696011023291,0.6660912287826317
1854,0.8667982144679355,0.7137811934107136,0.7040005963693083,0.5914874545306994,0.9810024430912861,0.7987193373588453,2.7344011059236637,0.6797358010920966
1855,0.7860577044344375,0.6199831401771516,0.8203476242009977,0.5496571127611515,0.869035324993092,0.8833441500824453,2.752440632604114,0.8108961766674997
1856,0.6857627277280863,0.6748075767508105,0.7269167339271515,0.5155870591442756,0.7002813791853701,0.5643790384388583,2.5908478630490688,0.8707258133943983
1857,0.631323242810276,0.7195106071055468,0.7823452872565421,0.5634143834670019,0.5312249881768405,0.6454614517503782,2.6313994449763434,1.0034771558658206
1858,0.6274311912057957,0.8606772243736616,0.6275096116431544,0.797920614135124,0.5341146192161919,0.7144240972641389,2.4770797764244743,0.6130515193310121
1859,0.6917060538085325,0.6782678928288357,0.6572183904646363,0.8774954132476342,0.42126746820610644,0.6365569768656312,2.470484280354736,0.6893071701490078
1860,0.6436054547219224,0.9063102086202409,0.7646823649341261,0.7145583924455223,1.112428519778644,0.6933144588757834,2.75514876147049,0.719752070040228
1861,0.7618832371227285,0.7267358301376116,0.8208016274919698,0.6620716094067259,0.8793218893142636,0.7132602540895421,2.912230142765383,0.9283360256259054
1862,0.7423865129402908,1.0933249918835024,0.6482609300866764,0.6921405759194323,0.8607450066458302,0.8019124351034254,2.7562478868861784,0.8645738577128929
1863,0.7459056956795174,0.9115410534247859,0.7126459222896062,0.6040439627106493,0.7617740263605892,0.70241523271246,2.8509143133620216,1.1268260529456444
1864,0.8260464228334997,0.9684590392063508,0.656243272590042,1.059187403852992,0.5945192022618954,0.3056162571249721,2.390568176347639,0.7446178449638258
1865,0.8937313300094076,0.9475934024785866,0.8044370187879849,1.0617661697976366,0.4346245673561686,0.3233455170941515,2.4888829006259057,0.9341085602946495
1866,1.1423007642184348,0.7743290899151343,0.4294479048117086,0.5815025617644501,0.981329724852803,0.755815057259219,2.386482044062519,0.4773345915127062
1867,1.0485285690500024,0.8503323917747238,0.4801090580258454,0.5556593780988827,0.9348377060958952,0.7450445455642634,2.3510744666085337,0.8162087542811984
1868,0.910525455968557,0.7011523938199281,0.6844804076554828,0.6561104220340644,0.9390117002166911,0.7285189373717955,2.759181062020426,0.7028991800862436
1869,0.8544616450337531,0.6220397700337534,0.6511953745838783,0.5979024699318828,0.6803312500953953,0.764903923567751,2.673227991595585,0.9149992538978852
1870,0.4354604577897289,0.4654353608441516,0.710348427881759,0.5986043130425946,0.7858476302079722,0.8048727376657561,2.684224994183815,0.5161081737278979
1871,0.5685643417043625,0.3808715303866789,0.6739244793256586,0.5997122814731662,0.7796034788145745,0.7503942903878005,2.8284683479034287,0.631772736962582
1872,0.536540031920365,0.5668452812495672,0.9542582281122662,0.5748793398831916,0.8274605719576617,0.6520926704045498,2.451810094452309,0.9575045592085946
1873,0.43982028795971606,0.6448620919918476,0.9856625001907904,0.6140558076425319,0.5977556688389197,0.624518941877027,2.33744324645262,0.9387499098599674
1874,0.899501573810776,0.8107623046071016,0.6157520745454597,0.669289681907848,0.5309241628638878,0.8246200156562932,2.662353975044027,0.7404393417043628
1875,0.8796011178422191,0.8466224407266538,0.5727617277604623,0.6971453529516858,0.38971357837989296,0.9477561971173755,2.693789986355669,0.8818392498717964
1876,1.173320362569928,0.733611400977276,0.7686520633300795,0.59036247104988,0.6708056434046715,0.6266266894804529,2.5625121553866794,0.8755798785784575
1877,0.9778481324444002,0.6095140521785842,0.745761959099816,0.6649189657141364,0.6663692605437159,0.647439413311087,2.5001965468104657,1.0963869315560442
1878,0.6634198440051098,0.8061406840803904,0.5730982756578483,0.6076303293386089,0.8508206730247234,0.9452770252741021,2.5512172167363065,1.0489548465294547
1879,0.6165329364769648,0.7910897841572259,0.5756123964396687,0.7174956535974497,0.825854457757786,0.9048172159377361,2.4915423778752834,0.9251529676630792
1880,0.837151862537985,0.553170341736306,0.6900993412252213,1.0116243360168156,1.0608351944013732,0.638224919573604,2.433170609629893,0.8058462356524947
1881,0.886197037032943,0.6308378508110869,0.7490464789104025,1.091794233607724,0.880788776073104,0.7177385611575372,2.4772543033289582,0.8829833640077862
1882,0.3213394066009374,0.6783354272424699,1.025257599181572,0.6146592534187436,1.054237407464259,0.8178846937620845,2.6823051256384227,0.5769965288849351
1883,0.28235719478468646,0.6564307285270894,1.1040973713248479,0.6270400379273409,0.8716966699888599,0.7002645393975743,2.615226202964637,0.6981453073869901
1884,0.6083272401896689,0.6113481018971413,0.5887337385605869,0.5313740801371787,1.1620001642378608,1.0454742756254722,2.5206969609209877,0.9756139111700545
1885,0.6132806516165645,0.6434296584544851,0.6948020961776518,0.6696615292686815,1.0004275468424078,0.9958874112663157,2.5078667548561695,0.9938192970025547
1886,0.5582855988936538,0.9737722877995694,1.055216859215069,0.9727277677649498,1.4257864301181868,0.7095026729288951,2.6513074745968277,0.5390171607547986
1887,0.6747981353524927,0.7401727943504377,0.9276403841378004,1.1116190857936497,0.9775513931491293,0.7501558919663801,2.6954277371222957,0.6902143304889823
1888,0.7145282005041764,0.8433839311407881,0.7335058531118333,0.8851982793645098,1.0089821216762185,0.8928009529965792,2.631063320199943,0.7458313612598405
1889,0.7256695380555445,0.7998644729992562,0.7653322440560447,0.9382606071055467,0.8985325849627035,0.8622053412571644,2.712843841129393,0.8362118688643878
1890,0.8193614450402286,0.81759246360548,0.8376327453985073,0.5567866524470768,0.6298265872310743,0.7842146364385468,2.864638327613266,0.902605189831823
1891,0.7563653422797662,0.6876984145568554,0.8975919929056713,0.6002679218743503,0.6160159079110245,0.8769147610232908,2.954168746388733,0.9873184627745343
1892,0.5222847907076612,1.01909909135256,0.4731441807250991,0.36076184643362685,0.7633647453980739,0.959628125095395,2.654749681524101,0.7941944216826938
1893,0.5478518103585345,0.9575026914622038,0.6319047412765895,0.4730242592016862,0.5398590049524303,0.9088963729543631,2.6561481876273376,0.8955949006897906
1894,0.6752981488681863,0.8496633819976344,0.4232187254597166,0.6548946148706746,0.9413471354802637,0.711946968429706,2.3090822791085346,0.8042719332818207
1895,0.8792362457498781,0.7514585394610268,0.5385531176820721,0.6945904020633309,0.6991411758046115,0.6473219579174999,2.3779730563324444,0.7982300346044257
1896,0.42845348101949216,0.7632423577448356,0.9801537988876113,0.6463975346687433,0.4655688097835644,0.5425634709221094,2.7201011238491937,0.7209859137582859
1897,0.4271149356779625,0.6763991420302657,0.8742725466826937,0.8026582454300172,0.24211341343885767,0.5285753754467659,2.8029834841826937,0.8659366412316967
1898,0.9247831633110871,0.714340321446144,0.8990178016994426,0.3098610980311984,0.8062829760346861,0.6372419801885468,2.7226164413978857,0.25273712404085036
1899,0.9364553047029301,0.7709686157970149,0.8834170398767163,0.276000097136368,0.7581221683278355,0.5948319351029927,2.8207677726539284,0.45147108042509665
1900,0.6447000709989453,0.9939535921839379,0.8204182957239777,0.5091040862084724,0.7016246815241018,0.799399160563575,2.5308328133939653,0.7863437329684351
1901,0.593768109150751,0.9326020401961439,0.9939283325022434,0.6768175979992558,0.6355224966127658,0.919439196989171,2.4968689060259677,0.8126242553996291
1902,0.9834875686986316,0.45418065391687773,0.5865867807384822,0.8859138977497559,0.5013759604099028,0.5665071134643256,2.58865922887846,0.2783300017568531
1903,0.8455565717655721,0.3201753881638908,0.7124149222576643,0.9912976025688062,0.4358212438643876,0.5628219989769649,2.591445179798758,0.355417456990726
1904,0.6385055927269649,0.8414427136689324,0.48008788436183303,0.7432807442477007,1.136913429064075,0.7979977652095276,2.5023593229159458,0.879202390911835
1905,0.6412498672987587,0.617305203252122,0.5401220646721089,0.6722074618797037,0.8739567493283353,0.7405453126907909,2.5316374903817582,1.047481159764572
1906,0.8643999291918456,0.7660268640397285,0.41426686832092763,0.5819552956924676,0.7015301949448333,0.6386825857612732,2.7920499299904153,0.8139172136374229
1907,0.7199771163080995,0.7621968162057955,0.6447101107806991,0.8457395185639525,0.6271535825656962,0.7100940359145123,2.681763858895209,0.9688284930334423
1908,0.7365990062301416,0.9523232122630172,0.6617186448425296,0.440499935901995,0.768884260128893,0.7839201880106517,2.6609700178612115,0.7387722452383602
1909,0.7199430136115224,0.8599700984783972,0.8900189128315124,0.5072971639179998,0.5299221654197438,0.8383261686153206,2.661083985620553,0.7553590109594054
1910,1.1112308217660052,0.8718707737723578,0.6179620576425321,0.5741268021466415,0.5236083640077855,0.7430731361510617,2.703533240924786,0.5758805636814498
1911,0.9555859600261559,0.6832188381259056,0.5383732353969527,0.6339732786613357,0.3663861353840023,0.7862287437046738,2.6459076335308884,0.6687042726863033
1912,0.8901692015587216,0.4990618740727933,0.4555428390522462,0.5492497180783354,0.7714460110232914,0.22869082288400236,2.68713988490486,0.7942065044732884
1913,0.8153174122245993,0.691134842982507,0.6608108861191193,0.5078400505490693,0.6171049935449598,0.21511318660473583,2.5456795928547367,0.9571994726155095
1914,0.39676674063730083,0.6532353399151344,0.6350336169793306,0.9491467064476988,0.6098795226543604,0.6316324880171263,2.5061719325786456,0.2888763134259076
1915,0.5668422167363055,0.5809879993283354,0.5940303226284601,0.8409534109145119,0.5724219400873654,0.6450509925543004,2.4661507313708637,0.5954957647618956
1916,0.5434771834095915,0.8618324723919103,0.771595876629515,0.8032650035780242,0.7395599071759076,0.8739281772748456,2.446017655482507,0.40891916650623117
1917,0.4454936516480742,0.7179180203216712,0.8397859048432182,0.7946114330262783,0.4773148624740992,0.7537215080513133,2.5558031146785853,0.5118657989514978
1918,0.7683779423242258,0.5959879567671268,0.4522527885985712,0.8298867583077216,0.7980396894165668,0.5748267775109627,2.796108088605479,0.8134049420686837
1919,0.6955601645572885,0.5707018581281491,0.476530089787363,0.7637984212670047,0.8604133910080972,0.6395698418001914,2.691226440310965,0.9969853399151342
1920,0.7704643410011891,0.8514175666534276,0.6576268066518726,0.5320652124866163,0.8192530079239748,0.7648856391545493,2.3492745195865545,0.7043030415701168
1921,0.8191519691971991,0.808117624136679,0.7632275609658806,0.6085157176311362,0.6067042862019973,0.7728235913210495,2.25396543711582,0.877375316461771
1922,0.7895212602881737,0.7518422943500043,0.583766974980142,0.595004418998634,0.5572566492838754,0.8268410600395399,2.5459235219192435,0.9907058164622039
1923,0.8330829931616469,0.6098809672797657,0.7901885775813233,0.6884848071314479,0.5792034474687457,0.9413052838693079,2.2724076014818846,1.1644329753315124
1924,0.7429269334415344,0.807360752523913,0.6409578850006888,0.6362034139179993,0.7087031034632034,0.9426017297413481,2.220011817388112,0.854403727280888
1925,0.8863779408224828,0.7191849452318853,0.5857280967530544,0.531016358575781,0.58652520008892,0.9304823850645743,2.2904760507407254,0.8417882798436512
1926,1.013809482553179,1.0094942179825075,0.4035704431871141,0.6884768103585343,0.8706145596234176,0.6135823231714872,2.6287894655859327,0.8474470220155048
1927,0.9455219758430299,1.0320781415191813,0.4406921488362435,0.7828068641994429,0.7172196648452066,0.5729436530544224,2.4768374672478237,0.7987990271591593
1928,1.000853153342341,0.5506209214910374,0.6382741695740368,0.7048428636879251,0.4013257590100293,0.6853953895059204,2.727602335633502,0.5105005493028678
1929,1.1283229563833805,0.45788362969645513,0.7433140007023081,0.7197849033738508,0.3681148124995668,0.7734061112917836,2.75015487046196,0.6911071171709875
1930,0.9051933971747861,0.5963524057384824,0.5278398527604625,0.7752292749866168,0.29273901933101193,0.6211360973280243,2.624078713860589,0.5730902788849355
1931,0.9306053711012483,0.6449304726474523,0.6518298585434056,0.7142943112214227,0.19737592986264405,0.5798266222835644,2.575209934016504,0.7289273535590324
1932,0.6514928875250346,0.8806951357358055,0.5887003068435295,0.6271184583646989,0.9347083431741634,0.7239582991112115,2.4076719706346243,0.4202627567736016
1933,0.5961054121607137,0.954337742650129,0.5773991665705499,0.5945721877551096,0.9298053785145722,0.7437125523702411,2.435158435709906,0.5103488159502534
1934,0.9649885080841221,0.9307714781118328,0.8154170063259698,0.582475811892654,0.8097500195226688,0.8318306897679375,2.4199206782331295,0.6495110152090947
1935,0.9916150924071043,0.9172977698101543,0.9995567074703009,0.6821439508874896,0.8163723951619576,0.9753642036039253,2.381526341768249,0.6482077693310123
1936,0.776661460665445,0.7934498807190566,0.44197999955193484,0.5132869233441515,0.5871925173820692,0.7498113472960819,2.447922727248945,0.6981169831920345
1937,0.6969927733571021,0.7349413511624572,0.437064105859778,0.4881720392378603,0.42651166516420086,0.8604649318759054,2.369029794350005,0.7320430523706738
1938,0.6702270341891687,0.3441140984464552,0.8132400318249698,0.9320708132346841,0.6453246904391688,0.6100885753764052,2.375642130207539,0.4156947201235399
1939,0.6204391864769647,0.24480614714284304,0.75427077156744,1.029658930437614,0.6002724310130172,0.5823963699508756,2.4242398535590324,0.5354677860742261
1940,0.9067455043770272,0.7233940635536792,0.6772056867644503,0.609329660754798,0.3264710804250972,0.6717553263351218,2.348903693730141,0.7353082662636394
1941,0.943364131997201,0.7739290936217957,0.917169005271858,0.6009257977691815,0.2828345900109621,0.6265597534502535,2.3595879634772756,0.7977417533544248
1942,0.8109324976353681,0.4513565142823206,0.5216115196504398,0.3146864158993183,1.0778981585818228,0.7067623091123331,2.717165059464137,0.6446897833586566
1943,0.8274029020633304,0.43703331553499714,0.6357553643910989,0.30966028994060146,1.175898705393587,0.8701135246033035,2.7718152169918473,0.7628358093039892
1944,0.33142576121494793,0.8282716258305125,0.3997459259962687,0.8251446178741616,0.8192326805019328,0.5478770700402286,2.773308808057788,0.7790057389439001
1945,0.28621683617652965,0.7153267484654473,0.43384388068711405,0.7909717303802036,0.680319765688236,0.5665428360487584,2.7875256126976984,0.7812299204364924
1946,0.6333480608376761,0.7283454319717337,0.8513520752486337,0.768131124008908,0.8790110242195568,0.523269174718124,2.687585045180951,0.8033132320740374
1947,0.7043641990986939,0.7756089438579126,0.9108921958072882,0.7224012596493183,0.6847789421010599,0.5738873822208006,2.8513436553547358,0.918726467854736
1948,0.6584992659118354,0.9211688956091567,0.8645713915830668,0.7187317881828827,0.9998468220219799,0.5832604093169401,2.5554823850645736,0.625192037671798
1949,0.6417219071443976,0.8771640454684345,0.832822224309343,0.8428824729996889,0.6548948627292086,0.6382497561343128,2.493991182514762,0.6791698730506244
1950,0.7461654430274002,0.8023880351793954,0.717535286937114,0.27500525022316674,0.9954192821759075,0.5942449059935913,2.711937702293839,1.0567391975969505
1951,0.7670697641864922,0.7595484002425921,0.6972128873653204,0.2824027818884225,0.7605904541473857,0.8015672920496913,2.5822579887518113,0.8645192523318228
1952,0.444956894043527,0.9157214244306386,1.0718321969896047,0.4455096451939003,0.854609642893587,0.7741486092465792,2.7563573455068533,0.7977542592660052
1953,0.4106784586841265,0.6853374717530547,0.8328524162506888,0.4821315851858704,0.7262329999671907,0.7887717870648856,2.8219129082943377,0.7635442045622088
1954,0.557320520800813,0.7537662489130793,0.4573824194138906,0.5751003001333802,0.6004245874866171,0.6804094952703033,2.4103131634708013,0.7188222914108358
1955,0.5191388999546738,0.7431320754083478,0.4404701670816343,0.6814700088507486,0.3917079566074128,0.7916643073550471,2.4371904042682484,0.7544021774980121
1956,0.4724513558917212,0.5640137432255322,0.7102258649660694,0.7098749434107132,1.1437117762332516,0.5852443246417213,2.485344411969057,0.438551144778211
1957,0.4791156557380493,0.5607904535396067,0.8678332931042364,0.700182208204985,0.9982354250375516,0.5731328014754098,2.3387851041659453,0.5496691955517462
1958,1.0867040608696188,0.6680757424908483,0.5779018214785199,0.6384951298242261,0.6665380089465773,0.755491263131947,2.640362611259841,0.29473526530492244
1959,1.1308142110172483,0.6287621628953977,0.6330813382213009,0.5316806113556689,0.6246858951295818,0.7946188314157557,2.4813131329235425,0.5081211468234155
1960,0.9667675293006239,0.776000097136368,0.6068272722386716,0.4771912780539898,0.980294047833067,0.6405340736510622,2.5073106913339993,0.9458833603011239
1961,0.9734322522679372,0.7374650886050471,0.6322332924010619,0.5162038570740372,0.7853072097067291,0.595052472232196,2.61358827693556,0.9013193821249725
1962,0.49208015698425095,0.6122191165316987,0.45552906377771135,0.6096641656433435,0.7256779579494429,0.6230728056612134,2.5843523842016864,0.6665869084221092
1963,0.3788535123653209,0.6186150012777115,0.5324101802779003,0.6949108838188057,0.8194686127935271,0.646021776552679,2.561102938522169,0.9338543435898526
1964,1.0662498322462683,0.7692111913655096,1.0510974704753435,0.6690443082179354,0.5995352884388577,0.9360651729288955,2.68737352632908,0.4971925248907886
1965,0.9573741747824428,0.5350252671904128,1.1918149140457706,0.753991718301935,0.6232241158928429,1.0947471377805769,2.6430085610932186,0.6807144066009378
1966,0.6598486972770896,0.9856706722261539,0.5587783892823208,0.5206538399470773,0.9293339370523676,0.9488438381259056,2.3017506619690566,0.6909607391990101
1967,0.6969640260411616,0.7761056450018106,0.5047220608700519,0.6660014992005646,0.6730614614640147,0.9627019722960816,2.4241386395698066,0.832214619919366
1968,0.4693050420177484,0.5484893588313229,0.7798410309940245,0.5120391290891093,0.6448454274665024,0.7008285996926561,2.4675293331730415,0.6093128209670022
1969,0.4727883269100913,0.37359536487024075,0.7916825917682488,0.6576220496546716,0.6310072701934671,0.6194769976349352,2.459541284764139,0.6986073074508751
1970,0.8565958490857437,0.9231431942731685,0.5823967930718608,0.5697183203596562,0.6983966348409747,0.5508340602307633,2.3051651430848104,0.9365947074064153
1971,0.7405003239704898,0.7524835057194899,0.6794058053422188,0.5650978965998155,0.5783800629467659,0.7280969937685595,2.27342481882597,1.0118999016480739
1972,0.5610616852946488,0.8650711572402263,0.737482949897263,0.5489236330836887,0.7655098354737884,0.7020926353520592,2.523555203252121,0.8755445791150096
1973,0.557236744982818,0.8206909721044252,0.7065660101604027,0.7250071530220463,0.9189430942287087,0.53504601773344,2.6030033534312604,1.0023623874292062
1974,0.9480040369371148,0.5838160497181238,0.5984813270059199,0.7972727780220471,0.882679897302557,0.3790036258300793,2.545079211591786,0.7668293227562314
1975,0.8902133440370519,0.3822174741176865,0.5143860487598404,0.7799798353140748,0.7854312172478227,0.4589043346747854,2.6046382149470766,0.7910417309236638
1976,0.8024773416404773,0.3942984548177507,0.5787182307320069,0.6738595863043004,0.6245064359654475,0.5084279259004402,2.514866756357913,0.6412365151452086
1977,0.8795976302079724,0.45184292778593027,0.6726425823740395,0.6683369344641367,0.4425655840359305,0.4102031064666915,2.5358932173117092,0.7258672816328803
1978,0.8717255925672509,0.5695513671071015,0.5330214475645743,0.8048743575536117,1.095842177178584,0.8086030161358679,2.4996384402794556,0.4293779042682483
1979,0.9953326171071021,0.503958038726343,0.7037112554635148,0.7585864592590963,1.0367919577577862,0.800638184399818,2.613233867745957,0.6627313530479477
1980,0.650114285722855,0.5366541749421566,0.6897929852691813,0.792054614391532,1.1216290629791414,0.8720280377680593,2.5936110204175002,0.8034157154262185
1981,0.4800784429635143,0.5523385373204277,0.7538717967785217,0.764818104740915,0.7753218938194949,0.7774088908798926,2.6697644357418477,0.8031530788275245
1982,0.3190511783289577,0.9588260894998784,0.8094730092660046,0.82177903623394,0.4849815828855569,0.5647677255874876,2.2704579641161327,0.6487073597257211
1983,0.2375765902345621,0.8626708289552957,0.687186916634002,0.86686761662796,0.4831894573740396,0.5536625337415368,2.313505557674475,0.7219675837803881
1984,0.5461272192606511,0.6548901057320075,0.602398039908659,0.59517443676445,0.8469366181931561,0.7824984652345623,2.6266262663594677,0.48703039123169645
1985,0.4890206834415347,0.6303152916020596,0.685375660467313,0.5589564038210495,0.7160145684430897,0.7640429487149475,2.7173418772359947,0.6552246106205518
1986,0.6702710014050494,0.8189509858441516,0.5420347100904748,0.6847485748972634,0.81473157988207,0.632086914429084,2.6058581081281487,0.7149745575471363
1987,0.7957000955392287,0.8155752918260919,0.6168183666275271,0.6575465184681245,0.7461707984080368,0.7517958610042983,2.474356427658159,0.9379051764115245
1988,0.782691276552246,0.4657511581985093,0.827277625159281,0.8318136021216067,1.1176809613681864,0.7645314052273977,2.6101475146336917,0.836900359821549
1989,0.8151648326300148,0.451728361643154,0.935683461048758,0.7880246047089721,0.7499061844002509,0.85962844305891,2.685617123401995,0.8569781593493161
1990,0.46548503396556956,0.8087759231524945,0.8905270983825695,0.9348502120074748,0.9832393057579084,0.44788496165567127,2.683280666634003,0.7292653460818233
1991,0.40148982301177344,0.6843580200022439,1.0309865897554202,0.8600226608506268,0.7319714319393583,0.36135074328941724,2.5414402825915965,0.6640128268785818
1992,0.45391350817951703,0.5607247142762786,0.589744826878149,0.397388893947699,0.8339117330642631,0.5946198178676866,2.494146403501622,0.7339019386499402
1993,0.5439480264883606,0.40918979987783805,0.7089460110232907,0.4766851355117732,0.6095592161613355,0.7127594669279627,2.398137768787552,0.8159638037122713
1994,0.6234735756004375,0.6347802465165047,0.5103052718553581,0.4673012223919101,1.0271306112602738,0.7911355465234128,2.288946737090353,0.6457920458836915
1995,0.5937590908734178,0.5584106279391687,0.485944194848572,0.4995556859658804,0.9605123166210516,0.890099201015261,2.331635412320427,0.672648711400562
1996,1.1575773087929049,0.796477294574037,0.38880046427584536,0.5737005246671891,0.8406643178672535,0.719142845762395,2.3609333088248485,0.8014026296645125
1997,1.1932476981080347,0.7912086841762187,0.4659421017698036,0.6454649393846242,0.6116661175227909,0.8795009253574128,2.245225449353803,0.8775894767059176
1998,0.7295460192351838,0.5671296898957086,0.6243889805718609,0.7116020006384226,0.6708079342720473,0.5176824760985719,2.629622291506231,0.7598026169473877
1999,0.6034559120968281,0.5899020908738505,0.7792164115538011,0.7328574186153209,0.5734547278562904,0.37935761189869627,2.7325808314796425,0.6795594064412235
2000,0.9380139640526792,0.5471206215484473,0.34375662474359175,0.42295940123281806,0.6652257447911611,0.4325143536229177,2.5032323805593433,0.876668788949943
2001,1.0282788840100296,0.5754513969511863,0.4277664346877359,0.3222931755490696,0.6061461796709874,0.3988209043640769,2.551904263068061,1.1200363009328154
2002,0.9628576164039273,0.9230530415701169,0.7310521162127039,0.6969654706665669,0.4311377948295795,0.6964632388795818,2.4955755246671885,0.5725553890267787
2003,0.8769609465104624,0.9761539085503133,0.8547010649595939,0.7189510559491314,0.4689837140203028,0.5883867277604624,2.461492965138734,0.6274044868986962
2004,0.6359516633430295,0.606533845315196,0.8439050457244105,0.8026305196184973,0.8624771713956417,0.7364597787891065,2.5279527990153827,0.48403172469265676
2005,0.48853877907659204,0.693187138962893,1.0446697739001294,0.917031645577214,0.6504190217910393,0.6670523961202414,2.599998733128148,0.687601884968746
2006,0.8405476361195522,0.5288357211780842,0.5919601653558584,0.5676047942546097,0.8069240121417212,0.5057317045622087,2.607218425517127,1.0064486949767761
2007,0.8126850624033056,0.3641519141096564,0.7437741330198029,0.5882660325911637,0.6741768282840644,0.5674966049968903,2.6377793361765303,1.0157714505680617
2008,0.7501008634643256,0.8778371412632058,0.5954005045367409,0.36917659544296694,0.9723893521211744,0.7468048592465794,2.831026188042594,0.7507657146276494
2009,0.7369084266994427,0.8142151496995644,0.5890335423691191,0.42425813797223333,0.8915597108890445,0.8457629104992563,2.770778270609157,0.7892962140203029
2010,0.6548767535784576,0.5809146864130792,0.7863412668386092,0.6568555613811369,0.35573572047491037,0.5522588475201143,2.7357622695546118,0.9744005701364897
2011,0.6549891014499425,0.525107310454363,0.9563489606654452,0.7796034788145739,0.24123746654464912,0.5135000620838779,2.7353850668131416,0.8623722945097185
2012,0.49342712221967894,0.6615954835434054,0.3839796555463928,0.9467710394610267,0.7708074410460818,0.9238045578022461,2.4326605563324444,0.7591987480501912
2013,0.6304442314028059,0.6182100727247212,0.41575714701507216,1.2478936970219798,0.6406938037765896,0.8957564985617088,2.512479955488983,0.8036329401836263
2014,1.1064348495972613,0.6314074417492561,0.5065883455387957,0.5471236860617086,0.6155707476349352,0.6138461565370517,2.5902980011495074,0.5911691910465147
2015,1.0199017253315121,0.619863641774724,0.44004431272316674,0.6661813814856834,0.5542029542427809,0.6962174420686839,2.5859631828026783,0.7674147319777762
2016,0.8727005351793952,0.5229455558533034,0.78205985710598,0.6735686255106512,0.9977333685130174,0.42107116925417626,2.3462481272359943,0.6975424599942133
2017,0.7807106010031762,0.4707440277026191,0.7384336543321339,0.6695221265651965,0.7517893088567907,0.4079471131448982,2.4363824149086586,0.9324648557639498
2018,0.9861279878889224,0.7181292913150072,0.8730838669473882,0.5157591199189326,0.6496066985552336,0.7092983772040516,2.490294583620241,0.6193560546071015
2019,1.0057072185264,0.5562536303353105,0.9772196022489449,0.6903952342785221,0.5712030684107132,0.7594829088377981,2.3598045898512483,0.7898212393591563
2020,0.4645197806102779,0.8383575573235373,0.4077914690370522,0.7862445619880494,0.7144087021017486,0.306165520641099,2.361421590074848,0.678157412703741
2021,0.45973222833543265,0.7504269484589722,0.4141921107802661,0.8279151736320698,0.5833423173885446,0.3061778512902285,2.387906232968435,0.6891892916344351
2022,0.9163811680718607,0.6799594027345619,0.6449772565180598,0.5471126247755341,0.7799268498208602,0.7331750837160692,2.4942375777090944,1.0175037905803235
2023,0.8160348257601517,0.6193069798691193,0.6656737943180618,0.5440145393975748,0.6651676517758457,0.8018305270318209,2.439519287384313,1.1441873763092212
2024,0.6385318739130795,0.6224670690176267,0.4199309658734177,0.8395113607163801,0.3974741143910995,0.8348433068439627,2.4410808359848724,0.6792887730696168
2025,0.568810736898696,0.6268439142378602,0.60484251067192,0.8230065030669398,0.3523643603330671,0.7623356205258457,2.3726604787187457,0.803415715426219
2026,0.7838951035914082,0.5413431546200522,0.8785069246861813,0.5917232115598429,0.7700772737404151,0.4442737584670023,2.441011433824848,0.626784376597139
2027,0.8371948082494449,0.4956215348919098,0.8997847130939626,0.5310069171774623,0.7977101167876739,0.4531589274341264,2.353333947564575,0.7426339296390445
2028,0.9709939105311991,0.5006887388156963,0.4096856547797658,0.5589980801695543,0.61060415931694,0.84062485979004,2.7794176427653823,0.47176082192571844
2029,0.8618439567990691,0.37543903124956707,0.5818772983760945,0.5032997397105273,0.584970626756853,0.8791340102562316,2.673406006134312,0.49605580914427544
2030,0.7024308031373004,0.9168600079235423,0.6905241740792688,0.6246175144739774,0.5986915764948353,0.8637480070610868,2.4644271617774014,1.0577215385985719
2031,0.6910268289872381,0.7177321842724802,0.7261954096363679,0.6195196954878606,0.5531079148447733,0.834105565886368,2.3547238585114627,1.0179329573105873
2032,0.5526652206985098,1.1379434001782733,0.8751211908863681,0.6505822395508128,1.0718757410845,0.4518453939157562,2.4373308284761546,0.7670032512772782
2033,0.4722466370458933,1.0375553815180596,0.9295614494500644,0.747968279300191,1.083777014761895,0.47432997120959386,2.470810365349382,0.8691564432833754
2034,0.7178459767693699,0.8886700798496939,0.46773507352329063,0.4645331327638281,0.8636919570546115,0.641822945871174,2.29344537158039,0.6921019640841888
2035,0.8048589623912212,0.8612016513290798,0.42274421948425045,0.5140653191458303,0.7860404415256567,0.646674968046393,2.1571658280924075,0.8356285026516836
2036,0.8870204215549227,0.8164680785080968,0.4855749888800147,0.7192212661997538,0.8984149543066661,0.9901147013351218,2.5608351944013736,0.6489299398637659
2037,0.8429239740857436,0.6372602646017487,0.5155141693500048,0.827997329562209,0.7097297622056071,0.9258003806551709,2.5415676025044878,0.7172845578665645
2038,0.7560105099691793,0.39555364746227073,0.4460096587095941,0.38478271264633057,0.8737128202638283,0.7872738621227288,2.234595361866753,0.7451630224622707
2039,0.7299573246732309,0.4685321768591569,0.6872530064222312,0.5075862569652585,0.9329601122824427,0.7483791616172539,2.181084634073915,0.8213523356335025
2040,0.8003913660845,0.8935085020128284,0.6822040869116468,0.5745302860742261,1.074756353846517,0.5954733943310123,2.4868166541085337,0.6219099839910369
2041,0.7447531616496289,0.6934056330832559,0.7822173689602164,0.5848006089910371,1.0151133268146963,0.5878526841442763,2.336916353367376,0.7269167339271514
2042,0.8337279400239127,0.5362227899406019,0.5009256926117112,0.7014146072976364,1.0039089639883603,0.6719341871158204,2.766988031377339,0.857682891710838
2043,0.7798116852946486,0.47027709537908186,0.614160509266005,0.7394558039358703,1.0549620441268384,0.7368221847516215,2.6852348131384214,1.020096156537052
2044,1.063017451686925,1.0478672055209248,0.8632299569907261,0.7513020491112113,0.6526638812305745,0.6702056852627063,2.74115633211893,0.26666074961582065
2045,0.9071038243218605,0.9279304986894799,0.8954084662571636,0.6864592154581614,0.5724457551436539,0.6739250777090946,2.6454128001333794,0.5535803778113976
2046,0.6329507059366138,0.6064198775558551,0.45766104955841025,0.6593737681806393,1.08425032397049,0.8275969101478853,2.5049099399280843,0.6186158475196813
2047,0.7623237129977011,0.621664011917689,0.42568190375716425,0.6261285437111493,0.9844294301186194,0.8075410579300171,2.4484654386175655,0.7823241135925296
2048,0.5514724549455218,1.207577624265316,0.6455244770253457,0.6122693880365525,0.7868960609978235,0.7540711602437136,2.917351952070239,0.6969962609913484
2049,0.5716200797542984,0.953694663534253,0.6281728429186215,0.6762582947013751,0.7380266827703033,0.941527440886368,2.879454739870241,0.7175153826360569
2050,0.4621561964142012,0.504272391455296,0.8989186307190573,0.8138700066458303,0.7029878881638904,0.4180394215229797,2.559940364710527,0.8857028020188705
2051,0.40729825552740023,0.6240588095595324,1.0043888253444622,0.8126047742195569,0.5079065634582834,0.4714741950082857,2.550732423120552,1.0105615315689949
2052,0.8880148453471393,0.891586838317129,0.45419009531519605,0.9728180957304526,0.7416097370264674,0.6954068113168179,2.6588824224173777,1.0306812553038007
2053,0.9126599078790821,0.6521517849242858,0.6681638521850596,0.9628631470470147,0.7325233368477606,0.7802808358894776,2.66443765973263,1.1636007477946493
2054,0.5173007642184351,0.6483734532206121,0.7572242741237284,0.716382752907226,0.8556699812115818,0.6874760096812607,2.7879995202897283,0.6115891417108383
2055,0.45851029214551964,0.6360660542233555,0.8135205297158806,0.7250716229224199,0.9088403229478877,0.7846057897170018,2.791850143404238,0.7309989554570393
2056,0.5332062621093457,0.5636825507087834,0.6740638820291441,0.86583729498886,0.9868478675543009,0.5751230936852487,2.6564307285270896,0.5557599937046737
2057,0.62526510272852,0.47595743433593235,0.7888604951425323,1.0138344943763382,0.9118921502425918,0.5373422427783333,2.6788033810704275,0.6503452857547983
2058,1.0644504836077238,0.6607061844956461,0.41117762595785035,0.6559171875953951,0.8456345690819451,0.8721955894040494,2.5155513365598425,0.3885556889693679
2059,0.934789652862333,0.6121404482358056,0.5008410705517459,0.6955819366047359,0.6760209177843752,0.7256594982737908,2.6676359375953957,0.62120652099247
2060,0.9341001404007504,0.7105704096363679,0.3030146976284596,0.5081086409118358,0.90894400306694,0.5614249374991342,2.7096583170367405,0.4103667473474496
2061,0.7458457349178108,0.48781703166482326,0.259301406664823,0.4491754537636391,0.7826834550417835,0.6701007357806991,2.717990311732507,0.5773618240982608
2062,0.9571544838952086,0.9606463639439003,0.34041647804751435,0.5882804062491338,1.0578490337739126,1.0365178367519325,2.6641177763605888,0.4270658609399799
2063,0.7665849705707386,0.8442136925478256,0.4212452730376741,0.5575030444782089,1.0234531430209253,0.9741802808658206,2.745100595570739,0.5048479361575369
2064,0.721725697724721,0.654892571861833,0.5377724310130173,1.1753849891994426,0.7785480727562314,0.6976516707563534,2.665955912096827,0.4508156706600918
2065,0.6125423122755344,0.6039327089396683,0.6842617382726689,0.97096907397049,0.5205875023003135,0.7670870270952733,2.6607092490089075,0.6023460759198653
2066,0.8511101891929674,0.6813488905604651,0.6255103011559824,0.7628933039358702,0.558681859694211,0.5992223803353108,2.7072803591826937,0.5105789697402261
2067,0.8641202775429051,0.6320920219511861,0.6261162130620197,0.8272390133240376,0.4949786310384847,0.5040434344321939,2.62246273514141,0.669162609853492
2068,0.9730365898508155,0.8305875799140126,0.48035791935000466,0.7916047697143254,0.773224185997823,0.28647904965423865,2.38436341043537,0.4684547779262186
2069,0.9539374984982563,0.7536159601858702,0.4102111032396039,0.9681539526132658,0.6100296361191192,0.22622517845672854,2.5170578566583472,0.5364102458776492
2070,1.1117478503319451,0.7120075275748482,0.38333224255430076,0.8056162571249725,0.860367205520925,0.7513907571888578,2.3882581760282116,0.41577849594153493
2071,0.9659330834924695,0.7210002874162561,0.515083981115321,0.8771927927843751,0.7162747389119574,0.9134212886305144,2.4910411675927184,0.596312597136368
2072,1.109554108639233,0.7670736749417237,0.8048735839077259,0.46818661068443745,1.0913741577508782,0.7889206311666888,2.2647106891290822,0.7167995889883604
2073,1.0001745269044826,0.7634119523896663,0.7434961012587189,0.46247896903705177,1.2620807328415302,0.8412373964396687,2.2619752575721717,0.8480377866176865
2074,0.9754524885605869,0.7484436315176268,0.9149025490473254,0.6904498396595921,1.0890679955905973,0.40279511189869627,2.70240205582136,0.8223436949124574
2075,0.7878268611316366,0.6383450163594675,0.9317340900748481,0.8949934979224202,0.7920542638666317,0.2764725601029923,2.708110120589731,0.7540676726094669
2076,0.6019444597386714,0.646102064736428,0.47611716446146024,0.5272364069842511,0.5124006888096546,0.6195523535590319,2.716793635224289,0.8046214102117712
2077,0.3879226496352463,0.5237722527470787,0.5906564963567908,0.6093822231270274,0.498930468142221,0.6134024408863679,2.7028556359913485,0.7651681800543009
2078,0.9986696992899173,0.3111528595021216,0.4237951164039273,0.5293125180209255,0.917513549942157,0.8933070955387961,2.315942031664822,0.3353821074573506
2079,0.9616333893466394,0.23611770024863404,0.4970652049778981,0.5119405564921589,0.9467870330068529,0.9077746292492558,2.2853864763860563,0.5065635089780866
2080,0.7374889036613355,0.8353825305783357,0.49467389497030073,0.36648777249421394,0.5419117240538008,0.7104583096234174,2.5613532444717335,0.4921986338822586
2081,0.5674475302589082,0.8022077297732906,0.5946255963693076,0.4227487286229177,0.4828806352881739,0.8021126448105869,2.575095367873728,0.5243216915256569
2082,0.4634600406757188,0.7437334781757187,0.4836524789423453,0.5809007358760943,0.6001559971238506,0.3043000822143257,2.447887004664513,0.7312691657076618
2083,0.5620347601604023,0.7354394969317606,0.6432387148831912,0.4793829767378605,0.46904120865218385,0.25813696510679085,2.445810470506852,0.8483410780604651
2084,0.7018146035909747,0.7986213631453309,0.5453643938838133,0.5924375605821337,0.6886800845789577,0.7546257791404777,2.4053242047219237,0.744203299750067
2085,0.521514391678895,0.8026958357608401,0.5601346206536163,0.4579010678676863,0.6657799405669406,0.8216289227691815,2.449830265145208,0.7203386760286443
2086,0.722485458588298,0.834463039589231,0.7661804651387333,0.817579359310465,0.9684077461970766,0.9688728107742237,2.3440590699444006,0.795037710505731
2087,0.8031278191458305,0.8228642111126442,0.7989895476094673,0.9227378425991939,0.7879592885666293,1.146857914844773,2.5495501202703035,0.7818103973983852
2088,0.27591734282279323,0.6665162368991292,0.5693074380425944,0.43847987487179557,0.8355422607038633,0.6009212886305145,2.496980830776466,0.7126880217590968
2089,0.2638634895508133,0.7479101862848747,0.6095066537891065,0.4941219900618974,0.7114621748139524,0.6710276251592812,2.508798751756853,0.935002543743525
2090,0.6883078140971391,0.9253917892054851,0.6029542786932782,0.6283418391800171,0.9251757612149475,0.649250669477776,2.443826555182073,0.26249926140660407
2091,0.6128864338248482,0.7701255022364277,0.6622112599687457,0.6172314672158807,0.8822788795047986,0.7268399333776485,2.4985507992709257,0.36636189720672874
2092,0.6275120777729796,0.46042114241357907,0.8109432083966415,0.4597733063005025,0.6332782355566667,0.7271060576105891,2.484870504377027,0.7216160638415969
2093,0.6893309852052956,0.3534807486575371,0.8607057964271513,0.3710543645188701,0.5850424950467037,0.8020510641610246,2.5693218117005645,0.7835577820481368
2094,0.6417619636050473,0.6451164839590943,0.4721676182250991,0.75975294382597,0.8346478541340022,0.9437438008684973,2.505334597519682,0.9056529311088456
2095,0.5674678576809501,0.560590243832445,0.59253588532055,0.7869223421839373,0.5203936694782089,1.068806826143465,2.528979457757786,0.8705537526197414
2096,0.8443988576174974,0.6754404408224826,0.8878557136050474,0.49151320743835814,0.6793596198550469,0.5451991331151989,2.6643697021980093,0.7811167989191216
2097,0.9166409154197437,0.4105669570546116,0.8723680732996917,0.7150550935894202,0.5807867681167536,0.6534381910145721,2.593221734885435,0.8360861688393532
2098,0.6833884327707365,0.8176834625505025,0.3509713848729174,0.8230486025364299,0.8804957722706142,0.8161492166404773,2.4316180793066664,0.9442024885605873
2099,0.6480862279197437,0.6639799935449595,0.5176621486765296,0.9362218385411618,0.6674887133814473,1.0248005313773385,2.3431960520827557,0.9910475444777759
2100,0.7936116538534251,1.0026886476863033,0.559605261438547,0.5477710990538008,0.6765046898957087,0.7591235673885448,2.6819893282840646,0.49751529751363943
2101,0.8544963461137661,0.9035074179121462,0.6312195626912233,0.589235196701686,0.5093942007601517,0.9597950783479494,2.6598398542622066,0.5096176271401663
2102,0.9531010096812609,0.7501643118602784,0.40273064199832354,0.8138694082623952,0.8788927225839998,0.5626891484209873,2.686382838029644,0.5781471951684329
2103,0.8435465505171262,0.8445732092595294,0.40002804377503465,0.7905916383879228,0.7396134910525571,0.6621671174904156,2.7142195536807607,0.714639702133691
2104,0.5750230764628925,0.42112764238163647,0.7479594362853079,0.7855570925353084,0.6703424465739152,0.5661607010476367,2.135813282143965,0.6549077917617738
2105,0.6293849145892312,0.3844794212035521,0.7458629978265917,0.7775234570226688,0.5412222115922191,0.7034018349942134,2.1663593960244123,0.694037403054423
2106,0.9424857189731661,0.6796932785016219,0.7253858003889223,0.4182248344511865,0.957657737186615,0.6006259939606493,2.466338610428895,0.893860445072604
2107,0.9516599809875497,0.720392507763828,0.7722110546714203,0.4202190374162561,0.9240846325721714,0.6261412974812633,2.3444407818245363,1.1057024640203035
2108,0.6220840877745346,0.9789591653882338,0.7100523595660073,0.689808380431572,0.9404030557889849,0.6906009746287705,2.6888145550227915,0.6746759955577883
2109,0.6547868487339399,0.9145990823420966,0.7912881261179977,0.5348382343743502,0.8330246522877959,0.6763640178292686,2.5140988234589727,0.6242766327003756
2110,0.7249467691393561,0.7561639358057334,0.8977373493732284,0.5957719287765897,0.6223664534118356,0.6713259843424079,2.5624096720344975,0.4063108070036763
2111,0.6593053875250348,0.7140811724816968,0.8505167831985099,0.49084920251700515,0.5734810090424052,0.7490916428931538,2.6227173749671913,0.5044200387902283
2112,0.46269950616625577,0.29665368922491053,0.635949795596639,0.8690864427399151,0.6671382149470768,0.6516010767827536,2.696400388867065,0.4464796555463927
2113,0.42001389544944245,0.287161163726343,0.7504721124417233,0.875238646279955,0.6094000844192435,0.720195187307477,2.7683155154326933,0.5560515528817586
2114,0.530900770928584,0.6579506007791442,0.7963933434935917,0.8154675256893578,0.5186046084799525,0.5265374531243504,2.348039654364077,0.7467562076295818
2115,0.49435214385187043,0.5755713184745992,0.8779950036423433,0.8773972637716689,0.35377459870199685,0.6741248642952709,2.431589331990726,1.0300502589785197
2116,0.8588791450980722,0.8707186628634551,0.867098616659903,0.4743478325018105,0.48488692104383835,1.019808508115199,2.717884340746079,1.030010625638856
2117,0.7292207804825074,0.6876119247505,0.9076590416020596,0.4391381738876114,0.4170261149341262,1.1168131865093407,2.6771054942796435,1.016874909859967
2118,0.9259734629342489,0.564018252364199,0.38409524319358956,0.6620367330642634,0.6226639663529921,0.6830040794983226,2.345561080904239,0.7038237785974497
2119,0.7395644163145744,0.492669053840042,0.5864250076041145,0.7675457147873632,0.44437046331756214,0.7795385857932163,2.4534757462929053,0.802953715362333
2120,0.6498814179445225,0.4903030035141389,0.6970625986381115,0.5024837535780244,0.45244313378643,0.33360291097839756,2.3133018603330675,0.5467811844002508
2121,0.624856934399818,0.525545072340975,0.7445221616176865,0.5132072335438382,0.46830815209570636,0.22361622057073854,2.3782749031498187,0.6532287877676267
2122,0.6863199880171268,0.5221999933852458,0.5330224690689942,0.8074355100645747,0.8154568149280846,0.9922493285080968,2.722893028533565,0.401542983767438
2123,0.5947625329429674,0.48744373967858456,0.6099269775044869,0.6885125329429673,0.7364170809361813,0.927222526552246,2.7676695470660078,0.47049414487403995
2124,0.589267008530888,0.7071811882023084,0.6082290907137036,0.2842419391290821,0.8880179098604003,0.61165156860237,2.3242709618473287,0.6482373628889224
2125,0.6158483562750348,0.7546768968873008,0.7311363151516844,0.30533167321638055,0.9315377911229177,0.5909807136050471,2.475368114359157,0.860884409349316
2126,0.9319630470979497,1.0479004619755319,1.1128638155354307,0.5452013513864897,1.0667968048950196,0.33956043545436304,2.495057897717812,0.6751032945416615
2127,0.9528934015846219,0.7868667152984475,1.0469068844252853,0.6111493368153853,0.8314896327318855,0.24859392024483545,2.528504528661335,0.7127308948744724
2128,0.43531510132217166,0.8137505082434027,0.683855189831823,0.7282552792686814,0.7820167361320692,0.7129399475965171,2.657342821126716,0.49956699511058894
2129,0.39131782483337807,0.6286169816902906,0.7427341221238505,0.6759484511110889,0.6935429927779001,0.9766520543196171,2.5838755873588455,0.6719972123907885
2130,0.4908785482163801,0.302198288374972,0.5760468459544853,0.7122523028813257,0.43241416113811165,0.6925635410270893,2.5023301524790194,0.9760730219831293
2131,0.44196375814757444,0.2809607316902907,0.6557708096234175,0.7510166189606491,0.39003490637733795,0.7521868390203035,2.580332166442345,0.9039977421709875
2132,0.8791448962799548,0.8672497516290818,0.7407159288400423,0.6191384067287089,0.9857899953661317,0.44146850162908186,2.6198194992963924,0.4093261380680622
2133,0.9853569178806366,0.5948992942541761,0.7514309889119577,0.5799262163849351,0.8896646789043605,0.5081646909183108,2.6654006948166287,0.5483540421455199
2134,0.9837497821763412,0.34963590404464906,0.497767048088609,0.6031407131259057,0.9920826231140767,0.8874329237598404,2.550408205872295,0.65047669168537
2135,0.7589593281243504,0.4307996270443376,0.43060188346700257,0.5665313516415991,0.8715958065245346,0.87387195200592,2.4935688157905394,0.8781406079684351
2136,1.0321397221687438,0.8371212474756541,0.6114731309426568,0.8081348870454601,0.9404523057894177,0.39734908534558383,2.5154394118093433,0.5759877314347486
2137,0.80711520357155,0.7856119457749127,0.6049242434810742,1.0003786473668754,1.019643597871485,0.40993102846967877,2.5738446843678755,0.6463899610168159
2138,0.9159127911229179,0.6127149714336265,0.46450931770753945,0.8618671734719225,0.7859883022744127,0.7187572231270275,2.4501986248717955,0.6219500404516863
2139,0.9341849377231666,0.5717755485996933,0.6473492606080348,0.8002030639054827,0.7087765916409102,0.7221706827383603,2.412757458971611,0.7456479913404752
2140,0.764877394523102,0.4287514170816339,0.6143260178931543,0.40040235726569373,0.9817972555597763,0.6603374016480742,2.3859188300094076,0.8579163578726072
2141,0.8634147715354972,0.43530217228960655,0.5909965318884227,0.5732989084859942,0.6598530311533053,0.6487387484339378,2.403967550229642,0.9901573991880468
2142,0.6155935411868031,0.8117448208711743,0.8304855196828159,0.36428127703138796,0.9274906937940268,0.6722678457623952,2.8044914489066044,0.44463556604608145
2143,0.5544686553547363,0.7583441500824446,0.7816576425413506,0.4005436277155692,0.9195826857103383,0.6964459759708006,2.8347802815689946,0.46716301645529595
2144,0.6058547957563534,0.8373276588054225,0.7961802047538653,0.7899064598025569,0.7976168995713602,0.6909428779067929,2.5293367561981985,0.7723217826550495
2145,0.5519751098534919,0.7306704043325674,0.9454234032460792,0.7267898371352457,0.5696663563708635,0.7263354107232884,2.6266852056167536,0.8914522952772118
2146,0.4296466698934648,0.8643346130495022,0.603964943889855,0.7010491368218604,0.9786536556741636,0.6858197992389824,2.245029150401873,0.6341755313773383
2147,0.4180626381958328,0.7768060434871165,0.5461208423755946,0.7785115039298279,0.8669261327642612,0.7526057181102784,2.298544810454363,0.8463066433722959
2148,0.7832555121097786,0.6528517602886064,0.7521036615857435,0.7240642700976387,0.9256656623528032,0.7929656854867391,2.6741090460118953,0.8791300995009999
2149,0.8272349273063554,0.8205655199379251,0.7899892141161318,0.6973235427528656,0.9689598989640142,0.8773067605437159,2.6287596967655715,1.0732697380490697
2150,0.6306583916469526,0.8932490025234798,0.45004484851034054,0.5653734622310745,0.36755015382104966,0.6827032541853707,2.3934042235103403,0.7972565366176864
2151,0.653292834547015,0.9546299002106493,0.4479633820930296,0.7076357898767164,0.3184300465229797,0.6213071365982608,2.377141251916567,0.7328890551820719
2152,0.8836287339910369,1.0268017096109003,0.5835770529132686,0.6024079044279627,0.6797175166788952,0.4799400617644502,2.639127746037363,0.5285963012522437
2153,0.9423493807829424,0.8007478182829423,0.5713196775623306,0.5827538436537386,0.5181886186407886,0.498568660563142,2.6998584140777133,0.6892168421835048
2154,0.6587745836845595,0.905295880526967,0.9057223332688703,0.3681148124995671,0.9968709490348084,0.4659875136110896,2.186098852504487,0.7797112449513078
2155,0.6011502456536167,0.79592616331152,0.8698240084350597,0.4178425241876147,0.9166706842401043,0.5497371530863657,2.1932891991940884,0.9668932293256592
2156,0.691468501629082,1.0068396729927809,0.35617348236152196,0.9044578744884827,0.9506099303098428,0.7459309553612116,2.5681216475580992,0.6679219661293926
2157,0.7121557732932161,0.8799485517633279,0.40761736525355424,1.1261051517758456,0.687827106499067,0.7360016894804526,2.540326360396952,0.909406003130825
2158,0.7546773200082859,0.7614879978265917,0.8068059583646986,0.7138916735358083,1.102412588829079,0.7435994308528701,2.588736627811399,0.5242914995843108
2159,0.7387777758814479,0.7336892230311989,1.0166241807894176,0.9192931695420943,0.8045850892439027,0.776521810103425,2.563511934559531,0.6732279915955841
2160,0.937345202134124,0.9665724997116485,0.6446637500310767,0.860926931939791,1.0080749613362432,0.59124046095293,2.5227318187301413,0.7450852004083484
2161,0.7864012276003157,0.8629742956605246,0.8506354353589675,0.9710349884962686,0.9126664600265895,0.549679483192035,2.490817142829268,0.8453450529137014
2162,0.545361329370552,0.9627393147683704,0.7085000045052312,0.47483611375181056,0.6918417936153207,0.8467220348280249,2.6128800569397903,0.48036795913175856
2163,0.5415879299265294,0.6748242412761565,0.7959149267628951,0.45909179061183336,0.4799866703726069,0.9628592362917838,2.705313283645708,0.5097157766161311
2164,0.6112018991876143,0.6300808039358703,0.4277762992070397,0.42273333346052727,0.5462194149725444,0.2706156512328183,2.66340649185156,0.41038401025623084
2165,0.5986515200341865,0.622902963157848,0.4083495755680616,0.47444658036121146,0.3409757813453953,0.27916571692796255,2.7888450999801417,0.47636849191544517
2166,0.7255960498778379,0.9302934845021218,0.5405742002166908,0.6909108182190569,0.4759878015397286,0.6903763514818853,2.5641311986191186,0.5711831641096562
2167,0.6410254194143232,0.8063663287316964,0.634757452964636,0.7973119882407264,0.42177607687814905,0.7979099033738501,2.462123961464015,0.7209682277285201
2168,0.8618107003444625,0.6055076096937779,0.5700154101798282,0.8337967438005023,0.6329353107742239,0.6440590348919103,2.4366600235487583,0.40050832825212174
2169,0.6491853533354328,0.629172797353925,0.6003412347896067,0.9403397826554826,0.6265930099048604,0.6946084386179967,2.4008910616366794,0.5700669510476366
2170,0.6088766789682462,0.6905235756958332,0.6479316053163178,0.49976720481775083,0.5431921763800145,0.9528000091058577,2.6834011865408494,1.071410851769803
2171,0.6528277699698676,0.6029072469641364,0.8097054539233532,0.597442935997823,0.38155160144994243,1.0389820365538007,2.6764765409632028,1.0362599571504398
2172,0.5877734174649476,0.6899767783095319,0.714401303712271,0.5468881768910993,0.741061071893776,0.5749015350516244,2.4705323335882983,0.5894470660784576
2173,0.7291534213313231,0.5739321230825671,0.7002347705772138,0.6391113293705518,0.7073799532840644,0.5595988845534896,2.4012692858825693,0.6611622307954597
2174,0.6107004410465147,0.766261351705918,0.6209621688069774,0.8002579171450868,0.8396055994371143,0.6199182471557935,2.706981401616132,0.7052311277155693
2175,0.6962872673496932,0.7774302398063553,0.5503735047922833,0.8591920532016197,0.782812817963515,0.7081220281178753,2.6726049920432167,0.8346919966123332
2176,0.7617249516226064,0.44267606416102473,0.3661259649151345,0.5229708155349975,0.830303419126405,0.37968123076351723,2.7017501336906022,0.4507587744116467
2177,0.8092469414937137,0.33709274801824823,0.3898568918386095,0.49528396549010456,0.6094466930274005,0.40557366442951726,2.572288666410402,0.46921718018207187
2178,0.5987778184426567,0.7496146252231664,0.29464493733942,0.4796445918321336,0.8452150916085348,0.8281192940944626,2.3051809613681864,0.5824107436088458
2179,0.5692445880300773,0.6812626486126434,0.47949796600162164,0.6404155967530548,0.7562528191458306,0.958368000191224,2.3736048062685593,0.6232325357867406
2180,0.6484595199059822,0.9766079118412856,0.7080620673561687,0.4016212289423452,0.8284361129532409,0.46609919050305465,2.681775168039918,0.34839159742385284
2181,0.670695586400562,0.7887276445865544,0.7811685150493803,0.4249303875250347,0.9145807979288952,0.46517807962609453,2.6826968773003124,0.5086272893656311
2182,0.6080352578915988,0.4410941881384225,0.6203320187236663,0.9587421384194327,0.41593414004938034,0.6666552890777133,2.647114772941845,0.6058870307065394
2183,0.6377784899345595,0.3795980533289574,0.5814912526197414,1.022703246676652,0.2516217572208009,0.7300293682255323,2.5562725131319484,0.7065902483376764
2184,0.7746136738237261,0.2819046361191191,0.8692147841572258,0.5581473929570395,0.545852076750378,0.43456111896021604,2.6191478481270276,0.4791335170302661
2185,0.8199716908224826,0.2801923756703655,1.0309077461970768,0.5515032452703033,0.38183329610772393,0.40341624370467377,2.6042435740343746,0.5321773124995671
2186,1.0423965176695549,0.8760012237982585,0.5855123166210513,0.5482926367584083,0.68706903811943,0.5780379844062933,2.7831052233825697,0.9088347923048006
2187,0.9616759119371143,0.6351802428098428,0.5617072305403503,0.56580756122099,0.614843046459094,0.5814773020827559,2.6703023901132656,1.0368471615222907
2188,0.766605473255231,0.6046016461206737,0.5518566329554846,0.7680929352946492,0.9567877440564775,0.606265502810965,2.5256091191203622,0.6864581939537406
2189,0.7847752090993827,0.5558228437171912,0.517916540643776,0.6601922204429672,0.7160207700656961,0.703938344740226,2.4246139917872402,0.5871290689861164
2190,0.6091793720275892,0.7031465967849969,0.8912418705258455,0.8056080124935249,0.5725644073041115,0.7200153050223581,2.5329659959415345,0.356183770001811
2191,0.61568140302248,0.7071871419663804,0.7749543077387934,0.6579504255166939,0.3458376680399173,0.7778560941648232,2.4666047346618356,0.46786545794944234
2192,1.0296802793640771,0.800426067164512,0.523024224149196,0.6418436964142012,0.7815105935898532,0.8572849384263406,2.6454610286293927,0.5480725227501891
2193,0.8474067902924052,0.7415567515332535,0.5788808501083457,0.845809519107413,0.7259549682061064,0.9949909616876143,2.6457107361955225,0.6903178353455839
2194,0.7314367173436512,0.4804348951619572,0.5707609726478852,0.6289818537826316,0.5846014207882961,0.7765727525877981,2.5912885141864925,0.5751565254023058
2195,0.8621696186727315,0.49526610419788786,0.6154085513795818,0.6490599011689325,0.5279105242834425,0.7930423107737904,2.497307514154549,0.6941809643716738
2196,0.5411606309426567,0.8627837752102158,0.9064588774595941,0.9042268744565399,0.4827112159057933,0.8551439343683077,2.570718697915944,0.7086257045302655
2197,0.4704085013096543,0.6719705080836887,0.9326141229867386,0.785069657527278,0.40966966123394,1.062524486035808,2.6124889036613363,0.9316905459799525
2198,0.6468936374292067,0.8606712706095893,0.8446068888351215,0.598670227568373,0.636426169318495,0.961696837742592,2.753625999967624,0.5354053591826937
2199,0.6538971265651963,0.8449929345914748,0.9267124732547983,0.447063620142532,0.6406291586137657,0.886060100459283,2.832874188298137,0.617058384936803
2200,0.25123757921083795,0.8858799703156293,0.7132805815115846,0.8976096063393533,0.8009993209993781,0.559059908677652,2.639435969739793,0.4805993822846859
2201,0.2676284691009373,0.6558069553288353,0.7307827522040518,0.8895895708387982,0.753617404811276,0.5626242553996291,2.640709622059965,0.6188727056167536
2202,0.8903353085693055,0.9085325223664426,0.410488113496268,0.8992126560259677,0.8998048652535541,0.5780038817097163,2.601881011342719,0.4280608831156316
2203,0.9786591863172512,0.8711847489450223,0.4049970982228557,0.8909151871477635,0.6754668972710473,0.798377258818373,2.51364584167242,0.5081468296260945
2204,0.8848654669599055,0.5417649229608381,0.6650166920691167,0.7382623672033631,0.8628285160719827,0.4319913712929054,2.7099076014818855,0.6134613801436541
2205,0.9372193268466389,0.5937095930144498,0.9072153259513757,0.8678573560190596,0.7438607980886093,0.4251018499162562,2.730044763387923,0.7936849667686815
2206,0.7331272057449575,0.5829298151836271,0.7834304621352459,0.60393390570654,0.5533994740218581,0.8261236465039872,2.6064942119755323,0.3158299316518723
2207,0.6571672727178131,0.5995357115598432,0.7189297070226686,0.7466258232034297,0.3099646028878005,0.8317097467401043,2.6604355511240394,0.5233153602052958
2208,0.7020445821184974,0.43062467701887003,0.42876765848599435,0.3920525012777114,0.8537515572915947,0.598611886694522,2.616450182163391,0.678189647653928
2209,0.8522191791279596,0.3974780251463307,0.4953371262457686,0.466997332565696,0.7315693926371789,0.5705718968229825,2.7221696612339406,0.7732375381513729
2210,1.032718156121796,0.7348758597576639,0.7260313456346243,1.023320715585933,0.791547275082445,0.5293858309361815,2.5253898513541144,0.41756593705193473
2211,1.084129380942656,0.7048444835757811,0.878027661713515,0.895198392030699,0.6698284825212361,0.6420395722451466,2.5461173547413476,0.5638868464336264
2212,0.5786373441648233,0.7755851288016238,0.36090149699564644,0.722550949993092,0.5476723511944003,0.7039367248523707,2.599551705105668,0.44277523514141026
2213,0.5960454513990071,0.5863904817865522,0.4768111860617087,0.7254558009323826,0.36506316046731335,0.7588309867070394,2.4001077335753482,0.5033274655220469
2214,0.7578761962544873,0.779248646503987,0.4295088870778354,0.7478715744496313,0.6881431517119599,0.8047368225965172,2.711683310326592,0.44112191394994243
2215,0.7162018491176859,0.6477164235677508,0.449739937179706,0.8237481547797663,0.5819899967724801,0.9509540518591566,2.6850420018207384,0.5062027229034277
2216,0.4908241180977611,0.8870996882342508,0.5065624874736662,0.5391633634643255,0.734169682770736,0.7830220459480098,2.3957345512518105,0.3314411563773383
2217,0.42284483509004217,0.7459151370778354,0.6213602973539253,0.5528134664168777,0.6191219900618975,0.7321400050797685,2.3265117352691815,0.5281688270059204
2218,1.0607235175094074,0.9572516118667536,0.7714505201619575,0.7845870821828159,0.4563136612019971,0.5845636551950222,2.3641301420622094,0.6613515544788974
2219,1.173512327645642,0.9160729443694303,0.7878601175862434,0.753513301571239,0.3477482704494427,0.5865578581600915,2.4127079611126443,0.8083260058792038
2220,1.0859408123717964,0.7611212579878603,0.3417574895188704,0.572398723414512,0.7974503694397905,0.6801146237214227,2.418743307642533,0.3891499412057956
2221,1.009144741052557,0.7237817291978876,0.4669611868602784,0.6404765790191815,0.58970663816389,0.7442221825467038,2.450523265241037,0.5158439172413481
2222,0.6289284451684326,0.5960210379592839,0.573131532112455,0.6416876291853707,0.7364310314731667,0.741439120877216,2.5895119590998155,0.7124656168835019
2223,0.5816070881254723,0.6729813485427166,0.5978125650873651,0.693530662128771,0.49225468388873356,0.9526648676825049,2.590305399538985,0.9647602220405395
2224,0.5673458931486961,0.5114929300862434,0.5015572873204281,0.7871849787826312,0.8839168055338753,0.30708501163020374,2.2393888679056717,1.0136548599497532
2225,0.674454013803179,0.5129275818948975,0.6527817597451464,0.7766698805593428,0.642430127140166,0.21982249370467394,2.26044900843506,1.239443473286741
2226,0.8616359255814453,0.4100548607483231,0.6768502560704274,0.7598773744880492,0.7896300479293288,0.5645217535141391,2.3054318657011863,0.7127629545622085
2227,0.8059676018013131,0.4935098765332535,0.7203955722770894,0.7908489196059801,0.7762805950272782,0.5464454827448355,2.3816641245838777,0.9251574768017456
2228,0.4204411944333162,0.6249977817287087,0.38938400575099974,0.6569001269804527,0.7016133723793926,0.6967126985871762,2.5760511798307015,0.7114256059875499
2229,0.41117515982802416,0.4964588699508756,0.4179679763541141,0.516024397909903,0.5563320507726688,0.6382353824763429,2.670840169222234,0.7930636597002539
2230,0.8804764663529927,0.8999526878509372,0.6621507008236039,0.8302381029840622,0.691584512397263,0.9710417159062263,2.5931379590674393,0.5019821201744746
2231,0.8417049271466409,0.6266624120648849,0.6381829953665643,0.6759385865917862,0.6174197693948978,0.9321096729284624,2.6274586691587807,0.7717632530030546
2232,0.7137282079174995,0.3374744598983852,0.621669965681761,0.38241972683368913,1.0932763402665047,0.4714460460757809,2.460040028916877,0.17120750744440028
2233,0.7232156258939645,0.3206032855311988,0.774160093653739,0.4802969370838776,0.9968734151646343,0.4843409698995068,2.294658887876406,0.42095371386058894
2234,0.7625592221683103,0.7889972564537407,0.49180501447397695,0.4925883425353083,0.580250010512206,0.575236638323604,2.5178015513800154,0.5297141342021192
2235,0.7542902527475127,0.5974162316907238,0.40032104757752485,0.44832272354228303,0.5377168041275273,0.5867403818374876,2.443275248657105,0.6554153789293952
2236,0.6597267327448352,0.6844009657137036,0.49981483493032797,0.7636809658734172,0.5011037071504403,0.7107781929954573,2.42984237046196,0.9243924331536165
2237,0.563339027542905,0.6834434612727909,0.6494128657331294,0.7353222168006246,0.43005364145529557,0.8024093841058576,2.2800377530669405,0.8233849025752812
2238,1.1878772027414701,0.9517992084285839,0.8231368874930919,0.9565645655349975,0.6428976578471389,0.6764215124611486,2.4284668331730423,0.8140864577573529
2239,1.144122483287863,0.7294300084670021,0.9116679502166914,1.0424950902665049,0.634501193251,0.5797566217401047,2.38895219762846,0.8411796539492541
2240,0.773112509105858,1.024828680309843,0.5657476004592836,0.6581023341317589,0.8022469399919702,0.4892539743408528,2.4502957528433407,0.6170409467655718
2241,0.5772484547223555,0.8899661026007485,0.62671557282055,0.7474908840739151,0.7701025334221089,0.48055090593013905,2.4093563300094076,0.7307626000444603
2242,0.9265592952767784,0.863276142477898,0.8768280959544845,0.7498195193314451,0.44090877521021576,0.797624721081823,2.3416667384323824,0.6896348750315101
2243,0.8856101831859926,0.8935658213822586,0.9023910295876766,0.6587941374607156,0.4161448126592807,0.9512039346877365,2.321945143244525,0.8061287765522456
2244,0.5050477227437139,1.0744536607871744,0.6154631567606517,0.541344423983007,0.8734031519359927,0.38576480578941763,2.4967880194587826,0.7788811330193706
2245,0.47395276846812406,0.8467879493538029,0.5777792585628307,0.6411449178167512,0.6613283378060445,0.41338947680131316,2.4696623404581617,0.9884709968044229
2246,0.7398906765716717,0.5126419764818853,0.7503963333966414,0.8001178434620819,0.704434024379704,0.5662693134263408,2.424959134840975,0.26173090538667876
2247,0.8881982152665049,0.3743355719576615,0.7750434389374251,0.7426021178098434,0.8224681255745372,0.6516097445351862,2.331686953188236,0.376826476066629
2248,0.655266286969057,0.8031366621607139,0.7781901759323824,0.8026512701615244,0.7789441582943382,0.6377392797158804,2.6423360636818822,0.6238259417811987
2249,0.509159114710527,0.7552896087993802,0.9080834513351217,0.7496355510286441,0.8241382865538005,0.5474358205193701,2.637269706000067,0.734856553840042
2250,0.6090352123269026,0.8960380179570396,0.48920243347304454,0.8301407997500667,0.5375597153942757,0.8168958006129547,2.546886133882259,0.6021705275109625
2251,0.5429006172029301,0.7468440694652586,0.57500088129446,0.8171085162316962,0.46292268468773606,0.8885992330642635,2.5668169570546118,0.7150556919728557
2252,0.7460707811856817,0.7587739151961438,0.9919195806167534,0.7390576753889225,0.9989780982547982,0.4965356705003778,2.5658141133684973,0.741112014378149
2253,0.7385699925223578,0.7544791533099648,1.0189005015332533,0.757166531633313,0.6214023968234151,0.5332306755490692,2.525396826622606,0.8316815978075988
2254,0.7144240972641385,0.4809706312620844,0.7004224743727955,0.23112976300417598,0.5994455588567906,0.397119106818062,2.5048925017568533,0.564234280354736
2255,0.6065537496162537,0.49537531496002724,0.6895348578091542,0.2950297137328184,0.5462576036868034,0.43929772875068873,2.5506392059042384,0.6270203088887338
2256,0.7197263872375494,0.7360353690560447,0.43120268785093757,0.6593930740982612,1.0484234443055447,0.8936848966637013,2.3600821984913476,0.4565660101604029
2257,0.7099923988043005,0.7943134969641366,0.4230386679121465,0.7052097787891066,0.8250553114130791,0.9735338893781487,2.504847337774102,0.6136919570546117
2258,0.557219482074037,0.9910961960947731,0.5473101204943356,0.9500955431361786,0.4720721101414105,0.6599844370838779,2.226574655386678,0.7239899356779624
2259,0.5399148796964548,0.7547428114130793,0.7061103869815746,0.8421852116237287,0.3039922816328801,0.6629216982358059,2.192780590522047,0.6885299711141992
2260,0.8474577327767785,0.9612278624102133,0.8680304382981366,0.6768245732677485,0.5632839990408509,0.5921817239894823,2.5277569231844366,0.5603161228265919
2261,0.8022329894549847,0.8724775319203654,0.8614414943759053,0.683187449417689,0.5907893469127681,0.7850926263415973,2.496391933920677,0.6413048958008135
2262,0.37041639292509665,1.0612443842344952,0.3343544272105271,0.6370347952128923,0.6747118934046714,0.7938523431422214,2.4265771565689946,0.813829176539296
2263,0.28082294887466164,0.881942156344963,0.3833402393272141,0.7555413593743502,0.590761022717813,0.8653744486830051,2.3414932330323195,0.926663573779266
2264,0.48488385653057703,0.6432635514439005,0.7455447343424078,0.636645086559843,0.7400715803612112,0.7555569297991911,2.4413494263476396,0.7572437553038008
2265,0.5048746404646368,0.5138257239575392,0.9953073574254074,0.5960762417237883,0.5644137395188703,0.8213749539229203,2.422921810901995,1.0569913712929053
2266,0.9434251142633283,0.6321275692731688,0.5473259387777113,0.39100058285361416,0.657621451271236,0.2582004135027437,2.4699578103904773,0.6495451179056717
2267,0.8038738047348726,0.5785085796265274,0.637887350171798,0.35185166564334336,0.4791860794024947,0.39048890966831085,2.4246542235103394,0.7519381529585946
2268,0.9143760790830672,0.8439512312115817,0.5793416534053603,0.3593598526961437,0.7326818702064175,0.6387386357677485,2.392306294861522,0.5289154109783976
2269,0.8631962774151336,0.7652201440430939,0.5934227182384821,0.4559637611510622,0.8423434971238505,0.6202135418256588,2.2973376710434055,0.5434424823295797
2270,0.6182926517758456,0.4522786466637015,0.8486999963887332,0.577097567611711,0.8881125717021194,0.5955518147683705,2.5057103556357463,0.7703310673242261
2271,0.5703837699064152,0.5253923174839398,0.8935762842849976,0.6379965609339378,0.7683323552204896,0.6296311345211139,2.5655980853779603,0.926521704945955
2272,1.0263131805023658,0.8335975555977615,0.5887935240598429,0.5724909191264053,0.7368191202383602,0.6855074895188702,2.4692409952383607,0.39604090720785057
2273,0.9466297690111516,0.8474784833198055,0.4851694619435893,0.628514921459094,0.596978892925097,0.742793484502122,2.4998530236445866,0.5189386902475123
2274,0.5310108279326937,0.4463498695036764,0.7960023654775867,0.35513287308213387,0.9179309844067263,0.745078400402306,2.359811988240726,0.942735003418311
2275,0.524189264090664,0.3656192239894823,0.815742245078647,0.326770461112644,0.8882774819458331,0.7655468274211762,2.454629724948199,1.1005104063134528
2276,0.7833505970724826,0.9410843236191196,0.5161318135217354,0.5123212468678754,0.8442341952323181,0.5919874680463925,2.491973164493403,0.7365817433213602
2277,0.7037747038594675,0.8736598347706138,0.5763199454559179,0.35719316583543276,0.869647438521736,0.5704862532585968,2.386848783901251,0.9025175032585968
2278,0.8249047748273362,0.5578048912955818,0.5764567067671265,0.5379642208262811,0.8602339318439625,0.5742493650623307,2.5857722392313853,0.715973913599005
2279,0.8233325880615869,0.6571935539039275,0.6190248620903528,0.6418720206091567,0.6518487413400421,0.6785896439472658,2.5443549980501907,0.9147705447333179
2280,0.8810023379338154,0.8378058276775846,0.6364631612658825,0.8880653647105266,0.7128413749995668,0.7464231473664423,2.3444352511814497,1.006616246612766
2281,0.9880352779266522,0.90725598079546,0.7389141140716712,0.9969457065754697,0.7261056800543008,0.7229172667108383,2.4242398535590324,1.0238927726539275
2282,0.8361116763795817,0.8574761298561688,0.29183576974626846,0.5942746748139524,0.47688900811563206,0.6764136909506864,2.666099225555544,0.42151879566009187
2283,0.9857470496546715,0.691750619407848,0.2620779161868032,0.5503478219896043,0.48294408368412617,0.6260862689792084,2.763650773932072,0.5603241195995049
2284,0.7815268349942138,0.6553837423626442,0.3567404319074149,0.3993563926056689,0.7967107607358059,0.8699545681236619,2.795880999328768,0.6452140350516241
2285,0.6967018125634528,0.6230491658673747,0.4284366412316961,0.43221930681158705,0.821887648612644,0.8479300204809521,2.887785713061587,0.6633475525942735
2286,0.6506001008430299,0.63937252134384,0.7520505008300793,0.5081180823101541,0.8956222033803259,0.8448592377935271,2.2002421689666916,0.8672959371162537
2287,0.7094308046390443,0.5443040555658184,0.8609998217340619,0.6657056061472637,0.9433239002741014,0.8656941567925942,2.2894231108122094,0.9811837700018103
2288,0.7017833901452084,0.49115224610124875,0.6284574268272141,0.6981962498713628,0.6898048927973258,0.7877311777854977,2.5318005328790822,0.5352844161548606
2289,0.6458382313708628,0.3645059001782731,0.5910049517823207,0.8348022288788928,0.6483406198869892,0.7976140103205495,2.5264536773063555,0.7707316620009993
2290,1.084551149283442,0.6556439128315125,0.6874731204304501,0.7830631239130794,1.0398971936666885,0.8829209371162535,2.7438369830323213,0.7557926868283351
2291,1.0451136648132633,0.6203594966766516,0.7238694157711141,0.907686344292594,0.7538147252676267,0.8318608817092829,2.6287375015971395,0.7669592840613975
2292,1.0977462274406014,0.31615372577914375,0.5795638104224201,0.32463192318443757,1.1317439896466415,0.8454826604668798,2.3812378471044258,0.5066057837100274
2293,0.9911735950277112,0.2420573634323827,0.6420946007472013,0.2742155452767781,0.992926933441535,0.6394178605890426,2.4680849735742263,0.7339949806038035
2294,0.9388942448231042,0.8404737248208601,0.7185391521276496,0.20808937004670386,0.6747118934046715,0.4301875135156939,2.504532138803179,0.6472519573740394
2295,0.8707658698550469,0.7996963229798307,0.7719193202318855,0.23122791248014138,0.6296668571055469,0.40805903789539794,2.4662959125759696,0.8589703193055446
2296,0.595484280354736,0.8016461356080351,0.5847291638221713,0.8366520968808255,0.5016788287316962,0.9935273147044854,2.613257682802246,0.20512149383244477
2297,0.5560088550288329,0.6772765335498799,0.7859412705452711,0.7718301890332535,0.6086356391545495,1.0417271573675646,2.5792510775813238,0.41249728850274386
2298,0.6094115688264026,0.8625240278623326,0.5268776639184328,0.7658047070226688,0.6807907840294549,0.5448229518781492,2.3609967572208,0.8878785071569152
2299,0.6683020581216735,0.7735855704559177,0.8340757970660072,0.6817866524470764,0.7502912086521839,0.5601927136689328,2.3238912929760316,1.0185103697592188
2300,0.8037549047158802,0.612265725139855,0.43530072766420125,0.6911660564282737,0.4708273803996295,0.7373956864450222,2.548143792656604,0.7327888626972658
2301,0.7240687792363057,0.564904063777711,0.55672567018095,0.683595019362955,0.4238441911419102,0.6293099817861191,2.448944876852681,0.8220410018531141
2302,0.6537098458905992,0.4815685463952089,0.7009873083137634,0.7798775998204275,0.9267637662640721,0.5358053554760321,2.6484630075402285,0.7227338967914723
2303,0.6138049033095321,0.48000946392447513,0.8189628933722959,0.8612575260731039,0.9454271387388606,0.4168507417876741,2.701625279907537,0.8898509380745372
2304,0.5484154475326312,0.7037632194523084,0.6717017424584723,0.8686694313963308,0.7953136992579746,0.6332579081346243,2.5811709461267163,0.5469391193754722
2305,0.6255505328790818,0.7396754948231042,0.7365614158993185,0.6967687485936512,0.597805341960338,0.578510447372918,2.5790408280924075,0.7822200103524926
2306,0.8753538108061664,0.5102555987339399,0.8644882141485074,0.5829234382985694,0.9249071708521814,0.6120536079045492,2.505517544318062,0.6974335997569749
2307,0.8377272319777758,0.37104449999956723,0.9299142387518109,0.6092477526831939,0.5857656870838777,0.6453534377551091,2.521182776041162,1.0201758463373654
2308,0.9993785176691217,0.666736598765883,0.9089213847775222,0.5690729503764048,1.2269483704939026,0.7470101764758431,2.4841021483571026,0.835857036553801
2309,0.9560318939481318,0.5437810732358056,0.9453731317412257,0.5417074283289571,1.0448910846752189,0.7087947007916614,2.3803906475261574,0.7429729436662562
2310,1.0626601532465125,0.640809814544771,0.6264041093424078,0.685202155067251,0.9582263066203627,0.49398913950592016,2.2490247068629543,0.5360305770063533
2311,1.0063963804630816,0.4997339483631439,0.7099309934171889,0.6706810374801416,0.6252877210179376,0.42437721325367656,2.351262768787551,0.7271471355756591
2312,0.43586147558748745,0.6340535668450844,0.4015524251657558,0.7403241771781517,0.9813603399151337,0.8125096892568533,2.250976810358534,0.804249738113388
2313,0.42717591794408905,0.5343534407585968,0.4101688285076638,0.9349723518021791,0.8391401117389825,0.898373876341597,2.2968419914039275,0.8834283490214248
2314,0.7920098735297663,0.796896173664012,0.7495681918774598,0.29073477658418856,0.8850303046075345,0.8725391125699276,2.6024625098090324,0.7026281235936517
2315,0.7646164504083481,0.6202541966697434,0.6782044444328827,0.26932677901270613,0.7006916631189971,0.8585066993538031,2.496060741403927,0.85298693676445
2316,0.4621155415701166,0.8819390192356167,0.5043828715803905,0.8090896774980121,0.7562002567736017,0.7067072806102785,2.5537553278368654,0.3953281780734151
2317,0.41593414004938006,0.6012056972766562,0.5905415070930295,0.7437047308597782,0.84302501281252,0.5698299972516216,2.5429823500120845,0.46547848181806206
2318,0.7522359137582858,0.9101550532331288,0.637728218429706,0.633921737793527,0.5862297301566041,0.6345825029391687,2.5647110771975763,0.8122429666404775
2319,0.7361484905734151,0.8567340550223582,0.5647410212803878,0.7376092483057333,0.4396601347132037,0.5563250755041763,2.5820776833457066,0.7737580543515595
2320,0.6288877903243479,0.7924965348919102,0.7054933411932787,0.8024155131323806,1.1682648909118358,0.2627456566009378,2.4109109033414753,0.9413169435389178
2321,0.5985412877676264,0.6746657079174997,0.7411621106205523,0.8987241995135167,1.0202856554829405,0.2573234451041143,2.394477067739915,0.9777573813579126
2322,0.7594387663594674,0.9824666884578503,0.5854340714461441,0.7285530400683728,0.7614682687879847,0.7263650042811991,2.475867880016316,0.8722947603844347
2323,0.6056544107867413,0.8089262118797038,0.6220424114260296,0.833622815279455,0.7869242099303285,0.7474834856844378,2.4257868532391718,0.9285247509259072
2324,0.5347694305977608,0.464693884393776,0.3638931882661933,0.5802756933148854,1.087268048568617,0.5938613263670643,2.6209239800927198,0.89168660768095
2325,0.5629909952383607,0.5142049697078503,0.3561952544089699,0.7078251135601535,0.930810936189047,0.6224428308403531,2.555290595251311,0.8635601280030545
2326,0.7980408861834383,0.8762811233057337,0.4543174152280869,0.5685144207244103,0.6939881530539899,0.8049673995074748,2.4703062658160064,0.5958664153558583
2327,0.9268744942477011,0.7272236882666266,0.5737432225201144,0.662837747155361,0.643050412704174,0.7373421025683726,2.5322695082114595,0.721280537448632
2328,0.7609500434551737,0.6152370889883605,0.8250087028049227,0.6085311127935271,1.1530135334229752,0.6505857271850595,2.7545678613876117,0.43462516573960397
2329,0.802617342727398,0.5206706797348726,0.6921446619371144,0.7247116830897311,1.1366742569967685,0.6301894163145744,2.687769859725722,0.5817598429825075
2330,0.8419993755745372,0.6374883753828806,0.38913803367765143,0.42506859346164877,0.48180796632104955,0.9113131179061044,2.810585734693779,0.5812526789358707
2331,0.7542302919858056,0.8130554651387336,0.4221727607996913,0.43456171734365145,0.21808004131457423,0.9449766230821337,2.835148218174597,0.7526633880046094
2332,0.6880893199767759,0.5486618427269647,0.7437028631133881,0.5268776639184325,0.8147909422603405,0.40528908052092544,2.7108410430079757,0.3833928016994425
2333,0.7002772931676888,0.6100167070865544,0.7450211536289599,0.6309200067412261,0.7806083655095297,0.4293372494241639,2.84705773648344,0.5347485047922832
2334,0.5744738129467659,0.4871811030798904,0.5427698096557934,0.36798791570766143,0.6019647871607138,0.549279910019681,2.588906047193778,0.6646709506319475
2335,0.5871032109209873,0.4073923189856836,0.6203295525938405,0.36382523073157447,0.5381878224687462,0.6118484659377361,2.596479725651373,0.7193130387906612
2336,0.8300155228460173,0.6384088878764052,0.7463255962739128,0.43650642244975374,0.5010864442416587,0.6638208618028679,2.5313221161483854,0.4461960931422211
2337,0.831598245110589,0.5993281034632038,0.8036729966442753,0.5474547033160068,0.593114742394587,0.7479286459605272,2.5171367002166916,0.5470518177718582
2338,0.8553164182639499,0.6229054292876738,0.40011777335710125,0.35708744270753956,0.8337679964845621,0.4465981324444005,2.420572425101437,0.33491168749956696
2339,0.8035555412506894,0.6470065836841266,0.5556821716507513,0.41943937225162164,0.7036706006194302,0.40964891069091297,2.5250672539937136,0.5352942806741638
2340,0.8447337856270273,0.6199667235103407,0.7125097593618334,1.0994732846683108,0.8540562933597786,0.7973540877102159,2.1758712274406022,0.9025507597132039
2341,0.782293746388734,0.5092498657970146,0.6468414981779623,1.0368588937879846,0.7060801950402291,0.7045728286997532,2.270501085090042,0.9776013141290819
2342,0.93310716123394,1.1861088922862415,0.8482231995458926,0.5483084550417835,0.5400670361700545,0.7119077582110266,2.5086757657201786,0.7073799532840643
2343,0.8304294696763408,0.9218826462480118,0.8145936218039893,0.5470982511175644,0.35818410199340267,0.7998180396535499,2.3943099392249096,0.7087264953985075
2344,0.42502113861152196,0.9028838199763428,0.7452870300033657,0.6520109375953953,0.6083877993348102,0.5105446917811984,2.3782422450786465,0.6881963124676244
2345,0.46371076974626796,0.822021097552057,0.7216799353585345,0.5403684598664423,0.5942276430848114,0.39834699677204705,2.392600144905982,0.8235859585244126
2346,0.6707931374930918,0.9020060053357434,0.6778621180338751,0.5254430121097783,0.8015713780673729,0.5797675077638279,2.5351119322592193,0.4812521506574148
2347,0.4715674122245992,0.9114527684681237,0.7639368024660694,0.5744563747755344,0.7430596087350616,0.6404751343937762,2.6354865987658824,0.7607762901965772
2348,0.678164563234684,0.905537941845085,0.5249403572018081,0.44982966676177333,0.5740629306297039,0.8394117666150096,2.426092786074227,0.7011226249995667
2349,0.6150853556357458,0.90252550003151,0.5573006164997563,0.43793656511974144,0.44169745865218357,0.8709958483825694,2.5287979555848112,0.8533973959605274
2350,0.8678817694587829,0.4354807852117711,0.36289834135299226,0.2651583155349975,0.7540592527155693,0.6687679689407906,2.651736393468558,0.9736207297094054
2351,0.72950638589552,0.45498413413780103,0.43275275204433805,0.26424069229228314,0.7730560359783979,0.7616101376212961,2.66011873226526,0.9149074813069776
2352,0.9304982033479501,0.7475331588058552,0.4179848161419104,0.7048290884133901,0.827964248370052,0.8884762470275893,2.4562810031308255,0.5809578073869895
2353,0.9626015319527413,0.7235076081920347,0.41003513170971634,0.7529730563324452,0.8019855727562307,0.8879891625444603,2.482553951910091,0.6190809120968281
2354,0.9088865084350597,0.8321549070161938,0.4582599861959553,0.4837551375569772,0.757739858064263,0.8481909645957063,2.4211208423755943,0.9831003261754077
2355,0.935759838477276,0.8393072402539876,0.4742962916340023,0.5904160549265295,0.6355303181232285,0.9075693120199917,2.3894240622116487,0.9004409691009376
2356,0.3152311702767784,0.6068367136369898,0.7298628380939625,0.5006382194523082,0.9150325103524924,0.59905296095293,2.61278028757597,0.5831053635925296
2357,0.3127178957369278,0.46237528891799995,0.8920469706346239,0.6662142148193055,0.8094381329235424,0.5996839572782111,2.563822376533253,0.6948105160715498
2358,0.4935043458901665,0.5031133052779002,0.536802420660525,0.4106969183597786,0.7727067343108979,0.6064878350904747,2.581685085441846,0.6314793100391063
2359,0.42690239532167185,0.4073939388735395,0.5739358585753481,0.3930646110996938,0.6723247420108401,0.6273429062491342,2.5446474034692455,0.6830695709031166
2360,0.4840456752296418,0.8485850071249721,0.48505200655000236,0.8426884649151344,0.7802925681551715,0.6590844272748457,2.532638714180017,0.6589832132856192
2361,0.41357939886818657,0.8062591609783974,0.4769806054440896,0.8330368076744752,0.6712898386369899,0.5942032296450867,2.6217711796709877,0.8548969407905399
2362,0.7534638037122707,1.198522087007475,0.5345240569078482,0.7679953842021194,0.631621178872418,1.0272207639633257,2.400899481530577,0.6880310516990096
2363,0.7640568992519329,0.9925665704878605,0.5647839669918479,0.7527866218998182,0.6400655214396685,1.0242317866811392,2.358466044509719,0.8854288562754679
2364,0.8674253000379843,0.3688653072272758,0.7119652528429077,0.28344730192304207,0.7688464945356195,0.62332719762846,2.5882532788210506,0.4486321440115845
2365,0.7556191814282738,0.3816889611445864,1.0513964280419057,0.25157412710822363,0.6989403677140146,0.6529205640651962,2.6480812956600923,0.4694888350580988
2366,0.4506249023512483,0.9847598489894821,0.8408413109015618,0.3607672018142629,0.6477100466826935,0.8184419540511245,2.4826264185833775,0.6010808434935914
2367,0.342682511151062,1.0609245008624557,0.9379589355506243,0.3877253291788955,0.6071742830387955,0.9241347288145741,2.597201896184127,0.6823593078985074
2368,0.8787742456859925,0.6657532362598407,0.528841499679706,0.5562423211906019,0.8724485367458905,0.4153937195481363,2.4689857570291442,0.8641837259388584
2369,0.7182128918705526,0.6914401774341267,0.6066568313518704,0.7493786929315719,1.1193722960114627,0.3747895752486338,2.379532561924164,0.8896150057829426
2370,0.763562065854425,0.38428312225162176,0.47607200047870885,0.5682896223150742,0.809197866755731,0.7983355824698679,2.3792559747884847,1.0060942857871744
2371,0.7502308247694923,0.48788090318176086,0.5512747113681857,0.5300958460822564,0.724170416346517,0.9809315963058556,2.494035748114077,1.085822160211338
2372,0.8167857436088455,0.627012910499256,0.5539799509837512,0.6200689590039875,0.9981873718039894,0.4625771185130174,2.278356282942967,0.26054367027677794
2373,0.9467449335373629,0.6352482003444623,0.602872370621674,0.6318867047219224,0.8067227809301393,0.4247285579300172,2.292379502619309,0.38068118519882077
2374,0.8495258470405396,0.6228583975585317,0.4654363823485721,0.6178737726858706,0.5724603040640744,0.9305306135605865,2.343777973670055,0.740459669126405
2375,0.7480933083457059,0.5728061180973281,0.5904304285844996,0.5935079386818828,0.4318995987019975,0.8724229265392953,2.3889521976284596,0.7893399333776493
2376,0.7226445903303906,0.9203995180848105,0.7176851525433382,0.6964895200656965,0.8213498695036765,0.6956373882277757,2.6078256067861187,0.5408086878828804
2377,0.760219029907537,0.6743439567990694,0.942215931843529,0.7419310650239127,0.670791094484251,0.7531867934556071,2.4266486017378606,0.68369316883892
2378,0.8222383223094651,0.6079594788465172,0.7710281534377365,0.5808625471618355,0.9714672197397933,0.26471562138873356,2.592317215937736,0.5557372001528056
2379,0.8580317702573526,0.641187440407226,0.8493250389499425,0.5814828327258433,0.8979079655224803,0.29107234598599485,2.5753789302779,0.6010085520827559
2380,0.7002288168131416,0.6101610420496913,0.7057446686472636,0.7428267409567288,0.7991376180653851,0.9550397610232909,2.469669738847639,0.5412216132087834
2381,0.6406094295751588,0.5414793175478255,0.7205154938005018,0.7529403982612731,0.6067139028627662,0.8822347370264672,2.5287519453600904,0.6933606443629547
2382,1.0793650453406638,0.47558082997789797,0.5159817000569774,1.1097562887591517,0.4352372792682488,0.7286745814796413,2.611877636374662,0.7790082050737266
2383,1.0585683150558558,0.536385832437925,0.672603970538796,1.1619726862848752,0.292904104837176,0.8993295130361194,2.5631248672987583,0.7628105496222957
2384,0.8070693686092784,0.7919092579239748,0.6582089035016219,0.5476624866750969,0.6979956170432163,0.8143923905924074,2.340329812978709,0.6914898505555445
2385,0.8377931465035542,0.7567191530859324,0.7470407915381742,0.6724160914807636,0.4764418048307013,0.8911408317990694,2.3545667697782107,0.7272091393462062
2386,0.6702270341891687,0.8640151527984479,0.5602662018466393,0.7241100324638258,0.483652478942346,0.585339409604425,2.4729361495074755,0.7817625194272737
2387,0.6041092788529921,0.8781510708711737,0.5643174577892953,0.7685395401961437,0.3544226100775247,0.605241485460838,2.3800391275873642,0.9717388746158206
2388,0.8352962886305143,0.7663157818245372,0.4337759231524946,0.5957635088826914,0.5116873612917829,0.8153272767439032,2.404092404012706,0.6508840863681863
2389,0.7203594265716715,0.8136954797413484,0.4195424539872385,0.6923750635856218,0.41516867328026597,0.9331578558597783,2.4885521312301417,0.840621372155793
2390,0.9116168324698679,0.5752772931676892,1.0501287294858057,0.9430612636754079,0.8390643326939005,0.5780182553676861,2.589877852696577,0.6365421800866765
2391,0.8257137856913456,0.6652505813518707,1.0606031728650096,0.829812671746579,0.6307029572462685,0.5953399453915991,2.557714986451065,0.780480870334189
2392,0.6014021714910371,0.8797730033544253,0.3955452275683729,0.5089970937176241,0.9289005090419726,0.9289286579744772,2.5734282714077255,0.7317699528692412
2393,0.6997033683533028,0.8975063493412859,0.45386094580728875,0.5781004112978255,0.7962066612024307,0.8766383491500626,2.6096201984274625,0.8226013992514996
2394,0.48017106179639285,0.5982702312750345,0.5423757671265272,0.5445455185005,0.7548771065944626,0.644998007061087,2.3833371748139527,0.5983336796709877
2395,0.46841472146556945,0.5192479354543631,0.6422293190495695,0.5430521752930939,0.6231185680274002,0.644103177370241,2.2489959595470155,0.6697243792811989
2396,0.6915126441074126,0.9374680129083475,0.4990707170876762,0.7608539369880492,0.9344892506703657,0.9049201224109025,2.7782308307764674,0.9790799331536163
2397,0.6336921823869894,0.8349250396531168,0.4595884917557312,0.6849721765397289,0.8360171898003134,0.8448429963891663,2.805151790931261,1.1734334840872984
2398,0.7307580909057936,0.5753353861830047,0.672674817324226,0.5726605137712364,0.5207049576939005,0.5645554330897309,2.6503066739195544,0.6141416264693678
2399,0.8417336744625818,0.6635229257407258,0.7629534399600273,0.6402266961906011,0.41370382953026574,0.5486341169154453,2.691641408645709,0.7806747031562933
2400,0.6949513634004398,0.7054085438708629,0.5040422376653232,0.644826369407415,1.00862133560156,0.6007325633305125,2.5063980003509374,0.7456297069272735
2401,0.6666653288594675,0.48817246235884526,0.6572175442226664,0.8080939843428411,0.8276236144549844,0.7447624277854974,2.4167768304889825,0.7857542377292087
2402,0.6519877209225425,0.5910094609209872,0.4963884462864301,0.537925608991037,1.0009938254087811,0.58634327479496,2.3559449484594057,0.6069126679445221
2403,0.6373331543960196,0.5499952805463926,0.6974210938453951,0.6028456663145743,0.7706017006958331,0.6514393036483851,2.349280896471611,0.6769211028558583
2404,0.8720834893910989,0.8181238658293901,0.35928942903169897,0.4988585998523703,0.6558502515651964,0.6900426928353103,2.5167732727497554,0.7081928749033055
2405,0.8849523072911615,0.7305665489510644,0.4182030624037388,0.6462437583072883,0.6556707924010622,0.7281045674204872,2.5640856115153827,0.9200417965234128
2406,0.4063336005555445,0.6050209483316341,0.5350870956985098,0.6646130328790822,0.49893395577646704,1.0352264984019948,2.658126572309032,0.8065293712290199
2407,0.43611569229228336,0.5904115457878628,0.5746592258749725,0.793769588828646,0.4664100555977607,1.0141881299200544,2.6319129859080372,1.017339974437114
2408,0.5858866301117107,0.5701115166469526,0.6233842691393556,0.42936106448045225,0.6535614249097808,0.6802538511624576,2.4302464527729795,0.7217548681616464
2409,0.6527417032844972,0.5258493852881737,0.6068991405285218,0.43345374891307953,0.48712709608225596,0.8116119703151964,2.4999942940944626,0.8096196350965176
2410,0.9434255373843131,0.7937648318314454,0.5889347945097183,0.5623688419279617,0.6421609383939645,0.7874422600006885,2.789922453348383,0.5260963788659422
2411,0.9646612263226042,0.7107457827828206,0.7257221004277734,0.5986217512138255,0.5745676285465146,0.7082341281308254,2.803984284859968,0.702221575152806
2412,0.7136300584415348,0.7147690650554228,0.7135783423112756,0.37827652303767356,0.5718077835498805,0.4668357346937786,2.611939041761773,0.6998084930977608
2413,0.7213185509004401,0.5748189560005,0.8705582617584078,0.3827150215035541,0.5544405064222311,0.44418607189377557,2.5858773639758437,0.8385263783224823
2414,0.5781981376528056,0.8544914138541141,0.4860676040062307,0.6300485689856835,0.8273550240922191,0.8446892200277114,2.4492725817351837,0.892271170660525
2415,0.48315926543269366,0.7400210609978235,0.5532814202448356,0.7758510051760297,0.977049584483129,0.855709862409781,2.355000445647141,0.9610864166978879
2416,0.9229633119880498,0.6605917936153207,0.25375434138493524,0.5427509268591564,1.0662276370778359,0.6119330879977014,2.657275461975532,0.4195285034502536
2417,0.8753632522044853,0.6449419570546115,0.30565240283039025,0.6540696104608383,0.930210730188547,0.7433805136115224,2.7078994479798313,0.552876491691846
2418,0.7237164130555443,0.5283994039168782,0.9339867710248458,0.4883028467849974,0.6226615002231666,0.6413925823740391,2.631831676219867,0.5157591199189324
2419,0.7941285071569154,0.5916870658544251,0.9084239099877389,0.5169765469701787,0.49902717299278077,0.5351644946314474,2.7403120217914725,0.6285545547987584
2420,0.7884590542237884,0.7939539802524325,0.6270237965229796,0.7700405296515618,0.6857776997694924,0.5260070724048602,2.2313880657266543,0.5513486226668778
2421,0.6583996718104651,0.7464945925353081,0.8120932762967039,0.7296303934366138,0.5065595982228555,0.6307004911164429,2.2784846243602783,0.6612178576809504
2422,0.40732104907926836,0.7238521528623326,0.3831919936088458,0.9565114047793328,0.982643258371174,0.45208625846700246,2.5089182501592813,0.5808912944777757
2423,0.31573135905492267,0.7839474907011861,0.40900294232422607,1.105770596817373,0.8268731197272757,0.4136428472641389,2.522542918167688,0.7385319790705493
2424,0.8772235831091565,0.9307164496097784,0.541778698235373,0.3858822611830049,1.161226875958284,0.5049142738043007,2.2988550771656335,0.8178783168770274
2425,0.8101436389309501,0.7497612510536785,0.5771215579304502,0.4569298607483229,0.9389507179505643,0.5229613741366783,2.3669349757791442,0.9958903005171261
2426,0.7840277788849348,0.44115023814489757,0.4967522968743503,0.60072643430399,0.8062423211906017,0.4765071209730439,2.384666701878148,0.911883730348694
2427,0.819998993513017,0.39607662979228325,0.6612991673691192,0.5712864211077238,0.6979822648896669,0.5600748351543604,2.341232041059032,0.9950841789039273
2428,0.7187988994755322,0.8323097048820699,0.6416765678991966,0.7780425285974504,0.619303492234873,0.2764764708582237,2.583754644331013,1.213012166411269
2429,0.625011133882258,0.7603512820800791,0.6462002142123927,0.7765553144165669,0.33157996069738793,0.26081532515280587,2.5891321149660693,1.1013469677265322
2430,0.7300332789807635,0.60510676715847,0.917684589212393,0.5735617203471393,0.8136628216701761,0.7514190813838132,2.60891529080349,0.970013860396952
2431,0.9072600668131414,0.694036206287552,1.006091046011462,0.625202500574537,0.8017987152026192,0.6632888611955222,2.54641613704546,0.8005476085757806
2432,0.7956453148957088,0.8177746367579746,0.4942860540636417,0.8741832402216116,0.4685970698805148,0.8691626449059822,2.8212453431426545,0.5361969318754719
2433,0.7715601540450823,0.6012847160974497,0.5992691642059178,0.85315364215847,0.4706489427399153,0.9058225257536761,2.7784429480117723,0.6703916965743484
2434,0.7229593661803282,0.7853573059491313,0.5944927458133302,0.7030597564537412,0.7463369054186216,0.38946038317951726,2.516950265784065,0.7488035713503158
2435,0.7458254074957683,0.5882393282840643,0.555463677530388,0.7479292443439626,0.7053005298755941,0.43202547398948266,2.455654939065196,0.7854074021915344
2436,0.7062479219386689,0.8095514297033629,0.94157549411993,0.37199231518362685,0.8451462878319447,0.6336053420557335,2.5261834670557333,0.5044264156752853
2437,0.7242279109783977,0.7403752949249749,0.8264131626722311,0.45054299427964434,0.6471285482163802,0.7990480637457689,2.674677615445644,0.6474915525623307
2438,0.7995655154326937,0.5965748106140768,0.8368830969127686,0.4975266066583482,0.6172616591572263,0.5991878545177487,2.8869941403688077,0.7481070836202408
2439,0.8001084020637638,0.5422012402220449,0.971375622411336,0.6797413317351837,0.428751840202619,0.5471641656433434,2.7732340505171256,0.7963781235936517
2440,0.4222302554315718,0.954247166826092,0.7183461655475144,0.43506275236376607,0.5229907198360546,0.9136482026447758,2.604653186988483,1.0428301935384852
2441,0.4222762656562936,0.8691219900618979,0.7379515021086566,0.46607495232578144,0.4044696067541766,1.0593779243033008,2.609232357520803,1.0545113532076618
2442,0.7007474652669375,0.6032154706665673,0.5954918540066644,0.5008435366815721,0.7062479219386688,0.7804689628060443,2.4369203692800765,0.7843014767698036
2443,0.5883364562556089,0.5022285153688084,0.7555428039997559,0.5711400431357461,0.5206735689856835,0.8585118068759054,2.3760480802649493,0.8758499135666287
2444,0.6941858966313253,0.6212155392698033,0.7078548823805146,0.4575694522299531,0.5110459020637634,0.5742553188264026,2.496076559687302,0.4020025177014972
2445,0.7818547151391668,0.6054991897998803,0.5643439142378607,0.3697336804695569,0.3593479451679997,0.6497919362209896,2.4839366397299525,0.5817851026642012
2446,0.9567709042686815,0.5876752679889823,0.7103157698105866,0.7457137306038035,0.6620165809046714,0.5670964334411017,2.6786452708327553,0.5535183740408506
2447,0.9281489928098429,0.5677062561023707,0.7404660460114623,0.6820305815115845,0.5035252090993829,0.45981455952802264,2.647490954178896,0.7265087408608999
2448,0.377662789621174,0.5843961035590324,0.5913277244051713,0.7211138320546119,0.6770054770572884,0.8091635887967034,2.4294830290127054,0.5267263536868031
2449,0.3448834759708008,0.6125765902345619,0.46147161621227123,0.6346568373588454,0.5576640439666913,0.7296550547348726,2.47179143698805,0.7479703223090322
2450,0.642154984629893,0.7106174413655096,0.9164125567800772,0.5301915294283954,0.8452850921519945,1.128408527351682,2.557761171938236,0.9789020938773385
2451,0.6053605607422807,0.5835936448425296,0.9092949246222959,0.5790987458452738,0.6262295824379255,1.0464379090929077,2.452375774635246,1.0090798480311984
2452,0.8384575745458926,1.0101252143077881,0.8596672301566044,0.5151379881129546,0.6522125919279623,0.7848591601798284,2.689551522334501,0.579473234598383
2453,0.7733252247245994,0.9066335796265272,1.0378919294154452,0.6373664108506264,0.700489585665445,0.7683793869496311,2.575933724437114,0.6472940568435299
2454,0.8234044563514372,0.8366703812940268,0.6604786720979495,0.6315575552140145,0.7945900840998158,0.5585627844127684,2.5535327476988217,0.5698811149984451
2455,0.8026465131643237,0.6659986099497539,0.7401742389758434,0.6520645214720444,0.635637310614077,0.7187299204364928,2.5449533363043013,0.6979543638156961
2456,0.42910871552204644,0.9049188530479478,0.34848481464016656,0.7556384873458952,0.7226495225900418,0.7568347407331291,2.5107836885860544,0.9173985606783958
2457,0.3967846019295169,0.8647190389180001,0.41913199479116126,0.6575937254597163,0.6591850428806365,0.8305116256064795,2.5219004374352485,0.8848738868538033
2458,0.8989383597576639,0.8774798428227932,0.59472740874197,0.5507581059232312,0.8198825596238504,0.43324349942416385,2.4430725728201166,0.45592514931581807
2459,0.9395194626467638,0.6476560396850596,0.5943262156817611,0.6179121366625792,0.6759802629402908,0.4493409623907885,2.385499104677462,0.5865588796645124
2460,0.6552603332049851,0.6645485629787087,0.4835354466697436,0.2910039653303901,0.9261787801635125,0.4636413675862434,2.5878056524151343,0.7408467363871787
2461,0.5481294189986344,0.6091224757791438,0.6079110024919703,0.21194654530872098,0.7983811695736042,0.49452607237291757,2.551418447947887,0.8256037286872362
2462,0.8235442821759072,0.5268314784312609,0.6345136991625795,0.7733962467724802,0.5099939836396666,0.730822385543716,2.517894593333878,0.9979109599307608
2463,0.9328703827003757,0.4710037750505023,0.5966828246093455,0.8297342513092208,0.4652415280220472,0.5128731517762785,2.545174048695954,0.928117779364077
2464,0.5560569082623956,0.5642942411164427,0.8723968206156316,0.7093792637712361,0.6887182732932166,0.5387340214716113,2.4154284206281487,0.7439410862723576
2465,0.4446768192736018,0.5506699962290197,0.9957841542682482,0.7272210468743505,0.4131258186981987,0.5893612472516219,2.4942856309426573,0.791567179383502
2466,0.7287092825596538,0.4588903841378008,0.5546312747310743,0.29707154681046494,0.8341864524535519,0.5414257336711764,2.6104737748907882,0.6977052546330025
2467,0.7213928853201169,0.39479430971967916,0.5734853429186214,0.2599775669728558,0.5756035534247861,0.5738448596303256,2.605737165100315,0.8732319374033053
2468,0.7856184979224203,0.6244604257407264,0.47540570468998006,0.7804749165701165,0.5639685792427808,0.683210841352992,2.4512310621158204,0.7327483831156318
2469,0.6715947499676241,0.5760090803612112,0.48352618053387564,0.6614736942736016,0.6285198537187461,0.7802067493283353,2.5335836401132665,0.7351197888221711
2470,0.895463494759219,0.593305087582445,0.4800708693115868,0.5970819746607141,0.7058596579110247,0.6812349228011243,2.558752108096206,0.5888343541663783
2471,0.8066646879148235,0.5804120315051091,0.5531565664617707,0.619703065407226,0.6901508820930299,0.6087218811023706,2.6267293480950835,0.702707813393965
2472,0.690651493992159,1.041998564385057,0.5791599033738508,0.6956839968359326,1.1941031423177508,0.5651983369431564,2.614677537831945,0.659248316014139
2473,0.6803491113876119,0.8773474153878008,0.6757745225900424,0.6880203409377361,1.0184485412511215,0.4656308135541115,2.639602499871363,0.8834141506259054
2474,0.4992780773257813,0.771948665931261,0.5509414758425965,0.5360924055144498,0.7733217370903528,0.5585399908609001,2.653679478686803,0.4972584394165668
2475,0.4548607249801415,0.7384465833646988,0.7685992530993158,0.6449320925353079,0.5954709282011865,0.752314757316629,2.5738730085628307,0.6085405541918455
2476,0.6355274288724176,0.6071623755106518,0.8470737300292661,0.6745115084350591,1.0076662972904726,0.750407817803801,2.544677770673042,0.7553546770831889
2477,0.546489026839731,0.6872856644934027,0.9494756806931564,0.8279468101988209,0.901900705328835,0.6887141872755348,2.6510204245584097,0.7822584469252859
2478,0.9053535504212983,0.961781882923542,0.41637521430778823,0.5503913660844999,0.8076457595534896,0.8703966638864898,2.6078009454878615,0.4678952267698034
2479,0.9003165384388581,0.9258188403308232,0.4213087214336268,0.5769940627551091,0.7110463602372384,0.8632987607673154,2.683318855348262,0.5735512574444006
2480,0.7095552353011241,0.7971696962864298,0.389492618129704,0.5611132261624577,0.48467216241625605,0.6256061597645721,2.4219659989450224,0.824647741467813
2481,0.5059062314666912,0.6824890939412235,0.4627966341378005,0.5756883507472008,0.31434187122901946,0.6276408423112758,2.261410598893653,0.9892453065884204
2482,0.588501118640788,0.6824310009259074,0.375567372666878,0.8434096139434671,0.8661105697527434,0.8111708960567882,2.646049327101748,0.5123226914932804
2483,0.6624289078471394,0.6056431016420321,0.45054154965423854,0.9048252127106493,0.6827176278433406,0.7602020148572906,2.793325026935992,0.619396286330201
2484,0.4605118935000668,0.7238798786738531,0.6401285467146363,0.592764667081201,0.5530949858122085,0.5557737689792087,2.5830283877805766,0.5526949895188709
2485,0.38111894708543237,0.7479232905798905,0.5248138835308876,0.6223066679125799,0.35669646469153493,0.5250945566842484,2.5167178211267163,0.6857707245009995
2486,0.7170186814921589,0.967813318698199,0.6770411996417212,0.5390855414104029,0.8397860801056688,0.5734565956026814,2.4336410295876756,0.8806583916469528
2487,0.642126835697388,0.9035843937240993,0.6677850295557335,0.5642700029391687,0.6734119598983855,0.4889790070930296,2.4744777938069777,0.9109234092530543
2488,0.7108535489195547,0.7176184643716741,0.6917302919858057,0.878405039717435,0.8804988367838754,0.3390865278623333,2.6467562777345615,0.6822521401452086
2489,0.7429932710882985,0.6175279586526164,0.6704143148637661,0.9271128926691214,0.6238670197462688,0.2614855316967659,2.5503562418835024,0.6374883753828804
2490,0.6027569582369274,0.9752521035909746,0.6921754522618953,0.609105635991348,0.5568574992325075,0.5940740419858062,2.432984773580701,0.5791578603650098
2491,0.6159177584350599,1.0084979264439002,0.7833842766480743,0.5379701745903529,0.37004412244327833,0.5952621233376764,2.3991069328980736,0.6393026960628309
2492,0.654972436924597,0.646530385224721,0.8810162884708008,0.44317625293916874,0.7897820291404771,0.7339727854353703,2.769890839307788,0.7242166018336887
2493,0.6230187986635796,0.4825375352432807,0.8567098168450844,0.4112336759643254,0.7444324320356192,0.6844461296964548,2.809957802881759,0.7812408064602159
2494,0.5916593400429054,0.8570469631259053,0.8239169757787105,0.687097187051935,0.9003918943629551,0.6050531832818205,2.600952677338731,0.776426126757286
2495,0.5342468713887337,0.8220244099238534,0.9406007267702361,0.6723750135156937,0.7285768551246614,0.5627926532775889,2.493431879216881,0.7532416466952109
2496,0.607764799782443,0.8300699529646364,0.4328862009837511,0.8570245926950222,0.7216715154646363,0.717411877779455,2.4135555838118976,0.8627254343363653
2497,0.5418971751333804,0.6500771185130169,0.4479603175797687,0.6987674606973877,0.8092672689157564,0.7871948433019349,2.4047205110871763,0.9550366965100294
2498,0.7005961550353083,0.2576992032201789,0.8618215863681864,0.6078038347386712,0.9209493799843732,0.5061402960118958,2.461941014665634,0.5307720063902883
2499,0.5965708998588455,0.2780271334350597,0.8295034265397286,0.5882651863491937,0.7385188747755341,0.5240687441838155,2.434267268915756,0.7751122427140151
2500,0.8648826797987585,1.016814525977276,0.6591016901836267,0.5229737047858082,0.5825078715803901,0.6878745613491938,2.687817912959283,0.84630519874689
2501,0.8772543734339378,0.9679531445226692,0.7342354220340642,0.621241820455918,0.334477413247201,0.6464786690944628,2.717210223446888,0.9469927733571017
2502,0.6288931457049849,0.851627217758908,0.5199678151197413,0.8230896805014997,0.8250226533419078,0.6993890156243505,2.538104046650751,0.4301265312495671
2503,0.5389992994625817,0.7978741807894175,0.6290348392758456,0.9578203565629525,0.6826654885920964,0.8209587162252213,2.570886249551935,0.5504369531882364
2504,0.37470682093505975,0.9412421859982563,0.4808248516735423,0.5619887499356817,0.6957301823231042,0.735884409349316,2.292261025721301,0.791235563745768
2505,0.386086980028833,0.8599635463308901,0.5605298599497537,0.5174722266096563,0.6097891946888576,0.7683163616746636,2.440093387461148,0.7227452059361814
2506,0.43210840356550745,0.700488564161025,0.641224432354614,0.5311371263411637,0.502158091704363,0.5851769654905372,2.6370491688708633,0.6442473370709281
2507,0.47502501431426336,0.7102353063643877,0.7429369732232884,0.5681446163724179,0.3850276632152584,0.6249936957110269,2.6766707969062935,0.8799680329434008
2508,0.9122112599687464,0.7979080356274603,0.6745977503828801,0.610428610908037,1.0262019267313853,0.890320088669366,2.603366182514761,0.36813760605143464
2509,0.7824931098539248,0.7436113383810146,0.756648306300502,0.5937389387138258,0.7854053591826935,0.9085284363487613,2.581909533326281,0.6276295331665671
2510,0.7104196977881735,1.0168574716887357,0.9293899870588431,0.9327408445161938,0.7953465325915969,0.4543868173881115,2.5406762604478885,0.6588433874611492
2511,0.7530802240857436,0.9499821737602735,0.9839865607099052,0.8804760432320071,0.6032000755041762,0.5917431158609,2.5577365106399776,0.7255212923371765
2512,1.1194967266735416,0.3199107085563551,0.5706854414613377,0.39988532869975374,0.9857002657840642,0.4569495897869299,2.6367070903303897,0.6371423860871765
2513,1.015677562372229,0.2674752911229182,0.5972942671584701,0.47936349555778823,0.9317956707244106,0.5107321477182459,2.7731874419089704,0.5909306173626442
2514,0.5946990845470145,0.937140906409281,0.49092924284221867,0.4959913392439025,0.4828399804440892,0.6383643222770894,2.6111228077707365,0.6974204954619598
2515,0.6287830887008757,0.9286284310449598,0.5305938165891092,0.4895446872759674,0.3562166033354327,0.5968177181741638,2.6032664131509398,0.7194196081605251
2516,0.776427994503676,0.6503824529646365,0.654418065886368,0.8177097437366163,0.802266669030577,0.6160655810324427,2.4277588610358087,0.7771540757916611
2517,0.6372959871861814,0.5385095735871761,0.7180582692671269,0.8822367800353086,0.7010675964975117,0.6912884440815125,2.5030494337609617,0.9900830647683707
2518,0.7786215609339379,0.6831120934935919,0.7062117762332508,0.6090863300737259,0.9077830491431536,0.7495988069397903,2.4195572507661947,0.5642808889628925
2519,0.7668005754402903,0.5375013745204252,0.7500021156049251,0.6871284004977011,0.9412290817032409,0.9272344340803907,2.451472525050503,0.6263501023447733
2520,0.8247485323360549,0.8650496330513124,0.352119409764139,0.781036685997823,0.9732277086845597,0.5457510380236017,2.5793882620135165,0.47729393666862174
2521,0.8467146364385474,0.8230592407016195,0.39571133457895763,0.8510412101539273,0.7527281057635171,0.5622349698675642,2.530368945583689,0.6747856294409127
2522,0.9694052345025543,0.6286794085818231,0.7890395311856814,0.6621398147998803,0.6701422368667534,0.6339083856399772,2.420848589116131,0.6955636521915345
2523,0.8177017469637035,0.6201096138480716,0.7321508911034922,0.7257136805338753,0.3580656250953953,0.6620907400618975,2.373176485780266,0.7523137358122086
2524,0.7984838281882358,0.9568417510541116,0.3490554270827562,0.6916147043386094,0.5595543189541742,0.7240866405285221,2.4652029161868025,0.8209601608506266
2525,0.656513059719679,0.8283205253060445,0.45494203466831046,0.6741357503189946,0.5279392715993828,0.7529859853650098,2.4129295197462683,0.8562810732358057
2526,0.6315511783289574,0.7281446238811364,0.8330041496033034,0.44651044587117383,0.835762374712082,0.6498976593488829,2.620356256900939,0.7241962744116469
2527,0.6210399908609007,0.7230238360807015,0.8707098198485719,0.43383341778437584,0.6727551055079746,0.7209368390203028,2.7253791756453305,0.8079753321823826
2528,1.183234233288296,1.019699049494525,0.3562860054954573,0.8841084200846887,0.8325208006129553,0.6732581835369298,2.5061010857932167,0.7156382119435892
2529,1.0072897655285225,0.9745363099432782,0.491611181651873,1.0231584467344952,0.8425402191967659,0.6669147885670621,2.529372901903617,0.7989289884643259
2530,0.6072412190689953,0.731943706127838,0.8229009552014979,0.47776597651426067,0.5082053457623952,0.548389166346517,2.6177577619176886,0.5198850608061667
2531,0.5879578088887337,0.670707917049691,0.7057485794024945,0.6273776073291465,0.3663485450531787,0.5418224175927189,2.5797810351798276,0.6223079372755346
2532,0.5690768611316364,0.48671850463256927,0.7016981697018082,0.701683796043838,0.7837526363746612,0.7873435121412877,2.7387315903942753,0.6925561426376119
2533,0.6218436463442735,0.418441460825159,0.797241564576281,0.7391207006638902,0.7460529198934651,0.9274130470025546,2.697592556236616,0.7793199164104029
2534,0.6711838676505623,0.5924498912312635,0.8516802032521219,0.6418987249162562,0.7117769506638901,0.5851529751717981,2.8391152751782727,0.19625460927852204
2535,0.6755197075018105,0.5734844966766516,0.7728568477756569,0.6729197678931538,0.511216941334,0.550076167113577,2.76412179227329,0.3556891118667538
2536,0.6779036191199302,0.5727919197018084,0.498516696574348,0.7903875179255295,0.5257463035525572,0.6890503120519352,2.413861516646953,0.8336421211970768
2537,0.6805102861385449,0.5741594602178128,0.6188289862594074,0.6287923548367431,0.36008466462117417,0.7322169808917212,2.556902064831823,0.9116451566648229
2538,0.6892765550866766,0.7444139723599675,0.5921708379657584,0.6563455080836886,0.45469972549165916,0.5862902893017461,2.579738935710338,0.7493158429190546
2539,0.6479102563898554,0.6932298368158184,0.7725108584799528,0.6251945038016236,0.36387779310380297,0.6945949112019975,2.6718781371093456,0.8146788422473902
2540,0.9341641871801392,0.7798047100261561,0.3975344982737907,0.9094185090424052,0.3465014976988206,0.7655529564476987,2.5348154408224834,0.7279146453536148
2541,0.8083139230886088,0.7242488367838753,0.382023641295582,1.1572485824059828,0.14924080495847242,0.7370981735038652,2.5481507679250965,0.7971756500505023
2542,0.948406499360278,0.8387380724368033,0.7783507522998807,0.5271456558977634,0.7592166093424078,0.7584422995584102,2.6868458595979496,0.5977412951809499
2543,1.0444572335438385,0.7257414063453951,0.9137748515781463,0.5382652214016838,0.6363105816712985,0.9032412936792067,2.622648148069617,0.6717493725710496
2544,0.48480561135566913,0.6623599288080994,0.68362232205349,0.38021016685760156,0.7076600280539895,0.7835826186088456,2.448619638100005,0.6281802413080994
2545,0.5219406691583477,0.5279825678357437,0.5992581029197435,0.44369183687970365,0.527605365094274,0.9319041078406642,2.618506388899008,0.8511553531757188
2546,1.1806683963762161,0.7921934187115822,0.6467141782650723,0.7009043787377387,0.6465675524345598,0.7425343355376739,2.4042589341442757,0.6006919084864275
2547,0.8550634709221092,0.6337708506828829,0.6844485958262811,0.7560133992199901,0.5886834670557336,0.8227531326041142,2.3118528348664427,0.6431136858376763
2548,0.6722514290955844,0.5950972130939622,0.35129066986152224,0.7745175673566018,0.4968163436537387,0.5658512805783356,2.6927822104099026,0.8792144737024301
2549,0.5414819589401019,0.7000676420622088,0.5310960483760939,0.6609996114191214,0.5169022125505021,0.5669448753509373,2.886090890784064,0.899409801219868
2550,0.9393131239130796,0.3973609928737284,0.7864691851349351,0.5652935971683104,0.8736310874546742,0.8260195432639501,2.5268939053227935,0.9418393274854949
2551,0.8824905736191192,0.42473264394769894,0.8590783333008132,0.673041732425408,0.6751886902475124,0.7917341326360567,2.564764661074226,0.9301854705068525
2552,0.8497028400748478,0.6741792944138906,0.38497960998169595,0.3709517059042382,0.6202900945166265,0.3753070269355594,2.5249253851604023,0.665241139953552
2553,0.930299015145209,0.7193456968618333,0.39005956767559624,0.41367363758892034,0.5442176383555468,0.37347399872142273,2.4249026617135154,0.7786090550223577
2554,0.8594596220599653,0.8677573387967035,0.5887037944777755,0.55568115014633,0.4386612017823207,0.5355228145762803,2.5971801241366785,0.7138795181491291
2555,0.7863090318884223,0.7418318940435273,0.7061154945036765,0.5562111077448353,0.44254176897964137,0.6144385410270894,2.652073364486928,0.8821489181996316
2556,0.7835296331156314,0.645986477089231,0.7435234039492533,0.38447100130965406,0.9431273534636369,0.7578078155988828,2.573274670308722,0.6276568358571015
2557,0.7341263865343751,0.5916761798307012,0.7265358682889848,0.3962624658414749,0.6321335230372407,0.7192399737339402,2.715424474820427,0.6371161049010619
2558,0.5500275154965791,0.7847729182320073,0.48126712269882066,0.7117334065689946,0.7106597160974496,0.5619955499417235,2.4278769148128303,0.7229796936023702
2559,0.5647428890267782,0.6836792183019349,0.5955992696184969,0.6846999232802659,0.7731482316902907,0.5592469414937137,2.5012737249162567,0.8892710594960793
2560,0.6621159997435919,0.9084945089146341,0.6917559747884849,0.26652892056426347,0.5091968803038007,0.8794836624486315,2.2814633865982605,0.36261868970405214
2561,0.5807992740283329,0.8215123136175645,0.7309389946953335,0.21484995162260667,0.4764288757981367,0.948765840809532,2.2631203932125823,0.4905668368797036
2562,0.7191890312495671,0.8156282773193058,0.35295325718885795,0.732674894937925,0.7200614905095295,0.714664115573415,2.6016169301186185,0.36004443289807414
2563,0.8735438240024325,0.5848104735103408,0.40898856866625605,0.7619243150877989,0.7863234055463934,0.5572728906882362,2.540425356114888,0.5572591154137012
2564,0.6441393230756588,0.7930948731460193,0.790701097008597,0.8784354795173159,0.9495382828471391,0.5732350369690568,2.55432534189602,0.5251693142249099
2565,0.6258024587165023,0.7010914115538008,0.9441563030734151,0.8034179336975097,0.8283656892887961,0.6421356787122705,2.5475821984913476,0.7230476511369898
2566,0.9201463228844353,0.9035589587799548,0.8014701640781466,0.5431336602437137,0.4227963587354946,0.6419910958905994,2.5116446634388576,0.7581102607996913
2567,0.8876826313259701,0.8826457946059801,0.71598955661993,0.5940545608057336,0.45294476718997945,0.6557708096234172,2.4974477631000047,0.8129226145827562
2568,0.3415492830387956,0.6622044599627039,0.8079194574383579,0.6309990255620194,0.8176551383555473,0.8092360554699896,2.6082970482483234,0.561941542944089
2569,0.35327152067304174,0.5075380284692463,0.8454118136814497,0.6705362793960197,0.7400588265910972,0.7173730906817612,2.5602943507791434,0.8550700230696171
2570,0.7667342377935269,0.7729276945610871,0.40707074312970415,0.5008681979798306,0.8148841594766536,0.6965480362019975,2.630903765336866,0.7089901535016215
2571,0.6990767059042386,0.6730015007023084,0.5244911109080367,0.3427122799714226,0.6390727175353083,0.7457763327577857,2.7379895155604648,0.8754285683468281
2572,0.7329793831475745,0.5040686941138878,0.3043898117963924,0.5215149900623308,0.849312708300813,0.5578985316328805,2.4869911810130167,0.5349146118028681
2573,0.785187711304301,0.36149634761550964,0.3040676375569773,0.7789575104478874,0.7796005895637633,0.6493736555144499,2.5448670943564795,0.6596345370329425
2574,0.5883138379661916,0.4117740964655694,0.541901261151062,0.6734507469960792,0.7013218132023081,0.752516163790662,2.4406921488362436,0.5217016723534924
2575,0.6363818515777133,0.464296178967813,0.6589548890906644,0.7671093975261564,0.788782249967624,0.6846046630551111,2.4214623225326313,0.7667541420945849
2576,0.6689525356270272,0.7559374449124574,0.8669140499736663,0.6461291921645121,0.8684312082373606,0.5514338431102782,2.6157873740089084,0.7595960303551692
2577,0.536953978750689,0.8034271998333777,0.8711338064606489,0.710014769235184,0.676971622219246,0.6318634880490697,2.566403010224289,0.7966064822333179
2578,0.4949057412442138,0.540453257188858,0.9065081274600272,0.5631967355886092,0.5984194984978237,0.8521953640716717,2.349188277638733,0.7915484718493164
2579,0.45458720235772365,0.6233044040765915,0.8436594967720473,0.5390409758110867,0.41169814215803724,0.9223625076041142,2.2365489099877394,0.8240627553672533
2580,0.8005732913784597,0.9540855689541741,0.6025900049843733,0.868246218430139,0.5119699021915348,0.44327235940629345,2.47422051258892,0.8753339065051093
2581,0.6666390476733528,0.8762330700721718,0.8228814740214252,0.893033397653928,0.4289064628060441,0.41929010502883307,2.392262575504176,0.9133241606589699
2582,0.9293863241621462,0.6662934814986338,0.4903541212609624,0.4107716759004399,0.9003865389823186,0.6006873993477612,2.559024361355669,0.5629051764115248
2583,0.9527630171584699,0.5535099541469526,0.645364323778833,0.44203809256725063,0.8829876978840023,0.5764704820416614,2.574367666697888,0.6697621448744724
2584,0.6109214012967035,0.5917634432829424,0.574720208141099,0.6434711595405397,0.9590926368538035,0.9019793010286444,2.4195816642059182,0.47903043529464895
2585,0.5381239509518077,0.4793010686662559,0.7010809486510617,0.6509208304570394,0.7863537727501887,0.8789787892693703,2.4610819075592216,0.6731413265267784
2586,0.7790860271276494,0.5582297241496291,0.6163694708586567,0.9510250739070367,0.6780132530030547,0.8664109719447113,2.3895827708327553,0.43028506460822336
2587,0.6753675510282113,0.49639482317148753,0.6194679793576017,0.8158432838054223,0.5159578850006885,0.8834036877231666,2.4572302629402896,0.5896101085757808
2588,0.6984036101094679,0.6636340042492559,0.7831052233825695,0.7412781213887334,0.721816696669743,0.9669636529901044,2.3728344072397927,0.5860165914168776
2589,0.7782799055144498,0.5620897886624575,0.8315680531692439,0.7480000911293927,0.5199113419922808,1.026954464467935,2.3562250232293303,0.663800534380826
2590,0.9083234696443976,0.46809092733829827,0.6342032571888578,0.7579599720724821,0.3967141782650721,0.6676671510411614,2.4114215550223586,0.6220422361635793
2591,0.9459041108441515,0.43572760352708967,0.5439322082049849,0.91153960879938,0.2470393469127684,0.6904443090165047,2.4580115479927804,0.647832609598383
2592,0.5824400893082211,0.5129206066264055,0.7068916720340646,0.7977185366815719,0.7626405318564798,0.27106081150890765,2.2773717236700537,0.5162504656821936
2593,0.5936931763476387,0.3962977653049225,0.6818605637457685,0.7349388850326318,0.6458595802973256,0.2994688105821338,2.313300838828647,0.7447921966058579
2594,0.4982608599816962,0.8908412758490712,0.529404290611833,0.5331329491940889,0.5284540092979477,0.6542178561792065,2.3961698470085975,0.668857275401873
2595,0.44598193289807414,0.7192684731913457,0.6060831543960197,0.48160180284981535,0.3873272006319475,0.716517048088609,2.368971278213703,0.7014657250444599
2596,0.6783165444458331,0.9134282638990072,0.7194358495648855,0.6842502538655096,1.1279829208517482,0.6591263514818853,2.5052226727691815,0.7114309613681862
2597,0.6028963609404128,0.7320627814092808,0.7340015327513107,0.7443363255684947,0.8246197677977589,0.7639899632217338,2.520708270065696,0.8297463340998159
2598,0.72484861966339,1.080739138004177,0.6426477750185592,0.726807100044027,0.6326318440689949,0.6571290840035545,2.544269354485806,0.7007875217275871
2599,0.6641921107802656,0.9922230473219821,0.7374745300033655,0.6740074089016844,0.5639576932190569,0.49344847114614204,2.5567706589012498,0.7313523431422213
2600,0.3526444351029918,0.5027668928612113,0.6835841333392312,0.3294190523382978,0.8427866143910994,0.5662013558917213,2.5692717154581617,0.6208646177144479
2601,0.3128532124227311,0.3810930890203031,0.6228676636944002,0.45929795408306695,0.6273192664552961,0.5935806532137035,2.675513330616754,0.6924910743538031
2602,0.5780593333327564,0.8319382806422209,0.6231530938449619,0.640486443538485,0.5886577842530543,0.6721423935958948,2.498501724532943,0.6002030288529923
2603,0.506758363304612,0.6455973668196167,0.7950130492074725,0.7008499486191192,0.5644742986640123,0.7096400326235398,2.3842527550478247,0.6367428129148229
2604,0.7978955297158805,0.5862426591891691,0.5662171741750968,0.49073829927092505,0.5274080446379228,0.7630019163145747,2.4510115464910367,0.6478593139054821
2605,0.7462293145443379,0.45251500207628037,0.7042441023128307,0.5095948335882983,0.42161201287640504,0.7107280967530545,2.4903902669663793,0.8016564232483231
2606,0.94428031061451,0.866833937052368,0.5105705498463282,0.6758133096877362,0.7603871799269624,0.6465675524345594,2.4708278035206135,0.5272690650554224
2607,0.9319952820481368,0.585404302625783,0.5950767104094696,0.6218052823675642,0.5362722877995696,0.6502549577892959,2.5912156243922215,0.6738299927463903
2608,0.7680637648577234,0.2671342340868652,0.5414135782844978,0.6543357346937783,0.9460262506388557,0.7332629455517459,2.480994023197388,0.5025348713248478
2609,0.6854395319842512,0.24411110403817393,0.5385019999352484,0.872060272718246,0.9117675443180621,0.816497672066007,2.395923874935247,0.650972371324848
2610,0.752063006741659,0.9349547383684971,0.6405687747310744,0.5323968281243505,0.4264824947272762,0.46179889797378837,2.6194453610681836,0.8040210289488208
2611,0.8336530072208006,0.6821118911997536,0.7752902572527435,0.57477770277298,0.23481547587497265,0.5387087617899176,2.7175322224238525,0.9594392245329427
2612,0.6187577163529918,0.7425308479034277,0.6140200850580992,0.7229355511240397,0.3529448372949599,0.7063310993732292,2.5162751269804526,0.7853767871292042
2613,0.5536799719127681,0.40079435678611885,0.5593629522618956,0.8025448760541115,0.19806399769882066,0.8016946119625817,2.4060707886944,0.7814494360612759
2614,0.6703951842085947,0.9591907863297682,0.5894752150109627,0.9007495433282686,0.49747217653972853,0.24606422903817382,2.3768398282201786,0.7767630977756563
2615,0.5786426995454601,0.945838371580823,0.7917673890906639,0.9406915504528081,0.32985723734589534,0.2022993972067285,2.2496780736191195,0.7480842900683731
2616,0.6470437508939646,0.7695056397934048,0.5917833475839999,0.6187293921580368,0.8067716804056714,0.7238685695291442,2.496702200631948,0.34833470117540766
2617,0.7947145147618951,0.7675606868287684,0.551530971081823,0.6173355704559178,0.7214838116690542,0.7892912817606516,2.5017843765971395,0.5003630769420345
2618,0.6696568448675644,0.44897158115978075,0.7637971519040494,0.39925517861644266,0.7335395326874252,0.9041170653109649,2.400888595506853,0.8525409302463908
2619,0.5978603704623929,0.44470905422378815,0.7018988025299546,0.44224281141307925,0.5735066918450842,1.0961581497953932,2.3959581528942757,0.8663072918256592
2620,0.7777827812495669,0.6974379336331914,0.29772533668761414,0.6676765924394795,0.7231002135092186,0.652599834451186,2.4017148692796444,1.0459023482552312
2621,0.6820096557061066,0.7641519842146365,0.43456767110772365,0.5499665332304525,0.5538078902090943,0.6306801636944,2.4023940941009383,1.1597821843678755
2622,0.9222226817796437,0.6583957610552336,0.7439544384259075,0.7954276670173155,0.9813063329174994,0.557581712774102,2.32971800990486,0.749746031153739
2623,0.7977285764633255,0.522379875670365,0.8526668055338754,0.7995373665001889,0.8126891484209873,0.3564332297094053,2.3478170742260325,0.7668640238362432
2624,0.9476777766800172,0.6458694448166291,0.32374551338748947,0.7174771939217984,0.9139551569842509,0.8636488360807013,2.47060726639141,0.869948439097139
2625,0.8262084438264027,0.5238348549010616,0.42148222683368897,0.7437716668899774,0.8529598093363653,0.7818580275109627,2.406686389857291,1.0324226861894799
2626,0.6467983772040516,0.5841349115857437,0.4697660205772132,0.6698884432829426,0.7668958356654452,0.6850830797858085,2.6424122658479505,1.0102165637777107
2627,0.7325461303996291,0.5514065404197431,0.39206032278817415,0.782782027638734,0.6229187814412239,0.6765553845215467,2.7141267595854326,0.9951893036483853
2628,0.623759005751,0.5904016812685596,0.5177785825656961,0.7998911773063555,0.8284003903688085,0.6809875061023699,2.457667601705918,0.9497064328665645
2629,0.6154869718169402,0.5782016252870521,0.5934444902859304,0.8198686090868648,0.690617391295582,0.6332291608186839,2.536482960409469,0.9561089423561686
2630,0.7597773572656936,0.9970179979863059,0.8695384030220469,0.4316349190944623,0.6313177121671889,0.7202076932190569,2.3234783676501296,0.558133617682505
2631,0.8099606921325694,0.930125086624161,0.9875677472196789,0.46055212522316674,0.4507591975326315,0.7275824313324447,2.353917912160714,0.7209214438579127
2632,0.6220146856145101,0.6996388984529301,0.6024153028174399,0.5979569000505024,0.6359144961331913,0.8688856346493183,2.667681524699131,0.8027273997315075
2633,0.5772566993538033,0.650505439001311,0.5938475510925298,0.5038465370968284,0.526573175708783,0.8617185046325698,2.508915185646019,0.9150253598215495
2634,0.5408834454235416,0.9342646275234792,0.544424823331201,0.7331177643466389,0.803145082054612,0.26440229016420114,2.4982910519230423,0.725841175709216
2635,0.5665087333521812,0.793340422098383,0.6076582304125797,0.6398037310829446,0.7332545256578481,0.21218349910473588,2.4442285944842506,0.8623018708452737
2636,0.6276108256323804,0.525944645513328,0.6572079275618977,0.4638074745968282,0.9158275706795171,0.4779666093424076,2.607541621260962,0.40128077028972886
2637,0.6145479996477636,0.35653180230635545,0.7301250515716715,0.547131507572171,0.8336361674330048,0.4139393387008757,2.5914382045302657,0.5309870128764052
2638,0.7922521827064178,0.5845595691773402,0.5926040907137033,0.6431272132536764,0.9083616583586567,0.5547452424904147,2.297467632348572,0.9830290562689923
2639,0.7055781385156937,0.6886182560708606,0.6955983532715473,0.6141172130296437,0.8331160743538029,0.5544949365408507,2.270035597391909,0.9827824858122091
2640,0.6739661556741636,0.5781841871158203,0.8414887238936538,0.7144924779197436,0.6247850661099674,0.49079723852821133,2.5017149744371134,0.3287166108441515
2641,0.7047775475455818,0.650795976673975,0.850778150434249,0.6909093735936517,0.5965140036104003,0.6089430166150094,2.473724234566007,0.4895699469576612
2642,0.652328179575159,0.5441042689796418,0.6522150580577885,0.7615444709540522,0.8297091668899773,0.4481814530924074,2.3821797085244127,0.5727880089465769
2643,0.5591492151387334,0.5464196246797062,0.6900597078855575,0.7678362524600272,0.7359154475326313,0.4804759731270274,2.394028842950564,0.6043025132916612
2644,0.6587739853011239,0.6472158116686213,0.4934710894355594,0.7010854577897286,0.6687274893591566,0.7690547010156944,2.6409747247884856,0.5401152646660672
2645,0.5731908944907259,0.5192321171709873,0.5129380447976364,0.6535842184616492,0.6130778005171266,0.7831329491940892,2.659734131134313,0.5512757328726066
2646,0.9297850510925296,0.6599895446059801,0.621329930150129,0.37923871187970404,0.8307060568120201,0.5039867860422834,2.5312983010920966,0.6247390558852459
2647,0.8350117047219227,0.5924603541340021,0.7219645192671269,0.41046327693555923,0.7467354570865545,0.5617988278688081,2.6785456767313853,0.7111445097132039
2648,0.687748262940724,0.7588022393910996,0.5133345534567285,0.8392561225071639,0.904521746005421,0.45213822245579527,2.416793670276779,0.88080374811451
2649,0.6123519670876763,0.7261354488746614,0.5337863159502534,0.8007264693564798,0.9629276169473882,0.3708709945995047,2.361511742777901,0.8597177495199921
2650,0.6546535750569773,0.793079054862644,0.5486265432635171,0.7657139559361812,0.8139691776262167,0.5534424197333181,2.7547676479737877,0.5056721669214878
2651,0.5562170615089075,0.7084111211651338,0.7526266439157558,0.8226278557000645,0.841220133530888,0.5923480062625173,2.7463264425158824,0.6933444029585943
2652,1.046948312915256,0.7004918765328205,0.4841992763286467,0.4830303256319474,0.767996828827525,0.5125403393716743,2.78200525172491,0.17669214583275578
2653,1.108592941301624,0.7689462638994402,0.5956280169344376,0.46484706237179574,0.48933095015280553,0.5143012514374253,2.718947568314886,0.4101922204429673
2654,0.8488016334989454,0.7356160668450841,0.7825937254597166,0.5126822082049847,0.6009594773447735,1.0990578932125816,2.4203876105566664,0.4525215542237886
2655,0.9397989390332535,0.792986859150751,0.8923919384259077,0.6244688456346242,0.4956469698360548,1.0420768095599648,2.35490085154577,0.5253789653303901
2656,0.8038021117074727,0.5704336908863681,0.43556336426289477,0.6809860614769648,0.6706835036099672,0.5337744084221091,2.1652965915765923,0.6843307173117087
2657,0.8375299115214251,0.5690283847770892,0.5669251463123309,0.7320894857163804,0.6118767901326915,0.3815988084415349,2.2107716408479505,0.778692830840353
2658,0.84894001469801,0.47686170542509676,0.7756114099877388,0.8395080483445843,1.1039552546330023,0.657342821126716,2.7521755298755943,0.9246681740473255
2659,0.7346002941264052,0.3361102317541763,0.8605248926376117,0.9412716042937159,0.8358157833262805,0.9264289108506265,2.66451037426445,0.9899362636754075
2660,0.6590694552334402,0.8640905087225448,0.35319267711469854,0.5012494867389825,0.5732781579429674,0.4351360652790219,2.4536225473858684,0.600428498241848
2661,0.6982126665381736,0.8645857652410375,0.47084710943823616,0.5498708498843131,0.5250617233506271,0.539916499584311,2.487203721369308,0.6800279586526169
2662,0.893192106275035,0.9058011768272137,0.5329130104483212,0.7718862390397291,0.616607694017626,0.7461619553931538,2.2978399028303897,0.4897036437556094
2663,0.8097882082369274,0.8390612681806385,0.6748425256893579,0.9291206230501917,0.5032810321763405,0.7319482152665048,2.152144211272358,0.790446457182816
2664,0.48873159039427627,0.88016228888649,0.4789004739894819,0.5548795376717981,0.8353979257407264,0.7457582962031187,2.677954138483318,0.6200936203022456
2665,0.4553615121417213,0.8452789631254721,0.5710841683917214,0.6330850011179976,0.7023361412955818,0.7051658115732263,2.7750440373208605,0.8273852160335649
2666,0.6489677054570397,0.4281793600136392,0.7802112584670023,0.6144578469447107,0.7494659563838132,0.29674486343238266,2.5104728234913476,0.8444179882726687
2667,0.6271913481589697,0.3852174100196812,0.8840059367325075,0.5467577924649476,0.6461604056102781,0.23363912678879595,2.5023270879657584,0.8505952036358679
2668,0.2735740860487584,0.5173656572397932,0.5500617934556069,0.41359870478580785,0.7559483309361814,0.7730978875893533,2.579095433473478,0.8733610524665016
2669,0.2980635044728558,0.35069233160741253,0.6316378433977637,0.4250330461396665,0.5421041122504995,0.7219152692666935,2.5451966669853725,0.8112356138156963
2670,0.5931594832563531,0.5569030863362434,0.5748733861191191,0.7596285131638901,0.8548786563773383,0.784780316621485,2.655130371899817,0.83688718293045
2671,0.5981224086776512,0.47061466478088787,0.6320671853904771,0.7160258775877982,0.8742041660270891,0.7178886746222959,2.729415211688048,0.973516028085933
2672,0.9799001805662514,0.4740950604224203,0.6563003441009376,0.4653238592146366,0.4691290704878603,0.7711585378638874,2.609206251597139,0.7038757425862434
2673,0.8426595423367436,0.42864629233717644,0.611725903022047,0.4623233249292067,0.3166161489640149,0.6191675771656341,2.4983896245199917,0.8107668137457688
2674,0.6108148319268404,0.2892109935769027,0.5927112584670021,0.5289472228075995,0.7687721601159426,0.6011151214526191,2.292799403213704,0.8302177755620195
2675,0.48732526278057675,0.22853517877615653,0.662381277734562,0.5501726967016864,0.7282873389564173,0.5158884828406641,2.3066071932829426,0.7277405415701165
2676,0.5710911436602137,0.9427190098724847,0.6884203372310743,0.5682421674649475,0.5869385485358084,0.4309829969637037,2.6456390431681225,0.5598342184616489
2677,0.6012136940495691,0.9663383625703608,0.7237624232802657,0.6748182875120841,0.5782656720664405,0.40733049047758685,2.724477195423542,0.716440845922542
2678,0.6402390268397311,0.38406547437322874,0.5753561367260325,0.6201432934236639,0.7190352548881119,0.7262479720085968,2.6319511746222957,0.7786305792112709
2679,0.6551052874805747,0.3197838117644501,0.7018815396211739,0.685620435773791,0.5435545823425297,0.8339028900493805,2.6346186486445866,0.9401562374736663
2680,0.7381888790256566,0.4558348213503158,0.48611565723979355,0.650506460505731,0.910374744120363,0.6339484421006267,2.2793788556676886,0.885521299845895
2681,0.8116099273063551,0.4664199201170643,0.4356567567416588,0.6806945022998805,0.6340778050223581,0.6891287324892936,2.263223051827213,0.908017113688358
2682,0.6783052353011242,0.7490048025618979,0.592200606786119,0.5499860144105249,0.6947314246546714,0.5836466303357436,2.4184611898637667,0.6152479750120841
2683,0.5337848713248476,0.6980025923117087,0.7699752135092185,0.6255489129912261,0.5130202007277759,0.6125110988297684,2.329746757220801,0.8483991710757809
2684,0.5691721213567908,0.7272869614001288,0.741903762333378,0.5035956327638278,1.127361964308221,0.7534126859654476,2.4766623419599063,0.5990445410590317
2685,0.6000870180848106,0.6246513693120195,0.8020073448036783,0.6226719631259052,0.983020461112644,0.7142591870204249,2.4729792704813858,0.6343157803227935
2686,0.9018249262837535,0.7128095631703653,0.7475128313838126,0.4402231735038655,0.7257120606460195,0.7163307889184326,2.47418028086582,0.5752025356270273
2687,0.8691568664043605,0.6968802502231665,0.6663752143077883,0.4811194753638877,0.5496652847965146,0.80712957722952,2.4385492770318207,0.6357949977307636
2688,0.6725612726858703,0.6267461878828805,0.7630702969701789,0.5094823104543629,1.0295282981529275,0.8441964296390443,2.7397824873139522,0.5384420391735422
2689,0.5539581789363034,0.6796292317222334,0.6481106413594673,0.5708630328790818,0.8460637358122083,0.8176284340484473,2.8804076625764035,0.688764458780388
2690,0.5081652893017462,1.05407648057186,0.592341877235995,0.4025006634708006,0.6974935605186812,0.750847024315818,2.680923634585432,0.5321465221747859
2691,0.48295003744819864,0.939196266902928,0.6914313344192431,0.3605788996352463,0.5369519357418481,0.6713705499417234,2.7668317888860563,0.640657482808721
2692,0.9045356965424054,0.8096389410141397,0.8624650886050473,0.5325128388925316,0.7969842833582238,0.9276023706859924,2.2978210200337523,0.5697645058468283
2693,0.8284439344637038,0.7215129821059796,0.9187240017249106,0.5596206566009376,0.5601154899984454,0.8915660877741016,2.507062253130826,0.6565313441328804
2694,0.6985742262587191,0.7736654355186817,0.8095849340165053,0.8998822641864924,0.4994222370264672,0.7752684852052958,2.4256209214910376,0.619676784221112
2695,0.6647978474238528,0.7474873964396685,0.8753973549010619,0.9240431314861165,0.32154863458543265,0.7081146297283979,2.294382723861711,0.6965416593169401
2696,0.7850535913853683,0.48986090775131064,0.4584606190241016,0.575095966257164,0.657769273868619,0.8743316612024302,2.4371205789872383,0.7165938486381116
2697,0.8570383679695571,0.47497100731662906,0.6094193903368653,0.5778882940625197,0.5745148909118357,0.84689103108942,2.4938696411034926,0.753328063905482
2698,0.6466714804121464,0.7694279930019325,0.9053554181676886,0.6683418667237883,0.9415126441074126,0.7423320828216715,2.4718881418386087,0.7354707103775272
2699,0.6885685829494427,0.6570894506638904,0.872915892190413,0.684990884073915,0.925752327421609,0.7596057196120222,2.5726321895762814,0.9917357875764035
2700,0.5774650810963281,0.8441284721044251,0.38305607853960677,0.9603808380943957,0.6424763126273381,0.45403096357310424,2.561145461112644,0.7112108473599674
2701,0.6274827320736043,0.6744119143336892,0.40154298376743774,0.8122294392244771,0.5730327842530547,0.5153535929825069,2.5781718564666907,0.7505659280414723
2702,0.6636914988811371,0.40664140113698966,0.7809681300797678,0.556483185741848,0.735637415771547,0.8558868554440888,2.3531797480821344,0.8256185254661914
2703,0.5650839460628305,0.3602585931422214,0.8979153639119576,0.6405623978460178,0.5885393073550473,0.8827870650558556,2.2427191500824444,1.0163722549519976
2704,0.879216341448821,0.6812458088248483,0.6549554218743505,0.5795455260092187,0.7115902683727289,0.4988214326425322,2.4656951081920355,0.7106028198490051
2705,0.7416212214336265,0.6401940381194299,0.7677038250250343,0.7276672286548606,0.557876161201997,0.41920632921083806,2.47844851370735,0.8651621561852485
2706,0.509705488975843,0.6601540317287085,0.7807709848858682,0.35674638567148703,0.812619921523413,0.6358797950531785,2.8106583766295152,0.5235131037826316
2707,0.4682118703661316,0.5034311456410994,0.6966055308338779,0.39671519976949265,0.7925971504977009,0.6397205536483854,2.6411694038525595,0.5807173659567284
2708,0.7723570821184974,0.7759308702387933,0.4076165190115844,0.8273365644165673,0.6871528139374249,0.547653468397763,2.2958124434107137,0.3763833587993802
2709,0.7626663899216097,0.8253095281178758,0.4914723773318232,0.858368493417189,0.6406788317351838,0.5241075312815096,2.2961216886175646,0.4968876135601539
2710,0.3247717490089076,0.6783904557445245,0.5961598422793328,0.6463096728330668,0.7828567851793952,0.22453919919408927,2.252902632668,0.47695041350274375
2711,0.27351905754670375,0.8560262581475744,0.5096371083202383,0.7257849504402908,0.655406711176963,0.17878654128263177,2.236434942228398,0.67281217701887
2712,0.6936684449444002,0.4980477212419699,0.5723814605057311,0.5420092751463311,0.8495592787575972,0.7271699291275271,2.570305772590042,0.595230486770925
2713,0.6532735286293927,0.41065217749801186,0.6375031721618352,0.5353741457369277,0.7033507172473907,0.7057358256323805,2.4446435628189946,0.6692301442671265
2714,0.5921619949508756,0.89931905013338,0.721731476226343,0.8507112144040495,0.7623282221363678,0.6550182718868679,2.585008217087677,0.5119103645508131
2715,0.5284712722067284,0.8051603860876094,0.7720829611126437,0.8136135716697435,0.6534182867135152,0.7693160682514328,2.5491055583776485,0.622799283038796
2716,0.4680364972196789,0.9383398737848753,0.34184764222192265,0.6560073402984481,0.7833109637328178,0.3868378978775272,2.713343431524101,0.6027117942541766
2717,0.5400358227242887,0.9779877104103358,0.41411879786500955,0.7044295152410373,0.7405033884837511,0.34479825552740057,2.6399882977691815,0.9495080909057931
2718,0.7873555949318829,0.6626693492774004,0.47900108959527316,0.7353733345474476,0.6577364405349975,0.45494943305778845,2.352893296427151,0.38792018350542024
2719,0.6761968893142629,0.44235924530224613,0.4891391603395423,0.8255216453531813,0.4861236540127062,0.3910293301695546,2.368300050165323,0.47271892475006627
2720,0.8859804106589697,0.4220497747630171,0.7916757917622063,0.5942701656752861,0.8214549942481342,0.5962195551825049,2.220454511534375,0.4069691060194925
2721,0.8803758507472014,0.3870194000505021,0.8406271506574147,0.5065051681042363,0.7422249150683732,0.5269066590929076,2.211137957565697,0.49464846002615637
2722,0.5798999351988204,0.8263996352562308,0.7981778953531812,0.564763639569805,0.7472717915701163,0.39758603914159907,2.6736033265906634,0.5375726444268407
2723,0.5437671226988207,0.7455919413339999,0.6669579095409726,0.5771864509518082,0.5463801666024926,0.32909789960330293,2.6086797816328806,0.7018840057509997
2724,0.47410654482957926,0.7365870987019972,0.4110020775489472,0.6329917839016835,0.6544170443819473,0.8953901818439622,2.416012983607724,1.026904791346517
2725,0.3797085334540517,0.7417263461780841,0.6133788010925298,0.7094252739959576,0.5561889125764028,0.9843083118283358,2.3410856630870547,1.0285342974816962
2726,0.8614275438389204,0.8163440709670025,0.8024758970150719,0.5606159266351242,0.5791523297219228,0.681242919574037,2.468152931108846,0.9937511642054851
2727,0.7855967258749724,0.6309994486830051,0.8876321119625818,0.5566712400623306,0.6105675904905374,0.6213120688579128,2.452734094580079,1.0896394542751566
2728,0.650314072309032,0.5862812710244126,0.880193925453241,0.5833877292298306,0.48227796315784816,0.6980767514689349,2.4411288892184353,0.8927126680399174
2729,0.5607672368667533,0.5405261469831287,0.8456195970405396,0.5655371031118333,0.4611915414423453,0.7455375112153807,2.375343771024412,0.8506824670881098
2730,0.9078321238811364,0.7199453044788975,0.37197878776762666,0.7337208595979499,0.5634519737978257,0.8142784228330671,2.5295127277280867,0.5249898550607754
2731,0.833407633530888,0.7658406048695522,0.39987588730143525,0.9965695253384201,0.6596302031567266,0.8387167235103403,2.672487959770615,0.6282541526067908
2732,0.6016356376528059,0.8650547405734151,0.6790337827189349,0.6997360264244747,0.7481502045941512,0.7290230369051716,2.5582252150109626,0.9088522304760319
2733,0.5784266715549231,0.8625190956026813,0.736898139059154,0.6274020207688704,0.5836139722645717,0.688201667848261,2.553876693985684,0.899739125990226
2734,0.38146842401538283,0.9370571305912858,0.5272017059042382,0.6280968886110894,0.6548131299200544,0.769269284380826,2.5857266521276494,0.6920672630041762
2735,0.472381355348261,0.8083055031947113,0.6848754716891684,0.7116214818184949,0.49569953220828344,0.839895538726343,2.391014781249134,0.7650899348793926
2736,0.49848344011974133,0.708871676603614,0.6805528087290199,0.2072516118667534,0.7123824394489425,0.7012702723344996,2.4751073455068533,0.45340285649863443
2737,0.42377232285205907,0.5851753456026817,0.7966873688005024,0.22688840973219615,0.4815416668256589,0.7143567381129551,2.4917043988681855,0.6443327327767784
2738,0.6934805658863679,0.5620045682190574,0.4844208349622704,0.38549808317304196,0.8539992218488834,0.6551804681422209,2.6925341953277133,0.8881076394424675
2739,0.6521462542811989,0.6064981227307635,0.5530241390267786,0.34006206885791274,0.7001029415256566,0.7649416891610248,2.7101987375379846,0.8853130933658206
2740,0.5833441851349351,0.7291394707943382,0.513713200823604,0.79818835825592,0.5583001478140743,0.6341295211526167,2.4209418063324444,0.596465351993403
2741,0.6280291063389204,0.6317098869500642,0.580988597711771,0.6225723690245345,0.5803331879467657,0.5923601616491962,2.432351734246579,0.8622211595405394
2742,1.005301341065074,0.6952973526961439,0.8601080565564778,0.7012753798566017,0.9381150027794546,0.9157636991625792,2.478079132476343,0.6565640022040516
2743,0.9689126193763382,0.6320712714081592,0.8987936016735418,0.6875690516351239,0.806118912032943,0.9154933136495068,2.5346489106909136,0.7787330625634528
2744,0.8700808665321316,0.5222203208072883,0.8071593460498805,0.6829457386244722,0.6073334147808881,0.6491619614001289,2.4058607144679347,0.33803954169788736
2745,0.8499363062366169,0.3548215848664427,0.784777850491659,0.7891613204554847,0.2827111808533034,0.5778160026516838,2.5030453477432815,0.4777208125315093
2746,0.8782319574383577,0.5380826977242883,0.46231243890548235,0.6341981496667558,0.9222064403752837,0.7778353436217956,2.439927878834,0.48325146114458706
2747,0.9106665511559818,0.4877159929380471,0.5601083394675023,0.8135617829434004,0.7259941784247855,0.7327180159118357,2.523472872059531,0.6391495180848106
2748,0.8787465198744725,0.4638109622310746,0.7200853055658178,0.5316210737149474,0.8834385640656295,0.42690179693823627,2.695542726386057,0.7162108673950202
2749,0.7888931532137037,0.3675228511305147,0.697191961559843,0.55270834167242,0.564033895385124,0.4180622150748482,2.673951358895209,0.8321588177714251
2750,0.610511963605047,0.692107494727276,0.4029413146082235,0.7001202044344375,0.4243186971173753,0.6085078961206739,2.724253170660091,0.5801834976029925
2751,0.6179427517249101,0.7613586349048608,0.3924752911229175,0.8376678695995049,0.3374358480631414,0.6973094169534302,2.6729029281053576,0.7612758805912858
2752,1.0172724400234803,0.8740300622435917,0.5147156213887338,0.7005464819138906,0.8549182897170019,0.7076368113811365,2.4680457633555473,0.48590949376855963
2753,1.0251803755110849,0.8683513431745966,0.6115306255745369,0.7200853055658182,0.6982196418066665,0.8016886581985097,2.464150574641722,0.6176710968488828
2754,0.47906471325367633,0.8227482003444623,0.4834972579554846,0.7592671287057959,0.6841130694333157,0.6850403819328827,2.5442262335118957,0.5501607891735424
2755,0.4688449097002536,0.7460395677399155,0.5182947648896665,0.5462438284122683,0.560227414748945,0.6593883171010594,2.7044779915955846,0.7362150034826295
2756,0.455271782559654,0.9425267969382362,0.6352237869047384,0.6710738106464524,0.7820795861445868,0.7335019423566017,2.313744977600316,0.3944988397873628
2757,0.544003054990415,0.8482778049269624,0.6950878768531146,0.6088110123010024,0.6858793368797038,0.74288712483942,2.2340713580323204,0.4826030266480744
2758,0.45620769021556906,0.6953905699124575,0.6742035325911637,0.720759845985995,0.6444085118218607,0.9645684322272761,2.7460114188074103,0.8198447940305772
2759,0.44636364477821155,0.6950862569652585,0.718226419286552,0.8266010417302636,0.4557754589720448,1.0611945358506263,2.681422626596706,0.7977160705517458
2760,0.8994906877870519,0.7539576156053583,0.6594942880874871,0.7044716147105269,0.6855928852247213,0.5839622524276515,2.3088096027280867,0.6895683621222958
2761,0.875487084483129,0.7098808971747858,0.7137300756638902,0.5726798196888581,0.4611404236955217,0.7551027512457684,2.251112127044338,0.9012316955517458
2762,0.9833403444846844,0.7936445597831312,0.7032845548630775,0.5578400154965792,0.8117080767823206,0.8281075618287682,2.2438538228201166,0.767420437883313
2763,0.9056449343359326,0.8789171360237238,0.9208237525554228,0.6946757977691811,0.5651286869245966,0.7063175719572284,2.2437041324763425,0.8837574985293327
2764,0.6641574097002533,1.0463891848798261,0.7259740262651938,0.4753894632856193,0.47774402920436276,0.6855916884578505,2.3157060993732292,0.7253691358635764
2765,0.6624120680593433,0.7985645394929693,0.811067040675286,0.6250125785076635,0.4034708490857434,0.6620685448934652,2.358699510671488,0.7297115278623331
2766,0.6073974615602762,0.7626197813134528,0.6993961661552934,0.6642257903558579,0.8112842654326937,0.684230947947888,2.4299068403623325,0.7822859248782709
2767,0.594167083939669,0.5251454991686217,0.7180903289548626,0.7377987472516216,0.754612003865943,0.7620512118797036,2.4307421324124565,1.0480614614640147
2768,0.6628972847960815,0.6690521297283976,0.39763060474091494,0.48162544264365426,0.7822941695097182,0.6923756619690569,2.643786533773912,0.6615693776197412
2769,0.7630768491176866,0.7076368113811362,0.5385210579943357,0.48909850549545764,0.7214406906951443,0.7301184994241637,2.6637999359973894,0.8403813538465166
2770,0.7869157900364302,0.7020113256638905,0.6173433919663801,0.8112134186472633,0.838738670820239,0.42009911589284316,2.6308715303866776,0.6862341691902908
2771,0.6720017215294553,0.45977883694358923,0.7286676062111495,0.807582734278522,0.6638426338503158,0.49467474121227095,2.5704862532585966,0.7620740054315716
2772,0.8144976905993158,0.6544116890013109,0.6440972236061688,0.5558659646911017,0.9911557337354946,0.7129686949124578,2.815680416570549,0.5544577693310124
2773,0.7862484727432808,0.4961599123843129,0.6438826402410371,0.5756507604163781,0.7725172353650096,0.823157214915134,2.8293654684616487,0.6124184799968908
2774,0.6661392820161935,1.1336182710882983,1.009523563681883,0.6972406131768406,0.9256858145123948,0.7217939031178752,2.5080889118732275,0.9198027997185567
2775,0.7443223750315097,0.9105720645767138,0.8944575865598431,0.9545935792427809,0.7460861763480717,0.7728053069078481,2.543244563489794,0.7432053883236037
2776,0.9961950365853107,0.8507925240922186,0.6504760933019347,0.7593771857099052,0.6158483562750344,0.5739489628703629,2.5070047584989457,0.6347213072592186
2777,0.9757192111769624,0.5581527483376761,0.7237307867135144,0.7128879836077233,0.42391521318979086,0.6968642566773404,2.3916870308019353,0.6829104391610248
2778,0.814534259425719,0.8272909773128305,0.6571153087290196,0.4914288332369279,0.9485072902285195,0.6765235726923459,2.5894374494176877,0.5534064492903504
2779,0.7111855876782736,0.6611747367070393,0.7754543212544875,0.4891241882981365,0.579699127108224,0.7697263521850596,2.700717098063141,0.679879537671798
2780,0.904850472392343,0.3491991636624572,0.5908885178931539,0.4807322328406637,1.0200942887906614,0.6813414921709877,2.496855976993403,0.7834349712739125
2781,0.8763624329939028,0.20895936317684083,0.6307411459605272,0.3992334065689944,0.7264600892439026,0.7004493539423456,2.4778460894355594,0.771836565918311
2782,0.6868924682061063,0.6327176628958305,0.6234179487149478,0.9240201626717979,0.8068706035275224,0.8753305941333133,2.763618291123351,0.5436545995648849
2783,0.6299282243412858,0.5552672033160075,0.7302895386944002,0.9058855510286441,0.5773815531368682,0.9255786467590964,2.815799141327092,0.6875131768910993
2784,0.8546610084989449,0.7320116636624576,0.5521288862149476,0.19415774769882058,0.5180756723858676,0.5746992823356216,2.3623410810639522,0.36721607205348994
2785,0.8914818888351211,0.7530935762392934,0.5913985711906017,0.22803252386818623,0.4220908527280868,0.7273772893656315,2.268437479964947,0.45762286084415144
2786,0.5694240471942111,0.4360220519549848,0.3188854944393579,0.7193319215872983,0.7616842967785225,0.6253963333966415,2.234813432866131,0.779552784188736
2787,0.6717641693500045,0.36777069095025366,0.3811943030095297,0.643238539620741,0.7405812105376742,0.5751212259388581,2.1500319545302666,1.0832051329563506
2788,0.6027019297348732,0.7965966177140148,0.7231264946953331,0.5626821731524948,0.5920757530030545,0.5498217751463308,2.422538056013016,0.34945848788935546
2789,0.5451338169728553,0.7390479861320693,0.7543278430783357,0.5912320410590322,0.559602795308721,0.5198294339206762,2.373190859438236,0.5610115890522462
2790,0.3341819433148856,0.7354440060704274,0.7348953409377359,0.5613645536164426,0.7936219414937139,0.46453313276382835,2.378170376788795,1.0232131247116487
2791,0.21250916097839778,0.7410025557574746,0.7069347930079746,0.5760893685449602,0.6403788526642014,0.39981839266955427,2.3729826529581617,1.1868743590553557
2792,0.6743217616306366,0.44708641369440033,0.6318673988043007,0.786658508818373,0.8186840153692412,0.5810756859015616,2.4300238726349357,0.6465757970660072
2793,0.6150387470275892,0.39268945136706446,0.6666727272489452,0.7777029161868034,0.6440892268332556,0.7002010910016215,2.470428230348261,0.8162935516036138
2794,0.6332295839396687,0.8981712005046092,0.44466389024103703,0.552135438362455,0.46594643564601956,0.9763475661099671,2.5689222385282116,0.6819061508495047
2795,0.59665280793045,0.7539178070032434,0.4632571895762812,0.5528991099812633,0.39952641037148445,0.9926727167367385,2.6870357816648225,0.9190124963887336
2796,0.9205794003699305,0.7355645259772762,0.5128438060769025,0.5600785706471415,0.6165150751847486,0.7724790466507507,2.4729242419793316,0.8091373076105888
2797,0.8570826857103383,0.6990192112723582,0.5456582439282736,0.5805454804445223,0.5427757634198653,0.7961282407650716,2.4784360077957714,0.8450733980376742
2798,0.3918204797413479,0.7977645469062936,0.6053519655859327,0.8425784079110247,0.7814436575596542,0.552054974916256,2.098106590394276,0.7316336146790177
2799,0.3740742047219223,0.7307233898257813,0.5523128545177487,0.6585598250569775,0.7126335916404773,0.544945937914823,2.227370737218123,0.861966767573293
2800,0.6887391990986937,0.8180536900234795,0.9226292302204894,0.6192706589012504,0.6450386619051712,0.5734031869884821,2.4471989368283356,0.5153983338442736
2801,0.6262751695416611,0.745708973606602,0.9016029445291438,0.5797592631323805,0.5262202111445871,0.6348143492130817,2.3583744471812613,0.766059945231885
2802,0.49312672002771135,0.5279294070800794,0.7055933584156339,0.6406476182894179,0.5838349325147606,0.7120991249033055,2.6949092639309504,0.7297957268013131
2803,0.508658925932383,0.3671669973155076,0.8841131044858058,0.6470195127166911,0.46570208346052716,0.7094601503384206,2.7338210520827557,0.8070921621611467
2804,0.4391812948615219,0.8209878866621464,0.6295232957882959,0.44078085691389013,0.7875202573170619,0.46281407230903215,2.5491986003315117,0.5842254874097803
2805,0.47835078735236997,0.6987863434940249,0.8403039549135795,0.4276276303676864,0.6511789579170666,0.45869510669029084,2.704096454977897,0.6871057822082836
2806,0.7188161623843127,0.9106201178102763,0.5838731212290199,0.8150958535909745,0.6767416436917237,0.5779170413784602,2.3524520469062917,0.6128552203790824
2807,0.7456459483316338,0.5741307129018729,0.5535927084605272,0.6321807300288331,0.4859532131259052,0.6894435083392312,2.4431276013221717,0.801410626437425
2808,0.5885279982103382,0.3947158892823209,0.5769117315625201,0.4761933666275275,0.8131338855760919,0.8488917862019972,2.422600906025534,0.8592236897683705
2809,0.6755435225580994,0.38835836851301714,0.6175992285590319,0.5660194305977609,0.7566185374801416,0.895031263515694,2.375208031217623,0.9047605675478254
2810,0.5830090818629552,0.6822437202513109,0.9049714154201762,0.5428431225710492,0.8011340393017458,0.8539277766800172,2.4448928472641387,0.7147023042876739
2811,0.5758405072208007,0.5146367778303902,0.8178752523637658,0.5513679285845,0.6455417399341264,0.807743909029455,2.3611895685384847,0.7821802017503774
2812,0.6695052867774004,1.0736331655160045,0.7385149640203031,0.6282328036803282,0.26041575198045225,0.5561263104224203,2.3482548361126434,0.6454322813134522
2813,0.796993724756542,0.9555800062620844,0.8401920301630794,0.6774411959350595,0.19527209301444992,0.5609204148447732,2.3918030415701175,0.795803002012395
2814,0.4994653580003777,0.5298607600326314,0.6782054659373031,0.21769935093885817,0.345028234054923,0.7441320298436519,2.293855830776468,0.9094645192671266
2815,0.39921410065137297,0.3940239106909126,0.6519901870523681,0.24563097629022868,0.23042238925037756,0.6484034698995069,2.0999987331281487,0.8783091811088456
2816,0.640958906505109,0.42249884579433794,0.8745799241431538,0.6609958759263403,0.891593813585622,0.7931681860612759,2.420492136917688,0.5762515648003135
2817,0.5381184203087214,0.45232916602708917,1.073023342854736,0.7312055420492581,0.7252165562689926,0.8611480674524302,2.4006085207369288,0.6571409915316986
2818,0.7244332282076614,0.49969491340691496,0.6768348609080366,0.5317892237343729,0.8536080685704277,0.7773667914104023,2.3599547033160078,0.45101647875068873
2819,0.6819318336521837,0.5888818090165043,0.7059479428676864,0.6392530229414123,0.6253493016675,0.9192301442671268,2.5257066702128927,0.6347143319907259
2820,0.8298740771336909,0.5927231659951466,0.6412285183722958,0.5420370009578503,0.8987133134897932,0.5854925875824448,2.5977665548626447,0.7409222675737258
2821,0.8696079804445224,0.5295856175223574,0.667816841384935,0.6299243135860545,0.5923455401326915,0.6520565246991319,2.560051866340042,0.7710622561343138
2822,0.62480556879446,0.9198527206985094,0.525978748209905,0.3648017932315743,0.8570036668895442,0.6496982958836909,2.593564834930328,0.6146904668645102
2823,0.7020985891161315,0.6784976234978234,0.591959319113888,0.38521902990753737,0.7636242448874228,0.7123040190115842,2.569716452613266,0.6064112823995073
2824,0.8123967430019325,0.559089852760463,1.0475148393401637,0.5438726705642631,0.46041723165834797,0.6022175592401043,2.555479320551313,0.7043736404970122
2825,0.7821455006703655,0.6105401125375519,0.8768997889818853,0.4229267431616464,0.40692351891575623,0.7610869800288327,2.6262188716766524,0.7763931181612134
2826,0.5827343624736662,0.8492700104478874,0.658725932067562,0.5577796316138874,0.6602597548566017,0.46234467385566913,2.562773347359967,0.608235642861211
2827,0.6191365389823185,0.914381609726154,0.7234957006638901,0.5424523924135791,0.5096428868218603,0.541843168135746,2.5440566388670645,0.7145912257791441
2828,0.7850786758046113,0.5609148842016863,0.6565438500444598,0.5651633880046093,0.48737986816164647,0.5779006247116485,2.5918679696439657,0.9638934686861145
2829,0.7486941127296414,0.5285689985617086,0.7556339782072288,0.5600498233312009,0.24927645743792476,0.4999472623653209,2.625958525945334,0.8688651319648257
2830,0.4268295055274,0.5788416398896667,0.32201599002995485,0.4711579745329427,0.6630044525493805,0.6267090206730419,2.619817631550003,0.6794462849238533
2831,0.34259320468997967,0.5708143812620838,0.42919206821905714,0.5732449014883603,0.462763976066629,0.63933042187435,2.7117506694777753,0.7626803404585942
2832,0.848324836656104,0.4611673032650717,0.6603092527155692,0.434426400657848,0.7947748986445867,0.7675873911358678,2.469562323235806,0.6464433696310148
2833,0.6625131067861192,0.3103007276642012,0.8069377874162555,0.4560241450337533,0.6728370135795793,0.7920860756958328,2.5663638000056093,0.8686478346113333
2834,0.7657245941013703,0.5578484353904773,0.4462977302524324,0.41248784710442493,0.8659292428422188,0.7507384119371141,2.491190434815507,0.7780335103201164
2835,0.8896753896656344,0.6126217542173131,0.3729931158609002,0.43734562525510945,0.6087674682061067,0.7460939978585344,2.3927954223534917,0.6824862046904124
2836,0.6484913317351839,0.7168695895318207,0.5306307359404128,0.4389597362278977,0.7412300681551712,0.4707399416849374,2.708787477664635,0.4350637738681864
2837,0.522599989678584,0.7323169981140764,0.5796935964651363,0.5196286258300792,0.4351867599048602,0.47706353502011445,2.7699413586711765,0.5084909511754078
2838,0.6480118935000672,0.5020213303931544,0.5363422883430297,0.5590346489959571,0.7690898252166911,0.6483231817157586,2.503828675804611,0.5208000426566042
2839,0.6800021005874873,0.4448304203726068,0.5607374680463928,0.5002224048755942,0.7414477160335649,0.7111311575596543,2.558659912384313,0.619248463732818
2840,0.520349526999878,0.7368815471298927,0.7054329573105874,0.38356528559508474,0.7257537369945252,0.7365579282650718,2.4817989480437164,0.7048762954049829
2841,0.47232632684620585,0.7194007253638882,0.6674657445671286,0.43106532815629345,0.7645248530798903,0.8149535616366786,2.5760819701554825,0.9222970161993204
2842,0.7851983494694901,0.577782746197077,0.26779151159826076,0.691731736611211,0.5208000426566042,0.6003056874676242,2.6041162541214846,0.6595924375634526
2843,0.8987564344637033,0.5320533049584724,0.32062012531899475,0.7581106839206762,0.35020405035741287,0.6184051749097809,2.617506434463704,0.725862772494214
2844,0.7167073932764673,0.6844387313069777,0.5709821081605249,0.7660184441458311,0.7944284862278975,0.4904111927718575,2.5977234338887336,0.8736088922862411
2845,0.7230749538275248,0.625023041410403,0.6036025379273402,0.8109699127037412,0.7281688620584102,0.4634058584156339,2.7034256500505025,0.9560826611700541
2846,0.7127838803676863,0.7543358398512483,0.21895147907011658,0.8304290465553559,0.9051541869561062,0.6711397251722312,2.4333129015841886,0.5852129359335043
2847,0.732739364838298,0.6692543824444004,0.2825773087929055,0.9408110488552357,0.7318278706221067,0.7989353653493827,2.439179251852681,0.6633450864644476
2848,0.7416475026197413,0.8437537354927808,0.4637742181422209,0.5464237106973877,0.633337350076403,0.6394577417872409,2.489958035722856,0.478519360492781
2849,0.7624239054825073,0.6675139730631415,0.48116301945878337,0.586197495206418,0.6163167332239771,0.6460291749421564,2.468800767221923,0.7128081185449595
2850,0.8029865486959552,0.6333936479414121,0.9130906944972014,0.2223382343743503,0.6636633499486315,0.6441869531882359,2.4481015880296444,0.6585542944138905
2851,0.7937864286164423,0.5845414600265897,0.9889923592465795,0.24218281559888277,0.553582245557788,0.7588250329429673,2.4828945858251594,0.7068080714785199
2852,0.6431900632661942,0.6944185165511243,0.6480412391994428,0.33004018414427605,0.4605129150044873,0.48967447331868386,2.4980740024280847,0.9793589864191214
2853,0.733323927817873,0.6561605182764678,0.6314029326105894,0.36817128562702706,0.3818035272873631,0.532659041602059,2.57169670504135,0.957447662960149
2854,0.5763987890142611,0.6265790593678755,0.5323469071443976,0.6425455395249123,0.888125077613699,0.6099156683597786,2.6055051435639527,0.37505731936943026
2855,0.5052304942796435,0.620632596178084,0.5601826738871787,0.8437346048376089,0.691955162991226,0.5741847198995073,2.6288906795751585,0.5612832439282733
2856,1.004262351673542,0.5336838325980717,0.7508807038914104,0.34940388250828575,0.6597008746797062,0.20149880623661653,2.4924980145698052,0.36135609867005447
2857,1.1269545696254053,0.3762260948036785,0.7929665317287087,0.41258455195498456,0.5030093773003129,0.2515646857099048,2.497163354453862,0.5202825909696788
2858,0.9094534579809523,0.7959196111640126,0.7814876247755342,0.424417868097761,0.9617675092655719,0.7279854921390445,2.3773207110807006,0.5992067373143851
2859,0.9516110815120176,0.7282922712160694,0.9128543390846221,0.4320552428098434,1.0306843198170623,0.7302835849303284,2.417456901552246,0.6731824044918483
2860,0.9243821455133282,0.8023910996926561,0.7687930859214204,0.4000241330198033,0.5911363577128924,0.5626156602432808,2.4459979264439,0.8277073902729797
2861,0.8418735002870519,0.6117973481909125,0.8492308002292085,0.4359267917298306,0.5317563904007512,0.5103073148641989,2.490621690119309,0.9521412869690569
2862,0.9847686920043651,0.7942166168511264,0.6126946440115846,0.709490765400751,0.5702433456985098,0.683145948331634,2.4319759761305138,0.52431905013338
2863,1.098328499552801,0.789327179607535,0.6904804547219228,0.7877100041214847,0.3719432404456439,0.7134058584156338,2.5380504627741014,0.6571530743222935
2864,0.6561272618218603,0.8050790763994403,0.450609930309843,0.374192258498945,0.5311323693439628,0.4262504731909127,2.324065819880515,0.6830174316518729
2865,0.5915558351863037,0.7148409333452738,0.4736073775558556,0.4651528199443997,0.34116552814981815,0.43034255924010456,2.4134346407840646,0.6343629873143857
2866,0.9076500233247262,0.43327717899975604,0.5229925875824447,0.5551466834091586,0.9990758246097784,1.048473540547948,2.5342423622500667,0.7275423748717956
2867,0.894285876310087,0.46990338027185813,0.5198472952128927,0.6304865061347465,0.7658537817606519,0.9470303636879248,2.536903459387302,0.7727174450721712
2868,0.92045310196146,0.57267139979496,0.38657815052964395,0.5714455528498155,0.6917257828471393,0.4016039660335645,2.6634588789613383,0.7953414250694946
2869,0.9934215915765922,0.5575624068564801,0.4551017647938381,0.5078681994815742,0.4818823007407258,0.5110814493857456,2.6646171188967642,0.8492147340872986
2870,0.6212487957244102,0.5723619793256588,0.4509355921835047,0.880254907719368,0.6520630768466388,0.5732305278303907,2.3570761335628303,0.5731675025554226
2871,0.6825806912696812,0.5393686806935895,0.5671144699957689,0.865321886310776,0.5166453544534303,0.6224185926630796,2.3359942209859947,0.6500717631323806
2872,0.7022379918196171,0.7126019550737265,0.5160110457563531,0.47841772338256944,0.57575426527298,0.43055816410965675,2.453427094675907,0.6059295532970146
2873,0.8420281228904771,0.6409151871477635,0.6408913720914748,0.3865380940689952,0.4916097370264672,0.34186856802740007,2.536312519522669,0.7352031415191814
2874,0.6445388962480118,0.7861486307833758,0.8183230540321315,0.38384536036500966,0.775295787895831,0.43917882873169606,2.3539714960373637,0.37073814404352723
2875,0.6929893953855574,0.7181309837989476,0.6035138298496943,0.4374070306422212,0.5884584207878626,0.4435969997755346,2.3051561248074774,0.4810137522359947
2876,0.6499639969956463,0.7546754522618953,0.6296764737663153,0.7047794152919729,0.7045138894424677,0.45723621670436276,2.492419346273913,0.7039679382981363
2877,0.6108189179445224,0.7863258716762186,0.7015938911993203,0.6727591915256566,0.5635704506958331,0.4098045547987583,2.41702058429104,0.735345433473477
2878,0.990307264794271,0.6745823552204895,0.45457962870579577,0.6971677233825693,0.8424782154262188,0.6753160101604028,2.4477081438838137,0.5704125172223559
2879,0.9255320381509398,0.547133550581012,0.46030530690784766,0.7386880462993803,0.5930905042173132,0.6674698305848107,2.5280805420492585,0.7086618502356841
2880,0.7365445761115225,0.87723344762846,0.6415582662636392,0.6283023811028033,0.9006927196759076,0.5604380873588454,2.569355068155171,0.5893780870394179
2881,0.7673617464845618,0.862844334355358,0.871298716704363,0.5072747934871166,0.8559410377041737,0.6279958498843131,2.5372880605182484,0.8430968811023705
2882,0.9134779370204249,0.9529839774086591,0.5028083939472656,0.9080551271401662,0.5385744666085344,0.4287423988043007,2.4197436851988208,0.9713821745588433
2883,0.7993230309935917,0.788344488081012,0.5530222712803877,0.9739652743797035,0.41445492264141043,0.4573185478969522,2.3905607779581617,1.0489612234145123
2884,0.954524600203741,0.8927796040701166,0.5004593586716093,0.7602223422793334,0.5123892044024949,0.4007949551695544,2.2578246553866794,0.36948090839016623
2885,0.9025860591766518,0.8974845772938382,0.5992209357099052,0.8714282548885444,0.37658807764520863,0.4996774752356841,2.339066200440291,0.5785531452258432
2886,0.7302429300862439,0.6113458110297656,0.764784177306788,0.5307145117584077,0.6505659981464529,0.4227938926056687,2.6179417302204895,1.0070261074254077
2887,0.644047725747201,0.6300867576999425,0.7295910079554849,0.5446067486251613,0.5793079738297682,0.4197490405794571,2.74977868922491,0.8673335274470768
2888,0.5321723802399153,0.45572229821638044,0.6391223906567266,0.9382548286039252,1.0519280781243505,0.5769548525364301,2.4154795383749716,1.0663896580707386
2889,0.5213710782201789,0.4048702014309502,0.5236369360612761,0.8435256247116486,0.871699909764572,0.6480317978011243,2.3294849668640762,1.0160412376976986
2890,0.50208026965044,0.7515037034437785,0.5397126269804524,0.5617546853904776,0.5556499367005645,1.0089792324254079,2.5038594661293927,0.4126381358316344
2891,0.5506254306297038,0.5806728003574128,0.5145336960947731,0.5555552748588453,0.34738441986152235,0.9432123986445866,2.2887315553417857,0.4932302248843128
2892,0.5829887544409125,0.6162707229992561,0.564236746484562,0.7691001128569799,0.9024867129338161,0.542032068698199,2.57769301661501,0.790409713093962
2893,0.6386875180209248,0.5288950835563551,0.6738160422094056,0.7964635192995027,0.9187627888226045,0.590758133467002,2.681700833620242,0.7772136134323827
2894,0.8840505023318228,0.6299608824124575,0.6030444313963308,0.62927077156744,0.7025587214336266,0.7018944686537384,2.507504947277089,0.5504730988936541
2895,0.8515955811921568,0.5966903982612735,0.7144177203790817,0.6099320850265894,0.5267431934745991,0.7308546204939026,2.6906529386175646,0.6741423024665025
2896,0.9241628777470793,0.4614473780349978,0.6158378933722954,0.5059731674968904,0.6134248113172507,0.48676162560648006,2.6083853332049847,0.7030679284891043
2897,0.9344027608640099,0.32299604016420114,0.7195146931232286,0.5554932710882984,0.6208580655669399,0.44384892561295475,2.6273915578661313,0.6769537609270296
2898,0.6111014588442737,0.8781098176436539,0.8106076820036764,0.6160896439472653,0.9414313344192432,0.7209115793386095,2.6519518230756582,0.4859823835628307
2899,0.605111524155671,0.7880134708267137,0.8607899953661319,0.501867729294149,0.7282378410974499,0.7978359920751592,2.759197901808222,0.7003988345789578
2900,0.4993553009962689,0.7815506500505022,0.2533498359529301,0.7210692664552958,0.4874987681806392,0.3904149983696191,2.13553422887846,0.696020121612333
2901,0.4184533683533036,0.6692935926630793,0.26255326840423854,0.7027147886624573,0.4194502582753452,0.4007171331156316,2.1699319873778378,0.8212948410016218
2902,0.49904052514633035,0.830657405195022,0.8869125828221045,0.4229772625250348,0.610111544190724,0.43338825750828575,2.5815670316648234,0.37474789890012883
2903,0.48219665346967855,0.7560846691264056,0.8557881075846889,0.3782005687301418,0.6218315635536787,0.4758876090549229,2.663336491308099,0.5355318328536146
2904,0.8492260432320075,0.7743029839914704,0.6622424734145124,0.5305040870070417,0.5263620799778976,0.7211454686213626,2.700399257699942,0.5284628523128307
2905,0.8813840498139525,0.6159294907007534,0.7222852488811368,0.6101224302144476,0.41772260266420136,0.7415598160465148,2.765873686061709,0.6987580192990693
2906,0.7601063315111515,0.4646585849303279,0.6946809052912831,0.6264303905285218,0.6120443417686817,0.6079481697018088,2.3027364906049246,0.7475074760031766
2907,0.7646032735172482,0.3563999732547982,0.7074606645887982,0.5647870315051096,0.456612020385124,0.6429639954939028,2.4847134156437765,0.7747488152470791
2908,0.5595650297154474,0.5392095489514974,0.3772057218169398,0.7205253583198061,0.6236265783160071,0.6292317366112108,2.3524510254018733,0.5075589542747235
2909,0.5750524221622685,0.5435880866556714,0.4326714423561691,0.8311046084799525,0.601566833876216,0.5998287153623328,2.311969867139043,0.6593916294728555
2910,0.6182024990727931,0.5548791145508134,0.6958283317990696,0.9352013088252811,0.5433884753319453,0.42717796095293004,2.3861539160590333,0.8383280363617108
2911,0.482434030386679,0.4508791190560442,0.6743825686343131,0.8990547936468304,0.43305562036613143,0.4640374531243506,2.4093682375375516,0.9394490389823182
2912,0.7210840632342508,0.6227715572272761,0.5826021103011244,0.4756114450402287,0.34324019456108673,0.6244332983126412,2.428550608991038,0.8168467258749728
2913,0.7907616561537386,0.5234773811981989,0.5404259544983234,0.5390602817287087,0.24843130086849713,0.5780061725770914,2.2467968624736665,0.9390558426950221
2914,0.8178148684810743,0.8832930323356221,0.5805167331285817,0.5953970169024947,0.5422443611959548,0.8646759179440892,2.673727757252743,0.7933392253315121
2915,0.8814470750889202,0.7291014573425294,0.685183695391599,0.571715164717002,0.3288400200018108,0.8637202812495673,2.6835295279581612,0.929264534892343
2916,0.9470405787321292,0.8127162758490719,0.5213533921904129,0.7042566082244102,0.6661335035145718,0.5124834431232282,2.6039000508684973,1.0497320455642636
2917,0.9479642283349994,0.770670854997323,0.5760302540252237,0.8073809046835042,0.5114993069713006,0.6262638603969523,2.6023801786164427,0.987743295628582
2918,0.7093965266800172,0.6310499680463927,0.2536358644869274,0.5052493770762807,0.5491209535400396,0.5683620889883602,2.6941869181357463,0.7434558695356196
2919,0.6411646468553582,0.49745329374309183,0.31153805901650433,0.5659970601668777,0.5638614114894822,0.5540210289488203,2.6254628463058562,0.7175010089780868
2920,0.7954619449763428,0.7280087088118975,0.3726286668895443,0.5729366777859299,0.8314881881064798,0.6624619890392959,2.645646018436615,0.6999647355890422
2921,0.6854629239195543,0.7113800188838135,0.39420192522964176,0.5573030826295816,0.7059385014693679,0.7338395117584076,2.634534274443156,0.8828503381893578
2922,0.68346914407547,0.700015678073415,0.5207405050158828,0.5299192761689326,0.4389131276197413,0.7469104071120218,2.564604084706728,0.8331335125250341
2923,0.6829430972321966,0.6626276729288952,0.6502502007920945,0.6315848579045493,0.5246849437301417,0.6619213206795169,2.424478251980452,0.844897849628771
2924,0.7615054359978234,0.8986519081026816,0.4494594392887958,0.560786542784375,0.8871532721109003,0.4499557173117088,2.2372538176117107,0.5317132694268406
2925,0.713433161106169,0.8343039078471389,0.5915254679825075,0.5660496225391066,0.7112664742454573,0.43578449977553435,2.2713934486510614,0.6911130709350597
2926,0.7938732689476985,0.432872673567751,0.5670255866556712,0.7775675995009996,0.5706806844641368,0.4070399528049228,2.509413929798759,0.9063762984084696
2927,0.735383023804301,0.41975763573580605,0.772866289173975,0.9446316552908504,0.4866599884962684,0.47553362298630575,2.5142803256319466,0.8478135865917857
2928,0.8515374881768402,0.822119845411458,0.6215286952318849,0.5787404259004403,0.9744521110042984,0.6477168466887362,2.4540615786354345,0.5230995800732926
2929,0.8784658467211119,0.6478472311148881,0.6903313627615846,0.6725127963313232,0.7593281109719225,0.7425468414492534,2.493508431907848,0.5972764058662537
2930,0.781232386566318,0.5623053935320094,0.38719783771021604,0.7769191650044871,0.775220855092719,0.6440764730631416,2.3499036481654456,0.5499125262328183
2931,0.6966814851414103,0.42716809643362674,0.4401568358571014,0.8128447925288326,0.7092379933213608,0.6698670943564798,2.2753972497435915,0.6873337177269652
2932,0.8784574268272135,0.7834894013925321,0.3999590647359945,0.383163246292905,0.6044840154646364,0.5222034810194922,2.642164002907226,0.7263545413784599
2933,0.8520807979288954,0.66202686854496,0.5237966661868033,0.41858910816009165,0.5014854190305768,0.555852612537552,2.648203260192345,0.8009342527155698
2934,0.3804214378509373,0.5306940090739155,0.4133746800223578,0.4195638029137014,0.4985571761559825,0.8559063366241615,2.4103527968104648,0.7914316874352483
2935,0.28623469746874564,0.4284772960757809,0.3721841049968904,0.45119636103580785,0.2880619471812607,0.7807921585498803,2.454378397494214,0.8077048740732266
2936,0.2891728048626443,0.7662915436472633,0.7837045831410994,0.6752053547728578,0.5741664354863057,0.673251383530888,2.625549511374661,0.5964528460818226
2937,0.23929871520261942,0.6839985032905395,0.8096627560704275,0.782201725939291,0.33909801226949204,0.7372295794344377,2.496940175932383,0.7434172577003751
2938,0.8804705125889208,0.49869002671195994,0.3532505948675639,0.5055483346428431,0.6797250903308232,0.36689618868144974,2.7023802837739126,0.26413514442684055
2939,0.8049663780030547,0.41160654482957937,0.39764864129558186,0.4939088513221715,0.544512086783443,0.3582475503893554,2.6768005829490096,0.42521888218885817
2940,0.760398489071672,0.44719749220293015,0.5034871956475747,0.48940630607690294,0.8159097967146365,0.5530528863427184,2.4637524460947735,0.6753131209095918
2941,0.7720363525044874,0.29449626850006705,0.6296272237658824,0.4787111503060442,0.6866298316074129,0.4765925166788952,2.5000710946439653,0.8324097221044253
2942,0.7344871726090342,0.721670070839231,0.6283761171390446,0.3764012200915971,0.9325917525558556,0.8612287787571636,2.4031936635666287,0.6600657467720469
2943,0.7340234800612085,0.713009349756542,0.6715654042682487,0.42014512611756405,0.662508174526467,0.8630182628764054,2.4757299219382367,0.7176979063134525
2944,0.9985302239903486,0.8969675487278975,0.33644839953941774,0.8568153647105271,0.7147394714975124,0.9445949112019972,2.7899912571249725,0.6542203223090322
2945,0.9664326738871787,0.8570632045302663,0.492810324289917,0.8073121009069153,0.640652973670054,0.9218317037636389,2.707557967822793,0.608260902542905
2946,0.6158483562750344,1.086081907559221,0.7318853652539873,0.6343077835498803,0.8196768192736015,0.8524128366876144,2.4955030579939033,0.7077281608510598
2947,0.6018150968169398,0.947988393916189,0.772691163886057,0.5446332050737258,0.7316274856524945,0.869722969708283,2.59631957240486,0.812834752747079
2948,0.6239068283483832,0.40739147274371384,0.7284895916724202,0.38003581521556973,0.740760669701808,0.6687110726923452,2.2314346743348104,0.6200262611510619
2949,0.7089369927459573,0.3796356436597802,0.8609308426950218,0.4911947686917236,0.6560122725580991,0.6998292436407881,2.191430736035808,0.6340728727627063
2950,0.9535960909373034,0.6035748121158206,0.6375651759323825,0.7831635642564202,0.6672041294728553,0.3726559695800791,2.577733671459094,0.5567573067477009
2951,0.9803303688009354,0.6091388924459546,0.7320221265651965,0.9378266833780822,0.545399518084811,0.3973689896466416,2.6298651990663178,0.6923931001402881
2952,0.44270276846812406,0.7709478652539871,0.6975555642892288,0.8030013454749102,0.5739692902924051,0.940715963892532,2.2766043891545498,0.5148137708646991
2953,0.448536460665445,0.6691492576999424,0.7485432256189973,0.8851391648447733,0.5903004672793327,0.9628834744690569,2.328257076910092,0.6795965736510622
2954,0.9671316277470788,0.6845278625056095,0.7981552770637632,0.8366686888100869,0.9871681740473259,0.7242905131323807,2.4035084394165662,0.2726034773128307
2955,0.9421374388100873,0.6880114979228533,0.8898761977562311,0.8819148536544275,0.797274821030888,0.7067304972831314,2.434040602760029,0.4193044786868033
2956,0.9115911496671885,0.4847430092016857,0.4994193477756564,0.40004181904956937,0.9208087079179327,0.6969118867899174,2.5867775490473264,0.5363938292108378
2957,0.8046015059107138,0.6335266737598404,0.6774069179760318,0.39857017529352734,0.9372770693370543,0.7184063015716711,2.5923755568115867,0.6187686023767162
2958,0.8096984786548604,0.653260176475843,0.716478436253365,0.3804253486061689,0.5653779713697411,0.5675822485612757,2.7101541719386693,0.76849990685648
2959,0.7741089759069154,0.4631257836457083,0.7213507858506264,0.39893300437702717,0.5061396976284598,0.5605427889823177,2.6992867801307034,0.80926378128151
2960,0.6873803263351218,0.4934881044858059,0.6568440769739775,0.5119208274535519,0.7812389387138259,0.7040135254018727,2.2471003291788954,0.7598676852311963
2961,0.565020497666878,0.35126872255162367,0.7297874821698654,0.7098848079300173,0.7901052248843135,0.7272216452577855,2.3233410079554857,0.8415774319713004
2962,0.9124032250444599,0.57744228754446,0.7576601682639503,0.5068318514823179,0.5966988181551713,0.7407409406632015,2.5540220504532405,0.7924351295047982
2963,0.9305472780859325,0.5969460595914752,0.6623276938579128,0.5354216005870541,0.6088785467146364,0.6561469908604673,2.4135054875694943,0.9089643304889823
2964,0.786639378163202,0.7749744598983852,0.5040958215419723,0.40610855428767356,0.8089375210244129,0.38141177562547224,2.319681153149818,0.5962961804695569
2965,0.7465564210434048,0.6143284840229799,0.547548518915756,0.42284381358562173,0.5245799942481341,0.30578134263113677,2.3208858264309504,0.6094056150623307
2966,0.8110130336776512,0.7309702081410995,0.5467643446124552,0.3793656086716096,0.6881749635411618,0.8022637797797662,2.599589295436492,0.5736420085308879
2967,0.8448062523003134,0.6653828335244129,0.5309695747051735,0.4090965826615247,0.745084777287363,0.7916587767119598,2.5118925032585975,0.678434598222855
2968,0.44205348772964154,0.4789378164617709,0.9288610509647586,0.7246704298622108,0.5186130283738505,0.47724588343505936,2.713816069753177,0.7337099735742257
2969,0.3993260254018727,0.5351004478520595,0.7759573992834422,0.9358388572980696,0.3204291817477014,0.4211286638860567,2.6723619092206796,0.7759050121736641
2970,0.595014458780388,0.7301028564032387,0.34824641621874564,0.5392163489575392,1.0004727108251592,0.9641003031368675,2.573872585441845,0.31678676511326587
2971,0.6819858406498182,0.6209307800987605,0.37343623312814916,0.5376872105696169,0.761142008530888,1.0378732218812585,2.6282332268013135,0.5064509858441516
2972,0.5784003903688081,0.6251119247505,0.5294571008425967,0.5730229197337511,0.5632815329110249,0.30978225447285535,2.476822495206418,0.6543710341572264
2973,0.5715010044728559,0.5312759306612134,0.6772033958970748,0.610838048599694,0.6130539854608382,0.3173126366940891,2.510613072436802,0.7334378955772136
2974,0.9129609084544853,0.8040115875505023,0.37983747325479816,0.6059607667427808,0.6612675308023684,0.7092889358057337,2.439224838956417,0.36836554157011664
2975,0.8407466490598432,0.6183556770508127,0.4019587983441517,0.7747231324443999,0.6204946381000045,0.6434994837354946,2.4707945470660078,0.5871424211396662
2976,0.61206900306694,0.43977061483829794,0.5614657676056691,0.7295008552524325,0.8248641199832515,0.5621830058787706,2.673275023324726,0.6670142074059822
2977,0.5743265887328179,0.397638178392843,0.5771813434297062,0.776690207981385,0.752540226705485,0.594306909764139,2.850188830457472,0.7095930008943977
2978,0.5792991308148853,0.6489081678163182,0.6386156497310743,0.5975197365473258,0.7996003917751566,0.6858282191328803,2.443519776105047,0.7532249821698658
2979,0.6788163101029925,0.45585617027677805,0.6951764096683108,0.6565387425223579,0.6584600556931565,0.6513892074059822,2.5111389440176266,0.8480059747884849
2980,0.626513320104547,0.5360156049649475,0.5181703342275867,0.7625627098025571,0.6792436090868651,0.6947992069268407,2.5940927495199926,0.7584597377296416
2981,0.6742511627037409,0.595425764218435,0.5485199738936539,0.730773909189169,0.5871666593169401,0.757876196254487,2.6485785951874257,0.6103448350900417
2982,0.636656570967002,0.617793061381137,0.6106670093294573,0.629897434016505,0.7260130612214231,0.6049614106909126,2.7430410764633257,0.7182153580003776
2983,0.7128810083392313,0.5218712669983233,0.5736629343363657,0.5184315262008752,0.6337700044409129,0.6413673226923453,2.7461330328147633,0.8057070082114601
2984,0.6471049084225423,0.4386552480182483,0.5892423472326292,0.4439922390716718,0.4022587774151343,0.5705055591762185,2.386473624168621,0.65753461093998
2985,0.7510248635920964,0.4137083386689321,0.5787086140712383,0.4796579439856835,0.2620397274725447,0.5310024080387955,2.3810370390138282,0.7490173084734773
2986,0.4370515999481987,0.9340837237339402,0.6283147117519329,0.6675843967275866,0.7341337849238527,0.446319079178895,2.6461143953855575,0.8374754814028059
2987,0.35491582358717655,0.7918710692097163,0.5420478869815742,0.6874778774276515,0.5139191164363034,0.4369559166020591,2.5965271805014996,0.916037221784997
2988,0.2628259447846862,0.5361628291788951,0.4915586192796438,0.9085093056935897,0.9424653915511242,0.5236186516480745,2.7577940403243475,0.43242853479608173
2989,0.2381749284886718,0.5618959558403527,0.6091329386818828,1.003776113432383,0.7529334229927807,0.5863229473729175,2.8591302972896067,0.5333358002935276
2990,0.452558721433627,0.4519926181297036,0.4676730697527436,0.4762375091058579,0.9294522386879248,0.36094666097839806,2.4301398834031165,0.8447446716507513
2991,0.4358812046260942,0.5148727101219845,0.5993954626143879,0.40756744427360164,0.691233167720923,0.3212556307829425,2.4845719699314506,0.9942038981335022
2992,0.28676609969265676,0.738631996292905,0.406014738687925,0.6241043966632687,0.4253120994051717,0.8393284139180001,2.557080502491536,0.6723308710373628
2993,0.26011288365865876,0.5818887827832537,0.5682565411229176,0.5483560851543605,0.24400309004290544,0.8050799226414102,2.5723036384518094,0.7865747330003778
2994,1.059166653309965,0.8128577215613977,0.48642014544944295,0.7072661607871742,1.0351244381707985,0.38279981882597003,2.5057218400429053,0.6389889417173131
2995,1.0564505276706764,0.6809300114704895,0.7141236950721715,0.6458881523508159,0.7411863487978259,0.337367890528522,2.6013366800862436,0.7355817888860572
2996,0.7862283205836892,1.0233586564416566,0.7428708834350597,0.6766539571184974,0.6204313649665023,0.8259754007856193,2.437086899411647,0.9236509567032409
2997,0.6284985047922832,0.9684383612594075,0.8687973496926562,0.6764586796709873,0.6447807823036786,0.829616795915634,2.4878823478071665,0.9984680449573503
2998,0.32604871370087524,0.4228423689602161,0.7728235913210499,0.44485712467970573,0.7392773662761565,0.7353187291663782,2.3980174241431538,0.6910303166214848
2999,0.31129617296083795,0.4438955342211116,0.892157027638734,0.3948542704813852,0.7052658287955816,0.7427914414932802,2.346327393915323,0.7104771924200546
3000,0.6807967377935275,0.9229782840294549,0.7127263857358056,1.0484014969956466,0.6004574208202387,0.7700688538465175,2.287658886374661,0.5760353615473256
3001,0.6292980742579751,0.8546575208646988,0.7134380933658208,1.011707265592841,0.5589473855437165,0.7126430330387956,2.1828463923816366,0.7562715266800173
3002,0.702867543519492,0.725729921938236,0.9644493569458327,0.907728866883069,0.8069221443953306,0.7849657295496913,2.400552470730453,0.6877708812301415
3003,0.8088978876847488,0.6432758820930293,1.003374249392654,0.9008516035594651,0.7174474251014372,0.7104330499417238,2.323577538630515,0.8020843206156312
3004,0.7066462983441515,0.9653055748014358,0.8574410056551713,0.8224621718104645,0.8042777117834427,0.9226324699962019,2.3266023110932186,0.46857325482422585
3005,0.6569344049394799,0.8146987465484478,0.8025036228265923,0.7478042152984478,0.6691073334929027,0.8935785751523725,2.383794841001622,0.5578167988237261
3006,0.582349761342719,0.6579896357353726,0.27886489161501,0.5340421525429054,0.7480356384513753,0.7222491031757183,2.61629411493456,0.31332507700592005
3007,0.527590393052868,0.5632008216062908,0.3217022356844379,0.49122207138225815,0.6245433553167515,0.7640051831216734,2.610764137301002,0.5426562650174371
3008,0.8675536414552958,0.6254577387837532,0.7004725706151984,0.88358110387846,0.6485147236704873,0.5979579215549224,2.4242889282970146,0.6532507350775246
3009,0.9232201700851216,0.6162405310579099,0.786917409924286,0.9183601511369893,0.5432673570416612,0.5932178241302036,2.3488689926501296,0.8038896230182484
3010,0.4074370598474503,0.7004820120135175,0.6811412824638255,0.5336043906562933,0.8022494061217956,0.5956409459670025,2.3988243919983225,0.6761913586711763
3011,0.37568380655604466,0.52441593024639,0.6963279221937781,0.5455586498269023,0.6340311964142014,0.5787800592401044,2.3962189217465797,0.813803668999067
3012,0.6522677956924677,0.6536710587929058,0.26611455061295536,0.3662076977242885,0.6829599370199919,0.8171892275364303,2.4861425368093433,0.48433272526805926
3013,0.719130938234251,0.6754776080323206,0.2971721624162558,0.3617998143207383,0.5462929031502511,0.8714013753189946,2.5186916966697432,0.683071438649507
3014,0.8245516350006884,0.7070676435639521,0.6028401356714876,0.599273074961149,0.2897651893526817,0.5899150199064154,2.315694614966069,0.3009297435769026
3015,0.7200183695356189,0.8293453163020572,0.5354034914363033,0.5283721012263429,0.2643720982228557,0.6682866629592837,2.2533800278942766,0.5025383589590942
3016,0.7267040183084104,0.4443183240663182,0.6847968033932762,0.5173266222835645,0.7357359883684971,0.8282492553996288,2.439557476098572,0.896457320168
3017,0.7084552636434648,0.3860582327128928,0.7272635694648252,0.7006709125759698,0.6926949469576613,0.9082657997500668,2.3338170712225446,0.9829933336845593
3018,1.0049232920816342,0.8082262365153827,0.496168332278211,0.5372449395443383,0.7509326678802041,0.41796406559888283,2.451536994950875,0.5372309890073529
3019,0.8632478182829424,0.6295994979543632,0.5591407952448353,0.5350390424649478,0.4954219235681836,0.45504265027410157,2.465982158230452,0.7052331707244104
3020,0.43000805435155953,0.556172495909592,0.6118751702448356,0.47671592583655437,0.8048052032521216,0.8815146095025546,2.526993499424164,0.8259881545557334
3021,0.4341913146082236,0.5378590960818229,0.6569229205323209,0.40968956553499736,0.8452132238621439,0.8591411833133309,2.6495878157585975,0.8783325730441494
3022,0.8019627792043632,0.7996076149021835,0.5799128642313858,0.8139696007472009,0.5456073014439001,0.3826244456795176,2.323574050996268,0.9781505776452084
3023,0.6737357540256566,0.696780656121796,0.6708535213757836,0.8967622314986337,0.49374232119060163,0.37476022954925836,2.198541816046081,0.9614389581410999
3024,0.6199162041469524,0.7362113405859324,0.49188530265772595,0.648944736642721,0.8236863262716692,0.7426062038275246,2.715045404332567,0.36062142222572124
3025,0.5535902423307013,0.6284440746736646,0.6040478734658803,0.679902083365132,0.7431756195032437,0.6968940254977012,2.734128254280766,0.4763853317032415
3026,0.615550420212893,0.7657556322846861,0.6352294928102762,0.4820022222641391,0.7647111122500668,0.39006714132752474,2.5413347347261537,0.8394752150109625
3027,0.5047824447527437,0.6846935463952086,0.7180135284053603,0.5105724175927185,0.5626466258305123,0.4624724168895446,2.586894406057477,0.9250429106589699
3028,0.5653441165316984,0.43583026214172127,0.7417717580193706,0.3862023924135794,0.807969976801746,0.4534008134897932,2.451886895001811,0.7066612703855569
3029,0.5601239098923433,0.4257279139818856,0.9317441298566022,0.4596925949957684,0.5714940292043627,0.3336946835693059,2.3821376090549227,0.7764992644100914
3030,0.3900611875634527,0.5993379679825075,0.8113908348025571,0.718062180022358,0.5602561620648856,0.4632155132277754,2.515813126916568,0.8413554502166912
3031,0.4663460088183731,0.49523693376096245,0.8376465206730421,0.5777995859848731,0.5661358644869278,0.3247871441712986,2.6150169749801417,0.938726693187114
3032,0.30105664036880797,0.847138024667189,0.5387633671709875,0.3334755910655075,0.5675462781183082,0.7757838938833803,2.3484749501208633,0.6924748329494428
3033,0.35381483042509687,0.874356322500689,0.5417723213503159,0.44941325380162406,0.5155191016096567,0.9018548703665648,2.256482199289917,0.7639368024660694
3034,0.8485395952836863,0.7030166354798302,0.3444194328980742,0.5137142223280246,0.3843515029072262,0.7234566657076615,2.3823868935000667,0.8705085886369894
3035,0.7385441344572283,0.7573860472580974,0.42631987535093785,0.5080240188518703,0.30685256697285546,0.6585879739894823,2.548410515272979,0.9702280206410989
3036,0.8565829200531788,0.7344838602372386,0.6919134866427215,0.6775145088503156,0.9335701828022459,0.6476897192606518,2.25558056959303,0.7365228040640744
3037,0.886451852121174,0.6555190590484472,0.8561344474052931,0.6162345772938381,0.9047582766804497,0.5272518021466419,2.232358076079146,1.0691413310320097
3038,0.44846994775623117,0.6916701559616494,0.567857989454985,0.3525041861575368,0.6744018745519348,0.5928015864325046,2.566069949961149,0.42355569647808666
3039,0.46603429748169634,0.6188396244245971,0.5791964722002536,0.3576188449314496,0.5642646475585323,0.6569089699953357,2.76382674546196,0.49962406662148495
3040,0.7884510574508751,0.913459477344773,0.6684439269549848,0.5476520237723579,0.8992393603330668,0.6976163712929055,2.7330005568115867,0.6229493965035543
3041,0.7181266499227312,0.8300888357612737,0.7708228362084724,0.6168511999611486,0.8330755947721685,0.6277266611381113,2.759736702421609,0.6397975294603382
3042,0.972132917145087,0.6402960983506266,0.627733038023169,0.7899376732483228,0.5319651952642614,0.521540249744025,2.3639209140777133,0.7531231697972035
3043,0.9195783518341218,0.4995273617709255,0.6390028922542984,0.7803753224687462,0.5760084819777757,0.5848297794279623,2.346556526200876,0.8227925180852438
3044,0.5566472497435916,0.7101698149595941,0.6424648282201788,0.5244455238043012,0.6525507597132039,0.8159960386624576,2.3892758164932806,0.493309666826092
3045,0.5722065104802637,0.5430722548566014,0.7005579663210494,0.5742810016290815,0.4938954991686214,0.8604832162891066,2.463061489007785,0.6797000785076641
3046,0.9445528117325069,0.8730471228585345,0.7986895685384847,0.5588219333772155,0.5440506851029919,0.5846480293964528,2.362189946094774,0.46209436790610425
3047,0.8764730883814478,0.8290835259453331,0.8406133753828805,0.6009635633624552,0.5508662951809501,0.49989205860081554,2.3389298622500667,0.6977664847576637
3048,0.654688699257975,1.004052277447077,0.6660168943629549,0.6986448977816991,0.8161467505106514,0.4787310546071019,2.3838517372500667,0.8509366837929055
3049,0.593376109630326,0.789344865637301,0.6960285415062311,0.6349960266485075,0.6575446507217338,0.5112128553163177,2.494193435230764,0.8417693970470148
3050,0.9510240524026171,0.7407309008814473,0.5576342751463303,0.24221751667889546,0.9502704931616465,0.6603468430463929,2.562433734949321,0.6731374157715467
3051,0.8514863704300166,0.6648573850645746,0.6081915003828806,0.24750032547223375,0.9048330342211119,0.6752416757407259,2.6532889237917834,0.8380440508365541
3052,0.9257196693504375,0.8001954902535543,0.8823164698356218,0.5531822492644503,0.5892351967016862,0.6831052934875492,2.352951812563452,0.853670072340975
3053,0.8287765716058579,0.7463479667047955,0.7811155295561664,0.5491729175288328,0.5517309329304496,0.6776165690815121,2.456360692931139,0.9588359540191813
3054,0.7390241710757811,0.6339732786613357,0.5005425361061688,0.7873163847132039,0.7788956819397905,0.6365440478330671,2.114448405546393,0.6101197888221713
3055,0.755735192196455,0.583109697468746,0.5772909773128306,0.8143170346683105,0.6308477153303903,0.6568163511624578,2.1733702835498807,0.8213439157396045
3056,0.6925705162955822,0.8067862293260918,0.4997895752486344,0.7756452648257811,0.8624825267762785,0.4228220415381736,2.5034192381129547,0.7301794816902911
3057,0.6754657005041765,0.6750180740982613,0.6557882477946488,0.820171900529644,0.7120352533863676,0.46199315391687745,2.422309945231885,0.8060312254597161
3058,0.7358287824638255,0.7987643260791462,0.8285759387777112,0.5236667048816368,0.4420594414937134,0.6642877941264047,2.2685489815944626,0.6814004314282732
3059,0.7876757261624576,0.7852390043135747,0.9074339953341887,0.529510859981696,0.38869142877615626,0.7573542354288956,2.3039842848599665,0.8670579618158181
3060,0.3770673406178753,0.48884964417129834,0.7281321179695569,0.6783528654137011,0.6248168779391685,0.8650091534696788,2.157667461495958,0.7009550733635771
3061,0.4374363763415967,0.325385905546393,0.6689615539043607,0.6297600743218603,0.6311932815051091,0.8755940769739771,2.1740965401003165,0.8123733510666289
3062,0.7960727891420323,0.30879029681046505,0.9013089192222336,0.6490227339590944,0.9159349862913502,0.7193783549330047,2.3782282945416617,0.38268729569203486
3063,0.776396182674475,0.2676894513670647,0.8523113748398535,0.6592171025683725,0.8221149131518056,0.6344644491621464,2.447972823491348,0.5159048995074749
3064,0.8079903042237885,1.0087094452957708,0.6179595915127067,0.655965240828957,0.7380625806171864,0.7635417384323828,2.5849923988043004,0.5754538630810127
3065,0.7815338102627066,1.0501858009967011,0.6737758104863057,0.6097177495199924,0.6997364495454597,0.8649818507791438,2.6231655997565424,0.7394385410270894
3066,0.8212151512013084,0.4966379059940246,0.9457486419987561,0.5700743494371139,0.5085326275239129,0.3918874157715472,2.575229838317562,0.8941895945805123
3067,0.7118993383171287,0.468009617650129,0.8609589916275269,0.528441503386368,0.3886076529581616,0.4249263015073528,2.6303033840739154,0.9802191150299546
3068,0.8067827416918456,0.6608712700018106,0.5815436397295194,0.6505678658928432,0.9961463123722288,0.6733986077448356,2.689998725619431,0.3993785877741017
3069,0.7466134925543007,0.7467216818120196,0.6550650557574753,0.6056063575531792,0.8350934375310766,0.6660411325402285,2.622790264761462,0.4896011604034277
3070,0.3437547569972013,0.6631015805209254,0.5040637618542358,0.6547591229224198,0.8532022937754674,0.5969729391610245,2.339987311317252,0.6279578364325046
3071,0.4986156922922831,0.6947872993986962,0.6013514768651984,0.6278005724368031,0.6284151520952733,0.5867804382981364,2.493986673376095,0.6419983190176265
3072,0.7403383029775872,0.6047384074318828,0.5670980533289579,0.654962820263828,0.8639026296645123,0.45978028156899475,2.6611658936921563,0.21939766085062626
3073,0.7938355033544249,0.49642459199184796,0.644572152702619,0.7513819141739753,0.6720052091637014,0.4006986734399801,2.626117482424975,0.4173022789488204
3074,0.669574688937425,0.6989894424519975,0.4998511558981964,0.36042614477821094,0.8522460586975098,0.7325738562111491,2.401559823555234,0.5367492599048603
3075,0.7160480727562306,0.7537886193439627,0.5559329007213001,0.4543373195291438,0.7960438665636411,0.6866123934361814,2.3936619278493825,0.6398687993667536
3076,0.6765344587160693,0.9099983876208624,0.6803520006384228,0.7454907273447735,0.6248402698744726,0.621014731179206,2.4755520826619573,0.8157235375444603
3077,0.6700485965294553,0.8192222175991939,0.6395308068439626,0.724258701303179,0.5345095079874272,0.6837759231524952,2.4607492704170673,0.9741802808658206
3078,0.8718321619371142,0.5887994778239151,0.6377941329554847,0.6722937038275246,0.823186137493525,0.5566012395188707,2.421688813425907,0.5289511335628309
3079,0.830275693314885,0.7129643610362411,0.5330661884263408,0.8962000389499424,0.7272120285970167,0.5649981272359949,2.4691855436153207,0.5683571567287086
3080,0.6152243352182459,0.6108148319268405,0.7502273371352464,0.5669980361066019,0.856474307674475,0.5327690986061687,2.687612347871485,0.5506443134263406
3081,0.5695363950656961,0.5879097556551712,0.7289060046325696,0.7319090050478256,0.5087962856270271,0.5239438904007512,2.832711568921798,0.7496522155539895
3082,0.9686570306422206,0.8337260722775219,0.7911181083521817,0.4508756314217986,0.7343813768850572,0.5523317373143853,2.2238595512518105,0.4260239822976368
3083,0.9394014088697408,0.6568241726729198,0.7706557076934676,0.3812780788275252,0.7664143544214872,0.6422570448610889,2.3457009067287093,0.5081790645762808
3084,0.775606900849072,0.7741560076360565,0.5760606212290201,0.3208605667492565,0.48536329476569395,0.6807565060704281,2.548636583045271,0.728874368065818
3085,0.6975292831031146,0.6679804822656941,0.5886651826425322,0.345975027734562,0.3852208976539273,0.786376989423042,2.478776043327403,0.742978897430328
3086,0.9530145924709899,0.9848600414742881,0.4658959162826315,0.7458235397493781,0.4902808083457064,0.464170303680328,2.4622245770698057,0.5407278013156963
3087,0.9297628559240971,0.7967048069717334,0.5025363159502538,0.7473991114830072,0.40207132147808694,0.4862024975710494,2.460942256997202,0.7290033078665642
3088,0.8066879045876765,0.8611439814347484,0.6552344751398554,0.4812155818310119,0.7301844139499425,0.5742612725904748,2.616170953635435,0.39581399319358956
3089,0.8716042264184329,0.614975897015072,0.6654637200915964,0.573710389186492,0.42391521318979075,0.6861161154132686,2.6099895796584702,0.4956656773702409
3090,0.6575604690051091,0.5831086759643257,0.7627456566009372,0.6409202946698653,0.7087922346618356,0.5859734704429674,2.706107497730764,0.5526572239255966
3091,0.6805012678612115,0.44802929661880825,0.8844689583008132,0.5679902416275269,0.5561661190245346,0.6569001269804524,2.6797115629148234,0.6495547345664405
3092,0.7396219109464551,0.7519178255365521,0.7777010484404128,0.7032369247504998,0.4459388119241637,0.5167311732802661,2.6526207602566636,0.729874322501122
3093,0.7852289645318205,0.7096408788655095,0.9295265731076018,0.7096373912312636,0.341805119631448,0.5477918495968284,2.61548781805891,0.7720560815430945
3094,0.4273093668835022,0.5908755888605892,0.7132473250569771,0.43186200837117417,0.6728484979867384,0.7233506947212335,2.6400486816518725,0.593447802657726
3095,0.41724274130809913,0.4840758671709874,0.8426061337225448,0.3878596243602782,0.4999887634513751,0.8270236563130193,2.699820400625905,0.6772970362343732
3096,0.6011190322078505,0.6623069433148852,0.5722446991945226,0.8683166420945847,0.6741708745199925,0.46927569631837257,2.5998373105186823,0.4174975563963301
3097,0.5635096436921567,0.7731036660909751,0.7022363719317611,0.8208792742834428,0.49310741411008935,0.4095938821888579,2.531742862984751,0.5029726332114604
3098,0.9923297919542957,0.279026489486928,0.3969683949698677,0.4128418331730422,0.6202463751592804,0.601355986003865,2.6336108726988208,0.6939628933722954
3099,1.0031434972192461,0.24334870178232032,0.35975900274751255,0.39127759311027827,0.506024708364699,0.5586773505555448,2.716918065886368,0.8322368150877986
3100,0.684685126501311,0.26767754383892023,0.2767029617514997,0.5487550599432783,0.8664239009772758,0.871789040963204,2.5983392103140748,0.9607178091127664
3101,0.533131504568684,0.23624110940629306,0.3740435896595917,0.6294151065305769,0.9061937747310741,0.8496527438324445,2.5652964864191214,1.0662904870903533
3102,0.48490971459570636,0.9165349444333156,0.659492245078647,0.5065027019744103,0.8657303024980122,0.8697075745458928,2.6323651214526187,0.5908766103650097
3103,0.40953434454813653,0.7437447873204278,0.722744782815196,0.5148443859270296,0.8376029765781465,0.8608127889179997,2.616101128354425,0.8204392215294547
3104,0.32154412544676536,0.9817334566389224,0.7137037944777757,0.5298603369116468,0.8810813567546095,0.25825093286613154,2.675360152638733,0.5620967639309502
3105,0.2439792749866165,0.9290842294862388,0.6604788473604004,0.556540680373729,0.7482904535396068,0.18588817989458653,2.7871443239385476,0.7205606577832538
3106,0.796116508499378,0.39263442286500994,0.5884341826105892,0.5585434784951466,0.8188747836780845,0.39565630607690283,2.794063191014572,0.6106513663085321
3107,0.7609416235612756,0.47961091225654207,0.4581790996287709,0.4948482466123334,0.6005935837480124,0.4960880440944624,2.8551189225451488,0.7152583678098425
3108,0.8437740629148232,0.896368188969368,0.4208036003958302,0.3921287034437783,0.7307595355311991,0.42814610355903227,2.435982841736307,0.794117022749756
3109,0.7396393491176865,0.7683264014564178,0.42070034339776297,0.3664561359274623,0.5824920532970146,0.4597554450082855,2.425867739806356,1.005257972232629
3110,0.7334191880430274,0.5770792831985098,0.5212546443310123,0.515289546203119,0.5714003888670643,0.8249600511879249,2.47593421766308,0.4994454536993207
3111,0.885333420787863,0.5917034825212362,0.609936418902806,0.5515286802144473,0.5252436486445867,1.02313199028593,2.576621193889856,0.6562315403243484
3112,0.5519122598409753,0.7497172838377983,0.6673265171260944,0.6497592781498184,0.7243291249676245,0.7180880380874874,2.4135044660650737,0.6357096020249126
3113,0.6294795764309496,0.7108792317222336,0.7196113979737886,0.684489849053801,0.6051447806102783,0.7082772491047362,2.438962202357724,0.8036682396470746
3114,0.5072759902539875,0.6399745224946469,0.38172919286768664,0.7274401393781487,0.5658295085308878,0.5765587669983232,2.3599200022359943,0.4700253448041119
3115,0.5070840251782734,0.5730059046835047,0.3858038407456465,0.7677931314861167,0.684404030226965,0.4965366920047985,2.4448100929505645,0.6727828313194948
3116,0.6770956297603405,0.4285853100710497,0.4070091624801413,0.6254018640397287,0.7111420435833778,0.7124358480631414,2.535042530099194,0.5888074745968278
3117,0.7305295570036767,0.4611340468104651,0.5116996919409124,0.6713765037057956,0.5257031825786465,0.8279264827767779,2.591494677657727,0.5602467206665667
3118,0.6010611144549849,0.5124501866686215,0.805061039844773,0.671898639793838,0.8904453655734152,0.7674906862853085,2.2041831200467032,0.894798643595895
3119,0.4944938374227309,0.3457762626528054,0.7996646864130791,0.7365236503060445,0.8633543876528055,0.6674772289742885,2.193577693857913,0.9370135864963902
3120,0.7850595451494402,0.9088296121866142,0.6557808494051713,0.6628537407011865,0.7034648602691812,0.5754786996417217,2.680617701750378,0.542232876788796
3121,0.742011177945211,0.7898925092655719,0.71672772069851,0.6401538063963308,0.595389618513017,0.6052419085818231,2.6438241241047358,0.6245357816648233
3122,0.67738761205841,0.6369128306806392,0.786674925485184,0.3669072499676243,0.6788401251592806,0.7004361770512465,2.3009157930399176,0.6932608749991341
3123,0.8142135298117089,0.45005182377883296,0.8370159474687464,0.3689102959475768,0.520193284508597,0.6773225437746014,2.3363506731844383,0.7567238374870495
3124,0.7742239651706762,0.7471693082179351,0.7208323126592808,0.7633795421770297,0.8341055658863682,0.6460409072078506,2.0998718363362436,0.4779006948166288
3125,0.8146671099816962,0.737528960121985,0.7250344557125816,0.9251759364773983,0.5860637984084703,0.6961763641036145,2.1873688419279627,0.7782412936792064
3126,0.6631342385920971,0.9630337631962659,0.7943188523447731,0.3019484055463929,0.72788938567192,0.6407823365917857,2.287505110013207,0.8537688202003756
3127,0.6614880679315723,0.8704346773382979,0.792444570903117,0.28028908052092516,0.6243255321759078,0.6978087594896046,2.439709209451186,0.965824471113766
3128,0.566034227376716,0.4850563404262186,0.7065279967085946,0.7235732748592788,0.8895425391096566,0.3627704230566666,2.5332485368412865,0.6557172257467682
3129,0.5900328984209873,0.5146437530988827,0.6776393626333806,0.7651100870389843,0.7663804269873609,0.48540335122634315,2.6730232727497554,0.805725467887112
3130,0.7099145767503782,0.7556791421899797,0.397286235333067,0.6772428539742882,0.4806217527155696,0.6061646393466392,2.5281866882981365,0.3601659743093429
3131,0.6896432949254074,0.7867057158099646,0.47668717852061426,0.5689838191777735,0.4641762574444003,0.6490473952573529,2.6804392640906642,0.5571340863681863
3132,0.5945487958198058,0.4771740151452086,0.5632760022679375,0.735283006581945,0.9510010835882985,0.7181925644485097,2.4324022536099665,0.5990182598729179
3133,0.5772568746162533,0.5015776147424701,0.5800036153178727,0.6886051517758456,0.853497165324348,0.7499606145188702,2.431786652447077,0.7324900803931542
3134,0.6694958453790818,0.7677771379402912,0.6556389805718608,0.5470602376657562,0.7716230040575999,0.46318532128643,2.398097712326903,0.4005861503060443
3135,0.679657555917189,0.5749680479608382,0.7695320962419699,0.6074607346937785,0.6187244598983851,0.5904324715933404,2.5461192224877394,0.5541296413275248
3136,0.43888931256345254,0.5592958409692463,0.6192390223344998,0.39523045171843496,0.6354687374736664,0.8239949730950844,2.3411010582494454,0.42289450821145985
3137,0.3966020782521217,0.6024631081924673,0.6524838236830045,0.3617279460308881,0.5638660958905992,0.8529175346044248,2.428466833173043,0.4976906706600915
3138,0.9280569723604003,0.6066449238237265,0.5447071163724178,0.3758246538849351,0.6280009574064155,0.5209016797668161,2.399565445327714,0.556408005080201
3139,0.884912075568062,0.5264635418256588,0.5778277349173775,0.42279329422223366,0.5449260336137653,0.6205184531562931,2.597785437659281,0.7469044533479496
3140,0.7129311045816341,0.6732721340739156,0.7300382112404155,0.585846996772047,0.5709488517059176,0.6866680203216715,2.51268160982155,0.6171366301117109
3141,0.7940521297283979,0.49319263455348983,0.872933155099194,0.5901390446698656,0.41217553738431323,0.737308846113766,2.559033802753987,0.6305082781821939
3142,0.8760189098280246,0.7249681180658183,0.44576284039427594,0.5447824722965149,0.7646913832114605,0.8857643826684327,2.6632830826939005,0.5146324439541738
3143,0.8509372821763403,0.6401061762837532,0.5662602951490071,0.6173844699314497,0.624883813969368,0.8156291235612758,2.6468657363552364,0.7239492808338777
3144,0.817849569561087,0.4581969609209878,0.5107943993473278,0.7960721907585964,0.5381824670881099,0.5749481436597808,2.5211466303357435,0.7780295995648855
3145,0.7856482667427804,0.34912627386818673,0.5657929397044845,0.8822427337993805,0.3854434777919724,0.6439193843298906,2.561690638611089,0.9038529840868653
3146,0.7590634313643877,0.45922795353960666,0.6825026213572235,0.6550455745774024,0.3005802666469525,0.7002501657396044,2.2426195559810744,0.7883062993667536
3147,0.7477582050737259,0.36153020245355183,0.6829747337989474,0.7188619247505003,0.1987738375824447,0.7191155430718609,2.271352195423542,0.8835246307509997
3148,0.538592327900751,0.6887494867389821,0.8752094758430297,0.2330338132661937,0.5305568246417215,0.579503426539729,2.6329421107802666,0.7400839110103405
3149,0.5108991009708007,0.7140349869945244,0.9416290779965797,0.18708732253263138,0.44824490148836016,0.5981139887837531,2.7579609935769027,0.8943704983700526
3150,0.4142095489514973,0.655701582725843,0.5246077200596544,0.35898613758892006,0.5716654915955843,0.40400309755162395,2.6467959110742263,0.7166644475650075
3151,0.40179124670816124,0.5212778610038652,0.5090385948036786,0.31438541532391484,0.4688812306681218,0.40716293884159693,2.622708108831323,0.83662275118145
3152,0.6334264812750346,0.6160610718937758,0.7872568470724826,0.7736206946569152,0.6327652930084078,0.3954828006768404,2.335124826239293,0.8376555389503757
3153,0.6277406116750968,0.6014397618218602,0.8332782706091564,0.8749834080707383,0.5305492509897931,0.5058130142503781,2.2404481847192463,0.9079272088438408
3154,0.9829542987283312,0.5880600443823805,0.8906283123717961,0.559587998529766,0.6186045383749721,0.5999426831216738,2.4392139529326933,0.3934736256703653
3155,0.8894339267309523,0.4481521073930316,0.9939554599303281,0.6515076843039896,0.4400254299265293,0.7369813164937138,2.358026837997701,0.5311600951554826
3156,0.9349216571763406,0.5774252724942135,0.45229097731283074,0.4082623121158208,0.6611211528303904,0.5487887395188706,2.595874412128772,0.368799392701497
3157,0.8017069426117108,0.5328286362468903,0.5642248389564174,0.4104277296135767,0.6124075939731665,0.6005886514883604,2.7134103675543018,0.4512836244880497
3158,0.4708705013735399,0.6850756813963302,0.6473445762069174,0.9581136082239774,0.6644520333905996,0.8361143177718582,2.6656902109848724,0.6649807942222338
3159,0.43292523593997945,0.6753433128509373,0.7368262707693032,0.9730843952258436,0.5900823962799554,1.0045300957943377,2.5728656557380494,0.7766183396915344
3160,0.6185441544922812,0.8299217072462682,0.6942222175991933,0.4673513186343133,0.8072165928232264,0.5836579394804524,2.3809319142693703,0.8069209476284597
3161,0.5342294332175018,0.8820836020572878,0.7100737084924701,0.4639140439666915,0.6607314441773409,0.607743873976965,2.4714583767249096,0.7933071656437761
3162,0.6338315850904749,0.6007122359084698,0.48543065391687773,0.4036248733057335,0.34205789171083745,0.42506774721967894,2.3180844803482614,0.685623923408037
3163,0.718271831127838,0.5033338424071039,0.45798671143207154,0.4433567336077238,0.2620432151067905,0.4594098788335666,2.4726614301181864,0.785084206447699
3164,0.9217389096683106,0.7553871598919102,0.9659570738112087,0.5792133119880497,0.649380630782943,0.6048131649725444,2.539290260256231,0.8849354675033656
3165,0.8999368695675619,0.7622450447018083,1.0710240323675646,0.5519574238237263,0.5655578536548604,0.6199975138351216,2.5479008850965172,1.0559236345854326
3166,0.7261559515591545,1.025592702453552,0.909539875191224,0.8615478884833183,0.6239474831924676,0.4769750748010021,2.4131699611765294,0.8763535899790198
3167,0.8105762932954599,0.8146005970724823,0.8561560441902907,0.8727781093747835,0.4974720012772784,0.5414447917302634,2.405526457437926,0.8831811075851219
3168,0.9468442797801994,0.7219183337799552,0.6209422645059202,0.8408349340165043,0.6536429098604007,0.5812929106589695,2.6997836565370523,0.6152266260856213
3169,1.0066308681292708,0.631900232137923,0.7120849265077861,0.9326159907331293,0.5200980242834428,0.6394692261944,2.6185558867579752,0.6061204968683083
3170,0.7633604115218582,0.7533028042237886,0.29909305246606943,0.534401917113144,1.065547989135557,0.677073857712893,2.603383445423541,0.448178563841597
3171,0.8686441717146361,0.650952467023791,0.39319210627503454,0.5408152400303881,0.8061907803227933,0.7177677315944626,2.515812703795582,0.5299841691902906
3172,0.4518472616621462,0.8442954253569795,0.4022462715035542,0.8317623091123333,0.6829133284118356,0.7331171659632042,2.4504622829749105,0.8045936844002513
3173,0.408636202485495,0.679456923089042,0.522723997219679,0.7425214065051096,0.5497659004023059,0.717880254728398,2.426003056492158,0.988915981818062
3174,0.8899451767952709,0.5387935591123328,0.8491695701045467,0.7358361808533034,0.8311877859145124,0.3655181852627062,2.786840434112333,0.35044942404732576
3175,0.8007418645188706,0.5671327544089697,0.8441408027535544,0.6768790033863679,0.6499249620394177,0.4858975862404147,2.7791544077832526,0.5247399722321958
3176,0.7056405654072261,0.7700013194328825,0.41953896635299204,0.6252441769230421,0.9320731041020597,0.6118152094831291,2.558347602664201,0.47452933467478586
3177,0.6176914242709249,0.6977374895831889,0.41963260669029084,0.7027901445865543,0.7783390200341863,0.6439906542363056,2.595174436764451,0.6532258985168158
3178,0.613742053297015,0.8775944089655698,0.5033239778878007,0.3450296786803282,0.47701530652410173,0.5075043488936538,2.5076575268716734,0.7889017483700519
3179,0.6165735913210495,0.7877728541340022,0.4277510395253454,0.42021512666102456,0.35498029348754934,0.6363031832818207,2.539808908710027,0.7808625822143256
3180,0.6466427330962059,0.4421183807509997,0.6177608264309504,0.7970735898193057,0.58191999622902,0.5214552771591585,2.451230638994836,0.6884876963822585
3181,0.7413758477437136,0.40132082675037756,0.6127347004722334,0.8518631500505018,0.49811405888873406,0.5631864479483206,2.519842786074226,0.827180497187736
3182,0.8765156109719221,0.7799038810065417,0.7179843579684351,0.6996239264115243,0.7916866777859302,0.4668348884518082,2.6492299189347484,0.256510523484873
3183,0.9711189395767142,0.6644598549010621,0.8872643506194302,0.716036340490537,0.7129112002805769,0.6611176651961438,2.71826443273836,0.4573795301630793
3184,0.8633057360358081,0.3640989286164429,0.6330104914358703,0.9909982218812591,0.709406143340786,0.643561487506042,2.5421014708582237,0.7615122360038654
3185,0.805654022718246,0.32363112250716375,0.7834265513800147,0.9069342296770296,0.5611255568115873,0.728849954626094,2.6675704461906014,0.9809876463123306
3186,0.6882680054950245,0.6504315277026191,0.8575064970599651,0.543574311381137,0.8044220467465796,0.5811109853650094,2.4015093041918463,0.7989281422223554
3187,0.7511827259712337,0.5614672122310744,0.8709194709540521,0.5012533974942138,0.6381249023512486,0.6194437411803282,2.4468583029132676,0.9183080118857456
3188,0.7009460550862435,0.9232236577193677,0.34654359716831107,0.34575737985616894,0.7570517902280869,0.5516360958262813,2.5267639440176266,0.9626738233635765
3189,0.6637237338313229,0.8431494434745992,0.47777481952914436,0.3949166973729175,0.5208041286742857,0.5760893685449603,2.6565348317671265,0.9851232764564172
3190,0.4774460931422212,0.681541278757164,0.2625185673242264,0.6236896035909747,0.6219075178612116,0.5567708341637014,2.5156246494750985,0.5644747217849975
3191,0.4315626276836266,0.5721736771466417,0.293123197340975,0.7161700372884847,0.58486405738699,0.527916478047515,2.5744838527285197,0.6761379500569774
3192,0.7676701454494426,0.7801052874805746,0.46712976000068857,0.687845638770803,0.5190779176885466,0.46463519299502454,2.4659380157521213,0.5973720892123929
3193,0.6487714065051091,0.7352397103455842,0.5320151162442139,0.7702316484853065,0.3794925054635149,0.557933831096328,2.425634273644587,0.6258706641096566
3194,0.8532193814217982,0.7558631104927809,0.307725026232818,0.4938850362658829,0.6543392223280249,0.5673855264883607,2.381037039013828,0.4509033572333184
3195,0.7662588855760917,0.5385036198231039,0.46412122894234553,0.4595944455198034,0.49398582713412453,0.5027742912506892,2.346037031505109,0.702722362314385
3196,0.6542203223090323,0.6176150468424075,0.6737092975770916,0.5402454738297683,0.9069974302144479,0.8963944701554823,2.469025813489793,0.35975304898344007
3197,0.48793797469265626,0.48993524217098733,0.8871142371546719,0.5577473966637017,0.6775982846683106,0.8304303159183104,2.474784149763017,0.5539877724942135
3198,0.5718307523641988,0.950952782496202,0.4044884895508132,0.5879746486765299,0.8036764842785219,0.5149614181996313,2.428287797129893,0.6483128940754703
3199,0.7860373770123951,0.8011065613487609,0.41120144101413925,0.46708663902677816,0.7079213952897287,0.611605558377649,2.528234318410713,0.7592453566583484
3200,0.653743948587176,0.8325832275044874,0.5249149222576636,0.5198908393077882,0.5354460140267786,0.8882870986066017,2.4559467461008158,0.5947982555274007
3201,0.7274863248653209,0.9211748493732286,0.5311660489195548,0.5539392961396664,0.6235280057190565,0.8208470393332558,2.524040172130325,0.8152420563005021
3202,0.7752635529456441,0.5951541093424074,0.5259881896082236,0.8559889156752853,0.5807321627356832,0.6540408631448975,2.661302655003366,0.35912349728356446
3203,0.6659836379083484,0.5223640573869894,0.4212253687366166,0.9031843974307612,0.5406189410784575,0.7462089871222956,2.555572537767627,0.4880782236381115
3204,0.6778064911483852,0.7821266178737287,0.5842186874037385,0.6882010694648256,0.7792917674778979,0.4580119711137656,2.627934444497201,0.7255886514883604
3205,0.674457501437425,0.657203593685681,0.6399911870199919,0.6925914421010596,0.7419423741686217,0.3946926726094675,2.717040453539607,0.7278249157715467
3206,1.0219704379787087,0.7428821925797686,0.8689127620774029,0.31015452495467377,0.5837491136879254,0.5266856988427189,2.6604271312301417,0.6753843908160071
3207,0.942232946893776,0.6633633708776487,0.9961134790386064,0.3717775565560447,0.5403150512522437,0.5118042183019347,2.5809350138351213,0.6281913025942732
3208,0.7679134761305147,0.9404785869755322,0.46159544849091505,0.3417568911354347,0.6952141752615842,0.44058413484097486,2.273930538247201,0.973421541506664
3209,0.777254866659903,0.8997483921260944,0.49599993440025136,0.400167869599505,0.7060286541724201,0.4507031475261566,2.310657602983629,0.8516132672219225
3210,0.7231248748074772,0.7416867128384205,0.5254885992135145,0.799518906824537,0.5195696865727935,0.43406892695498445,2.636066229485806,0.524631958236928
3211,0.7327980562370495,0.7537884440815125,0.5518482130615862,0.8118226429250969,0.3893156250953953,0.41167781473599474,2.6753536004912264,0.7578494919473882
3212,0.3521799689092811,0.846868835920987,0.7528319611450199,0.7071431747504997,0.31074197718505947,0.5388783564347482,2.643631312787052,0.19398670842858426
3213,0.38722063126208434,0.8368161608825696,0.8944699172089723,0.6939370353071663,0.21351795842858437,0.5319481802140147,2.6721146677843755,0.3343460073166289
3214,0.4651271371417212,0.7029889096683106,0.7243533631448981,0.7201968071953329,0.581529441334,0.6060283011564154,2.715917265209094,0.5354519677908509
3215,0.4330878553163177,0.7553614770892311,0.731560549622296,0.7676621486765294,0.42788431320230813,0.5558600109270295,2.8437705752805766,0.6768428576809499
3216,0.7031188709734774,0.7186833118283352,0.5490971384837512,0.45656745478580824,1.0218887051695544,0.803929256357913,2.5295022648253482,0.8560077984719225
3217,0.7336906676566043,0.7480922868412856,0.6101534683977635,0.38803866040342744,0.8088642081091564,0.7804145326874254,2.5563687948615232,1.0102999164747213
3218,0.6285377150109627,0.8340649110422835,0.531155586016816,0.7312433076425315,0.7190358532715471,0.4238045578022463,2.617636818889856,0.6364805994371143
3219,0.5873808195610867,0.7454882612149475,0.5047323485103409,0.7084805233251588,0.6657645454045491,0.4361429949828181,2.6634892461651347,0.6195548196888581
3220,0.7671907072143256,0.8631164123523702,0.4652053823166291,0.4042891260856213,0.8453518529197434,0.6873975892439027,2.240145914780887,0.5863289011369897
3221,0.6229972018785821,0.8761548248972639,0.47742534259919356,0.3929070992454578,0.8232272154585945,0.6738076223155071,2.2249178465609654,0.6251484935769026
3222,0.5946068888351217,0.7120535377995695,0.43288415797491053,0.5096498620903528,0.6490783608445849,0.6381555174135796,2.4479995277984474,0.7136772654331267
3223,0.5544052069587835,0.5463538854163776,0.46270299380050184,0.5283934501528058,0.5942890484719224,0.5560644819143232,2.340510716768249,0.8138866711711764
3224,0.5413608406498183,0.8131064076231063,0.1956205484399795,0.8669789429950245,0.7170365427843753,0.7437041324763427,2.412757035850627,0.6170627188130194
3225,0.6288099682704251,0.6719017043070995,0.1986181934745993,1.1279286659955796,0.6438083058213605,0.8950649430912856,2.385639776743903,0.9011723331734751
3226,0.6657696529266518,0.5368429002421589,0.728148957757353,0.7327180159118352,1.0966864875060418,0.6372731936343133,2.532878732489293,0.8110963863746615
3227,0.543475563521736,0.4549198394998779,0.8490535593363657,0.6401652908034899,0.9855312695226686,0.7151107204749105,2.4821246099173777,0.8933676546839376
3228,0.626053187787052,0.8082350795302655,0.4526488741366789,0.7841423450277112,0.78990110442192,0.8099662227756566,2.612960768244524,0.7898555173181838
3229,0.5362609786548601,0.7156189060259677,0.4994474967081617,0.7751112212095941,0.5761591938259697,0.8082568515777131,2.633156271024412,1.1516247165765916
3230,0.9013953364325047,0.4293407370584105,0.424805956862955,0.6660764320036765,0.7678274094451442,0.8360626016415991,2.5115842795561667,0.5129503754467658
3231,0.8927473691199298,0.41855398395909416,0.3681226340100297,0.7906271857099052,0.7246938217975144,0.8803585878384207,2.7200553614830074,0.6407531661548602
3232,0.6094893908803262,0.7750970228140748,0.5276113188583456,0.5209045690176266,0.7658790414423456,0.59920613893095,2.53341362234745,0.5646422734209875
3233,0.5335711342016864,0.7129592535141394,0.58744613570343,0.4896849362214226,0.5041415839081592,0.587936459962271,2.5353016790636405,0.5985874732547983
3234,0.9478603003574131,0.5500127187176241,0.8721013506833161,0.6815338803676869,0.7242938255041762,0.647284192324226,2.541958157399508,0.6256839818184947
3235,0.7713983809107133,0.4905245621477635,0.7680463266864923,0.6582504045876765,0.44176252693599266,0.6586197858186836,2.4905608831156316,0.7347524506000042
3236,0.9144175801691217,0.7246826879152559,0.6918789608251585,0.49576833598487285,0.5484675867838756,0.6375259657137033,2.307037381517626,0.8406316597960819
3237,0.930245183410025,0.6362588655410392,0.6802359898702408,0.5460483757023082,0.3949097221044252,0.6318035272873634,2.3071158019549842,0.9521587251402885
3238,0.4869579245584099,1.0243210931422213,0.7974374404072263,0.6790577730376737,0.917564069305545,0.5838868965035544,2.4121646513605888,0.3642804307894178
3239,0.40532480310535784,0.9229183232677487,0.7656277139883602,0.7312328447397934,0.8856403751273377,0.666861627811398,2.4367883649660698,0.6522661758046118
3240,0.33748738893094987,0.9297571500185595,0.7639493083776491,0.5478390565884205,0.6246234682380499,0.7944874254851839,2.4719055800098406,0.3386444320995047
3241,0.3014408183787711,0.7006581588058554,0.7809825037377385,0.5338119987529324,0.5822294166983206,0.6770262276003157,2.4692091834091583,0.4875408676501287
3242,0.8582093616750966,0.4425996867325073,0.46563616893474896,0.6754880709350596,0.6793427800672508,0.7342335542876738,2.376950906728709,0.397469182131448
3243,0.7948071335947734,0.399239360333067,0.6742160385027436,0.7096776229543634,0.4432505873588456,0.7188547742195567,2.329074507668,0.48138704422223344
3244,0.8072911751014373,0.745844115029955,0.3751877037955821,0.6261989673755943,0.5939888215424053,0.8062026878509378,2.3456801561856824,0.2669726362149473
3245,0.7430901512013088,0.6371900161997538,0.4715569493218606,0.6322961424135793,0.5514412414997554,0.8715906990024324,2.3927716072972025,0.3893924256448974
3246,0.6269519282331291,0.7438004142059178,0.6250215967849972,0.5111984816583479,0.3550199268272138,0.5401487689792092,2.4366148595660064,0.23037433601681556
3247,0.5224587192287087,0.5666067075656959,0.6528922398702411,0.5147706498907881,0.2506392409567289,0.5136415077962039,2.4136305166150094,0.34457712001476065
3248,0.8617774438898553,0.5036036295367411,0.5230178472641387,0.6685767775109623,0.7569170719257186,0.69252433080841,2.5157685613172514,0.4727090602307634
3249,0.8266560702323185,0.4426795517952708,0.716497742170987,0.7080021065944625,0.6676338945865543,0.7645168563069773,2.400402182003243,0.6080239487468905
3250,0.822299304575592,0.47216881499197,0.3899887208901665,0.42939883007372626,0.8035614950147612,0.7611206596044244,2.486311533070739,0.5712065560449597
3251,0.6776909035011883,0.40049888685380275,0.3767174405669404,0.5597455103840021,0.7569721004277734,0.7025973332688702,2.5388535198740394,0.6844590587290198
3252,0.7218013015073528,0.5531664309810743,0.5512985264244752,0.5067331036229178,0.710249680022358,0.582214444656915,2.568193092726965,0.3557252575721712
3253,0.7535571961910349,0.5934905005106517,0.5329411593808259,0.5272507806422211,0.7951309277220443,0.6156703417363056,2.6302473340674393,0.4943917771915347
3254,0.48125419366625594,0.595732120174475,0.5348700462035522,0.6220085565879873,0.9484150945166264,0.5954204088377988,2.3927305293321344,0.5227823380935291
3255,0.4627516454174998,0.5683438045751592,0.6171401177459576,0.5248243464336263,0.7651324574698676,0.6453097183977634,2.405018870270303,0.7067242956605244
3256,0.3989046801820716,0.2597812680209253,0.9576977936472637,0.7650809166020591,0.9296610435514352,0.5833076163085322,2.323933990828957,0.7040379388415967
3257,0.4282859293835025,0.2340916854543627,0.8237559762902285,0.7400438545496912,0.7030474258046119,0.6426387567412263,2.3410519835114627,0.7597970863043004
3258,0.7713918287632062,0.8945856801186192,0.4625032072143255,0.3939951633749725,0.505576060454363,0.9208756439481321,2.6716699306292715,0.9411457290062311
3259,0.7157919883050448,0.8662820321439654,0.5365038862149476,0.4270406012582857,0.3608946969896046,0.9293594445925966,2.836118826910525,0.9933166420945843
3260,0.39054887043001707,0.6333922033160069,0.5471879806996319,0.38913207991357934,0.6568639812750348,0.8939005015332534,2.5337947358441513,0.8209035124607156
3261,0.45636086819358945,0.5299644401516836,0.5736633574573506,0.3821792854034279,0.38402379802472353,0.8195230429121465,2.6063449447527436,0.9818964265401616
3262,0.8177624813712963,0.46237095504178316,0.3362030258495047,0.5969848466891687,0.6454372135731044,0.8992761044219202,2.3559993785780247,0.3188780960498805
3263,0.8386021573675644,0.3324280065176265,0.47047628358182303,0.5996155766226069,0.5583293182509996,0.7835711342016861,2.4280087438643885,0.5264041794473877
3264,0.6282666585183705,0.7448229869306389,0.6152198260795789,0.5841922309551736,0.2751980615408504,0.6771824700915969,2.4470952567092823,0.4936035168705518
3265,0.6180269506638899,0.6394474541469523,0.7672219206600918,0.537307541698321,0.27300551661500977,0.6229231153174397,2.425772654843652,0.5638381948166288
3266,0.9844641311986319,0.43922339433101204,0.6354678912316967,0.5807828573615224,0.9955777429384797,0.5379816589975122,2.6457846474942133,0.6523866957114601
3267,0.7873217400938406,0.325417118992159,0.6413747210818231,0.6631069359015614,0.740238956734751,0.627278013227776,2.801054174238982,0.8001281311023702
3268,0.6144619329623929,0.45731012800305465,0.4582955335179374,0.5348109316838153,0.6983545353714851,0.6069755179570393,2.4832806315815117,0.5245075275748481
3269,0.6040224385217362,0.27917762445610655,0.39902970922758674,0.5724508626657558,0.750858333460527,0.6883320522744129,2.5014453625699273,0.6480248225326319
3270,0.7929963005490693,1.0069277826869922,0.8172483420561667,0.621082513451375,0.8062636701170645,0.6796456483890445,2.453024632252744,0.6469258723793927
3271,0.8803292421390446,0.911457029748256,0.628650661265883,0.7621142371546716,0.8732588169728552,0.7851996188324452,2.5073700537122705,0.8163945903303901
3272,0.37410295203786276,0.6699742621097783,0.29747052159938236,0.6108168749356813,0.7529701670816343,0.9088544487473232,2.3633726720660064,0.790744217982507
3273,0.3822080327193681,0.7028466177140149,0.35667613726949254,0.7659127210179377,0.7073522274725448,0.8367079716248502,2.3944382806422206,0.715452799015383
3274,0.442174430757475,0.38392462704433816,0.5778710311537385,0.6124763977497555,0.6464371680084079,0.5368215513156964,2.3861504284247856,0.9084844691328803
3275,0.4247429315879869,0.4364587923371766,0.5486731518716739,0.7402927158738508,0.5955134507916612,0.48244695941924354,2.3744559166020593,0.7747465243797038
3276,0.3802598399790197,0.754139540899318,0.644665968302368,0.5345567149790198,0.9675453267188684,0.45784441947777565,2.58868593318556,0.7158960915450822
3277,0.3385789406947113,0.6427340169663803,0.6330634769290839,0.5794800346044253,0.830654340681761,0.4050075611255942,2.606411457661958,0.821182142605236
3278,0.7248549965484479,0.7746970265207361,0.668129151105047,0.5037151311662562,0.7314999904771537,0.6828173972071617,2.369694047129893,0.63270209247099
3279,0.7459607241815722,0.6603413124033057,0.7508008388286466,0.6011042354288954,0.5980804844706118,0.695591202740604,2.3669473064282727,0.8276346757411595
3280,0.443532106754176,0.8479574984339375,0.40038738522428885,0.5413563315111516,1.0757300270957064,0.5617516208772162,2.4979801868283356,0.6201679547219229
3281,0.4247519498653208,0.9332385671645125,0.3753447925288334,0.5938415973284578,0.6249739666724201,0.511431101578147,2.6180037339910367,0.8025666481015592
3282,0.5728335960503136,0.7031355354988228,0.5233648580642635,0.69721084435648,0.6146724303098428,0.5911437561023705,2.497277146950754,0.5076780295561667
3283,0.6171737973215493,0.7641531809815072,0.4825584610487586,0.7550610748972635,0.49204954192191996,0.5952017394549851,2.6008450864644477,0.6600240704235414
3284,0.9380336930912856,0.6120347251079126,0.516095667816318,0.40051037126096245,0.776994520928584,0.5924069455198033,2.492279943570427,0.7743603033609001
3285,0.9224889812750349,0.5528502105057316,0.5512013984529298,0.35302061634004206,0.6327657161293929,0.5825727646017481,2.3745308494051716,0.9123213169728551
3286,0.8728200335818235,1.016977145353614,0.6693931867644503,0.6999622694592166,0.9401058933727289,0.6733074335373628,2.474587252427651,0.5583874112663156
3287,0.8656347944143234,0.7013480943884225,0.7190982801630791,0.7703542839970792,0.7995312374736666,0.7140388977497562,2.387366410850626,0.7645029057699924
3288,0.6225167421390447,0.39788210745735053,0.6075198492135148,0.26146869190897004,0.6498633813898556,0.8964347018785817,2.406829703316007,0.7156848205517459
3289,0.4752654557445251,0.3453801771146988,0.7569045660141391,0.20712862583007907,0.5012084087739128,0.7749223206471418,2.481110457086555,0.6952710715100294
3290,0.6420677211776509,0.6278293197527434,0.5270144252296417,0.6435374971873034,0.8460926583905993,0.7782402721747859,2.430269246324848,0.5563217631323805
3291,0.5586387387203008,0.5717558195610866,0.5059413556676886,0.7728073499166888,0.8490355227816988,0.7223000456600919,2.4667361405924084,0.6429138992514994
3292,0.6683412683403532,0.4181782258430299,0.8094034318435298,0.5395684672797658,0.5842677621417214,0.649285370557788,2.5146913832114604,0.5876465206730419
3293,0.686323475651373,0.34240881326619366,1.00154802118456,0.54492254597952,0.39067083496227106,0.8028621180338754,2.5065074589716114,0.6489964527729797
3294,1.0688203535594654,0.6442678397554203,0.788935427945644,0.5913242367709252,0.7785396528623334,0.7835294578531815,2.664727599021858,0.7049851556422213
3295,1.000315446829457,0.5197649640203036,0.8203285661419103,0.7450301719062932,0.7550249291918455,0.7848423203920322,2.6953468505551115,0.7980942947976365
3296,0.5821168935643857,0.646231252395709,0.5923276788404748,0.7394091953277139,0.4480338057574749,0.7136115987658825,2.3602715221747848,0.5631421302075397
3297,0.6963685770378626,0.698574649379704,0.6929183733376761,0.6288769043006242,0.3561525565560443,0.7188683016355573,2.256940711719557,0.6634229085183706
3298,0.7277123926376112,0.5886826208137635,0.49551760691432345,0.2934944463183726,0.518410775657848,0.6155826551630793,2.5876574066967666,0.6289204483955197
3299,0.713404413790229,0.4935667727816986,0.6101380732353725,0.24016275456868388,0.43588715839016634,0.70403240819851,2.5546544914039275,0.7330338132661937
3300,0.8798518469127681,0.72964705796196,0.6002956476858704,0.5195468930209246,0.8052515602950819,0.5204524334730445,2.4702031840803906,0.794995611036241
3301,0.7219714945356188,0.7901499657460797,0.7056391207818205,0.4946400401322583,0.664261936061276,0.5107812224562287,2.4859481056038035,0.9475414384897933
3302,0.5171853518336892,0.5963647363876118,0.5252535131638905,0.5662524736385446,0.4836530773257809,0.7629062329684353,2.4424019431551716,0.5205402953087209
3303,0.39877778339016623,0.44565422801557186,0.48802974728356463,0.5435404565430946,0.4048934181038035,0.7769320940370517,2.3590073112529315,0.7303094429954577
3304,0.7074643274854946,0.9793209729673135,0.7872841497630172,0.4707222556551714,0.7435102996542388,0.5908772087484454,2.131818324066319,0.5397830506448976
3305,0.6810018797603403,0.8668645521146989,0.8264497314986338,0.5046257791404776,0.7546000963377985,0.5237400177968922,2.1381530512837537,0.714429627907226
3306,0.9131344138545473,1.0083178688963308,0.5379974772808879,0.339763709674786,0.6497073141610251,0.541138435774224,2.5360486861571037,0.7391593124991338
3307,0.9401681450018102,0.7345483301376117,0.5466670413784598,0.3746641230821342,0.5771234256768406,0.5600750830128948,2.6564313269105253,0.8303105696573485
3308,0.5968366009708006,0.8662770998843132,0.6769376947851196,0.7190545608057338,0.9162604003064776,0.5916083975585325,2.590900848542282,0.557333026712393
3309,0.49461231432073893,0.6260720705836887,0.6294134866427212,0.6641565634582831,0.694631056907415,0.621414129089109,2.607081065822482,0.6853224997116486
3310,0.4664125217275867,0.9792234218747831,0.4534192731654452,0.6913921242005643,0.670084742234873,0.5465927069587831,2.6540893394994445,0.8861204117458903
3311,0.41566537442416407,0.8037953842975151,0.5385748897295197,0.6696980980950846,0.5555780684107137,0.5921371583901663,2.5690111218683085,1.041325118065385
3312,0.7695374516226064,0.8690205282141368,0.8180320932384824,0.6399228063643879,0.9393315835887313,0.3828940575467036,2.4066923436213634,0.1943684203087208
3313,0.7135462826235394,0.6047536273318231,0.841329592151562,0.5855307762967038,1.0000483010920969,0.5237525237084724,2.565298106306978,0.38771095552092516
3314,0.5951348034247858,0.6089777176950222,0.5438558307764674,0.8273788391485071,0.8970402632597185,0.5693772633236045,2.2495417354288954,0.6103963759578508
3315,0.4894434732867415,0.4814564463822585,0.4667802830707389,0.7095704552010645,0.742020371484995,0.540668438937425,2.2932375882213005,0.6872911951364903
3316,0.7561655556935892,0.430758972200253,0.6813322260351191,0.5673498039039276,0.9258071806612134,0.7919870799778979,2.240761092822793,0.7332060493033008
3317,0.7564029326105894,0.3770550099687461,0.7082612555589101,0.5253210475775244,0.8029643535275223,0.8518621285460811,2.347397173631637,0.7521609809551739
3318,0.684180005463515,0.5936605182764676,0.534581551539729,0.6943936799904152,0.5382042391355571,0.44703282981775094,2.4802755881574137,0.7901875560769029
3319,0.7172472153942758,0.6171516021531165,0.47926432457740226,0.6275404019679354,0.3548205633620223,0.32182275559128554,2.4586203491496286,0.8401682151067907
3320,0.7394227227437137,0.7314410512198678,0.5486201663784599,0.7105396193115865,0.6637580117903507,0.4102466505615868,2.535120352153117,0.8082679128638877
3321,0.7614557628764054,0.7157626426056691,0.5910416958711742,0.766153337710649,0.5205610458517484,0.33644244577534566,2.5629156393142636,0.722307020928584
3322,0.9114870464271513,0.9803965311852488,0.6016851355117732,0.642855558377649,0.8352112434495644,0.5548661855182488,2.4352516529262185,0.625902899059843
3323,0.8770560314731669,0.9300503290834997,0.6833913220215472,0.6237584073675646,0.7404194374033053,0.5545499650429053,2.44543964465044,0.6924456625125168
3324,0.5865424629977011,0.5194522311792058,0.5552433882597181,0.5921426890332541,0.6430557680848107,0.5435630022364275,2.4855807673816366,0.6806088587354945
3325,0.5839252604802634,0.46381240685647995,0.7350053979418455,0.571742890528522,0.5628388387647608,0.5396222990149496,2.336601577517437,0.6991233145123952
3326,0.6763646162127036,0.58522688647049,0.5582048875889198,0.72801364107155,0.45053312976034,0.8596861129532408,2.5870153490853105,0.7187389387138257
3327,0.6824250471618349,0.5108212789168776,0.6068213184745992,0.7197056366945224,0.4000196238811367,0.8355272886624574,2.5331107540256568,0.7822208565944619
3328,0.9170694111704876,0.6520977779266517,0.5936882440879876,0.6915362839012507,0.6817558621222958,0.6780374911803281,2.4133662601284604,0.7101833423755941
3329,0.7955902863936536,0.6526076559616485,0.5697987838058554,0.6896369180403502,0.6874760096812611,0.7709601959031165,2.4634331611061686,0.7130668443884228
3330,0.5364482593294572,0.7315531512328184,0.5008336721622685,0.666243983639667,0.6951700327832533,0.43585985569963204,2.4401186471428433,0.4986226675607761
3331,0.5825645199703009,0.6620075626273383,0.49707838186899733,0.7218082767758457,0.5354916011305152,0.37064841446146013,2.352439117873729,0.7058165369371143
3332,0.6402833445805127,0.9731061672732912,0.5102408019549847,0.5677756582623954,0.8666748053102756,0.8118200015328205,2.476566235492781,0.2933051226349352
3333,0.5664153408734172,0.6969763566902909,0.5533522670302663,0.5583293182509997,0.7719445799135793,0.7261955848988183,2.51156726450592,0.3950064269549852
3334,0.6527092930718602,0.6754143348988187,0.39282085729763666,0.3710558091442762,0.5111931262777114,0.9052662869690571,2.273277171491037,0.8178282206346246
3335,0.5211357443120196,0.7754473459859949,0.5168461625440272,0.33911629668269405,0.37810735151382774,1.001260372762706,2.364527672225722,0.7897623001018709
3336,0.6184400512522434,0.9016049875379852,0.5198542704813853,0.5518849571504402,0.4413906795751591,0.7355748136175645,2.525626805150129,0.22501761592478564
3337,0.5745233108057336,0.8080233854159453,0.4527232085563554,0.5098531363107758,0.39990403623393994,0.7888799763226045,2.478657143308411,0.3484774162506883
3338,0.8041678300417832,0.6039953110936518,0.33710958780604444,0.6741877143077881,0.9623005313773383,0.26238427214284293,2.4529065784757207,0.7722482218812586
3339,0.6863323186662558,0.5629840199698682,0.39303892829701487,0.6821059374356817,0.885062787416256,0.29859039755809946,2.5576293428866785,0.7224368069713001
3340,0.4793441896401664,1.073065865445211,0.19493001447397734,0.43569230406364134,0.6849592475071639,0.9741605518272141,2.4746775803931538,0.8270222116876143
3341,0.4549163518656319,0.9504936716831267,0.27647502623281844,0.3689262894934031,0.5501806934745996,0.9098645155604649,2.463951634297515,0.7751313007731018
3342,0.6283765402600296,1.061059219164823,0.6435995009578505,0.8274599735742256,0.5465762902919721,0.3568648625694949,2.38309180112404,0.611963455201497
3343,0.6440512133814476,0.9032065925991938,0.7073002634837511,0.7294607987917837,0.320874940407226,0.3292020028433409,2.3236637805783356,0.7886547547922834
3344,0.8626297509902261,0.5890524251657562,0.6770178077064178,0.6468934621667561,0.6129683418964528,0.6975172003125193,2.4995035467146365,0.5866646027924052
3345,0.9412091774021838,0.6056786489640149,0.7130079051311369,0.6920684597710477,0.5430353355052981,0.7676834976029925,2.5504706327638282,0.6068623964396688
3346,1.0819339467660045,1.0057848653178725,0.7924154004661916,0.541662862729642,0.6984297160331312,0.8981334349113352,2.4490732182699926,0.5918944260925298
3347,1.0059290250185593,0.8925163690879876,0.7204489808912881,0.65527512998394,0.5706985457563531,0.8143780169344376,2.3816240681232284,0.5725523245135169
3348,0.4598476407201787,0.5793903050223582,0.7202187545052312,0.5716704238552359,0.6366128516096567,0.5593851474303284,2.624826742458473,0.5740955887008754
3349,0.47945135739346467,0.5103245777729801,0.7868002023892333,0.5638710281502515,0.49448252827802225,0.5686060180528678,2.58525563378643,0.5986197082049851
3350,0.7248958266549822,0.5724810546071022,0.35546100108562173,0.6034672212415371,0.6421892625889203,0.9066762774794525,2.2884693418640762,0.712351473861711
3351,0.7679654401193085,0.6133365263605896,0.41019077581756197,0.6146993098793929,0.35747612985616856,0.7960299160266564,2.308457659668311,1.0067312358765272
3352,0.3933744546899798,0.65877831917734,0.4025084849812633,0.5931832983126419,0.6984294681745971,0.7030790623713633,2.4384870979988227,0.8202185091378009
3353,0.3540002433533032,0.5316563731783954,0.5259193858316344,0.5902370188833802,0.4996858951295815,0.6808562754342485,2.54440671418045,0.9842355972965151
3354,0.9392673615468922,0.48039959569850965,0.238057896216069,0.6682005962739127,0.5273376209734773,0.7717041384833184,2.2159712722067297,0.6075073433019351
3355,0.8905818790260894,0.4540165899151343,0.2954545465868653,0.7781232399021842,0.46559449258624347,0.801016583908159,2.329723365285497,0.7771616494435896
3356,0.5744797667108382,0.5867408049584728,0.6293467258749725,0.8080665063898553,0.9816038458586568,0.6565863726349355,2.3331022990792682,0.44021330898456223
3357,0.5755663862149478,0.48309335090691535,0.7025844042363057,0.8606934657780224,0.7659811016735416,0.6984352466762184,2.3458569739575394,0.7029587177269647
3358,0.7485269842146364,1.1101521990348078,0.48842378981283097,0.5452165712864302,0.6860651729288954,0.5743797494884824,2.6486792107932167,0.8136626464077261
3359,0.72025778946146,0.8639233802075393,0.6142927614385468,0.5258598481909129,0.5513079678227932,0.5630801264369922,2.4914614913080992,1.0272365822467016
3360,0.609299045692468,0.6249367994625817,0.612966722008597,0.8684969475006892,0.7134858987408482,0.514702692356169,2.654261823395087,0.5839300174774651
3361,0.54984847945343,0.5738680763031789,0.5264690724687454,1.0539705095854326,0.7075538818051118,0.5075673741686216,2.6628364777924047,0.6344839303422187
3362,0.4710524266674998,0.6422744830323204,0.545570557355047,0.9291419719766542,0.8926607040511244,0.46302618954433794,2.3043799472770896,0.9784088803676866
3363,0.3529105593359325,0.35512751770149725,0.5509515156243507,0.9500468915191818,0.8033617084285842,0.4651597952128924,2.331774639761462,1.0646987465484472
3364,0.790915257252744,0.5235905027155692,0.6632508477437139,0.6679601548436513,0.905147211687614,0.7138501724497537,2.4757075515073526,0.6001753030414725
3365,0.789705228590975,0.5122399371797056,0.8376563851923459,0.7288092997820097,0.8312791353844355,0.5977168817412262,2.5621082483381095,0.8048661855182484
3366,0.6736103018591563,0.8564872367070393,0.6183630754402909,0.6250895543196167,0.4893295055274003,0.49686175549502437,2.6848189985617092,0.48648401696638033
3367,0.5988938292108382,0.7862802845724824,0.6642372747630173,0.6582707320097185,0.36820887595785035,0.4511583475839994,2.6881708775234805,0.581011391263639
3368,0.733814675197699,0.8712907199314496,0.46519305166749997,0.6863146326364903,0.8078509015203033,0.9497822119116466,2.42988549143587,0.5197516118667533
3369,0.7542034124162557,0.8709806284826289,0.5361047361635791,0.7295815665571663,0.4685570134198653,0.9763391462160695,2.44545010755318,0.7354257216572263
3370,0.27628119341071344,0.5078330752805766,0.5919486809486991,0.4902717900683728,0.48137862432833534,0.4901498255361192,2.319653427338298,0.6796735494630151
3371,0.20125589867652977,0.41634357774103736,0.6519803225330647,0.6399392230311988,0.3662037869690569,0.5051259679186216,2.3239452999736665,0.8571880583133309
3372,0.5730358487663161,0.7065828499481988,0.34582822664159907,0.7723917831985101,0.4664878776516837,0.4037186889054821,2.557091986898696,0.47174091762466125
3373,0.5355614264115245,0.5722748911358679,0.4099681956795172,0.8191409079110243,0.3873846952638281,0.5336668175478256,2.5547705021721083,0.6105719243667532
3374,0.5559647125505025,0.783587973989482,0.6838611435958954,0.5185068821249725,0.44941240755965434,0.9748367121352456,2.3810737831026816,0.8186035519230421
3375,0.4528184687815096,0.7406095347326294,0.670701963285619,0.47444700348219626,0.3228502605756586,0.904195485748323,2.378974878514139,0.9378626538210499
3376,0.4068644043960198,0.6745589632851864,0.34262399501476093,0.5656381418386092,0.6890930099048604,0.6766845721808281,2.5861157623972635,0.8770956648128307
3377,0.4101501209734772,0.7616115822467016,0.40038985135411426,0.6393874933852463,0.5161601377166913,0.6580012954049828,2.566433202165634,0.815294195551746
3378,0.7991669637647614,0.7005526109404127,0.796284483256353,0.5525580529452111,0.6634798047668155,0.7843920525938406,2.365893344995335,0.667613144043527
3379,0.7240083953536145,0.8697203283160075,0.8164009672154471,0.6015762752745345,0.6223551442671267,0.8383787309875497,2.323344072468746,0.7424787086521835
3380,0.5517274452962033,0.7724303950337537,0.5939221333707413,0.5403813888990074,0.6812636701170646,0.6390404825851217,2.3631377612788333,1.0371036690944622
3381,0.5116643924774651,0.8562235786039251,0.6898293062370499,0.4697173689602161,0.5811278251528057,0.6077249911803279,2.2377445649915373,0.973043740381758
3382,0.6170971720344974,0.9528143827638282,0.5489831707244104,0.6086857353969526,1.0490741696694321,0.49022824597347725,2.449384506485684,0.3810901997694923
3383,0.6577596572078502,0.8489935985746594,0.5924642648892334,0.6303727862339399,0.7767647176635125,0.5390775446374895,2.4018770655349972,0.5634936501463302
3384,0.3093430479608379,0.6894989599622707,0.5713502926246616,0.5460044084864281,0.6819209476284596,0.4328796488362434,2.211574697947887,0.7078669651711096
3385,0.3406074216188083,0.5433681479099027,0.6748505224622704,0.6192741465354973,0.7720334632536764,0.45182302348487297,2.246968923248323,0.7792078163974528
3386,0.7407493605570996,0.7824344184551733,0.5396715490153827,0.7521819067606517,0.9657597533548583,1.0239081678163184,2.42345159323805,0.19333087554259393
3387,0.7592170324633926,0.7582184500574106,0.6351192605437158,0.6658121755171268,0.796983261853803,0.8712551726094675,2.517361746484562,0.4037751620329426
3388,0.7581305882217336,0.5654011880425942,0.41032200648568345,0.5761433755425939,0.9762157370584102,0.6656600190435275,2.421122710121985,0.6367933322782116
3389,0.8420722653688084,0.5405117733251592,0.37575380709950507,0.48764352626476115,0.8386692686602136,0.7067984548177508,2.428092519682383,0.9381110920242237
3390,0.6977913213183732,0.9476816874352489,0.5059953626653232,0.6523078521531169,0.8698502896211743,0.5495630493028683,2.3920455260092193,0.7814188209989448
3391,0.7219367934556065,1.0608750030034877,0.5163545689222314,0.7464900833966416,0.899427239391099,0.5796703797922832,2.330335055693157,0.895390604964947
3392,0.8323528258559801,1.0347363494056043,0.4974036206216736,0.7247519148128307,0.4883018252805764,0.6555909273382979,2.560282866371985,0.5109541294728553
3393,0.6519731720021217,0.7285380680269675,0.47098302450747465,0.7781326813005023,0.4260145408993185,0.723793213605047,2.481212094196766,0.6272919637647612
3394,0.7729901214526192,0.6688533646466416,0.7034352667112712,0.5788202909632038,0.6949573171645125,0.5963195724048603,2.5356571097576635,0.8044304666404773
3395,0.6965461684556067,0.487655433792905,0.7803747240853108,0.5114007343743504,0.7254063030734154,0.6920038146082234,2.6497083356654447,0.7182615434875497
3396,0.6381565389179997,0.6950080117903503,0.4710524266674998,0.4745506836012484,0.7651168144489428,0.76197134681694,2.3629166257661938,0.7433661399535523
3397,0.6085128283803253,0.6913806397934047,0.6185702604159449,0.4879632343743506,0.6985145133555466,0.787475939576281,2.347150355316318,0.736142536809343
3398,0.7010963438134522,0.723233064065196,0.6141003732418475,0.4283791465998158,0.8124726973094655,0.7262678763096542,2.552647782527278,0.5277926457688704
3399,0.5660931666340021,0.8744817746671889,0.6747817186856812,0.4084442374097805,0.6279545966567931,0.7352838528239146,2.5047963952897287,0.6340619867389826
3400,0.707331476929517,0.7232240457878631,0.3987851817796435,0.914323093589853,0.7837665869116468,0.728128805597761,2.3131029199888604,0.9281746756125218
3401,0.6625190605501917,0.6031887663594672,0.45372911675573113,0.846469685869619,0.640127525210216,0.676206753833567,2.478703328795582,1.1408902779909704
3402,0.6783756589655693,0.6223223109335049,0.5113605026512507,0.6803452006323801,0.6745774229608381,0.5675417689796417,2.4595437508939644,0.5629554479163782
3403,0.665038288854114,0.5807764804764649,0.5420228025623308,0.7097702417872406,0.5671268006448977,0.5993622061597805,2.4130679009453333,0.7070557360358085
3404,0.9646495666529946,0.915676012589353,0.4842374650429051,0.39701007131837285,0.40001860237671555,0.479477040196144,2.2291741718743494,0.6187893529197434
3405,0.9054241493481939,0.812591845186992,0.5736553606844375,0.37733857237291735,0.2719129433468279,0.6086282407650718,2.2350781124736665,0.6611346802463904
3406,0.860968433025845,0.538695409636368,0.4303162780539899,0.2159484786548602,0.8050850301635123,0.4437854772170022,2.442613637269493,0.6530191366621468
3407,0.8262371911423434,0.5067965520188702,0.5100469691328801,0.2311585103201167,0.6775139104668805,0.4297561285141391,2.434164435038674,0.820101652127649
3408,0.5646106368542364,0.5450227384643251,0.5086332431297038,0.7658412758490718,0.7552122098664424,0.5446038593743503,2.2185350661099674,0.5584096064347484
3409,0.5438969087415373,0.468912867234873,0.5139992293576021,0.720958363209216,0.6594873128189949,0.5616109488107759,2.220550194880515,0.590601467854736
3410,0.7081142066074126,0.8399456349687462,0.7579000113107754,0.5052627292298304,0.8933631455452711,0.35963992746606926,2.5184765149211756,0.5979585199383577
3411,0.6589271632791441,0.5742081118348105,0.6781029825851215,0.5628121344576613,0.8821053741047361,0.3859769230247236,2.485776220091597,0.6141747076615244
3412,0.739890676571672,0.4997047779262188,0.7906491330198036,0.42357415615373856,0.6487635849946468,0.5556267200277111,2.5841447761050467,0.5412700895633307
3413,0.629463159764139,0.5737461117709253,0.7770331327638278,0.395205615157726,0.7619251613297682,0.5437784318435295,2.6930512238936544,0.581763929000189
3414,0.4812979130236017,1.012635001213393,0.44196273664315394,0.4558606794154448,0.8239463214780869,0.5826105301950217,2.546662109118808,0.6411958603011239
3415,0.4344976705642636,0.8261267110172491,0.4389388104224205,0.5702413026896684,0.5293071626402881,0.6620605481205524,2.5122290511559817,0.709647431013017
3416,0.6079485928227936,0.824237282271736,0.6482771714910371,0.610746874392221,0.5981423129787086,0.5997847481464522,2.5412809755870542,0.6869630671330025
3417,0.4552574089016841,0.6760032317546091,0.7099552315944622,0.6565919032780221,0.4934478727627066,0.6413474183912887,2.5024863949703007,0.8466887783734176
3418,0.7693351989066044,0.6304828432380496,0.358374870302246,0.5873362539617711,0.7837084938963309,0.6113957320097185,2.519284679543216,0.3101590340933409
3419,0.6851159131194304,0.6092058284761542,0.3419537884708009,0.5372260567477014,0.642690472871485,0.6834666779456442,2.443174633051313,0.5065922562940273
3420,0.9583667308282686,0.28007985253643,0.47328111729875877,0.6419229630935293,0.5981170532970146,0.6208525349238532,2.3193758186981994,0.6903570455642631
3421,0.946462217375161,0.1967582856909128,0.5067201745903529,0.610289981850438,0.4627029938005025,0.7649174509837511,2.2429526162442133,0.7239474130874874
3422,0.9059081693180623,0.9191241732806988,0.8891505395892312,0.31876761592478586,0.573991485460838,0.964687755367253,2.5570930084031165,0.7592166093424076
3423,0.8736877358445846,0.7040699985293333,0.9059438919024946,0.39683903204813686,0.589091037001,0.8339763782270869,2.6127123300413495,0.726429474181572
3424,0.6022657877361167,0.6159900498458949,0.34927945184620585,0.6552474041724201,0.7141242934556066,0.773818015113266,2.5108479832239774,1.0139008320231024
3425,0.462783281984251,0.6027852824318828,0.34890820286880825,0.7076977936472635,0.7412255590165046,0.680539879696455,2.462403613112955,1.0514090065495694
3426,0.45428331253151005,0.937621190886368,0.43111133838101434,0.5421441687111488,0.808361130080201,0.5067821783609003,2.6285664623269027,0.5978314478840023
3427,0.47648143817036576,0.9459299689092807,0.5284634506962655,0.5135848594062934,0.748376272366442,0.66304553051445,2.809946318474599,0.8739692552399156
3428,0.7676107830711716,0.8208572543774603,0.6391053756064802,0.7117602861385443,0.6834369091252832,0.46471421181581823,2.326507226130515,0.7542990957623954
3429,0.7903604630935293,0.6096021618727956,0.6546679487149474,0.6925128464012511,0.5541622993986962,0.45611038698157447,2.3807832454300173,0.7362872948934647
3430,0.4285832670622088,0.643258020800813,0.8372449044918477,0.8895570880300774,0.6620159825212365,0.5878288690879878,2.5583094139499423,0.38593831118947974
3431,0.4094680069013733,0.6849894394485095,0.9648673897938382,1.0139006567606514,0.7948765357547984,0.5529017513735394,2.6427276400813233,0.6007274558084102
3432,0.7344101242009976,0.9561294450406619,0.8389169332175019,0.6315803487658824,0.27505083732690294,0.829852903469679,2.7331426009073483,0.632930203252122
3433,0.7674052905794573,0.7483826492514997,1.0053620754726662,0.6259644797094054,0.19796729284826112,0.8150065471298927,2.746355612952809,0.8072268804635148
3434,0.6337644737978252,0.7086708685130173,0.6230694932894174,0.504538938809221,0.6481675376079127,0.6512742181422214,2.298269244823105,0.5736479622949598
3435,0.603286492714448,0.7141881649725442,0.67530903489191,0.5829809329304501,0.5900300091701767,0.5194269714975122,2.295866873529332,0.6452027259069149
3436,0.6639233451550498,0.6265860346363679,0.6424479884323829,0.8389210192351838,0.6474225735232908,0.36411125926557186,2.2745104168256587,0.5652747143716741
3437,0.7571521579753432,0.4970537205707388,0.5954411593808255,0.7324533363043007,0.6603513521850597,0.34882298242540766,2.2563692530349972,0.6401554262841864
3438,0.6580343765971394,0.7994505261689324,0.6139069635407284,0.5219511320610873,0.7746364673755942,0.6680741226029926,2.574690862441724,0.477891851801746
3439,0.588717745014761,0.7993741487404151,0.6295912533229151,0.5526042384323828,0.6771506582623952,0.7295415100965174,2.584892804702931,0.5026632127421591
3440,0.6854976249995669,0.7596260470340644,0.5360254694842511,0.6332792570610867,0.9020916489001293,0.6362352257472011,2.662529100331946,0.5188384977627063
3441,0.6740643051501293,0.7875498508749725,0.5367899147489451,0.6850756813963305,0.9585425270957063,0.6343554136624577,2.638348328731264,0.6747712557829426
3442,0.8753141774665024,0.4860462550797687,0.5341125762073506,0.7928306166594695,0.9387595265207364,0.7849066150299546,2.5768320417622066,0.8681573350900418
3443,0.9188488555079747,0.40392689538555676,0.6881599914997556,0.8216260335183705,0.7458371397614619,0.8516580080836887,2.5812253762453348,0.9250663025942735
3444,0.8028159325467039,0.8322124016480738,0.8133766178737287,0.6268751276836265,0.7581507403813255,0.7487774654266516,2.3556786489640142,0.6353865815435273
3445,0.7651975257536767,0.665949535211771,0.7703039398961418,0.6374421898957088,0.6076929314925922,0.6620455760791466,2.3531078797922835,0.7901686732802657
3446,0.5503428897299527,0.7932962796200524,0.6717914720405394,0.4647552897808875,0.963953852568806,0.5682421674649478,2.677939940087799,0.739630330840353
3447,0.5645515223345,0.6053281505296438,0.6955135559491317,0.5192132343743501,0.8667811994176889,0.5710344952703037,2.7472935636175646,0.7840179143656314
3448,0.645997363112955,0.57442822584303,0.3955154587480119,0.5062651497949602,0.5886631396336914,0.5296227847321959,2.5207786937301417,0.6022001210688729
3449,0.5738011402729798,0.7013515820226687,0.522380897174786,0.49251936349626824,0.5073191112278977,0.5477834297029303,2.511736859150752,0.7534530929509973
3450,0.6236123799204871,0.4633703110936518,0.7775591796071017,0.8239253956726096,0.5880134357742238,0.692775658262395,2.403611521152184,0.4315279266036146
3451,0.6414069560320095,0.3652062986635793,0.7803311799904149,0.9163770094580944,0.4908319396082233,0.7608128590229797,2.3163623553802037,0.5342398961202408
3452,0.5951814120329425,0.9551929390013105,0.3832841893207386,0.8842106555783357,0.7211992277604623,0.5446252083008128,2.2554705125889205,1.0426318515777133
3453,0.5751271797029298,0.7594044884004398,0.432801826782321,0.8719239345280221,0.6112400879018728,0.5388391462160694,2.2519503083452723,1.0558583184430899
3454,1.042981328507664,0.5666861495074752,0.6001122777665046,0.5943490092336288,0.7002635178931538,0.7333194186792062,2.4863456357673157,0.8128269312366166
3455,1.0473240710313212,0.5519726437236665,0.505305427082756,0.6831028273577239,0.5733336095660072,0.792625474692656,2.5319066791279594,0.7453276848474504
3456,0.5916718459544847,0.6395907676056694,0.7160667802904176,0.5058462707049851,0.41519946360504695,0.40959141605903204,2.504347148995957,0.668344332853614
3457,0.5719862212095944,0.5207920458836912,0.8971377417561646,0.5185861488043007,0.2802751299839395,0.37286068842590775,2.4248000030988828,0.8573958416724204
3458,0.8083237876079125,0.5387861607228557,0.373915072979831,0.5284550308023681,0.47032063947397706,0.7679042099946465,2.417269022494214,0.4439867084285847
3459,0.8799421748782708,0.4789912250759695,0.4395515223344999,0.5483741943051119,0.3714083505874872,0.7830565717655718,2.302956181492158,0.6170380575147609
3460,0.6169721429889822,0.789089452165634,0.5876153072272762,0.7171977175353084,0.6932947298371763,0.4669006277151363,2.4584938754787085,0.3167580177973256
3461,0.5277113360807014,0.5151673338123305,0.7795271013860565,0.7462352683084101,0.437621190886368,0.527333710218246,2.465732275401873,0.4993577671260939
3462,0.3122320806167538,0.6045801219317606,0.7998946649406016,0.7364429390013109,0.6800600183403529,0.798701476066629,2.271388939512396,0.882121615509097
3463,0.34340179243300517,0.5685099115857435,0.7988353481270277,0.7543947791085341,0.7825495829813855,0.897214367043216,2.254049212933815,1.082315235525157
3464,0.6691180442541763,0.23699160413400233,0.747691692164512,0.46958451840423815,0.614293184559532,0.5562388335563553,2.6484293279646365,0.403654642126094
3465,0.6596474660655073,0.21240607924278088,0.8837303711012484,0.5078306091507508,0.5258054180722933,0.6232766782650722,2.5660118569458326,0.5009501060514346
3466,0.5010433232677489,0.3855089691967659,0.64296867989502,0.7508509350710498,0.8788233204239749,0.5357755866556712,2.5954466900239126,0.4809003828600893
3467,0.41320015311787534,0.28031578482802455,0.7570056047409147,0.7267986801501294,0.688006813521736,0.5665245516355571,2.569762885958973,0.6279506859015622
3468,0.7425815425292661,0.6142549958452734,0.5113348198485715,0.8940795375764027,0.6865945321439648,0.7747494136305144,2.3137757679250965,0.704922305629704
3469,0.7224739741811385,0.5335113487024301,0.7227427398063551,0.9556508530475148,0.45595389663175906,0.8642219146531163,2.3424305853136413,0.7363764260920963
3470,0.4753750896276492,0.7053064836396662,0.7360230384069149,0.718419055341786,0.7223462311472634,0.5444219340803902,2.5852422816328806,0.8350202998782711
3471,0.40082557023188536,0.6257963296899798,0.7844456364704897,0.5804294696763408,0.6536398453471394,0.5304531445226689,2.533542386885746,0.9245634724238532
3472,0.6968088050543009,0.601469107521236,0.6131580887008754,0.6281991241047362,0.8269751799584724,0.5150076036868031,2.2423612532585975,0.5817559322272757
3473,0.7305116957114598,0.5669582275044878,0.6518056203661318,0.6282180069013726,0.5632418995713605,0.593740806460216,2.1485457618538026,0.6935321067541763
3474,0.9555902213062887,0.6849929270827559,0.5188752418515596,0.36002019472080093,0.4507216072018084,0.5131101055722931,2.5809458998588455,0.9104482322980698
3475,0.9859351765712384,0.610627974373229,0.5233256478455842,0.522886018212582,0.5301576745903529,0.6005508858950867,2.554108715522047,1.1295220990214252
3476,0.8990371076170645,0.710674512876405,0.575062709802557,0.8244505962739129,0.8965207685639527,0.7127512222965149,2.2832107712480116,0.6759486263735397
3477,0.7532110316328801,0.6687012081730419,0.5429640655988829,0.7853423339077263,0.8065874642443359,0.73116837483942,2.2319159803163187,0.8009837505745374
3478,0.46079852041749975,0.49025290727173587,0.5821707252995697,0.5121304785590318,0.7401508470405392,0.6824806740473254,2.36668858058481,0.587973204051124
3479,0.4019875456600916,0.4035833722196791,0.5018389819782089,0.5482097071823826,0.6622385626592812,0.667341912288485,2.24368176204546,0.6429491987149474
3480,0.9216314940564774,0.670548785307599,0.45367493449564616,0.43303180530984275,0.720120006645831,0.8272111122500669,2.5137409266351236,0.47662968388873367
3481,0.8403827984719225,0.6967299614959576,0.552509153469679,0.4624691045177487,0.7668580700721714,0.8570003545177488,2.524722286202431,0.6250994188389204
3482,0.3448259813389199,0.5473095221109001,0.5753125926311364,0.5746155065176268,1.0281238382856193,0.8844619830323205,2.4346225243473283,0.6903689530924074
3483,0.2649575074444003,0.5683308755425944,0.7040621770188705,0.7009119523896664,0.8999050577383606,0.8967652960118953,2.5172155437750345,0.8773297293580344
3484,0.8552277101863036,0.5351659392568531,0.30287036266532313,0.49956657198960447,0.6510086922927165,0.7723439052273982,2.6360736278752843,0.4159201895123954
3485,0.9385020700402287,0.5323249598345,0.413126417081634,0.5538910676436533,0.5633240555014994,0.7302279580448379,2.7198348243538035,0.5489727078216717
3486,0.7725796622565418,0.7720065836841263,0.5586459618473281,0.5571316202383604,0.9228916189606488,0.5209234518142635,2.3953696791594696,0.31738510336737535
3487,0.7693263558917215,0.7275914496097785,0.5229188515462038,0.46602630070878315,0.8380910825656962,0.667638403725221,2.458205380814886,0.5431390156243505
3488,0.5609963691523056,0.9128630068370545,0.4624839012967032,0.4987351906947115,0.6960340721493185,0.34721584672111167,2.7016624471173754,0.5426839908289575
3489,0.5898647484015614,0.8468427299973236,0.5822481242325069,0.47655288333923124,0.626487885160403,0.3876549055144499,2.668127531217191,0.6588577611191192
3490,0.7969733973344998,0.66001829192192,0.7122547690111511,0.7294394498653207,0.7138070514758432,0.9996682090998158,2.713987955265382,0.7468660167751566
3491,0.6766535339975119,0.44856954185760145,0.6739673524410348,0.6691993539423459,0.5828300458198055,0.9058209058658209,2.775196018532011,0.8347043272614625
3492,0.6738741352247214,0.5870962356524946,0.45511656157279334,0.49398565187167365,0.7606036310384846,0.4865043443884226,2.5289209416214846,0.4564475332623957
3493,0.5706770215674398,0.580131956735184,0.5482384544983229,0.5154369456795169,0.5719868195930295,0.3958119501847486,2.545804446637801,0.488607758115632
3494,0.6012005171584697,0.7901175555334427,0.3794389215868653,0.5361776259578503,0.5842384164423455,0.7262826730886092,2.314914351417999,0.7978130232608401
3495,0.5928663041914124,0.6833646177144473,0.3897170660141387,0.5135879239195544,0.4090873165256565,0.7220710886369893,2.2847593908160078,1.0119101166922788
3496,0.46571296948425084,0.7173507202508775,0.5471444366047362,0.5155022618218603,0.7113506731844373,0.5335220594637039,2.391320290963204,0.781415931748134
3497,0.4028283683533038,0.7897257312754679,0.769404601066629,0.6118891207818208,0.7914581438838134,0.5634416861575372,2.376825877683194,0.9713522304760319
3498,0.627147628801624,0.9925748151193079,0.5129637276003159,0.6506542831031144,0.5888600369690569,0.737735721976654,2.502823789109655,0.7196910877741013
3499,0.5819002671904125,0.8652298658613333,0.5357583237468901,0.5864556226664446,0.49453942452646715,0.7069224623588453,2.543790937755109,0.7147454252615844
3500,0.8818981891290821,0.4101823559236638,0.3902905677075393,0.8095389237917832,0.5072700364899152,0.6920058576170645,2.2543348183468277,0.5144014439222313
3501,0.8291578603650096,0.3343667578596562,0.5770536003958306,0.8288663011879251,0.36189592078786315,0.683394211272358,2.343225222519682,0.5288667593614004
3502,0.6881862726858697,0.7895074850136392,0.3952012812815095,0.4646050010536785,1.1197932181102783,0.805102293072293,2.481646368449131,0.16515778725654184
3503,0.5102498202323185,0.8960131813963303,0.38849062068555906,0.5522518722516216,0.981858660946888,0.92413515193556,2.4472687621093456,0.36489705345672885
3504,0.8068704282650724,0.6264045324633921,0.6602948790575993,0.6935951320291442,0.7898306807574748,0.5604951588697412,2.555300459770615,0.6638194171774627
3505,0.9131481891290822,0.5447968459544849,0.6775134873458952,0.7043412302843755,0.5778872725580994,0.5973947075018109,2.475809188617565,0.6930641529262185
3506,0.5729196627356838,0.5494137820800794,0.4953246203341889,0.6227477421709878,0.930443773229331,0.749501255847261,2.4698898528558586,0.5193327327767782
3507,0.6281194343044225,0.38910248635566935,0.49018308199072635,0.7138148729863059,0.8102383007726691,0.6870306741427212,2.5239344490024327,0.6229093400429052
3508,0.4346742404775872,0.5922363293705519,0.7515137432255318,0.9674605293964526,0.7609937628125196,0.5230432822082833,2.429022896695211,0.447444908901684
3509,0.38723500492005425,0.5555072216252831,0.7143824209156339,0.8845030609973901,0.6681648736894801,0.605543755399196,2.3595795435833775,0.5881828551566041
3510,0.5066022960757808,0.910960576462893,0.2393309501528057,0.5714018334924699,0.8544766170751585,0.6659191680079752,2.2792494927459575,0.37573636892827317
3511,0.5012796786803277,0.7184855682509997,0.2736508865982609,0.5335598250569773,0.8557500941328806,0.6811174674075373,2.2916910116621465,0.6001500433597787
3512,0.5660748822208007,0.79594053696949,0.5273608376463303,0.5262158772683706,0.7350255501014378,0.4930651393781492,2.6010646020892314,0.5857285198740397
3513,0.4804689978585349,0.5996521454490095,0.5961926756129546,0.5159394253250367,0.6598121284506864,0.5159638387647613,2.654534499775534,0.8388501724497538
3514,0.5473294264119574,0.652852183409592,0.7062275945166268,0.8472967332882959,1.0788094049394796,0.7314242114320716,2.6102725436792067,0.8336020647364277
3515,0.4538291339780869,0.7147101257981365,0.7431037512133927,0.9261110704874274,0.7170494718169398,0.6880778355696167,2.716090172225721,0.9421103839780869
3516,0.7315551942416587,0.7066372800668181,0.49664223987024136,0.54553645465847,0.72473651965044,0.6539788593743506,2.392485155642221,0.8474546682635173
3517,0.6906083730182482,0.7595732368033009,0.5213408862788332,0.5699542526512511,0.5712328372310742,0.8029126373972635,2.4895440888925324,0.8050037204753432
3518,0.5641767857228557,0.7311352936472637,0.4042837707049848,0.8951610495584104,0.7974661877231664,0.443786323458972,2.342791969771736,0.8320384731270271
3519,0.6025571716507511,0.6466893417043633,0.39574994641420114,1.0248902609594057,0.7557351921964548,0.502627665420176,2.4313141894804526,0.8560827312750346
3520,0.4332034429635147,0.5122777027729797,0.32513951035205935,0.6449271602756567,0.9082360309297062,0.5095338513221712,2.3557644677908507,0.4140508403303904
3521,0.3794309248139522,0.5076417085882984,0.3641143237788331,0.6629081708198058,0.6701280384712337,0.6594070246352459,2.3930601019610274,0.4549416115473255
3522,0.9384332662636394,0.6725127963313234,0.6255053688963308,0.5298747105696165,1.1186453684815079,0.8497326088952085,2.4381164474048607,0.5517249791663783
3523,1.0200832275044873,0.5942995113746616,0.6768750926311369,0.5742253747435916,0.9474229615917855,0.7920464423561688,2.537534878833567,0.6949384343678757
3524,0.6380298173885447,0.5086634350710497,0.5529641782650719,0.4780226593488828,0.743546620622107,0.4109650856015596,2.4757656445226695,0.8000145864640146
3525,0.6046866913016243,0.5650541772424698,0.5475766678482608,0.5600003254722337,0.6834170048242263,0.476046142413579,2.505861067483939,0.9514334900942734
3526,0.5955253583198059,0.9373852585947726,0.5082067903878005,0.6341987480501913,0.6304887970021213,0.4187531721618353,2.2671188389244747,0.5510392021975768
3527,0.6197001761564156,0.7402272244690574,0.4905405556935891,0.6592905907460797,0.6369456640142609,0.5663931457049849,2.279873090681761,0.6777912712484452
3528,0.7637702723345001,0.5169330028752834,0.6357740719252857,0.4908869681102783,0.7928546069782085,0.45310798494975363,2.507028573555234,0.47342238774863415
3529,0.7407834632536764,0.38608595852441285,0.6597942671584702,0.577372287001,0.7657496785206142,0.4672427062556087,2.5461420160396067,0.5672189963567912
3530,0.8496447470595325,0.913257224628771,0.696943100235684,0.535858340969246,0.4266157684042379,0.7104043026257832,2.5942604764184325,0.7280830432315746
3531,0.7025880671330024,0.7907546808852463,0.8484541995778352,0.5887912331924675,0.35427189822933075,0.9029850339655698,2.541355310006731,0.9250172278562911
3532,0.7922712407655047,0.41942644321905703,0.9053734547223556,0.42301340823045236,1.0166845646721092,0.7083774415895422,2.393766031089419,0.6834804532201788
3533,0.7828771126014374,0.5019365330707388,0.9261541914613376,0.43514959269502224,0.7716190933023681,0.7083817754657582,2.4968321619371143,0.6804725205452707
3534,0.43179958147964154,0.5803703551566038,0.6150274378828803,0.5108861719382364,1.0233291354798304,0.39883425651762666,2.5314826925158824,0.6663445992454575
3535,0.4885437113362431,0.5469432053931542,0.6097152833901665,0.5652143304889825,0.9943849771854923,0.3658924987533656,2.474030167401061,0.6711405714142011
3536,0.5918621911423431,0.5387489935130172,0.617174395704985,0.6209660795622086,0.6566656393142636,0.8636274871542382,2.4709438142887956,0.5580745031627682
3537,0.5700222101858705,0.5537458864385467,0.6669398729863057,0.5225792391355573,0.8410412727501886,0.9463800614450221,2.4970744711137662,0.5770683971747861
3538,0.8651321395063529,0.5643289421964551,0.5930779983057332,0.3907010269036165,0.6435816396656341,0.5848515514754105,2.5835657437685597,0.5259370718614006
3539,0.8392158907840646,0.5519444947911619,0.6935961535335642,0.40261522961357693,0.5175224981145099,0.49542192356818404,2.583414010415945,0.6367290376402885
3540,0.4982608599816961,0.4307838087609621,0.5345511843359323,0.5737218735936513,0.7091176486769628,0.7382675473215498,2.535410291442345,0.8225701858057337
3541,0.41508489746227073,0.39560025607042776,0.596697796650751,0.7251280960498802,0.5804317605437166,0.6342613502041738,2.512753054990415,0.956929014506353
3542,0.6205864106909127,0.5391044242070393,0.6992477451744747,0.5762930658863676,0.8369243501402883,0.613259725811087,2.6767927614385467,0.5001509597067287
3543,0.5437934038849352,0.4966972683722955,0.6728240845470146,0.4680081730247234,0.7194923226923454,0.5869455238043007,2.604655054734873,0.6640434419409125
3544,0.8882776572082836,0.7189615188518705,0.8137622405090967,0.5221369681102783,0.45034278457248245,0.6346151610103404,2.4405301278433393,0.4722723198485715
3545,0.899239783454052,0.5786665146017484,0.7424105032590298,0.4972475533928432,0.4056371128254698,0.6849904609529303,2.408868048759407,0.6363730085628306
3546,0.5222619971557931,0.2524307680848106,0.7807447036997535,0.6022097377296413,0.5424862472516216,0.4788940971044253,2.2274738189537415,0.7163603824763425
3547,0.4375195537761568,0.18402622910205932,0.8502872277919724,0.6293986898637656,0.3216496733122085,0.47205671497902024,2.2693664123523716,0.8564976996097783
3548,0.5195111704364924,0.7794839804121463,0.664129859151184,0.807096919158348,0.45870659109744977,0.8017159608890445,2.4006307159053604,0.38783640768742517
3549,0.5275289876657558,0.6995978204878601,0.6987672854349374,0.8089416070420946,0.309661734566007,0.8791350317606514,2.494582122379393,0.5245724205962061
3550,0.8313481144234749,0.5451026035270893,0.5243896490602759,0.7055210670047981,0.756897167624661,0.4916290429440892,2.283262910499256,0.33391071155984287
3551,0.7692424048112757,0.4907194164742885,0.5683074836072907,0.7376995762712362,0.5969704730311991,0.46965494206868413,2.348209672129893,0.5303942052653826
3552,0.5319839027984473,0.5875845169024947,0.6615891066583478,0.523681676923042,0.6999803786099672,0.7437231905354301,2.412457056779644,0.7779776355760921
3553,0.37236705179527085,0.5990851959031163,0.6646621076170645,0.5444278878444629,0.5407027168964528,0.7539227392628953,2.481270610333067,0.994354011598261
3554,0.7222456155414723,0.9470927905794579,0.4797885036742859,0.5806851310065422,0.5093242002166912,0.47124566110616856,2.511744257540228,0.9052793912640724
3555,0.6593604160270894,0.713276247635368,0.5433154102752236,0.5092320045047983,0.5236613495010001,0.5061838401067904,2.5491203551566044,0.9978670653109651
3556,0.7543859360936518,0.9345284608890446,0.46782871386058955,0.8030235406433431,0.5134764222900394,0.5334156653562909,2.7054818567861187,0.6396392439602164
3557,0.6443892059042385,0.8196123493732289,0.33136477894882055,0.8253156571443979,0.3180978325018107,0.6761457715674402,2.607847977217002,0.8131065828855573
3558,0.84196509761551,0.5395723780349974,0.503226849916256,0.371198524219557,0.6795801569842511,0.8670947059046716,2.523139811796392,0.45408394906631844
3559,0.7496688074832513,0.5284856458646991,0.5261315030669398,0.37458936554147226,0.6247975720215472,0.815915152095273,2.5557252926246616,0.5040676726094673
3560,0.5769474541469526,0.5165488248653202,0.49498007566389035,0.3244664145572885,0.7029221489005621,0.5187551450656964,2.5659746897359947,0.40290907965803685
3561,0.5358445656947113,0.3062591609783976,0.5522003313838134,0.36482169753263216,0.5758121830258454,0.5130589878254697,2.5901156527345615,0.5313886290575994
3562,0.7502427322976367,0.5943455215993828,0.3287513119241635,0.6585557390392958,0.44583573018854705,0.6410683651257832,2.3856081401771516,0.5899054032456466
3563,0.6587635223983852,0.5900429382027415,0.3839925845789577,0.6873139886883582,0.3939064552973258,0.6871969564157564,2.370016221369308,0.6777302889823185
3564,0.6072208916469525,0.5655514767698032,0.6864497740598429,0.8015459431232284,0.7411387186852486,0.5859512752745349,2.556574359949321,0.7325371121222962
3565,0.5385695343488829,0.5288940620519351,0.6815997948934653,0.7345070769100918,0.7041461280993159,0.5954023722831316,2.5376847444397903,0.7853176726094672
3566,0.8183523997315072,0.6679650871033035,0.39932764528972897,0.251151337263017,0.8605587474756542,0.5291260835882985,2.362760383274912,0.35931324408798704
3567,0.6908313762772783,0.733590052050813,0.5229281176820719,0.2930899408863676,0.6498564061213632,0.4748237831026817,2.4327473966637014,0.480673293583378
3568,0.560344870142532,0.5377133164932807,0.8193234315884206,0.5476117920492581,0.9756594982737907,0.6818501008430295,2.50577975779577,0.3681945022998804
3569,0.4174683859594052,0.6063668920626417,0.8594629344317607,0.5770665294283955,1.0048569544348707,0.7466432613746612,2.371348812946765,0.4569785123653204
3570,0.5586268311921566,0.6496691254467657,0.6998961796709873,0.5092007910590319,0.9491120053676864,0.6942177084605268,2.3727502083008116,0.34740125964931823
3571,0.5611602578915993,0.5381744703151964,0.7833912519165671,0.4372131978201165,0.7703667899086586,0.71981160768095,2.3547655348599674,0.49672848181806195
3572,0.8503248181227956,0.7681364793895444,0.5225102600965172,0.5536849041724199,0.9327835423691194,0.766399980763517,2.703819444721234,0.47705698287260634
3573,0.94886927307005,0.8011658511309475,0.5574365315689951,0.49406900456868386,0.7390508753828806,0.9612229301505623,2.7100433412886744,0.7074860995329426
3574,0.5389526908544254,0.654066545947577,0.7667664727437141,0.4609476123778377,0.5054690679635147,0.5321157318500049,2.599202651296704,0.6211247881833162
3575,0.5165438926056689,0.5606791271725425,0.8591516462160697,0.3903675435194924,0.3460315008620219,0.38606274185155975,2.6104861055399176,0.8418234040446491
3576,0.8428697918256587,0.6379542862019973,0.2978666071374901,0.3618653057255323,0.564674508371174,0.5360661243283354,2.344748159284997,0.8715980973919104
3577,0.8075927740602763,0.5177693164298284,0.41293011812970365,0.3788290989255964,0.533460654076592,0.5511260425288331,2.3002841983312017,0.8900919778882339
3578,0.5535183740408506,0.4584419114899151,0.7856998076105892,0.43822939365978086,0.593097902606791,0.5939307285270893,2.3420523610677515,0.532169315726654
3579,0.5863601145827556,0.3294983190176267,0.749735568251,0.3813415272234778,0.49301462001476104,0.5959571664423454,2.233569724628771,0.5774094542108377
3580,0.6463874948869898,0.6874334870907858,0.6809671786803283,0.8473361913655102,0.6865801584859947,0.5410070298436518,2.4034137775748485,0.7913975847386712
3581,0.5189976295047986,0.572139399187614,0.7679719922668156,0.8354338235876092,0.5092876313902885,0.6345244099238527,2.3157545757277758,0.9776191754212985
3582,0.3504225444777756,0.6614954663210494,0.5078628441009378,0.600239597679395,0.9250057434491321,0.6374536743028679,2.5368603384133905,0.762911588349072
3583,0.3675248941393554,0.6308739965165044,0.5382334095724822,0.58951051447441,0.6372360264244746,0.6866793294663803,2.470513450791662,0.7633491023771488
3584,0.5969675837803876,0.409971683313763,0.8256731308472612,0.6586123874292058,0.666234119120363,0.4283424025109622,2.5486341169154447,0.6998947350455821
3585,0.6569506463438405,0.44577372641799967,0.7630181577189348,0.6248867032201791,0.7340341908224823,0.45361599523836055,2.576927549845895,0.8405464393526816
3586,0.6113119561917235,0.9208202649211759,0.5756277916020598,0.7643846041344352,0.978565721242403,0.5685242852437136,2.420630094995768,0.6078459342081617
3587,0.5805910675482584,0.8637793957693036,0.5066860718937762,0.8726489943115863,0.9080555502611516,0.5985651028239152,2.4548229593868673,0.7735091930274006
3588,0.42027959656139785,1.0609877739959575,0.8578921196953334,0.5358728898896661,0.6911303338438406,0.502669589627216,2.4179178801117116,0.2608524923626441
3589,0.4752966691902905,1.0600039883689307,0.7228265156243503,0.4821305636814503,0.49585866395037514,0.4906228868861795,2.5286110980311984,0.3913133156947113
3590,0.8720721802463904,0.6424668712290195,0.5594467280798904,0.48115604419029084,1.030970771472045,0.7211629067925944,2.3820380149535523,0.6119084266994426
3591,0.757524676315696,0.6806415168066662,0.5776265037057955,0.6347560083392311,0.6896858175158826,0.7552657937430918,2.431902487952808,0.7977585931422211
3592,0.4925684382342508,0.5304075574189325,0.7814340408988852,0.6399242509897926,0.7419300435194923,0.742713619439358,2.3242650080832563,0.5234788258236036
3593,0.3693967094511863,0.4074479458711737,0.9461194678551689,0.730616820455918,0.43058053454053985,0.8830082005684946,2.380782822309032,0.7371246299524303
3594,0.8705377590739148,0.5326729921390447,0.478318552402184,0.8002932166085349,0.617340079594584,0.6435945686981986,2.606906115797014,0.6310148438453955
3595,0.8202965064541741,0.46984179962229605,0.475222334770614,0.8413911728011239,0.5640839916275269,0.6530782511818826,2.7674802233825697,0.7432267372500666
3596,0.5964468923177509,0.664535210825159,0.4251474370199923,0.7204148781947112,0.6149114271146985,0.7639669944074149,2.4824508701744747,0.6593082767758454
3597,0.5644143379023059,0.6723407355566662,0.5097753142568529,0.6757393983890445,0.5415745777729797,0.8526941082244103,2.5652554084540524,0.6776871680084078
3598,0.2681563836906018,0.4225816001079127,0.5040245516355574,0.49796725779577067,0.568199046491037,0.4755605025558555,2.1941284019994454,0.7797858272295197
3599,0.256758363304612,0.4627382932639499,0.5354201559616485,0.5271209945995048,0.46831946124041524,0.45811258671955696,2.250552999008908,0.7889013252490672
3600,0.6649887909951461,0.7689501746546716,0.6334106629916589,0.7257672644105246,0.5902920473854353,0.38905136860884537,2.570033096209594,0.24210397204053963
3601,0.5580888768207383,0.5970179278813255,0.7610765171260945,0.6880345393332558,0.5345226122824425,0.5192682628764049,2.5703807053931538,0.35786728313462396
3602,0.7980684367325073,0.5229519327383603,0.2424727548881116,0.6175758366237284,0.9296248978460167,0.7054407788210494,2.5354460140267783,0.6600920279581614
3603,0.6898921562495668,0.5765667637712358,0.24976678169676614,0.701839440151684,0.7288569298945868,0.7581909721044244,2.617744409764139,0.7672249851733531
3604,0.9444026982677486,0.5857092139564177,0.4248950880615866,0.5314490129402911,0.7628487383365546,0.5018121024086588,2.6001434912122705,0.8367993210947732
3605,0.8910956678163182,0.5331181524151345,0.5984889006578481,0.593818205393154,0.7430454103395422,0.5798666787442133,2.673530013675408,0.9079733943310122
3606,0.7275908512263431,0.8353691784247865,0.4573021312301415,0.634185395896642,0.8415116927079727,0.564587244918933,2.2504345221109,0.79234233540947
3607,0.7214485122056067,0.5954733943310118,0.5680949432509997,0.637844827581323,0.6729910377995693,0.6297670495903531,2.2737063382212996,0.8549932225201142
3608,0.572260940598883,0.6200266842720471,0.4847916608186835,0.2232236226668779,0.9669929986894797,0.6783974310130169,2.28691476853201,0.5678926905349975
3609,0.6280757149470768,0.5141024863556686,0.44118289621606893,0.26113749939222075,0.8744292122949597,0.7527420563005025,2.394100711240415,0.7532982950851217
3610,0.5495714691967657,0.29252383758244477,0.4962506634708009,0.6378686426376118,0.45979916436563206,0.46305247073045225,2.4829005395892305,0.6313542809935916
3611,0.5229936090868654,0.2417208155349973,0.528525279204363,0.657900927657726,0.2672089916275268,0.35018763369060163,2.5840063949059817,0.5778110703920318
3612,0.7295757880555445,0.7553881813963305,0.4553851519355594,0.7782560904581614,0.7864086259897932,0.7751754432514327,2.3264031228904773,0.5350959387133928
3613,0.5944744614001294,0.8130827678292686,0.519565775817562,0.7671531168835022,0.695234502683627,0.7944763641990091,2.3956398894100923,0.6314704670242238
3614,0.6051205424330044,1.0285075931745966,0.5058840362982584,0.7311978958012461,0.6238284079110245,0.6469182987274652,2.349196697532631,0.5426026811407882
3615,0.5808011417747235,0.9908691068180621,0.5838343341313257,0.6783839035970172,0.3565913399470771,0.5436467780544224,2.3011874479159444,0.6890498889309498
3616,0.8687464072082832,0.7359470840993824,0.5821896080962061,0.7588831259582836,0.8361861860617089,0.5383350466826933,2.338667648772358,0.5277113360807013
3617,0.9473545809361817,0.6839163473604003,0.5747598414807633,0.7430199753953979,0.6820047234464546,0.4286715520188703,2.3127326925158833,0.5986796689666909
3618,0.6321530042173134,0.9764390908423409,0.7929170338697409,0.44939003712877146,0.8772433121477636,0.6040215922797662,2.484242397302557,0.6952423241940892
3619,0.6710746568884225,0.7417553413525594,0.8503829111381116,0.5657615509962685,0.735586896408159,0.6758151774341266,2.4263718393397307,0.7083938582563529
3620,0.5777505112468901,0.9521355084674356,0.4318059583646989,0.812158942963948,0.9799946671455193,0.7503652952133257,2.333288135128461,0.2358316717146365
3621,0.4981918809426569,0.7695680666849375,0.5397438404262188,0.8125010941005043,0.7709710819268407,0.6639223236506288,2.413982882795771,0.34223037560648006
3622,0.6656742174390473,0.8304834766739746,0.6354430546709866,0.8683375679000621,0.48721971491513416,0.8141975362658826,2.573260719771736,0.6669166563134528
3623,0.6993232763610222,0.7095150035780243,0.6463135835882983,0.7876562449823852,0.24218281559888272,1.0151256574638257,2.5918328454429673,0.7801313934042388
3624,0.8769634126402884,0.7248936083836912,0.5989527684681242,0.4854252985362414,0.7280528512902287,0.6223239308213602,2.429163320903117,0.5018468034886713
3625,0.811282222423853,0.6523782758175621,0.5499700208646985,0.5631470624671908,0.5819700924714223,0.7166191083198056,2.426920081351438,0.7130103712609628
3626,0.5010576969257188,0.7172681411997534,0.47077626265280587,0.2855718893142633,0.6618395878703629,0.8593912414043604,2.747006090458162,0.49750976687055226
3627,0.4592899573101535,0.5769612294214874,0.5459586461202408,0.21388776278057697,0.45713602421955674,0.7687625434551737,2.796536233831323,0.5893819977946491
3628,0.6667519939282734,0.6676070150170046,0.3229365025234799,0.35793957454545966,0.9096359816583476,0.5923211266929673,2.502509013259718,0.6673708348668752
3629,0.7001663899216088,0.7192461027604623,0.37198040765548274,0.4077002948295796,0.9887321887777114,0.6545568702064172,2.5445652475391065,0.8357695978391096
3630,0.8306044197018083,0.675464854262206,0.36246304559620585,0.60771759279085,0.6876014618477608,0.6513489756828829,2.299174362154239,0.7043245657590299
3631,0.7080739748843131,0.7083807539613379,0.4093257149470768,0.754889014122607,0.6358851504338159,0.6709395154650697,2.406606700056978,0.8653475691134556
3632,0.733930087582445,0.7226445903303902,0.46092481882596986,0.24831384547491037,0.6462924099242862,0.7496084961966438,2.5515112420432167,0.47597342788175817
3633,0.8043988300737263,0.6787959826809498,0.39106403124956707,0.21826936499801225,0.5507328462415371,0.7548857017508109,2.6655770894675017,0.5120159124162558
3634,0.745891745142532,0.5716293458901662,0.6179386657072283,0.20469172871874602,0.8878725533928433,0.4045751546196194,2.3955922592975147,0.5865143140651962
3635,0.6983342079494422,0.6059008059810744,0.6178392468683084,0.2591437195481367,0.6746190993093429,0.33361090775131097,2.394436836016815,0.8123694403113977
3636,0.9645464849173777,0.6789456730247234,0.38429298677092494,0.49646337908954197,0.7591506948166293,0.7160336990982608,2.4837937493922206,0.6496646163080991
3637,0.9315106636948335,0.6959279259004403,0.4561411773063555,0.6379686598599674,0.6373852936472634,0.747735834642843,2.4513025072846863,0.7418487338313229
3638,0.5718917346303258,0.6998440404197432,0.44316638841986544,0.5203624560324427,0.6271894804125793,0.5246155415701165,2.543485428041039,0.36766123232957915
3639,0.5624515962415371,0.6501678695995046,0.6120069992963931,0.5122151006189972,0.509162003961338,0.5049356227307633,2.7512693910400396,0.628270992394587
3640,0.4668511298561688,0.8292872232867411,0.523114128993714,0.34370074999956685,0.6586489562556093,0.5482185501972658,2.3045048010601534,0.6253084715609645
3641,0.403831212039418,0.7820736323805147,0.5570145879657584,0.48000495478580807,0.4510170771341243,0.49252693714819645,2.2330685143462063,0.780586170341097
3642,0.6388094825531786,0.5889101332114602,0.8242612725904753,0.5643258776831941,0.7273970184042383,0.6676507343743503,2.354511741276157,0.6518487413400418
3643,0.6011389365089082,0.5374833379657581,0.7610313531433427,0.5141069954943357,0.6119431277794547,0.8080120762712362,2.3322530564921586,0.7870779862917834
3644,0.7463424360617082,1.0915080298112756,0.5001483183144528,0.8852761014184329,0.29876594596700234,0.6508255702318851,2.6123312165446486,0.8422541906627687
3645,0.6968603459221092,0.9673118605570995,0.6713093198170621,0.8787299279452107,0.24551598702646701,0.6492488017313853,2.674499600906915,0.8410610017887955
3646,0.7035352839336267,0.7522116755810119,0.35105311768207215,0.34638837618144996,0.7936022124551068,0.4118494523896665,2.2089275513476396,0.5705010500375518
3647,0.7344699097002538,0.6235547100261564,0.3927206648128308,0.39443292526158424,0.5755097378250369,0.5013648991237283,2.2888832886944006,0.6377056001402884
3648,0.6792421644614598,0.7720303987404149,0.5489790847067287,0.7664026221557936,0.7385868323101547,0.7157299845344973,2.3973634590035546,0.4564803665960172
3649,0.6710508418321341,0.5938315575467038,0.6991376881703655,0.7259192456216736,0.6796238763415969,0.7172332648572903,2.396355259936803,0.6010342348854347
3650,0.5323338028493828,0.6877129634772754,0.7055697186217955,0.7295649020318205,0.6767978689606492,0.8263546465359299,2.456859437083877,0.6506064777280867
3651,0.556916613752244,0.6097569597386714,0.7459254247181242,0.7549658146721091,0.4437144551691221,0.7542346258620221,2.402354883882258,0.7872276766355573
3652,0.6532932576679998,0.4216923010601541,0.6128433128509376,0.5342602235422833,0.5167143334924698,0.5831131851029924,2.4074707394230423,0.8118945112149478
3653,0.7104346698295795,0.41411284410093746,0.6804848511944,0.5536081036229178,0.3833630328790818,0.6794507940625197,2.4434809890073534,0.8587982585308878
3654,0.48974591848754967,0.7552493770762805,0.5337626761564158,0.3685653281562933,0.8997455028752833,0.4167519939282735,2.378826209674786,0.5010993732742239
3655,0.4260318038080992,0.6866694649470767,0.5381956439792085,0.3624616009708004,0.730601848414512,0.46631828300685246,2.266501617873728,0.7090579357737912
3656,0.7733340677394822,0.6506793675223582,0.4020877381448981,0.6337472108890445,0.8012693559875498,0.3987287086521836,2.225523758467002,0.29283121504290555
3657,0.7740481689032388,0.5184662272808878,0.40694571408418895,0.7891296838887337,0.6006342385920966,0.4091774692287088,2.2133185949633924,0.37963522053879556
3658,0.7624060441902908,0.8338279572462678,0.3326031318055447,0.4953047160331317,1.0151043085373628,0.6094311226025594,2.5214384373713625,0.8483926189282731
3659,0.6349761223474498,0.7328563971109006,0.5703117263541142,0.604520336432505,0.791919545564263,0.6347313470409724,2.4512351481335024,1.1615034630939622
3660,0.4715748106140771,0.5074072209221093,0.6377154646595922,0.41792834301444987,0.4785897841572261,0.7871353056612136,2.539408314033254,0.8232032251398552
3661,0.38254908975542024,0.49161322466071367,0.6084169697717361,0.4607196768591567,0.41749406876208395,0.8216954356783954,2.619689537991226,0.9382905511883582
3662,0.8363660683468279,0.43718445050417654,0.46113566669832035,0.8436738704300171,0.6798860898193055,0.539330915100316,2.5046549495774024,0.8601534683977635
3663,0.850353740701186,0.399409378098883,0.5055179674390464,0.8037142498717961,0.4621071216762187,0.5964667966188084,2.5554893603330675,0.8628320037062283
3664,0.5690154557445244,0.7722371605950845,0.3472901811407882,0.8822793026257835,0.6928902244051715,0.4666281265971388,2.4800505418895447,0.6443312881513729
3665,0.43370014410741287,0.6733807464526196,0.39423602792621854,0.9974290555658184,0.4180577059361815,0.35278612867385345,2.426769544765694,0.8002178606844371
3666,0.4942127411483854,0.8762642835179375,0.8329074447527437,0.36255133055286803,0.535697341480763,0.5203493517374275,2.267704671267005,0.8354102563898556
3667,0.41121292542129895,0.8604852592979474,0.793672460857102,0.44251837704433805,0.35653078080193473,0.6439614837993805,2.3482712527794547,0.8510582252041743
3668,0.6898221557061065,0.8572313545496918,0.513497595954052,0.6452131888096538,0.6053724682704252,0.4472623852242881,2.6338542033798924,0.6583436218039894
3669,0.5976809112982587,0.7813642156178753,0.6662191470789576,0.640993009201686,0.44294261151494996,0.43458842165075073,2.5930954364769656,0.7361831916534277
3670,0.6995853145762807,0.6893305620843108,0.6050743569458331,0.48707189231775105,0.519975213509219,0.4038221937620846,2.401117552529955,0.6969812889499427
3671,0.7176547853395419,0.7099784482673157,0.6971385529456442,0.5496225869435897,0.3826466408479501,0.38886595568063875,2.4306643103585346,0.6437325267762786
3672,0.6055310016290819,0.9132759321629578,0.4152093281243508,0.44574744523188503,0.8607222130939628,0.679963313489793,2.3872048129787093,0.7357097071823827
3673,0.6049063821888581,0.8058583184430896,0.3624184799968899,0.4083501739514976,0.7264853489255968,0.7094784347516219,2.397107199289918,0.8434553763096538
3674,0.7187705752805766,0.6805622501273385,0.7245295099372361,0.7506184904137014,0.5760636857422808,0.2947595034821961,2.7272167129981355,0.7991472347261542
3675,0.7428431576235393,0.5217587438643878,0.7261660639369919,0.7702343624736663,0.5958356250310767,0.22891791216071408,2.579375332980952,1.0263208267503772
3676,0.5504815187875519,0.886301563393965,0.3386354138221714,0.2620793608122085,0.6403581021211737,0.5481125792108377,2.3556028699189326,0.6943788832114598
3677,0.504762715714137,0.7808656467275872,0.3294260276067907,0.2735106376528057,0.551559718397764,0.5455159519739773,2.3369459469252862,0.7806697708966414
3678,0.8393284139179997,0.6592404945036766,0.7820549248463281,0.6770759007217337,0.43250695523344007,0.530758478974288,2.3936873627935276,1.067394544765694
3679,0.9468258201045473,0.7222043623139524,0.882900434431761,0.6861002971298928,0.4755410213757835,0.5359080140906637,2.41024214142292,1.0030950208646985
3680,0.4953256418386094,0.8290572447592185,0.666720780482507,0.6536784571823829,0.6238774826490071,0.6749591348409747,2.3948620919918473,0.9436160578346215
3681,0.5510972952128927,0.8562264678547363,0.700751799143154,0.6951090505171263,0.5306053009962685,0.7067538892184346,2.272938580584811,0.8613873121158206
3682,0.6854479518781487,0.8148356831221074,0.6874054107543657,0.7050451164039276,0.49671121890928094,0.5238412317861192,2.6058701909187434,0.8327318963438408
3683,0.624144205265383,0.6491788011879251,0.9219622634522412,0.7480967959799526,0.4671659057061069,0.48412987416862163,2.6067309905090967,0.8745304262841864
3684,0.7056697358441513,0.6363393289872387,0.4619471436921565,0.593637301603614,0.7103246128254694,0.6488909049075369,2.4794285638415965,0.7706934732867406
3685,0.6469030788275244,0.5156158064602161,0.6046222214012511,0.6682529833836911,0.6400248665955842,0.7628358093039898,2.586376355987116,0.9087680315370515
3686,0.5738448596303252,0.7966111666344353,0.6447437903562909,0.4472738696314479,0.7961154869949574,0.33546672951731576,2.18317511876856,0.949755930725532
3687,0.5300778095275896,0.7601336342016864,0.7906955663655095,0.540472986227465,0.757246046171176,0.3041896020892307,2.101456601609656,1.0033691418705522
3688,0.5525077088442736,0.6285059031817612,0.35129151610349224,0.7577612069907259,0.6709538891230398,0.7799326283224824,2.6301898394355594,0.5803707782775892
3689,0.580174479325659,0.5308021983316342,0.3606458356654449,0.6561446999930916,0.825683243225099,0.7686109853650102,2.4984066395702396,0.6254004194143233
3690,0.3343841960308879,0.7132924890397286,0.2650928241302034,0.6913112376333801,0.6969081512971367,0.4294547048177511,2.5388639827767783,0.4989518170686837
3691,0.25587995028057686,0.7011304465100292,0.2771164854608382,0.7773406854867383,0.7027597773827583,0.35636978131345254,2.5994494696120225,0.6601659392568531
3692,0.9017310380879208,0.7240872389119571,0.5971637074698685,0.7956120584411018,0.6677168241625796,0.2740087834221089,2.406146144618497,0.2694085118218605
3693,0.9719951343294576,0.6061466027919722,0.6843103898896665,0.8330141893850569,0.6993225027151365,0.20648572197665394,2.407574244279644,0.5186670353714847
3694,0.35262453080193473,0.632250132188858,0.6100479205323209,0.6215292936153204,0.43726227255809913,0.4204605003509378,2.513082204498323,0.5072842348854345
3695,0.41030925271556923,0.7498589774086591,0.6530415070930297,0.5713958797283978,0.3052489189028058,0.39626102121606954,2.5270292220085966,0.7164001910784579
3696,0.6367894215229801,0.8544330729802637,0.8661565799774649,0.48922727003375366,0.774521054990848,0.5585825134513753,2.329290710920987,0.7870933814541737
3697,0.5944190097770898,0.7433263313514373,0.9390995620523674,0.6040072186217957,0.6897447567731689,0.5396364248143857,2.3624059740853105,0.8956041668256588
3698,0.5872851362149476,0.7389640350516241,0.20609108106395269,0.8615419347192458,0.5155583118283352,0.9645470833008136,2.4007358406498183,0.4887410317925943
3699,0.5214330819907264,0.5535596272683708,0.2491049950467038,0.9268980614454554,0.42884259128910673,1.0011979458711744,2.4679293294663807,0.6705239487468901
3700,0.5350503516096561,0.7607181971812607,0.6696781937940266,0.6267336819713005,0.8396645386944,0.6473234025429054,2.320211110748323,0.6745759783354326
3701,0.6680806747505,0.7062571880745372,0.7429651221557935,0.7011043405863653,0.7491540697846861,0.6781415944203657,2.27599167724247,0.7301184994241633
3702,0.5946093549649476,0.45416628025890765,0.40617242580461205,0.8780638074189325,0.5291681830577883,0.5066745874866166,2.4467274953661313,0.8432282870329425
3703,0.683792339819306,0.3957881351284598,0.5321970415381738,0.9113724802843752,0.31849102878910684,0.4158780900429052,2.45870454808861,0.978295335729331
3704,0.799614590170676,0.7834606540765918,0.47826352390012894,0.7057034154197436,0.7934225780285227,0.5439878350904752,2.1998425957943386,0.8472620322082832
3705,0.6937780788275247,0.7766123859274623,0.5010987748907882,0.7732816806297038,0.5673637544409125,0.5380102310510023,2.223853597487738,0.9480619546899796
3706,0.6023590049524302,0.7925490972641387,0.7724205305144499,0.9331706096298928,1.148497708620241,0.5835158227886068,2.307427090170675,0.5742056457049848
3707,0.5758637238936539,0.6420321738556694,0.8345899363811363,0.8159917047862408,0.815899509074348,0.5534389320990715,2.278486068985684,0.6176101145827558
3708,0.6006654520378627,0.554165787032942,0.6241031273003134,0.7356596109399794,0.7052052696504402,0.5472793301695545,2.2955804218743507,0.4398291309745993
3709,0.5602508066842482,0.483617777862333,0.7344128381893579,0.6552995434236641,0.6429179852691816,0.5674157184297061,2.3116723541978876,0.6250612301246617
3710,0.33074960090691496,0.565160746612333,0.4631054562236668,0.6733758141929674,0.7875800428163181,0.7514240136434651,2.451258364806356,0.393768074098261
3711,0.30165149098867117,0.5143433509069152,0.47454821747142273,0.7105907370584102,0.6934370217914723,0.7573511709156341,2.392658661042283,0.6141366942097157
3712,0.9155017335434055,0.6951318440689949,0.5765745852816989,0.4474358906243505,0.8157794122884848,0.6924727899406018,2.3774767783095316,0.5393383134897929
3713,1.024643019523102,0.6462441814282732,0.684345090969679,0.47458538468126166,0.6063147528113979,0.7594664921709872,2.3596910452128927,0.7729777908034897
3714,0.6390805390457706,0.44730754920703975,0.5367090281817607,0.6423334222896067,0.6850196313898551,0.2958604966442756,2.417898151073104,0.9218738032331294
3715,0.5463276042302637,0.44526613925037767,0.5168993232996918,0.5785689635092189,0.446510022750189,0.21323788365865895,2.4294308897614623,0.999828785467313
3716,0.7711979959411015,0.7071668145443382,0.7267342102497562,0.7925774214590943,0.5902669629661914,0.8014428613876118,2.390151340266505,0.5379849713693082
3717,0.7704254813074101,0.65615311988699,0.8070999836716098,0.7884440821823828,0.5620852795237905,0.7441185024276511,2.359538290355858,0.6131264521341243
3718,0.7914844250699282,0.7366634761305142,0.5067587864255965,0.49731737867385306,0.6613342915701168,0.6081418272614626,2.357193588956418,0.6238581767313851
3719,0.6784360428482606,0.6586495546390446,0.4858684158034898,0.5360979361575373,0.6404428994435893,0.5587081408803255,2.2736280930463924,0.7927776311662557
3720,0.7169558314796416,0.8910734726478853,0.8555028526965771,0.5375309680783358,0.5737138768207384,0.5851767902280869,2.7156589624866165,0.7982592050413502
3721,0.6578612943180622,0.7936872576360573,0.79870436531744,0.5447664787506892,0.44676670558481074,0.6134609570226689,2.7504573156627687,0.771742079339042
3722,0.5159515081156315,0.5962719422922834,0.7484035750569773,0.5163816963503158,0.8005718467530548,0.6805657377615842,2.4766767156178746,0.7543307323291463
3723,0.3994683173561687,0.4805969161548601,0.7409300890841889,0.5552261253509374,0.7452562396785843,0.7577794914039278,2.5031139036613363,0.7539126268850572
3724,0.8659148691842484,0.9047751164682465,0.9747461363112093,0.7206489427399153,0.5953460744181219,0.580628657879082,2.5335622911868034,0.3365627904197433
3725,0.8596543011240394,0.929714452165634,0.8924677174709895,0.6235561546515616,0.3783432838054227,0.545059905674164,2.531233831191723,0.4494317134772762
3726,0.7479077201550495,0.9030756097896067,0.5288589378509375,0.6717577924649476,0.9607697731015598,0.6081508455387957,2.315957849948198,0.3862296951041142
3727,0.6859780847391045,0.8843401937625178,0.5519508716762189,0.6441725795302659,0.8811049965484474,0.6443341774021837,2.2454897058403525,0.5714361114514973
3728,0.45285010534826114,0.7613711408164403,0.25177884595405164,0.6747915832049849,0.6468505164552956,0.7140524251657564,2.399092136119119,0.7857146043895443
3729,0.392637910499256,0.6736290093933429,0.25053513771669167,0.6265537996861813,0.49253722478848516,0.7063736219637038,2.5242650431357467,0.8923455050802014
3730,0.6288590430084074,0.47583053754402693,0.3092112189092813,0.6415437173432186,0.7929550473215492,0.8405505253703627,2.470121451271237,0.6344537384008733
3731,0.5401007157456459,0.5253165384388577,0.41746676607155,0.6663813433343108,0.6299347764887934,0.856021150625472,2.4456111070416617,0.749023086975099
3732,0.8650510776767187,0.8076119047154471,0.5869381254148227,0.6404636499866166,0.8308580380231692,0.43041093989570844,2.3872508232034293,0.6927099189990666
3733,0.9310720555662511,0.7041787861704876,0.6860750374481984,0.49357230342478586,0.7359334840872981,0.32231699060535823,2.4679313724752205,0.7605886589970793
3734,0.5734894289363033,0.38822798408686526,0.6673593504597163,0.6991035854737886,0.6696818566907239,0.7261678590872984,2.4812938270059193,0.8771482271850599
3735,0.5308198843614002,0.3705268730501914,0.6569590662377383,0.5912948910715496,0.4115632485932186,0.7124822814088477,2.5724562180463932,0.9932872963952091
3736,0.8395099160909748,0.7509026512013085,0.5968399133425968,0.5955268029452108,0.6474548084734776,0.746798905482507,2.689654604070116,0.719816715203052
3737,0.8126653333646988,0.6648101780729819,0.6651029340169378,0.5627616150942737,0.6513109622310748,0.8846950260731041,2.7913554852691815,0.7561019320351864
3738,0.792010719771736,0.7206690948995071,0.6819180583776489,0.6756463564351816,0.42294604907926836,0.9547408034567288,2.42222532317192,0.9046798562430918
3739,0.7785234114579724,0.46297873469421114,0.8763634544983238,0.6941873412567303,0.3871571828661313,1.088840731051435,2.379414508147141,0.899603210920987
3740,0.8043844564157564,0.7383622091632682,0.5263029654581612,0.7567836229863056,0.6982880224622711,0.6991703462415364,2.389617895033754,0.7520435255615867
3741,0.6645009328661314,0.7138869165386066,0.5253859405988828,0.8329922420751589,0.700481165771547,0.6704288637841863,2.48793448705841,0.886633354294149
3742,0.6245456461841268,0.5540041891610246,0.7284974131828826,0.6731844475006891,0.9344333759263405,0.5600460878384201,2.206876276871674,0.7273132425862433
3743,0.6881521699892932,0.4873014477242884,0.7824208184430896,0.639679475683316,0.6885585431676885,0.5699567187810765,2.3240861473025567,0.7020347175991941
3744,0.74990498763338,0.9301448156627685,0.2734129112978256,0.5497741450337535,0.7816596855501917,0.6803277624611491,2.5863106167237886,0.37887324140392764
3745,0.7393623388610224,0.8501753030414725,0.3260739733825699,0.5056162921774625,0.7162975324638257,0.73340115148836,2.7263237510536786,0.4846980204813854
3746,0.8016167899086587,0.9431916481015596,0.5860299435704277,0.7054496218359327,0.740422078795582,0.7388069463183726,2.3214162071504396,0.7669488211586594
3747,0.8836406415191812,0.9321316202383608,0.6033696701490072,0.7230640678038007,0.6000845519549844,0.8188201782970149,2.338296822915945,0.7889418048307012
3748,0.6226783400109629,0.6067751329874276,0.41327941979720334,0.3667941284502536,0.8336069969960794,0.8114561509449001,2.5415413213183724,0.5386072999421566
3749,0.6451392775109627,0.5562295674204873,0.5495244374676242,0.38140642024483534,0.6498381217081612,0.8403587355570992,2.547995546938236,0.608266257923542
3750,0.6803832140841887,0.5626503613232934,0.6865029348155073,0.551867694241659,0.6774262238936537,0.6115901632152585,2.477491680245956,0.4044498777155693
3751,0.6906342310833781,0.5342365837484452,0.724342900242159,0.48884207051936995,0.5360305770063525,0.6780493987084721,2.574866410850626,0.5171440986061688
3752,0.5170925577383608,0.761839940886368,0.6579234733510595,1.0267729622949597,0.7913090519234751,0.7862560463952089,2.2417282139244747,0.6505315449249751
3753,0.508043324769492,0.8013521103011243,0.7176570762069174,0.8554293645188702,0.6678989973150742,0.8075361256703656,2.2707776722257216,0.7585525318249703
3754,0.8087163855117728,0.5250424174330046,0.8134994286479522,0.6228052368028678,1.0549390753125194,0.8597179247824422,2.6224011544918477,0.7419394849178104
3755,0.8611589534761537,0.5004622479224203,1.0072221585188035,0.7004290265203029,0.8664967907715471,0.8830501247755346,2.674236365924785,0.8856789869625822
3756,0.7086903496930893,0.6089925144739771,0.33430228795928296,0.4489171510411616,0.7913197626847488,0.6125765902345622,2.5769979735103417,0.451778881006542
3757,0.8261750121093454,0.5669612920177485,0.38739124741133574,0.6182456200467037,0.5900304322911616,0.5179372911868031,2.59663928051445,0.6536100765267788
3758,0.6150046443310119,0.2838171062750344,0.34159095938730105,0.6904473735297657,0.7379404408224826,0.5646521379402908,2.5394697194203646,0.21347134982042798
3759,0.5733440724687462,0.26820792455841025,0.3941502090993829,0.6606199425478254,0.6011017692990697,0.5636310098409749,2.472335768244525,0.3973893170686837
3760,0.5796311695736044,0.840549328603492,0.6953788376467637,0.4957440978075992,0.7905797308597785,0.5861052994945245,2.7083312561023702,0.7012548771721092
3761,0.509428901840164,0.8473839967405374,0.9092308778429073,0.6275927890777135,0.707993686700564,0.576193471784997,2.6860760589526196,0.806505133051746
3762,0.712300954498323,0.6208184322272756,0.1697441083198057,0.30835908707136034,0.6769713743607113,0.49962984512310626,2.3251072754018725,0.7306573000375518
3763,0.6632389402155696,0.4842879844062931,0.22964561333655448,0.41419602153549695,0.679991039301313,0.4632935105441488,2.403851962582446,0.936660621932194
3764,0.5705131328281466,0.7013848384772763,0.6571976399216092,0.6069710088183728,0.6388298099752213,0.5492934374356814,2.393815704210838,0.45071854268854716
3765,0.5269111682315746,0.6438146827064174,0.6543238271656344,0.6027534706026811,0.44342307125448727,0.5926997740598432,2.3469505687301417,0.6566869882407265
3766,0.6983257880555445,0.5984942560384847,0.7013827954684352,0.5178405863362439,0.6872622725580996,0.7082139759712336,2.465835955520925,0.8047665914168778
3767,0.731742474916256,0.43478225447285546,0.6497935561088455,0.47139986058860905,0.5019048965039873,0.7090643126588476,2.453788479134002,0.936770080552868
3768,0.2981641200786464,0.44710674111644255,0.5029180278303903,0.3686694313963304,0.6353418406817606,0.5316225183403529,2.383748057131014,0.7179634321629574
3769,0.22937395846052733,0.3595175398128308,0.4694898565625196,0.4435832245009997,0.5112263827323181,0.5389884134388582,2.450192671107724,0.6894847615667509
3770,0.46978141573960425,0.9081869561917235,0.6090678703980744,0.49919514774975554,0.666659973478831,0.8012410317925943,2.340303531792594,0.2274411608825695
3771,0.4478631896082236,0.8761470033868011,0.5959785153688084,0.5373808546135773,0.5651790310255342,0.8990202678292685,2.345071778149818,0.3912726608506265
3772,0.5452978809745991,0.5112555531692433,0.5926586960947733,0.34863263723754984,0.819997548887612,0.5252596421904125,2.5433412683403533,0.6280732488172509
3773,0.4959874284886714,0.404863226162457,0.6320721176501289,0.4116133448356217,0.6207266596363676,0.6011958327573534,2.5533879896146985,0.708755067451997
3774,0.4409171951041142,0.5856562284632036,0.8980630112468903,0.7547818463693081,0.8798473377741014,0.5378502530669399,2.5547183629208647,0.5050134447846861
3775,0.39698932077534554,0.4669755605182483,0.8717687135411611,0.8131373732103386,0.665660019043527,0.6277851772744124,2.620466066046515,0.5910431404965791
3776,0.49116211062055193,0.6765876194717341,0.6735249061533061,0.3045573634323832,0.6310885798816367,0.49404272338256944,2.2630663862149474,0.5231283273892334
3777,0.5662687150429049,0.6269751449059823,0.6143112211141987,0.2611301010027437,0.49600588816432306,0.476408125255109,2.302598707789297,0.5933929494181215
3778,0.4606572499676242,0.45414552971588046,0.33580778655336824,0.7516297539937136,0.8400813747755345,0.5994276975645745,2.474329548088609,0.590347674270925
3779,0.39605528086582026,0.483787795628149,0.3277802800672513,0.7801878665316986,0.6875445655993155,0.5446574432509999,2.4646263499801417,0.7176418563069774
3780,0.5479247001528058,0.50821827479496,0.6409623941393554,0.5390459080707383,0.9044662943823804,0.5701279333137631,2.328386862952808,0.8709142908358654
3781,0.5622752015906638,0.5482444082623952,0.6365494032137036,0.4263952312750346,0.7491986353840021,0.5609902401257831,2.475358249839853,0.9593994159308284
3782,0.6691264641480746,0.6650458625060421,0.40517102674390293,0.54103169114191,0.4177250687940272,0.714814229038174,2.53987320334795,0.5483501313902885
3783,0.6663505530095298,0.49288814634384004,0.4863343266226064,0.5523906765716713,0.36864970235772354,0.6545683546135767,2.5754945179250965,0.75312767893587
3784,0.933697677977587,0.372088844771736,0.45451822331868363,0.7000376253833133,0.8586321515203036,0.5255524707304526,2.4375279736700546,0.3379360368412856
3785,0.9647686419344377,0.4576903952577857,0.5851108757023081,0.8007377785011891,0.7643751627361166,0.5041122382087834,2.4237589706985094,0.5401136447782109
3786,0.8752961409118355,0.7047447142119598,0.43228828585062684,0.5305506956151984,0.6170682494561064,0.6742838207749127,2.4814094146531165,0.7164733287312635
3787,0.8171070716062909,0.6966968803038005,0.5102615524980122,0.5806867508943978,0.6572729958457061,0.6285224951110224,2.458869035211338,0.7580702043390422
3788,0.5832778474881715,0.3837784243348109,0.6237327245648856,0.527548716704363,0.5605941545876766,0.6578072873204277,2.436469079977465,0.6187090647359946
3789,0.5247126695416613,0.48030739998661653,0.6660004776961439,0.5487049637008758,0.5405411190245347,0.7261711714590939,2.345341565279455,0.7962968139054825
3790,0.5903848414807633,0.48390193864994,0.4462104668001911,0.8191185374801414,0.47208750530380117,0.39028214781364107,2.425319497794648,0.5168219243667539
3791,0.4770079081346247,0.5184126434042383,0.46362206166862197,0.7612099660655076,0.37379412995199746,0.35209372696146013,2.340728787767626,0.6723035683468279
3792,0.5355353204878606,0.49899944718126077,0.4388734942800769,0.4956761402729802,0.6355908772683704,0.5785108704939025,2.6800372247884856,0.5276142081091567
3793,0.5107999299904153,0.4176973429825075,0.6171762634513753,0.5999794272105273,0.570293865061898,0.6042094713377981,2.5661839177204904,0.7957623471683106
3794,0.43444017593238243,0.49168407144614396,0.5689717363871782,0.6808887582429699,0.5696747762647609,0.488930355476032,2.5737752822078503,0.47434332336314367
3795,0.49761982387466114,0.4532611629277735,0.6143806232742237,0.7755189664173108,0.5802623411613359,0.37966601086357676,2.5886781116750965,0.6276336191842486
3796,0.7135462826235395,0.7691631381319471,0.8116688665636417,0.6846574006897912,0.8301118045755923,0.6857771013860571,2.426433843110278,0.3645455335179374
3797,0.518928650465758,0.5697199402475124,0.8085202618222929,0.7264947903239154,0.5768298234909149,0.7149308381897911,2.354965321446145,0.4577528221493181
3798,0.45417019101413886,0.4394964938324449,0.3662538832114597,0.4947199051950224,0.5801106078087215,0.7922065956026813,2.4201744718169405,0.659418333779955
3799,0.4991704864514976,0.39233402067304235,0.4214483719956462,0.5421827805463924,0.593945102185059,0.904530165899318,2.334141711591786,0.7516812948615224
3800,0.4166162541214845,0.8390598235552337,0.39802380102821117,0.6564500344447111,0.5790716184171886,0.5867874135666288,2.2381143693435304,0.6639545586008159
3801,0.4111776259578505,0.693405209962271,0.5371666943694304,0.5923880627231666,0.5153476392184351,0.5542698902729796,2.240524139026778,0.7297583117329399
3802,0.7485181411997535,0.7585823006453308,0.45842507170211944,0.4342136850391068,0.5707153855441492,0.7177806606270275,2.698329698810777,0.3779745009578503
3803,0.725556416538174,0.6650327582110268,0.6684780296515616,0.45074133624041507,0.5198546936023705,0.6504072895253457,2.758684185614077,0.4795926278433407
3804,0.629164800581012,0.5424975563963305,0.6404878881638902,0.7738278796325697,0.7348828350261565,0.6717093161104006,2.4336007978645764,0.47216226284446267
3805,0.519886928552557,0.47682947047491014,0.6436179606335025,0.7566984025429053,0.5716180367454574,0.719686578635435,2.5959419465424056,0.6215738592146364
3806,0.45697604623549465,0.3882189658095321,0.19133462956868394,0.619918071893343,0.5111588483186837,0.7656956715229797,2.590887496388733,0.332697195263828
3807,0.5279101011624573,0.33624614682341536,0.28055622625828547,0.5449262088762165,0.3866456849432787,0.8140365367774004,2.615008555086243,0.49860089551332815
3808,0.5993880642249102,0.795045707278644,0.5166691695097186,0.4196747061597807,0.7419746091188081,0.563358333460527,2.30237221689602,0.5803385433274024
3809,0.6339985383430295,0.6457885582494454,0.5254573857677487,0.39806156662148445,0.7189030027155693,0.49983618385679074,2.4005727981524947,0.6194741083841243
3810,0.7414865031312586,0.50668445200592,0.45512395996227073,0.5373970960179377,0.9492916397942713,0.7996131455452709,2.443818135288174,0.6690642125189927
3811,0.7758126411993206,0.35999595654352756,0.5163946253828804,0.6137644237278977,0.7911446373968305,0.8008940209924695,2.3902028811343135,0.8236403886430324
3812,0.3489429039488207,0.6006247971937785,0.6138576409442115,0.7329058949698679,0.6087054644355598,0.7992725116302039,2.385253555725099,0.6868445902349947
3813,0.294318852344773,0.44418258425952983,0.6783036154132682,0.7933934075915967,0.4511008529521193,0.817888779779766,2.5550704812430918,0.7639719266670668
3814,0.8240087483696189,0.4927037549200543,0.5678697217206784,0.516974080840353,0.7020039272744125,0.33441583259763863,2.499571927370242,1.0160387715678725
3815,0.757845581192157,0.3942857010476365,0.6696278496930893,0.569059598222855,0.7872742852437139,0.3828961005555445,2.5197971989704904,0.9719134015203031
3816,0.574102140848383,0.6630742778303906,0.4560627568689968,0.7329564143332561,0.8038846907585967,0.6896903266545494,2.3579650094896043,0.7533206655160047
3817,0.6248390731076018,0.6764011850391065,0.512058187148196,0.8428566149345595,0.6672601794793308,0.7146487204110248,2.2990493331087234,0.8987048935958954
3818,0.515388892445955,0.7896060576105893,0.7807486144549851,0.7627887775748479,0.6504970191074131,0.6285229182320078,2.3694527594576615,0.5912989770892314
3819,0.5487975825337535,0.6205983182190572,0.7880861853585346,0.7372786541724203,0.6264135507407266,0.48611216960554704,2.422978108767005,0.7297893499162555
3820,0.5309155677075393,0.9134185746421541,0.6924436195036765,0.4800743569458329,0.8863358413529925,0.6550728772679381,2.378170799909781,0.687785853271547
3821,0.5185302740602759,0.6230588551242281,0.6675946843678755,0.39191616308748733,0.7957643901771516,0.6951566806297039,2.4504612614704895,0.8850147341826939
3822,0.5608886030155713,0.6477993531437757,0.7107954559042382,0.6834038279331267,0.2669176077128927,0.6753755478011243,2.2679898535590324,0.8783773139059157
3823,0.5931247821763409,0.5445155744176888,0.7867348862468903,0.8141379986251611,0.18315130371227123,0.6985512574444,2.3251721684232303,0.9338962677968928
3824,0.5965134052269646,0.7600112465484476,0.2811966639818849,0.7039560307699919,0.41981410886326587,0.686759194529144,2.7639546637582866,0.4924025064861167
3825,0.5539397192606511,0.6985557665830668,0.44769172721700234,0.7627571410080968,0.38477080511818634,0.7202988674265293,2.6787013208392314,0.6764615689217979
3826,0.593265454242781,0.489892121197077,0.7957982450151937,0.514664080520925,0.7677752701939005,0.46072256610996737,2.4199453395313877,0.9034328356339352
3827,0.47843805080461166,0.49635127907659127,0.878174710665012,0.4361097385282108,0.5976842236700545,0.39401404617160896,2.396700826111522,0.8848658900808899
3828,0.4726768252805771,0.5056766760601543,0.30853343871339284,0.6919105973919097,0.8281322231270274,0.24455481968885795,2.360847489998013,0.48975578300685324
3829,0.49695803722459897,0.566624145736928,0.38493300137353936,0.6513551047094055,0.6143607189731666,0.2153396774980118,2.3779898961202415,0.6150358577767784
3830,0.60274853834303,0.46669999488698977,0.6682722893013129,0.437070905865821,0.7071039645318207,0.5536015514754102,2.3936040100965164,0.3359650505490697
3831,0.609647924238982,0.44688416097839795,0.8489350824383584,0.4436918368797039,0.6960860361381117,0.5192614628703631,2.51275449961582,0.4464291361830049
3832,0.4844471161483852,0.5946109748528031,0.5162806576235394,0.7697366398253482,0.7098734987853084,0.734808923727465,2.465350140400751,0.5863001538210494
3833,0.4693075081475744,0.7413146902151364,0.6114363868538032,0.8432551666024928,0.623410973446455,0.9474995142827535,2.529884998209905,0.7562111427973257
3834,0.697019477664201,0.9709230637457681,0.5782184650748478,0.47237149082895785,0.5991139432190573,0.5825764274984451,2.251197347487739,0.7070579543070993
3835,0.6409336468234151,0.9280806121542385,0.7088398647744125,0.5718410400044869,0.5574042966188083,0.48164126092702925,2.250074582278212,0.6939370353071667
3836,0.6406040741945224,0.49866187777945503,0.7014061874037388,0.4380008597576637,0.4760333886434649,0.4383027065750369,2.5217493024660698,0.5988632141485072
3837,0.6061312076295816,0.5360328678737288,0.723703907143965,0.5211837975455818,0.3924995293001913,0.5166405974562285,2.4915820112149474,0.6519027483376763
3838,0.4953509015203029,0.6747018536229173,0.6201229660016216,0.47336922699296974,0.8142108884194327,0.4414430666849376,2.299331027766505,0.567089035051624
3839,0.4669270841637014,0.5470234935769028,0.6314093094956462,0.5128181232742239,0.6353787600330646,0.4871295622120822,2.2630776953596565,0.581457573044149
3840,0.8662442665506911,0.5804015686023699,0.6092820306422208,0.9133500187240992,0.5194448327897289,0.6290259962609626,2.501917650274102,0.6027321216762185
3841,0.863197474182005,0.5295901266610246,0.6384589841188081,0.8693277304121467,0.3364884560000666,0.7078370210882982,2.4236023050862427,0.7593837378574131
3842,0.6426923406178754,0.7692936978205496,0.6397334826809501,0.7520599422283979,0.9001853077707362,0.551740199066318,2.3474002381448975,0.37374318746762447
3843,0.6132890715104624,0.734506055405671,0.6826079939602161,0.7814247747630172,0.7410381030794574,0.524201171618808,2.385285790675286,0.490693135288174
3844,0.5612906423177509,0.685548144362955,0.3298434620713605,0.7239235980311991,0.6799530258495046,0.5111713542302637,2.4702522588183724,0.6162588154711115
3845,0.5291420771341244,0.6271521379402907,0.48263424009384104,0.7009376351923456,0.5701918048307012,0.549073148165012,2.394627604325659,0.666280129345084
3846,0.40489095197397745,0.2766282042108378,0.45709903227216897,0.629558843110278,0.7378293623139524,0.5651884724238531,2.371426211879703,0.7276206200467038
3847,0.3938345870074752,0.29452008355635517,0.5169972975132058,0.6636364703790818,0.5281546286104006,0.5111405639054823,2.4115513410650746,0.9555220885092188
3848,0.39190425555934294,0.6304996830258458,0.39569389640772573,0.5718668980696165,0.7873609503125196,0.7807981123139522,2.1483708118283356,0.29123454224134826
3849,0.3719594818500047,0.5256799659057935,0.430069036617686,0.7197019737978254,0.7463662511179971,0.77674523648344,2.183150282207851,0.42636937320990526
3850,0.8404462468678753,0.8472618569458329,0.8248479511749748,0.5372787943823806,0.7522934083901662,0.9766643849687459,2.5467076962225446,0.4765393559232305
3851,0.8727483405544231,0.8077533504277736,0.9848468645831888,0.6216892715993826,0.6620923599497541,0.9107499038529924,2.6711549450721717,0.5957971884582833
3852,0.8260986346808283,0.6299653915511241,0.6764769640841892,0.8451783475196813,0.8143022378893556,0.4261001844637041,2.365066049718124,0.1856655997565417
3853,0.9205633342280197,0.5144955073805147,0.7219550778688085,0.7686859181681217,0.8051388618986965,0.3932337826235395,2.2842111488043013,0.35006669066276846
3854,0.8843488615149502,0.7166718459544852,0.4642294182000646,0.681273534636368,0.5302330305144496,0.6530484823615218,2.379217786074226,0.316009390816007
3855,0.9559768654460771,0.7151329156433432,0.5667325828531813,0.691604839819306,0.35216908288555726,0.6503828760856215,2.411055238304612,0.543324005431572
3856,0.5937165682829424,0.8630059322272761,0.618587100203741,0.6457474802843755,0.7382389752680595,0.4335865994690567,2.437198824162146,0.7636201588697412
3857,0.511684296778522,0.8706007843488834,0.6556311590613981,0.6695999486191194,0.5926506993218601,0.3446528990598432,2.300032447756231,0.8521035914807633
3858,0.7407664482034301,0.45673807093505925,0.6476630149535517,0.7102000069009399,0.48047206237179596,0.40836208147964126,2.6634798047668147,0.8644906802783332
3859,0.8042873284442111,0.37085355642827345,0.6929506082878626,0.8082372978015572,0.47494719226034043,0.42497291011550986,2.7433333066199292,0.8621675756638906
3860,0.5210022953726067,0.6704937568055443,0.5240989361251613,0.6878390140272116,0.9653497172797658,0.7626530377680599,2.3981814881448984,0.4799148020827554
3861,0.5167118673626443,0.6006104235358083,0.5152739031821937,0.6503976728645765,0.7326818702064175,0.7970274043321343,2.3454475362658824,0.6079079379787088
3862,0.5483723265587207,0.585383975203741,0.3699389976988209,0.5908374001463303,0.6024163243218604,0.987886010703863,2.5708679651387345,0.8534133895063529
3863,0.5441453469447111,0.6521567171839382,0.445791587710216,0.6458179039488205,0.4625157131259054,0.8807713379018731,2.5152960983506274,0.8808119927459572
3864,0.6869236816518729,0.8116748203277134,0.7603682971303255,0.47319283234209725,0.7658901027285199,0.3919909206281495,2.458988533613766,0.28906419248393994
3865,0.5612645363940874,0.8060108980376741,0.8110298734654475,0.5360562598090323,0.5534469288719848,0.3655528863427189,2.4967077312750345,0.4973298845854325
3866,0.4294091177140149,0.8265534116176865,0.3713026274595942,0.505211611483007,0.6797809650748481,0.6126642768077882,2.5555423458262805,0.44740365567416357
3867,0.42234277856550717,0.7914565239959575,0.3863487703855566,0.4745814739260297,0.45717378981283036,0.7136563396276485,2.6315789041404782,0.45213635470940533
3868,0.7052652304121462,0.7328711938898556,0.7376673413210495,0.5401216415511241,0.5081424957498779,0.45299937257104955,2.496892122698821,0.19656691899863374
3869,0.6821778057255323,0.6471806874676248,0.7602997412122706,0.528562446414201,0.3654383201999427,0.4772988689282735,2.4985021476539275,0.4106745479288948
3870,0.9529578714849947,0.5941126538210495,1.0172340034506864,0.432314143915756,0.7031387752745346,0.43471489532167146,2.3942374725516244,0.7226679822656943
3871,1.0330912728455843,0.5311808456985092,0.9898340281817605,0.3907620091697431,0.5691665907137033,0.4646337483696191,2.483505254728397,0.6319189396721092
3872,0.7360741561537385,0.38421269858717616,0.9075128388925321,0.6542073932764675,0.6815363464975122,0.6175817903878005,2.3646738749352476,0.6619566201429652
3873,0.7530533445161935,0.32150593673250727,0.8919642163210496,0.7178822977372383,0.5914045249546739,0.7343376575277112,2.3214936060833784,0.7548249673432186
3874,0.6037191470789575,0.7670280878379873,0.44408690091339065,0.5578925778688083,0.7447005992774004,0.4168441896401664,2.2588180576744743,0.6709993009643256
3875,0.6366159161229179,0.6520491263096543,0.6112197604798306,0.6721315075721711,0.6251905930463925,0.3805711281947113,2.1781048503315126,0.791056104581634
3876,0.4638867412761565,0.9371298451231066,0.32594707659066424,0.6072948029456442,0.8937742031247831,0.5493135895952731,2.1653411571759076,0.5161457640587206
3877,0.4051344579174999,0.8345662965872984,0.35597063126208406,0.7219674085179376,0.748431723989482,0.5548365919603383,2.1707216923242267,0.6480486375889203
3878,0.566438732808721,0.7297312569009397,0.4541599033738507,0.500417083939669,0.4709715401003155,0.6453791205577885,2.5086858055019325,0.5130347496481962
3879,0.47658307528057675,0.7256042219132018,0.5283051651961439,0.524211634521547,0.36302277201507205,0.7348809672797658,2.5309383612594076,0.6412587103136411
3880,0.7667520990857433,0.3593941306551717,0.5300585036099672,0.5001326752935271,0.47968873431046466,0.8300991234015617,2.3657843094956457,0.480289961815385
3881,0.7500924435704275,0.34299031173250694,0.49661655706756175,0.5449428734015619,0.3797631388351217,0.8190542428422186,2.350246149826902,0.6321669547542982
3882,0.5979153989644479,0.5882750508684971,0.6126642768077878,0.6696395819587835,0.7540543204559176,0.6682346989704898,2.4239012626528065,0.6131560456920346
3883,0.5391266193754725,0.5640964975391068,0.6436442418196169,0.7310053323420969,0.6411640484719225,0.7712402706730421,2.354733299909781,0.8426463654456445
3884,0.6949538295302656,0.8906866532456466,0.7758231041020596,0.497202987793527,0.7952200589206763,0.41375434889365437,2.5739280370648854,0.28050817302472364
3885,0.5605337707049848,0.810415892190413,0.8125033123717958,0.628679408581823,0.7658860167108381,0.28256046900510895,2.6200281288974523,0.38317166618680304
3886,0.5851638611955222,0.7429273565625194,0.8756829603140748,0.7522716363427187,0.7299673644549847,0.38258914621606926,2.6586144304380466,0.6516208058213611
3887,0.509749631454174,0.6386850518910989,0.8340410959859946,0.6384827991750972,0.5227194880810121,0.3656510358186838,2.7561148610677515,0.7426606339461439
3888,0.4631393110617087,0.5869625388545472,0.5468549204364923,0.5489727078216713,0.5147211520318213,0.7556339782072284,2.479298179415445,0.7154741479418455
3889,0.5642942411164422,0.6204073746477634,0.5591527027729798,0.5698774521017482,0.3491743271017484,0.6862006648771493,2.466393040547515,0.7774242860422829
3890,0.40052576642335336,0.887541360876094,0.3826655236445871,0.34612225194850926,0.7269237091956439,0.7110945887332512,2.4513470728840026,0.7475678598858683
3891,0.3349913772998805,0.8357970757920947,0.5002014790701172,0.279647621292905,0.6616203201041141,0.7282054308848132,2.4758950074444,0.8829084312046742
3892,0.5266415563643877,0.6129311746866145,0.5518611420941512,0.7331483794089695,0.5800645975840003,0.19878718973599457,2.236907828316006,0.6741977540895423
3893,0.4159951223155073,0.48809055428724085,0.6316433740408506,0.7453449477562311,0.5203265581855593,0.20967269069471112,2.218223777894276,0.7577686053802039
3894,0.7827586357034297,0.5938529064731666,0.3604464722002531,0.6080280347645721,0.6599037257791437,0.6896135261050471,2.5376013917427804,0.602699886726032
3895,0.7243297233510599,0.578368155418622,0.3780781810769026,0.6273667213054226,0.4882899177524321,0.7261869897424696,2.6732959491302033,0.7849801032076618
3896,0.6204510940051088,0.29739474255430104,0.47127891756077606,0.6807986055399172,0.8949707043705519,0.36410837001476104,2.5972429741491956,0.8207123210308876
3897,0.5901370016610248,0.2705150356270274,0.5442975034183105,0.7295564821379228,0.5884853003574129,0.43813226568823616,2.5643449357422807,0.9043268916788951
3898,0.4519603831795175,0.5758733405544232,0.48017004029197224,0.5028615547029301,0.819792231658348,0.7732389827767784,2.4051334364130796,0.5586178129148234
3899,0.3776225578980742,0.582066622059532,0.4036696141674996,0.5836985943245372,0.6403591236255942,0.6905291063389205,2.413701786521425,0.7112570328471393
3900,0.7010760163914099,0.6478568477756564,0.3850642320416611,0.5778244225455822,1.1020899914686793,0.25611588257217155,2.479552994503676,0.5148544257087833
3901,0.613678604901062,0.650796822915945,0.3891049524854945,0.6809602034118356,0.9123533766605916,0.18624361058860914,2.4832820762069177,0.6382339378509378
3902,0.6961381753893556,0.20254621552204688,0.4078374792617734,0.8084549456799504,0.27904230777030353,0.5144176853265922,2.479922798855669,0.7794398379338154
3903,0.5327820276387334,0.19386576540075096,0.41417238174165905,0.7308708618982638,0.2123188157905393,0.4078633373269029,2.47614573651495,0.9586595593683087
3904,0.715719346369308,0.6004017939347485,0.5788420630106514,0.48787206016687795,0.9429951738871786,0.6354995277984476,2.57318638535206,0.5267904004661916
3905,0.6953763715169378,0.7028655005106518,0.5640355152729801,0.5484957357163798,0.7508739038853678,0.7376817149790196,2.59888438781252,0.5623846602113379
3906,0.5034991031757184,0.6585990352756563,0.6587883589590947,0.5604791653239152,0.8858500262328183,0.8319809784951464,2.382376605859778,0.6809636910460816
3907,0.3932594654262189,0.6977818799200538,0.7748917055848104,0.5601253545177485,0.8538673927973258,0.8515974489385465,2.509558089499445,0.7694963736575373
3908,0.7903813888990068,0.6875300166788956,0.8137515297478235,0.642279415291972,0.5734799875379849,0.6909297010156938,2.465180122634935,0.3199271252231668
3909,0.7296634746287711,0.6224974362214227,0.8022130851539276,0.6868211982996912,0.5493671734719228,0.7000462931357464,2.5025630202573534,0.45078096958007907
3910,0.8455721421904129,0.7665556248713623,0.5341959289043603,0.3481096549075373,0.763851158901684,0.7453919794853727,2.2810687456855594,0.7151772333841239
3911,0.8407322754018729,0.6319419084864276,0.7512295824379254,0.44712255939981776,0.49752805128375344,0.803114466992281,2.201825489614699,0.9776532781178757
3912,0.6551342826550495,0.6903892805144496,0.8257290055912858,0.7544968393397313,0.7170449626782736,0.3856288907201788,2.578367133914201,0.45808937004670347
3913,0.7227236091511836,0.6671441687111492,0.8075658944907262,0.7227885021725418,0.5738155139309501,0.4080393088567909,2.5574964923307015,0.6180002463567907
3914,0.727998421171609,0.9048929949828184,0.5052736152535545,0.46259540292621854,0.7511289668321334,0.8451159206281488,2.6264605824698677,0.6619589110103408
3915,0.6845586528303907,0.784880932227276,0.6394950842595295,0.5286447776067908,0.6303446373014351,0.9356518244820071,2.632308648325159,0.7831395013415972
3916,0.8608273378384202,0.46565896248661637,0.5739235279262188,0.6321489181996318,0.832755463541594,0.6789421853904773,2.4063498419599054,0.5102863890587213
3917,0.7450603638476392,0.3695463997949597,0.6159058509069153,0.6239246896405994,0.6834545951550491,0.674649291250689,2.329174700152806,0.6053599623588455
3918,0.8611222093873011,0.6369594392887957,0.6720269812111488,0.816602796810465,0.6373442156821938,0.5312007499995671,2.2253710036099665,0.6303015163275247
3919,0.792807399986617,0.5211133738811369,0.659468430022358,0.9704972093873008,0.5213234481076018,0.5333832551436541,2.2445825455003785,0.7029710483760941
3920,0.9016464886240394,0.7830501948805144,0.44625954153817365,0.35252986896021593,0.5372915481524947,0.6646302957878625,2.4635050293960203,0.45582988909066396
3921,0.8059340974881715,0.7761349907011863,0.5448596959670023,0.41623947450099985,0.31064034007484786,0.6630019864195544,2.547061682291161,0.5866952178547359
3922,0.8450454969637039,0.4780399222576639,0.49810750674122617,0.6745318358571015,0.7277832394230422,0.5147766036548602,2.3663419929056717,0.635328488528211
3923,0.8067203148003135,0.565020074545893,0.5679364098923434,0.6601039354863053,0.6763436904072262,0.6855818239385467,2.3327027259069153,0.9004549196379229
3924,0.8685154071763406,0.38577671331756175,0.5284850474812631,0.3458600384708007,0.47487736697933075,0.5320715893716741,2.550402850491659,0.5575921756768407
3925,0.7967869629018729,0.3185742062236659,0.5511960430722931,0.35482651712609403,0.3852268514179995,0.5414893573295796,2.6123653192412264,0.6347549868348107
3926,0.8749527930084077,0.7208317142758454,0.7220150386305144,0.5676988577128927,0.7161248733057335,0.7533375053038008,2.465879922736806,0.6933937255551114
3927,0.8103487808977632,0.6730343340359302,0.8873158914872383,0.575425538886057,0.48390542628418676,0.6805700716378004,2.5540072536742855,0.7872054814671248
3928,0.7621846608191172,0.9597813030734155,0.6158959863876114,0.7485873680973278,0.6273726750694948,0.6550174256448976,2.5717948545173157,0.5664128747435917
3929,0.8340172809297061,0.7426269543705517,0.6572510485358084,0.7588568447721692,0.4280128298820697,0.6875170876463302,2.604884187020426,0.6627264207882959
3930,0.5661939575022436,0.5946142872245991,0.6550685433917216,0.656800532879082,0.6726109458072883,0.6934489293196169,2.3401314710179366,0.6316503493093429
3931,0.5603691083198059,0.5596672652090944,0.660472718333878,0.7017957207943378,0.5744489763860567,0.6383433964716114,2.2592190754722328,0.7590431039423458
3932,0.49870542187435046,0.9052771729927807,0.684968513643032,0.49455626431426347,0.4902836975965168,0.576390369120363,2.2270381000759705,0.33673689420324154
3933,0.41434486563730083,0.7136230831730421,0.7649036757092165,0.5707098549010616,0.2935648699828184,0.6520811859973904,2.2340163295302657,0.5412984137582858
3934,0.7311506888096543,0.7243554061537382,0.730755026392532,0.5448453223090319,0.4171842251717984,0.6109456394739775,2.5031307434491312,0.8981443209350597
3935,0.8002704230566664,0.5561565023637657,0.7545083237468901,0.48088438931426325,0.26334748248929307,0.4772493710693055,2.6446945403558577,0.8832564635092187
3936,0.7040607323934649,0.6897032556871144,0.4985308949698679,0.3880912227756567,0.8281239784955796,0.7488824149086585,2.4783528303612115,0.6205061225071642
3937,0.7047660631384227,0.6530285780604651,0.5773887036678106,0.43349975913780064,0.6322341386430322,0.7974433941712986,2.4970422361635793,0.6447431919728552
3938,0.6392283616431542,0.576181987377838,0.6102581700212356,0.5778100488876113,0.6309772535145721,0.4286729966442756,2.498101552977154,0.7263713811662559
3939,0.620430766583067,0.494816610045582,0.6035014992005643,0.6773974765777135,0.44873011822509923,0.4043903400748478,2.5236966489644463,0.7736395774535525
3940,0.8184577723344997,0.5777568881319473,0.5437496845275892,0.3037890074124575,0.6393318664997557,0.44306619593505986,2.309882271695211,0.3211381753893551
3941,0.6649466915256564,0.46917712372142256,0.7005768491176865,0.2073581812366166,0.4756873993477607,0.4643666026322582,2.3695954745329426,0.4635828514499423
3942,1.0037707580517463,0.5583699730950846,0.5553104995523683,0.644259842982507,0.5322808173561683,0.5939411914298282,2.2209452589142016,0.5049015200341865
3943,0.948409986994525,0.519245469324537,0.5623093042872411,0.6088820343488831,0.3324236726414103,0.5599383217016864,2.122508745366131,0.7850429532201788
3944,0.3483911743028676,0.713478748209905,0.3225722288145744,0.4356898379338153,0.7746071216762183,0.9111726936981983,2.628289276807788,0.591734695967002
3945,0.3344595519549849,0.6591686262138255,0.3809711244880494,0.3800789361894796,0.6430602772234777,0.9409871956475748,2.6297690925991937,0.5817633306167536
3946,0.557580691269681,0.44832723268094987,0.4043209379148229,0.7645039272744122,0.6913212774151339,0.7878348579045494,2.318252455105236,0.6436239143975743
3947,0.5413778557000648,0.39180406307453697,0.4254632343743509,0.7949087707049844,0.5645465900748483,0.8205076021850597,2.3375146916214864,0.7917495277984473
3948,0.4179160123653205,0.4977997061597806,0.32133200821146,0.6602651102372386,0.8210326275239133,0.9361446148706739,2.479928154236306,0.30829504029197236
3949,0.3614051734080373,0.5987689754277735,0.46514831080573366,0.6448631134962679,0.7403773379338155,0.8100473572013754,2.3832747479224206,0.4950966848155074
3950,0.42607305703561943,0.9419606936343136,0.5672725802334401,0.6225469340803903,0.4481551719062933,0.8138673652535543,2.3876206275554215,0.6327860435514351
3951,0.34413833662372845,0.8870522333841242,0.7031985607737907,0.6573463087609625,0.39368387515928105,0.9112591109084704,2.448725784348884,0.7234213662442135
3952,0.6214857495204251,0.9021333252486338,0.6421839072082829,0.40904113103848516,0.6158161213248479,0.4968529124801415,2.5432540048881114,0.3091537242774004
3953,0.6212104317477012,0.6802341221238506,0.6954831887453357,0.42649933451507216,0.5195959677589075,0.509896257284686,2.5097847556551716,0.4906093594701789
3954,0.4681921413275248,0.5728984890716714,0.6682694000505024,0.5789317925927187,0.6201297660076636,0.8743885574508755,2.406763190406793,0.8204618398188726
3955,0.4162865062301414,0.4400352944458329,0.6311000642887955,0.6138987189092807,0.5469318962484453,0.7948740696249725,2.533895526712392,0.94206208288599
3956,0.37121391938194787,0.5595011581985097,0.31574819884271865,0.5687285809685572,0.6209268693435295,0.5683347862978255,2.5393943634962675,0.4167610122056071
3957,0.3975038832114599,0.5251668480950845,0.3310276326679998,0.5814539101474525,0.5465824193184949,0.6003116412316964,2.603636815886368,0.5075519790062312
3958,0.45829961953561893,0.8069646669858057,0.8417808814541738,0.7135910234853057,0.46622813030380084,0.8970919793899775,2.2977119845340637,0.7707230668446514
3959,0.42385014490598233,0.754722907112022,0.9113788571694326,0.7556196045492585,0.3943247360038651,0.7854955118857463,2.327520955840352,0.9104710258499374
3960,0.590382973734373,0.8206681785525571,0.7325494427714248,0.4143126306871141,0.6695777534506864,0.4478106272359944,2.4631968056935896,0.6685772006319476
3961,0.572196893819495,0.7790646782011866,0.821493182962393,0.36852467331220884,0.4773339931292709,0.5022656825786462,2.6010451209091587,0.752357455169554
3962,0.6649575775493806,0.37810139774975615,0.7744559867070396,0.6836783720599648,0.6212948059491319,0.7685748396595918,2.248464557323105,0.4867041309745994
3963,0.7256868009643258,0.43469210176980333,0.7370704476923453,0.7616114069842511,0.43481840017827356,0.7874283094637037,2.1611671630551115,0.5654011880425943
3964,0.6813827453985072,1.007163467120052,0.4925813672668156,0.5103290869116465,0.6182749657460793,0.6373302651452084,2.3828801070097185,0.2962095504532414
3965,0.6826570686981991,0.8890959342081617,0.49388010400623084,0.4721339386495073,0.42034389119932064,0.6874308456985098,2.3902683725391065,0.4441006761879252
3966,0.31360719478468624,0.618387912001,0.7343419914039275,0.4280871643017462,0.7856112747953933,0.8297245620523681,2.53214507754938,0.40151363806806184
3967,0.24357476955461177,0.6215212968424076,0.9013824073999401,0.419839791665945,0.5683376755486368,0.7404219035331315,2.438412763579147,0.5418651154456443
3968,0.7608173681616464,0.812481540324348,0.32658547130542237,0.8860280407715471,0.9289471176501289,0.885122325056977,2.168555851705485,0.2506189135346861
3969,0.6356839192222337,0.6272303831151982,0.3754330774854951,0.7694358145123952,0.7112377269295171,0.859680582310154,2.2555557330323204,0.3893314433787708
3970,1.0623739494500644,0.5561599899980116,0.6486974952064176,0.4498495710628303,0.802157210409903,0.2734065344127684,2.464497410179395,0.33214606400131097
3971,1.075380973286741,0.35457578805554446,0.6857013223409749,0.4056018133620221,0.8359248188259697,0.29913617343998006,2.443365153501621,0.564206977664201
3972,0.6176608092085947,0.6288206790316988,0.71753775306694,0.7883974735742261,0.7415046122820095,0.5373172309551738,2.338546705744525,0.8727750448615222
3973,0.5803241696694325,0.7019494971557931,0.8276572940305766,0.6504226846877361,0.5873986808533034,0.569066150370363,2.36100908786993,1.0207390603904776
3974,0.8648251851668777,0.6218643968873008,0.41683041436563173,0.7802463826679997,0.7853552629402906,0.66554154214552,2.4988893901771516,0.9130256262133923
3975,0.7758801756129549,0.5319923226923455,0.43116492225766345,0.8460594019359924,0.6665815530414726,0.692736448043716,2.533316319113454,1.0490020535210474
3976,0.49635127907659216,0.9150124307889846,0.6509773035844999,0.7470027780863655,0.47652515752771096,0.4363723751269052,2.4610710215354974,0.7674276610103403
3977,0.5849765805209252,1.0128380275752809,0.6052474392249104,0.7864219781433432,0.347255903181761,0.4395030459799524,2.5171605152729795,0.8242914645318206
3978,0.4997460311537389,0.46191142110772404,0.5629131731844377,0.729460623529333,0.700706635160403,0.6744759611130771,2.4536923726668785,0.36166492075592005
3979,0.45022328617005475,0.34911334483562173,0.5517734555209252,0.8467712848284579,0.704306106083378,0.7322038765967065,2.616957170947576,0.4369326999292065
3980,0.7045494367644498,0.7160618480307658,0.6144488286673777,0.5303991375250346,0.6422214975391068,0.6343217340868655,2.2549826544599054,0.7509484861635792
3981,0.6263020491112112,0.7015599637651936,0.568609082566129,0.5371527438324448,0.5456141014499427,0.6310142454619597,2.337844264250377,0.8770556083521814
3982,0.7271025699763429,0.8741232794599053,0.3387916563134527,0.5959144685894197,0.8002392096109003,0.6710561972127707,2.5016246464716114,0.6974186277155694
3983,0.7439728981015596,0.660918476993403,0.4403500702957708,0.5713172114325052,0.7638049734145121,0.6570450603270246,2.5304720273193064,0.8401503538145745
3984,0.6411387887902285,0.7869976981080347,0.4178236413909771,0.6311341669853728,0.5409624642443356,0.5747631538525592,2.337397060965448,0.6420496120269006
3985,0.6121909675991941,0.6603517753060444,0.4921224317161913,0.703982487218557,0.5822653871412886,0.7054111852631392,2.3724820410590324,0.829985578763206
3986,0.5260352213373651,0.5757255179570393,0.3913069388096537,0.4798125665891091,0.5142184971238506,0.5599110190111516,2.624174397206729,0.578469792528833
3987,0.5742840661423431,0.5301636283544249,0.464547506421798,0.5161091952323185,0.544642471209594,0.49388172389408674,2.5793913265267783,0.551512686668622
3988,0.3047427763605894,0.9218421666663777,0.650590236323726,0.5832791168511261,0.6013327693310119,0.5845636551950222,2.541001076079579,0.5804898535590325
3989,0.26134077361264385,0.9010758761814499,0.6708882224557956,0.6986401407844975,0.41293793964016645,0.5865697656882363,2.3534111712350616,0.6300947544728558
3990,0.721335390688236,0.5187235084989453,0.6059429054505642,0.6416880523063554,0.6018826312305748,0.37806031978468624,2.603488147047015,0.9004044002745346
3991,0.6437448574254074,0.4801184994241635,0.5245913033928432,0.5811421988107757,0.5696885515392955,0.4124664981779622,2.5462436531498183,0.8359763596937784
3992,0.7323319701554822,0.3933130493028681,0.4458971355756589,0.5476813694717336,0.6317084423246593,0.41824022961357676,2.5124224608571017,0.5802613196569151
3993,0.6801353742644499,0.312897778022047,0.5018404266036139,0.5442989480437167,0.5947763082175017,0.42789069008736547,2.467172282591164,0.5626940806806391
3994,0.6258227861385445,0.8768006180014996,0.3380966132087832,0.7615093467530547,0.8388312896531165,0.865236490604925,2.581755333843841,0.7413906445226687
3995,0.7351772834540524,0.9127537234788304,0.4073155184361812,0.7782164571184971,0.7750557695865545,0.7589163824128904,2.6206365069333164,0.8258836281947112
3996,0.9354286459605271,0.28682852658418867,0.6515290332304524,0.5810598676181861,0.6396059875056089,0.8467916122504997,2.24746358138338,0.6453310673242261
3997,0.9098378112533655,0.25265930198692793,0.7199886007152585,0.5898331118348106,0.46756361113206946,0.718110656376905,2.310972977217001,0.743758737857413
3998,0.5176769454554847,0.7208407325531788,0.7874056911742863,0.8852703955128951,0.7864668942675599,0.5569382105372407,2.4737603802714245,0.46627167439869643
3999,0.6184866598604005,0.6819700223664423,0.9718261380680618,0.9696670248592788,0.6894264932889849,0.4924719086461415,2.3874175285974504,0.6634510574508753
4000,0.6092259806357462,0.7469617001212958,0.6245838348983853,0.7172393938838132,0.711966449609778,0.37531460058748756,2.549344803041039,0.6606497113681865
4001,0.5083650758879228,0.6603259172409152,0.6459195410590319,0.6539862577638278,0.7020807278239147,0.41452517104340486,2.6482697731015596,0.8153229428676868
4002,0.5813999031498185,0.5176874083582235,0.4629846884582835,0.6029754523572903,0.7802235891161319,0.6460552808658205,2.577628546714636,0.5273881403368654
4003,0.6262178501722311,0.5328142625889203,0.5222211670492585,0.5525364561602141,0.6888030706156314,0.7652788354418458,2.5514159818180624,0.6292654161868033
4004,0.5902926457688705,0.6748688068754726,0.5604177599368032,0.4613026199508756,0.7589266700531785,0.36421102862939253,2.4969292899086595,0.8801772609278958
4005,0.6189862502551092,0.5745557210183708,0.6044076380361192,0.523422352696144,0.4883400139948356,0.38794977706333045,2.388684453507663,0.964132538087054
4006,0.5115688843937759,0.5657432665830672,0.6442222526516839,0.5727190299075375,0.7548148549653809,0.576487920212893,2.190637120334189,0.5417164466062909
4007,0.4347455103840022,0.5167167996222954,0.674289351418,0.6967527550478253,0.6680952962670046,0.5940615360742261,2.202204136981574,0.6645980608376763
4008,1.0121672226478853,0.6384380583133302,0.5353300032585969,0.7868712244371141,1.0072605950915974,0.6379183157590297,2.5418817799709887,0.3802865442861194
4009,0.9322034885282111,0.4711322917302636,0.6001861890651963,0.7426234667363056,0.6253318634962686,0.677810825024602,2.637004180150562,0.6078009454878606
4010,0.40037258844533297,0.9938375814157561,0.586592559240104,0.5536516477178136,0.6897291137522437,0.6953733070036765,2.4059295182445246,0.37217610822397723
4011,0.41390012848219637,0.9323279191902905,0.5053277975136393,0.579104874871796,0.6218613323740395,0.6632397864575393,2.4171039369880494,0.4714653519934026
4012,0.7155082506384224,0.6038047906433428,0.7491501590294551,0.46658687336961896,0.9977863540062312,0.7098016304954575,2.562526529044649,0.38961356115753737
4013,0.8200644849178107,0.5267532332563528,0.8082133074828183,0.5486172771276489,0.7393017797158805,0.7845224370199921,2.6242130090419717,0.5226480429121467
4014,0.5707642850196812,0.5994208975585323,0.48103612266687734,0.39354693858562195,1.0378356315504353,0.8057045420816342,2.414588196318373,0.2826214512712361
4015,0.6039447917302637,0.5771084536354351,0.5485279706665669,0.3745977854353706,0.9962718371348132,0.7951486137518103,2.4842522618218608,0.464767620430017
4016,0.6247103085693059,0.40005619270753956,0.4656971512008752,0.6816355174778979,0.7254851466317586,0.3965536018975744,2.5363110748972626,0.8316514058662532
4017,0.660441504888111,0.3306931277794548,0.5949959991047362,0.6591575649276511,0.7093271245199919,0.49245140596164894,2.520912988911525,0.8444040377356834
4018,0.5459865471942115,0.6069964437625173,0.5538534773128304,0.8603859130551116,0.6292689038210497,0.7070935016290822,2.332258587135247,0.4957474101793949
4019,0.604894897781698,0.5621333327573527,0.6561401908544253,1.0319444447212343,0.531004874168622,0.7466313538465168,2.331196628929395,0.6306877373463283
4020,0.6421644260282108,0.31930845954701503,0.6102790958267142,0.6059215565241018,0.8573675174774651,0.5029983160141392,2.4441963595340646,0.41735586282547044
4021,0.6653705028752837,0.2959358525683726,0.6011358719956462,0.6783255627231666,0.7200659996481965,0.5862679188708633,2.4997310591123334,0.4019696843678756
4022,0.5534518611316362,0.6028238942671266,0.8171853167811984,0.4793577170561664,0.6178961431167536,0.6077851272044853,2.508402243097761,0.3948918608122088
4023,0.6069870023641991,0.5266475101284598,0.7273083103265916,0.570320569368997,0.43954310244060135,0.6107125964331936,2.5454122718549255,0.49138673376743797
4024,0.7085131813963305,0.5619986144549848,0.4385743614510642,0.4959765424649478,0.6701313508430297,0.7795632470914747,2.3075782251398556,0.3509173778752832
4025,0.6482950327832534,0.4817628023382982,0.5635969071443978,0.45933903204813686,0.5377297331600915,0.8822829655224796,2.2904319082623954,0.4686247956920347
4026,0.8056649087419702,0.6638212849238527,0.6242199843104649,0.5991059464461436,0.841234084067873,0.47220334080953186,2.5622464542747236,0.31407965775131064
4027,0.7115003635282109,0.679072146695644,0.6794984241750969,0.6369510193948981,0.6696280975516244,0.47035840506725085,2.57890695603201,0.4988491584540518
4028,0.4464589050033654,0.62000780147541,0.4761130784437779,0.3245130231654453,0.6759313634647588,0.5449256104927805,2.323269139665633,0.41841415813462457
4029,0.3486285512198679,0.537816150370363,0.5465863300737263,0.43590051054371626,0.4814999904771541,0.5937898811981988,2.3116575574189326,0.6873049704110248
4030,0.6191166346812612,0.7592706163400417,0.6208728623458952,0.6432272304760323,0.6862491412316966,0.643743237537552,2.222125095634623,0.6975077589142012
4031,0.7082702738362435,0.6604540107996916,0.6737010529456442,0.5729044428357435,0.634526876053679,0.45247001335597997,2.101626619375472,0.7925472295177483
4032,0.834231018052868,0.7736810785396062,0.4699582335114624,0.766981902350816,0.7875915272234774,0.8725826566648233,2.463980381613456,0.6035873180274004
4033,0.8404493113811367,0.6912465198744722,0.6960063463377986,0.9214144445615203,0.6419705932061072,0.7694834446249724,2.5600430233251585,0.6761934016800168
4034,0.8502549928417861,0.4561951843039894,0.6233212438643876,0.3824721139434674,0.808568139793405,0.39349786384763874,2.4188800689537415,0.5985423092720472
4035,0.7744208625060421,0.4408578327258431,0.6968048942990699,0.33296944852329075,0.5090506775942736,0.3216348765332531,2.5037270386943997,0.7373476332114596
4036,0.7988115330707387,0.5872465243797037,0.5165274759388578,0.4003565948995075,0.999397152607224,0.7667088028493827,2.533349750830512,0.9669128857681816
4037,0.6747330670686837,0.470455956159781,0.44674186902410146,0.4013813858955201,0.8488575082429701,0.8495130932704256,2.521362059942846,0.93839490228693
4038,0.6805825775493802,0.5927434934171889,0.6899049100196813,0.5893066418705518,0.5597882082369275,0.768087579914012,2.5208748001972663,0.82166608997902
4039,0.859901717822793,0.5122994748204275,0.7766996493797037,0.5192777042747239,0.48520356464016634,0.7057584439217982,2.6251792839016845,0.8833080043770275
4040,0.7256436799904153,0.8611078357293305,0.4685167816967659,0.6079069164742884,0.9170429547219224,0.5515757119435892,2.403055282367564,0.6766535339975123
4041,0.598386242043216,0.802454548088609,0.5632889313005023,0.6514522326809504,0.7511880813518705,0.62550434739191,2.3209026662187453,0.6808392603840023
4042,0.4604484451041141,0.7420622956920346,0.4579526087354946,0.5156737242130817,0.6058377807061065,0.572357222328458,2.52262729236912,0.6739117255555446
4043,0.40269305166749997,0.6915424129277732,0.5760778841378007,0.528506571670176,0.2732890790191811,0.6406162295812012,2.5912433502037415,0.7712788825082852
4044,0.659886885991348,0.5902326850071635,0.5615633186981991,0.5290874717530547,0.5877799696124546,0.7373480563324448,2.5814401348729166,0.49742003728848466
4045,0.7166523647744125,0.5535842885666291,0.6092458849368034,0.5655042697782111,0.5250120502292086,0.7998574977307635,2.5982314441773404,0.5065294062815098
4046,0.7182453020831888,0.42333413784446183,0.5156221833452733,0.7311595318245371,0.7795969266670671,0.5775125359464549,2.6656123889309504,0.6530891372056067
4047,0.7651482757532433,0.48017310480523373,0.5859596951684332,0.555780321126716,0.6275459326110224,0.5568728943948975,2.6013307263221717,0.7796143648382983
4048,0.956361714435559,0.6481621822272758,0.47127891756077567,0.5181167503509382,0.7714384373713628,0.46119749520641773,2.3836441291534274,0.6740558852562312
4049,1.039542784477087,0.551610836144587,0.6461386335628307,0.43885401310000444,0.7273614710822559,0.4419879963248476,2.457721433441102,0.7398009469896042
4050,0.21506904412640532,0.14565179693823607,0.11243429828026592,0.00139118030984281,0.10229044903437522,0.15429363522428818,2.0616891939856847,0.22279283604875827
