,seed_245,seed_198,seed_148,seed_138,seed_158,seed_128
0,6.681397905662378,5.47512330536214,5.838922162952587,5.144600064959149,5.190287410254212,5.368070297636652
1,7.046835804252355,5.137104445791353,4.962922737182285,5.172100687652348,5.102553725670226,5.855362262164803
2,6.657818478020553,5.322754255853969,5.331560553207688,5.600803425052271,4.959723158360926,5.617982510793852
3,6.752674391626055,5.8876228880353585,5.553251362095229,4.8440073147850375,4.9164516379265395,4.955411056428396
4,7.0493813298225,5.633368479674435,5.980149996692239,4.781248398415695,5.359950301162055,6.600177310715537
5,6.740689777136972,4.354319535101863,4.997023322989157,5.051262030357856,5.437350425030506,4.946997188827425
6,7.0812132295003245,6.166226784927754,5.403644694224352,5.746185292783824,5.420415649220959,5.871555615207118
7,7.506129830083666,5.022504238792638,5.485504825687707,4.593298207368527,5.093046453277262,5.132983065764238
8,6.9375282207956355,5.586128221905419,5.572428543436566,6.12026926643018,5.668928280814724,5.050942781010599
9,7.388134178991187,5.74622345070947,5.2746358587657,4.834670055383904,5.415908099342802,4.825212265472566
10,7.060738363836165,4.979063404574355,5.850686718205905,4.622641237225812,4.743612933844014,5.1620501475669025
11,7.13382868656433,5.415185445290781,5.033442156119418,5.571767474342802,5.256354536646926,5.166082488770873
12,6.795219851671366,5.738621343706475,5.442094220186245,5.601406247802022,5.108400174529935,5.0002117804229735
13,7.21542614571732,5.491733699447337,5.194088841726133,4.9231088772850375,5.916409724059871,5.690365745016591
14,6.472230388361818,5.793586799682284,6.286854496452834,5.330821634401136,5.020283027224028,4.840768529226134
15,7.019926465594586,5.070297137621845,4.7556465457651305,5.223742007464322,5.488737486790534,6.019817541521518
16,7.062517584457688,5.160162295743366,5.237008447858572,5.3320561321813935,5.806361834370632,4.896684898589807
17,6.612232962243293,4.860981432777758,5.334408150004284,4.691950205910521,5.135904553164161,5.453262337047243
18,6.982523986398958,5.328648314719746,5.878107550987944,4.63379170190631,5.222407417196199,5.846253679426292
19,7.22688584390235,5.240412035319503,5.473494562086486,5.641230676314403,5.449628628764809,5.068168021609465
20,7.0996831301576995,4.237515915150567,5.455456308909308,4.904318768171118,5.3198655011315505,5.182499160950481
21,7.120128861659949,6.222952692809872,5.451565207129123,5.631554372018696,5.183726924769339,5.601414030575321
22,6.999625921635686,5.612795540433497,5.3226682737639175,5.030932566395392,5.5060143752176405,5.129089324577747
23,6.55368104739725,4.706996362965784,5.922123415477026,4.331068865620632,5.185865075535359,6.20666543945858
24,7.15833449501659,4.9523352680187696,5.513604447466822,5.530885509161734,5.569604441395392,5.928043191177753
25,6.897493399286251,5.627451207934388,5.715521715333419,4.557463303817077,4.946607330758173,5.338271516038428
26,7.007534961350973,5.741400621583417,5.299707448576782,4.794019338548954,5.091956601257851,5.33415619274458
27,6.54816976303536,5.420740177380833,6.055418004548135,5.227497780118456,5.500458255701621,5.405203302837702
28,7.052721313414086,5.614868079408985,4.529540903050883,4.829583098798705,4.921866788910025,5.019707444180823
29,7.227775521935922,4.794667763383582,5.727168108591587,5.214892126936815,5.30220432631886,5.250255363596763
30,7.100256412408665,5.974144035733019,5.490596643758742,5.061406392039568,5.148365075535359,5.834321964745794
31,7.474547936477272,5.4275835480501655,5.142010809779689,5.21312659938633,5.5720406255656885,5.5158953763709535
32,6.901360859875484,5.377538994777189,5.798152246300487,4.349001544328886,5.5063291694159435,5.177025064415052
33,6.8365841878046965,5.631327432386009,5.052824519367958,5.346733207803806,4.7696662972449015,5.590903576471032
34,6.642021727998789,4.782205086655668,5.432292309736161,5.9788128347406175,4.991684070530185,4.596947841791425
35,6.828370776070717,5.897704141887221,5.738632532816828,4.839907489314971,5.160514063609785,5.730909624412377
36,6.843471558974599,5.861913994777188,5.009631265973138,5.349289854761491,5.1355178195508095,5.500425026984624
37,6.628527163714323,5.717642213918939,5.4782209869428815,4.607967782098794,5.029796830409951,5.240208861333491
38,6.9179600648503285,4.977856078777831,6.401053645282041,4.529457853238193,5.636912810519661,5.473981174029366
39,6.609738723907523,5.98915292624911,5.19130525513576,5.134629393497575,4.524374235267235,5.338903191068933
40,7.137169922136256,5.0013722631441775,5.249179272371201,5.286706726236086,4.9222258654900495,5.2774971486333335
41,6.857351537169261,5.3720978340877,5.758061468249432,4.814174751697411,5.524815391560764,6.036198841617315
42,7.162386845926218,5.251160336285681,5.910960295547489,3.811205169241832,5.309978589680501,5.904637871082849
43,6.643640669590054,5.1737897639059165,4.952599948250324,6.4811972466269445,5.510780345425647,4.9699185363857605
44,6.801480555732127,5.210646268279937,6.323298696814081,4.450450472928323,5.309177251262135,5.5749573979152975
45,6.687948386294422,4.485533046483338,5.291561735267234,5.297534963548952,5.308537172963109,5.387661181406632
46,6.743554202450409,5.3433549308409445,6.111409933822252,5.450033849212218,4.9093733306928815,5.406232832869097
47,6.521288092400814,5.072331236790533,5.261717362574036,5.0664628270368945,5.722585979892074,5.180718203299026
48,7.130615967444343,5.266830656489406,5.872864071313511,5.147053145369098,5.445907269085202,5.230775479543851
49,6.845794735506638,5.149028795025331,5.204103299529937,4.956648554208828,5.01675676588608,5.635540615098297
50,7.737881804404702,5.415797934279295,4.651969942526941,6.183695647240618,4.39839982712395,5.568869617143931
51,7.010757200274192,5.472131897458258,6.928522855000894,4.7491386104848745,5.706853454234874,5.512194240555339
52,4.992733474821607,5.03038256474151,5.979111916956796,4.446185631397893,5.780639462199766,4.67789819581294
53,6.793757647327673,5.843546419677109,5.437936779857287,5.521386718750002,6.2405933051445,5.455020431428395
54,5.373256715224598,5.042778580866992,4.581626379156559,5.325962519824999,5.053268393780506,4.7615226028464415
55,6.903705241360605,5.6254269781729,5.024172042370311,5.090849852998789,4.4092528111725775,4.51567247456044
56,5.617573884009386,5.1965877273893994,4.496441005984552,4.350960500913912,5.428386273894501,4.407540939371525
57,5.356288157925648,5.467293705954049,4.8088711532034045,5.696312072205831,5.007644573642074,4.807698026223065
58,4.844515538017877,4.9479571369689275,4.7398628683191815,5.157583338287786,4.860630838178966,4.633381755418691
59,5.65663666589054,5.327043618971924,4.230644741012382,3.571575850061011,5.2177229062064745,4.302533016756637
60,3.3401021026070383,5.104623760685032,4.622277930645071,2.903678069376873,4.98291237832953,4.5887245606502445
61,3.9752069189371366,4.985278021500644,3.8229527605326843,3.727175823642074,5.1454289926880294,4.286854079126055
62,4.467605578864887,4.581012841356148,4.5063605823902915,2.435201784362067,4.557409084305339,4.485902331084632
63,4.6877129646805,5.729267052620063,3.5735575344707105,3.4701278238379487,4.355374500087058,3.9309001046091434
64,4.316762743906632,4.045845266800166,4.241827802924756,1.4129043857938517,5.129579557016021,4.185809885924435
65,4.946284404182607,4.33358095930534,3.6689132680405336,2.8006105487901394,4.6507280793001655,2.7675494868775887
66,4.119377366317077,3.9385553823119768,3.378025809888508,2.4455901063718453,4.902685580736409,4.843111861899354
67,3.9634560567548545,4.393542246409307,4.539731633748221,3.1348026663909345,4.6344661254570445,5.026462824838914
68,4.093337414106075,4.355974062935281,3.9494540251783965,2.474790994428966,3.86403511385793,4.9503804059888346
69,4.14588175541869,3.3335239649416684,3.9933248943026647,3.4948662003394846,5.414874057429537,4.812560468423542
70,4.407614063044099,3.145791814219176,3.762558866839236,3.569459795634547,4.785139567918691,3.8264636594924752
71,3.8445295806928805,3.8401359518192555,3.9549762954822,3.2839758252959568,5.448434443266913,5.322642139602187
72,3.7934100417391567,3.8340054335175564,3.8135315379525863,2.0538702464310714,4.765790219228808,4.312460590094015
73,5.522835715072251,3.7323598727149667,4.085864725931393,3.3946225786254844,4.627730968662947,5.248323996322251
74,5.927452527637543,4.057837449904206,4.011855534274835,1.8872285748171505,4.384151466704368,3.6482320362116485
75,6.97497261385793,2.97653427920437,3.793829372584384,1.979626196922901,4.767308651005424,4.123903470752107
76,5.640018692200482,2.9114285561019373,3.4937729309931176,2.2427837242339823,3.117670288279045,3.593823608722172
77,4.729692643366992,4.1155480526635895,3.6321821446726514,2.05973698687759,4.593688415041747,4.66006985058317
78,5.576384354630908,3.6347995419350316,3.789637034231307,2.479658444550809,3.85159308931069,4.134513803185924
79,5.650370536581635,3.6034417453865784,4.027387604065046,2.103167748520231,3.9249527395979036,4.829251701231804
80,5.453300291804449,3.404841597841267,3.2585507195986194,1.7284355532076874,3.7010518405292934,4.102351532773302
81,5.724340386055019,3.486460465115779,4.3644630621300164,2.863352354761491,3.8775666628004144,4.4886320477672355
82,4.917686067983982,3.4344474921874584,3.411070596056626,2.8139214637446526,3.39875202330705,4.223413520194985
83,6.542686970360355,3.511402500652919,3.7695384800008944,2.1762913566983038,4.108603619407203,3.967481788453156
84,5.140763521304771,3.121318253394822,4.1099910984940085,2.5182702684540477,4.339414763905916,4.384588731611248
85,4.374750817592233,3.9447885647850374,3.4095147055622976,2.5659506337046913,3.432093455453478,3.8680712000130257
86,5.615293737878729,3.4629851567940992,3.5613998502567115,2.384772223515774,3.9588924148894002,3.1925221684583303
87,4.911175910624198,3.6387701517452236,3.6560391896762185,2.90465024445073,4.6747246834305,3.8764692879090585
88,4.534844794415943,2.423689874586488,3.8798860833914306,3.121671904726703,3.5473379817418316,3.162981953625484
89,4.839552867883903,4.549736571748788,3.4776557583564687,2.7962060694202253,4.657442933517556,3.5996005434148026
90,4.526826345577997,4.058426872453975,3.7333868987856804,4.083711630113997,3.7165532642759027,3.4454093215964425
91,4.7101528436629465,3.951788740424756,3.5982715138404484,1.7831142216224882,4.392147954648389,3.2800708949991115
92,4.3787049594794505,3.4535268818331692,3.6057245986463573,5.411665647022979,5.0005246344229,3.143782664954691
93,4.847653960197661,4.2529125203690965,3.8040002180317933,4.130734682211896,2.500566762447909,3.6456431416260546
94,4.440102519933818,3.542960335741583,3.778966301096763,4.291968139972173,4.136909268736979,3.2072686795351113
95,4.454696952080423,3.7631965198902915,3.5434550800617277,3.9376211510054246,4.719979704017235,3.4202928289084156
96,4.486768097036003,4.312770725974921,3.569207139166907,4.669311123041426,4.50354808678625,3.279357343423544
97,4.2795457755266195,3.3856527313500813,3.709186286015773,3.2125307924791304,3.9049963839005666,3.312695312500002
98,4.570135189284468,3.8972239252916743,3.1972085519236173,3.0251158612029085,3.412235037887295,3.465691029117313
99,4.265628891386651,3.648540367339806,3.870933538692559,3.7763153365033206,4.255805369646604,3.129657124847655
100,4.497123832803806,3.855816491034147,3.2488939399589745,3.511455874521196,3.852491587939563,2.2161193269933657
101,3.8682395436977335,3.5105795399546906,3.2662929494906923,3.4235615613029875,2.801587100300239,3.9626999030945855
102,3.2162778689936875,2.3237510422179626,3.292129941874023,2.8505094074903696,4.846162700404775,2.954485103934637
103,3.8763416738334917,4.169138470643287,3.3568379454211907,3.7746831868906128,3.3952422976148875,3.2149549638754116
104,3.4588881738987824,2.957394353412303,3.451028684387938,2.7752748205300097,4.385076042762061,3.97300941628229
105,3.185454847166586,3.89428922987031,3.2720881001261275,3.4934587682799374,5.049052910275976,1.1886322619255751
106,2.996587377785432,3.472527733548061,3.6168145271805017,3.0246232712394785,4.822928092509635,2.597295233221603
107,3.5055728015973333,3.1966991554231488,3.0657807561584884,3.0894244191547764,4.078232739815542,4.730860209653563
108,3.987997936498862,2.697261947771693,3.551151155096515,2.8093606077210325,4.286989408252107,3.3452621041521016
109,3.14807703599401,4.202457253677753,3.083440757703551,3.9179436536602723,3.670506357351221,3.784433866839236
110,3.3844627868428017,3.2744919799356014,3.757043476932356,3.516096046396284,4.26622282581829,3.107807773959793
111,4.196477077276297,3.160113986529367,3.1046196551400427,4.069633767735839,3.451161588266022,3.7030125341442526
112,2.913278678316507,2.659356513165943,2.9955800905291183,3.638949763252998,3.3835860349495173,3.123456336438028
113,4.29799071528989,3.603517914802344,3.6577509827645605,3.4388149868993536,4.296283986855825,3.7355978913431245
114,4.812998635706796,3.1285427292609214,3.7418003490598717,3.215246398763916,4.06387865849151,3.3010365458739495
115,5.553042841573785,2.8620016461743614,2.813044711851368,3.8769133654900485,2.6686292663213607,3.249178922767235
116,5.108156067766343,2.8946660940764612,3.4187214973232165,3.692519111725242,3.7695710772327695,4.110223046048062
117,4.946384632116101,3.4558272628177207,2.8315917520236953,2.806572791129942,4.2577799704909385,3.020929162256317
118,4.609294578603722,1.4410219526245196,3.2049981886533145,3.1622039745169133,4.621834202668048,3.3995860944029195
119,5.141522257638434,3.8693706213657793,3.157094493275479,2.9357660318593912,3.6351986489162647,4.041476869711897
120,4.745005838178967,2.6905773222711233,2.799091124934536,3.858888805383904,3.8238074838092273,3.664130062978808
121,4.843426656097655,3.940897463004855,3.4373224751261273,2.2526640371692603,4.537412630483982,4.030067635097582
122,4.377722069354933,2.811133647153562,3.16953756663462,3.7871534432233855,4.073732555383905,3.0762199810455617
123,5.048524519912055,3.6810109688805857,2.8853648272543584,2.4761229452907823,3.9018305188457982,4.34180959797185
124,4.142193681188992,2.689062218118849,2.8457405837177143,3.5715271912430446,4.340724190111497,3.642979950100256
125,4.268892277245793,4.006784018780506,3.6321013059495906,3.1197417894325326,3.97766236786214,3.3639017359201517
126,4.262065442222246,4.1038197828603575,1.8883333718879385,2.447842741904702,4.152538160123628,3.475678596818539
127,4.456449824381872,2.6249760879177995,3.3694615326644812,3.939667691264809,4.439911730305589,3.067925031380585
128,4.165720705061728,2.8566013505396426,1.2859017673223248,3.0585730410864143,4.059944255418691,3.354877116360606
129,4.091821057973459,3.0895156123346315,2.4586116053489415,2.673475804361175,4.148174421352756,3.2558545812369797
130,3.6376544364553336,3.173304607111818,2.06926024214393,3.8963693484506563,4.0927147061063955,3.5692424545178048
131,4.4280283138491905,2.94932766308317,2.2364243151113206,3.098327199490867,4.093191865968856,3.0735239671396477
132,4.0534595330127035,2.977450023676861,2.2451235041346203,4.287663899525654,4.175334115685923,2.823732273502751
133,4.058549681776619,2.784202968097085,1.9938299363466898,2.6007292635576933,3.9426406800574454,3.858563938609962
134,3.7875717252567123,2.8534698874694975,1.5074138103455503,4.017636720947982,4.117205434061655,2.709685135880907
135,4.165931729543852,3.4601411695029984,1.5794730691808223,3.33666648167654,3.7936352443419112,3.8566308233156144
136,4.116053083717715,3.0385077723059104,2.190768732394574,1.941847755897497,4.249657751936815,3.7559771196683696
137,3.7818339185889136,2.7183089791521016,1.330117534905989,4.491035363814403,4.064785018606396,2.491814109853721
138,3.9436120991904553,2.4733476942461143,2.396751976519018,2.4691872649068807,3.6161822993775896,3.334351223363425
139,3.3080516665650452,3.6467881832563886,1.586863249325321,2.0919009943201474,4.358200417870881,3.2387991394716025
140,3.11063688392233,1.2788666259356756,1.8594522859504814,1.7218080007835026,3.153683269476777,3.0800508065807444
141,3.667418883791746,3.9791889320160214,1.5432172331998384,2.8780256067200676,4.078283542000324,2.748969984919013
142,3.5359474371300155,2.9986710491383617,3.3417677518279953,2.096889460001785,2.936362944311406,2.9060659443331693
143,3.9162527159210434,2.140733224865136,1.2243695092270248,2.5922232326776795,4.205791744298383,2.7101250401940935
144,4.122936146174188,3.1366577288040536,3.9346957722188547,2.4703997340703947,3.64714592914336,2.654151259139969
145,3.0846397479543692,2.690904557560119,3.4198602900417465,1.792133844250572,4.187306424529937,3.207285711220389
146,1.7947979381527448,3.3163962451471756,3.0918402440154518,2.3731548179839823,4.252753346883656,2.45908258402241
147,4.234332533360926,1.9984172761360082,3.4707091030205524,2.0595489043784805,3.7453830409991844,3.3552746217575296
148,4.975015497823786,2.901900303904133,3.3475475400852743,1.9931387629918313,4.318432419959866,2.5764249487944215
149,5.069673741404133,2.127771145499681,3.2909754481632683,1.994039145086166,3.9454921682406905,3.7397688215746774
150,5.068634759292317,3.0971897941983038,4.046266052794174,1.847568124543135,4.154423789867636,3.069419077015305
151,5.020431214767556,2.5297155176271944,2.4734388197031567,1.6699416815372157,3.7632904201992683,3.415377554622166
152,5.2315253842923175,3.1243248205084204,3.7917463437064747,1.6733419981067172,3.919279214027583,2.7796248772197454
153,4.646225255462218,2.783258731937707,1.786577025526619,2.925003823663838,4.187362166913268,3.682662304535286
154,4.24351701462395,1.4959690572118969,2.5343895277245982,1.790350799965215,3.6013214499694963,2.6839045063761273
155,5.1406797722841455,3.9581635796483887,2.3181028271457143,2.5244338690372157,4.203839724843197,3.492325197641109
156,4.416312902463433,3.0744360233939307,2.946885151288356,3.3098279768890047,3.3307588651853535,3.0899814366512097
157,4.589584980066186,3.991859915107038,1.9761695064849474,1.062763078647248,4.117190974059871,3.623579844968607
158,4.5336439316895625,3.369661153877911,1.9091256821466052,2.7879968986768615,3.1905356792957082,2.8797267634704617
159,5.157663342357286,3.978922514754533,3.1311392711741868,2.5144173923223243,3.603970891691346,3.428243714767556
160,4.997156080431715,4.026756075470067,2.47819054406772,1.6808050877654517,3.979658929600402,3.5154069486854267
161,4.529974975779045,2.50857991049344,2.4123704457260597,3.3314772105239436,2.8221034625042845,3.305897115598868
162,5.060416204191346,3.7106113025330068,1.8344497252568859,2.7585243822684484,3.7607273778942525,3.54427094620469
163,3.952388370995793,1.2798381805143126,3.0192797777898908,1.7858704220707897,3.4488401487639178,2.5694573593966785
164,4.253474478064081,2.4552663429447374,2.521207817440059,1.2484773949555823,2.1869670190414983,2.9925089604368886
165,3.6447346271544543,2.960082020782612,1.8209111604718504,2.58168107272799,4.481773314719745,2.910566196487622
166,3.4899490535776736,3.066167286603399,2.345290121779293,1.2288325058322054,3.6535555876783965,3.386730491882764
167,3.899573788757851,2.6047368470360017,2.575770342770801,2.169531385445629,4.2248728709740275,2.473387104152101
168,3.766163880266343,2.495247091377911,2.614258443985122,0.6020753138274259,4.232971527049918,2.5661186955082456
169,3.6364731880876278,2.7044280308582525,2.7474253512578515,2.4490262910646505,2.8051994114510514,3.181390540215858
170,3.151675101301379,2.4587434604151244,1.7250451847580994,1.4583087671917412,3.218320032816828,3.218210973298134
171,4.167450443201621,2.751516209697091,2.7046334946466053,1.630079027376376,2.204726492579209,2.72096314691416
172,3.6737812032119703,2.986297749847655,1.0979905798442637,1.6732496883921473,3.298716911124593,2.6461572751566327
173,3.9492003308887575,2.4770420851104302,2.7337410351671556,2.16096891297435,1.6124498860332543,2.4503239643975703
174,3.853666034623058,2.498518609614318,0.9219283848581785,1.4541907367687696,3.143965400918369,3.098371809496757
175,3.5854104293392357,2.707791295046921,1.4105721745081727,1.881139688500967,4.091108205605825,2.590110584588271
176,3.8329369109069535,3.2768321771630204,1.3067133990686117,0.5027203323249992,3.226514190786003,3.0449363350017844
177,3.330987959174756,1.4774471701122127,1.7627953372650569,2.1387019682711954,3.8903084010489524,2.555773460632764
178,3.8010442609244337,3.0045058805710387,1.130193783034468,0.8986345495299368,3.7575599789779903,2.3700713822466843
179,3.4058740381702255,1.5200652577906069,1.5569297023633528,1.500300683800487,2.873486012382442,2.98425016077637
180,3.168440766495471,2.781638324207761,1.262967978673295,1.5431606561629467,2.4639289756266978,2.401854566373628
181,3.7474983284949013,2.0112187836001545,1.6772784878134372,0.7229454628089798,3.6198397842966,2.5552187329386724
182,3.4836815368428025,2.8702163666215967,0.7479337886490315,1.5923836471535628,2.803745553642966,2.706928382660198
183,3.842422989336737,1.7724756006702258,1.062257212939563,0.5903386297657734,1.7163456351409343,2.522237471927183
184,3.5397821650417467,1.902715674007603,1.9608839119733856,1.0311225890928752,3.208640175748541,3.2632951572293782
185,3.720108220469177,3.317114173158986,0.5995387552881075,1.511954239336736,1.8794631320508088,2.5253361913299255
186,3.977206266517235,1.789457636881872,0.6192937417521801,0.28746357910429055,3.535626112138756,3.220805360854685
187,3.0679277385097072,3.903366535080101,2.3006067928491167,1.6210280594967574,3.9679228770238706,2.435399375674508
188,4.280822604500323,3.0842518978063054,0.5472447696508881,1.733284448772658,3.893008577232769,2.7126704193287123
189,2.4817910346230576,2.9442168731284806,2.288142717705334,1.0667625407381915,3.6199064448990312,2.931679200252429
190,3.294159596883656,3.928922232873382,1.1539012420786392,1.2993519247693393,4.565000554970389,2.560447888056948
191,4.928318925074034,1.7691197696508882,1.9351249724712805,1.373188396304945,1.9645397275852747,3.1902237386620538
192,3.964961494668369,2.820566476170795,0.9897736153377011,1.8096476771631949,3.8873750253307437,2.9768420465702197
193,2.3180801670438513,2.4046446837569593,1.6589253617252415,0.6348830200644023,4.043651576819254,2.476515645934784
194,3.351678507638434,2.247693922876054,1.7232776382965265,1.5765983681233064,4.042158376827995,2.6034705079647176
195,2.61826290300753,2.575833518323465,1.8020539734287178,0.8791404873563956,4.021104036733983,2.6511524747996686
196,2.84821563601149,2.042504098951051,2.3490954446378653,0.615321113030902,3.875673859788429,2.3971435606283062
197,2.9807924435063167,3.449952807320717,1.2004721519410977,1.7787722405771045,4.432196469228808,2.6944996905901273
198,2.931449688936245,3.2211919590224096,1.3877910852845408,1.3768620672657736,4.252440988923222,2.9609155958389874
199,3.3903936162082577,1.953728104630907,1.9570052512838978,1.3770144280771044,4.0897824469229,2.473270746909702
200,3.3784998452950648,1.5878560088570381,1.4631996443461934,2.171277523785681,4.33725756254353,2.5411168907554984
201,3.386233040433497,3.071757808104042,2.0103648382442576,0.6080746762708745,3.3753787366817147,2.544954810845946
202,3.1100870177140747,1.2389729084044547,2.2326944734504814,1.0614729062064745,3.820539090028723,3.1195666220838136
203,3.236342788170225,2.966071920155741,0.5373939972143965,2.3962659850713592,3.0985618431841404,2.567593825992227
204,2.8971664348885082,2.8553430871127095,1.310702010663268,2.006683994015452,4.2345852575513785,2.441149555710187
205,3.4039306471317983,1.6301418643149725,1.719090025983661,1.152791718967641,2.7367639914910136,2.6565009084478075
206,3.02943539630477,2.3538654526680465,0.770615890929609,1.8239905583869733,4.1916397881484615,2.9240438645324365
207,3.3110108268410188,1.943539674725812,1.7131807401853536,1.191484031989975,2.8104700631092165,2.647550044045956
208,3.6477685694202258,1.275164452298061,0.6276395613247508,1.902094150265452,3.0737374168697404,2.695701173811728
209,2.5197811883486194,3.643136958239084,1.0105928156989472,1.272255552424362,3.434557657250967,2.707347567069898
210,2.9785163919307496,4.02605753666869,1.1003084665737861,1.841566675465785,2.804216938653315,2.644114761729525
211,2.239504344511564,2.3228785990381073,1.5781275716834973,1.836999277659307,3.2625943176357604,2.9837417233851893
212,1.1491451412778317,2.9200590766016155,1.8031175558407706,1.6531834605023548,3.239831861681715,2.9582628264927964
213,3.8385717825121337,2.127297944746684,0.7478756100278316,2.2582771510489525,3.4776534685541267,2.6235662196203835
214,5.149243147131798,2.187621985658985,1.3638656536385079,1.5589760394542962,2.595175637012456,2.7528172216442517
215,4.755205321748788,3.4191502125260484,1.0472629178708805,1.4394425673747686,3.380919008769983,2.2919458184843777
216,4.836288230044421,2.4328095787125403,1.021802507812546,2.138831398089411,1.9200864627436875,2.58457662913462
217,5.03910274455955,3.196709092553162,1.0333376194724944,1.1609429929709594,3.7271061740293674,2.6956288170698977
218,4.830704724386331,2.572279036189885,0.9441912917391565,0.7330792668654577,2.3465864076862446,2.5277735707476503
219,4.827470112095228,1.978794968401779,1.755635221209149,2.1624779713832596,3.079984224691025,2.583408645521269
220,4.754329054905097,2.20894628479717,1.5714365508355963,1.6727992264537266,2.4710254878132627,2.4775594218096226
221,4.980881132725489,2.7319923928664225,1.1458615315546967,2.0019398492557468,2.973650746561655,2.507519802141255
222,5.02503079247913,2.217263330801701,2.320546387752429,1.76351208101934,2.8294128039257207,2.4995994268800885
223,4.574137426227346,2.3920817113727373,0.5359898360462779,1.0421248094969326,3.1851593067330906,2.5004549848101925
224,4.891552768236409,2.0737655699425592,1.6895555750130258,1.5459107431450705,3.304411833826534,2.80106037924344
225,4.0323734980631905,2.3129833410514515,2.4581901988597132,1.7298976898285652,2.213820615315937,2.47859618184191
226,3.2620265960785666,1.240274484113923,2.6779193220533086,1.579436794720638,1.7447856434975753,2.3740571402766917
227,4.636495216704369,3.239252387251859,0.8828801984244352,1.1353394032904602,3.8403967406641595,2.418304738161485
228,3.440992897175327,2.2468953702995234,2.034825123324356,1.4382212666260545,2.813006283034468,2.2961419805012895
229,3.9114868811586634,1.924905265037464,1.5899504410036418,1.4759107475410302,1.48704251122913,2.8315944024199036
230,3.7849095038301,1.9068850813675624,2.351678857242402,0.7871289783687755,1.970472575861818,2.721960215159307
231,3.923939823925005,1.7083002962004084,1.9179590837612424,1.524707380853969,2.747167619146035,2.769908035493439
232,3.5549319563675628,1.903916818615136,2.8059994301662643,0.9532414249652148,1.9386141814283968,2.4295719774111637
233,3.9484140052445795,1.7713125572554247,1.1250382256484621,1.1716650920525922,2.8516809438763024,2.397764599320864
234,3.481566463505425,1.5467485024591492,1.5261320477672344,1.8359707287169977,2.5155545157337342,2.807304683104042
235,3.8402081731154576,2.5906870700078515,2.222695310302022,0.6361353841834972,2.4172120325774253,2.4822135576470004
236,3.6886273217270245,1.804947386468533,2.117919267518375,1.3405112931538112,2.2010559350843835,2.7882149390015365
237,3.969713918240867,1.8336106462396538,2.195618530335917,0.7639491317678778,2.5814337737856814,2.709997211960187
238,4.1135519082521075,2.4874284779117333,1.5683062720229792,2.06449893025332,3.3331844240076025,2.5500945208042
239,3.6347510295525924,1.4690865519237921,2.0826553454256485,0.4433277478673138,1.3570573841617335,2.603013853847407
240,3.1265611125740342,2.0421381529640015,2.253770988596764,1.8869564614162644,3.2425771549008147,2.5559091393627824
241,3.7895217258008094,1.8521346089833397,1.337655349821608,0.5146087457128621,2.760940285841837,2.701176871931466
242,3.614198111007208,1.8928656794917582,1.2651057231024343,1.7279417112639173,2.8235002014929713,2.4848951115511304
243,3.3070735134706375,2.2831213161777533,2.064041509205261,0.8575209863987836,2.6276306730066374,2.3923008572422266
244,3.2161276058061588,1.4825304494691025,1.676407364336736,2.1535951330300094,3.1936062676054306,2.4758198929752413
245,3.6947907868645657,1.9137664067940994,1.6465698720404602,0.8176975389754904,2.9052374339310707,2.9656063667304156
246,3.571119263666513,1.7422005725758178,1.1198594553881862,0.5370070604326054,2.4660874966922375,2.261276759052913
247,3.1615537449295354,2.072875057255424,2.195723427576709,2.3257289139537267,3.3896419067070442,2.74022609618721
248,3.9560417613597134,1.5926211554013845,1.1802997071073602,1.1036023630309015,2.855358788104934,2.6803814482067967
249,2.8868213464485524,1.302211624042565,1.7854770222188545,1.551344042348546,2.4256722691940205,2.5206788633138326
250,2.4889222416653,1.0752786551837457,1.4686031321596285,0.946609067788107,3.5099869362161065,2.7720331923963557
251,4.1700721491774315,2.920363730501464,0.9607572002741923,1.066029938566259,2.296443994994828,2.5948824650940154
252,4.264588521848868,2.4296710997998443,1.4649756727889989,1.2508301797092227,3.8074341129222566,2.7712538935846314
253,2.6360455107067953,1.5354093237944215,1.0327496630614061,1.3410457182711961,2.4932754118210374,2.5524236076339775
254,4.364159253873628,2.6268648531076084,1.3085815120777473,1.5308159272718396,3.6046986213875427,2.5214943798528293
255,4.888558856371847,1.133139735288999,1.7334411860202315,0.8256189520586579,2.5109229722754054,2.6009136578385936
256,4.902634981720067,2.737855523807445,1.207607938588023,1.2498322090877012,2.7065639595447433,2.6725664442461143
257,3.839420110441346,1.1816423620299366,0.9793989076862449,0.9793405936194184,2.9034158821161005,2.605445604848546
258,3.4358000842400482,1.93366874614814,1.1368920228933608,1.2401370683539692,3.087550181689564,2.4080578587439363
259,4.391864370255996,2.1041564025069595,2.1385156228020223,1.6784154647893204,2.8806293109114107,2.448202213831708
260,3.936672662865531,2.0172020954474124,1.8108472091965202,1.1972974553011304,2.8858560407817198,2.5221638632050123
261,4.085198231589484,1.21725304406772,1.3991829495995112,1.1667763015320416,2.9795496669132686,2.8302366670003236
262,4.74886322619256,2.819868354696199,2.814476958369492,1.9779503964135898,3.10649070042654,2.435017864140861
263,2.6868813188326,0.43599456208648774,0.5755623750217663,0.8850367005788873,2.8667986120299362,2.3621298020324364
264,3.4249113785036416,1.152753482329282,1.6288015779074507,1.3106961790782432,2.924262468619419,2.3222772991599507
265,3.532879160602435,1.9349832479978972,2.5614287025374645,0.8349717092835762,3.1444699469228996,2.498316484440206
266,3.536298584501215,2.373753817069898,2.2035571215398906,2.381933244146036,2.994786545873949,2.565477500674508
267,3.3653855515538056,1.231301433669904,1.5746443407469326,0.626351689676218,2.1552584924486258,2.343890957542638
268,3.655701735376055,2.1306251376436087,2.628067937913516,1.2533317157686963,1.6238760846100349,2.6497851518540427
269,3.1490864098842244,1.4542805425226575,1.4992875649591493,1.1830254646805012,3.2672685418915046,2.4664628270368945
270,3.7747807754177995,1.927992941765379,2.643153640320395,1.5189683222058314,1.611693033165051,2.708179494798952
271,3.315557301575569,1.5155251216704744,1.0300994653987101,1.4989843771979818,2.39712000913997,2.700520878481878
272,3.4469975384313916,1.6671085447424014,1.0307414271631952,0.9709875440459564,1.69625138962395,2.5117350824773457
273,3.393917926357931,1.1212108631832487,1.6384585607155366,1.645790562238835,2.583782949033824,2.535782150178397
274,3.2128507300444222,1.7993553988292088,1.7074509304491954,1.4696699177402965,2.076670510706796,2.672772528529688
275,3.6508365750565526,1.689828455344658,1.1194514600888408,1.3990335887883554,1.846353422310193,2.627700875391753
276,2.7930556344664272,1.551935743710757,1.5789403133705586,1.4450923053186122,1.5785083949991106,2.7976488168306703
277,3.7637511121387566,1.681810152942238,1.6344516654552612,1.8815837660819565,2.487566446444094,2.5460114451382596
278,2.6328086086133524,2.2967668428576817,1.7266788572424008,1.4499252857330176,2.208633159905989,2.5283105108156154
279,3.3228557357678055,1.5779338607678046,1.8007626954431293,1.789429562521766,1.633083778747327,2.4762252488682788
280,3.058218904704939,1.0227008032729792,1.38207768673844,1.7364278678839034,2.3615847405771038,2.5402402065850267
281,3.0011633252959564,1.2955224079474126,1.7808344250957981,1.1541345770586577,1.6545907461263762,2.7063467538736283
282,3.241149702145714,1.6598481330301853,1.7410582380746047,1.2256124889885132,1.8920894941460351,2.5049719190459565
283,3.4039379448555045,1.5330477074555833,0.63305361775332,0.9651863476671563,2.1641263070377863,2.34328263083203
284,3.229997015385686,2.0797837688240346,1.15859041138576,1.0232914668131894,1.4397330888970001,2.6389209109722453
285,3.602527038736087,1.619346641560763,1.535479108852755,2.0417000534035625,2.415219711829779,2.4602841349668236
286,3.0385454451819625,2.1355487474755632,1.4661153001610898,1.8686782747432928,1.9626662570508089,2.517912793458331
287,3.3673925464615757,0.8946559427881076,0.6439818688413403,0.8600406596883501,2.6490814696856746,2.6140592291085727
288,3.408880605283825,1.6665395602149666,0.8493993993297787,1.160473198555019,1.7681372291303368,2.6108620078123708
289,3.0437800255483833,1.6722643730196611,0.9233412988987834,1.6364912575949067,2.6245515459827695,2.583430549682284
290,3.783236071835844,0.5726542310889141,1.054978032512134,0.9171613658382707,3.1202040042436145,2.2465141863900433
291,2.12094771681319,1.975177728042317,1.0163450823685272,1.6095917883443367,1.3275132669523382,2.3682935490511308
292,2.4937711939631835,1.6682214741904549,0.9551817592705529,1.1651777979631102,2.229729820203551,2.4839347460828494
293,3.6621200790607626,0.49934955625428507,1.9115911359244349,0.911287181232521,3.1956115144933657,2.587161147283972
294,3.4701726480021806,1.4885464830039634,1.429829292196199,1.4122901597754058,3.182319346274266,2.3471000561672297
295,3.244864531032363,0.5156486302010518,0.6978943787430445,1.039151606545956,2.5767425855674717,2.6712776592313077
296,3.891966121061084,1.4135284812194977,1.3021669243340614,2.090935417762061,2.9797109947554246,2.6001252455605144
297,2.9037907951339768,0.339510739858895,0.5962384634836607,1.37419136385793,3.0859695334695707,2.3612344278594652
298,3.6031130439589005,0.8354665323164335,0.6857898652288813,0.6621941728325266,1.9913294381092166,2.4889722091965205
299,3.121751830083492,1.8709060738377743,1.8251209478369845,2.2498702992905333,2.9737382515233004,2.575552359179039
300,4.041124605805984,2.2376529922964528,0.9709926874129464,1.6922027269325326,2.354089741904528,2.363456124477668
301,2.4571683838788023,0.42932877302394434,1.7441411777724092,1.1162504828516158,2.4765375391058986,2.6305918412038
302,3.0145293731284815,1.3285958999607568,1.1097916237161067,1.0081726821248411,1.1761285627174667,2.5604283634008884
303,2.8035802666913465,1.3925305040040366,1.4786865403682057,1.604569755331635,2.9256138086916676,2.3620474404377805
304,2.9486485244821257,1.0910689311454653,1.7368889661602724,0.7606180474843043,1.1048758533903644,2.255357953451373
305,2.7800585216312292,2.0973595253089794,0.5292668494516215,1.5607332204691762,1.6232200801705474,2.2643424638969996
306,2.892724710959222,1.2347478941067898,0.910559801140291,1.4097520673745931,1.022449951558088,2.671874582673222
307,3.22746296080705,1.9721351573597863,0.9105133753917523,1.0019692543089067,2.22764303538462,2.7347435176705472
308,2.544440891473707,1.7770282565937672,1.52423000683317,1.0504329561934511,2.058689251893287,2.640400767496436
309,3.3051244153029136,1.173024835393361,1.105654960023549,1.766555339919904,1.8992330635662584,2.6491575823685265
310,3.2954109909035627,1.4123632047352688,1.6297691056538108,1.9089462170743559,1.9213353528029136,2.7180634849625402
311,2.8325296825383557,1.3400320356675512,0.777231148698625,0.7562648773285654,2.580422110093124,2.5270714901635896
312,2.77658384039871,1.6906148487116484,0.6149902682364086,0.6740748034470907,2.127250752067398,2.614273028442632
313,2.9256111692853595,1.3797164090136689,1.420115382747254,0.4866497318724151,2.55585005836521,2.6221423873606784
314,3.8793128688632796,2.1709410395847044,0.9799826231067167,1.6667440539041327,1.886267588853647,2.466171110267235
315,1.8536900821508875,1.0131393790910923,0.8032946633878646,0.9446583790259754,2.633247396391826,2.405121279857112
316,4.052200288496684,0.8460309807842191,2.1430908711046115,0.693754726040212,2.436381509858178,2.377356461981951
317,3.0706261776635895,1.413088080866817,0.765614645543208,1.4248919892932086,2.0555089945595495,2.3285738713440156
318,3.4629049385662585,1.0589311255874525,1.6325773602672349,1.0023462539606836,2.1642230609114113,2.2910484254003176
319,3.3131498799834125,1.1644965617382657,0.9198296439981457,1.2428483659253269,2.8472009155858444,2.455706529139078
320,2.4203099283165073,1.0460775529682844,1.0106409894673198,1.5135107613161856,1.8579074491208798,2.7917681691547758
321,4.1571238983286385,0.8565180755787124,0.5551573621387562,0.7915960018062318,2.3540540202167506,2.5788147749389934
322,3.796667314132121,0.9533517931971637,1.3659275562760487,1.566215178490618,2.704766116643536,2.7247932842313083
323,2.8366767006877063,1.6860803977410133,1.9479485982547817,0.574364365860035,2.1886008379613267,2.531127529291425
324,3.5495489742992743,2.258753262099511,1.5209803817678782,1.5023920592140017,2.2087069717966,2.484783209457688
325,3.067289882290212,0.8657480234809858,0.7155422888013788,0.18627397321107853,2.8150440704213655,2.3829576198205418
326,3.858905002415621,0.7085075647415098,1.0666894170656152,0.4056327849712807,2.386082630810441,2.3294050888752373
327,2.793650324838913,2.0097679148023437,1.5015358130658643,1.0516307511968424,2.510088822466823,2.3895671814501602
328,4.169693198337379,1.5594066271326898,1.4341131733330967,1.013186853651531,1.7043456692635957,2.297057172201373
329,2.293494907294495,1.2002655148851167,1.2288249262273467,0.5706029647893204,2.865618740098298,2.365502732459865
330,2.586610254243614,0.7757234209827693,0.6475073632485403,1.2894091244994321,2.7319188628569657,2.4770613388752354
331,1.837896388862213,1.0720300002176417,0.9910648365903755,0.7648540367339823,1.3217242407729792,2.2870901212351957
332,2.9022526922657734,1.5638610063110112,1.0116700234592224,1.1395035885707163,1.787739865772979,2.2914257746560627
333,2.0801638252089014,1.229653301183819,1.0697360145804216,0.5850458707781534,2.089552033230343,2.355664197945629
334,2.8829235674398848,1.1810457204691762,0.7859914376305858,0.9342954809800949,1.9359507757442578,2.375285389145143
335,1.9148380538606047,0.8541447960698253,1.5388143664041325,1.106250902376376,1.590399244624841,2.3625730449598645
336,3.0060180634358504,0.8190304599364937,0.4398657786167437,0.7359304054447375,2.1952678790042115,2.3928131860200565
337,1.4129078598537206,1.3502737149851956,1.0576595186934508,0.7068020882877857,1.93181800343835,2.5152082408382714
338,3.5042071369689274,1.7669218496692605,0.6663209561279844,1.4249714296004026,1.8401972548963568,2.2435253501696564
339,2.316700741621597,0.5878348039039576,1.3037970550356808,1.0617970847623823,2.584879546004533,2.2748960161254845
340,2.418623423746436,1.0058390724232953,0.9743592902158578,0.7824126260880226,1.3790185694202253,2.458387936607681
341,3.202413117731557,0.4753784548005606,1.1675531641058987,0.9925535924225783,2.7025888945855963,2.4590308007485406
342,2.920120030074751,1.450588430470784,0.6689168775460296,0.7229261413213599,2.525425308865779,2.299837702058658
343,2.7292856858896477,0.6801869703603565,1.3312368597013735,0.6952881705910188,1.2900511539867305,2.356590432320542
344,3.24929847218835,0.9897391346403649,1.1533603429012094,0.5139306449338188,1.2106334098624614,2.5768622137013004
345,2.7747132801618077,1.1904616642366574,0.49766840920954386,0.8137511798615698,2.3213618365686117,2.6263050387794404
346,2.440160834000645,1.2687652159426328,0.8829269060541269,0.9467875627611688,2.0911616581868153,2.413309121191667
347,2.7262175338177936,0.7588408457738709,1.1654916110723248,0.9170450085958717,1.8370399395456347,2.5647647837525014
348,1.6975749939501599,1.3308175965789608,0.272427156010599,0.9680128859461987,1.6146327365077775,2.5670685033512948
349,3.592357783883086,0.7756660092923164,1.2181215171482134,0.7081518944985407,2.0670090050269407,2.581591966182036
350,2.0550067383573603,0.31622887156165436,1.2269910687673082,0.7583670135357539,1.815531031968211,2.544042337264882
351,3.2952771169262918,1.0489154945160217,0.8793190500522708,0.5682222411212018,1.613844809279293,2.5802960976018636
352,1.7625642243645658,0.32041793902330085,0.7499995826732221,0.2976365111856017,3.038839113139897,2.6005049633313133
353,3.111562982851616,0.6768572735027502,0.9653946540302585,0.4463839329081673,0.6389906960305801,2.4946895778419833
354,2.9755498662082576,0.9421020816722574,1.3066580740120604,0.8665582612073659,3.0354173097361605,2.349280673572324
355,2.0718717291085733,1.0307057622083309,0.8715705602584943,0.6767271554665012,3.1426421352062253,2.2960523211829273
356,3.5352509172397273,0.9477914436804272,0.7625738118906127,0.6802488939326793,2.7396777638404486,2.2670673190937665
357,1.3911460139275045,0.7385083250783174,0.6887801675879495,0.511769145847903,3.156633113117957,2.3020548758050925
358,2.083184705888756,1.1546176472188545,0.8604445604326056,0.8289434378264611,4.093629334044174,2.3806548813108357
359,2.1090066177750844,0.8859319393062315,1.4760471822118966,0.8389273063195766,1.5969727916956291,2.52165661007136
360,1.1904506105719297,0.8468270403899694,0.6294498563065533,1.1295992958304215,3.153104223363601,2.4050206345968363
361,2.9114663754135166,0.8214512927185328,0.7659762150940151,1.1103482916085734,2.597167619146036,2.4143683271674767
362,3.0382497693028405,0.37039868525849434,1.7409021890450649,1.0454267706084999,3.538006632638434,2.340617973167551
363,1.7905600087046911,0.9635630973624612,0.9645870667000872,0.8965869604586523,2.401150049551701,2.3180596612987046
364,2.0345753094314656,0.9582182054970061,1.2803337704779167,0.9994515212177145,3.510325913387865,2.6214429461829276
365,3.699746508878803,0.6814077073467629,1.1721289761707956,1.2237426389494437,2.0273506981197404,2.4539617105021807
366,4.064911098820467,0.8630586190807437,1.0097807054970056,0.5189046506136746,2.9299103340877006,2.417586178664555
367,2.8939468353715965,1.1708725174966108,1.14281473087145,0.2930705008050919,2.75387413781772,2.417036323446199
368,2.6782374548658523,0.5766071887186063,1.3204857051705474,1.0295037262143236,3.2970546682406923,2.3382763775242656
369,3.5349696226496747,0.8542266726148876,1.0350952288040538,0.5876814052706264,1.8533828675574449,2.3287281723537205
370,2.3740009805665805,1.0788944971273409,1.3448295085525186,0.9663925569289661,1.3366965072249202,2.2972950190632617
371,3.5600249477062267,0.9194191337482188,0.9495429962787234,0.5340298983721666,3.164357205779936,2.312783719838022
372,2.8944217054317143,0.7077432677140749,1.545073953930179,0.8696106225843832,0.8841688479936147,2.459126167196199
373,3.039998603782115,1.1288458492992743,1.1900981434975757,0.8351285819767768,2.6513633638361664,2.438794266995865
374,3.2822159938848685,0.7184546627349473,0.31745607161820555,0.8042751849973272,1.7359228368297785,2.2441946980762135
375,2.52247219433317,0.9527203323249991,0.888681191634795,0.551403608395714,1.5036542927402963,2.228879552075964
376,3.504652601975886,0.6811226568156891,0.4283914172614907,0.7554909250522707,1.2789511528769462,2.425593370669334
377,2.2033259409165855,0.638519796069825,0.209916384227025,0.5720804527984563,1.859291318702191,2.402731589158167
378,2.887070450143609,0.7725219586959502,0.940523238205013,0.5973779444202254,2.028881435541425,2.379375616099263
379,3.8279629839398113,0.9189809664649669,0.8616012872127882,0.3519969790650453,0.8194887833609267,2.465528178403563
380,3.837388650678966,1.259850355109713,0.7456801830169868,0.8767273586349418,2.983340540759956,2.5065062659731367
381,2.5105247676705473,0.7259994257703046,1.097460802054375,0.7523346475235493,0.4320328515843097,2.549614721535433
382,3.023804765690206,0.7528006859984673,1.0985825630876276,0.7861078625957982,2.943068842487871,2.3849696226496744
383,3.060037738400888,1.026771009531545,0.9842088783948224,0.5307436382528234,2.6217137508705584,2.3348784971926326
384,3.106458306363104,0.8714786111377913,1.0550429560846313,0.8006954710783907,2.989965182886578,2.5714392579647183
385,2.521882151288181,0.7446359898153673,1.0530383187020167,0.45456287493471037,2.7493488003134376,2.4729753529117326
386,2.8823741185584097,0.5863453598537207,0.52110500683317,1.0602853869471633,3.3849835298790505,2.3952427149416677
387,2.8497804935366453,0.4479141852802584,0.9131479397850378,0.7499990299008146,2.2336748028814037,2.5530442967225673
388,2.2278756034338927,1.0975973831607686,0.4721042294350324,1.2443063970012151,2.2175066816244464,2.5393939762796154
389,2.915254734309623,1.1439126365554133,0.5186841063283171,0.7687283099973273,2.8062716222798634,2.5337995524024235
390,1.7715244054012094,1.1810114539301797,0.9524952651678725,1.0633440192157846,1.8129756369908663,2.4276528370690067
391,3.1058746586654458,0.5068233499737801,0.9279070273981401,0.6003995810409286,2.9731656007574556,2.4606667740250834
392,2.1455611186454653,1.3979789624172292,0.9589193837046911,0.5578247269323572,2.029802672984874,2.5113941541173137
393,2.681800836307445,1.0843502532642386,0.3868135526853539,0.37772464103842907,2.48883487214928,2.4205894071639116
394,2.0528086042173928,1.0905010631527448,0.8464290499434513,0.24726444074247483,2.9783887101323687,2.418275129939885
395,2.9262165637186057,0.643812972384225,0.7267990271587372,0.5149301384269347,1.0621808970882707,2.357753622170869
396,3.5472974553011305,0.9461883495169138,0.5649816508095495,0.7656325686149611,2.704604089593445,2.4741488185061407
397,1.828999665259386,0.6764215314674661,0.7577270029595439,0.5783292795308281,1.447505355327352,2.388575538453156
398,3.0332610217400484,0.7859341613857603,1.1305942097188546,0.6967270156249147,3.0210790191069656,2.633940791826212
399,3.6079851523981405,0.8962631992295251,1.216098268475812,0.5208253138274258,0.8134632867557466,2.5844059956475696
400,3.8531918637708746,0.9487677920220879,0.46881825119684223,0.9633228819855172,2.228323504678717,2.444986234810194
401,2.6625635251566324,0.7610118646630197,0.43544484231375935,0.9079093215964413,3.3482031271979817,2.580710905575321
402,2.798239818984947,0.5443000016538845,0.5903877059105198,0.8250900766451439,2.8970665565589795,2.485545893910915
403,3.6113474464876223,0.9822765977540366,0.863681112922082,0.4025273096273411,2.044373396217715,2.4135986158817997
404,2.80314654356715,0.5863950564936883,1.2759842775504873,0.9559081582736955,2.333108175879125,2.434322867122167
405,3.9710626079169087,0.7676963547179628,0.9099146471970904,0.6494229618080143,2.901172777376376,2.4106819899677148
406,3.322170055383903,0.5430631353585733,0.6649517607067956,0.6860926356632683,2.8101996190154512,2.418129999129446
407,3.6477431344664275,0.3227206098101928,0.5061965474190124,0.626931367274514,2.1576568005744297,2.390217760641504
408,3.3749062351366517,0.8537346354238652,1.1566784333216817,1.0106752560063161,1.9938941497213543,2.5723805838265346
409,3.588812279770231,0.6312011380135956,0.7561146708739499,1.1408350433930392,2.949864388992796,2.4767142293262125
410,3.9491613383095494,0.5712779411124611,0.7323738476671562,0.7232124328428756,1.9701002912603507,2.3617736577297737
411,2.8166170603237863,0.6847045250913406,0.6813986048703101,0.7849849173050186,3.035427111420547,2.3446822123954654
412,2.8924209704256483,0.6717800508791241,1.0677532813588215,0.8681033909080205,3.4077397936542053,2.4538319420698977
413,3.17010029126035,0.6991193567200673,0.6541157406206319,0.7771106859112363,1.2420543252306648,2.482713242165695
414,3.3887040549050975,1.0452730223712017,0.46068143719530713,1.1207977135270137,2.624530622910841,2.549169188805662
415,2.5262626508530777,1.0848771774894783,0.37139151251302543,0.7558515922267036,2.1370185314241135,2.5315199590441737
416,2.192608082825569,0.7377994318201467,0.4374803289084154,0.5887267150069593,3.4020842808582517,2.198918618971924
417,2.886249790237622,0.514246894280902,0.4716822591834972,0.7338863691460349,1.3428298790912672,2.242998561390043
418,1.6974712919567962,0.1448392992470058,1.2737833685585842,1.1313367380309016,1.4267500974495169,2.275505234222568
419,3.4714936916347954,0.18453103803964221,0.8687433904943309,1.3078392656468536,3.702968826514736,2.335363653986731
420,3.372472126610356,1.0580306867602038,1.0809020448075184,0.6681225659601138,3.0002622439936877,2.4816648079734587
421,2.964470777180501,0.809384237922082,1.0260762376610904,0.7581374344967574,2.6340802942200674,2.433532999695307
422,3.271415492318042,0.8847772991599503,0.6830828086481402,0.6962049528855114,2.0638562692809015,2.268366875892147
423,2.908934396478881,0.8355363063848684,0.7902489704474117,0.6807061118122976,3.223403165738192,2.3404940473101927
424,2.90026620310315,0.5598481220402853,0.45371385878746423,0.40250903695162155,2.1920254729499113,2.413581099146926
425,2.933402261163838,0.24492236004959572,0.9374238195943368,0.44096092043867136,2.434103225213183,2.4152351309408493
426,3.2710676158382714,0.9463134596317989,1.0332800723364148,0.5825123012491104,2.0137741218445853,2.566048075796351
427,3.008801221709544,1.0243795818026658,1.0920634277071175,0.672850795569255,3.1429763863377738,2.613969017017804
428,2.3127786441938456,0.4484521631702255,0.6135668533034836,0.5779565885924806,1.9996771411472485,2.4585993106937725
429,3.110384644781471,0.7093302325686853,0.5798709919045276,0.409848257485912,2.7225826522677314,2.4385912394453815
430,1.869583653769091,0.4919344939283961,0.574003349081635,1.2345590446769348,2.188144465725168,2.531104936912376
431,3.506510157359787,0.3079608229891568,0.35800746289603547,0.9565399797397268,2.5117630213918254,2.525741140886082
432,2.6901876673703105,0.7665585998214335,0.6218827827733012,0.39464711120290813,1.867054742557445,2.495500514776297
433,2.2222849464876226,0.7255135807581725,0.6798014887273467,0.6571936833869734,2.7487178922136803,2.4518763131092163
434,1.8794570185846318,0.7621441943114057,0.703398365381229,0.9675907692591372,2.307693503351294,2.47323432601399
435,3.2677199171961995,0.7005381810584097,0.8831531464788817,0.8218429555405335,1.722513273546278,2.5804850147545335
436,1.2711451836699041,0.8432755472666651,0.6696211124868036,0.6679394236595552,1.8666206021064684,2.3662196226496746
437,3.9431199265538046,0.8499940219794512,0.7090747335262974,0.5322127229934397,1.8378726232155365,2.5597683321291242
438,3.0731995067025863,1.280014453407846,0.3473452794655367,0.6047515779290396,2.641961045416908,2.405080279356717
439,3.1776047420133477,1.2195992303055878,0.3970803173528292,0.5410331417348742,1.4769039134096287,2.3974650997779055
440,2.5227283925834914,0.7545922012751575,0.760782150178396,0.8527502114378533,2.600933813979773,2.463959418501858
441,3.6161583195725733,0.7152682919350322,0.9169386671961988,0.9459236015625458,0.9621372461916676,2.570418909122488
442,3.1619672331998383,0.8360250726844621,0.6621342571813927,0.5641585546656948,0.3303202805753209,2.3511221783600345
443,3.4603387040825266,0.9746905633270305,0.6691418092575293,0.5745632201427171,2.196044820290782,2.3065925189544414
444,3.617341733286895,0.6436872307842195,0.9462320004135162,0.4265621503960354,1.3315324001348683,2.5476449144541213
445,2.8144750858939305,0.6732857706737918,0.9226515916826059,0.28104675829117676,0.6533791793392356,2.481345637338914
446,3.995404731001859,0.6239402412517855,0.6639899290998326,0.697377741251785,1.4546024880091377,2.4249163754351053
447,1.7227436195160217,0.6592985377131836,0.6225384376088218,0.5312914178271775,0.8429427512838977,2.4549487738945004
448,0.8595842087394785,0.7282072261490314,1.1369902429056673,1.1034512541999117,1.8559014243122973,2.500857351692955
449,2.9073802430144875,0.5500969570420684,1.1563492578343098,0.7081305650897326,0.5910498915389989,2.5389733934540484
450,2.8334949094924746,0.34422542283252644,0.9458850940329331,0.6621519770847045,1.644940643715215,2.4615338596796104
451,2.4675783281684427,0.5788853946508878,0.9180968491251631,0.8307360696378645,0.8502205442853592,2.6057519847884283
452,0.8590488025330065,0.6218699920786392,0.8998807214701409,0.6179250991033989,2.286262930536251,2.458580677424187
453,3.657129876349189,0.6748702315677204,0.8184966443244294,0.4963235322074394,0.3559349239205472,2.4454200933800156
454,3.179051448533254,0.5595953301270196,0.9448468788518642,1.0635041628004143,1.5226390828690972,2.3499098446421476
455,3.030447691482448,0.5437715435671501,0.7299258319114852,0.5587362981370466,1.8659379784556562,2.437538642975242
456,3.287855523807445,0.7057205718140807,0.7095446633878645,1.113388629221676,1.7849115227411883,2.4557722763752365
457,3.3171226551402175,0.6431513395281536,0.489710293349511,0.8916730168654574,2.035384227454691,2.4022636782076874
458,3.1671569894020273,0.7397812626653728,0.9970425090311497,0.8331981848014526,1.1731809521457135,2.4243508082346255
459,3.524727536995149,0.6704739632877856,0.9584397876043634,0.6526847460828484,2.426253683822251,2.5195837214919052
460,3.0553025606720086,1.018554890668442,0.6465877951122128,0.4431193627914989,1.9684229001566325,2.2969416496125343
461,3.0623623133487947,1.0793853610507362,0.5011479629177991,0.23121156019320266,1.2986113366556673,2.5768945290520224
462,3.452390525352508,0.3769933695595498,0.6182478115206259,0.859072026397175,1.8946700531859235,2.511804168327747
463,3.132030697227594,0.42802024919473763,0.5353249432886775,0.636891323685427,1.1850453180057465,2.5109483395063896
464,2.880006817070074,0.7734045531641597,0.5374639964310709,0.1783273960653673,0.445005556297813,2.362001702907275
465,3.3590499190677203,0.8420857382050129,0.652068918480095,0.20194464301876955,2.675665941569503,2.3980059312325213
466,2.885118092074356,0.8583359501653731,0.4405900342530716,0.4366846189066322,2.7826378286907762,2.4585799214833397
467,3.318128273089411,0.8904276008661008,0.35305514721885434,0.38819186157289465,1.6882937588135107,2.3199325680708633
468,3.074180592074356,0.8113774043131889,0.46453645669384563,0.4409887239075236,1.134775979456796,2.391256246713826
469,3.2852701032817198,0.8873548691895632,0.5358866191025076,0.7456287493470848,2.853214106545957,2.4293984226366514
470,3.5454130098146504,0.4500856324860871,0.37479717561795706,0.795697902920299,2.0591746795786383,2.3681956109199773
471,2.222089633987622,0.3159301956823571,0.4260248717140015,0.6237142039954708,1.473592082890861,2.3612529146935244
472,2.6652962308495116,0.3044584060105989,0.8762554208521858,0.5616914315807437,1.595619443702191,2.515693037038502
473,1.5600466377089008,0.34163950626730816,0.8054080674181208,0.5679496316808227,1.7780334572161798,2.431799031554697
474,2.1123437478020217,0.6163323593966786,0.7186125842400488,0.596130024460187,1.2900547067593127,2.399610063218036
475,2.0880853170047815,0.6043774318419104,0.595149784731878,0.5064538622040476,1.88355051643018,2.427289045438671
476,2.3760549649851948,0.532529671548456,0.9370824739075237,0.9381240954256482,1.5019270585610842,2.363050486703478
477,1.3260437758748413,0.5327560584087371,0.7735836009096286,0.9054055634574396,2.002639019542243,2.3987761275677935
478,0.9801495793654572,1.0006942300879493,0.5618875787343041,0.4650958427053341,1.6635954914258968,2.391315192265774
479,2.486129124281793,1.0272595726626987,0.5487494406336553,0.2992457865381072,1.1794353963047701,2.442005249085918
480,2.625617215028724,0.8885034635924804,1.083245320747824,0.6966177529377798,1.8602990800182,2.489076046635512
481,1.7477004536690126,0.8792366097449011,1.1049942972666644,0.5472916914389201,0.9864334285776742,2.5368221023893995
482,2.1767466233896475,1.0284723237073663,0.4936137684975757,0.8447340066592336,1.454854805862709,2.438944958500075
483,1.78317941608624,0.993736442374593,0.43264728077119635,0.7169334451164955,1.4570093568288873,2.3587198302140746
484,2.519187749956474,0.5422949579343888,0.3684067031249149,0.530236531554697,2.1624300794960405,2.4154599162168227
485,1.727311908708974,0.5603210409121285,0.3746148679709593,0.5905614638534722,0.7512721029334974,2.3928956263274257
486,1.1737723716267707,0.6987535351887448,0.7895943534338922,0.6075553206605931,0.7365296186889934,2.436071577145713
487,2.5408629145847046,0.7467687940459562,0.9848581378830118,0.49989935473972696,2.1941461179709596,2.4223803019453807
488,2.4165474107110785,0.9550127841007243,0.3110974294262913,0.7146122984854443,1.3212210144716026,2.2988078224232966
489,1.1124424418740229,1.0208457518497593,0.26404428405719665,0.6790304467486141,1.635907813065689,2.315083751218607
490,1.7958037702602774,0.9323689751914196,0.9807295388449067,0.6329694404160163,1.5519844702515369,2.4086807021892405
491,1.8752024637881806,0.9199044259879435,1.1072150915084946,0.48860681598187783,0.9912656310714328,2.4461201550529874
492,2.8502103929970057,0.731423554774514,0.4015868971317989,0.8554608995038899,1.6180495100103507,2.3942903354151244
493,1.4286951577950648,0.7677672453211113,0.35853695880477005,0.5426068198553287,1.4210159680100292,2.4194666760314716
494,2.1639293252306655,0.3509329116033989,0.5678808277115756,0.7409844151940942,1.7700205690720034,2.401016728346837
495,2.8843443429665014,0.33317337034287536,0.7588101887403698,0.6420438920611579,1.2349161023458721,2.404870856458901
496,2.754285404008494,0.3691495920308285,0.402109095316829,0.2675135510314718,1.3079770877436878,2.4859233896021857
497,2.1936642997911036,0.3820777434713542,0.33284433030113075,0.4011173058842986,1.1056240888317084,2.469209428969249
498,0.7564088916042906,0.8150380924008147,0.7502250561672291,0.8319732178143291,2.271622129374023,2.3991024604804165
499,3.4286016070900533,0.7726711163386658,0.6962496525940153,0.9585197129611521,1.0128906927228154,2.3670475802793662
500,2.404349560650244,0.583579289998219,0.7412627884966838,0.7255054483809074,1.7424924247911036,2.4513962319592957
501,2.6095799110159486,0.5579116113987832,0.6942847069985405,0.6370017029072754,1.4343258561324423,2.384236681863674
502,2.549985754156559,0.5581760207390835,0.5545635631527444,0.8868766605152035,2.7913113795918374,2.176070665977419
503,2.024315988923222,0.6762505483764496,0.6260239693376279,0.6456918681668347,0.9915189867470056,2.151590506637295
504,1.7180723165477396,0.7153244516451437,0.216011801336166,0.3211773635749992,0.9800031288518642,2.545384710306305
505,2.68982539861157,0.7225510818679574,0.14875201231715038,0.3433663908425535,3.289175654073786,2.5597057770716813
506,2.934952252350329,0.6680399902071172,0.7822955806275889,0.7394864891626248,1.7896164607633471,2.362178731741656
507,1.8369199727977399,0.6427425772980612,0.815833238640291,0.6105112777679519,1.7107173730414251,2.384450278029293
508,2.4043499779770254,0.8135781101366515,0.9039223005961934,0.33031027572249405,1.1566578598537203,2.610140955344659
509,2.4554056421701524,0.847825078734304,0.7725718017714445,0.38614893081900653,2.6367118018802636,2.624227920199268
510,1.5302480025462044,0.6050897991599503,0.5569442300879492,0.3949780347101137,2.8270555750130253,2.3987042558755576
511,2.829328919459471,0.49686575108802256,0.5212648685366459,0.32404588344352414,0.8523930970360025,2.4081213161777537
512,1.182345841029863,0.7883785566460354,0.5917480807364089,0.799578097471281,1.945915751066434,2.379148123694168
513,2.7809143614424863,0.8546515641538842,0.5718173741512097,0.6156329859417414,2.005721192309301,2.265513233352186
514,1.7991174165216928,0.8322557533948222,0.35723524764967457,1.0568283578951438,2.768636011272658,2.4696644924921536
515,1.665151799247006,0.7034468100408554,0.3300323874694975,0.7068716591877802,1.0815957221230585,2.544316537299669
516,1.2613080365816354,0.5495137266711904,0.7584275606720082,0.9793811200601198,2.172604805340201,2.1894683409426325
517,2.630565718031968,0.488419635859143,0.8239802716529929,0.8213730146890662,1.4687657797049396,2.229960448054449
518,1.9502201946813926,0.6141705107067958,0.46600366895890066,1.0094685507050132,1.1468886253482247,2.542984180100973
519,3.168035196444094,0.5121446793609996,0.3997412977889988,0.8174591960741079,2.233566228412303,2.4638058057101873
520,2.8776282367687696,0.7770008027288813,1.2420811586003293,0.5747212093706321,1.8861142579431296,2.257547605610108
521,2.708727827145714,0.7943766671091433,1.055489526636403,0.8786804159121283,0.904124358047491,2.3230003028159367
522,2.280715360724277,0.8288242270194129,0.4705087825991894,0.962418394346193,1.5453190307929598,2.443313355588344
523,2.9699810237203894,0.7602671142714444,0.3336940456563106,0.9303265404770251,0.7374465474190122,2.38862989341052
524,2.3608749449425592,0.677545243688993,0.7535421764885136,0.5099181889797729,1.6513908854238653,2.407958668632442
525,3.327129533339162,0.6037836438457983,0.8672848066460352,0.6695151206910979,0.8883165543609998,2.3929706901983767
526,2.716930534818934,0.7429414315807435,0.6642082513056621,0.16900494626998278,1.331075046809623,2.2982343937368044
527,2.751404928098868,0.7717290345360026,0.54671089730591,0.16548938899279653,0.502905008487052,2.303803033056231
528,3.0866809416783227,0.3527808684713539,1.0642005362551763,0.64309225853058,0.4400326671526712,2.3914531607981346
529,2.9674526652811495,0.3842464835480606,0.7737610470707899,0.4629203009444157,1.2181890801270194,2.4272860564283967
530,3.0754826528334185,0.40479328862726777,1.014263440916586,0.7077833091051822,0.6163048378089795,2.342984180100972
531,3.003630380658094,0.3663199183059834,0.6757252257355174,0.40069331672167546,0.7876384535819568,2.2308862651025807
532,3.0724938166130307,0.9165248970447428,0.5531505026766128,0.2253359204386715,1.2271729700774259,2.2734201864335706
533,2.4607443418567168,0.8529708344359237,0.5473589725365726,0.4516226865423903,1.1117381392104355,2.329252457172651
534,2.419159743319182,0.4054573467313078,0.7953649714919045,0.5255252549181206,1.4789426708957139,2.622020819028475
535,3.206825786211649,0.40747198896674997,0.8322319877481459,0.4987709164779897,0.8212012756572025,2.5603251464571177
536,2.4982143840311504,0.6589148718228209,0.9669051675879493,0.3799761600365725,0.6160798493645661,2.636639648306875
537,2.8556655286386836,0.6022424732546062,0.7997221117470058,0.33988641980751816,0.5469650089223305,2.42930854915995
538,2.3688685793219295,0.7535209715354331,0.7066587622300945,0.9672492204038844,0.8707695714440941,2.441290930579604
539,3.1688749746692606,0.9335936822771889,0.6575858422484672,0.8774630175399637,1.6291697459740286,2.3808349778682056
540,2.9586334417871423,0.8041006491337284,0.6240543654247567,0.5981439674876956,1.554565931667799,2.561378791739157
541,2.886354259161734,0.8172125286169188,0.7143519946901331,0.48832496861941843,0.6528098561977335,2.4731447344184425
542,2.5926791198642447,0.31780040631529394,1.03085603638576,0.5765752797047644,0.5565632603368093,2.291680935084383
543,2.960340441112461,0.38940884261827885,0.7501167745691818,0.686200161320468,0.9863336856937728,2.3290482453646386
544,2.96764346589928,0.8299378556753999,0.6516451434758121,0.8135422420133471,1.385271422984874,2.5331689939066337
545,2.700433508965859,0.7327144264232217,0.6115286485898058,0.6049155451775049,0.36817837606625886,2.495577800726776
546,3.5004236395586585,0.6068729788909343,0.9547399037690911,0.7560374526462837,0.3366780881136741,2.2940533909296095
547,2.245469237247576,0.48853661359676337,1.0771050684845522,0.5735120678314597,1.6449092874737798,2.3432148646847835
548,2.2480313771762184,0.16921096283074358,0.6753059626131042,0.8579768058625348,0.5788254789997539,2.2781455734679628
549,3.296001654443772,0.1849794243340612,0.5114707518497597,0.9485386303098713,0.7083478384836611,2.3127851749868027
550,3.2902913016408615,0.7953576737681995,1.0486427496300157,0.6727478495167384,0.7069039855284022,2.5343665180187687
551,2.075801823467963,0.9276160098364143,0.8447330255701466,0.5291978313240342,0.7368405215006453,2.4679732618818724
552,1.173431589702265,0.5851980851539575,0.7729846585566261,0.6862086433017004,1.525812110201943,2.3633396317896427
553,3.0460110388013804,0.6091178993733064,1.0754101606459618,0.7314756089396363,1.0225348958261395,2.2322011165563054
554,1.8147575537516103,1.0948173383530773,0.7469561096143177,0.6159666952907821,0.7320386154465205,2.2037501332476497
555,2.1772225312717652,0.9376285841747564,0.8590964912517853,0.7735878309103449,1.1077086625610109,2.2275867402288814
556,1.9233005692896417,0.5579677033860816,0.7123009315589797,1.106479093989405,1.5110520524896534,2.5453230576252364
557,1.8272043153289605,0.4012616697639903,0.7295065010662584,0.9114179874868042,0.7355235156902066,2.4823974778682056
558,2.6523863520847044,1.1289772193158638,0.6316108703428757,0.6701695235462778,0.9904648564153732,2.5257309895977276
559,1.311951103890934,1.183117278355577,0.5340900959044542,0.7128814438108358,0.6134946997300947,2.4749790092052617
560,2.1112326908295302,1.2203621966399696,1.009292074643039,0.506239014058088,1.5335838018800887,2.4375665818897208
561,2.318353532425078,1.2487642502394056,0.8669129503612483,0.2913943616817141,1.0100028513666708,2.3760028321073605
562,1.6804132785079244,0.9010574012230638,0.1797830696161008,0.7552874124521919,1.6690606209305012,2.5726962126783963
563,2.6090110619341402,0.850923594968606,0.21077568710825187,0.6877680755787121,0.9350166121605202,2.4482362772022648
564,2.486727220991335,0.9498354799791299,0.8247084186759699,1.1246669221360812,1.2835111065241922,2.3637492286732953
565,2.069207071444094,0.8142849167609207,0.5020538379830909,0.7377368767627037,1.2388406360114903,2.4655458983068743
566,2.455318960872167,0.42869911690452767,0.5198491686542059,0.16965823259044926,2.0645857469969324,2.566263544437531
567,1.6444260141451439,0.32607602350275006,0.5428630290955502,0.1458154444202255,0.7200852107633472,2.5619057946771093
568,1.5751953125000022,0.7235244521892413,0.7893840391496015,0.46260592407289475,1.9406755312935298,2.4293812555057466
569,2.191215449381872,0.5938730234809864,0.8515978043609997,0.33431341504174694,1.116606423985839,2.3985307011010466
570,2.7296082628612477,0.9290710409121284,0.5638635670046065,0.775927283186815,2.12924502400332,2.388094825818115
571,1.6411376783817984,0.8056970770586582,0.6298313111072867,0.6908976661732951,1.0039008247518588,2.4589535147980612
572,1.1253618514319623,0.38516799188276357,1.0993508082346255,0.39104495134044925,1.4305702299138379,2.4237159410254057
573,3.060694712939563,0.24896365729449496,0.7596115271587373,0.41836069470315657,1.7404414293827637,2.4052805887881803
574,2.1336052887143238,0.3756598171134259,0.6390497093053404,0.6281190897022646,1.7010334891408605,2.560832049986804
575,2.9551702205562322,0.2723484039214388,0.4018411441938462,0.548945655510029,0.832717201275157,2.593619678795313
576,3.275969061607857,0.19999965039603543,0.8653017915432815,0.8059126811454653,1.9051930838265343,2.5159252664737077
577,1.2991439570203047,0.15439292966569437,0.6944840573207167,0.8869283760662589,0.5558859942113272,2.4745527192503975
578,1.840038431014882,0.7531493294089854,0.9556746988379494,0.4185680309670712,1.816374622867314,2.467420553098867
579,2.571613308778724,0.8399112342660954,0.6265618685148817,0.3343863245559835,0.3634067097188543,2.49318108319538
580,2.9336294716877798,0.5735592037778319,0.7162691051313019,0.7917560666781481,0.8546950008921477,2.364140338722889
581,1.5963508506266975,0.5222932143105143,0.7777698257965262,0.8037630703778378,1.3992416919830182,2.3774345935758903
582,2.488396073380907,0.8510748392452226,0.7101012745474177,0.7435749790868097,1.4250567124825213,2.2979141175574442
583,1.7454592323947489,1.0180081599059887,0.8422610300094592,0.715381446008816,0.7640486714833392,2.2745750297482914
584,1.8097463035123822,0.5561113999825209,0.7674805364728157,1.0934481429318894,1.1128890344055942,2.457758833260672
585,2.1620426576646565,0.6031126266321206,0.49173431994255956,0.999742256898287,1.1940704226148875,2.5099177039301788
586,2.095572036864566,0.8138517573990315,0.66885891308317,1.1329222477367302,0.5491459759313925,2.350836642779367
587,1.9724617044307495,0.8089991058930389,0.6074672629265397,0.9440513720185214,1.5737020447859296,2.276819736072325
588,1.800191488836166,0.5784872687587427,1.2408776564676414,0.794817406075891,0.7958012662995959,2.313858840964397
589,2.6401527803360927,0.5827053129568691,0.9786491493733066,0.709824142235269,1.5828760251566323,2.362548095055662
590,1.9211728516931292,0.4029983560236222,0.8327751767279166,0.3440589516233799,1.2947912041913463,2.4753186855849534
591,2.754236959348868,0.2921191023676357,0.8351148211829276,0.3098451330300102,1.169658999521196,2.3372065352105085
592,1.549872250478808,0.6009438865554132,0.6022975274199038,0.6674749757790452,2.0307638731067166,2.4173405490293676
593,2.861646607416512,0.6214028480589062,0.5231883853150455,0.3970389562585678,0.1951195450251574,2.4625421847579245
594,1.3265653535646507,0.654514080671117,0.43012788936278273,0.6157139711003297,1.8820750363422323,2.319705774873701
595,2.7963776839963628,0.5678013764144811,0.44563368954563454,0.8463948401373677,0.7209461829516947,2.3388541826469997
596,0.9984589081215235,0.8298876739858391,0.33446459159555014,0.691713678751785,0.6071338354586524,2.45919546720494
597,3.5226983103021965,0.7024132531771832,0.2334320725538785,0.61501597408146,1.6101229535601926,2.3856304098622867
598,2.171420500239405,0.9320146356415043,0.3742658749564745,0.7585879751478917,1.675716258704691,2.4341951853237855
599,4.230432329104291,0.9336337126783962,0.33000076033680953,0.6743311371430392,0.6055294215919839,2.5421942339614008
600,3.1133395640668287,0.32510926268713675,0.5749767194029194,0.7437129586090699,0.819272198185032,2.4629920262011256
601,2.040263565894822,0.3683116185584099,0.599344063283328,0.867797755919086,1.4798185094227252,2.4499135328603567
602,1.618508882246684,0.6116372230589062,0.1990300360157735,0.6462712638839767,1.6712207325904487,2.340051639036324
603,3.045764777681071,0.5064520464614005,0.3362404736028288,0.7042439751914195,0.6598301989685329,2.2504671440197344
604,2.6349098534340674,0.8903961091790394,0.14408209677483588,0.7262030170830968,1.408482197510526,2.3105620232198194
605,1.6180606991207054,0.9108009188936088,0.1308727184670714,0.9246018631179573,0.7070965121865667,2.3579811145759635
606,2.7901989242034784,0.7116194244428808,0.9459052501741136,0.9853470396282322,1.278592640059228,2.3525088227932813
607,1.3776558938020955,0.7801819624389933,0.8539501717878593,0.7848697443201463,0.45404178229449493,2.42427254119506
608,1.6424922783555769,0.9730038555885194,0.7797804979326057,0.5799512668652825,1.3637741895673985,2.5701593722579243
609,1.9250820119906922,0.8697068126957022,0.5256857481067168,0.44625646526812646,1.258297995408167,2.4346407180535565
610,1.9891847565502385,0.7203187489118065,0.9298874708173984,1.003310792696769,1.2400149362594595,2.271535808669903
611,2.1091619566067905,0.7325132036254844,0.6254486571856753,0.8521019330387503,0.6819952464310709,2.3524327778332434
612,1.549813925422082,0.569654826253393,0.6473397864945797,0.857655480871275,0.7382372494994324,2.204242655488265
613,2.3746292492600287,0.4960510692025865,0.5711975197161795,0.6973392337221722,1.1096316155771035,2.3254769457041222
614,1.4841554258138323,0.6580545878525077,0.8778348848146506,0.8067482861028292,0.6405812813805853,2.41257805288123
615,2.540305682929931,0.6164735988204679,0.691164083434784,0.6270153304534781,0.9063777495211963,2.4106554384792025
616,1.9879574887708742,0.3323205982546065,0.3018453851844619,0.4604123805275103,1.5102983240773526,2.467341936455335
617,2.106535524590771,0.409082516299596,0.27299439251819974,0.6186752747431179,1.078632253133655,2.4162496481980558
618,2.3881858835523433,0.3794268466007247,0.39457538594619906,0.08353869583470476,1.124350537343372,2.357861914758816
619,1.721967862486979,0.2298633445768557,0.35847871246075735,0.15083914674004867,0.8483221128567903,2.377740623911807
620,1.5223227548093008,0.7576449122561414,0.7766018421831756,0.7049972862769408,0.5163500902898907,2.3979947421221666
621,1.8235577486290513,0.6877300640885927,0.7823089918174724,0.5227508495169134,1.3331815704429546,2.345030506202017
622,2.287104716682606,0.8115982194898002,0.3941312406423961,0.6975739451382593,1.1829680529900488,2.343778423964075
623,1.20622692257136,0.8494525023068016,0.2838038611158526,0.6708636181885981,1.4820427209915104,2.410395901614639
624,1.053888868710757,0.7731605818461932,0.2929832777245987,0.8385933260792824,0.38386746498519586,2.276941304404528
625,1.6839106985550187,0.7805681432799371,0.4226907874302526,0.6875118205954766,1.25961097438633,2.2508770227845414
626,1.3949861670873793,1.0585658000956233,0.6055052386185271,0.7224112408600349,1.064728858896284,2.388097747105577
627,1.489463614902423,1.209415943767483,0.5391435418915044,0.5203163913866518,0.38964231304392477,2.258709126153315
628,1.4357732508703838,0.888581516473707,0.21388831374036998,0.5040253143715233,1.1323487513274255,2.460930123563583
629,1.8563597477367304,0.8989339813500813,0.16152607690631085,0.3200727019498386,1.0063662785296883,2.4932325955779957
630,1.0862780110332546,0.9658954440937674,0.5656627405988679,0.8899134673355232,0.9114984766058988,2.4077056625608355
631,1.7845368019018528,0.9727702387273462,0.5441171979673929,0.7130132311542058,0.3464541352932815,2.4210253523676353
632,1.2538279829604355,0.6921054092965994,0.5966837143322783,0.3799754608286389,0.5716978247300947,2.544362624434141
633,1.8729625622170716,0.5569324094924746,0.5451467957216022,0.3223025309453074,0.8064673411167438,2.5401540890493477
634,1.2393114005266186,0.8127406327037261,0.9613523079734587,1.2899943060585846,0.9266222014927966,2.518104835066901
635,1.8901358163736284,0.7270609892712693,0.9508536067418315,0.8781342379220821,0.23123769435493394,2.45818088222492
636,2.3112841244994327,0.7454599206127829,0.323263663344337,0.6092692113727364,1.0314178476452174,2.312034582020304
637,0.7568072993775892,0.7943862546351899,0.28674981337038363,0.7872453923440885,0.8670254839398116,2.32252751938972
638,1.6339849277724092,0.8209260945333281,0.5518256463700618,0.6524029664432024,0.9226408876218448,2.3768346134008884
639,1.9660086091574507,0.6899033837699826,0.48160607657985216,0.8069294204821994,0.6231717032337343,2.4074906112464367
640,1.7933607624259698,0.15803707111763554,0.87903490189757,0.665802931210757,0.7055823214005663,2.2060942328516164
641,1.4420290934453075,0.155686091116744,0.8609059405901276,0.6148230410864145,0.6108296247388352,2.155585930906062
642,0.9765643047527499,0.18820340028721544,0.5771837418609994,0.7755686916563841,0.9354414359767036,2.4757522622736228
643,2.2879891159035624,0.14505184660072437,0.6235510036777528,0.7412673113684538,1.3500859033773407,2.499597554404528
644,1.8233762646457135,0.5504180788648875,0.8032619984331757,1.1682143229022761,0.2545530732503237,2.205487304556875
645,1.3059335364945797,0.4124786596012942,0.8521511446291243,0.813654414998044,0.7121667189676416,2.1583807066067906
646,1.536486317396357,0.30524111115938024,0.7163056724625404,0.8895623766972368,0.6911752048223243,2.614006261577177
647,1.594442143454048,0.3638159569985406,0.7206026151853536,0.6045790042436144,0.8383732778334185,2.542797766908985
648,0.8737158055797787,0.9775781905248356,0.7437842665389991,0.6843707590093859,0.6137102360940887,2.4084531310714334
649,2.3860520414997533,1.0917872087612424,0.7989182016451436,0.8135598264710326,0.6691927578778375,2.418768419111249
650,1.7720483516060739,0.8923654989335705,0.5308978148068016,0.4395350015450648,0.8396606644323573,2.383750622693203
651,1.6980557743080151,0.8351816849537996,0.5892897782467578,0.2947747252784751,0.7181310479413464,2.379793074468928
652,1.9480115706390047,0.964681452058658,0.9429355212830062,0.7706068561759697,0.9063163000085682,2.3568631772065474
653,1.4427541160123818,0.8927886534426321,0.859750679948625,0.5040000825861659,0.7302466828430504,2.4239160472884285
654,2.178255952689811,0.48073488538033715,0.7513400045263707,0.9282133396152096,0.8015454005919107,2.3213347213177937
655,0.9927892849277528,0.3386124443984616,0.5923700895281537,0.9044613950208743,0.445906987204048,2.4129790323380225
656,1.2500168175269404,0.5859203218791972,0.5888470990816347,0.7358305948380228,0.7836515790172348,2.386866655662376
657,1.2406872731762915,0.4491480625652937,0.4758846023893995,0.6010135361681209,0.8964641511360083,2.3511969603498333
658,1.6295650292914252,0.4337044678359181,0.6539281431711171,0.5166821193419103,0.36894274081650696,2.3682266175574447
659,0.9281819943636745,0.3414200107938514,0.6112459665737863,0.49283494374554426,0.19933058437063184,2.5060861681971645
660,1.185404451318685,1.003841123259064,0.6369086372518588,0.13098795917475695,0.5203717841660163,2.482040769803235
661,1.3859956108983882,0.9889217456258063,0.7663866466312288,0.2436982844489468,0.6648924765407821,2.4846287620124548
662,1.7467919391974118,0.621061570094907,0.6265754261402909,0.46094034257475125,0.43945305727718886,2.4774782444724943
663,1.2503432181623766,0.7369912807276683,0.6079966233896477,0.5375232128742715,0.41749596657378624,2.4976282323728105
664,1.4328335585175564,0.9229916066763645,0.9860520414997539,0.5077684994994324,1.087389282164086,2.588274087721925
665,1.1543818082781534,0.8540766125957981,1.0089832584652885,0.5322331610157733,0.6953505792129349,2.471063995342875
666,0.8982924369123768,1.1191323571771092,0.8045924154334971,0.850556882050809,0.49076123150242873,2.4770598837264552
667,1.8827204721665856,0.8889380781031511,0.7064845082476487,0.7524065759486985,0.3958597158120495,2.4489517012533923
668,1.5764588657294516,0.9247008390711116,0.33813403255566143,0.6114475279855904,1.0806509899241867,2.417808674138186
669,1.3160966668915044,0.7092104122563164,0.3679251668262126,0.6516096926792877,0.8415857827950645,2.3902958135227315
670,1.1836801384269346,0.5514621933537941,0.6271748425529868,0.9107702618601082,0.6544318545220876,2.4099124141276627
671,2.5137184471840675,0.4942874928403758,0.5380708570029983,0.587301213440133,1.214845205148783,2.433237391538999
672,1.5495757289562258,0.3706600945986197,0.7858156497866455,0.8789781216922375,0.5594730735767826,2.4276112050834917
673,3.0725836113770195,0.4091993585915886,0.6451278915607627,0.6566146262838979,0.32065105984498005,2.3780356115728942
674,3.091719442613996,0.9004983538256425,0.7633051510923051,0.6940511011272675,1.1620135235027498,2.31626723265574
675,2.073241070965288,0.8639211928533987,0.6613726105501655,0.6385766439979706,0.4834353434453075,2.3196286243688484
676,2.3557378066677996,0.3898165670263704,0.857171372889078,0.6116399979108416,0.5911548455127037,2.335181752676613
677,2.327975346317794,0.33247629768017933,0.8831724002436875,0.8072284349755635,0.6261661678707053,2.2750001354456293
678,1.6104228027071177,0.6447360823032352,0.7882547662343042,0.7795623898851168,0.9411070213482982,2.571357798746436
679,2.418975405771196,0.462500135445629,0.8037395756224149,0.67027030425218,0.40276092648851336,2.5342209021587374
680,2.6033691744864083,0.7764654642452227,0.3949351507442581,0.8485791457606727,0.9562836460437781,2.3870291567721607
681,1.8934426389710326,0.7551363713440152,0.3664637971360816,0.8887964323424806,0.7722919623301737,2.4877612738945007
682,1.4527071243035572,0.9540773008138325,0.7538352129613272,0.4356455690720029,0.8471437180537322,2.366128497192633
683,2.8097251662821146,0.9618934890320413,0.7579397644716023,0.34666175343835026,1.0323629971708688,2.338988124347084
684,1.257064264558658,0.8763492534383499,0.5826874576079303,1.1787312290868093,0.7612119819159427,2.2100882696944155
685,3.198881431145465,0.8797271130744293,0.4647360101844622,1.0477400777333392,0.3738017766799308,2.2447884860723244
686,2.6637695312500016,0.4598769065982249,0.8460863735635841,0.6799829727106835,1.4062278249477336,2.436782895651853
687,2.3409333311281597,0.40652044409376675,0.8856970814546175,0.34351902254513783,0.690789801902028,2.4508339356502447
688,2.8395511308539696,0.49949919894659395,0.8024626679359972,0.8501372016016161,1.0293926587744409,2.381886807407597
689,2.360232983178075,0.4943551912648085,0.7090176714398115,0.9099404317548551,0.38817733384829817,2.4023223418784805
690,3.4054460898981405,0.6740024467052612,0.8319370000870576,0.5218640140580881,0.8730623051009727,2.4797752081300892
691,1.6100631166217716,0.6147568655335762,0.7728785313152939,0.47664659862459313,1.422411590464002,2.429776189219176
692,2.9155516054361716,0.5275047282381919,0.8296831235637588,0.9812438755439248,0.6157638031859237,2.492303158034468
693,2.5889620011752537,0.5843401696986985,0.6819269165215178,0.8667931190589798,0.5676007851018641,2.4689001954647183
694,1.7702249273155424,0.850249588744653,0.7934972080867362,0.6849202756136747,0.9515975334697462,2.4046920796046853
695,3.3956279256834243,0.8573632113292086,0.7477300618906129,0.8010756061759701,0.2919803669045274,2.486124680122737
696,2.6818173152203157,1.146503279160842,0.6426207270847049,1.121619354522088,0.7252787906293721,2.415297347384224
697,1.921634096405024,1.0883511027811503,0.5067571176880283,0.8257099310801739,0.3192693446203834,2.3850100703776627
698,2.0325883462091494,0.8696349519933664,0.2574687857981344,0.6897880643495845,0.6545285406729,2.3642847026025806
699,2.1480432654945067,0.7743743029900485,0.35368744274457925,0.6611386550749261,0.6555859986288759,2.4016965771457137
700,2.812130579953083,0.39548487051698644,0.7278572630353595,0.5048132306101083,0.5447009133878649,2.3701881458259635
701,0.9928111103760546,0.3384919926009726,0.7019558998519376,0.44999540940541927,1.106687050748541,2.3564590732938515
702,0.5699254845054985,0.5671318930622978,0.5860132630788871,0.5478979882485406,1.2132809791087484,2.354239316874023
703,1.2098462495647238,0.5400404499259699,0.638266789998219,0.4119159349755636,0.886885277942063,2.425461797484304
704,0.8114194536254846,0.8478584428969271,0.49116047392928763,0.466640070029615,1.2430408248606784,2.2835263224668227
705,0.7349122786820358,0.8025446909165864,0.42534634261827875,0.5173942725016102,0.7162527049311442,2.325588644629123
706,1.1721521213222514,0.7739334963004875,0.8340216305492745,0.8356157466920631,0.9568216806666593,2.2392840821073605
707,1.1053940924659313,0.6677415284861604,0.7644446430187698,0.7615816838440153,0.7385336245864877,2.1609698830735375
708,0.5860400177358388,0.7195268735637591,0.6849503011620551,0.4245427821203833,0.7329015278332431,2.2448195604326053
709,0.8800324551923113,0.7726000115771773,0.5023446523763759,0.30823009381529387,0.5972215567766187,2.315499878895217
710,0.8086610988204681,0.8490674380005723,0.7957414183712751,0.34964718332168115,0.9256086653246776,2.3322159938848683
711,1.4076340727497538,0.6579271769453805,0.7016096249564743,0.3258824480326846,0.7336180684190855,2.3018788170698983
712,0.5109634877262066,0.757501732633977,0.784785848863996,0.7426165648068014,0.5632654702950649,2.3052547365076026
713,2.0903697041260543,0.7644342885619764,0.6303926373171505,0.6947401091355117,0.5600451715702198,2.349510252611321
714,2.594144166782684,0.9344436795135221,0.8272467252351223,0.6120695477672352,1.1926156624304276,2.352733326188103
715,1.0395686365989416,1.0796667800965147,0.800281982808088,0.511182227258816,0.6413531360330793,2.4484526482198192
716,2.0292607249955443,0.5482488537385868,0.3607293290825265,0.8177577932406919,1.1796376569245082,2.1856996421482138
717,1.1633816811019377,0.4762751596665863,0.46198613736067795,0.7765082127654516,0.9946523222927115,2.131546995582279
718,2.2396662251261277,0.8453324419828427,0.8069875313805854,0.7978534349755634,1.1935393928446585,2.464478695399427
719,0.5816082986593801,0.8511509519280747,0.7744971910254057,0.5652065715311498,0.844195735898213,2.429920970425649
720,2.2573988652941734,0.6654112006659428,0.8572583928011306,0.6509230421961988,1.1265509502957811,2.3089993877741923
721,0.8582699887708746,0.6018851446944156,0.7864790196726519,0.6703367506962721,0.9584402049311441,2.2799756639970785
722,1.4757019451384346,0.5880023239250048,0.9965956565982249,0.42960242028632417,1.4958597835348626,2.4196583003132623
723,2.2608239285994376,0.5410994417434396,0.9639306449338185,0.3070642645586582,0.6338174187412615,2.3461772958521863
724,0.622832726061976,0.5842130516626248,0.6419616769020281,0.6827818429665014,0.6121336256962722,2.6093872946551704
725,2.875702779791995,0.640050804382764,0.6127553635967633,0.6849969410689333,0.7305694629830908,2.5447723000305063
726,0.5865363636402908,0.5539123634661794,0.7673079517974914,0.6207916000608362,0.4090154383703837,2.4243191133791244
727,2.9636500495517004,0.5323200454821996,0.6449610030248355,0.4920499487944216,0.8772894627654518,2.4669054384792037
728,2.4369113443809804,0.343979364880659,0.8402354805448163,0.8125624086219188,0.7805315759486987,2.41432314240938
729,0.7527033683625342,0.3532218215964419,0.8249487804884402,0.6385111109201521,0.960662251153314,2.4530531960305804
730,1.3298757179447376,1.1109838690156266,0.44544288892750444,0.6292754668784808,0.9168451842140014,2.3810520371037938
731,2.5380911485898063,0.8742434857458662,0.4490651372083306,0.5214394721230582,1.0531647485200564,2.346722988792638
732,2.3011202271717606,0.38614622368988477,0.3493076423876161,0.7401805050922318,1.4542197922179627,2.3327799704909404
733,1.1540233631832488,0.3015417123737012,0.34798091360550365,0.6322095308147244,0.9345058062542847,2.30848656295687
734,1.4479715292478974,0.5742865838700616,0.6705053762621342,0.9785780336219182,0.7712156569462723,2.490142414889399
735,1.427970688000397,0.5439291831910981,0.6444830085088161,0.8793264154987886,0.4735580195203047,2.3686063243383444
736,2.297472543937137,0.6409701583607518,0.3819074595882711,0.6069379024634319,1.2941894869864088,2.506914892757604
737,0.6935673317591373,0.43459596161213965,0.3539856225843831,0.4190315654813077,0.820488276854042,2.5375138962394788
738,1.5481969350190914,0.8221393983504028,0.17844465568414056,0.9849106203648142,0.6678487832521068,2.441772263709866
739,1.6474541248258905,0.8418593623346314,0.1427790659165861,0.8845216536820357,0.9061642888012039,2.4730003028159366
740,0.9449242325251571,0.5367493960436033,0.9618171731807496,0.7845944954734587,0.5147822327645601,2.47396581165121
741,1.7265198869254001,0.5174411265668287,0.903213824664803,0.682771556232521,0.34183899203511114,2.4071102052576028
742,1.312530093271196,0.6941855955997593,0.511937974582205,0.659396475844337,1.134714879548134,2.2621633803533987
743,1.188319611094089,0.8033376150765342,0.4922670080300097,0.46819408804838286,0.5368699942766186,2.2266048202035513
744,0.7551711906554189,0.5340339252044429,0.8050082044960408,0.7476772407947428,0.7454766704169076,2.441794856088914
745,1.6075822894758847,0.5635497538953917,0.7836971023893996,0.6264131959217605,1.347610580192311,2.429256833608895
746,0.640263013122415,0.6275772204256481,0.7897917635576933,0.6063066447597076,0.7616124763231432,2.3480012051923103
747,1.890824474777906,0.5004348963918255,0.7642049126914199,0.3624234699903699,1.1735639975408554,2.4119074529943307
748,1.0655315847406182,0.8420612733504031,0.5403760207606723,0.36974601943324914,1.166675374390613,2.3017595495299368
749,2.2091644715573717,0.7687340061367249,0.5478549011142445,0.3582952205562317,0.24697876971617944,2.2194077982023384
750,2.224085721666191,0.9300843849017061,0.21004927711520913,1.0858744598929655,0.9761804247040479,2.24787143676003
751,1.7559194260967632,0.7419007801618066,0.12170804374126179,0.9540490800181997,0.8255015569942576,2.2736791705257273
752,1.3837818324991107,0.6139135455257269,0.910173213962467,0.35494536755744466,0.3019240018279955,2.523258238096193
753,2.324443185672009,0.5436606115728945,0.9065680540998329,0.301059409144252,0.6553253562194977,2.557545315807767
754,1.995202538104934,0.7352255390188432,0.7431697586393993,0.4246827695638321,0.6856157576819626,2.328792881767878
755,1.2682548383530776,0.7164845847623821,0.7167125622170714,0.3056521064589005,0.18690397893446223,2.296079008117065
756,1.6975795845447428,0.8319720902897157,0.8973263753046967,0.5356149907512157,0.7157509447684482,2.3322978027071177
757,1.4455162944812348,0.6631084621562371,0.8771751921569543,0.5518033358721667,0.9861259321030774,2.3763901184931178
758,1.023852386686172,0.8828244560411035,0.14424349233980574,0.40647074745379974,0.525822814262704,2.4504363625305063
759,2.6641583514972544,0.7074644770847047,0.17741839654417318,0.3135155550792084,0.595248411081065,2.3682304302313812
760,2.5577694128657065,0.5433147430143119,0.7193859050312231,0.7966137938283173,0.3967491906771831,2.3279462231457866
761,1.5637842731329386,0.5514163313675622,0.6490645167131104,0.5396396059148032,0.4417883252959561,2.3436696463265343
762,2.4465985101628727,0.6094616025852748,0.7777619643105145,1.0574917955039629,0.9213358378525073,2.4558346959870514
763,1.269155919655346,0.5036579699686062,0.5899731011055039,0.9359962313936089,0.8849237496735436,2.4645201919393145
764,0.4105148305405336,0.6736880588438408,0.4130624427445796,0.6722268355892359,0.5828808976323687,2.419546048615852
765,2.7140768245561584,0.7802676736377913,0.30713501971617985,0.6839950790607626,0.7804393449468424,2.505278716312619
766,2.3639836124652147,0.5295865728585735,0.20605649225274997,0.7032223066460356,0.6520067807494323,2.3594406795133462
767,0.5989056928316352,0.5835304957346256,0.15031229023762202,0.6800624130178784,0.7897303140450649,2.3996434273806595
768,1.0872851518540427,0.7071207061499232,0.3496266098537204,0.6092247258225731,0.722751887338914,2.17478139591302
769,1.5267676819072027,0.6685242336349421,0.3229107789432028,0.5326673691895633,0.69968909718835,2.1807400287473273
770,1.9147380968183634,0.7035706004525865,0.7004762574860871,0.6886339202427965,0.6149886666521011,2.387171783621918
771,0.5820659338657792,0.718735190394252,0.6464957672787969,0.5224068644237917,0.5059223473842249,2.4142068638796945
772,1.3028731104631104,0.6973282477802585,0.6837112127872155,0.746331033099585,1.0366800283120494,2.2351333757398004
773,0.91664222438633,0.7214011000390719,0.580804738161485,0.6655766230631893,1.1112976144020281,2.1651702860810658
774,0.4962196270456347,0.4080226111158523,0.8083710513579299,0.8009662757660222,0.561773104957366,2.3921349497953868
775,1.8406329292088275,0.32536240420436974,0.7739480917478975,0.6804945345577663,0.4355698737159315,2.466094647980416
776,1.3591169292741188,0.6298400639797733,0.43286336990759694,0.5584722493906126,0.7563662895195881,2.4449503666868884
777,0.9073819800444212,0.7231246460000758,0.5973121971840673,0.3740822366164222,0.7222132779638266,2.3849563469054194
778,1.9292450240033203,0.6524165917914247,0.5688952662560679,0.4682187560714329,0.7574699700556619,2.3604375336001544
779,1.3540062070422436,0.5748729386968423,0.4801403981762913,0.5492302209915099,0.8013508550226575,2.3212848215093858
780,0.7854414359767036,0.8599601028464416,0.577105688979773,0.20661240420436927,0.5311134866164222,2.437696632203156
781,1.4871836152072921,0.8887321292652036,0.5541649522110053,0.12508319624821884,0.4335566976191702,2.3342592632528234
782,0.9667111747911037,0.3045706577080092,0.5197116174486256,0.7048057297179628,0.8138431399721721,2.25636238714304
783,1.8367190996039688,0.31008625078332797,0.46684462045169467,0.5873777324598654,0.7885960332084039,2.212713585175722
784,0.874437692701052,0.4767854018105146,0.3947488052750838,0.5453860409993591,0.4467857470185216,2.418513044524587
785,1.6091183844229,0.27396053283859256,0.3575616482851111,0.43854112547863316,0.34332427380744485,2.479021490707687
786,0.5628376574686059,0.31636857712394967,0.5339323885576932,0.532817778812619,0.18016688194198943,2.282043409209544
787,1.740010221209149,0.31550363483623933,0.5284868404420626,0.5051531888709535,0.22977799397192425,2.307517162734948
788,0.8288874135619757,0.5303134001783959,0.3719696672397268,0.32986696507225116,0.46845327530897973,2.258494977215289
789,0.864470495299348,0.5439968816155308,0.3892378595272618,0.3231451517452225,0.6424184664649666,2.319839502415446
790,0.7760966646935243,0.8595749708173988,0.9492924941677997,0.5084477845360026,0.6294839196771097,2.3478069305143117
791,1.4611119571508884,0.6652307545046062,0.7970365987334125,0.5252412531989468,0.4172640867425481,2.3766109446596295
792,1.6651307407294516,0.7687840523806585,0.843730678512382,0.7377684929054924,0.5432173686454654,2.3016757217965993
793,0.40832830283770083,0.6747541562064745,0.7161541463047704,0.6487448610289719,0.48093276956383235,2.3120899747996684
794,0.38092102768107083,0.6070210309888352,0.8115072404682847,0.9581960981675508,0.5773365199991104,2.47179805266359
795,1.9653124278812293,0.5564171594271832,0.5987335932059047,0.6148060771239496,0.6249448103890779,2.4539810319898003
796,0.8956091569682112,0.5484917085218396,0.42123359100792424,0.7741792723712017,0.6153410660036417,2.4201749487944215
797,2.171127114162625,0.5645276360985464,0.46975630616722974,0.6642977751783964,0.7064811696334071,2.444609573772483
798,1.4647187753307438,0.7053466288953921,0.6259963013144021,0.8918357321335821,0.7392601700251574,2.3957436404508043
799,1.6471821578605317,0.7325575427401215,0.46838696431051435,0.6870190841965206,0.5705588965659372,2.347375440459544
800,0.4006771984026709,0.3963779548876162,0.2991690533600351,0.8126547183364877,0.7858100213700622,2.472306975104364
801,1.92233569193949,0.3289473969359234,0.4241380467225671,0.5836490750565531,0.46397422810760836,2.3897612419698193
802,0.6632609474232952,0.7380982321551707,0.6664678916911709,0.7566223413343831,0.7496465518365615,2.4410880494646454
803,0.7984300668306703,0.6383292096100346,0.6277990166913461,0.6720689927968481,0.7146610927490372,2.4263224877914986
804,0.4286235679839825,0.09971231006261946,0.2017339681406124,0.518803373868279,0.8028994477932817,2.454525822553879
805,1.2977112931754005,0.12472774016359003,0.09274313007046792,0.5169873937369788,0.7748690473101928,2.5420261721578457
806,0.7515290003917524,0.8063882504135164,0.6947666606240233,0.7819600775157002,0.4921857519801679,2.356468175770304
807,1.1313632217965994,0.7547652710000755,0.7904389364119816,0.5433925927270982,0.7861173146762184,2.3628972912385873
808,1.206233949403811,0.7420163704734586,0.7831507212309128,0.9893002114162643,0.88853654587395,2.473776894498541
809,0.3431334054665014,0.753854884052914,0.7132104161297675,0.9476285819767765,0.8503861021282328,2.378896098711649
810,0.7307350208259643,0.6999035847404433,0.461591902855182,0.7189749207216023,0.7776348352845415,2.430155692831635
811,0.717480818353969,0.7065282378569656,0.4900475334913348,0.6029688155248355,0.40405909586092636,2.352673895586561
812,0.8024581560541271,0.5146237584870523,1.0022235690937666,0.7452700333609263,0.6460332138536473,2.5403612898676355
813,1.6062907973319565,0.48156451231715036,0.8944013461220932,0.6659361737029083,0.43340086274797085,2.521474359157276
814,1.1665516517016952,0.3591372885837398,0.5088204754743506,0.5486301730936934,0.7126100973406974,2.435313607742796
815,1.1115618773068014,0.32032813326941284,0.5249362606850321,0.4892769198292818,0.7282120876348681,2.3695691937673073
816,0.9535003303446585,0.26068400887880266,0.14872796478932038,0.5954188413996749,0.9522362243428021,2.4259374234852693
817,1.4336434466399692,0.3271289695768559,0.14743368680355715,0.34557008567629166,0.5012055100538787,2.3856746922440095
818,0.4912123249259696,0.6573859391538844,0.9081721183625346,0.9294627824468422,0.8064606748781595,2.343506581454442
819,1.5643627664737072,0.728910344555092,0.9059693368950706,0.6807682495429601,0.9631200576034725,2.3808394220272615
820,0.9053392524589738,0.9165899560628672,0.5362714015275833,0.6393413583521856,0.8934965766016153,2.2870805227192488
821,1.5272223958261393,1.0472866835175567,0.4982194596753268,0.5674040741859966,0.6241297111768612,2.255060743710757
822,1.259386121387543,0.5277562681711174,0.5788454996953076,0.5537324133443368,0.796727432951695,2.461718817722817
823,1.2038843458389878,0.4410715705517738,0.5038386870211962,0.5319804368253209,0.5721783232067957,2.455173548180574
824,0.9014779053359178,0.9551664756051087,1.0807313435976549,0.41509452300217997,0.20426357856019287,2.3649900540780693
825,0.921825991578069,0.786418957585991,0.9587982326992683,0.22308892431229763,0.17546012817718307,2.363190609592554
826,0.6598579914474852,0.6277950465919835,1.0195302689109156,0.596960767931714,1.0677614814589007,2.3029916110723243
827,1.4545159531466783,0.5154745903769459,0.9607061839310709,0.5134937296309074,0.7347032053881861,2.295047955214075
828,1.6922703466442521,0.5329324667478976,0.3199199915345413,0.699924372366744,0.9637701517452225,2.4652646037168227
829,0.9132724861376167,0.5021418279943309,0.32235605124911043,0.6561566524634319,0.5034912278682055,2.424658789758816
830,0.587791852215288,0.8106988074946527,0.6054323291042906,0.9276225406293722,1.113889091661017,2.2321763020977277
831,1.358647541195059,0.7977462589223304,0.6237095456780746,0.8037466591877801,1.0041797508268557,2.3153129129308225
832,1.5902862150067845,0.8668512976801793,0.5703392546569537,0.7454010427836493,1.0239298080822785,2.3729075757745868
833,0.8787231754222571,0.8161975153202199,0.5559270057016215,0.6228381513101193,0.45230864880744487,2.3253465567766174
834,0.8371582369864089,0.9381295774067056,0.3562810633703836,0.36462320571464507,0.9200014617427229,2.427026519563833
835,0.7375902908034835,0.8104962082608476,0.24447265405202234,0.24550460933138654,0.734385354456796,2.4849842858198987
836,1.0184732282817195,1.0245714202427967,0.7540905765580883,0.8189540763623878,0.6503005373649611,2.457693571074108
837,0.6200396873911825,0.9616511870211965,0.7402411876741132,0.7926798080822788,1.151696024373307,2.4707512877784747
838,1.625262672310368,0.14344903431836356,0.7991226953343099,0.7131782472145718,0.3765228759356752,2.585429333500076
839,0.8553918703864027,0.11794532296739291,0.6872166864988623,0.7336698516929541,0.3519802292609208,2.529765067831635
840,0.7167605895499176,0.5557111764665746,0.5431728153724883,0.3221078389405278,0.73627133380477,2.285054905531793
841,1.016313872562619,0.6817956929404547,0.5124109611768614,0.25502467241901233,0.7742980548615697,2.277073779965932
842,0.6163553691025074,0.5157563590266923,0.6425273118253205,0.7630445086829273,0.5172465809975758,2.5480543081693345
843,1.2684101771847838,0.45255157131351087,0.4937807924791299,0.5977085860462777,0.9444689658338132,2.515737872192632
844,0.8007793665345413,0.8890027197944949,0.7235425216965209,0.5794618800704684,0.6041919210262973,2.470236037713183
845,1.1481132537212806,0.9290668786342251,0.6715791776853535,0.4387717533295305,0.5312402660384291,2.441356271478881
846,0.7587524951687643,0.3908207298267823,0.33774465953600274,0.688781690459544,0.60750159718835,2.344410166717393
847,1.2177035847188542,0.36050857063882963,0.3744398470577667,0.631293718619419,0.5687436723754848,2.27475609640485
848,0.730515243471354,0.5841874025504875,0.5060240304665016,0.5329066144673198,0.29545776625606796,2.352215154835348
849,1.5424194365641541,0.5988570340136686,0.5564093089310708,0.5034383280596227,0.34507624373252094,2.378741380375163
850,1.4947419816110727,1.0902712809453077,0.5494745986463568,0.9398434003960354,0.9121507251043638,2.3255009932319517
851,1.489590123433176,1.0646227883878645,0.40483971437580624,0.9840431741164227,0.7780209484026712,2.429279911037537
852,0.548994867100403,0.7854801466747569,0.5422059868340613,0.45138205383866603,0.7084888637491106,2.379116361115852
853,1.318984090920869,0.7482316188848683,0.4578173614858391,0.4970321545743562,0.692746186803557,2.3304757658425537
854,1.0711945984287177,0.5372472080867362,0.7666907367687696,0.30834748887969415,0.17659516495469102,2.1933128705387506
855,0.6907945956650512,0.4826809158250726,0.6887768966965205,0.2639603886010459,0.23478883787427146,2.128082871974993
856,0.755982533926613,0.33441100356893316,0.7451138488857598,0.5109058728673137,0.9305981688283174,2.3627573037951386
857,1.0946455883313135,0.4549121388404494,0.6120315252872156,0.5491631430622975,0.6156374410906971,2.2266949078385925
858,1.2111506678489414,0.38771310012612764,0.31763351777936655,0.6955902418174718,1.0468809780205528,2.227575618841341
859,0.9768318385489531,0.28008806213001575,0.31768272936974035,0.6984220698990316,0.7859543175269403,2.1560664971055767
860,0.4367540543609997,0.509152989575964,0.5638763576992686,0.8251930117077605,0.7304231589050243,2.356018187891578
861,1.7347300387578508,0.4367582276288025,0.45584018895800904,0.8804652082173198,0.7934312357023381,2.3509903232938516
862,1.695333761685997,0.3879720842182844,0.7102704528856867,0.6121482211436826,0.7267855482460412,2.5338530727062256
863,1.1485471800139166,0.33561255451334715,0.6335131821681942,0.42226382024725423,0.4380552804665011,2.5641486852584956
864,0.9408446419089853,0.7234240210873061,0.4903299446161005,0.9372733422484674,0.674366802097903,2.48262781284805
865,1.5352279752567113,0.6639622610766075,0.6206192972666651,0.7988741334217603,0.7949114418304952,2.369782304883334
866,0.9299568385489523,0.848466905053162,0.6378511473712016,0.8881321600801004,0.9017124922962777,2.4430749449641476
867,1.0893284999347104,0.7870055265711116,0.6903516236288759,0.6926417856022591,0.6817802628394839,2.430606583086736
868,1.5515327563327748,0.9062617528726634,0.6412294243340614,0.6163473721708685,0.7401567394455556,2.283034567156954
869,1.3516675216965213,0.9688278387228887,0.5469580608025923,0.46944124107767377,1.096332916565046,2.3126277495211958
870,0.9882579694029192,0.5175990370820299,0.8839378705387502,0.3057938986550975,0.7438927622953863,2.4501445670481337
871,1.46893766517233,0.49819117115688083,0.8763688568071234,0.25610159829813406,0.8093071661299424,2.4178120804752425
872,0.7078121503960353,0.33114698622467187,0.7943316287865723,0.875580230370705,0.9770876194724938,2.397436540368206
873,2.0829168334784867,0.36491318545436985,0.6191078136097866,0.7398046896979819,0.8887536160994379,2.4256590501826785
874,1.2262577106545274,0.288072244428966,0.5931568324991104,0.4550217511315505,0.43414278155469677,2.4951591690894843
875,1.710131153660272,0.3606289547135049,0.5677871305710379,0.4026022380526656,0.32360556180355726,2.494614164367065
876,1.8299855443941788,0.5538656558364877,0.6322991224102718,0.6588313827035512,0.8851803652506453,2.286265840833813
877,0.8759867705212696,0.5675375308364878,0.6778526724407763,0.6326007872998443,0.8073584852889989,2.2975771483068743
878,0.8374138037516101,0.6666038523023438,0.5491959434626136,0.490760182690528,0.9364937615555885,2.2636303784601135
879,1.7271199348232162,0.641821475300239,0.5284812230153786,0.47059858835307744,0.5534254019193339,2.2214834616337287
880,0.5252265113160104,0.6757027010792821,0.6967291699816296,0.7382183453385924,0.9110878419002446,2.4842420961219194
881,2.059995892257033,0.6834892810758907,0.7314851397327694,0.5563495287255639,0.6654271835393206,2.454087034775406
882,1.1251806383398795,0.580765328255498,0.4652208173745926,0.7373509100801002,0.8214492738074449,2.24346723927127
883,2.0364100692678777,0.5713879707303429,0.4978272330910188,0.6324161001478915,0.9551784883791242,2.2584263086916683
884,1.103674437891577,0.5460346012796151,0.7398279702950651,0.701731813783898,0.4716826087874643,2.5156835959479817
885,2.0869956571639117,0.53901946959862,0.590709098624593,0.5956197145934452,0.6597820929229737,2.5230981622343776
886,0.931437518736804,0.3254677755048549,0.5811164079038841,0.3175282142016949,0.7768918896457138,2.4028733813543637
887,2.6533491537908547,0.2951002912603507,0.7347705542086523,0.26663339280113046,0.633268387186567,2.4399488394193343
888,1.838938078103151,0.762706918937137,0.624275879809301,0.4050720792566382,0.6189338415084944,2.352048694616101
889,1.9581604442025862,0.672481296809623,0.5654784817635955,0.2673247693244292,0.8798956709174776,2.3436766621690857
890,2.536202451122809,0.3137682792696613,0.901526146827104,0.47803581474133483,1.0803508698860085,2.4340287141146386
891,1.9921623359374583,0.2999505742512885,0.8084846227584945,0.45435463629442163,0.6943045922484672,2.425232286168121
892,0.7488667679752421,0.6732366158163321,0.7960662284123031,0.3543920272893204,0.5283635460698249,2.3768505962742665
893,3.2413241592965987,0.6985525375392471,0.5180033551530661,0.24652398807442943,0.6970575218053399,2.34679888731715
894,3.094299798485444,0.646389425879124,0.7238580828255692,0.5532733229891569,0.47576366554231675,2.490356281946272
895,1.6369650788431238,0.6040312923920738,0.6359334621778264,0.5058521449991105,0.26980718706472384,2.4165326120952284
896,1.9697084929927233,0.6729239869646452,0.4288671896979821,0.273938842835918,0.7958163467965994,2.4055985861550977
897,2.2363587710436037,0.6499176274154459,0.5523050960348626,0.33163638400938583,0.653944340202835,2.449945013557518
898,1.827020056493688,0.5273862843618915,0.712849128460114,0.5541251927010518,0.3787392260184484,2.5536936916563846
899,2.2898189355414247,0.5845811520063899,0.610404033991905,0.4162137123519374,0.30204577332863863,2.5269483312369787
900,2.372482548789964,0.3685660797787966,0.5083747285862396,0.501385742056875,0.33313716360550377,2.3510906189501597
901,1.89049050552751,0.2984405567330909,0.4663749724712807,0.4220460508138324,0.13478925520105167,2.342608771043603
902,1.6060730388884343,0.5790153662516101,0.624469872606147,0.8968266907860025,1.0148912922832547,2.368307591726133
903,2.563411153877911,0.4610055480284017,0.5476964945595496,0.8782050717923168,0.6558180139057406,2.315527682364069
904,2.3131022022545333,0.33549120033948415,0.6768580404334974,0.7755677215571962,0.7410462033207899,2.3798229645716815
905,1.6296754085132739,0.2949859529290396,0.6857068721491046,0.5865178768062318,0.629751025156632,2.3454622104151244
906,2.1885965292478975,0.8231920625433554,0.7232745705735377,0.5515006331605935,0.6444769627654519,2.346877492970784
907,1.6912210210655425,0.8391895613031622,0.6995878991556673,0.4822222537865725,0.4517253507137534,2.354309316090697
908,2.4388409856154576,0.5622650634356754,0.6712261578385925,0.8740430408687756,0.6535293180710383,2.4442337583782323
909,1.3893951605371424,0.49863545190631053,0.7094094019846257,0.8356858136315506,0.374935144150318,2.3744784223101925
910,1.8545902610767828,1.0808208674703896,0.34828326671311016,0.3834995000870576,0.7638157538301005,2.315876190328961
911,1.978299535863601,1.034374233069255,0.30041355599311814,0.29542919585646876,0.40233450108802266,2.332194518040534
912,0.7370138053839033,0.3018833399416677,0.6920760152333393,0.18310213013575988,0.7634580756659428,2.4000977916956288
913,2.3811868921701516,0.2919063408555769,0.7139257047352692,0.27438736457596424,0.39942670675913766,2.480214074621276
914,0.8921510791042906,0.470326542675005,0.9212681394280745,0.3690704903377008,0.8337548636838192,2.5216988735419954
915,1.5900407318071235,0.529280531532758,0.8727475109026712,0.342157542174435,0.7018752752872159,2.4772957116772565
916,1.14731678777865,0.5355934361941674,0.30763004591747756,0.3989910434365667,0.7216577156161738,2.265623748019661
917,1.3178159041390776,0.5027206142061525,0.3205534713177934,0.3984096288083362,0.30755608759134034,2.299676509662128
918,1.2215957920438514,0.36996385658948416,0.37412755682014687,0.6207129266843888,0.5883734810018585,2.301554153464396
919,1.438948375827031,0.30585658915816716,0.32108665544473763,0.5222017392495057,0.6454285753612481,2.3087814828951436
920,1.2702069932538902,0.6517952034949008,0.7604800789519433,0.8764041611681206,0.7732984149329274,2.3339526014317875
921,1.7644292129177994,0.780628194376698,0.6060463409643967,0.7204008396152093,0.9896746393845469,2.290594624847655
922,1.6681357062587427,0.6935647600756426,0.46361105697249366,0.6624002571161011,0.6806145013056618,2.399424755570862
923,1.0636388604413465,0.6972309411342252,0.506206134945059,0.4055806520934451,0.45248088387880253,2.4294925371039695
924,1.0568731253264605,0.5283583239901216,0.7065384458782322,0.7257255753394838,0.3017248656641596,2.380130810650245
925,1.7370107486508144,0.5110676180362508,0.6885686580562319,0.6075120193679571,0.4446685193244294,2.3641896180360757
926,1.7916819838962839,0.43958921006690216,0.751026055971529,0.6349340364075235,0.6173513885357542,2.2640216916781473
927,0.9830987237987042,0.43155721459344526,0.6252179616119644,0.5028333509531565,0.4942142337221725,2.295522825274192
928,0.8353259811106782,0.3604095946856753,0.690531088701125,0.5734440307929604,0.48225860695947087,2.239572110658811
929,1.8869247665607627,0.3138916523546123,0.5493884133878647,0.4417173559800948,0.6378904108416621,2.2881249300792086
930,1.4776488102367302,0.7070514061411824,0.6480639634181938,0.7267466911124609,0.8057435137970962,2.372349723624593
931,0.8939351612116486,0.6855573649024228,0.6325412889754902,0.6525357916085736,0.694571348124023,2.4280884326687633
932,0.7932250159731371,0.516006094206869,0.3645354188718448,0.5258130803011305,0.9048614721012944,2.3655413754351047
933,2.1689149373476555,0.5088806730066378,0.2521572580953016,0.48044956395800903,0.653277011207366,2.3734028161342247
934,0.7656101226714388,0.5798548735855228,0.6445813639667497,0.7981735757092954,0.8632055546439305,2.3599331340311505
935,2.3916676593401274,0.46587417141787235,0.5736556080474912,0.7865169067070442,0.7188878330867363,2.297914873498292
936,1.2535241069812344,0.470956605131302,0.3443447580953019,0.685944166238587,0.26429597042564806,2.428490810541425
937,2.4181046996212747,0.516100355109713,0.3086678437717659,0.6464581731154576,0.15862168891448108,2.3958289233329215
938,2.5336116163388405,0.8845080960566266,0.4878618404420631,0.43159822608373954,0.31686387421650114,2.451389701166338
939,1.8472843259924012,0.9536567289781649,0.49492437896068386,0.4690946733111579,0.4063185330779957,2.393245589441098
940,1.6972095330127037,0.3627122654725672,0.2837543786342252,0.575237012208331,0.6747206456083249,2.4377842726104295
941,2.0599676147284867,0.3177087958086582,0.4405053041433605,0.38612648487548457,0.8899627466487101,2.3205695329038845
942,2.035417873498467,0.6871614401550243,0.8605609853978183,0.7137898905596227,0.4578357128742713,2.302964642257032
943,1.114963998629051,0.7521209726452172,0.8866473633573599,0.7499958267321991,0.3225419793915041,2.277409012186566
944,1.9577326423660273,0.6063390278332432,0.40518495144926864,0.8929780666347948,0.568999317853399,2.403321632203157
945,1.0612047519150514,0.6916713475583368,0.4717590600843829,0.745341059409702,0.5076456114640749,2.5165423350669016
946,1.318022619907772,0.6589375209347836,0.2973955966007243,0.39262197906504526,1.054385146892396,2.4195012921744348
947,1.2764991102889989,0.738153635924435,0.274843747802022,0.3055026669350319,0.6985635802140748,2.4298115613029867
948,1.553106513165943,0.5449502989640749,0.6009311068506513,0.9367731726801793,1.2450131359026713,2.3013327068026657
949,0.9104677055840614,0.5189977162690913,0.5049464053794456,0.7392421005178781,0.6178952090006452,2.281991975539642
950,1.6526663946944162,0.6151407455822784,0.5189466999259696,0.5181143658600351,0.8203168087134317,2.4274021317896426
951,0.7229422029074505,0.43350304186974037,0.46119334864635686,0.3626421308102661,0.4920046963135108,2.386844480610108
952,1.1751224029857654,0.6293225241121394,0.3553211152288813,0.42950135769926845,1.174588869254855,2.267794981067151
953,1.2008111401027557,0.6561985553402008,0.290605813958009,0.32509084357589074,0.7245268669698193,2.223515271000075
954,0.6092673388971753,0.592695587787216,0.8811622808800154,0.6771314735375373,0.7006787999869788,2.407336659840698
955,1.0201213607678048,0.4706450141016157,0.786477767692311,0.5930159426792875,0.6621263279725673,2.350740441678148
956,0.8239975852194246,0.5707466294610788,0.6324861670873794,0.9165736913083362,0.32300364143017907,2.392392118144895
957,1.2932492099364934,0.5368617941765399,0.6471193776548493,0.7063633572422264,0.6474559973014522,2.3377990144933656
958,0.884807053817077,0.48893244968656685,0.7094627868428021,0.5638562015580881,0.3825474024416679,2.200268289737052
959,1.0908694563675623,0.43783640548826525,0.7049010174529082,0.49892070560582513,0.8347837622300942,2.2953049881179575
960,1.071526706193451,0.7341486808625345,0.5159853175704684,0.8755572993775894,0.41882193941505114,2.300629509683892
961,1.315479666021123,0.7461416418872215,0.43666751949854066,0.9091732921526713,0.3076165560148822,2.370618327167478
962,0.7709184581955556,0.4705786353803375,0.856414170416908,0.434047696988192,0.5995864330169867,2.2908782769628613
963,1.3717433590921588,0.5138304847231371,0.9085929153464415,0.4200336306579189,0.2512404080779957,2.3178186789910122
964,1.1545683001828548,0.3288493233591435,0.6772196099843042,0.8889134100801003,0.5202081665215177,2.443996396565937
965,0.8880940021544543,0.29095292350703295,0.7163609297962776,0.7788443831605936,0.6221383605284018,2.4660457859940093
966,1.6319976826689393,1.0522935683104413,0.7932847174659312,0.49320534488155066,0.6564258445768557,2.279568571074108
967,1.0566735718358444,0.9661739528419834,0.6604923168741981,0.418451673724672,0.5477745474407765,2.3090321881745077
968,1.2576509689894049,0.888675484505498,0.9881233962177149,0.6298345032860025,0.7203423791128561,2.5454220445682902
969,1.023542871300487,0.8055690456563106,0.9520944998694185,0.6193246696769343,0.7663216663258178,2.4574655149067057
970,0.727899797397249,0.6702799704909397,0.2822435154725673,0.69519732701513,0.7482337732415832,2.383238293915373
971,1.2910069398503297,0.6983944695986194,0.2889370402811498,0.5937677876261276,0.622194587961327,2.426555540890365
972,0.6172680568419106,0.7452886556406125,0.5379636022370521,0.6154426136402908,0.39316079160857315,2.3628808910384285
973,1.4346751987508934,0.5899201335741078,0.5653289745169132,0.518311133508816,0.2467500253307436,2.4145038594619703
974,0.7589737386620552,0.4516987992252421,0.49435400700728116,0.3466527864075236,0.7170447267147184,2.3557345357763713
975,1.0312700884183688,0.45084324129513814,0.4562364423745931,0.2700163280813868,0.5916178272545333,2.4099088046221664
976,0.5738329187630253,0.5243987678446586,0.31783133424004856,0.37806424969530733,0.7811491515712865,2.3070220688108365
977,1.9086015327733008,0.4617172161385078,0.29088133369595065,0.32089176027151783,0.6274297211001546,2.41086569603058
978,1.219796483003963,0.6496991697639904,0.4650444767582463,0.6051376233243562,0.6646237584870519,2.4015436635619754
979,1.7594452023851168,0.6354055678533992,0.5049979854848743,0.5202609198945737,0.7549565566677989,2.3485543313020956
980,0.9878615695508087,0.4846961785557348,0.50582190529239,0.6813616202122919,1.0067127675834917,2.254411901549348
981,2.045197812064724,0.4637331103542907,0.42190849960825183,0.6402982497605989,0.7932291215181266,2.2653184736245926
982,2.014461189654454,0.5088183211176356,0.32076504857232446,0.6623829545395685,0.5518711697422263,2.360205315154849
983,1.8611487953733798,0.5353804037908552,0.26590726468924153,0.6259739798266072,0.6613705239162647,2.324963297223137
984,2.3315185716182056,0.3606310413474066,0.6699041441067904,0.9975298769148759,0.7290237127872154,2.173367918110108
985,1.3474438380919103,0.30652760637184484,0.6547928713004876,0.6579365045700731,0.6702037900852749,2.2191253303446596
986,1.356517669241832,0.911043920112388,0.2617832452558198,0.5989881221491051,0.8170448731502447,2.3137805739248303
987,1.6210102718706318,0.8805731402114003,0.37286483824425787,0.5021466327472541,0.41644489297524184,2.2432146615163435
988,1.5915219080344674,0.46931396561617406,0.7121625456998385,0.6416288131964474,0.7437177523720936,2.4299562747866457
989,1.743918411407524,0.41398166127694025,0.6046902071291245,0.528654834522804,0.7573912179665012,2.4374478671221675
990,1.811589816221281,0.5357772099798462,0.5564011088309919,0.4843471288083363,0.8745600956868149,2.3690836983591432
991,1.4782265476366516,0.4937469432669135,0.4156557137664168,0.4076611770106723,0.48243278222920316,2.3306990849798463
992,1.2674187483461197,0.5367249989118067,0.5569590287037998,0.873502762186567,0.8727902594229006,2.401806877654849
993,2.144863279052022,0.5262879503612481,0.41409301059797654,0.5141032296091433,0.9165730598232157,2.3282215397152877
994,1.7196913935846312,0.536837261599116,0.5708973886881018,0.5679367055405339,0.8817660847188546,2.2278952745254794
995,1.602014292631477,0.5367070648501545,0.6054513009879439,0.48163513202904507,0.6885777605326843,2.3369613229021016
996,0.9295342368122971,0.8106090804534781,0.792436050922652,0.6830680777551031,0.9409068473624612,2.3714284184583305
997,2.816149149373307,0.7229839026157792,0.7992428652506451,0.6242263186149607,0.8001912069550128,2.4410968023371313
998,2.177435495952264,0.7202459748431971,0.6461021532685212,0.5859637018845467,0.6672376816895632,2.50266750023923
999,2.6821829793262126,0.6763272925444217,0.6354590881572022,0.5066860806493533,0.6239461405596229,2.5116218606807497
1000,0.932983133487052,0.9109353456432874,0.8422379635707166,0.7095535517059777,0.37529178449247497,2.3564951445855957
1001,3.442628724016343,0.844611524960757,0.7364869378915775,0.6093376090051034,0.5622950889840554,2.3533166920046056
1002,1.8707804109504815,0.9149762255614059,0.5284552920220879,0.9833994753220029,0.5809149032249936,2.3916462512186065
1003,2.746213017539964,1.0300277291521016,0.5102343706040423,0.7010544799356018,0.49947738448819223,2.4236797232981346
1004,1.2875589345620493,0.13074128072766847,0.15320312060404234,0.7650106275460296,0.5301085678751629,2.2578092291085734
1005,3.335293868928397,0.10848510780808794,0.10581794618292742,0.8533638956737919,0.554573714441098,2.272238442026371
1006,2.0258905126871367,0.3806322212089739,0.4649269462482192,0.5172017458434451,0.41664625121860593,2.283967828364318
1007,2.9196993118035572,0.5549029686411827,0.4612816205387506,0.476126554796278,0.40518266164692673,2.3246630984722456
1008,2.1209723171134263,0.5215964912517853,0.6317513428359182,0.3201728621605204,0.5857234865076028,2.299162026527583
1009,2.528886928512382,0.6340205817373733,0.7586374686194184,0.27692893103664584,0.216109040259386,2.3585446061324418
1010,3.174682419959865,0.1494445730979764,0.5654858472101137,0.38829173990242266,0.8055295570376106,2.3272521394933663
1011,1.6484181785123824,0.1617886705039635,0.4516663374389929,0.4821328653594649,0.873759321030755,2.39338070440881
1012,1.1273222741556672,0.5787372071073603,1.1440619406336556,0.7261543582651302,0.8410547530248353,2.2680686960523437
1013,3.006472980523228,0.47082746818414034,1.0051958019455556,0.5437407510880229,0.5979590881572021,2.2627285302270987
1014,1.9469119059453073,0.89385933040995,0.5417410648938571,0.48432113009223215,0.8078489886185269,2.43788728638576
1015,1.7903318280815617,0.8202256832563898,0.43189410513130216,0.43795331550307176,0.5966591817548547,2.3377782268670657
1016,1.9054382394020277,0.36257492842532646,0.5176462407512153,0.7354993327167498,0.554294652920474,2.395445392888187
1017,1.9578797133748413,0.27855057975703273,0.4308112689544431,0.601270569072003,0.48530123437491457,2.3673436057624553
1018,1.9051823907556733,0.6830474255744293,0.7491722455387505,0.7513402186847108,0.6610555832824361,2.297607591182036
1019,1.2372636082868937,0.7419767573990319,0.6833839097754055,0.6534763505396418,0.6588224266626249,2.306369335262777
1020,0.8434609903594648,1.0334372946335821,0.6332178558930392,0.13907973485372077,0.7761738261882767,2.2967719185018587
1021,2.0597334450949063,0.9389034619601874,0.4752450091399691,0.15171638368292717,0.8485873458607518,2.2660021350974056
1022,2.2716348523458723,0.5423413836829274,0.49806250826941323,0.20031319261399597,0.7010092951775047,2.4467530820638324
1023,0.5323854541042905,0.4480988614423111,0.48127022386399587,0.17077172580080904,0.7359552199033144,2.4039998684278268
1024,1.403376754091267,0.48111244879442155,0.45411956428446765,0.698560873084953,0.540721675160915,2.379412871648535
1025,0.6959001068071233,0.45319303703850217,0.46759215668510506,0.5123315098797673,0.6997982244298577,2.4456864429186904
1026,1.3973388163953917,0.7874744186106779,0.432347149743118,0.534344061085348,0.6931988818114059,2.4353344630919107
1027,1.0152917189676411,0.6634745435889142,0.45385752345922215,0.42540042668438904,0.6034279058800158,2.424341559322646
1028,0.5173182385314716,0.29926761198640883,0.6537897573119759,0.381995246431071,0.9474708746300158,2.1753368228150447
1029,2.1762964323424803,0.32187054485104605,0.5799537708259641,0.45571660171471823,0.8295910957303431,2.214781048507032
1030,1.4580470869603623,0.47088265779506505,0.30602792185315075,0.7850634552358386,0.6949384893584999,2.4471685215224093
1031,2.063202565633655,0.4817882487812231,0.27802018147192414,0.6067270921396477,0.651985925400318,2.4284404824163386
1032,1.506783951057693,0.4671177826644814,0.44202665720743906,0.4894887112421535,0.828304397349438,2.3890568715834184
1033,1.2087639661602718,0.3766707815980495,0.39032625639789187,0.34901731304392497,0.45899701925913783,2.424190450491657
1034,1.61543107492597,0.30139464136488736,0.7414506568374528,0.7088646114205469,0.8688017722839714,2.413519029139078
1035,1.8047492204038842,0.3333725742295247,0.6651158634008881,0.5931645475495958,0.8197456808191816,2.3521260482893935
1036,1.4669044006572023,0.4993662383355962,0.3549624669655365,0.4654533854238655,0.6858396973144757,2.1594737617948168
1037,2.024498025678966,0.49593756552483564,0.24413109420686918,0.5742097829691761,0.6804866840616545,2.192960753068363
1038,1.2494585480501657,0.461459348581065,0.7160124895542003,0.5123375556231315,0.5453814504047758,2.2351908551530664
1039,2.1266011429752414,0.5243379498171503,0.5527138015320414,0.6351883621822837,0.7597332986593799,2.2598774593706317
1040,2.4651331769673197,0.534542159427183,0.6212948940850264,0.6670073357198194,0.5368291292218508,2.4022127295873794
1041,0.7181461961611633,0.4860601738770193,0.6056714279465207,0.6213858840964415,0.46623650789942644,2.396781088701125
1042,1.5398903111941673,0.8919342797700559,0.4455409625042849,0.548611753982448,0.3945297838613215,2.3084945598885067
1043,0.8150297458652089,0.96850756254353,0.3628098539997538,0.38929151527669215,0.29930570218924146,2.3553010945333273
1044,1.0214181317243505,0.6124420245472428,0.7271504454211902,0.8114106897630989,0.5485557974407765,2.3682877064762073
1045,1.1071625413038784,0.48002752598366066,0.7598821854108422,0.7527163054927228,0.34887030975792443,2.3737583399416677
1046,0.36639380890930684,0.3977796908077665,0.5989142315457814,0.7703879811977338,0.7089482249955444,2.2807324491424694
1047,2.230705762208331,0.3552221392757272,0.6271273112596343,0.523707459044173,0.7993140487248471,2.261976753003072
1048,0.7962183750652939,0.6502952585523438,0.5119647292391567,0.7149663561542062,0.7834946276113215,2.3445323555448168
1049,1.715412666804624,0.694079942418121,0.4625991113987831,0.5471754019193339,0.6542046439981456,2.3770067807494315
1050,1.7629732007529983,0.756662315002677,0.8425177242992743,0.715331196596442,1.0996966767932088,2.5111977250826003
1051,0.6811749361290507,0.7000679693156889,0.7535754619384232,0.5689952123084099,0.8065818148936824,2.4888600252219244
1052,1.6250109859419166,0.6677408402681266,0.5079043136750784,0.3147775744471641,0.4608962853412669,2.4278416187760494
1053,0.728925921091589,0.6095672447770135,0.42922806004085534,0.30413033606804163,0.64376146000161,2.399363317048135
1054,0.7567918692766189,0.9579116791215968,0.6189890311194184,0.4743195984287178,0.6090094603498328,2.3132153563283175
1055,1.5777179747998444,0.8618385813022703,0.6691434675747512,0.3101410230674718,0.7515830734679628,2.320264044350475
1056,1.3117329958434456,0.5407264799138382,0.3156796258486198,0.7462706433887566,0.538206603455831,2.480770956672082
1057,1.0755990777986313,0.6103149274459503,0.3059082369864089,0.6102900452645603,0.5084094801748302,2.4506901245429593
1058,1.3665809213092277,0.5243537972449012,0.38811401186010835,0.7933745232198189,0.4736340644803426,2.307146208826534
1059,1.0421523310846317,0.4882239737551762,0.38980322355930125,0.5511213437064743,0.26464099334077046,2.3380052342225675
1060,1.008801086263917,0.8749218006832489,0.4341615392800099,0.3421598996995905,0.6594391566417527,2.4398470099015315
1061,1.351039117557445,0.8319276157294516,0.45583719994773375,0.30150467098276945,0.7707997324381016,2.422849126262134
1062,0.8969477063457986,0.8164056185148824,0.1130680711611635,0.6885587886490315,0.6109748909949013,2.337763563696842
1063,1.1871150034165856,0.7598916374912615,0.07957677117418668,0.49126862008170846,0.41801385604538616,2.3606357673876164
1064,1.1002103929970057,0.5118655391276627,0.46940008315185305,0.5417719141058988,0.8936819519716023,2.282795536037537
1065,0.9361073775462048,0.5139386418654575,0.5140208680144867,0.48517411633884067,0.44917273058834456,2.274196710393361
1066,0.868755492970959,0.7730552782685215,0.5161123111508147,0.7259770475495959,0.5986182847754058,2.4661095930317924
1067,0.4031986764449856,0.7632380841529925,0.5110753220968369,0.603887549007603,0.7908106462612421,2.4913786496995898
1068,1.4936419892932082,0.6422102168347782,0.5096721310279051,0.06075483175913778,0.9477188727802583,2.480090566090697
1069,0.5400395475495959,0.6546749234636801,0.3752969278594651,0.16226708234676335,0.5885370309235434,2.439771664149427
1070,0.6513101931363298,0.509800579757033,0.715601234353326,0.6726071061324419,0.29870502280630484,2.4500553927793667
1071,0.5502151867600295,0.5175528932146451,0.6965750721403646,0.5408809163691706,0.4347437995517009,2.4237735558842983
1072,0.8957075014362452,0.8198357464744236,0.8849986103760545,0.3470660037865724,0.5159490321203833,2.445433786451052
1073,0.8511526212351957,0.8668172452995228,0.7687103759356754,0.20485569724918373,0.27893884723187806,2.4663842781161742
1074,0.6018109154770254,0.3662081516581671,0.5303553140450648,0.6690916843008824,0.7575655396717603,2.4407752631875312
1075,0.6173032934800948,0.3326921836481401,0.4716083685801739,0.4886093876653727,0.7598173405510571,2.389085577428645
1076,0.8253863162865728,0.4630268565024287,0.9584450096840672,0.6056840044828424,0.5968358609852692,2.3403030435236234
1077,0.8507389865293666,0.4576980152331646,0.8935297943287124,0.5163340287037997,0.39886968926270383,2.2849830338395574
1078,0.43808552017322167,0.4399871327906073,0.8163954672265283,0.7378343975670767,0.9895596805580148,2.3498505604761335
1079,0.9039959093183635,0.4305176797092223,0.7284316618210378,0.615368305710187,0.7596865910296886,2.3148706401025807
1080,1.0340631270891627,0.6798990095317199,0.4893667933059833,0.9038354271196674,0.46389241928535946,2.36828409697071
1081,0.8698200454821993,0.6282833955647971,0.43750354178268464,0.665164928555735,0.6261318336088946,2.383326283926613
1082,0.1784712748954655,0.5208852294785595,0.37138685419562883,0.44766201386221305,0.5654565098797673,2.375134979522088
1083,1.0433545812369789,0.5090437268888294,0.4958960689849473,0.4450423945203046,0.478414494690133,2.29981058680784
1084,0.8480295614335703,0.7406404978237858,0.6670177578994265,0.28417370947945136,0.41426900161035646,2.3282952161602726
1085,0.8140992704996806,0.7451211466094648,0.550906777441668,0.300330077863748,0.1981528667957081,2.3820105300965153
1086,0.47127682457774756,0.8004125181711169,0.41783751542903935,0.6285759469880167,0.7301499289694241,2.397722764166908
1087,0.4191120546004029,0.8291048224015314,0.4109449331693338,0.37823329258794924,0.5818868074075974,2.330012851823537
1088,0.15954618625945924,0.35548202574425786,0.811044946944489,0.5204201611028292,0.7714198010314715,2.1667637140058202
1089,0.7887160109461991,0.3529470577993478,0.8781701847580994,0.37686978231625856,0.4612834252914987,2.1437090562325216
1090,0.7450216746168175,0.6490797326557408,1.0073810776680474,0.813217510685032,0.5589538534121282,2.23547485687224
1091,0.584791341834953,0.582953592988265,0.8972770850016102,0.788089479282685,0.3210381430622979,2.229099475866101
1092,0.5587460998214334,0.297562902463432,0.6082620705519488,0.6024286832781535,0.38591970138397647,2.349613401832278
1093,0.4727436872388352,0.3290054291215966,0.6457494043130141,0.47489254206561554,0.28683273872734677,2.366098122040285
1094,0.45930083850542486,0.686814601497254,0.25278684649190486,0.5862397066720821,0.3710826963352749,2.319071606872415
1095,0.6829656844749934,0.6604799325164168,0.30041133391358954,0.6030727993993532,0.27195868129781253,2.2794000809538724
1096,0.4859433993078397,0.449213121583418,0.5539938226844621,0.7366649478150457,0.755513574164233,2.2114756133355966
1097,0.5925891109419159,0.5209433293870462,0.3459341591877802,0.5669990678969267,0.520494119428966,2.279992278355577
1098,0.8307763141974122,0.5138059521457135,0.9101444971273407,0.6526932170741809,0.7134127554622185,2.248699258944094
1099,0.6201799457258852,0.5374496718749147,0.9493104959522651,0.6725554015712863,0.6541716184495902,2.2264296638447325
1100,0.42039659862459305,0.7081826869776685,0.6778275083782324,0.7691310942068694,0.5425335040042116,2.4153666473929656
1101,0.6488703097579246,0.6696007531771829,0.5978010989292877,0.555942785406559,0.2302873337394784,2.3833483125433546
1102,0.7836475411950594,0.09843165742507813,0.2970844906206318,0.7794932930448165,0.5751804351714384,2.406448922005498
1103,1.0648779488161855,0.12967394237459315,0.2633157874302526,0.8345912355719294,0.35712910941844267,2.461953675574429
1104,0.5633340710958716,0.7418341982720876,0.2734000980152037,0.37071813777419244,1.072456268192706,2.3508956560541274
1105,0.9073595908338133,0.7082464940154517,0.2861093177445792,0.25065509107321615,0.8714699259881185,2.4055050244601874
1106,0.8763982508703831,0.7038267309800946,0.6597324640058195,0.22968394722742005,0.6662717555275105,2.2888862948292825
1107,0.6445300657424748,0.5538143576122132,0.6286857057146452,0.2752583526070387,0.5389277913691704,2.2004803520411773
1108,0.5246124317330909,0.571736614140861,0.5159050426097134,0.35885133567629174,0.8217512095882712,2.2609968518888297
1109,0.9765237783120493,0.5318601204734587,0.47542988847046236,0.2844552072379439,0.5054624900982981,2.2769896813413397
1110,0.7800941078733796,0.3503979227237072,0.8383160693114059,0.6633695218923957,0.5858996129656099,2.3544287190762856
1111,0.8710684504918318,0.3992386242600294,0.8504279482720873,0.6024638521935244,0.5549623992427231,2.265796400417799
1112,0.6152174110375374,0.7574552958955387,0.42009751640841564,0.4538297199903699,0.5450282841224882,2.4440743817243504
1113,0.7334156046309074,0.8805833702124669,0.5122835502697345,0.4667965253960352,0.5268237061716872,2.4419889843313873
1114,0.19817378986763556,0.641701158948377,0.4811788165258005,0.5166065594314658,0.5403154846143177,2.3128377929142325
1115,0.336463172244901,0.7223380494646445,0.4652869929274315,0.4330351986420743,0.2553013086916681,2.264884896935923
1116,0.7818712418609999,0.5685049908600348,0.30762413561974017,0.49151648278632404,0.5019173923223246,2.3975327982023384
1117,0.8525266891321202,0.6873816915693286,0.33706412251909135,0.42973427535250736,0.5601921181233066,2.42164632333738
1118,0.8955901063718449,0.3692106809495904,0.31967157605751817,0.43983749009829776,0.543558297005498,2.3150924363682788
1119,0.7524316722884286,0.2965298306493531,0.2871659520368942,0.4591810749259698,0.660971416935032,2.3400118118035564
1120,0.8954622891278378,0.43292119892482994,0.46006644424611437,0.6577367369211173,0.6101552011881016,2.3547256579256484
1121,1.0049936657815441,0.4016161557494323,0.42806091108106503,0.6471809626131045,0.6405495865250839,2.4072358681448955
1122,0.506671552924757,0.7086197487161066,0.6735115260489527,0.5708374053141538,0.8819803013796941,2.384786130745149
1123,0.8434129630266191,0.7123409619601874,0.5565844542999908,0.5910838084740286,0.6657785340789604,2.433140491229846
1124,0.8948436756832491,0.3122792415563048,0.42812652287159664,0.5292323010314716,0.7970694778464416,2.3901695191503176
1125,0.9376443638796941,0.34473601458042175,0.48324732866901227,0.4809104590659372,0.4468293979151245,2.39864879537338
1126,0.2498741906771831,0.4556354243775891,0.3774647545698981,0.8673784360637592,0.38377772695412127,2.281509672310193
1127,0.553976655553557,0.4941365871778262,0.30214461383616653,0.49454215722920325,0.3129604777811501,2.3202711389057398
1128,0.5610065858504026,0.495917623541995,0.7501247605109206,0.5953294529725673,0.9829690230892357,2.399456664584705
1129,0.694013777855182,0.5341915648283905,0.5805408248606779,0.40258785676359565,0.78069527230591,2.3233665306841402
1130,0.29935810595833107,0.7499234022675566,0.643607158991905,0.40460046909804936,0.4511438573728098,2.3415868883398785
1131,0.23150793528025843,0.7222973875783172,0.730540272088271,0.4652591894585789,0.5207793054056673,2.3729115458739503
1132,0.7561690258313133,0.6715720831300889,0.11652760417386493,0.7061294017669867,0.5301880868950702,2.3756102559190864
1133,0.5055315082258849,0.695570232111818,0.06430388864457356,0.5465251723319569,0.4539759563456232,2.481001167196199
1134,0.9923807258661007,0.5460543400940152,0.4102162333739497,0.46641702178357625,0.7812463795046065,2.3485994483373798
1135,1.2526103027071176,0.5043934824381019,0.46459393610711186,0.46854974730145205,0.7459370804752417,2.340798825665767
1136,0.6338860872648817,0.2918251635184482,0.6821732453646394,0.5393771587526768,0.828828817613996,2.448359999891183
1137,0.6071862502176412,0.32912880220654755,0.49661254184797626,0.4390850813891512,0.9080241449773467,2.3676709764970787
1138,0.43653198720404773,0.5381376420611579,0.734529368732521,0.7562716790127771,0.5812371415825269,2.346781438305093
1139,0.9786806300704682,0.5132580371257328,0.6387815550139173,0.7834931047397267,0.7162034256179572,2.360721749477669
1140,0.6442335552097923,0.4951416523546123,0.4302427127436878,0.4866996994036364,0.26300648620290823,2.3809020448075184
1141,0.36030283595922236,0.4254778480804953,0.4421050596926329,0.44213828840962843,0.3646544832433664,2.404074729130336
1142,0.5478567058669921,0.6525250875478127,0.4475345462221725,0.5646729023546123,0.7779383049268616,2.3485126315937666
1143,0.5646747748301738,0.6426746647152882,0.4970179654638266,0.43531791645622603,0.49252772915210125,2.3668292580735386
1144,0.7933556190589799,0.2698676554882656,0.46238683493631877,0.6569495766233799,0.7177950487899637,2.285251605457761
1145,0.5553288302793664,0.2923341536820358,0.47184198544134637,0.49962799727968854,0.5439192460610844,2.3844123909949007
1146,0.15210617402936663,0.6508173890145603,0.3071814454647183,0.6935692829474119,0.3081078262751573,2.475201775570147
1147,0.4963873392452227,0.6450214037255638,0.2996620606502449,0.42765332211860063,0.34587445769498576,2.370574947162128
1148,0.7279205740336497,0.7954924501218448,0.9461983543697405,0.30849915048309123,0.424495589441098,2.1953744235723245
1149,0.9270391070900541,0.7384734270542005,0.793679166129767,0.27952151384044915,0.4590166226279107,2.1662021059148033
1150,0.29125951760525554,0.7287621680014635,0.5202871327690181,0.4029934268149719,0.4641607090224094,2.20892285776456
1151,0.5263955437412616,0.7420194272065477,0.5150055519018532,0.40481253140217455,0.44906124582168133,2.1763387525460294
1152,0.7921063116729733,0.8127338200296148,0.8896717180970848,0.5725680458304221,0.5835695560366458,2.3776889870734648
1153,0.6880135807581729,0.7689824893365612,0.7537919793915042,0.4808021664779898,0.5938010840659371,2.369253147588666
1154,0.7896986191895634,0.33083553064061255,0.2729722174659313,0.7479103616164227,0.7494618189415947,2.272705315154849
1155,0.6937724459435243,0.2631242308712749,0.27122310110550374,0.6132294667261335,0.6508710447639904,2.311579247606147
1156,0.519313762447734,0.7257232068244291,0.34812409322766835,0.5307693550877745,0.8939893130005718,2.319927221535432
1157,0.8451735503785545,0.6146099299703891,0.3487069739945794,0.5262019682711963,0.7947456698292823,2.3647350400852742
1158,0.71828305914871,0.8066491637141482,0.41669920776010233,0.8136660434149782,0.6742871476323689,2.348114156097654
1159,0.7715506072857542,0.9118793786342249,0.48630275776901805,0.6251517183363126,0.5795898327601023,2.4411323885792817
1160,0.8331966619298576,0.5531880401070386,0.26794435286820517,0.7984381314851225,0.1902315214353536,2.426596901984626
1161,0.9045318005744296,0.5124119312760487,0.2733893939544427,0.7458616560104236,0.14793482647103268,2.4203084621778257
1162,0.30314981445857886,0.5111398960653672,0.41141374649618756,0.5656936008008089,0.805581554469819,2.1907451699163367
1163,0.4387877362029081,0.474512203799596,0.5132576197989528,0.45367047878211486,0.6086772958521859,2.1777126849973274
1164,0.7255559119516217,0.6401408242949916,0.5386662465834181,0.9724931851279108,0.8122684807626303,2.3027174110375377
1165,0.803963379809301,0.7033159927966731,0.3660284047047647,0.780676086263917,0.7077708570245873,2.3501017508050914
1166,0.45467561168171433,0.5965967621430391,0.3015114049441678,0.7830855157772619,0.3444764777158582,2.3884677986376164
1167,0.27540904411124817,0.5337359595229791,0.2109521631702255,0.51467470710736,0.391220175422082,2.3782150766451444
1168,0.377927600866101,0.8264363410732161,0.2813606501131047,0.6037260070071062,0.3731296539214386,2.451356822053308
1169,0.48689522606197605,0.8280625126653729,0.2385432121125342,0.5350615150374641,0.2539776256527446,2.341962714724029
1170,0.6610505863509724,0.9709320158209651,0.26644683317361684,0.9148842087178896,0.45000424099061825,2.172948102215288
1171,0.8737408232067957,0.8609759288169021,0.28550537846011376,0.8347952899545164,0.5960109600886656,2.266592381310836
1172,0.4270705200644023,0.8541411755744294,0.5062719608939306,0.49631276042386496,0.7884933123041272,2.3659634243993533
1173,0.5321226463482981,0.8396061063065535,0.4659627251914197,0.5662679995864875,0.4797357305012882,2.370754829561157
1174,0.6097969025287236,0.7782460045698981,0.46013462772014085,0.4203273663386657,0.5764833305840616,2.456778661255176
1175,0.7828704644628617,0.689440198859713,0.4080837787473275,0.36009945880477023,0.48946014084255357,2.391386782076855
1176,0.9361425464615749,0.28707621400582006,0.4186431625608361,0.7156407009922265,0.678535634705656,2.308726361007033
1177,0.6180721701122129,0.2933885658948221,0.4441797530248354,0.480473611485839,0.3578904851584152,2.257666184932036
1178,1.1316867798572872,0.3174087325033932,0.44732344302733545,0.7233782048440884,0.7347982899546911,2.3442261110505602
1179,0.6907130577340556,0.38019552006440227,0.3808092610332544,0.4668861169915829,0.30182821805355725,2.2862216371648025
1180,0.29000097229716953,0.48479982381618536,0.14651961163818641,0.265232705692881,0.7044911386881018,2.4029050084870525
1181,0.5169992710653674,0.4469798752609941,0.08110674166512441,0.36339287021229205,0.5253448874694976,2.490240138862213
1182,0.6841395783860817,0.710572805993293,0.4969581962482189,0.9488856044132683,0.7278221618428018,2.42654498326513
1183,0.842087757116101,0.6855189928184369,0.39262461847135394,0.6340629129308224,0.5954116113987832,2.3507263312803315
1184,0.7866956048485466,0.33603946496343184,0.517134735637046,0.46063785402151775,0.6294905859156945,2.3017199254656093
1185,1.0850991092008033,0.3121340430230528,0.4178521895891623,0.4002165064631833,0.358580192374593,2.2674746261750784
1186,0.5969176698075186,0.5888650331432873,0.5829125137751575,0.5809787779855903,0.7111600522065477,2.3414270266364037
1187,0.47899396911998854,0.607171925661485,0.6220108818984618,0.41322335325995607,0.3867820719881919,2.369180170351615
1188,0.2494832160732162,0.7387454159993587,0.560168544655171,0.5159437533077665,0.19420283045347822,2.2646765118601078
1189,0.6019071843010575,0.7940534586524226,0.5829020915955498,0.4955593816155307,0.12908668517143887,2.2902366648023436
1190,0.5926360894628617,0.5522344086001546,0.6625443391146395,0.4677195675922322,1.0964659558887564,2.315420923637616
1191,0.8305712677358388,0.5018254432016219,0.6852509172397269,0.4488728814414197,0.7078920080300097,2.233646153769092
1192,0.4200232084783116,0.4445370138622127,0.4367827602062262,0.6867596827775836,0.3624006067200678,2.340024038735912
1193,0.8422084230719301,0.30440954402419246,0.38691642002515725,0.5242153436629464,0.3200677617512886,2.33292635328172
1194,0.5395217935236223,0.7039483670351107,0.6166566733982131,0.6684402704559779,0.7636172381614849,2.284638146370061
1195,0.792024017801131,0.6375545581258061,0.5377048323032355,0.574451667653241,0.5972789684670714,2.3471772066720815
1196,0.6430443666433606,0.2838593326079302,0.43413213422685004,0.47660899347135427,0.1562933690154516,2.257103460306304
1197,0.552395600996684,0.354897193789072,0.46643871178625096,0.3825795823467635,0.19478237260614692,2.2607234865076027
1198,0.7200720027419049,0.39742548670347794,0.6400020778419837,0.4407506628872948,0.19234736170347808,2.4008900166476446
1199,0.6617024852454709,0.2778565638274256,0.6043410109461991,0.3982586554229735,0.15559267585736017,2.378987156445878
1200,0.4824427193592167,0.2774962462569595,0.6031837313936087,0.4512043935191643,0.814174751697412,2.281907177707117
1201,1.0939298823990318,0.38479668837038356,0.5647934895977279,0.42831809042047364,0.48245766441059346,2.2598202508486196
1202,1.31570450803001,0.6397070901808958,0.9000590700076762,0.8974313182885026,0.5355210794523385,2.380016472318933
1203,0.5891489671396479,0.6822259420047814,0.9938081108983879,0.8757794452472539,0.4760677556798579,2.3810523867077613
1204,0.2734784327775837,0.14396428438365513,0.7446800580387506,0.7062401305928021,0.6514001343358444,2.4634397242775106
1205,0.9177147061063955,0.1068485140363242,0.7021379366076815,0.5352991477410136,0.30825781857143325,2.469710568636725
1206,0.7897688215746774,0.886374065698947,0.6779697856240232,0.30295109562152356,0.5472615871778264,2.3322080756659425
1207,0.49965712045169475,0.7604857750913405,0.5592619813718454,0.3519075229151248,0.7267266704169074,2.254967182015847
1208,0.3940374757790449,0.31787477097831146,0.12207816299611415,0.8244570141886716,0.2614888890798519,2.318404616491013
1209,0.4411825025460297,0.3376259447684479,0.0897189107763704,0.7091245656118913,0.07289034092086885,2.3155159404813075
1210,0.5155021119646449,0.5328311222796884,0.6305377681275892,0.9394018267757276,0.24222405634134053,2.425207539432357
1211,0.3198874620254789,0.5048554263579299,0.6230381111376166,0.9179898762403703,0.11244452850792419,2.4399856776418254
1212,0.31547270691148516,0.5343678377219239,0.5500234160427117,0.48454027596172206,0.8918291226279107,2.4297484534731377
1213,0.47657729861585263,0.4255381133355964,0.5421940985157735,0.44078980190202804,0.6516325559495901,2.4216469438326005
1214,0.89304374614814,0.3194127384008879,0.4762606319419893,0.6333168318461935,0.5871255043089063,2.230268914628233
1215,1.2176798758050917,0.28147846250428493,0.5531979772370521,0.7110557297179627,0.7672864649632571,2.2663294381092163
1216,0.3965517915432817,0.2635380010227308,0.64311588873163,0.500554096208974,0.6119926791435354,2.4231488399634316
1217,1.0364289734287178,0.254540350278475,0.5901038396369733,0.45825838233373967,0.8038778827688431,2.4855265724232956
1218,0.9423024588265339,0.6357061052183579,0.2821090210000755,0.7022876580127039,0.6334260268105146,2.338767715507355
1219,0.5648408287125402,0.6779844597841463,0.23203652881261935,0.6891795454604352,0.636371008965858,2.3716231781859225
1220,0.6561329435496687,0.5203058904943312,0.6667974954952227,0.9167428696466051,0.6182761787517853,2.1915695857633475
1221,0.9404676422572078,0.4566698158948222,0.6136677017321994,0.7339991058930389,0.39554401923737387,2.1631097708694913
1222,0.1368376002131834,0.6434159520368943,0.8403432880831697,0.11017265020015996,0.6587285263536474,2.448241623737696
1223,0.3428494037473276,0.6049790026113214,0.8792487689544429,0.11104307446892751,0.5131377775067846,2.4343977278246776
1224,1.2777491058930388,0.8850874350408555,0.8181710106197401,0.7079213453603566,0.7998710662212806,2.261240056276049
1225,0.8728383544785601,0.8534432005353592,0.6960113096926327,0.6623685622605991,0.7526751475669019,2.318095800313262
1226,0.28371864595654755,0.4904252323510458,0.7746719977802582,0.7706502251914195,0.774823106611248,2.3326066188848693
1227,0.6439706120081726,0.44584025887880213,0.789139785950482,0.4810881193854382,0.7396432154202986,2.3634172673440874
1228,0.45007770327726204,0.2786191128350264,0.7015173262318044,0.22010293066665915,0.7216832292826846,2.2302683618558246
1229,0.45154511871075725,0.3197433123041271,0.6470569580430332,0.33330078125000207,0.5327493811802528,2.2225555260270142
1230,0.587490051880089,0.3619479794350319,0.7737543698423053,0.4740082105674721,0.9717951990989413,2.37192469663997
1231,0.4448036452820414,0.390186900439563,0.7002990144933665,0.39913832860372045,0.672831406358822,2.3961316937673076
1232,0.7088548097361607,0.7004173119341404,0.6503125043959621,0.6871910483766244,0.7243612414041325,2.398610772893361
1233,0.7000103544567958,0.6284588338047704,0.6499879652461876,0.4212959319070272,0.5942142904550864,2.3384681482415823
1234,0.4320034465311501,0.6901787003394839,0.16425843299522258,0.49416216856715034,0.8484241455430335,2.4201271923528296
1235,0.5529403128480497,0.5792183260792819,0.06547096988155074,0.43918308724311805,0.5378927116339035,2.4162651460218396
1236,0.678047218010029,0.6006396609722457,0.5007595599973277,0.5962917019063105,1.1730563948032353,2.26002028938883
1237,1.44547959170437,0.5433768917348741,0.4350720049398848,0.4958143956083252,0.49465434120379953,2.291540879918121
1238,0.769183994015452,0.12727319801092085,0.7669914882920683,0.5107877108721668,1.0898013510837397,2.4149267998126924
1239,0.58426392157022,0.13051816475881609,0.6602772545698983,0.40937610554481657,0.6366130968183634,2.4393797981589858
1240,0.9087764749737802,0.35206641451941295,0.7608761969229002,0.7255390834347837,0.6521389854195826,2.3410794997605993
1241,0.8072146064589003,0.260159306733091,0.6928826214744239,0.5137605642191758,0.3974204787821144,2.3456726034121287
1242,0.47788645393017914,0.6930679968444102,0.210310404574181,0.5833916248258909,0.776544701383977,2.4150196622996685
1243,1.443193388840449,0.6694129525592277,0.18077040389967497,0.610657243231951,0.6663917222754057,2.372701705649353
1244,1.0534413847927113,0.7260930551880285,0.6714900034165858,0.7262402726323689,0.6888011473927906,2.2579706923963565
1245,1.0436726463267088,0.5975524015711118,0.5733585337525017,0.64793107053001,0.6437212264319623,2.3117862342660946
1246,0.6594743255571228,0.3202165807799368,0.4373433981980556,0.42902184031165425,0.6217512773110843,2.41479661405363
1247,1.0417537768758063,0.3825047216442519,0.470573977062941,0.48500541206026576,1.0666736373606782,2.389880937826462
1248,1.013556216965537,0.5320242231675509,0.4309800976887452,0.4573598727149665,0.842265067831635,2.3093283600931245
1249,1.197956516473707,0.44593916710914344,0.4328836047614906,0.44111563877515725,0.46185601932442966,2.338552731915768
1250,0.7311171071118181,0.5089360657860024,0.5527174110375371,0.5045347895847049,1.1994253193331703,2.158054305971354
1251,0.45706176059797626,0.5029294056188489,0.36875659851577325,0.3857483009661795,0.7400002053664223,2.176482980980095
1252,0.8044548642279165,0.5608150970142385,0.3441545889622917,0.6473350494644702,0.38797180233713074,2.343701205736408
1253,0.738762368971924,0.4321676169480552,0.2496445439153728,0.5337473627916735,0.2714707496517793,2.3721986825164176
1254,0.8339266137055825,0.33583365157111145,0.6477134475321147,0.4330039101234531,0.6359726689153727,2.325452548572325
1255,0.8139627571161009,0.2940061982503238,0.5677577255178783,0.49320980003050674,0.6178632322639902,2.312747298942311
1256,0.39953458202030445,0.6012948307581727,0.5996316745079979,0.45079167217960936,0.29829487315024494,2.45578221350525
1257,1.285046637708901,0.6813825432842197,0.6039553938675623,0.48647561333559614,0.43102708719959043,2.4368934213092275
1258,0.30501834479449474,0.3092293841399692,0.30060636453243617,0.7439016616033988,0.6740624978020223,2.339610133138829
1259,0.8164387795090643,0.3207731809495901,0.2392865860680417,0.46846070847831145,0.5375589345620492,2.3192131849102706
1260,0.6059429885749994,0.7509376376436088,0.6376896730935185,0.6243603280378589,0.8880666160123821,2.314819488313833
1261,0.7534112915215174,0.6895221431275895,0.6218535241556673,0.5263309020499177,0.4323116312237806,2.290360105610108
1262,0.6256523162212807,0.30778962573979995,0.43324419322321034,0.7751556207128621,0.7358931498954654,2.3223164949075965
1263,1.073065079952908,0.32560393928446757,0.44001675200210705,0.6977249185236225,0.7063399411995167,2.310614156097655
1264,0.5902083085610846,0.609084535210684,0.6408000776461085,0.7532359997170714,0.5792528067766187,2.4412376921569545
1265,1.3668038231197404,0.5210035269193338,0.5031850510967631,0.492583888862213,0.8752687070638319,2.442710183234626
1266,0.8113345880701464,0.5273952513927175,0.6198727988552555,0.31917217341997733,0.7808298345012155,2.2507926422787974
1267,0.8866854535601926,0.537865043610678,0.6365303856197402,0.32574656613422537,1.1269850230239442,2.2220880324033145
1268,0.5913819883138325,0.4777884480762123,0.7416473567634205,0.6452395117730526,1.016857614314797,2.324401756854934
1269,0.40081468188543845,0.4736667971578451,0.7234096288083363,0.4818184884879439,0.9300882762883557,2.3675800651983767
1270,0.4843417712830065,0.8326054456172408,0.281434462003715,0.682386638361818,0.4027840716399693,2.2869340044828426
1271,1.2894688369821263,0.7210714962350206,0.24638206043260585,0.548779252023696,0.2863711444114852,2.260161528812619
1272,0.712429865337701,0.5027529295568751,0.4554209935584097,0.6040971750738594,0.8153716443244293,2.394559042478956
1273,1.1014353709740283,0.47054652319805523,0.3566741923310652,0.6320676031729001,0.48705029400242855,2.406284198816185
1274,0.41210102846439667,0.6766626602106837,0.5614339026373676,0.8600967516756483,0.20598066145105165,2.4204331549659317
1275,1.1105725918349527,0.6781822652549279,0.6074115205432083,0.6052315236333337,0.15806487458648766,2.4273060771239496
1276,0.5882223721708687,0.9621497550051766,0.6453963844662528,0.382419652920474,0.7352879696205586,2.401233866295138
1277,0.8852689867470059,0.881613374303557,0.571584952537464,0.451879854891899,0.5409894121255578,2.4175640146021857
1278,1.0617475912908556,0.6093483807886774,0.49505365135347246,0.8635411254786335,0.6062857894105935,2.543797745451695
1279,0.6692782439283961,0.6356479265971582,0.42035962495647444,0.6639969559322842,0.5028824948207162,2.507699549094659
1280,0.7523014865293665,0.48765304902936657,0.49444971206900684,0.34978132819020635,0.6523569580214443,2.3353362678446588
1281,1.0558470693549336,0.4683192658860813,0.46993987678446775,0.27035454931229763,0.8056254085348625,2.3295438243383435
1282,0.1581163082563897,0.8556469630919105,0.7395901124432757,0.81839038163747,0.7381668439458777,2.3448103792434387
1283,0.8777269308407701,0.8429565120777475,0.763530015080992,0.6473389408511192,0.555958971448377,2.322538505331635
1284,0.8426074513404489,0.8416661364685326,0.3011946705474911,0.7681358417043697,0.4975398927576028,2.394341284035433
1285,0.9852787884313923,0.8212465171482137,0.2549507140928754,0.5442297205560565,0.5013154042261336,2.363572199838914
1286,0.5533505412168228,0.35225936949425807,0.42200712595743917,0.7239217544177257,0.5743929362596343,2.4367983257528225
1287,0.2239245292696614,0.3006414657249936,0.4096291116164221,0.7428981192982076,0.46859867701067237,2.427328669502998
1288,0.4618581059583308,0.5815651328123709,0.4751492253655308,0.26336222416869076,0.6007925745559833,2.420901561955905
1289,0.40721974982589115,0.4146655369080937,0.45721808051876967,0.3258380979281479,0.561350920547491,2.3596459291433614
1290,0.5739794369994325,0.9073273432059044,0.6915909261620546,0.6004618652071175,0.7278191051097135,2.3843110465266917
1291,0.46585137587038383,0.8956981848014522,0.5409126112246716,0.576722497149105,0.6516928889275047,2.3303068693854385
1292,0.7432700542957081,0.7510469680535571,0.23809051710468543,0.28651738076673827,0.6122075840224094,2.269575453669012
1293,0.6519536100495956,0.7048069816983037,0.30388358989813996,0.2368087589223303,0.3586868156554193,2.192744934823217
1294,0.4385877653855114,0.47305729717960904,0.6455103841834973,0.5242844295133471,0.8032088954561529,2.436272653507924
1295,0.5120053234026712,0.5448915675704685,0.5805470060496689,0.365450464136403,0.44395885913551153,2.4029585287908546
1296,0.3472897402506455,0.6143894534078455,0.9607557451254108,0.491508418131872,0.25946305773405565,2.2393894534078465
1297,0.3947447674529083,0.5022627758313136,0.7654884079037093,0.33885835591480307,0.43263435463090727,2.1894058536080037
1298,0.4289743657512154,0.45299912295436956,0.461570697902101,0.5038362507833276,0.7884656442809019,2.2724477972013735
1299,0.7513172767016948,0.4727460447639903,0.44084108913640335,0.4007081263274257,0.7208852972013734,2.271551024612535
1300,0.6300981456955556,0.6419304561062205,0.4973695301618067,0.660584536886155,0.6584842054317142,2.3734903210958724
1301,0.8274391054577612,0.7141607877351221,0.38997921457168133,0.5919042652115751,0.5155999713830856,2.389684644237373
1302,0.3311845913779107,0.13369751971618,0.4596201445855963,0.5716999790868094,0.6306402858634262,2.381184174051131
1303,0.4827675294002448,0.1489447531336553,0.47135606171650113,0.4871250759922263,0.3425790950991895,2.4128518355892363
1304,0.4150720770586579,0.5087371437805067,0.6681181218010575,0.3816126073728099,0.4437269902941732,2.310452760532685
1305,0.3213512679534781,0.4263195665040364,0.6308640223274992,0.3836068115859179,0.49998817940452756,2.2437412361376157
1306,0.4948816981632684,0.5085542723712015,0.23826448920597787,0.4469636892191763,0.395418909122488,2.262917030052987
1307,0.613770016299596,0.4767213128915775,0.24911344642233046,0.39625298021835775,0.4526506149894783,2.2788265955344675
1308,0.7602616213004876,0.6315589516233799,0.3237105835000754,0.8403309147152884,0.7349254189806649,2.34465990189757
1309,0.4059075377784753,0.6790785527941731,0.24992604167386528,0.7011873728237865,0.5857145871995904,2.302646373998862
1310,0.5341956703733796,0.8214214703385928,0.2836992567461144,0.11496169783680953,0.40665062985282946,2.3548317174441675
1311,0.6523039227672353,0.8614909757137531,0.30118709094263274,0.09646018103664604,0.45388462772014093,2.352308231480664
1312,0.7409179687500019,0.5351942614901217,0.4957472609461991,0.4735914514057411,0.7208763301705474,2.2450598435323634
1313,0.6925855581693344,0.4293114027245984,0.40200482956115774,0.5011136963788025,0.6613217296526711,2.259392020695381
1314,0.8408732123085845,0.4601165582128618,0.8039817989205469,0.5523646053491164,0.6708444998694187,2.310630624020626
1315,1.057991333587131,0.4657823577427963,0.6749676736593804,0.5967529356283053,0.5804291936584888,2.3767776190372163
1316,0.5737677920220875,0.49845154267500486,0.5941142089571173,0.6384757955692552,0.5835948555448163,2.2589811041085732
1317,0.4443848672092221,0.44186317500856803,0.5533544326034724,0.5971026278507241,0.5428832529595438,2.2316472912385876
1318,0.7915866851714386,0.6495092825121338,0.5883211449555827,0.7831069238987833,0.7877640487464357,2.3144601408425536
1319,0.9426645921396475,0.686870061999432,0.56729661625161,0.6780167751348684,0.8335042938500814,2.3235156883268564
1320,1.1209666209740288,0.4866347190982247,0.4286469163038786,0.5124605113813022,0.42857088233373974,2.440290399264487
1321,0.8781246503960354,0.46900945815185274,0.4830169149764552,0.44766987534822456,0.5364680337307379,2.3649785830865606
1322,0.6981788655118122,0.5081702458869732,0.6897431724625402,0.3390803553489414,0.7963050563632794,2.2613715617382653
1323,0.5955722400330061,0.48786552866027183,0.5210439069245082,0.2803629613727365,0.8365041727452958,2.361500563239801
1324,0.32007193501909137,0.5277204677706263,0.2576772385967632,0.6402691265885929,0.5379802165955504,2.272471844729203
1325,0.39562777924789727,0.45655547756351084,0.3074414673788756,0.47117714941665967,0.44468256199943224,2.302616698054449
1326,0.35301879404595643,0.5183680601496746,0.13266110928785904,0.442655196792142,0.4314371123999232,2.454978100234947
1327,0.302108396108895,0.48936547360282934,0.09561978231625849,0.4556031767496805,0.4854097301313022,2.421571462634869
1328,0.7498728709740288,1.0225697828603566,0.40934100435225923,0.6408017469532299,0.4734810721838921,2.341055937282363
1329,0.6578678250565534,0.9902156062847896,0.4710185396935244,0.6080064927968478,0.44261753490598915,2.395644314893682
1330,0.7786777087830058,0.782300306667799,0.5817143691677991,0.31527677391626424,0.7566085805405338,2.436185080823464
1331,0.7460286909818783,0.8186337104804163,0.6170837192939249,0.2911135521412562,0.27421415940541893,2.4102293626826787
1332,0.6288062252349472,0.4742844295133468,0.7924495975581616,0.5338286078516162,0.6262575752089008,2.3766576522893206
1333,0.7699012338092281,0.4508589532772621,0.6772190572118971,0.2997205778855116,0.7322797331998386,2.3931810831953806
1334,0.5222799385662587,0.8586761793174719,0.7996749758006342,0.45679033541512465,0.8758554792173929,2.164115456541499
1335,0.6937118420743561,0.7886522039084151,0.7685548339355288,0.41497879724490094,0.7191899720360025,2.1501205195203044
1336,0.29239851349222656,0.7247724398720934,0.3491183079081672,0.7127828851844618,0.7950991179927233,2.426913083608895
1337,0.3558096783600348,0.6582449601539573,0.25214982492597,0.5079574166521013,0.44364962563098076,2.413798789867636
1338,0.28281520712912406,0.7699045614335702,0.4076205938370579,0.7927718249257949,0.9730283881659425,2.328391902311085
1339,0.3439125011097866,0.8223624465964415,0.4119427573553286,0.7011442179666764,0.6306040004133415,2.3349205465049283
1340,0.9497296803619646,0.4872052264972544,0.7309172717400481,0.9355306779682845,0.4404796550312229,2.394522700295957
1341,0.8310006821466054,0.5605818297570327,0.7332539949075972,0.8317577381832489,0.22134827894320253,2.3769187120254784
1342,0.7616830173223247,0.13049800861763527,0.4328347427750838,0.3647617270194132,0.8623845561238765,2.3417982624259697
1343,0.7028027726323688,0.13141889645711735,0.35847210295508614,0.2166175453733801,0.7920294320593747,2.2324216608416623
1344,0.6328096464353538,0.6096113130003972,0.38009208896229174,0.6872642287821145,0.2947237089353535,2.335255429121597
1345,0.6955404097318779,0.7076466602759754,0.29538318743471015,0.6849430711611636,0.19385397288462036,2.3149064405030715
1346,0.8098380494646453,0.9497078659035627,0.1421697013839765,0.26298132214036435,0.6373122671048603,2.227942816808731
1347,0.7931402858634262,0.8841962908686003,0.09897519600881617,0.30999777572249404,0.8316291430185946,2.2553523927576022
1348,0.2712385312064743,0.3107097934365667,0.5648704369341403,0.7636453235114911,0.44782820319020616,2.4085758836611637
1349,0.39803978044473753,0.2783290653724883,0.5609621680230528,0.6777393719314657,0.2606823395716811,2.406536359244331
1350,0.6977926169480552,0.9039667861463571,0.44399791943753175,0.7224129778899694,0.3781928338700618,2.3222145299441666
1351,0.743830838723064,0.7748089962134316,0.43639408639450056,0.7407734584347841,0.4503933998519375,2.376137608461006
1352,0.28123422029506484,0.7947631865641542,0.4296677611856022,0.6113464763884344,0.1962365122953865,2.283324896500646
1353,0.43359562247556394,0.7938391742687696,0.42104487702369586,0.5399923438804104,0.1429474773241079,2.2627525100321146
1354,0.5535896510489524,0.7602648812020167,0.6878252841007245,0.28761961714393064,0.773482324164233,2.414354216769661
1355,0.5712531943766975,0.8135408545873792,0.6313550216965208,0.2004547029290393,0.3300759706432875,2.4032062450599443
1356,0.2949643416390781,0.9548780187369786,0.25752800224133504,0.8302827431448954,0.6735141654552611,2.4355206731154575
1357,0.4754100142104354,0.9676276752044433,0.2642343177445793,0.698230163736087,0.5863437582694132,2.371276193092627
1358,0.7248948995907704,0.6729476171656945,0.49866401131601024,0.6724757361158523,0.7565100219141598,2.3367878358504024
1359,1.105963911646927,0.6603722714135895,0.40326158110639554,0.5469097515885928,0.4135320230021804,2.297377662539072
1360,0.36809087110461225,0.7866254701862453,0.4534579314283961,0.26175495673737353,0.6847883528246778,2.348500190503072
1361,0.47300287449943207,0.8566917090659368,0.39679596602968836,0.2806838690372159,0.422824864575964,2.3472011864770983
1362,0.374829501958579,0.429283531532933,0.4719543725843834,0.5979886963788027,0.6982241747256372,2.443342207869097
1363,0.7692496735287968,0.4597227300442464,0.4289908336741867,0.47563249869416724,0.6293982194682112,2.3830026581431123
1364,0.5921807550487043,0.4920737144410979,0.3191584803489414,0.684048520651853,0.9169449948207165,2.280322784536003
1365,0.7688155440677203,0.46589968508438295,0.2351511743558252,0.7573053823119761,0.4389256370124557,2.3566743954995064
1366,0.30531256552483566,0.4446987590311499,0.5964908270802467,0.3556476513099444,0.16302657462127484,2.518192136860108
1367,0.7696610861550973,0.5504555375825999,0.5452901217792931,0.19498234342354342,0.1016748871430391,2.4894639645063896
1368,0.674362764275727,0.7927340953168285,0.5646882537428697,0.33447459644837685,0.6241507019716026,2.2932927821203837
1369,0.4712791253699888,0.7548702249737803,0.5767710205214445,0.261931714680501,0.3064365486376165,2.265659401984627
1370,0.5466497296744353,0.1292888780683634,0.7203694156509614,0.49338460678535934,0.550368314502107,2.2464138230109207
1371,0.5834417387926383,0.12559893136310452,0.8073678019237917,0.36889852615759755,0.38266764008081683,2.2564177121995908
1372,0.6879169623301736,0.7781863030771043,0.2335116592965996,0.9123652346362563,0.759940353042142,2.350005492970959
1373,0.9457699210480613,0.8625597014927961,0.2432384271630197,0.8170775271150345,0.4369148971535626,2.3363563348057346
1374,0.7032248783295304,0.8232175084870522,0.28288213862281,0.39405095469174095,0.5398633533687756,2.2181462638839777
1375,0.7187162185105991,0.8247374741251633,0.21713710415210152,0.26294247599668397,0.3945983846621284,2.2568593535427115
1376,0.6042334065762854,0.490546529791995,0.6758127984199771,0.3975091002784751,0.804620286625163,2.3342908903855113
1377,0.7772236478064796,0.44761717870808226,0.6512737045178051,0.3960198593966786,0.6235911695245873,2.297077328342554
1378,0.6068143829429542,0.45638796853236285,0.6445334043567169,0.14508138709951146,0.5023205261358334,2.261661191874023
1379,0.39658071154684804,0.4414322377262065,0.6368680430883441,0.10964926775760309,0.4582335001523493,2.2425752714353537
1380,0.9843348908860816,0.4872079336263761,0.6209695422614908,0.5609347818809804,0.8505570174964359,2.3925597736115702
1381,0.8318161309627884,0.49322084270533456,0.580434337025479,0.4004428933234642,0.45369390581472363,2.535260155161806
1382,0.5200613664039577,0.5492433503002387,0.667264289910988,0.26348419883777446,0.5314188287343042,2.3139114588918255
1383,0.7372776509618972,0.49548258071464485,0.74273167006886,0.2728820053751627,0.4809537603585734,2.3113506386663376
1384,0.3518461521152093,0.38035204315363585,0.5776823775677937,0.46022817842515157,0.26061519391965576,2.3987898883616428
1385,0.3843699243558253,0.27963015603236324,0.6148284553446585,0.451851092313759,0.38076734716658606,2.3328120826732217
1386,0.7388313870995112,0.6420503551313022,0.49334296380994475,0.6015486604934398,0.5630237997693394,2.4031560633703837
1387,0.974059023742153,0.6236456031946643,0.3721676191460356,0.5574450201514579,0.41649472506083585,2.444370756811406
1388,0.5691424297527501,0.8803715110767826,0.5852278288211847,0.4357303669045279,0.7666406905248356,2.4730956582736963
1389,0.6741609887055826,0.7483366405813868,0.5648376365338245,0.43665382642750455,0.7517909625042849,2.484778833021444
1390,0.7576601391886715,0.4552999212657002,0.3813042085218391,0.646440092618279,0.39795623459255347,2.4118563689283965
1391,0.7510062384444158,0.4426333036210268,0.3985687235810652,0.6574867198597864,0.4798384623954655,2.4608987105892357
1392,0.8229065379525868,0.577758975300239,0.5957034636140692,0.5042073401373677,0.43718166401901826,2.306251872475564
1393,0.5798495160601931,0.590041002698377,0.5277108802445796,0.37541669143891987,0.5446211124868037,2.3730642452993473
1394,0.6686371845402855,0.4918916776853535,0.8070084434626135,0.30374742611852734,0.3523592478237861,2.313272903464396
1395,0.7724493310628673,0.44550196992507846,0.9121419722318777,0.2490656222579245,0.22791105423041647,2.265560008704691
1396,0.12862502313276386,0.652627751719176,0.6513010796699772,0.6027495909426326,0.5049366824077722,2.310553890842554
1397,0.3006126244341408,0.616056975104364,0.6385519082521067,0.6013466817548547,0.4700678294741021,2.3776459566720822
1398,0.7479307209260427,0.6348181074818041,0.46925426412337967,0.6846881139012833,0.6402623139144815,2.3796960387141484
1399,0.8474840826514578,0.6996821380787124,0.41275459666601605,0.684604093989405,0.5648756480239442,2.432588831258743
1400,0.41929742997038927,0.5071508671439305,0.46242909840695373,0.24423945451763004,0.6408267755701464,2.322928566569329
1401,0.827812078277262,0.5233947514797729,0.40237001960736013,0.25802796864118227,0.6017211774459504,2.3297989170438513
1402,0.6496445439153729,0.7514465600843832,0.4590558293654576,0.7350690836524227,0.4775383632920684,2.360482019150319
1403,0.766140035906954,0.7654028541303374,0.41736479972563684,0.7656044942548549,0.4609354810889143,2.454516302750646
1404,0.48272352889967474,0.6675277968749149,0.5808864115381075,0.6266402819899752,0.6364688793741982,2.34670081374037
1405,0.9819371355326847,0.608532582368527,0.5068572669088105,0.5270019759965092,0.584965235223532,2.3383247544610786
1406,0.8083053718445852,0.523970188087453,0.4763223523458717,0.7483558156334804,0.8318537251261279,2.1623250468096225
1407,0.5987595132092958,0.525681788997254,0.37668781328332773,0.6173599492296997,0.7793418455997596,2.2058260785601926
1408,0.6413668400940152,0.6766454143670653,0.39458900030452154,0.3323142029072755,0.5232539293827635,2.287780663104934
1409,0.8573125336001546,0.6890217026680474,0.39136690781682854,0.2815481121169921,0.4232148690807435,2.258054723298134
1410,0.2921207716747568,0.754609368406062,0.60857581593835,0.5830248441852803,0.43461339963429846,2.3042974954952227
1411,0.566831694311406,0.7275263395281535,0.611188758051774,0.41216899778008315,0.2031507845577668,2.311373366491013
1412,0.6904952992905334,0.4620840077690181,0.4209516081998385,0.3964115332085793,0.3522737507833279,2.3992151972274205
1413,0.7819383875130251,0.4887801565980496,0.3185773366119648,0.37850400757296787,0.3075692278899695,2.4021471855196617
1414,0.48441190594530753,0.47867166303964215,0.6338331984461992,0.25416071122038925,0.8912466591877797,2.418609313348619
1415,0.690730089419334,0.4523567438631044,0.5286294672918205,0.26393258513219375,0.5517451572509668,2.433309049072895
1416,0.5240326076992684,0.7049207672572082,0.44266917174433107,0.6609698153507242,0.6104242578558986,2.1597405963830854
1417,0.8743408711046119,0.5555882207084039,0.3715038319332489,0.5550353764797729,0.42155582936545766,2.1984556372300945
1418,0.7323002389449855,0.8918423983721672,0.26162894424611416,0.36600303747378055,0.8051120419350318,2.4383168362421537
1419,0.6144537454952228,0.8563857464528348,0.2577947691067901,0.2939268933887562,0.5058204501436089,2.445681570442954
1420,0.26950267960040275,0.7768863179620433,0.8339939625260488,0.672416869276619,0.6582823511488565,2.4168837594664274
1421,0.14350297194894693,0.7876330393237129,0.8813945670481345,0.5949940175834914,0.5526635521196669,2.409676857068114
1422,0.7402633517364821,0.2626007129830912,0.5280497896935242,0.22698515846957096,0.7719425629788085,2.4693923003785536
1423,1.099656296788034,0.2934050338177934,0.37789944779328155,0.32566774632225126,0.601976822923865,2.480046565590127
1424,0.5272659680100291,0.8337727190327582,0.4106056063936089,0.4024630175399636,0.43392160578421934,2.436998578451374
1425,0.3915178024894783,0.8064777065634375,0.37390130540549243,0.2511677017321994,0.29306528971528834,2.385777976910594
1426,0.3974359766058986,0.4305029488161854,0.41774924353664555,0.6120513318244294,0.5738464086656214,2.365519696422331
1427,0.4305082276288025,0.5424739269671446,0.39038318303875025,0.54160809329296,0.38402064946018705,2.3667299325164164
1428,0.8297346926792879,0.4788701677183579,0.39712605488333336,0.5866406293959618,0.24103716856715035,2.461735567526941
1429,0.9516976826905278,0.43725026481982504,0.460994347928148,0.5565078565675453,0.10601624769320268,2.402185061564154
1430,0.39826498304749114,0.6278672001653726,0.6227071308974967,0.6905500715746778,0.7183351810366461,2.3816044749955445
1431,1.0661096607546066,0.5616855890058194,0.546869010989552,0.5079870925965151,0.4846175051792877,2.3803622621648026
1432,0.5969657081302638,0.43156937380298693,0.431042449577747,0.7406762195115641,0.7849177039301796,2.256756001153314
1433,1.0344386606022595,0.4663090787995957,0.3969377582258853,0.6673615398241078,0.7901685490511305,2.2450184824381014
1434,0.3568536574033142,0.5509153271457136,0.5798327662560683,0.44033911481536714,0.45335394755387903,2.3367972879308225
1435,0.6999288952385136,0.49982330977968853,0.4707831858024172,0.33837264634829795,0.5441003127176409,2.325709998802987
1436,0.16087292603147146,0.48103952829028535,0.4097041754873736,0.4119125963613213,0.9335304957346259,2.3566117727192495
1437,0.27562840413907813,0.42748130120558275,0.3920798279072755,0.38680882664514393,0.593320450143609,2.3173949717095437
1438,0.794276991948055,0.656127326122985,0.25954215942718317,0.8508483956520277,0.6404631193854381,2.16810768863155
1439,0.604092110419582,0.6229320406291974,0.23545428340427899,0.6811813882092956,0.258987984505498,2.1231426477845408
1440,0.707069407925648,0.49029977263219376,0.25859603980234397,0.6959772573119759,0.6328901355544487,2.2264946551400437
1441,0.6261136963788027,0.4804948164389197,0.29532903564578733,0.612434027615604,0.3941837121342986,2.283723236551131
1442,0.6224374427445792,0.591412013862213,0.40975874460307754,0.6724025447204622,0.5620905385619758,2.1719236478280686
1443,0.7388021284818775,0.4979845908338132,0.5277231748997482,0.6518822234069538,0.3264312654290393,2.1908885636968427
1444,0.5389686674138378,0.2728954842878588,0.4161409382833279,0.7728526003220026,0.47195500406950325,2.113975750979203
1445,0.5621030473754846,0.33383278111941883,0.4025593540868091,0.6986496977497542,0.4606413958042,2.1806373645759636
1446,0.8585190357330177,0.8374856077210326,0.4433082122213542,0.3925539987594595,0.5738732987681998,2.3894518730196617
1447,1.0595251277419049,0.8544969135402123,0.4308882162908553,0.26362606974668407,0.4042596194507301,2.323108448968357
1448,0.6742854783252473,0.6514139628525074,0.627969232851616,0.35154011078939384,0.4168777814458771,2.335276769520305
1449,0.5004857772893206,0.7211520640668286,0.5147309345402854,0.22135766330080892,0.20410357042119048,2.3037827304795253
1450,0.23025932710218575,0.50665702520016,0.2909077497388352,0.7538407059322841,0.5817341079821993,2.302810894019734
1451,0.21612787669741226,0.4475227933495112,0.3109258148501542,0.6603163825947318,0.30663012410768176,2.286437940459544
1452,0.34684379019409417,0.5730155864813812,0.8397643664257215,0.4820265129698924,0.4583030033295303,2.264831162473781
1453,0.47867667096100536,0.6047362942635951,0.6777472334174773,0.3729714615250839,0.5623883687978128,2.2084101793827635
1454,0.2323521576644812,0.6463960243948953,0.28393244529060724,0.5111565104238651,0.6895389606545276,2.333655673572324
1455,0.4842186800792086,0.5923669650722514,0.2090024445072813,0.38007408717782615,0.6805539651593071,2.308894986572895
1456,0.5853104832868942,0.6443832766148143,0.4285883990686116,0.6443261358156156,0.46131151064150416,2.3436267623606777
1457,0.6007798625740345,0.6225855515753945,0.4399289541694072,0.4592790020672236,0.5236629734940096,2.358801289432358
1458,0.6179089697944948,0.9343451098972486,0.28422319196107854,0.10070826177305234,0.8168841658033084,2.361277729152101
1459,1.0226853054491956,1.0008057825774257,0.22969319613939948,0.11529748282985189,0.6559664156076085,2.3596866587525023
1460,0.3891209495124555,0.7324007377697349,0.5118100786254843,0.5956350769716023,0.670818083826534,2.2789232029725675
1461,0.3972960001523495,0.7828652533730583,0.3684987986811441,0.7028827657119704,0.7955139259661798,2.2770980416521014
1462,0.5719225422832547,0.7506917938500809,0.7304027098927908,0.6009329116033991,0.7974819282947433,2.3327963029682843
1463,0.16558023256868523,0.6926251035209476,0.7315678509313923,0.6183039712307379,0.610661969272161,2.366239981959296
1464,0.693654498106717,0.7218712440589794,0.3002343050792088,0.6976416435626925,0.8353180519018528,2.3250669992165016
1465,0.9598485393670656,0.6959176125520958,0.21154219522531534,0.6505158028377009,0.7537737744385984,2.4130236533338136
1466,0.7475943941504926,0.4796798526723301,0.32448321607321606,0.8843618597013732,0.19775445902240937,2.287296690568363
1467,0.6517178388317086,0.42938194372378014,0.26100060782985196,0.7019999003525073,0.10908473837912427,2.213802331650318
1468,0.5315775848929657,0.9709598082999173,0.4217738696901328,0.293545855914803,0.46180201397103265,2.421897164062371
1469,0.44144982218389206,0.9171375214788813,0.42838626290460086,0.2514830487029084,0.4486033397240287,2.376695325165373
1470,0.40653371983802244,0.7363975604543697,0.544810176074999,0.5036883451209536,0.46571125298130756,2.324550497170868
1471,0.6915947498258909,0.6706163082563897,0.5616488185061415,0.5019464477715181,0.40815314647888146,2.382890552881229
1472,0.5190055667652034,0.9862943435105991,0.42287602735461216,0.4833887712612427,0.2803870089005664,2.180331537408489
1473,0.4981436965964414,0.8770500820420682,0.353224731894004,0.3639526058277474,0.2995466057842194,2.1548529901200615
1474,0.8032486439762069,0.5512213574816295,0.6130889155203779,0.31436199954296035,0.8662354700774255,2.276314287691419
1475,0.6275920300313982,0.4399872792261335,0.5249892959392415,0.20185059627426563,0.7370331945943368,2.1760521114205473
1476,0.5389861731588103,0.717879293850081,0.6734527159426328,0.4693489313631045,0.2041402054752418,2.218750485049596
1477,0.7106375154074502,0.7602846200164166,0.5650973765668286,0.30868695110104605,0.06004294949069178,2.249626395695381
1478,0.6339677606415041,1.0006904741469267,0.3877284625042848,0.5305384563456231,0.6299400210220142,2.361611145630089
1479,0.7001955156684424,0.9798053801139961,0.4260615635009669,0.40982602570073007,0.5238384007440826,2.3233407461263766
1480,0.42513115585825184,0.6773377719794511,0.766989401658167,0.6680571573380224,0.6153416864988626,2.413442228238192
1481,0.594016620429931,0.6287047453211114,0.6783941243906129,0.5145175525330064,0.8086872329821995,2.4123679984982918
1482,0.7453521807972431,0.6582417002524285,0.43737557810315075,0.46818178240331415,0.40688618691237677,2.3590669507529984
1483,0.5767029047702315,0.6893291204299311,0.3798529901200616,0.3836624862464355,0.519471887121275,2.2995069817198925
1484,0.47835534596974605,0.6698945565807436,0.712210505309871,0.6579991163604296,0.3612807858851902,2.3819735564283957
1485,0.5300612964831641,0.6608905104891567,0.6898817614901219,0.5273493106937728,0.48398235608891405,2.42593353209862
1486,0.4038309719707109,0.10002328059708507,0.2825738074946531,0.5183306691547759,0.903447373803162,2.325865562782934
1487,0.667927253460114,0.134171273241583,0.23854384359765451,0.35190974499465294,0.8498513841397941,2.366047241142791
1488,0.5273771818854384,0.767761684627341,0.621020626327426,0.7277881094621454,0.6230399158903646,2.2554155683102666
1489,0.5104853577645604,0.7807973049921532,0.5781787234722456,0.7214056119209423,0.4200798642279167,2.21629065968835
1490,0.5869867688457983,0.5048124746692606,0.395534352998614,0.4294107282817196,0.5108045961219182,2.2701828670133475
1491,0.7093830536645548,0.42570666018874476,0.3766652996169923,0.48874547273227287,0.5271031172962777,2.2575827745254795
1492,0.7977206775330061,0.6895767012533933,0.7416655049834124,0.3807314790432817,0.6100410770151303,2.4267474580432076
1493,0.8943747946335819,0.5854223176575241,0.6400170228933605,0.27281569437669795,0.5826195450251572,2.4157709544741017
1494,0.10682877522192398,0.4802396560105988,0.4259765515101028,0.5702470913779104,0.47455876499376126,2.247191249347085
1495,0.21958316871949762,0.3916755098362395,0.44339955183673596,0.32858345887006185,0.3820564817853592,2.259020581737373
1496,0.41146247303696715,0.8594198918870466,0.23189153344780683,0.7591755142321996,0.801570564654454,2.369408147806305
1497,0.5607738146326904,0.9237077409253267,0.2396433618558253,0.686341186585918,0.6519748717355908,2.3781863707999173
1498,0.841856790651136,0.8467286849320358,0.780085975496114,0.6580426318114058,0.6497256645195879,2.402880058582848
1499,0.8896610817591375,0.8263612094794515,0.6220611313108361,0.5771605289867303,0.5377827387489356,2.30421498746504
1500,0.5976563854456292,0.8240996856284809,0.14477945131868492,0.6410618475801004,0.3693969586959509,2.2680944806101078
1501,0.577546360223707,0.7993127857546063,0.06557933019231124,0.458123876871349,0.29848086901545184,2.26446910787338
1502,0.5004893190720032,0.37788533739546565,0.8039038814849471,0.48408174936884907,0.7000775001088219,2.3535674759966843
1503,0.8209246393845466,0.2845489721012943,0.6510152731980553,0.4125820119906919,0.8091422855152035,2.367336860811158
1504,0.5467261132485407,0.2914422535689335,0.4220439641799306,0.48654324403721566,0.49540424595226473,2.1485199970402853
1505,0.730208028877911,0.3827827453428755,0.39579792768535327,0.45203812600096677,0.5232551813631044,2.1350840287037998
1506,0.7677559884879438,0.25459547216658596,0.4705234457694133,0.37272720832596384,0.37142591449764917,2.282214042696594
1507,0.9097503303446584,0.28820485543599716,0.4037611869123765,0.29109917085218584,0.2548645288343832,2.346764970382121
1508,0.7478545515102776,0.7221640096405392,0.5865162074991109,0.43826108286892185,0.3095990183452284,2.271952421396108
1509,0.6290876552706264,0.6427750280944103,0.5480625759922265,0.4159397941983038,0.26161455196714445,2.299189694550809
1510,0.5424026190372159,0.6195443115859178,0.23319651549433137,0.6665971073510463,0.6194967015798523,2.3790257994211177
1511,0.42177539256172786,0.6428874939501599,0.2920042789867306,0.48737029929053366,0.4031456411907763,2.4632695648501546
1512,0.3805502769410981,0.7857081918522594,0.6048486814066325,0.46594423835736,0.5016267133746664,2.3095792008181153
1513,0.3043591481762914,0.7901119042914252,0.48999220843478375,0.3595722526983769,0.3307090330997594,2.328263385859144
1514,0.5991302639492683,1.01258959159555,0.24967859629602937,0.635706183931071,0.33332753590695413,2.3667546115293665
1515,0.5858441524634319,1.021670720469176,0.24348969620469121,0.557205492992548,0.21909148113244203,2.3196561459565475
1516,0.9239930623476549,0.8630071176880282,0.22560706374037015,0.5506267348319567,0.5735325168436939,2.310988651788751
1517,0.6301469289692496,0.7934217158991049,0.23335929848526912,0.5056609270542001,0.37572494385436367,2.322807280118279
1518,0.6527576555970849,0.32081203808317016,0.7352208916913461,0.8087695268540424,0.730305549682284,2.3534071182537155
1519,0.9138532802706262,0.32568546622556327,0.6793760334260432,0.5845144236811446,0.42389095094869866,2.2910507939153733
1520,0.44479967518267927,0.5248538990903756,0.4422401179274311,0.7889994489030665,0.5648915741644079,2.174498161124594
1521,0.7952119901853537,0.5683227399459511,0.4219576324859123,0.6553449595882711,0.6352705773414139,2.16802421050218
1522,0.35107602350275036,0.2947805678533991,0.776831838548953,0.6353592775504875,0.7538878308887564,2.2389371757267766
1523,0.7927059422440094,0.3975746443461931,0.6776345534033877,0.547675842378876,0.690165695486482,2.252032633030009
1524,0.8190178046874586,0.8854133506266983,0.41898360587127526,0.45649861864546537,0.41304415907896025,2.413772035210683
1525,0.6741552138534723,0.8056165879395633,0.46183885219352444,0.39685588168082264,0.43658140196286194,2.4387467247126136
1526,0.6989387751131046,0.4853433514100234,0.6205588965659373,0.6150998018147973,0.5899883847709481,2.352175891364887
1527,0.7794693132398001,0.4710140278116542,0.6253466922222457,0.3294780093793725,0.39577159035518217,2.34013705736407
1528,0.548371674051131,0.6401006474582571,0.42645948622467234,0.9150478830953018,0.6301563243167554,2.3149651041738646
1529,0.5432125071596284,0.6348156602540366,0.39713557468656685,0.6206696931145658,0.4709623012706993,2.3463714918174725
1530,0.6360405705082464,0.658964004700482,0.41709949899886234,0.4883697927836498,0.1739405121430391,2.284063330257603
1531,0.5427036524416678,0.6768619318201468,0.40614524919473755,0.3895653766974121,0.09328159301002897,2.3796731077210325
1532,0.6610585045698982,0.23266438017928762,0.6019059890536302,0.24096947014271752,0.438913895129694,2.4387815550139176
1533,0.7082052116339034,0.2798068352627771,0.5562619560411037,0.24646615905719635,0.36917905381690186,2.363679511337774
1534,0.424583725887865,0.30724372963090757,0.3842942967225672,0.47918996983802276,0.6761957193593917,2.4057544887491105
1535,0.5703101992077609,0.31398263137612775,0.4150019423963568,0.5045881067200675,0.6675212550920572,2.432124868427827
1536,0.6154169645281536,0.5831484881614849,0.6130251871953074,0.9980639066852802,0.37966879900760275,2.3163374350408557
1537,0.8512123904508034,0.4868857739815559,0.5135959654855905,0.759834914018843,0.409708066874023,2.3342523151330847
1538,0.6917499532119705,0.3309928206605936,0.4400527445811387,0.423460983765525,0.31347169002426595,2.328980479217393
1539,0.5200015971883502,0.29019503281682835,0.4281930480284017,0.3982970275069597,0.20118577123947864,2.276016243297243
1540,0.6003726232155365,0.312655067940455,0.47495384514271743,0.6434172717400484,0.9511984264885133,2.3748060749259694
1541,0.6809718298658525,0.31551774523405585,0.3840116147065473,0.39892480016091514,0.8200587947204628,2.3157006166433605
1542,0.6585562125695767,0.48592303999821906,0.5758015415868093,0.7399659278375261,0.6954611725931236,2.209298402267556
1543,0.851464076819255,0.5056145013056617,0.5816318611376162,0.7006426609724209,0.44236174299254777,2.197164901027014
1544,0.6144506887621339,0.682527866795708,0.5202972730674719,0.11171589643535344,0.4595476523981399,2.3302769115598707
1545,0.7426750143192551,0.6088580806275894,0.3715603412473275,0.09771469951245579,0.4112141252827581,2.381257151288181
1546,0.353194153573216,0.64649048846618,0.751846637164803,0.8930676472404431,0.5071890927923901,2.218892344968606
1547,0.2624075548398061,0.616107438675078,0.6699765008486194,0.8711685429796997,0.2892743481457872,2.1616992820768557
1548,0.5767660126000809,0.591816816982843,0.7468340562325209,0.5024752554622184,0.9189187610114906,2.4587454116033993
1549,0.64819012234498,0.6979333713222513,0.6294089125390723,0.3863553647065476,0.6197855647848627,2.3609232431666594
1550,0.7179297464308961,0.6253360558842986,0.07870606502426562,0.4603561421046854,0.7584481231500703,2.3432283545873807
1551,1.0233251805797785,0.6076921836481404,0.07694387608802249,0.4093291947466845,0.40706301257831734,2.3893913258834067
1552,0.4076665345360029,0.48486064184369343,0.5629171654986137,0.12308989441148517,0.33537108715606223,2.296778381572003
1553,0.27502042703243645,0.4256685022630988,0.6009246437805066,0.17606615409555,0.396210310410842,2.3483516533555773
1554,0.11030936675218017,0.8074241757922436,0.5545996454343888,0.649932786625163,0.6169085629351052,2.260340576558088
1555,0.25283994946892757,0.7285602350058933,0.5244787609242597,0.5577407637533938,0.4633537421874582,2.2163174143453013
1556,0.5135580894410979,0.6111711058712751,0.6246065214353533,0.564453599059696,0.6094107894105937,2.223661236464075
1557,0.9032986224973276,0.6877472312194978,0.5473395723362398,0.6116616201907029,0.3833685473972484,2.2552612673005603
1558,0.496441412321433,0.44097162449943206,0.39476659290120975,0.45425502885614694,0.5941692631224151,2.144479252567794
1559,0.5304409465311497,0.39450927811617414,0.3838124785427117,0.41855273631172757,0.5077486819723189,2.150289697858573
1560,0.3436601942461142,0.6625591377304896,0.5093786095054978,0.2748103159165859,0.8778687907597807,2.3705808574598657
1561,0.34115852274101327,0.5750765300096341,0.5689883996342987,0.2075048570898788,0.7986620033948221,2.3549425139927966
1562,0.5702396582085788,0.2579316320943369,0.6095401405160948,0.2501919061629466,0.4944971866294456,2.175103487835026
1563,0.6746605267887505,0.3392494659643968,0.5156037273241075,0.2432783221186001,0.21314557126998274,2.1612062070638323
1564,0.5129901537255637,0.6564758230979761,0.8437077365293665,0.611629429295708,0.7194483923658527,2.296870544851046
1565,0.5483121757267767,0.5694680634574394,0.7893600483546857,0.49060803603753755,0.5343737480196614,2.326321935019091
1566,0.7989260521412559,0.654177596470141,0.8160236786645546,0.5275073676445006,0.9201846040432817,2.281933864641256
1567,0.5312800255483827,0.5328019313848683,0.8706817846012942,0.32414756652580046,0.6850153601801794,2.22962000474401
1568,0.6844756452602775,0.9973397864945799,0.5531120628698141,0.8301643102584944,0.7704115436759702,2.371937408621918
1569,0.4759659938848685,0.8739040912473274,0.5423293599190122,0.8501338629873741,0.4886920988639959,2.3212634133878653
1570,0.3571585144716024,0.44351818789157743,0.5929144517755518,0.7770659971926326,0.9765301059365668,2.3385405049834125
1571,0.3115827893888296,0.47182996167743135,0.5195568313893263,0.5969586812978127,0.8266208140668289,2.3360610762533924
1572,0.6881588470142386,0.4903236847143966,0.7470672447770138,0.7166994219184426,0.91482581593835,2.353669858286894
1573,0.6222096684583309,0.47782139491205483,0.7124104761272678,0.5187359573249989,0.4875180017844678,2.3174897743948955
1574,0.5407544865511306,0.5281354221796093,0.11279783023583903,0.839458956585026,0.6009604331910979,2.411508909775406
1575,0.43924168319109813,0.43862620519231094,0.0943404493818719,0.6045252020586582,0.5936519941460351,2.4107814509704624
1576,0.4483746630614061,0.4700132036254847,0.5914615750565533,0.6856402902593859,0.6455691155771041,2.2670062191851046
1577,0.44199544740153124,0.4043720743165804,0.5650672045829217,0.4926481809495901,0.8349204110593011,2.22799439691416
1578,0.3465060540127773,0.8227885223929653,0.5018913936062205,0.9786964097754057,0.39794302657111164,2.3545183893845474
1579,0.33131345743381874,0.7940132818156888,0.5673965732938517,0.7729113317156101,0.477761343815294,2.290638478912698
1580,0.5740668065154516,0.5560093672962778,0.2682915301400429,0.5039017271282326,0.8818353847275949,2.426307475017308
1581,0.7171962528724882,0.559232711764312,0.21721508931051436,0.3554234975190913,0.6668943848144756,2.3676522864945797
1582,0.8331943611376165,0.6506117220577664,0.43513122138308546,0.5923869747779055,0.7355342197509673,2.1909053812237795
1583,0.9085699056406126,0.6725527511750782,0.38117006365331446,0.5216330475931238,0.5137571578821203,2.1506486280030708
1584,0.6110691409078453,0.5054770178228943,0.5790885686369,0.325667114837131,0.832835374260204,2.3287168368078404
1585,0.7618233543697406,0.5391615436759696,0.5511111137054076,0.23332746818414044,0.6163215089003911,2.3576553454256484
1586,0.48094180431747185,0.27575087484765504,0.5724473121517797,0.4407507306101079,0.5488272903464417,2.2688079644628623
1587,0.5459242220577665,0.319526794851046,0.525453518671512,0.3616743321726518,0.6537476292869675,2.2013811514622916
1588,0.9282708867512887,0.7038972042564628,0.6131406310714331,0.3511211295481348,0.5037679318636742,2.2281631579256476
1589,0.723256230175005,0.592465320530185,0.5563485586263759,0.22509820902240918,0.3284880924224037,2.233847647458083
1590,0.7002370122083309,0.8306700405205528,0.5839280011315504,0.4104013945855962,0.687916759161733,2.4051782852106833
1591,0.7493054880309016,0.7723665411515311,0.5838787895411768,0.3896627510662586,0.9076516572074391,2.3718359964308964
1592,0.501193903616744,0.4131189520586578,0.5533089092313078,0.6243619296221665,0.6719354684235436,2.3594296935714336
1593,0.7776672293479765,0.3802605003698136,0.6068348886881018,0.5283538798310655,0.5019324050965147,2.31930729937759
1594,0.4412829446378648,0.4935567741339037,0.3072039023981399,0.5662971227584943,0.8994219807189281,2.3352597378350266
1595,0.5985562824903699,0.5469433189196558,0.22036295258081703,0.5879486571856752,0.4845700306188487,2.417153368906632
1596,0.5131279868122978,0.12119154169562883,0.2991240040475645,0.2762203873824421,0.779082094576856,2.434596582107361
1597,0.7237084291433608,0.11299314273583894,0.2429953692113268,0.21540208719959011,0.6812453416826059,2.3369018923005602
1598,0.2728026218008826,0.47419149930355703,0.4619609055753211,0.4608839119733854,0.8696765162560682,2.3682344680535574
1599,0.6464754079691762,0.42148756717871805,0.4329939052706261,0.39039791393178724,0.520261551379694,2.364282897849833
1600,0.40154706989903166,1.016638750326461,0.5763323681885982,0.8700838123474801,0.6500841773373061,2.2296726903942523
1601,0.6677903904725672,0.8246803333259641,0.5574947058015253,0.7425981456955557,0.5837701473492627,2.2099907488900423
1602,0.38939543142839605,0.6148987931753999,0.6242300068331698,0.5563422987246722,0.6032581747693396,2.307150585262777
1603,0.535428363400888,0.6037050949250786,0.5835532912821146,0.48220445517054694,0.3171192378132625,2.3015489423745934
1604,0.7962478478412669,0.6776094003307436,0.2686446964223303,0.564198585066902,0.27087090492240357,2.301129679252179
1605,0.8796277875173081,0.6002092087394786,0.28674091406237084,0.5239827756136743,0.31320291523762167,2.326418688892717
1606,0.6104495006311552,0.43878335976666494,0.754499620669334,0.5895482095665072,0.8880117760054247,2.4159940027201405
1607,0.7777916402549284,0.4240326754220818,0.7344646593183634,0.5552535522500751,0.566748419350476,2.4525721447814717
1608,0.6873997720665069,0.35609047691059353,0.6056619758661008,0.3496464841137474,0.8834819723622858,2.3697538699293608
1609,0.8573060028071966,0.2734880990163435,0.5555782835783907,0.2532620661559894,0.6469823902115754,2.3081804648981405
1610,0.2841056614510515,0.3461251629743503,0.39959950559280216,0.4840251723319569,0.2710104073162589,2.4856687819462717
1611,0.4955732888449067,0.28565835976666526,0.44071068921900114,0.3591820450251575,0.4046811723754846,2.486460532838593
1612,0.4177619665084945,0.4841390256136747,0.7331810853933605,0.3724705927488623,0.5159265861768614,2.3390467202950647
1613,0.590383047593124,0.41929255749465283,0.6933830729238651,0.33495599730145215,0.6880870430448164,2.3967228423571116
1614,0.4421706037603511,0.4703929213962835,0.2936841740511307,0.6156397986158525,0.5074272892582458,2.252412136642469
1615,0.7461408749564743,0.4796505830647972,0.2698750209347839,0.5599571138361663,0.41000333641626413,2.2470691959652886
1616,0.5221574001348687,0.5854009772588161,0.40497574270979236,0.7851965622823633,0.6989209087742657,2.3538350775157
1617,0.4843566486115696,0.570613386968928,0.38924327378550594,0.5682714417216758,0.7760630973624613,2.3104007631004757
1618,0.9709632933496862,0.48923911150760285,0.39122767631422695,0.8795065010662584,0.5922183602019432,2.4006421649329273
1619,0.6695838569375316,0.459387576536324,0.34878100004352997,0.7381931812760488,0.615548120386403,2.3699396626261287
1620,0.3801018229238649,0.5501548537821145,0.43861849014182586,0.2603377229934397,0.7157991075469214,2.4547639512969215
1621,0.5942084588700618,0.4472613840093858,0.36107866071107886,0.29629809725364176,0.4736838288431234,2.416464631789642
1622,0.6714004118210382,0.7442412592703777,0.2678638637491106,0.5967008814631837,0.47296409607856527,2.335289492492153
1623,0.7936981380134207,0.8256362656250897,0.21892896903275802,0.5190884921221667,0.48084212915638386,2.318813728325073
1624,0.3702971376218451,0.2730164998476549,0.5123134403724882,0.441692327363178,0.595526367056875,2.2317769919480557
1625,0.6852112254525867,0.3866761369253996,0.5092347983982134,0.4397554103847951,0.43715114243114417,2.2375516368383446
1626,0.5622361434321094,0.4220728164606836,0.5512620980806705,0.39784919398494734,0.44117193393089593,2.3523691849537984
1627,0.6825737507617387,0.4498915609765284,0.5318137514578342,0.40885905072677653,0.41725811971189714,2.339678248890043
1628,0.8139287724582576,0.278265122889078,0.43749276999911046,0.6355437505441,0.4828592753525076,2.363446322793281
1629,0.9279016698728098,0.2716251183842983,0.41299591758777415,0.4848379707519316,0.41455014976488186,2.3724406349232945
1630,0.6010623981545273,0.32591553031415404,0.40160294772799,0.6883350521849588,0.3364525359069537,2.336049187935105
1631,0.6234659239640751,0.2973247737203892,0.3622968260139904,0.4621997902592112,0.27438584170436947,2.307689611964645
1632,0.4911854238334915,0.6468587352454711,0.42048730675485485,0.6000127119819509,0.693509288583565,2.3215740343183633
1633,0.4882081263274257,0.6275783259704626,0.38073766023227246,0.5321941007137535,0.7166198461656214,2.227051886794816
1634,0.45546943821803615,0.6460905468313863,0.7743717203166536,0.634696731328142,0.26284405281593703,2.2740201666085733
1635,0.5934535571901334,0.6429105713788025,0.6807144583479028,0.5440483939981458,0.2711119549529082,2.247399487987374
1636,0.43306049815024467,0.6440449766711908,0.4215811288736282,0.6354110498344566,0.44906568998073776,2.3395037240163434
1637,0.5902800338177934,0.5925400347971695,0.45395072456026586,0.47842950746432317,0.4778122924356018,2.429656561085348
1638,0.4697432445813137,0.09396303240331447,0.5689765790388235,0.599920131376128,0.6865866130526657,2.296426816874023
1639,0.8154004178924693,0.1008246867382652,0.5534517502394053,0.5344419314936881,0.4484855950556619,2.3590136336176357
1640,0.630868274308015,0.6194577767234586,0.7580308899286444,0.5650795102279899,0.4138817829474121,2.3161638802663442
1641,0.4095611313108363,0.6521373838352749,0.7627860096403645,0.5926711906554194,0.19139533178090165,2.2956953312368036
1642,0.7481910357112538,0.7881094889883385,0.44763198831383216,0.7900595005223361,0.8745219377611689,2.3003962534165865
1643,0.8153744191763649,0.7749950707913519,0.3761095908338131,0.6580026581431125,0.6486750649807379,2.379367415999184
1644,0.42721877533074387,0.40808892211431763,0.43970910909198363,0.5302504955169866,0.34853500981447555,2.5045133137403703
1645,0.4667516225190913,0.44301858208559614,0.38409460778632415,0.3171200047440095,0.2795101892844679,2.425730087221354
1646,0.7176588960002502,0.8240992005788871,0.4291636325078509,0.577092819572398,0.6301230168870464,2.31208671489814
1647,0.6211741604063841,0.8263644016581673,0.42947202036892185,0.5620587082608473,0.5803581676097134,2.270814812935105
1648,0.26827978825728116,0.6037367220577662,0.42469048461431763,0.6329435204126248,0.6926330327297727,2.3508271229761335
1649,0.29733178956294093,0.6665130764492683,0.401841561520626,0.6030751569245084,0.6223085089658579,2.364661984135512
1650,0.6051600015450646,0.33421116819716357,0.6099264568026653,0.6096407180535567,0.9827694695986198,2.4591654306666593
1651,0.7235472477367307,0.32474991521585805,0.6443732607720875,0.6589156954864822,0.6961013296048605,2.428858290389969
1652,0.4408157896282323,0.8765082804882653,0.6032920807144703,0.6572882041911712,0.5481869978890778,2.330559661298704
1653,0.3982042327427962,1.0383930166478186,0.5724273701689389,0.6562543087134313,0.24876368647709848,2.319353307799347
1654,0.5397091090919838,0.6498913578080883,0.2853321622996693,0.6444484600886655,0.7995361836046121,2.320480979130337
1655,0.9660258440111691,0.6381819921656944,0.23227201814935333,0.4029734738422321,0.4654576264144812,2.274654616491013
1656,0.883485457412055,0.2605713398546123,0.6060382763099443,0.6288870639580091,0.8842045696813929,2.3045719774111624
1657,0.7198470820203047,0.30911267729360314,0.4992530842618125,0.4448151052836494,0.8753179186542059,2.242982713962292
1658,0.6776683348927907,0.8563360498128677,0.11391625265484917,0.6981468887751575,0.8819185022630989,2.3231076143147975
1659,0.8823708586568805,0.7678995854368886,0.046108480893039025,0.4984388874259701,0.8745557869733851,2.3038514777158583
1660,0.8355447883661007,0.6438680155596233,0.7367900579299314,0.6109236714833395,0.7620042068679573,2.274323489815367
1661,0.8763485542304165,0.6148267183147237,0.6433059901418259,0.5472591509399578,0.5078760928794457,2.2044730691808225
1662,0.48960019600881577,0.5102967902158579,0.27747740981893326,0.22357942764182598,0.8001131540737859,2.3222019534078457
1663,0.5323638318244291,0.4571372417957079,0.21294663827458746,0.2536417729368884,0.6008684053576818,2.3403562142234584
1664,0.36031617942629124,0.49416884579563486,0.7298958063631047,0.7959725202818662,0.7347732046048605,2.298165104717963
1665,0.4448114957781535,0.521567706693846,0.6680833592225671,0.6553589345404605,0.8340514419393148,2.257932320312371
1666,0.49562771152508406,0.3855496498519375,0.36449913342176044,0.716026532229203,0.7539536458477284,2.333676043871845
1667,0.8291953163734529,0.5082276575774258,0.41018647871682284,0.730365600779045,0.7647807098929656,2.3408150226974858
1668,0.5265759111898849,0.7687156547482924,0.39461972506083637,0.6009650915084941,0.788105676314402,2.3569668114770987
1669,1.1468964758443372,0.8480308921266244,0.38627863152847547,0.4307277908250727,0.7999285456345469,2.3539886115946596
1670,0.24033390372556346,0.13475248470137333,0.2262621548135841,0.8093200812803316,0.6023841300051764,2.370722096883655
1671,0.16878954535161605,0.09710561686099992,0.2601781431711173,0.6269273404422375,0.5771789480979762,2.3061431625608355
1672,0.40093394942539995,0.7532990398241077,0.260258418131872,0.9119896791433609,0.4730117060846314,2.1796615012838974
1673,0.9950927903682055,0.811490208783006,0.23470452509134057,0.7993125825861661,0.36811380209772804,2.155726820725884
1674,0.4041967147893205,0.8174605835000753,0.6214859655944103,0.2539004751478915,0.5288065071161004,2.2735566998171497
1675,0.9264517711741866,0.8306138808104416,0.48160301984676296,0.309636341617314,0.5477811459565476,2.207945111007033
1676,0.4834903866207049,0.6882976502001602,0.45324879041173344,0.587888459653388,0.292177213266022,2.462575616643361
1677,0.6436442790955499,0.6422415730762123,0.3544214213525809,0.5639583129570441,0.28035808889700004,2.3925837534165866
1678,0.2791137217095437,0.6614412003610731,0.5696112430796038,0.39063013237709254,0.6331127664737074,2.451668559518521
1679,0.6631674644410982,0.5853963976541325,0.5070762883225728,0.4455535500305065,0.5850493448380225,2.4146450311629466
1680,0.9205845456780747,0.32889192544384566,0.40983609827637046,0.6226298339571174,0.6962756403202199,2.2758299655508827
1681,0.689633142844658,0.24811422382046794,0.40333928438365513,0.47245731700460647,0.41957197960914333,2.241985792152671
1682,0.2705417294350321,0.8671169480109209,0.44125013324764917,0.32811220930534013,0.8236083476453923,2.415863467357112
1683,0.3964186167739442,0.826378997105577,0.38783682281504567,0.21850095303785927,0.6152637013404487,2.4902725329256485
1684,0.38842436189935314,0.318231964092875,0.4342995078123707,0.5743956433887565,0.8230420812369788,2.242987440002502
1685,0.5065214141929544,0.31084547216658576,0.4312363069289663,0.531378370016417,0.6979207837960296,2.238016287887295
1686,0.45695770900064503,0.33491491808834434,0.6314435077472541,0.5751565908120495,0.4811847268235379,2.2971112452775846
1687,0.5211058414867304,0.2980263692548548,0.477572483395539,0.6449890883748414,0.6281156156423958,2.3210343871212746
1688,0.47057905270711764,0.774880586024514,0.6975720726626982,0.831601011925575,0.6785211747038732,2.347318863422652
1689,0.5609568892104353,0.8140643724755633,0.6177557066067902,0.5750129151503911,0.7213888053839036,2.430968355805984
1690,0.6548430529900485,0.3655468684060626,0.831089642257033,0.5253203439021743,0.4462588227932818,2.259076606001859
1691,0.5250387784208688,0.44089926775760285,0.8127566832999175,0.3634653733896477,0.3889932677140749,2.1820477856457874
1692,0.9701817614685329,0.4821140289214387,0.38778886320501305,0.651068094293925,0.5475574094924744,2.265766160711079
1693,0.9374707303924692,0.4652388191590587,0.3741149015711115,0.48556445945768767,0.37050370695501306,2.1892327161602716
1694,0.25544136385793004,0.5137829424398845,0.3242628859461989,0.4790485949686059,0.6261457408382708,2.3037817603803377
1695,0.4818857695855964,0.4154820912690913,0.17635126135953844,0.2911992523501544,0.4984677964396365,2.279419199273053
1696,0.42576971128568114,0.4481504415477396,0.5994116262621341,0.6998815561237015,0.6764603995909456,2.274396467052417
1697,0.4768947322204627,0.5381222119601873,0.5116886457389083,0.6944294204821995,0.46130503658146005,2.3174015812152144
1698,0.5269348413343831,0.43462181389271726,0.2572583928011304,0.6326407389883387,0.6769981633225727,2.2992473094097012
1699,0.4219278210958718,0.4126809879438455,0.2276284399372101,0.5131312577037261,0.4860218017930335,2.2994513857720875
1700,0.624007172745471,0.6903164547135051,0.5512261512446527,0.6512041903507241,0.6694966338570384,2.27306800124037
1701,0.8086619334740287,0.7167341844969326,0.3850813215746777,0.5476871102019429,0.7774455685279053,2.266228725126127
1702,0.45344124934708496,0.6379581769889088,0.7247756997736221,0.4616379112769403,0.603946979609143,2.4010654548876165
1703,0.38468054528632406,0.674901790977595,0.6847268355892359,0.35038269579117665,0.6360941585348625,2.3794554847231373
1704,0.81073433700389,0.7762006485680419,0.6663711378175452,0.5438537697161798,0.8360526052620607,2.407143704865852
1705,0.8778785247213542,0.7440457436019376,0.6635031139885134,0.5860019275330064,0.697601399003145,2.361232758552343
1706,0.3190417167696613,0.6308063397457926,0.7062151019758852,0.26715239880744496,0.511589252458974,2.272132236072325
1707,0.3083887712612423,0.5378746311367246,0.6667113779595437,0.16760974114279065,0.13331551214303883,2.2830584792391564
1708,0.4638427226453922,0.237309898589806,0.6301395635227311,0.934730038757851,0.5345083779377797,2.357859343075321
1709,0.439844020891256,0.29433704304481617,0.5324905435236226,0.7225070813673873,0.3851029328646393,2.280852765494331
1710,0.3077356881092165,0.4857397512621338,0.5450559411558145,0.6249780281161738,0.7272557489988625,2.326998851540607
1711,0.6821347488249263,0.4500472604021012,0.6126425591269461,0.45975033034465845,0.7239349514492683,2.285357608243366
1712,0.5764630957301676,0.8015736103976436,0.6945481462396532,0.42198850367775287,0.722597654052022,2.416797427772409
1713,0.6229602046919162,0.7572332397284864,0.6803712182057291,0.3200400260052498,0.5751503309103452,2.346509460349833
1714,0.7369751514187644,0.44484479221796297,0.5220380538821934,0.616935531750397,0.700414672527832,2.4849999978020216
1715,0.9451862733504026,0.4678606605804952,0.4194978858373795,0.47722642265841553,0.7423651493296037,2.363672980544816
1716,0.5995179676618069,0.6363365282685212,0.5903772837309131,0.5717687940459564,0.46766452441683437,2.3307487926097146
1717,0.6664495512926383,0.6507255076166709,0.5670136523544373,0.5325789508616432,0.6320904554533029,2.34132908850525
1718,0.5574555777766921,0.5013099112551764,0.44742361422791666,0.11848587254085505,0.5362354766713653,2.3112739732110787
1719,0.5012806526375431,0.4405206665215179,0.3555976727888239,0.07941489055962289,0.5513359667041945,2.2652679423310653
1720,0.465141309344585,0.45032660380387857,0.5831109507310597,0.6738019798483716,0.7510827007312346,2.4806350747736228
1721,0.8111970258746664,0.4333317091747565,0.6007722829691761,0.6716098347188546,0.7131270057232109,2.479330510053879
1722,0.5595254773458718,0.8411262751131046,0.7052299897718394,0.45165411050663795,0.15905012223616086,2.4450414921439307
1723,0.7475847279117336,0.7501268471448219,0.6816814900547704,0.3834639028550072,0.06461951749643591,2.396888963962292
1724,0.4056466134879435,0.43798841669562893,0.4228694965616541,0.14087834468567526,0.4593107756354382,2.358633295351616
1725,0.5231429296656943,0.44277871631261917,0.41721063416155835,0.11822758765663217,0.315420641756463,2.4198531277636683
1726,0.4822175277463623,0.11250527881261946,0.5836520640668288,0.4755180249172292,0.5899892871473217,2.3357054847231375
1727,0.745544086960187,0.09406541469352415,0.5667158221186004,0.3531379938631043,0.35571674815024473,2.3638206830387505
1728,0.4157763797222455,0.70959616478058,0.5645782351148876,0.7931035153637478,0.19881922569198926,2.4421084660296883
1729,0.6404321237378703,0.7748420784949009,0.5507657411863186,0.6836939779334972,0.06432745112280978,2.397929683104042
1730,0.6000291908948221,0.31224532462127513,0.7577872682146446,0.508788081410915,0.6019517375740346,2.477727765494331
1731,0.3842594774111633,0.28267167790299275,0.677077671352581,0.579399257290212,0.5606667630351845,2.392400949730095
1732,0.8859883808974968,0.7626745248737015,0.6538499438543641,0.7714177821203836,0.35100359903810735,2.4074772677793677
1733,0.7983490139492685,0.6850664442461141,0.5331069238987831,0.5782938964571173,0.20793955031326214,2.3669966993818723
1734,0.6408618767627038,0.43827046722652857,0.38804679848526913,0.6889081202775833,0.38171895976238224,2.2903733813543643
1735,0.6555832237769404,0.4945504360419952,0.42815516099400963,0.6115223209652879,0.40187603122806337,2.337970832237944
1736,0.7906956874347102,0.6290902379440209,0.24685150524457924,0.39321653399190465,0.48189647364635707,2.421881880396927
1737,0.7935582292826847,0.6450756122474006,0.2857258440327582,0.3785046390580883,0.5984146257398,2.40878981844085
1738,0.3278300800617276,0.49600026701780486,0.52571417207079,0.622538990381229,0.48706759657896037,2.1878107563761287
1739,0.6118314867470058,0.4237963514317874,0.5517799088395577,0.4322460871560622,0.3412967731545278,2.1683967659949013
1740,0.41880198644231087,0.5885449491424691,0.2436911898936821,0.06812832982232492,0.41872003118453544,2.329234038061406
1741,0.4351161408860815,0.6326437389885136,0.21733630803875065,0.12913895349490118,0.3901173972623822,2.3306360448728096
1742,0.3284205404334972,0.7098423581780748,0.8241694029640015,0.3938587776375429,0.44504753788729456,2.39832086087645
1743,0.31138872886917024,0.7182273057754788,0.8179781910905222,0.33324808460985994,0.4283166242817933,2.3768002791390774
1744,0.5844219107981345,0.48419525304659977,0.14679255969263266,0.41672208202030464,0.3169116983809071,2.2452926147500762
1745,0.59013338013576,0.4413400067243504,0.05868132268446199,0.38048222891269856,0.13845507566576798,2.3057202899329274
1746,0.5756323632485404,0.34218130782111167,0.6924922216226636,0.6153791562064742,0.8039376519844506,2.333855362508567
1747,0.7281849156511362,0.3158246212134316,0.711909460915519,0.5756448720620493,0.6230483411386829,2.318907222297169
1748,0.5353578791346203,0.2990767436454656,0.8284836482633474,0.6532391241729736,0.47674779665727535,2.413498455671117
1749,0.7675467797484673,0.2514546924616485,0.776387197205656,0.46657042041690755,0.420476534971281,2.302289665933891
1750,0.4869617402288814,0.6751392882355175,0.4283620122083306,0.45996621631261914,0.6146653904725672,2.3726096100931238
1751,0.685792989684784,0.5611454567591375,0.4109595963395572,0.3690701407337342,0.561354259161733,2.4713206109199772
1752,0.6268227928054134,0.8100770805840617,0.4135116636925592,0.09503690154934737,0.6997832793784808,2.438025739967714
1753,0.5735694905118126,0.7992964532772623,0.37848864519481074,0.12142925311189129,0.47566885186706565,2.382887563870953
1754,0.4976845385184481,0.48632221470226517,0.2934535462002335,0.6007831901983767,0.9097757762883554,2.375597543937137
1755,0.4494725797352689,0.48488788155023915,0.21661706032378597,0.5321504498171503,0.5398180221751518,2.3425266126173874
1756,0.3907161144671447,0.43627536063704686,0.40147860454385165,0.48554728133688263,0.8589419650938406,2.3278918004656104
1757,0.5148321435628674,0.3999533600931236,0.4178341768147971,0.37169074116472967,0.829091275766022,2.295827468184141
1758,0.8368449656597018,0.14044824205687503,0.3714428107373006,0.5774581450642271,0.6862519445943366,2.4092758098885088
1759,0.678067656032363,0.09081919596528806,0.47107657187919727,0.5731872120474182,0.5267901955735378,2.3061413578080887
1760,0.4015006331605937,0.4381090826514578,0.45106725964036437,0.6479038308234644,0.572830357546921,2.26918600193664
1761,0.4919220528377012,0.48820826177305265,0.4172371966399695,0.4253571144018531,0.37849518697766854,2.3067172227324475
1762,0.4772489363247511,0.2637272000565532,0.7249016445420686,0.2662938518670659,0.5316299886620549,2.200754969402744
1763,0.7053291798833333,0.26875110554481635,0.6558214879656102,0.24356170334255375,0.5347312797482925,2.231230464354043
1764,0.2415969719054191,0.6353006816025075,0.4981329138229678,0.5626385213047701,0.4844060633703835,2.3605281740076025
1765,0.4672742380309015,0.6191707859940097,0.5660482222318778,0.46615205967086876,0.30236195495290796,2.357915987835027
1766,0.43193331186884876,0.43521150733374003,0.39432432007296786,0.4394443611376165,0.4121975791695823,2.204783622388508
1767,0.5926043268845467,0.4151271879568695,0.38417287482589085,0.33837820704206845,0.4356153970880957,2.2858782048440887
1768,0.5086695808017003,0.7302595302706261,0.45932717583559635,0.7004203686672291,0.3251521466529929,2.23780873746504
1769,0.8118448979368883,0.6958544369994323,0.3711243960436031,0.731795760663268,0.309269831867957,2.2142660126000817
1770,0.5876529813065534,0.5816901074816293,0.39897436135525555,0.50282847847742,0.33870231787516314,2.1746601771847835
1771,0.5579425393235379,0.5488385471796097,0.3749886644541212,0.3617706009966843,0.23846063635953824,2.1021015157119702
1772,0.5369205255701464,0.5905245579081673,0.4246380021325155,0.44415945044812866,0.5600931311802526,2.1809987309583305
1773,0.7496177105457079,0.5622791061106782,0.38182057512184514,0.3813364671396477,0.5365476204734586,2.1232223022500754
1774,0.31707941058049516,0.47589016308316984,0.3927933117600292,0.6272585348406973,0.9007089609809862,2.1863801791651247
1775,0.7442077706520278,0.4851636831693339,0.4139299457258851,0.4536962633398793,0.5962755725974065,2.2040408799181215
1776,0.754575169589879,0.4872097383791244,0.40195499747556335,0.5490417101757216,0.49129587077815373,2.242440776962861
1777,0.5600207854283228,0.43187805453511097,0.33648902452547896,0.5144622274764552,0.5722437208389876,2.2660441166868877
1778,0.5557076456737915,0.23538005418688862,0.25201720292903956,0.46268877071714415,0.621235328037859,2.350158959327105
1779,0.649993943266738,0.2414706775330063,0.23712195153632412,0.4203510752524286,0.5366931686106782,2.342126535536968
1780,0.7936312852324475,0.27866234640484944,0.8344030066372946,0.5525363553708801,0.6657974382398,2.2521156261097866
1781,0.8581368817243507,0.2928266081998383,0.8498914255309019,0.46174494089464707,0.40156826386221267,2.2141030154508035
1782,0.47497796039336065,0.8977956059583306,0.26426385824336635,0.4675845880701466,0.5912907274111632,2.350871879417551
1783,0.5190690351889199,0.819908802424187,0.24169955736406926,0.26457940838251515,0.5226025832606725,2.3645552254090583
1784,0.2930032197074389,0.3502319365641541,0.6992010868296037,0.10299710404328143,0.5667430728150455,2.3021671275025013
1785,0.32942066541173326,0.265526994146035,0.6854205806275891,0.0832620595620493,0.3011485156902064,2.305364416521518
1786,0.8131824772152879,0.27386732074764925,0.5630991345315449,0.5024669766494266,0.7129824386750784,2.3967368173093013
1787,0.9014737430580148,0.24397241676092077,0.5609457001000812,0.361843025461327,0.7239499642234587,2.3400461460653674
1788,0.5241887134617218,0.47776690450906406,0.5798005076382597,0.4337745347754054,0.7774310408033087,2.396507655597085
1789,0.6847560374739552,0.5210245854368882,0.528837367318042,0.2931875462655252,0.6138603748258908,2.3379731220402853
1790,0.36775654126035073,0.4980397127219238,0.29516785423915676,0.4103763769585791,0.7644670889622914,2.313662073315615
1791,0.2985621927881072,0.43985417217960915,0.2281261055448165,0.41627640285500744,0.3775601210175566,2.3141746052618863
1792,0.6031934653551824,0.4489438507572814,0.7414642144628616,0.3637564586741869,0.7004859804577607,2.3999183266233794
1793,0.6199423697552497,0.41753210558834447,0.661725416238587,0.29881366499821876,0.7686635328603566,2.335555695595302
1794,0.6257380841529928,0.6736486599277526,0.08682342209255361,0.49613635208470475,0.7386779207433665,2.326697479522087
1795,0.7419893339353536,0.5687057176182788,0.12167092363761652,0.45726173141537274,0.48398541282200297,2.319368388296352
1796,0.5297640300096343,0.7296066612769404,0.3559174749084886,0.5595232552663436,0.6844638923876163,2.3801722284774196
1797,0.7102924027897155,0.7303546148371314,0.397642692374593,0.5427827431448956,0.4225458707781535,2.2954059152593866
1798,0.7802803856197399,0.7900259899241866,0.425014945051379,0.23575518136310447,0.9127208261665127,2.2786922365076028
1799,0.8875312775287235,0.8672615260489529,0.38287546139432543,0.2524352140711112,0.7405873161340499,2.2441823924311444
1800,0.3664806146630197,0.2503302920220877,0.5598954611550976,0.30318379911642246,0.6362921104411713,2.3403965265058195
1801,0.6743629784340669,0.2716456918522594,0.507881371692063,0.2030096128567904,0.52659370980591,2.311507725517878
1802,0.4837087765493476,0.5164795768410191,0.7197332964614006,0.503731364532436,0.6761882752001602,2.3521099299703896
1803,0.7884256138796937,0.4450042365946585,0.6848590402593859,0.384597349038107,0.40180819735800344,2.3650637982458655
1804,0.44997844544295423,0.5166078114118066,0.40280776956383213,0.4676543731284808,0.46480238890574066,2.3005125319462727
1805,0.6092271620604408,0.47769023905380525,0.4182931994471637,0.3770939361071118,0.4279182842313079,2.3165717401200623
1806,0.6933428960871313,0.4102161546612366,0.718029703473137,0.5198851722231375,0.29421902748519585,2.3750424666390777
1807,0.6257890327733009,0.46218770976238255,0.6666283848797675,0.5041417283468365,0.2944557578123709,2.3923240023936816
1808,0.4361407307189275,0.42736487624037023,0.39721759766715586,0.3804052925661855,0.40838411294384575,2.3819850951427166
1809,0.5923066998171501,0.4698586207346257,0.4190536618208633,0.3775913198335649,0.3080405451775048,2.3094763334783117
1810,0.2116675194985406,0.2697467186411825,0.40799702972652857,0.42163839412855425,0.46679534113850796,2.178225916151531
1811,0.3240018829429545,0.3275722802270985,0.39490866697856003,0.36214850302483564,0.18960061333559622,2.141325896326534
1812,0.5558230218271037,0.6068474652244236,0.4260767117207842,0.4722925828253941,0.9750366917869674,2.3234334621778268
1813,0.7475690836524227,0.5558931564894052,0.418026161690455,0.3644046803403755,0.710459155880016,2.319898030640613
1814,0.5567215991686907,0.6305315759486987,0.6378656641058985,0.2576753551313023,0.4712889837872888,2.2546256331605936
1815,0.9779621382963517,0.5662392260184482,0.4839711669785601,0.24705022408163482,0.4277116471753265,2.236288015886081
1816,0.666703944790212,0.8980082997475758,0.6091311073947488,0.5039245226757212,0.38600060782985185,2.4500314806971635
1817,0.6815538082563896,0.9478384899241866,0.5327478473187585,0.5214438485593011,0.3807482288474062,2.4380565324468417
1818,0.8673987953733799,0.6288296522675567,0.4640147435584095,0.5599781723537206,0.7083853649241869,2.3489966718531505
1819,0.6114374554099505,0.5427098336306589,0.36842894589999653,0.5249985338613213,0.7069910731632683,2.3064454479456287
1820,0.14891604728842867,0.2854083427053347,0.6172985674398846,0.5835409289041327,0.3508448428794457,2.3383382443636744
1821,0.15427942598794372,0.29944749438543855,0.4809632801618066,0.44082426061956564,0.2749610751436089,2.2433018845968364
1822,0.4254916875870578,0.4134331824946526,0.3827862194027446,0.5875381469357482,0.6042628793522591,2.305067905988835
1823,0.4458786199728888,0.4556156855631889,0.3499984661385078,0.5254573533252477,0.4872841817548549,2.2760038699293608
1824,0.7215393504525864,0.25574253270800906,0.24569290598883523,0.4555269853541157,0.266957289475885,2.3473419408512943
1825,0.7480011374694977,0.3337194128872946,0.3570148388099443,0.41337369516019834,0.2484349960393205,2.3757031861288764
1826,0.9044906646284078,0.715311390059228,0.7010606501346935,0.6887871834305006,0.7388584236376162,2.342839805231381
1827,0.7191987926313022,0.6106520998649609,0.6605419457913518,0.6146496107676299,0.7536877923485461,2.380175713527189
1828,0.2624623948467631,0.6133619422875376,0.5228754635923052,0.1434140008486196,0.48688924804142514,2.3098228225321145
1829,0.2933433811367252,0.64902482492597,0.504921872802022,0.09537261881957673,0.3480839841137474,2.301422580279366
1830,0.33856024379781247,0.09485521439757,0.4020154658991051,0.4167658683625343,0.7623849624607569,2.257821320595302
1831,0.5981523817461142,0.08912734485978677,0.36004162978753723,0.36671047558316966,0.586419938675078,2.219749425770305
1832,0.5294593083869734,0.6319158628567901,0.6985854733851902,0.649037130571038,1.053529803120632,2.2484997731762917
1833,0.4111998117165013,0.573455501784468,0.7606184648110845,0.5022866769236166,0.5727957414039581,2.289784037517308
1834,0.6379476193636746,0.5998541699816295,0.5843016054361717,0.38738711681747173,0.3788269451384343,2.2386830641103557
1835,0.8184196292652035,0.6519540273763763,0.5230392166824307,0.3477494511010457,0.48850053131511906,2.242358686259459
1836,0.427108125217641,0.2759033711046121,0.7151812043001659,0.46274577607071626,0.6299289673572867,2.356060733243366
1837,0.49744410898316416,0.305975236202908,0.6516066249562993,0.38279191554214204,0.5261564339091317,2.3072029213090532
1838,0.24678484464214745,0.6107445450251572,0.40456064186528234,0.47851492579206817,0.30431925322071074,2.3323484017234586
1839,0.3909265861768615,0.5818595677010515,0.38136954942111695,0.3960614236593803,0.22398812214910485,2.2428759552358377
1840,0.6735443264492688,0.7588023382442577,0.6441257476714386,0.3828428751523496,0.6706689939066321,2.4889457254308227
1841,0.7912123249259698,0.7151057798353481,0.46005372127426564,0.3317918582867191,0.4937566662385867,2.4291086460653672
1842,0.23794267916512463,0.8224394616556672,0.47258965712038353,0.5492261831693339,0.8003888769801679,2.2220573076470003
1843,0.3537589648328483,0.772974304099833,0.3684691904595438,0.40753467946981936,0.5138460612596342,2.2645946353150452
1844,0.9437496503960355,0.8242677474320358,0.7225291777069422,0.7139740816720819,0.637679532795065,2.298507070899997
1845,0.8643547695420681,0.7958949634401329,0.6869468061674047,0.6263926224537997,0.50503078588519,2.315956329844089
1846,0.4730007878655309,0.3685641395804219,0.5744107916085736,0.23279373128478964,0.5406046974232949,2.3176717434278262
1847,0.4434867071944158,0.46552893434441,0.5662634089919049,0.21183134031147927,0.7512660571901328,2.2919362309583313
1848,0.5522094586959505,0.4425017981588103,0.4413265955344677,0.34291175563632986,0.4610733818984615,2.3256785181058257
1849,0.7519673031206319,0.4561809818724149,0.4068136160122072,0.4299834467703779,0.31064264778454137,2.302450294568115
1850,0.9869944729063844,0.44399278706044115,0.4033481049789548,0.728744290672725,0.4606373689719238,2.339793906924508
1851,0.9200355928360926,0.39970438085379384,0.36256901812758946,0.447390667392074,0.24125430651545188,2.2932070819114854
1852,0.20799008160679033,0.4112520123171502,0.5787167690850266,0.6270378551097131,0.6124100478105877,2.2355673020324365
1853,0.33517299980412685,0.4740445637403699,0.5496227861898847,0.4281794116902798,0.5985645613031618,2.2195798301052547
1854,0.25973059153025824,0.2843891781206318,0.4008353907990256,0.2547163412908553,0.6347461570768558,2.271544493819577
1855,0.36068032066059347,0.2888400045263703,0.41339113318235726,0.22894461109408853,0.580999012839484,2.300611440176613
1856,0.515360455214075,0.532873171591984,0.5434333900590533,0.692894238901458,0.46258604981286755,2.395073536603398
1857,0.6005707105674718,0.46952047821642795,0.5472322608373796,0.48963633502337434,0.3932645613247509,2.447826601605898
1858,0.5606236081780747,0.8368041683277473,0.43730954898583896,0.299497946966253,0.17107630098794377,2.393615911864391
1859,0.5487805827167498,0.9196872203168288,0.34495981876730814,0.19132923494077606,0.039617848189314936,2.4433032152898906
1860,0.2580023195290452,0.0824811591660161,0.45084838466212795,0.6068818104761331,0.377706706976777,2.3758773723885067
1861,0.34055027474311783,0.0967154091877799,0.390281985006068,0.533547798311158,0.42137058944109784,2.3438247819898006
1862,0.4893628341965204,0.648265332651458,0.8777333261881017,0.494975948076213,0.5372016060018584,2.2078337616859973
1863,0.7372389292739439,0.6628612876696555,0.7213192234940095,0.3961667949598655,0.2728247968531507,2.2546962528724888
1864,0.5863790736203105,0.2708168318461934,0.5328165945550918,0.7613978313456234,0.7132393361333337,2.309432265254928
1865,0.6657815908120495,0.24681987811189135,0.5388716316590586,0.6291358967618121,0.745054835611,2.311133714876376
1866,0.34161858319538085,0.3267207601191705,0.4307739456823573,0.2525185567548547,0.47390645976238244,2.288842091160272
1867,0.5340780721405395,0.3151881524199037,0.34650383193324863,0.21566905723348623,0.3468672739596171,2.3175475356893154
1868,0.4923888582433665,0.5710701765318666,0.5997343386793612,0.7107136171004027,0.39111042768535376,2.3194333118688486
1869,0.5905205987987043,0.5982291936368995,0.5195287460393205,0.6135590595402854,0.44505789234408855,2.301611982481629
1870,0.4463441733982132,0.6095263119994324,0.5359227581170655,0.7875112458432703,0.5233371256309807,2.3517191585348622
1871,0.5729281602324479,0.577152047005498,0.5150593540868094,0.6760328686456402,0.3797230862421531,2.326511551379694
1872,0.5531681658470113,0.3258446397110054,0.4026586119211171,0.4794367837307377,0.5677821903724884,2.3021441177966726
1873,0.6480052997474007,0.2717433481022592,0.3349869929490203,0.4714021488509727,0.30206891848009454,2.3149516252611684
1874,0.8215708421396477,0.599779377001932,0.40734749934708475,0.6916175453733797,0.274671930057445,2.3166673097361605
1875,0.742789555819007,0.5671145904857657,0.4304873722796885,0.6121790136228097,0.27730203930177394,2.3637516649111636
1876,0.44013351558138686,0.45024771626909127,0.10937652287159684,0.43783585271585834,0.5589881199511251,2.2260097125042853
1877,0.5373415257224938,0.47041543506261907,0.07871280997556364,0.3314332100233741,0.515727867339806,2.2386610245037155
1878,0.3680443666433605,0.5332863212482188,0.8620282653856864,0.4047732002089008,0.5115928052315561,2.439890796243762
1879,0.4977998469489468,0.3727468116947372,0.7731985256134993,0.3401280903332432,0.31676162737191826,2.373165036995149
1880,0.36487947168778007,0.8554378220752473,0.4276475582563895,0.6408075895281534,0.49154150041334155,2.3183683310409284
1881,0.5922827200121339,0.7459295685931971,0.44820986115937994,0.44476707795080334,0.2905351265233007,2.321429049943451
1882,0.24636558151973448,0.24490484331472415,0.5665628408120491,0.7947614495342195,0.8587995524024226,2.425427666390935
1883,0.34860799804142506,0.29916286118114427,0.5261454589571174,0.5445404201992687,0.7740145381919897,2.4322596447814715
1884,0.4901806405378592,0.29843645118810147,0.7460090876131048,0.6572374020063898,0.5305435319898002,2.483678480109713
1885,0.6518898030118123,0.2740488047309862,0.6464019346926327,0.4112919749955445,0.39467172249304466,2.4309428421394728
1886,0.6228544050747511,0.28532973705170045,0.5892042812062994,0.6028633765015371,0.4081387541999121,2.3002803812237804
1887,0.5618413561542058,0.3175471183625345,0.5034594652898903,0.4843286309843774,0.41673348528899884,2.2840230856980557
1888,0.5450818721491048,0.6221323147850375,0.5162727146367984,0.259701321922725,0.1244128782424745,2.1663932451469994
1889,0.6016748194202254,0.6332454452035513,0.4976741163388406,0.22821716327904504,0.14022728044473765,2.1196881904160163
1890,0.6462337264535509,0.5016889975408553,0.1011678371778261,0.6340839824382762,0.4685473897762974,2.323868437282363
1891,0.8018469190459564,0.5208428305622975,0.06233783750428502,0.7109812753523324,0.31361779093389225,2.377135432647001
1892,0.7652612651025809,0.6196120100103509,0.6016448615946586,0.379544388100651,0.7964161805360759,2.2778198610505607
1893,0.7440142629047759,0.5777768416390779,0.5139518388970001,0.34845507346778787,0.5519852371822843,2.3029572768105138
1894,0.33072814042903964,0.3166702987464359,0.8657641527898902,0.6112257317198926,0.329314177576534,2.171998508530581
1895,0.32712501046739295,0.3294960788866514,0.7936685297918202,0.46574962506529355,0.3806534938848686,2.104442344424508
1896,0.5837025953603566,0.7173989418089061,0.38286045961003495,0.6719964896194921,0.6553613487985291,2.368905756158488
1897,0.6545387486941675,0.7113482701512828,0.39202387136560424,0.44295637663212056,0.7710120876132798,2.36594382103058
1898,0.3344478417914253,0.3073732161820355,0.4005757184888352,0.4076865442416564,0.2858231616686906,2.164517202929039
1899,0.5700006160992628,0.28000027528721594,0.45807237547863294,0.42503120980591,0.28667015890484926,2.1808668081693345
1900,0.3011972422309862,0.4270104579777415,0.612625527441668,0.4319242093923957,0.9338224943854385,2.264668729086809
1901,0.3340441442156098,0.45715796169919504,0.5171882559408498,0.3920207469097022,0.7284520888534726,2.3338304126043643
1902,0.09995606722224554,0.644121021631229,0.5865360817591377,0.46695895878300614,0.6303893664257213,2.329763533970141
1903,0.1702552237551766,0.589994295068685,0.5363963761968422,0.3522741003872947,0.45270233054053366,2.299709738379124
1904,0.6620745556885981,0.579903171809623,0.4053907648415889,0.659632100626698,0.4692719950165915,2.3600723545438522
1905,0.5284064190457816,0.6579744483373793,0.42155588609837136,0.6271470390841348,0.3990833421612365,2.3890302413821938
1906,0.6029511633443368,0.7884652946769346,0.07305604519926834,0.24628266715267086,0.6242834484242598,2.186510849973779
1907,0.6133868921917411,0.7393109154770252,0.06830480588429841,0.2595796181448953,0.5832264843097976,2.134724681232522
1908,0.5574327145063898,0.1027996371865666,0.5366473633573602,0.2997959913604297,0.36696785809101895,2.2418642915432816
1909,0.644278379374023,0.10520121620379949,0.5440745171699771,0.30745058084522847,0.2008645816938459,2.280609493384298
1910,0.5159048284513736,0.10165473100185864,0.4755552127436879,0.4867632245602659,0.7127802457781535,2.4197875836959506
1911,0.504794258726455,0.1202299919698191,0.3515957177270982,0.5119912130048547,0.6778836680883443,2.3985695582346267
1912,0.6094700058537944,0.11535100313365537,0.42504753129335504,0.12938917372467212,0.8123231066112477,2.3303505880048547
1913,0.8199968711481402,0.07755295873947843,0.3928727630571233,0.11242861335736039,0.5424739269671446,2.278101358809053
1914,0.8668202233198984,0.4499635003915779,0.4162678641408609,0.7657055458520107,0.4189870122083308,2.343212360724102
1915,0.9103178487334126,0.4363692042131102,0.40496162132207597,0.6389813903856867,0.35272561113761663,2.324555437369418
1916,0.6162381772065476,0.5920084412646335,0.06557849553875039,0.5504195340136685,0.19391973111067792,2.3673876739858395
1917,0.47530666182103787,0.6095997175531618,0.08440995475703267,0.49727861886310437,0.3165456736811438,2.3107325889840555
1918,0.41948905425218025,0.42765784499036985,0.3891664051618064,0.2683266990554134,0.7949046401462834,2.341363084152993
1919,0.47510168308227857,0.4400803448815507,0.39424571441933376,0.29880671687848076,0.6808190517277417,2.2664899990206266
1920,0.32571298781326224,0.4909048284513733,0.4216201891756483,0.7124803966312291,0.7306187990291921,2.4473411061977335
1921,0.34066016891537265,0.3890558227715174,0.40331467309351876,0.6982222345272621,0.5995483538040536,2.3671020706823573
1922,0.5338322283470113,0.6207924347143966,0.28810108571981935,0.7210986792086527,0.46003461394498546,2.2552197707606725
1923,0.7305595148631778,0.5859851100060681,0.20580654291423328,0.6026574276635899,0.303259833086561,2.231892097210114
1924,0.7773723881224148,0.4824881859984675,0.2235803977410133,0.39965969213519026,0.5968638676225617,2.2068412163126183
1925,0.45234144920776054,0.4010771290475645,0.24095452509134072,0.37070756915905895,0.4828488531729001,2.1308943297570324
1926,0.47919400766019865,0.7793718034253267,0.37975887565274447,0.45403101051092054,0.6074705905508823,2.377295508508816
1927,0.6568856231500694,0.7669016148153673,0.40636023278632416,0.3156140817809017,0.4786934207651305,2.370400140407275
1928,0.33377557259740626,0.456957077515525,0.5949312483677085,0.5136321045001484,0.5520714901635899,2.343535569180822
1929,0.35396109000695963,0.45583317311545746,0.5501421418001657,0.5769983774809126,0.3293072971796094,2.2897763224668237
1930,0.15340968993720983,0.6151073814196555,0.722043061803557,0.5501141241729736,0.5094825933800157,2.3635826220185217
1931,0.3840280936194184,0.5818668654247565,0.6210079033555771,0.4970383357633469,0.5207063849015311,2.3366392309800945
1932,0.37282340942718295,0.6161367650155251,0.5262363025330064,0.43304819250517673,0.5088080343836551,2.3272333030553405
1933,0.5668248816372946,0.6166558497345527,0.5252598077558197,0.36002028938882946,0.3240647198815504,2.2804326677183573
1934,0.4720156079386716,0.40308690979716943,0.3863852548093011,0.46040361666512475,0.5295192917609207,2.4054124438543636
1935,0.41652676952030454,0.41561720623680387,0.37633103749554414,0.3558976006484619,0.5337884310148818,2.375326953407846
1936,0.38400097836860014,0.6353010312064743,0.40957198180712334,0.4700722169002446,0.6494605559713541,2.3148597328733795
1937,0.47394461768802804,0.5493385025895573,0.3917377152897156,0.37716928185921667,0.47093318908859233,2.3633868244689284
1938,0.511544699185997,0.5877586344881918,0.25587827916084194,0.6047357305012887,0.3798448577427963,2.2744549952775834
1939,0.6409150474625402,0.5806490387359123,0.27395607768963665,0.48819742226666507,0.43945409509918965,2.2828730361463574
1940,0.22152044629174658,0.6300213338047703,0.2752760725103507,0.5166373519105933,0.46444679737548444,2.337080590442063
1941,0.406171451079282,0.5801155159949013,0.2387504129308226,0.4283766076557408,0.3680199017887508,2.284987556711327
1942,0.6159185215224092,0.4693470588875429,0.5536098071901333,0.5816145475711848,0.3180664062500023,2.268462727389399
1943,0.6391554979326061,0.40546735158413466,0.44311741160322393,0.47147784420704425,0.1487033534991837,2.243247811520626
1944,0.22463689658770122,0.45573787439061264,0.5577096216702984,0.28407799342782636,0.5666384007224939,2.239945083478312
1945,0.35543684098616035,0.44436776780113063,0.4118032659513735,0.24026231391448133,0.49650563668599673,2.2552573081910983
1946,0.48900821276545153,0.7362138543915044,0.38885947244951713,0.8182410775592277,0.29761857712394973,2.3754315577775835
1947,0.7842136721578458,0.7114872874955441,0.3773017574206207,0.5385484909251518,0.24178261816665927,2.420053933234626
1948,0.4665734094271832,0.2622015382790452,0.5152373640102774,0.4027520949033146,0.5469123232720878,2.4690775061802523
1949,0.5054770178228946,0.3021345302706262,0.47515165061349957,0.3701242710653675,0.45834907947410186,2.469783139536894
1950,0.0905583393975701,0.9213780226104297,0.12129058537159683,0.5687181587089739,0.3263254090789604,2.368263038453157
1951,0.131462615076534,0.9038924214833395,0.10840628799611465,0.5029674280988681,0.22798723463608184,2.414312923398214
1952,0.0738634293609998,0.480051912125558,0.22465058965873685,0.5630613371997651,0.3666390212177145,2.2404166826470004
1953,0.16182467407289458,0.43095571154684803,0.23781944152580076,0.4849027478889028,0.2695578692113271,2.2394892640145607
1954,0.3034985933147238,0.5902207496517798,0.44829166998162956,0.40112279885525565,0.5879510147108303,2.3623565384966843
1955,0.2948257416215967,0.576878399743118,0.372831609527262,0.4119639623084097,0.5612465980589062,2.325505719272161
1956,0.6338517530030718,0.2813990899199042,0.39340065738155067,0.3990114814589007,0.4546950686149608,2.2735584368470847
1957,0.5907223066460354,0.2833091845185216,0.3490734050312232,0.32167189373680377,0.47904366575995594,2.254291100147891
1958,0.1935737948292823,0.4451303845315445,0.42513518269052786,0.22908446309191055,0.2722954363900426,2.346373781619813
1959,0.4120524483591433,0.4182437169655365,0.333681322684462,0.2649100500085676,0.29208476810582523,2.356540882116101
1960,0.28271337761132115,0.46107901031504556,0.5487457524154461,0.7605718926270195,0.33287032901723485,2.2799407769628623
1961,0.33663916325728105,0.40157764821981917,0.4599970765145604,0.6177479238334916,0.11583733319538066,2.250667532163911
1962,0.26692260561010805,0.6113943572857541,0.5291698136968421,0.4263908854238651,0.864838121583418,2.33404414421561
1963,0.5464995232198193,0.5141276944637536,0.47570958147620673,0.3875991791215966,0.7290201600146335,2.2924215231980547
1964,0.33448905645016014,0.615121356371845,0.7562312312847898,0.5967939471186006,0.8266696760532358,2.2195840033730585
1965,0.5044919733416621,0.5492198555448162,0.7142237491294456,0.4759007994211174,0.6144361610375375,2.2822744433973217
1966,0.19737383887523613,0.10480030446981944,0.27840837023405596,0.7059655809540477,0.34578777639700004,2.2087172585305797
1967,0.3825816689806645,0.12212570527936682,0.18641354332774734,0.6137588161993419,0.26349122567022537,2.2052715540345407
1968,0.3536907026461088,0.5621281437152147,0.601940255592627,0.12859423065363604,0.4608437351366517,2.2552115029377795
1969,0.5526821066765395,0.5539589246603451,0.5083791160123821,0.10585652143535355,0.3946887431884233,2.1966276900677926
1970,0.2071260526853538,0.6066899720360027,0.40122685045258644,0.552644704691741,0.5172619323858334,2.3361815280508815
1971,0.48317761133349146,0.6249714973232163,0.4211107029725671,0.4934537603585733,0.4902023982633473,2.29216956593835
1972,0.4946192400112421,0.6135064526027559,0.5532592125913405,0.463072030270626,0.41633103969352436,2.294520264058088
1973,0.5021339774982192,0.5674954028114794,0.5459847582041213,0.33900223474490104,0.3848249768888295,2.2826268427488623
1974,0.21732511892839623,0.5139473270151302,0.5753184714266134,0.4562204595012154,0.9279378766101813,2.2897408716702987
1975,0.3958395596708687,0.4761408006397213,0.5580413798310649,0.3204918863595384,0.8753702656903813,2.316618312304128
1976,0.613399761599116,0.42462174836788386,0.5318646323553289,0.4076559659208689,0.5835083206823573,2.2916206698292823
1977,0.6543589340179515,0.3952301951382594,0.5796973016843887,0.4210523211829275,0.5090599239205474,2.289562105805983
1978,0.3542831142061529,0.6765319784121285,0.40263921172078415,0.2509449353673138,0.6643383016190971,2.3862733527158584
1979,0.5487672282597807,0.5858941309845526,0.3922153711916678,0.2066615370820301,0.8277067746995902,2.3997428883834067
1980,0.47852758104110377,0.6065599327124669,0.7244779372605993,0.23296332694983865,0.6458953020542001,2.393554202450408
1981,0.38941488836164306,0.5498008528462663,0.6628228478628563,0.301931153116174,0.4656015052445794,2.353715584827499
1982,0.7463805265711112,0.4516279653550071,0.5649281195158466,0.25977980312063187,0.1562300470272622,2.213784882638259
1983,0.7962089229848739,0.43205133841836907,0.49166321518107076,0.19472307745023365,0.08413999571286185,2.2121702607503235
1984,0.3913251971186006,0.6307917442983825,0.42494050167564823,0.8977860074423846,0.2767241664562259,2.320897320965289
1985,0.5856247247127886,0.6951657676052554,0.3547610977322728,0.7257143185063164,0.28300919992596985,2.3381512674093803
1986,0.060464017365852094,0.6570344421787176,0.5769218364813808,0.266696568353794,0.8214354452907822,2.3723705112508937
1987,0.12465795510525546,0.5998441651288025,0.48672215633705773,0.20609201077208772,0.52611917835986,2.3098919761053285
1988,0.3960931185148818,0.5287487458216813,0.4494393620081727,0.5601533964353533,0.35597273224222625,2.291325964049348
1989,0.4409459753872949,0.3957795085741077,0.34338841945929577,0.5369874570638322,0.20380872919562928,2.2294807842313076
1990,0.3993086911995169,0.48856914310582567,0.3710189570203047,0.5359902533730581,0.6596211146847837,2.2718690897022644
1991,0.5230244857893935,0.462528423964075,0.40823502302394415,0.4520879580865613,0.5388411210610843,2.3658150904202992
1992,0.2506181174050973,0.5750977916956289,0.5855250495517008,0.49723510341212823,0.401048084588271,2.3543964714483776
1993,0.41519085954902596,0.5694474899894788,0.5161697118513678,0.35811109716658607,0.3747164046177089,2.2946872880396425
1994,0.264473766190776,0.7140469344534048,0.7969087027766923,0.26477715712038347,0.5162372071073602,2.2909713426182785
1995,0.3104499069680365,0.7082545476800042,0.8470232552663433,0.24457420168867167,0.5199015724232949,2.266628734483734
1996,0.39681904345833063,0.40779575019587727,0.3896000495732895,0.5254735393670654,0.5462955255701468,2.304219578059623
1997,0.5157467715006452,0.44833330196714466,0.35964781260882167,0.5888771246300156,0.5597483791563839,2.2919443633355954
1998,0.35897554341480276,0.09203861324854051,0.6780658512796152,0.4397488008791243,0.5309571666956292,2.217261796940206
1999,0.552985497606147,0.08392501212127532,0.7103617705212698,0.397986260140934,0.5411918869036362,2.2703337616859973
2000,0.23136954942111726,0.43174981996432327,0.07103181543778021,0.4781262409904434,0.6301722394673199,2.3950460040258017
2001,0.33580112206204904,0.46913151153364946,0.057768217618278855,0.4112894820247622,0.5544193347186795,2.477725407969176
2002,0.4304498458391625,0.4894935050051763,0.3881228434453073,0.6053785946421474,0.5026756326164958,2.351550126632121
2003,0.47689007390306604,0.4545055986898847,0.34711735874376126,0.5076001558147238,0.33340274621343147,2.379840267148213
2004,0.3411718662080823,0.3148622368340614,0.38440696574675753,0.4916787807276685,0.300425997083813,2.414567113727347
2005,0.4494238641843888,0.2694205211741868,0.3741525067243502,0.3853277858634263,0.4134578615076028,2.4326033479934397
2006,0.09196278244684225,0.6169825999739554,0.7020969251173874,0.2416028822031563,0.9336887558537939,2.3006939482067965
2007,0.15366227868203586,0.5624623161340503,0.6588559262708745,0.2955787708259643,0.6102826798180419,2.372239344402744
2008,0.06484395316844241,0.4370906740076029,0.38136738407450277,0.7136298146978071,0.49954779004174676,2.33298062952637
2009,0.13233165191933413,0.4803575361245932,0.3411077205562317,0.5956063034035627,0.5043412818374531,2.261978907359787
2010,0.4396535698770925,0.6178145844359236,0.4939083955647975,0.5565427545916622,0.2556411205169867,2.1908676406249135
2011,0.6092459984984676,0.6017439052706264,0.4893709665737859,0.6233934317766188,0.2642326484374582,2.204577538104933
2012,0.7780224712742656,0.5460156184060624,0.38954862689328756,0.4961117517844678,0.44294226623430416,2.365188355588345
2013,0.8850287036472487,0.5068575487899638,0.4182740811279842,0.30824885154060705,0.35806584468567515,2.4007415582128617
2014,0.28583393345226477,0.7360389012011248,0.40677253679909936,0.5001384535819564,0.28646414234408835,2.272032560911237
2015,0.3905018300834913,0.7483761969229004,0.39146317664086105,0.3655930909861606,0.18433315385614707,2.3028847846230587
2016,0.19862008952815355,0.5804335700947318,0.2637734226366514,0.09725762806836333,0.42130823755209545,2.2704263422918207
2017,0.3294864803707053,0.6256830409775948,0.221752382855899,0.12018592374643587,0.3656810919873005,2.305973781054127
2018,0.516513911102829,0.47224907836431756,0.3982690776025809,0.5594661144671447,0.5354622126131043,2.3322473391364023
2019,0.5422687450599445,0.37693275470048176,0.31861174958648786,0.5231963822466843,0.4327502158338133,2.351643609614318
2020,0.6560549693811552,0.3340570026330853,0.2681313188325999,0.5519440115336498,0.6096745672657738,2.286105561803557
2021,0.7471727515231258,0.27005129382831705,0.2120530011315505,0.5221787405335762,0.48253252511310424,2.3245706533120503
2022,0.39690474366722944,0.7114770007615643,0.8520108075817086,0.2515796671309075,0.4569495089005664,2.2919372687803308
2023,0.4495970693549337,0.7962509045743559,0.7709190786907762,0.2577176863247511,0.3794804346273411,2.3272307313718446
2024,0.3053964609809861,0.394506570987052,0.5565342048876163,0.4558080767757273,0.6808574915345408,2.308288543327747
2025,0.24423507808138709,0.446224556254285,0.5382239737551766,0.40361647342871776,0.3696444040737863,2.2967964510792824
2026,0.19587751442807483,0.5751952337872888,0.45203570075299837,0.4360769236811444,0.6718797260402118,2.270400557734056
2027,0.36363489034198354,0.5315987111333337,0.33135834932086305,0.36335033585040255,0.40941850446107875,2.3293514331258063
2028,0.3174248618122976,0.46215149203511097,0.4584677942416563,0.42004857570929577,0.604183089441098,2.3780079435496693
2029,0.3350326627567113,0.4108164844402064,0.3978134045743559,0.38678943743471034,0.6673145503132627,2.3964248766756486
2030,0.45568261705687474,0.4523593155465993,0.38371649159983306,0.6150093078428751,0.221824739597728,2.3038425784078456
2031,0.5245799022240286,0.40362585778632404,0.3655240728585735,0.44946431191237646,0.25761037482589116,2.333772583587131
2032,0.5799278508225727,0.414225621605007,0.40450219235282886,0.5536184136270927,0.523326557015847,2.421719300574429
2033,0.5274365337742655,0.43413297987031024,0.38362953941059325,0.4821220258530774,0.6072893994385986,2.354140273198055
2034,0.6429206549443424,0.25856469455080877,0.2711738895151303,0.38343783641608925,0.3823545151896365,2.3397989148458715
2035,0.5879333625303315,0.2707753353063051,0.2085542613813024,0.438118399286251,0.37373866885008117,2.3207603225321143
2036,0.4728432836872101,0.893883727541747,0.5450501095707896,0.4191678647065477,0.6146159757137535,2.362581944267878
2037,0.5732273101714387,0.8196261204081672,0.46721258534983273,0.3284026740946586,0.457628579778797,2.291857061542391
2038,0.7038717015798523,0.31699843641180697,0.5784162317200674,0.6509032923918988,0.649339551401458,2.388949752263099
2039,0.6764902787037997,0.2877035126000809,0.5163565423701351,0.5819802336568808,0.4245497302401216,2.344742477650566
2040,0.5640720198032355,0.7354419210262968,0.2757021483068751,0.5698677232110786,0.40409453566755066,2.371858453364317
2041,0.594633418131872,0.7770201919393148,0.20428644183049532,0.4486372566590587,0.3577723908860816,2.391542684670869
2042,0.32762107449069167,0.4381882410774989,0.4265515140580883,0.09376598287338007,0.3996630984722455,2.346228729522088
2043,0.4953880489205472,0.4182633880571233,0.34548021219959024,0.11539048076245553,0.3092416110723244,2.419099399351368
2044,0.6770841454126246,0.3055405429795247,0.5023926687193228,0.4399991675444213,0.8557570604326058,2.1671637910862396
2045,0.7453860977322726,0.2911111946161008,0.5176718221405392,0.29774701486317806,0.6546187527636689,2.119775142605256
2046,0.70571008191166,0.3151574953864033,0.5687231666303371,0.818792195747824,0.4696133974363183,2.2675491372736216
2047,0.7603708729977222,0.2815250346883499,0.47429054297952444,0.5298824519061359,0.32810275722492044,2.283766188239799
2048,0.2527477184670712,0.5015139766276627,0.4502479871603447,0.2275912521107515,0.3110714307101874,2.400922207542638
2049,0.4311336427576027,0.44019107370736577,0.3710633071248411,0.2515526983156153,0.2170637773110845,2.3127178938891513
2050,0.6928382823597866,0.4707216118340612,0.6460217995950536,0.898799486877589,0.6597988537169981,2.336694070987051
2051,0.7077350676139963,0.4676918318461933,0.679907626958579,0.8253437032119707,0.42604897597474517,2.296422508160594
2052,0.6287914943419105,0.5098214351061474,0.6758045983198981,0.5832113928228946,0.5476912047570329,2.205633473189315
2053,0.5819825911820355,0.3970349294262916,0.7061041022588158,0.4470178977410131,0.5732975802793667,2.2548752328951434
2054,0.530492797527832,0.48207191188633003,0.4344714042696613,0.6098153783728832,0.6957325190632627,2.4054851502001604
2055,0.5530032175094592,0.46402294365848873,0.37467484035500737,0.5192758186804275,0.48260356215177963,2.4202630065284754
2056,0.1719656294175507,0.7340467946118181,0.5566857310453865,0.4689387817070441,0.5773881568374527,2.423845641734874
2057,0.39865769468139256,0.7840326732241022,0.49488447301520333,0.3412927353323516,0.43569776967265184,2.4029544909686793
2058,0.5687497858416621,0.4638358422484674,0.23184253601577332,0.573218974625733,0.5694411623649608,2.1891838541738653
2059,0.6383703565459562,0.4056699618078397,0.1813124086219183,0.5276902280639059,0.4374359110810653,2.137836890537859
2060,0.6322591597318779,0.09035746620379949,0.8762958685801737,0.9384549402201408,0.3891149714919047,2.324002785319329
2061,0.5251180155596227,0.09499186322677698,0.7382270304882654,0.7344898911037205,0.19708844973009465,2.2665172497170705
2062,0.5690071683495113,0.6403927138318832,0.7020220644148761,0.8600471227584945,0.14644516826245538,2.292724778682035
2063,0.8803279279029925,0.5872913330430335,0.7242139562369789,0.6892752505221617,0.060500787865530585,2.4085348721708693
2064,0.605652523785681,0.47270524743203574,0.4079309328864032,0.7137903078864031,0.388637540738192,2.306187095338593
2065,0.5929908463395573,0.4985819316025077,0.3738925525330063,0.6521031850190916,0.3797671434756368,2.3120227614248297
2066,0.38979313999376136,0.255883208369492,0.6752648156771829,0.6196204919915831,0.5385658044915832,2.192219330301131
2067,0.48602653882314284,0.2751482552663433,0.6780100301835702,0.4023650116859969,0.3190448412255635,2.238146124042391
2068,0.6229125836959508,0.5867387597056564,0.23632026351399033,0.6239881898719182,0.6761833350016104,2.1738060853933607
2069,0.6561841063283176,0.5768298196378647,0.23883006739635704,0.4485583691242712,0.7298519522980612,2.206319085850403
2070,0.43197313910161583,0.29181703114118274,0.8057626888491893,0.5036455966007244,0.45559031833220487,2.223257753046599
2071,0.6011336383616431,0.2655293516711906,0.8267559290345409,0.3637739754090585,0.37281638259473165,2.271565969663911
2072,0.7471106925051766,0.4935890894846257,0.522433686803557,0.1148798890145602,0.6608154466182055,2.2788494588047703
2073,0.73772199943414,0.38247643312580587,0.5651039750826002,0.05080035732928202,0.4354820868731315,2.2797335761445745
2074,0.5523382570290448,0.515464856415373,0.40335713973259435,0.6431531442809011,0.5494729970620494,2.2412621570115636
2075,0.6217248612681996,0.5263758726496748,0.39491798361335295,0.48412671996860607,0.5353187511097866,2.2348308871865674
2076,0.3241174055317932,0.6757916721796096,0.6928677551357599,0.3475489952340556,0.40074350940113657,2.3147207832519316
2077,0.5839407918262126,0.6160829738204682,0.6325044397630989,0.2379811189719237,0.37399902937830587,2.3240207980936938
2078,0.5272381645411769,0.37990191982928223,0.5569394930578397,0.4338732288474065,0.5738801791651245,2.26223719224401
2079,0.6833264980849529,0.3991837842530719,0.5363997148110844,0.4048349883355965,0.558412266016665,2.27096251542904
2080,0.3405189294915833,0.6870608516276625,0.539727178599263,0.31787310167119043,0.808338578581782,2.3648427011881004
2081,0.5382724184148031,0.5886996107460409,0.5114900733373794,0.37792683393535376,0.6559623887753322,2.3894292806406128
2082,0.37457079974757584,0.11840663540210129,0.5253302920220876,0.38826859475096703,0.2670082380961932,2.3244809262708745
2083,0.5051362926313023,0.09479696805355689,0.5111858367643121,0.22353487436884872,0.2882128523676356,2.2956195004351057
2084,0.49707684329296026,0.2530832893017738,0.2705241449773466,0.5882374526678724,0.37578222009918977,2.345083406010599
2085,0.6509052435801735,0.28771762299789755,0.16157520978397089,0.41673786172524185,0.4765926609940096,2.3356221420393943
2086,0.5576191276983767,0.45026078884490683,0.7475510818679568,0.3831824050965148,0.3439822861681209,2.252898263535754
2087,0.5452135917696612,0.4910411953994263,0.6342882509792029,0.3303918026635898,0.4700788154160162,2.2173889936889934
2088,0.45926405701584666,0.5981297216442523,0.5400758329996805,0.34920831683049536,0.7449621195595498,2.2435365392800093
2089,0.7316224877699097,0.6568582479978976,0.512878657969001,0.37825747556140604,0.5739548257092957,2.2498468045351108
2090,0.6401679175660103,0.7652616934192605,0.5556950581475703,0.48278844148227246,0.6138147727410134,2.20014366467176
2091,0.6043348974800212,0.6908875148849414,0.5208815412603509,0.38835527604895287,0.44171297954385147,2.1925972323292817
2092,0.4967868635532356,0.6170883776113216,0.42909057655808763,0.2559862221448222,0.32541911668688805,2.324645581737374
2093,0.7045206791868885,0.6036497021457137,0.32241623779149853,0.16703492503033177,0.1998108009661797,2.2679826462394788
2094,0.6506047739380281,0.7114052755048548,0.6732836730499907,0.5136353753915774,0.5202552237551763,2.345585797658415
2095,0.8191841971838921,0.6309706456083252,0.627091093532363,0.5352235310976546,0.5076884954299309,2.31202359607839
2096,0.5523903221840671,0.41356859033341814,0.6653543307579978,0.4536626960088158,0.41635794078600274,2.325540685019092
2097,0.685635000456869,0.45438117679303314,0.6861194690329329,0.30385640692450816,0.4094775854586526,2.320316594555092
2098,0.5173720297265287,0.5570238735635843,0.5272390669175506,0.5593879151503915,0.6853792305232274,2.314985395760672
2099,0.7300492159863358,0.524132700187137,0.5154675635444947,0.5454138444682111,0.4240804208737744,2.3177559207651304
2100,0.37671832388130244,0.4033380324033144,0.6395947030378589,0.49002077883438333,0.3171317466267709,2.3594078004003185
2101,0.53402031084612,0.428811300879124,0.4581437621212751,0.34012712023405567,0.19200942235372065,2.311087142692312
2102,0.48911754317539985,0.45586485698105955,0.40090670971885445,0.6030737017757272,0.5323454127131836,2.197231076579853
2103,0.4205379734940098,0.42930410500089344,0.34865337497806337,0.5161961956170655,0.5531581500042848,2.120291362769734
2104,0.4593315522718395,0.6012486081780746,0.5148718920829213,0.870771094315689,0.7794347758095495,2.296582516299596
2105,0.7590384480762126,0.5180007157467572,0.492297732786324,0.6894390823249992,0.6035438348057347,2.3112783496473206
2106,0.4903601733329216,0.6661185600626194,0.6564205547743391,0.41420699932532123,0.8279125771020108,2.232123063675078
2107,0.5678810986028292,0.6320596062412615,0.664608474821608,0.3096536441938459,0.520273924747576,2.2261708261881017
2108,0.453901242078639,0.6180672409035626,0.26166341395355147,0.5411043819419896,0.37266507059530174,2.3733813402898902
2109,0.7787381772065479,0.6115296864118064,0.21026127169652042,0.3448201132050129,0.3490175949250783,2.3670833696899582
2110,0.22640346196018735,0.4577162311759697,0.2641465986245932,0.8700876470012153,0.48558232579652594,2.249803638688102
2111,0.3387588949120551,0.366848094511564,0.22246378007475104,0.7309718975886661,0.32783925026099425,2.271457958957117
2112,0.3222628391581673,0.816984607895144,0.2514698406814658,0.6842578081040425,0.2551078009444158,2.3190414348885073
2113,0.49182362965695403,0.7258781393192552,0.21144565551002892,0.6006846992948167,0.20848906691755084,2.3784640448945735
2114,0.6513985327515368,0.8996679599580826,0.5440186393410191,0.43541647508259995,0.45309753514521667,2.349373186455334
2115,0.5290328829864821,0.8584283276027559,0.5229645024154461,0.37870850126213396,0.2952577277158582,2.2879006298528295
2116,0.4542428586567056,0.6224215953168284,0.3891689768453017,0.5590907841224884,0.7351424782162533,2.2359803839658583
2117,0.4543195351018644,0.5503295928141544,0.33628676390574086,0.48858894964303906,0.7241454231589852,2.279940077754928
2118,0.24326567785946476,0.5982904967140018,0.4297432423833334,0.2447531817113269,0.423026436977668,2.2890685457433664
2119,0.5051595055055713,0.5874896345533088,0.3442318071899582,0.2026396290475644,0.4290974569550126,2.2653044986724034
2120,0.37567608186795726,0.7131098385923055,0.6947397595315448,0.4986553261663378,0.30878849873769504,2.3028998651200614
2121,0.4041292195333279,0.784109766996041,0.5812830822814712,0.3391264424834124,0.14663485234587179,2.322475736115852
2122,0.23902447751998296,0.4173324843749143,0.7259673923007356,0.27655707475185864,0.7151834263796939,2.4409386776635893
2123,0.3314391203211116,0.427764050944416,0.6171892937628505,0.2019730669828425,0.5697221750738597,2.42632415709862
2124,0.7435619065109939,0.4958068269933664,0.26599511925485486,0.2975704033555773,0.5976242055405335,2.2609475725756427
2125,0.7937167822729061,0.503563787778475,0.2612878017277415,0.284521585959222,0.6214607338090529,2.2488745507485404
2126,0.5560640041347951,0.8871759678796204,0.6551691040215178,0.4560211769018533,0.4425441970750723,2.2795215815632632
2127,0.6900008935844563,0.8445308216833219,0.70553880594959,0.3776427644933662,0.36704702750695994,2.2034691205387507
2128,0.731136078995471,0.28866721668260575,0.2250909790215178,0.3633164189153726,0.5891473545654407,2.305039053708082
2129,0.6270798257092959,0.25722982240153125,0.2901069640928754,0.31793398742151213,0.44152865298576566,2.3254921726366518
2130,0.45565988923219947,0.28373429021585833,0.2687280958389872,0.44600929078154483,0.24786747765056644,2.2485043637708753
2131,0.7211363520847048,0.2779307930448163,0.19978807314150412,0.36053366697855993,0.19214405227183945,2.226843783600154
2132,0.4539087429707841,0.46640555079206825,0.5671929252481455,0.38925259042029886,0.3142544061629462,2.3772771571203837
2133,0.45046590302929335,0.3751937786385078,0.48424104731001794,0.39344424055534033,0.22946458719959012,2.3482967456258064
2134,0.28554791282200276,0.5594748783295302,0.0980637602497539,0.5922034041606667,0.26870571761827905,2.2638001772936036
2135,0.3751340771457137,0.38810754878996373,0.08502160909198377,0.5595024786299422,0.2239631045220878,2.2483468595925533
2136,0.6226989198075183,0.7630636160122074,0.5359894187194976,0.38881839323640865,0.2109155281161743,2.201026947358003
2137,0.8965116934192607,0.7738544733200735,0.48391193954545964,0.32939271550735455,0.2523553564371368,2.235356006659058
2138,0.7228833928011306,0.10431633193324892,0.41175064802394434,0.10363357283680957,0.43786038529328153,2.2774593403116548
2139,0.6820121994036359,0.0781992969402063,0.3803765080082462,0.11860757631868507,0.25811422162248826,2.2434094779768508
2140,0.5073726524197293,0.7283349756702256,0.7802037201644815,0.46607372490848864,0.6567749053141541,2.299316744864069
2141,0.5295774026593071,0.771087490098298,0.75736014360622,0.451066921026297,0.6596423873606779,2.2963632239945793
2142,0.3617163814849472,0.6473617473885076,0.6438221425834914,0.38580327641876433,0.7575254415477396,2.2189398195290453
2143,0.5988008065807435,0.5950076429317143,0.6504225907467575,0.3405531960305801,0.5495819101452174,2.2450537190762856
2144,0.41836757510008127,0.07300078786553103,0.5563810094227252,0.20399292030808797,0.5682939663779113,2.348746801227347
2145,0.7586420482241021,0.11976659290120957,0.49909891869773365,0.22413248602879673,0.45881498250339336,2.450580230370705
2146,0.2675839565850263,0.5506516170133473,0.5549213090397156,0.5147288479063843,0.6397291975103505,2.36974254537338
2147,0.3647131469141596,0.551100623802987,0.4429435859374583,0.5398634888144023,0.7336469206998386,2.3474860228498327
2148,0.23809176908502638,0.5452956824730639,0.3861865359722459,0.5006381271107513,0.4349551626478919,2.266824949360108
2149,0.3031824794132682,0.6138753088873683,0.3697645062673084,0.47284134348883533,0.31166751949854077,2.3040036243688498
2150,0.8416220572552499,0.6357813832476491,0.7070207491076816,0.31717359277062623,0.47631804363244173,2.403523058169335
2151,0.9059800409558311,0.5728949315154517,0.6594728594184425,0.18430660236763544,0.3147377472143966,2.333127565089557
2152,0.30509272044741204,0.2627433398328482,0.4353776179490203,0.6835648299964358,0.5626624333869729,2.195990251175078
2153,0.6814952123084098,0.3008273261445739,0.336287530836488,0.5915636077427963,0.6201226694810597,2.1251514474450595
2154,0.2648151118775894,0.46004822830330844,0.6357039508616431,0.7441427116339037,0.4121599740163437,2.163791977193524
2155,0.3033046682406916,0.42792238977629693,0.47353480664603526,0.5948563199423842,0.29337000034804966,2.194476680884298
2156,0.6262382537212807,0.7630305337307378,0.7220874009181938,0.5879277451036471,0.5810480779943312,2.4097483791563836
2157,0.6475506645411767,0.7263834522545336,0.6014494136490315,0.4645812131352633,0.5151230934017798,2.369399394933819
2158,0.3852949067503972,0.08170074381957677,0.2856671126391511,0.3227996327906071,0.47715156195590447,2.301043426270874
2159,0.5467764413736282,0.10370384294473738,0.1985639298180418,0.23347517067807466,0.2835070687020166,2.2914858257528237
2160,0.6439692923050186,0.4980903794610786,0.3351620815850263,0.1051841845185213,0.4063005203036303,2.161649100387294
2161,0.6873095489858388,0.4717130516626248,0.39368591108106527,0.11191676962912438,0.33548049627872345,2.1621413407467576
2162,0.4673086510054246,0.421430290933892,0.2753624042043695,0.3859602168347778,0.8291826721143175,2.2392881089396357
2163,0.5056429252697346,0.3924072773546124,0.15236125574497442,0.36625417106982516,0.6120174148893996,2.228625305013917
2164,0.6852731600148088,0.523987986703478,0.658148352715858,0.4626839092313078,0.25437235619773363,2.2421576776200616
2165,0.8198120485505606,0.4160890195638324,0.6654150133398792,0.3641557011010456,0.21223427095654776,2.2069638224668227
2166,0.6488297943071233,0.2862977498476548,0.08799529709255349,0.3927922739380282,0.40783147188365515,2.4026437345925538
2167,0.654802041499754,0.2638969988900428,0.049337667935996685,0.3667840055926271,0.3199461256962725,2.3710233334565483
2168,0.30092018863155034,0.4119371399286443,0.2722265537080824,0.2534399296439305,0.30904678362191845,2.402913276309945
2169,0.5467423780030717,0.42939528719084974,0.21747240409554985,0.23681195110104591,0.21502328279506483,2.3647804280118123
2170,0.5017500187368037,0.49415744252694077,0.40765673285161574,0.444306115120062,0.4490458834435243,2.386419521348298
2171,0.6485011715921586,0.3959444459217605,0.3189931256745083,0.30428171579028546,0.35706141099400956,2.3840415725321153
2172,0.6079834153682055,0.6435375880919104,0.4989681014535512,0.3791689790432819,0.5425448285601929,2.2823061382528227
2173,0.6425406552923902,0.5101466514840558,0.5431375787343043,0.3910535687673082,0.25701178207685554,2.2792082535036418
2174,0.5376935644801681,0.4768665114248303,0.40393029752783177,0.4307241135967631,0.469386807407597,2.2425324551923107
2175,0.5942548956085001,0.4082651950078512,0.36324176138130204,0.30249915655452175,0.32531611390145804,2.222067109331386
2176,0.46133368569377253,0.09210026592960915,0.3395418819419897,0.41648555486156974,0.3954394148676354,2.4629876497648824
2177,0.3853163825947316,0.11820791656504565,0.34860020427822713,0.3364205591702989,0.355785552119492,2.4667366097449013
2178,0.6210800569289662,0.8030813491033991,0.5490498535428869,0.31320450583202986,0.3718614423745931,2.235066026919334
2179,0.677772318767308,0.8696685870472426,0.49213577345904697,0.22674759348883528,0.4166141390363243,2.1993650540780694
2180,0.5584967819680364,0.6901738955865613,0.8141862116990202,0.5896931939414193,0.46917697817290005,2.445127260075642
2181,0.6118057699120548,0.7417569800444216,0.7365706301792879,0.5858862017757271,0.3111652632963511,2.4214858301487836
2182,0.5224111731372213,0.5426340705517739,0.24088612745897384,0.45346654885525517,0.299568780836488,2.3041566056754004
2183,0.6487132906291975,0.5837407532860026,0.19556195329902593,0.3791720357763702,0.14064716406237082,2.2537522198815507
2184,0.5286610944245085,0.6278271697641655,0.4999328543479766,0.6954474117992744,0.6262951016494266,2.2315059840919833
2185,0.5465349740163434,0.5743857629916564,0.5220205371473216,0.5856316618426275,0.4847421302445793,2.2151784184583305
2186,0.1260679588482978,0.4703058227715176,0.7528931988814773,0.3205026691330122,0.399873288300809,2.3602622417957084
2187,0.1595760086393996,0.43597315396496644,0.6401589505351846,0.39966976471083066,0.2912742484982924,2.3283709792391565
2188,0.04581683184619345,0.4328092291085733,0.4297349635705415,0.5900072889317878,0.4315408143932874,2.308574631680823
2189,0.2291252604238651,0.4580589642887507,0.32726374593050106,0.4535867974843042,0.460009585328069,2.35213112393357
2190,0.4092931911777528,0.7441161601453923,0.6977351375347897,0.41823224597402886,0.39246823082774723,2.4049117215136695
2191,0.4681283975451382,0.6980493679707842,0.6008227355499908,0.36564716406237097,0.41376368867507796,2.3416436795351103
2192,0.47832427160946506,0.6285708713438399,0.37812506772281573,0.6158900298355231,0.5624497395977284,2.464534866099438
2193,0.6674018521064689,0.5835353682103623,0.38160586242151207,0.44623254219602426,0.2914178564371371,2.4236220297265287
2194,0.5555185820855963,0.4771881860200559,0.2571054114945794,0.556190355240122,0.5995093502349476,2.1517802584435244
2195,0.844233273328639,0.44337515470493977,0.17713167670597768,0.47037255109676307,0.45443233957168133,2.1979473352845407
2196,0.5757022160296883,0.4154474074033145,0.5323835029160162,0.5548514562585679,0.6003345220228042,2.3094588844662534
2197,0.6498055221535626,0.49029748282985214,0.5184624455082459,0.4893410087482189,0.5274896477411882,2.288692380745149
2198,0.7403908303664223,0.6275052810105991,0.35354203005298723,0.29499026164246905,0.7307580305317932,2.31829785776456
2199,0.9283419237899639,0.6046221591007244,0.42327658948462565,0.24203687621860592,0.681583766081957,2.2329031294175516
2200,0.6065520712264553,0.578899651484231,0.0737837748954653,0.7771708834435245,0.8134562031903816,2.245694361137616
2201,0.5038182489988625,0.6480455443069484,0.06882054099918385,0.5105283094532298,0.514067700099906,2.2276257328080877
2202,0.11475908761310455,0.7080075983416622,0.39930361555534005,0.743109628829925,0.9135901339005662,2.374231326536324
2203,0.15927963355234392,0.6982037476932028,0.39633478904060687,0.6090789745169133,0.5390815396064685,2.362483521087131
2204,0.4433912053011309,0.662116255396927,0.6780928768278205,0.4633478996125345,0.5647178729543693,2.424349003481878
2205,0.44481837617507813,0.5284545928141542,0.6277656525287235,0.3301142640145602,0.5925925740118855,2.452284037517308
2206,0.5442509255091373,0.5859803839658583,0.5408570152768672,0.8720004487289545,0.6571229959522651,2.2527038534121284
2207,0.5009803184410246,0.6011592197509669,0.4961872219922997,0.761050518628159,0.46271998052305263,2.308747983286894
2208,0.8261690891581672,0.7162718909731376,0.4142284074468421,0.43697744122110593,0.5240136358156153,2.253486219946842
2209,0.6941799671831758,0.7496108301487832,0.3458957193809806,0.3359940093140806,0.6065577673658522,2.248403019302666
2210,0.6041265124042061,0.4667851898501546,0.5509518834870518,0.6756753826600236,0.49495801401456047,2.3812121129656103
2211,0.6596786728107626,0.45701707187937235,0.5502799638970004,0.5909021890450649,0.3389654642452226,2.3365360140363243
2212,0.08476450846528809,0.41565252158770094,0.38929527121771473,0.7686702778116545,0.3951083559148029,2.369177316786967
2213,0.15484479001998303,0.4095225560584097,0.3559645998649606,0.5726695147543581,0.39969785006083614,2.3470866449773466
2214,0.6883050833694917,0.30907605322945125,0.22584268852273096,0.5640574243558253,0.2929593656423957,2.28333199105591
2215,0.7328030479195823,0.24504378194627213,0.23861605390395774,0.44514282562224,0.19759577058656136,2.2535824100581614
2216,0.3775162559626137,0.5577197729586525,0.0795137987899639,0.8022609710785654,0.34603744385436397,2.2390520668304954
2217,0.5485808937805065,0.5697536667609209,0.06290848034894132,0.7128997164865557,0.13893376938972132,2.2456210342965996
2218,0.25151133722135405,0.5372010422395518,0.535956956933249,0.4520946353150457,0.680567308626376,2.255504889014561
2219,0.37448050894409396,0.5982977267148932,0.5469604860505608,0.3662750154290392,0.6038089323640695,2.335348776658167
2220,0.8222380924224038,0.5924505786472483,0.20695082860372088,0.2565701407337342,0.7100166011706204,2.377352367426861
2221,0.9374030429579358,0.5600082656249146,0.22073390648923008,0.20703749891180637,0.38451804417653995,2.368552804034541
2222,0.28116360058316986,0.6765376068287121,0.5757008963265342,0.44720723222046266,0.6130497874955445,2.304061103782115
2223,0.2510320907249934,0.6958632685846314,0.4555448516929544,0.2842385543392357,0.5112442295438517,2.330086392822894
2224,0.443925224081635,0.6188405616947373,0.22858025570144686,0.28264400987976723,0.6605999102542116,2.3101651383181157
2225,0.7805919089266133,0.6100051411690124,0.20760828819198957,0.2450869477932817,0.6851506105935184,2.3153911799703897
2226,0.2776108554795249,0.5004523454038843,0.7313887354631101,0.3692630957085793,0.6080939977584942,2.4339781828211113
2227,0.28309823874911055,0.4794007124389932,0.6312075900938404,0.3848071782728044,0.4892190230892358,2.429085433191098
2228,0.6302492435366458,0.6699799858983886,0.20832274214393037,0.5720706511140694,0.7159349894453806,2.4127316656729008
2229,0.7008855047657734,0.5727666859547644,0.2203450185191647,0.5529515129483036,0.6675365607373002,2.393829643475638
2230,0.263299872279688,0.7336153612899639,0.4066143444027447,0.6544658391799308,0.4767522518062319,2.2404450388882595
2231,0.3613761523328484,0.7001213541738652,0.3963539073597864,0.45626132455598306,0.28417272839036417,2.2108450548398055
2232,0.5943424682929599,0.4854636677618858,0.580686012404031,0.5316026025199827,0.4022572041476437,2.3550534459870525
2233,0.5531963079299308,0.39097927182710385,0.4912258148285653,0.4752067725016103,0.3912365866121395,2.4342248612682003
2234,0.16657598111067812,0.43715003688633,0.6966045449163377,0.79412247678001,0.4082017265841351,2.3107256408643186
2235,0.47326935948373416,0.4360813001173872,0.6675397529160161,0.6729900838047699,0.37909474982589075,2.3399698979368875
2236,0.2391422221883503,0.8774414062500021,0.4054349685105991,0.6217792839483772,0.6464510108373794,2.3625431548571116
2237,0.3419341443244295,0.7910954149111633,0.3634199744732104,0.4935004679882652,0.43902975633260016,2.389221876653884
2238,0.3280495078123707,0.2963313149807381,0.42611453103236296,0.5540260025895573,0.5128065153855114,2.2675451781641596
2239,0.5906758808974966,0.2474863047309861,0.31697243769570244,0.5330700856762913,0.47056146824943207,2.2193979287951384
2240,0.36036177052126944,0.5188315269410982,0.09089127082596403,0.5282316232808284,0.5032793010097075,2.3676709764970787
2241,0.5369011363597134,0.50739921489814,0.0721840193461934,0.4869191948770928,0.3407104183277472,2.3774136027811497
2242,0.5306673224015312,0.775736832172652,0.3571843667521801,0.8396838095838136,0.12580967396407505,2.4049062285427123
2243,0.6420274241381863,0.7111072988334918,0.37225560915727557,0.723540017735839,0.055942706693845684,2.4045774703821206
2244,0.6301127301530659,0.41615561244345084,0.44324280359926316,0.47361042328939373,0.44673868978486264,2.267226346143682
2245,0.8074338310411034,0.5382172965266921,0.3507166760314716,0.38365421842354336,0.3132504575208744,2.2219868343706324
2246,0.5171161133573604,0.6147904328646393,0.3771008952167496,0.48920178823551724,0.605966483330422,2.3430713354586534
2247,0.6801738977845412,0.5999434906859237,0.3625197278245029,0.5696634436802527,0.447241081432679,2.267917519498541
2248,0.5448679263795191,0.2944251117687696,0.42532972825978077,0.2207901449120549,0.40727646230840986,2.464035249303557
2249,0.5228129872475755,0.2522218997866456,0.3332490656989469,0.17310594500767637,0.428603547288429,2.3796282048440887
2250,0.5627198450774257,0.7144843238160103,0.4730825289649668,0.7353198566546013,0.3421845787125402,2.2671567075208747
2251,0.5953838756527445,0.7488267375740345,0.5139827668217548,0.5651769633095498,0.18840614595654773,2.2254157780726467
2252,0.3024468205082458,0.6855731446073603,0.4355965606500696,0.7749879762360874,0.479066664475885,2.2923415191285543
2253,0.28055966129870447,0.6647942565284753,0.3619628567635952,0.6094613884269349,0.29588147353753746,2.29524069603058
2254,0.4925663044045277,0.24826386651277724,0.6831124736026545,0.27089752413372853,0.3815007730021803,2.358473287212613
2255,0.6703011644541209,0.26088661910250743,0.6476967087178895,0.2323829501436089,0.30956064626124224,2.366545955562297
2256,0.634847287386725,0.441369344054697,0.5372382300660106,0.6280441612769406,0.766774903116174,2.2903866570986198
2257,0.5250690181275891,0.37534216935047626,0.5151025199338187,0.42594639051609506,0.5362142717182846,2.2165747291303375
2258,0.45006957089999655,0.6219037735680417,0.5754285797572082,0.6419885670046069,0.29223267376819956,2.231239780988834
2259,0.44329834281415414,0.6329942548745933,0.5066693875781422,0.45201366114635666,0.24903726601666504,2.200915665759781
2260,0.4709944921656946,0.47879009592604316,0.6889710359288932,0.42737544485550366,0.26267140041779924,2.3366379789997533
2261,0.7017837325033935,0.3948910147980609,0.6505882163124445,0.3299401454777415,0.1817839400677934,2.3369010576469997
2262,0.27415758236852744,0.6047886303098714,0.40863760406504557,0.6164642821856753,0.253953228520948,2.2916280352758003
2263,0.3255579198728099,0.5858602030596232,0.36484742722831137,0.4431787933930389,0.22514825526634313,2.3005996982938517
2264,0.22395796115509722,0.3261738151983767,0.23584150206722362,0.3098773129351053,0.3288672464308959,2.375485010358573
2265,0.37909710735104596,0.2868541468488682,0.2022530418697401,0.2612133693419103,0.42825344872912985,2.356644302228311
2266,0.8332353049050978,0.3020523041215969,0.7530345737508937,0.4803070725538788,0.624320083478311,2.386165612900318
2267,0.8086679792173932,0.2597759794567961,0.6086519853541156,0.3397115453298521,0.39084957111763563,2.365687690503071
2268,0.41583455834344524,0.2967736555317931,0.34554465072249396,0.5322228742817933,0.3912785572117221,2.465120172114317
2269,0.5786900821508878,0.28573328819198923,0.3940639485548433,0.4519465154943311,0.40475040466141154,2.433003774677826
2270,0.2406950559495902,0.5931337550704683,0.6137850180838863,0.503555519955583,0.6011526102452959,2.3818588007703045
2271,0.32634883611156995,0.5169033518453021,0.4966178993733066,0.4880057869949742,0.5435421109636802,2.3818036111593797
2272,0.5249686547484674,0.5287342858198986,0.4924504322117222,0.3441148294523379,0.6677660043306703,2.351273276201125
2273,0.6371551692634204,0.4366377758313135,0.4946495474407766,0.1816119868775895,0.3701446303749878,2.3648999097101138
2274,0.495960642953478,0.4730746784688545,0.6782741466528178,0.5670475015666537,0.44125806245647436,2.2218974459435255
2275,0.42035030832168147,0.49079403190274423,0.6504855741208803,0.5402513389624669,0.4375838167434396,2.1908312874520166
2276,0.32027371058923576,0.6925447608373791,0.6923559681404379,0.5872511562062998,0.7819013351321937,2.45301864761043
2277,0.306052600866101,0.6960105427618855,0.6362623777638436,0.6467490552315563,0.6343737480196611,2.446145183669905
2278,0.6786960601714387,0.5771144418522594,0.38297910665477597,0.25436074976059925,0.5218816662385867,2.395315556733091
2279,0.8052975527506456,0.5660062406423957,0.3893982740031451,0.2833610355152034,0.657553865511812,2.351406518693276
2280,0.2224640619559042,0.9828736676314769,0.6604122340919836,0.5325232084783117,0.5938569051619816,2.211119254874593
2281,0.3301442895629409,0.7912951715702198,0.6372907125478124,0.5237083614205472,0.47078756223866014,2.2218230025677936
2282,0.35099087606625884,0.4633268410949801,0.4486367038866513,0.5176212121342986,0.5602137294132681,2.313630581628554
2283,0.4803845049398847,0.441444475648462,0.3629719377827582,0.4618521279377799,0.496123629112856,2.290072629831065
2284,0.08274583939757012,0.5499605223712015,0.23952116203850218,0.6044661887838978,0.4520940825426383,2.2790132118948954
2285,0.14378613901456042,0.47088411294384575,0.1806525915084941,0.3884849657685214,0.2887913457084039,2.2186686762273475
2286,0.4667406365771771,0.6467199320595497,0.5433770161906011,0.4518878518235377,0.5774202690197345,2.4089302232110783
2287,0.5934656486768616,0.5671432176182788,0.5162587616644079,0.2891329055535572,0.5371570527288818,2.358355339375806
2288,0.36310101799700556,0.5100296060236227,0.3631678140450647,0.6400300844792765,0.46158195473526936,2.162742155575321
2289,0.6838146328994267,0.3908504734940093,0.3755862761140692,0.4807474729065591,0.25067656691755086,2.0924940153855114
2290,0.42748206813632955,0.5524783121953073,0.3907264799138383,0.6815158534991838,0.5792723314326792,2.28737988681658
2291,0.42190057039942663,0.5839246625173082,0.33979105335986004,0.5842371669132683,0.4351834219837344,2.2867840121865664
2292,0.7203450295090645,0.7447460194332488,0.5366995529681095,0.38672299099061813,0.5630782901723305,2.367121741773944
2293,0.7344296258486196,0.6965307330257273,0.5657417745691817,0.28899868197231887,0.5773689030726463,2.288653174007603
2294,0.39055730157556906,0.580017995190528,0.7848144192635955,0.37419907890841564,0.09514873591997716,2.406208503460114
2295,0.43203965326852123,0.5852218617905337,0.7127124686410078,0.3236806933973217,0.07462500826941285,2.3976338607893943
2296,0.6980182368775892,0.2816069789562262,0.24097982459951103,0.5489160472884289,0.39898207640574046,2.182812150396036
2297,0.7843318341529927,0.30622567059101896,0.18996739397620677,0.476761907055092,0.36172332960468556,2.3020159509486984
2298,0.592995155052987,0.471861442374593,0.40117930816933417,0.43237071222135415,0.35880574458131326,2.237195627981308
2299,0.8084420883966051,0.4418304423310651,0.3367511330735381,0.34406750132742575,0.4297770128828369,2.161924620125236
2300,0.7028177854065591,0.290345995212292,0.5451536761185269,0.5960336201905282,0.6219878044698195,2.3085784553446596
2301,0.7977109435714327,0.253916604456796,0.4652420113377741,0.4038203356327636,0.7312887784208689,2.2391205321856753
2302,0.5450716641278378,0.3051927342225672,0.09382436466301963,0.2558238564806645,0.6460402974190124,2.3450236935279056
2303,0.6443941051313019,0.2775759684453074,0.05585443480145247,0.17164492492151198,0.6078972191198135,2.384252111964645
2304,0.6488586355979764,0.5271595478976437,0.43582989563008884,0.5956769231154577,0.4813951875433548,2.4606074111463574
2305,0.9717820020673982,0.5838211069594709,0.3779305898763762,0.44964661955937474,0.3144051653899695,2.432647416216823
2306,0.38270260582774707,0.6123880191938459,0.5557881915258006,0.36097432723259426,0.387023742513917,2.2793779846143174
2307,0.4920094223537206,0.5865385179970058,0.48984854376302517,0.3777163732155364,0.40549689208292156,2.3549279862682
2308,0.6188615524894786,0.5355321331170656,0.25035113638130196,0.4895092059974005,0.8695454171307324,2.350936802990049
2309,0.626970641734874,0.5756473760227309,0.21415938931925513,0.3390401895021072,0.733100189937385,2.3355364418304942
2310,0.4373907263229681,0.46037227141359005,0.3379907064979706,0.4812013411820356,0.717885260880732,2.3038970688108362
2311,0.7506153425531624,0.4211667272370521,0.3612812032119705,0.4914578868383443,0.6388027599669979,2.3058937769846257
2312,0.4386831318331697,0.26946320197160256,0.4041559174573658,0.7128897903464415,0.5387130896587369,2.358146818854364
2313,0.5360995160601932,0.2974701754220822,0.32724524810654204,0.5961852817939249,0.44849726921561,2.3094059956475705
2314,0.5495700328168285,0.5844750137751573,0.6067272275852746,0.5290384436802525,0.5964533006397212,2.281302471491905
2315,0.5682337688456235,0.5727617567461146,0.6143858329124499,0.49800760053964205,0.4959619626566321,2.2561083432494318
2316,0.23690856952904532,0.9314260587351956,0.5885500247866461,0.7254673471881752,0.6761091735070327,2.277767592727099
2317,0.574193789105899,0.9345807346796092,0.5000412823815504,0.589212706454618,0.681665924508173,2.2467089461176353
2318,0.4227137971360814,0.7065395624129467,0.5333651300702933,0.5132252934583308,0.531657713418194,2.4190964103410915
2319,0.400158609723137,0.7097852173788759,0.47009522660607367,0.41030686279149853,0.5507687411864939,2.357158514471602
2320,0.2004752763970003,0.701839474886725,0.21674362558745255,0.7392488344792765,0.12704625837823252,2.3436870953385927
2321,0.36591755142322197,0.7484430606937726,0.19763671435404215,0.787146077776867,0.09257999747556339,2.3570619637664167
2322,0.7294221205605144,0.6349871393845469,0.5300703312368039,0.3684514028334182,0.6040114071421473,2.4028001222361604
2323,0.6166843414214387,0.5799095671569536,0.5072240585393204,0.29295546326584676,0.5477629410036418,2.362056407468606
2324,0.5836795856545276,0.7801301791651243,0.4818033292782266,0.5922401856502448,0.3955925993426269,2.3079795917043695
2325,0.7863783744123766,0.7361362188370582,0.4926595842182847,0.5079387156597017,0.3759118530858443,2.3242096365336504
2326,0.4221875611288756,0.6196280038736282,0.5509059427881072,0.5024460645673986,0.5323326220185217,2.3347359380656885
2327,0.48308698191594235,0.6831515448945737,0.48512148742151223,0.48009952213162344,0.5147276746387561,2.350699508900566
2328,0.4640849459435241,0.2893494907294513,0.4270653766974122,0.3883027258443369,0.6021259805665802,2.40176990398673
2329,0.5429253022718394,0.29704187754602973,0.303686044328712,0.3419317080865609,0.4676522864945798,2.4133337214919055
2330,0.6989465578864033,0.28444721030630515,0.5254590226323688,0.2798385978410922,0.6197579754743502,2.238270884553309
2331,0.8759383368515425,0.25609159344530724,0.524268086046103,0.2820355587134319,0.5072784812194977,2.2292373766756484
2332,0.3208648591790397,0.6127150513144024,0.45228751157717734,0.4150797921091435,0.3395333322379438,2.241813624804127
2333,0.25413547943503206,0.5797426108982134,0.37543608064935324,0.3317236070898792,0.4251192675399638,2.278087598015203
2334,0.4718370452427967,0.723096425204443,0.5356970814546176,0.1364760306623767,0.6699015834131947,2.2202337479108407
2335,0.3860849883355963,0.7401765459827695,0.5121617000563784,0.049187743362534384,0.40592616005816146,2.194985603325073
2336,0.20507478638575982,0.8250643598101929,0.3958539519498386,0.594117615294173,0.4566334627219238,2.1748729386968417
2337,0.449651142431144,0.7892092214048488,0.3578034542564629,0.460814397806305,0.25898332618810177,2.121900085349832
2338,0.4836697162473277,0.39914076484158867,0.6693292602715178,0.6431325708129406,0.28191357305444836,2.3655176775112423
2339,0.4023340160384289,0.4459171952253152,0.6552826754220819,0.47868236710040285,0.17156687204028562,2.306793256702586
2340,0.6492209720795301,0.7123319949293607,0.3963564790432815,0.7219251706996634,0.32141973330865786,2.342602860745866
2341,0.8394579864858385,0.6797256579256482,0.3720165780378589,0.5755721089833394,0.3916759948858334,2.378471139449839
2342,0.4017866537908552,0.7462676543784807,0.6089355697465088,0.42287623052305234,0.5506958993950702,2.4133701423876155
2343,0.4277550839135895,0.6274195020889877,0.6322715330997597,0.33821841306140576,0.47223183252069945,2.380619227345871
2344,0.46694117115688066,0.26960881783163515,0.542534609549026,0.6077680144498387,0.645170290477025,2.427405470403885
2345,0.3093667889100233,0.21671325043510523,0.49056188118025285,0.6073768256875317,0.43429054078154467,2.411480892148214
2346,0.32986543121075707,0.3168977911515311,0.423151964419334,0.29337889965606206,0.38026147046900116,2.328282075861643
2347,0.285852769890291,0.23811387641448117,0.35357713124554463,0.27154658045347807,0.3354192609244352,2.262244771848868
2348,0.7587922546787177,0.1327492457346259,0.39655359629602943,0.5881539745385018,0.49067149347135386,2.2343562990076027
2349,0.906238461285681,0.09632137785072427,0.3224667013622126,0.5359297172267034,0.5538203356327639,2.2005052342225673
2350,0.42835860587127494,0.820931655227098,0.37193268258170853,0.26098906911553094,0.5193217483894729,2.1217176312673085
2351,0.45894767222313704,0.7914560820855965,0.3079442086306591,0.20474726921560985,0.3395674633313134,2.1407776317025866
2352,0.3306685743818721,0.2727282571378647,0.36153379195679597,0.8790021692200676,0.5886615772761222,2.385682892344089
2353,0.5617141594054192,0.24000680388219364,0.41155248195929556,0.7062721640623709,0.5608255979065592,2.3813816409078457
2354,0.5325774279900483,0.34858158199854034,0.4909714890538053,0.5934140118385195,0.4168814586741865,2.3235723440764606
2355,0.6705645249825206,0.30074107316326804,0.5112951671742599,0.46536635452191283,0.3161943908643178,2.260336538735913
2356,0.6466622384879435,0.4362173961741868,0.25973378370897404,0.27854508678607615,0.4165062637751576,2.308355125217466
2357,0.6258678525852748,0.38735451958559614,0.21387420334255364,0.22616381034555005,0.33700031548130777,2.3154137723494372
2358,0.4949765795613328,0.2579346211046122,0.3931492528942524,0.36032633071464487,0.2855037091529927,2.340779504178148
2359,0.6928333421612364,0.21916278906237097,0.32316878194627235,0.3155058569157679,0.28642383006172784,2.391006240642396
2360,0.6624874124737804,0.3078765102062261,0.2509399951687641,0.6096721310279053,0.3974658667086524,2.264870640102581
2361,0.8960396092009781,0.2835951374259699,0.21329556356625864,0.4418916099625403,0.36111883754781277,2.2109799666390786
2362,0.4953039502959564,0.5054191888056616,0.5367794325818835,0.2781762195115639,0.5281743470360027,2.307336513405171
2363,0.2851681950512037,0.40992082838608124,0.5042562698465879,0.2352823302140752,0.5652149070768555,2.319310705714645
2364,0.405292680274909,0.6269176064806644,0.5347355884617219,0.42636829304481644,0.5848718986768616,2.3000151482198197
2365,0.4120224228107629,0.5808257966790394,0.4834032312630253,0.32295150855234406,0.4370955354934392,2.351185353912698
2366,0.5765037576164957,0.43260960789514374,0.23373504615670568,0.3830838464701411,0.46376432016019875,2.306089089484626
2367,0.5916464653769458,0.40748074183923577,0.21966282318503183,0.3444401922657733,0.33495960680694825,2.417871714245223
2368,0.1352124774329271,0.5629294034208688,0.39515784938632964,0.5110315357546067,0.6764866691983037,2.298015665194094
2369,0.4412690374084889,0.5695849057494323,0.3400617793347779,0.5681359094271828,0.5186286348362396,2.2412875242425487
2370,0.5257104161297674,0.6532768647718393,0.5342407874086635,0.5100244626566323,0.7398461075251574,2.282591741556305
2371,0.593078430013917,0.5773129575208743,0.4940631816240966,0.4741800283120496,0.5649060908991048,2.278596317287537
2372,0.5329362116990203,0.42840740013486844,0.6554635279202988,0.2550173746953074,0.7096614946899581,2.387120564110356
2373,0.7447321909165859,0.41225860036553075,0.5988205453951436,0.21168523940185285,0.4410460001523495,2.372619750391577
2374,0.24812339401973488,0.25777142078689413,0.6795894941460354,0.27778691421471846,0.609434633769983,2.3900628958694923
2375,0.25619786712216663,0.2795044821551707,0.6043272391624499,0.39315523091480276,0.5314018647718393,2.311144418937137
2376,0.5457764518410191,0.47448077983534814,0.23200121346172173,0.7474095605630144,0.3225897248431971,2.3789881942678783
2377,0.5922074419828428,0.40431487678446754,0.19017195538818635,0.8291048333914312,0.24616276812758922,2.356346607438101
2378,0.6142996586438573,0.6090698610505606,0.5252229018105146,0.4973043356980552,0.2824525210436031,2.1194346315720023
2379,0.8245794061845353,0.5467080437412619,0.5047194657467577,0.49295616247378043,0.20642960051787804,2.182269649634298
2380,0.176489094446272,0.5564319013101194,0.5181833162648084,0.6968741653464416,0.13556077123947852,2.4804809769323573
2381,0.403373415477025,0.5571387646673025,0.48718776649529616,0.6082578862942465,0.08101972175307165,2.4978101336829273
2382,0.3277688447074391,0.6696310606067171,0.6948467324163375,0.6852700922918202,0.8705943473624612,2.4546582303924698
2383,0.4904294056188488,0.5080324805230523,0.615122811520626,0.44732470599757557,0.7033381678489415,2.3837689740816352
2384,0.34431042383349164,0.2765079308842983,0.4858481792957081,0.5429214786080034,0.4075401047179631,2.2696188226844627
2385,0.4716349200686851,0.26946104761488754,0.5134657120037149,0.5002190104238651,0.38533132764610867,2.3128337660819573
2386,0.5935243800704679,0.5626161430840617,0.6552556498738763,0.5002559840919838,0.542866774046673,2.297645399503715
2387,0.49638824162159667,0.6204836185366457,0.624904205235664,0.4985824166521013,0.2775137629918312,2.30818046489814
2388,0.3509463227932816,0.9091283215529138,0.7031183117816178,0.378028595730343,0.3952445196944157,2.38831141099401
2389,0.45956794398494744,0.8150174402201412,0.6089370468750896,0.298703488944811,0.33368090535768197,2.3216596668044485
2390,0.47729606128122304,0.31236918275581976,0.39325268399636254,0.6815548570682903,0.45595307214053915,2.263180322858574
2391,0.56872692257136,0.27021574612637594,0.3910066469792767,0.4052862849275778,0.327389961590201,2.2974851881962723
2392,0.5504211355979763,0.43814751146835773,0.5234401394063106,0.6597725731197404,0.6686744400895571,2.2995103203341354
2393,0.48641367877337416,0.43079723726933955,0.5155276823640691,0.6019153734112366,0.41064244461610083,2.3183452646021863
2394,0.3887624366947376,0.42573065098366075,0.3305611164474855,0.70066544553001,0.6952376392974913,2.5037711917652037
2395,0.4715025122300949,0.4278105444157677,0.3278245193679572,0.5934837181841403,0.5890871680230524,2.4305522281293728
2396,0.8580676604283228,0.2924783821161005,0.3630998337394787,0.5685774830474912,0.47905144853325454,2.2498060072031567
2397,0.8167518934103452,0.22568129295776085,0.32114670654149885,0.44198696542029864,0.28079931291334137,2.217521051923617
2398,0.175169516952338,0.4297034828733798,0.5228377907162528,0.3492328603978185,0.6561138362203891,2.31690640857839
2399,0.3134633544785599,0.45216574007653404,0.5131361191895634,0.3441843326295192,0.33108067522620704,2.344308134031149
2400,0.32020649721439676,0.6364499642234588,0.6825162603585733,0.5558909911427905,0.6398406932669131,2.247219673311157
2401,0.5036237711524225,0.5955463877524282,0.5768480245907707,0.4194692477149666,0.6338867077601021,2.2744607701296937
2402,0.5101203031639845,0.6147911320725733,0.5789159052488624,0.24117117799004864,0.5155887822727311,2.310936101584135
2403,0.6344202524809128,0.6137436002567115,0.43046638148494737,0.17433391199497433,0.2538541848449802,2.3071486450644016
2404,0.47565905018267884,0.6076489500783174,0.6878576104413461,0.4986304439849472,0.4857241070028232,2.299367839919904
2405,0.566976058191098,0.6559113614423112,0.6225106231500696,0.3258272584217602,0.3888341729413466,2.2944946826687644
2406,0.32604745310315053,0.7355474277724096,0.4172574882267769,0.29886391441059323,0.4735954892279166,2.2492247170306534
2407,0.47244619561706536,0.7192363300617278,0.3015195373214332,0.21529664817629127,0.2769809174789549,2.321904055449195
2408,0.7956644033120495,0.41058169431140595,0.5064615772545332,0.24580480808227834,0.40818921777062583,2.1645560600626186
2409,0.8541102476496747,0.4248849624607572,0.5127732866685156,0.24387315892661318,0.3079381628872948,2.1532455872431187
2410,0.26695012719780725,0.5898217213832602,0.5458693820508089,0.6348777302618855,0.5329920327950648,2.1824516863900425
2411,0.2764555271152094,0.5564830421089683,0.470105987399748,0.47402176819288094,0.43167008678607593,2.1516487529813078
2412,0.4121016489596175,0.2670485503785539,0.6771068732373001,0.5197174490336494,0.25175836527240936,2.3883085574293608
2413,0.3809450752089008,0.31321876266537263,0.6167724668783057,0.32738065594530724,0.21887489595654755,2.374845834435923
2414,0.37726561840606226,0.5459890669175507,0.6898602179229738,0.5718895954474121,0.5881040747300947,2.3233340688978914
2415,0.43943490905719684,0.559265455431714,0.6458734088830851,0.4707244544088104,0.4770069161950588,2.2955075306188486
2416,0.2963919298398056,0.5794245567983825,0.5027033006397211,0.4549485597361604,0.6192530798658524,2.22918190518357
2417,0.5306605774502333,0.6358486643453015,0.5001553388317084,0.3736290565589797,0.45047944966480274,2.2629914057059044
2418,0.5109930959478072,0.5727785852629518,0.3782419100148085,0.5302429159121282,0.6078939482283848,2.37570944603058
2419,0.5511239831127831,0.5574445918347777,0.3315678399414929,0.4773905253525074,0.4509173460568016,2.370649807864639
2420,0.5526600670698982,0.2913473721708691,0.5447592164647919,0.48057126773583886,0.562230447292712,2.38268293473616
2421,0.7474705927488623,0.27682342429053375,0.46787443236424453,0.327448072488587,0.44218756772281576,2.3232941739423114
2422,0.46864865553179325,0.7623816238465148,0.5314257768540424,0.3245933134139117,0.5673570279422376,2.29985333532807
2423,0.3900996663691702,0.7309321490686117,0.5289352267364821,0.19028935045258652,0.4354941783598597,2.2933012641016153
2424,0.49124103077119596,0.49308579546043535,0.43794441619505914,0.6783428261663378,0.6121408556971639,2.34775549684441
2425,0.6491470814762067,0.39799738152847497,0.3326991994906918,0.6341146962046914,0.3790790378437668,2.3159856671744357
2426,0.5329488669480552,0.5923412372474006,0.4437346266319455,0.4777561894584041,0.5206049049876952,2.170089519476777
2427,0.529384030357682,0.5147361566199888,0.30011906437152364,0.3559616895673987,0.5173828802228154,2.215734465855578
2428,0.390189325687532,0.6507007608809076,0.6732373827470792,0.728979013078712,0.29728578114118237,2.2373491620602657
2429,0.47672611764450035,0.4590026476757214,0.6066214389580091,0.630579196944664,0.14406429815881017,2.19344938392233
2430,0.2339602487594593,0.5445394501000811,0.21965197268874512,0.5601612469314659,0.7129654747126137,2.2549312571596287
2431,0.3272542938500809,0.5964995909426328,0.21231504195679587,0.4462227515015369,0.5477115750565535,2.25974705945323
2432,0.6788984562368039,0.4598595253089796,0.5410082485635843,0.3969116240641538,0.5127669700338977,2.2911433745211967
2433,0.7589029157817198,0.4296863834652883,0.5201018251218447,0.33400466658680944,0.48519030238065897,2.2241345726626984
2434,0.19348948204635133,0.4329368431841405,0.3778857547222455,0.5154483775025014,0.6254728401591324,2.3229353792434395
2435,0.28798674738850794,0.38168065540120955,0.31986946024101315,0.4815460932059044,0.6444066249347105,2.30105628468835
2436,0.3826855064196557,0.24879948687758968,0.6858940522718393,0.20032181004085536,0.6260303646849588,2.3510462011228097
2437,0.44646574173041614,0.21922145273316457,0.6511347548963572,0.24962243658591785,0.3872435088786273,2.389755681276049
2438,0.12633826749643579,0.7211521317896419,0.665856519237374,0.7305337303054137,0.3666689790432817,2.240482091269091
2439,0.42201574338429865,0.6810107547222457,0.6413546021717602,0.5977761490250841,0.4237778645977282,2.2361801406249144
2440,0.19629260428268475,0.44900709403275807,0.5520306251088213,0.6832908331300886,0.5903905484852692,2.3559789244211173
2441,0.4218881293087313,0.4126490221970904,0.4716604227452963,0.6038000440459561,0.6671774164344622,2.366202658687211
2442,0.19748477086949198,0.6842438331518531,0.5446267409033875,0.6952504867250675,0.2777113652941732,2.435124826035754
2443,0.28026286888486834,0.7092062389885134,0.5063938788301002,0.6754683392671612,0.20935643445322957,2.44493827520016
2444,0.4451783441415776,0.6875649803054132,0.24068017862102695,0.5493731187325208,0.39332913529328184,2.459862649764882
2445,0.4572779284470904,0.7508433200078509,0.17474525689846152,0.4451743173093011,0.41819728022709857,2.415811898241584
2446,0.36302046115509745,0.4549936657815451,0.6789799154550861,0.2790262167478972,0.6022196099843043,2.458303837983091
2447,0.3999228385052498,0.3934287427315563,0.5872151636272678,0.16082774127337401,0.6961793037733744,2.371845313065689
2448,0.5188045581258063,0.2439295327950648,0.5423267882355172,0.7617994422875376,0.6555918412037993,2.304515118493118
2449,0.43493340492240384,0.23721244550824616,0.4813175519889086,0.5917511374694976,0.654981156968036,2.304733925748541
2450,0.5867625363422319,0.30440807788551133,0.5363179059888352,0.6172146042609206,0.2740029994776685,2.197843982895144
2451,0.5473425613465148,0.2703982002089008,0.503883026135833,0.4027307545046066,0.21265575615848872,2.15455751740938
2452,0.3709277638404491,0.28873102372038917,0.3389950047440098,0.5829502543740229,0.43797131728753724,2.335226373672404
2453,0.4468293979151242,0.26537470105751837,0.4121781112464359,0.48381005329474325,0.3668578961959505,2.3801128765885924
2454,0.22448996102451405,0.6032828427923901,0.49504815838251526,0.6372260708564687,0.5368863944767768,2.216246309583813
2455,0.26478111622984646,0.5702919942548548,0.5153059648110841,0.45255372567022545,0.4397481016711903,2.241461225452587
2456,0.3314453802228155,0.7284032268670656,0.5508946182321262,0.31754753568931504,0.3257061074163377,2.3046758148501545
2457,0.47142215855662634,0.7525535902245989,0.4696885290300833,0.23521581604716954,0.2233198907772617,2.3121582369864098
2458,0.17140527330687477,0.37712313799183134,0.23832093079724276,0.5156591201034726,0.7474728148283906,2.2173680706170664
2459,0.3183073775677934,0.4194574948423054,0.206639091138508,0.5345429263579303,0.5774915879395631,2.2651351171656944
2460,0.21187562269320262,0.24315919002426586,0.4035438348057348,0.2779005643279953,0.5555046071334065,2.3782740899199046
2461,0.31667933350007543,0.2639126431493533,0.3433534647022648,0.19343464203939367,0.3135772077602777,2.3258466476321935
2462,0.5102530715964414,0.6457097235157734,0.2810728247300948,0.5890985712917468,0.2278833184843775,2.317709765907846
2463,0.7068262712612423,0.5734448654465206,0.18079799321018722,0.47180882444716365,0.2071606688283173,2.2570006606893145
2464,0.5927315236333338,0.6530576401896367,0.5362699463788022,0.6467713657294515,0.48240637717621787,2.228073002567793
2465,0.5019520761881018,0.6684678030335761,0.4854863955865611,0.37728028157628585,0.2566620221316237,2.264148752981308
2466,0.629326201340449,0.4536980003698136,0.41136606876730825,0.3898026707868941,0.3583682655160953,2.276223725996684
2467,0.6871943082781535,0.4018798658817988,0.31662060210646836,0.28245689747984637,0.29017716647798997,2.220233601475315
2468,0.5234105989075237,0.698999796309053,0.692598980349116,0.07921916073284249,0.35076206395800913,2.2855491648023434
2469,0.506806667892469,0.7400732613161854,0.5930891908075915,0.12072209688365529,0.17734144920776096,2.3395608538256423
2470,0.37255775909644173,0.6408324717095438,0.22808384207418103,0.05690814780630504,0.5772361566199887,2.286275157468606
2471,0.4771902726539575,0.5867788010967632,0.1762893377872159,0.09454167217960938,0.5028191618426271,2.304684296831386
2472,0.24830021968567514,0.4487143394410981,0.6931695444810596,0.6691675938152939,0.4515276019758854,2.304926666565046
2473,0.28651752720226503,0.4047763246648029,0.6167678195508092,0.5485407059538727,0.3335767860375376,2.3187986478280687
2474,0.21682822025153714,0.0975077805753208,0.5222143157858272,0.38016973550663774,0.443874692788107,2.3506918615728947
2475,0.3267794915127771,0.1296319607851109,0.48579432037783754,0.35879461220387304,0.6335567653419837,2.2789728996125347
2476,0.36560678405719643,0.23776453379602958,0.712456349103399,0.12126702289336082,0.6114544761053287,2.25860395802127
2477,0.3474491169045277,0.20691746444109788,0.5537250369079187,0.095080067396357,0.4457604689676414,2.262830292022087
2478,0.3265864010923055,0.39382554892054744,0.5163688480152039,0.50398575803001,0.28948460569716356,2.1593982805970846
2479,0.46326192851238224,0.4362773118253207,0.5510640674616488,0.3305694629830911,0.1855410324250784,2.1646705338395575
2480,0.42463779896407483,0.5435053971969157,0.5362782819245083,0.2335629575208743,0.36419781813615487,2.318301196378803
2481,0.38537873448373394,0.5801508313457983,0.46848420323373413,0.2068846530508823,0.42356122268891994,2.3276061971621282
2482,0.4843457981152822,0.6078965309017794,0.4330461058712749,0.2552906046309071,0.38138740477005595,2.3042740007398006
2483,0.659179134727595,0.6192174259008879,0.3292320191503182,0.15640540655452193,0.37621559361941853,2.303782177707117
2484,0.4199101898501544,0.24908946661731404,0.6350683844444891,0.6782224420916623,0.5826287939371365,2.192992030597085
2485,0.6495601634096289,0.22334782969174116,0.6107769390885927,0.5883978781336552,0.47932884074675763,2.1212447801182788
2486,0.5482902825556617,0.5578696975321146,0.21955369594352417,0.7269862072814719,0.7432558761750784,2.3252469493383443
2487,0.5523860024807378,0.5820441761402912,0.19636989023316428,0.5528416864988622,0.7776172508268558,2.2755980967095444
2488,0.39855182734141364,0.5658338591355119,0.3580575768627827,0.5258595170395687,0.7247877235375374,2.275059284166016
2489,0.4286166875870579,0.5312050971230581,0.3454520591267711,0.4099258930403586,0.5546156960305797,2.2953298702993465
2490,0.483174971927183,0.7243478979370634,0.22219298637701912,0.5612306041956288,0.6625691535732161,2.2397066728541164
2491,0.6034302634051707,0.687020742513742,0.22331828919295435,0.501667239815367,0.4279306575991896,2.275376446879372
2492,0.19713063448801713,0.5467979849407762,0.5352987304142327,0.6025122968531504,0.46488843871860625,2.2762529846143176
2493,0.27365602537427164,0.521687673441741,0.4692213172875374,0.4814248744776684,0.33261912769837676,2.2964678960871305
2494,0.5057731110287966,0.5975310721623032,0.264832764058088,0.3678888136533146,0.4178380682014467,2.2364338349145547
2495,0.6083283028377009,0.5332853401591319,0.21323314395444262,0.33542335547952495,0.36648673911909707,2.2225380880048546
2496,0.4711154290127769,0.6155593094967576,0.2667311844967573,0.18428901790995034,0.28399980510097284,2.16868333939757
2497,0.7672886303098713,0.6445479320813134,0.19088258567629154,0.20543697643178746,0.16114899854182013,2.0778580189762064
2498,0.4058252439066324,0.819993532533898,0.5580839819157681,0.4389774880091377,0.13148749725792472,2.4073946920263705
2499,0.6497772226452171,0.6915070307059046,0.4864412790737862,0.29786031537248825,0.04142313524975359,2.350973708935354
2500,0.20075782296739295,0.30203388501035067,0.5771989578036302,0.5085829672265285,0.630732866469249,2.3546808904943313
2501,0.2940124471621282,0.261169301118527,0.5081932555928023,0.47013908067111737,0.35482595358195645,2.3481386886750775
2502,0.38093596174254823,0.09932557644926872,0.6472439349973275,0.35627682237976727,0.6008467940677206,2.3556128997213546
2503,0.46095633643802825,0.12547986699158284,0.6301875908555772,0.322148433104042,0.5201735503785541,2.3825749240293663
2504,0.3991730801923108,0.4721197272588162,0.1843877119819508,0.47101680266358986,0.24089788033163503,2.424988664454121
2505,0.46406485752515725,0.48662845919652037,0.18918732823373408,0.35270760935315043,0.28097530392572184,2.4519853726279104
2506,0.1981527990728945,0.7250079859417409,0.434767565198377,0.6253489143017739,0.5434080228280687,2.3438069266408603
2507,0.3028567669958663,0.7158052997258118,0.3363762877784754,0.5883653486245929,0.5059373601584154,2.3210363273196495
2508,0.17915291745719106,0.6525644974538,0.35122219213519007,0.4706835893540422,0.40463182533948394,2.1943613724538
2509,0.2821204242687698,0.6052824722536418,0.33442837386827895,0.4626779989335707,0.3582993828341347,2.164679083543603
2510,0.3411573384834863,0.31018606139004257,0.5606464037255634,0.3988602261923843,0.5691271350974064,2.382508613030902
2511,0.45026043924094,0.2913621817766189,0.4370248480587313,0.37215121894587727,0.46588682666690767,2.3812150342530716
2512,0.4214440517277416,0.4335598220750727,0.21741297349400945,0.762651311999432,0.4968606077210323,2.2616185897893204
2513,0.421137885946199,0.37691288044045457,0.1987667432101873,0.5917388318244294,0.3460592015798519,2.257300994885833
2514,0.38856308637256143,0.6497340000652937,0.21979418221172217,0.732059888122415,0.6687375589093071,2.3519675740118853
2515,0.40940454049878894,0.58084595282022,0.2092131871082517,0.5430869687280634,0.43522936268267887,2.3211982866469265
2516,0.11120968112370111,0.09932599377604887,0.062408107612212965,0.6961929291215968,0.5229791765755695,2.2662918439458775
2517,0.37768925796471803,0.10244758743899325,0.05590934253122312,0.6267326484374582,0.24521476503728906,2.2505118327383387
2518,0.37559044938187225,0.5146854111681206,0.685977045351616,0.539984639819825,0.2710758836611635,2.3726467192068688
2519,0.4435767161167438,0.41606372005566145,0.6466473611593804,0.497661799703873,0.21413985367329497,2.363573869146036
2520,0.3227119136706206,0.7735156883268557,0.5379667376828541,0.5861361401243447,0.5596872115249089,2.3553880467225663
2521,0.4234439630701464,0.7437829468358448,0.5180090512924636,0.47366283804838233,0.5154343458173986,2.359573019629124
2522,0.16327714445501304,0.4039113933669924,0.5110890938805855,0.38163832420776056,0.44693832198819194,2.3569544381092165
2523,0.3532803388317085,0.44591462354182043,0.48737195760775487,0.35191301588608165,0.27313513590249605,2.358703565459544
2524,0.6983139127567114,0.4662123926487835,0.6951809835478863,0.20431459490331427,0.7381909482066211,2.2667427232110784
2525,0.7250892419915832,0.46763560441326824,0.5992191673267825,0.24441412582685562,0.6284996421266245,2.2400914662690914
2526,0.6614914607633471,0.4162476970097807,0.2515459533643178,0.4459716179054923,0.24525793088429837,2.3079514386315507
2527,0.7336423301052554,0.431346753873628,0.19314806863672462,0.3430797497170713,0.23072974201334684,2.264366443702016
2528,0.5802696815589796,0.6405659190024287,0.30214822334166236,0.6070860790170597,0.4586515680273354,2.3122405985810657
2529,0.5316152467791186,0.5445529290127774,0.21394787978753732,0.5394748150026768,0.2940438034035624,2.3542611423223248
2530,0.7251287873431971,0.402587022110035,0.3802711367077608,0.4413842103933606,0.7572758418131887,2.3455050943809814
2531,0.6790262167478976,0.385623461742548,0.3456566205387507,0.31241707464303914,0.5069775832606727,2.364997148633333
2532,0.1930335948597866,0.7905038489945798,0.37471362976577355,0.5685393141319451,0.9806813650765341,2.350579745321112
2533,0.3592750429577609,0.7808877989640751,0.29375756861496105,0.4178401658252474,0.6351795305970847,2.308812343097086
2534,0.6238294337132566,0.7240793263188597,0.24055416612976727,0.5354519258791239,0.49037825383010014,2.356510574686568
2535,0.5987013455779959,0.6964086009312177,0.20621934296650146,0.433835138644574,0.26683279985622027,2.4000451737681994
2536,0.39332788331294083,0.5025577525025019,0.10582065331204908,0.4145851832346255,0.4377465997343776,2.338388978825643
2537,0.4271623337394787,0.5197768119123765,0.05255038705598339,0.28323335371682307,0.5486367716094648,2.3093957089135904
2538,0.4553977806841402,0.7838212424050978,0.3783397694332491,0.5289488520847049,0.36303699680088236,2.3664055507920674
2539,0.6277894858982133,0.768992155575321,0.3454266918957871,0.4855277566808225,0.15763699403721576,2.421676901658166
2540,0.5748353335436032,0.5915604832868939,0.6410760147108302,0.5612267805317933,0.6520632223406975,2.4069344961263766
2541,0.6213542569637535,0.5669992710653672,0.6601313678186119,0.4224783077993476,0.3624211014753149,2.3693765206736166
2542,0.5549309752784751,0.10501146439757013,0.4740615167129348,0.5826374113639963,0.3545116444332489,2.2544825212612425
2543,0.7512320615423901,0.1047806333782326,0.48423285819983863,0.46751452113065883,0.3771067268017739,2.3749492545481337
2544,0.7640604133661008,0.44624381001909147,0.7456448109331758,0.6676710442198923,0.6159079529072755,2.4407354469446636
2545,0.8754264821334071,0.43336006541601624,0.6281763549571906,0.670019880853969,0.5858828631614853,2.432336998454765
2546,0.4044653541303371,0.6002598077558198,0.38168030579724266,0.6365875154290394,0.43318268697766854,2.336706997127341
2547,0.6609655743601084,0.5694777974190122,0.3633036959435245,0.6397333707781537,0.3698702948945739,2.324179058212862
2548,0.48401475015234935,0.8754502697598826,0.5145841454126252,0.4103986764665744,0.44739087056051474,2.3047416407990258
2549,0.4457852724363184,0.8486191761618797,0.4868202866467519,0.335559248367884,0.327083581650318,2.264171548528796
2550,0.5028865216529927,0.26723232416423276,0.5354356611245933,0.3662948896890663,0.6370737100451378,2.333060983199838
2551,0.5912300448292823,0.272505975822573,0.5061102157249936,0.3728322410123822,0.4511740970795304,2.3052900408686
2552,0.33371190100524967,0.3402787141146393,0.2218266907860028,0.6578970836741869,0.3087235861550972,2.2601739699033137
2553,0.4863165185628675,0.23040076969441584,0.20034731271746636,0.5509673135880229,0.09184051490670585,2.244172590746757
2554,0.2722463712351955,0.7184211631266978,0.4929987078255693,0.47193087782896076,0.1446753997213544,2.2433818886663373
2555,0.48347808097563677,0.7526557583564688,0.4624242259312176,0.3252952585523438,0.049242098319898495,2.1644914183712762
2556,0.43445632377265747,0.5386621410384292,0.4521300073988566,0.5989045762969212,0.33982595138397653,2.373573100017309
2557,0.4164721326817873,0.5601642359417413,0.2989703345229794,0.4606446666956291,0.34596981315274467,2.3336950157554988
2558,0.42735555960557714,0.7444777974190123,0.4822487942851844,0.3919911386881016,0.36417189813276357,2.3709702304795246
2559,0.4499100588004873,0.7653334863987833,0.467716995908737,0.3227322162473273,0.304974344293925,2.4043364203516164
2560,0.3343880615859178,0.8036028590703949,0.709472024764882,0.6831565528159368,0.32792404809351855,2.313399197836809
2561,0.49509633215088805,0.7289121493078398,0.653452788061406,0.6149887343749143,0.15002453257742582,2.2823090595402853
2562,0.2578610801052556,0.5190599217225674,0.3863240194550126,0.269058049247006,0.4892549589353536,2.312683909231308
2563,0.4524292360505605,0.46195861577297914,0.3363840705517739,0.220144844533328,0.4683086972709476,2.3210978445550916
2564,0.2979836884574393,0.462437163061406,0.37207510626302553,0.6769969113422319,0.24307480951852134,2.2936468507790457
2565,0.4343627620777473,0.4142687197292031,0.37693678153275834,0.6246986847143965,0.2005929533425537,2.3160686492643117
2566,0.4705994797395516,0.49859388764360896,0.493068831497971,0.6156091415823517,0.5354022292391569,2.3578238922787964
2567,0.5563017832738708,0.6299028222056563,0.46619439086431763,0.6114938292784018,0.45711374704028546,2.372073922005498
2568,0.2926123805490989,0.3900037471491048,0.5562783452513618,0.6884367242773355,0.521031736725067,2.295614289345302
2569,0.4707634579779167,0.3674104018105145,0.5145163792653784,0.5255606379918314,0.5221515685498442,2.304540767605255
2570,0.25296276978147136,0.6789703956518531,0.5341232349188374,0.5062284454429542,0.7570359760402124,2.31309308878818
2571,0.512602720904279,0.6644775898546122,0.4751523608113329,0.5227877554622186,0.6010488405291183,2.2957143141103566
2572,0.4788396571203836,0.7184215804534779,0.39531478980234386,0.3483229475103509,0.26316190374732756,2.1834452128525075
2573,0.6185188193766977,0.7549377879525865,0.32962479850703286,0.32263198831383244,0.14977159422863295,2.2133647171394735
2574,0.3510662895411769,0.735667326797491,0.3575223738247507,0.432473793719498,0.763388696944489,2.2362473539997536
2575,0.457199729130337,0.7027427105457079,0.31858144215695383,0.3599393152201406,0.5104090419132681,2.176565759901531
2576,0.40883159686189136,0.2936328758268557,0.2176225995602664,0.6051462407512154,0.22646282483891425,2.195531160819898
2577,0.3991971277201408,0.24427052887791081,0.20158613020105157,0.4326504729499116,0.163509847949912,2.188978672266665
2578,0.3188027533730584,0.3453506579256484,0.5358583983068748,0.1165567273458715,0.7906240189109154,2.263119087504285
2579,0.4471211824075971,0.3433396251957024,0.47887566068931475,0.09401147706294101,0.5413510603890777,2.2967043555230524
2580,0.35539298692111704,0.5178934042478972,0.4064191673483713,0.40755420412587934,0.47609534499037026,2.4358122434495897
2581,0.4447221750738594,0.508129166673865,0.30020559923398277,0.3448545939023496,0.29015151736585254,2.3585060986028283
2582,0.5581580189546177,0.4194581940502389,0.37953249978236325,0.2979983516276625,0.422605854152101,2.2949406327253143
2583,0.5896694173048437,0.4033461647805798,0.36981128161981364,0.22934573698640873,0.3288126883050917,2.315813499825891
2584,0.3343884111898845,0.24979745749911061,0.5606067119384233,0.4116898299964357,0.5662881557276684,2.256304005353399
2585,0.5037367897805799,0.28020816432353757,0.4724468948249996,0.33436742039514383,0.4791300541868883,2.24151022288462
2586,0.25302268543260575,0.28540709072499354,0.5250250853498327,0.5668925800617277,0.418089754569898,2.27883444603058
2587,0.24677761464125575,0.2377001062630255,0.4614546225408553,0.6031081037603508,0.3035671941155306,2.327024015603151
2588,0.21152030205420036,0.8051168356980555,0.5582332182711963,0.3025148685366459,0.5054973771325156,2.3377259585436034
2589,0.26902246300485505,0.6387401261968422,0.4764441238465151,0.18684309318414039,0.3402433420308281,2.238736719859786
2590,0.20999791116812083,0.591874781445702,0.3351870992120436,0.4287406811672293,0.47753245299433106,2.2090440764927965
2591,0.3136399659861607,0.5392851309192608,0.35966880340356283,0.3842161761185273,0.38777670399547115,2.2059577194680355
2592,0.3190488680578398,0.4835596189066324,0.37903455229360317,0.6123420784949013,0.7017494659643968,2.2891972653637476
2593,0.4365118987856809,0.4225111869123763,0.3683192658860818,0.5943477471055771,0.5186306537473275,2.28273555266359
2594,0.868479059866744,0.6055944806101079,0.7847543571769346,0.5645461906554191,0.5269257388579303,2.3444094675094593
2595,0.7594204556493533,0.5356304885749993,0.790095222210114,0.446972442091662,0.4648680684190854,2.270601227759387
2596,0.2936816700904488,0.5318598495822052,0.7007862469314656,0.41851881937669755,0.6506286073075179,2.3243259937760485
2597,0.2842320235462777,0.5436814559321088,0.6570145679186906,0.30697751553785896,0.7160344614380281,2.313934671766094
2598,0.20038603440541905,0.5600920933582519,0.5073165604324309,0.18040855246771445,0.46140916689150435,2.401931502720141
2599,0.29105482074764905,0.5390083482110785,0.5175565814328541,0.19641006706989833,0.3164026295046066,2.4027353450991895
2600,0.21071201551609542,0.378840288605504,0.41460555353414597,0.4119378281466787,0.3308989203516162,2.2878784548005604
2601,0.3328387018845466,0.39492819163462006,0.3437945422830795,0.3550842384661796,0.38844812754602964,2.2865278816590586
2602,0.5874550971230583,0.28279518643357066,0.27051197477790506,0.5595904576512831,0.4551084214396362,2.257909874368849
2603,0.4729708977627771,0.2728409261620549,0.21296179748430405,0.5408976771631946,0.3549453675574449,2.183108728651531
2604,0.3550947283686007,0.24667307799433102,0.395469654574356,0.41213133589393064,0.4539446898068017,2.2086041044567954
2605,0.7134872665607629,0.2881763637491105,0.3563502169435976,0.31223594026366897,0.3516823880351844,2.1776679175660094
2606,0.2036960601714387,0.0824871371865666,0.7119923972623821,0.6971470456780746,0.7732959109722455,2.2781175558407707
2607,0.3057225797352689,0.10757110036553066,0.5595274852670602,0.7301242688673872,0.5300799974755638,2.2945862254525866
2608,0.21250207564400367,0.7502003094314661,0.35659752687580626,0.5329329517974911,0.500874518823859,2.2445418076252364
2609,0.20247275150153696,0.914426990838271,0.3734771807972428,0.45635731149886205,0.5116622406859236,2.251913015886082
2610,0.17139366686974025,0.7649875611072869,0.5799412620124555,0.393915005070468,0.6575207722404431,2.2771798504743517
2611,0.3180752945681151,0.7145515371908495,0.6552060099668229,0.3452219273153671,0.6225563716704741,2.204706607329283
2612,0.5210132608809072,0.37341734385882164,0.6854609606327635,0.23903413276884322,0.46643280148851357,2.331092495821681
2613,0.5406899803054135,0.4562520079211907,0.6277238741076819,0.2285357811411826,0.25402822466908553,2.3124171423658524
2614,0.5537123249259701,0.2683337258878647,0.3869157318071235,0.2400822173571119,0.5508164866381863,2.2805326924834133
2615,0.5203504437673084,0.22767556489368224,0.3153410550137421,0.24988093562848085,0.4014997985070329,2.2651185028071974
2616,0.44375027089125607,0.8037314432451496,0.5194435986028292,0.4749204022673816,0.7272079358243562,2.241727845882515
2617,0.5953031833652094,0.7162955888970003,0.4641176108982136,0.5682555375610112,0.5086228621821092,2.195642374695308
2618,0.2064905539910131,0.6861382267582461,0.2591708559148029,0.3738837996605203,0.7258009101016891,2.2075568545220876
2619,0.4525178575469211,0.6997622885837405,0.21465642344174132,0.30955438635953847,0.5674809537995961,2.1874549506875316
2620,0.1779765305753209,0.5849266599711054,0.5646602471055772,0.3563395238727367,0.6759193539779896,2.394857921526692
2621,0.24509048957596383,0.5201800921614118,0.4467569734504819,0.35358018797863305,0.5629096646064686,2.318929950121845
2622,0.4591422855152034,0.43370760328171964,0.08468665875250202,0.2683509607415832,0.4680007834695709,2.2104031316155313
2623,0.5921100676139958,0.42762120993631864,0.059251412756711114,0.205956817091662,0.3152485531206317,2.2214747764840554
2624,0.5443769489902966,0.274296317831635,0.6045286761185271,0.30111251212127504,0.7450732657121455,2.326180763318115
2625,0.574029889580247,0.2511168885575181,0.6359506970315446,0.25789228991116353,0.5828202717834015,2.324500180035681
2626,0.45707412297595856,0.39124367017750444,0.363196519890291,0.34506470501819997,0.5280236555317931,2.2263733686889933
2627,0.5979134970622241,0.40414242755477015,0.31965711605573516,0.2619287256702254,0.2594052287168232,2.27516131685226
2628,0.6095546682406912,0.6121783254047758,0.4985125638709538,0.3928563518670656,0.1091832970054981,2.1974491169045276
2629,0.6954600560584094,0.5978676808190068,0.5097967560931971,0.3183963486681208,0.058105322314475516,2.242525292914233
2630,0.36998122688882934,0.42849970984943814,0.5572343452733008,0.5493818825949066,0.3563211724843043,2.306131003351294
2631,0.3727939366512098,0.39307445991455453,0.45379781097652844,0.4191851672830797,0.37689563459683656,2.3156433403985353
2632,0.5534854640059946,0.5700431614510515,0.25428428747378024,0.32825886298737356,0.4375733268410189,2.2561192504786334
2633,0.808587411385585,0.5594827288256428,0.21902857647103252,0.17250048285161615,0.561481377197807,2.341581891408416
2634,0.259146391060193,0.721817024547243,0.5234819745602661,0.5506737920656154,0.12259216108106522,2.2774274312978138
2635,0.2891055194114849,0.7563677446683688,0.43123595732499953,0.4352610575381806,0.045011252437210186,2.334851528377341
2636,0.7623581400809915,0.6128932644063105,0.3551263555012887,0.6744340044828426,0.48242047658413456,2.360998036146357
2637,0.5874365315762858,0.6248875341442521,0.33918475655023894,0.5875027071291239,0.43664353969352426,2.373557669916337
2638,0.5430765575383556,0.5987980884617219,0.3825088161993418,0.5392242341790396,0.1448792619253999,2.2895007350060683
2639,0.5060256210609095,0.5571489269455556,0.3640714670308279,0.37027544761917014,0.07893856535072426,2.2161611621473214
2640,0.3854233554795249,0.5196724107110788,0.49299557237976765,0.3987953813325998,0.43395857945233807,2.343966371017556
2641,0.5977669001131045,0.6243841046744351,0.4630051664997541,0.3196624735810654,0.3391285291173141,2.4115939784991833
2642,0.26803693347402857,0.5273029526680475,0.3992160996037941,0.6190354568679571,0.43878426214303917,2.1857785296830006
2643,0.2928662212742655,0.5628559301443254,0.33126806950728105,0.666504041695629,0.2840355945115641,2.2161004905553403
2644,0.5955213591355117,0.5696535742730525,0.6365326076992686,0.5517041567505722,0.4446709555622976,2.222736592683571
2645,0.8071584467487892,0.5657205696161005,0.6568897286950589,0.5026799413299252,0.5908904361724036,2.288284374455904
2646,0.4081053900372889,0.4441675151025808,0.500715627219571,0.4592327117643121,0.3771950664169809,2.360394717357112
2647,0.34685025326423874,0.4249674027681264,0.5137091982720874,0.3607362094794513,0.3332040273763762,2.3071927810105994
2648,0.584232362160345,0.4159885774719973,0.5340664657034048,0.452913558191098,0.3182273057754789,2.3153951390798517
2649,0.6623179632442581,0.40594973352629726,0.563663314306057,0.35817462232321645,0.20642355477451413,2.2938110889187633
2650,0.42265944217871787,0.24370252543956303,0.3683058437062992,0.49167188934084377,0.3890654212874639,2.3529638753262856
2651,0.4312450598014521,0.2497569987812229,0.3785721343140809,0.49390194348455246,0.3141910054620439,2.355658016756638
2652,0.46473427315452737,0.30657319746682293,0.5065780699425595,0.6554691563368829,0.7472432357893936,2.281283567331065
2653,0.6770466757050128,0.27265117435582537,0.47764484013736797,0.5759988052750841,0.5590165549050975,2.314282897849832
2654,0.3689197988334917,0.5814378793306705,0.6668309273806589,0.6647899478150454,0.9027325592573541,2.3655313705822785
2655,0.5433346959870519,0.5349446617555714,0.630258210567472,0.5718837528724883,0.7387411750087429,2.333871142213505
2656,0.3554760477237069,0.7658138494298574,0.545209689393112,0.5820244263359913,0.6062369274241868,2.31956738901456
2657,0.4145511875868828,0.6875504525808169,0.46977236775332015,0.4844892028856869,0.41390457849490137,2.2742665631745083
2658,0.5597420625217658,0.37832322279756453,0.5521191788823686,0.43467623657289456,0.9970289623956405,2.329656910689315
2659,0.8330428349798464,0.39879900182799566,0.4909818325206995,0.35563173615938015,0.6432402996385813,2.3201203796787175
2660,0.38128759416334157,0.5610519060541269,0.511439891647818,0.5634776680448165,0.28972878018357057,2.318619250478633
2661,0.5110719267496802,0.6021726881962721,0.4907749135835646,0.47152774401545194,0.25956530457863863,2.290193295786894
2662,0.42332483097581197,0.6023288049486255,0.5353014375433552,0.394217211742548,0.09919921435404205,2.3235934703168284
2663,0.3311141748344563,0.5648285907902852,0.5137819046178836,0.40574844300574653,0.09835637939578695,2.3383308002044423
2664,0.37420415455259204,0.25050204204385174,0.7247373954124497,0.5413407736550977,0.398682013100476,2.289094465746758
2665,0.46107879615670544,0.2798244197204627,0.6044300497693399,0.4420584875085678,0.3501581246735433,2.3210467604891565
2666,0.49286289364992325,0.7602278398110842,0.4963940054838075,0.23607789378033142,0.3543518504525862,2.3293305100538784
2667,0.6014686564239383,0.6635140212177145,0.5186360112726576,0.23040966900242868,0.43120954128211486,2.263607786081065
2668,0.45336139171311013,0.6223839224407764,0.2329360085305799,0.4214092324163376,0.608046590920869,2.291394497127341
2669,0.3144706307449745,0.5245265173658523,0.19621482229271184,0.34159182853842907,0.4688263835741079,2.3122568633355964
2670,0.49872816795776104,0.6453176433669918,0.37972425950978067,0.42593715259401504,0.25798946111156984,2.2931272920003245
2671,0.5885018620081727,0.5418541402549282,0.32834866874126145,0.3097136952906071,0.1741814157380167,2.3243492743731315
2672,0.6471977801400425,0.24480586736156948,0.6279661651286272,0.594744135967788,0.5093517761358333,2.3541844768670654
2673,0.9483116229543698,0.26076087750250165,0.6577622505876277,0.4768583223146505,0.4728405088352747,2.3550898668827642
2674,0.7084382647327694,0.5600323131527443,0.34399826904149866,0.6235240348624612,0.5918166138144026,2.3018175817156097
2675,0.8557732464744237,0.5188413286254845,0.3527782290650458,0.3667261088525806,0.4718646345533086,2.2897822327645603
2676,0.2641693264492682,0.5949142276723303,0.5610962561586638,0.5929487293044486,0.4996507251043641,2.2835199271194924
2677,0.6386737474755634,0.6117425156466786,0.4953151284164105,0.4903116609504819,0.3133324017887505,2.2964181317243497
2678,0.41485889821981903,0.6063618343706317,0.6355707760923054,0.6996877097623821,0.7091901096796093,2.334084388775157
2679,0.42766813172435025,0.5190145337960298,0.5942610767974911,0.550868191199342,0.5914321700033933,2.27939508402241
2680,0.5711773635749995,0.6028766522457926,0.24531298504959564,0.40909419045954387,0.7252685716182056,2.2573809989553344
2681,0.583080372410272,0.5725656773153673,0.1840841068940041,0.4081562032119701,0.5702696050442462,2.3337335232851104
2682,0.21595973618114417,0.11851158937580641,0.5407923625956234,0.4557047133964303,0.7648949805014637,2.3700133390711122
2683,0.3585291760314717,0.10853654147799009,0.48700108241205514,0.32319763422702513,0.5191449904463452,2.37725262454296
2684,0.28391395845654743,0.5419958647283115,0.5168020073770926,0.4242774813936091,0.5096208437935302,2.193175454778797
2685,0.4774886666521011,0.5137632713482981,0.5041319376523495,0.27696201331811526,0.47072632688437166,2.2121811002567116
2686,0.37406966008010034,0.7115169634399576,0.5386854216355117,0.5386244681623769,0.5118642871473215,2.287845372519091
2687,0.4197642243861552,0.7041777429056678,0.4302748926487833,0.43123782980056063,0.34277955096617974,2.3702244312760485
2688,0.6364391924398848,0.46322230444805557,0.662429729892074,0.4093113284078454,0.6037554120602663,2.264794809300882
2689,0.6909408997431176,0.35845216097224564,0.6120725257876104,0.3324546754003183,0.5054016043479763,2.19483714489029
2690,0.5251978054707841,0.7543989754090589,0.35895295103575425,0.5383045983198979,0.22738837099579273,2.313338097928149
2691,0.7353763769585789,0.7010726848885078,0.3382981352497541,0.42713105621075736,0.33797193778275814,2.292887426227346
2692,0.4046594823728099,0.6876668098232163,0.6320358405945851,0.403775150874666,0.6755118437282386,2.360236039911164
2693,0.37174710404328176,0.6681817824033143,0.6117980438716706,0.4183062043001659,0.4783360812150399,2.4362837748954655
2694,0.6860677424919781,0.624534029247897,0.5507836862378706,0.17850679341480286,0.4253156965746778,2.3139646295916623
2695,0.8881131881964474,0.5516698114988624,0.4646819261183521,0.25088640714214755,0.3555073142625287,2.3183462347013726
2696,0.4609254762360872,0.38478807094352424,0.556901199686567,0.567292939023301,0.5620320103368095,2.332324004591663
2697,0.6406657186192439,0.4253102713265339,0.4796261182101871,0.49404789795865217,0.280061296483164,2.3421722053446588
2698,0.32044615981893354,0.5744844003307435,0.27284675774707895,0.44057383722135407,0.3334455624564742,2.326798609831956
2699,0.5085632961349413,0.5441233114335704,0.18313514469441589,0.31595793142839634,0.4009762019061358,2.312418394346193
2700,0.36410523753033136,0.7073826682624557,0.7468542800965148,0.6086615728801626,0.47647025800824594,2.362934479065045
2701,0.5490443605719296,0.7358815434583306,0.7750361390145607,0.6533192069551877,0.34194915709861984,2.4395137288691706
2702,0.40582663133259966,0.6294187819462724,0.3644374807406915,0.3790840457651304,0.29515075483106507,2.19793086736157
2703,0.4357555986898847,0.5340820989728157,0.34131525998858675,0.378040055731951,0.18216392872984638,2.165302412038502
2704,0.6907252279334971,0.5996336256962725,0.47803435959255364,0.402415475256711,0.6763573858156154,2.347234065590127
2705,0.7210893625738596,0.5775155677445795,0.570717088962292,0.2865330927488622,0.5468917388142275,2.3044709825469223
2706,0.4720060094227252,0.5351053691025076,0.48703548439667843,0.4881751117687698,0.7048333190284752,2.3760184763666707
2707,0.8464583085610844,0.5508055684190857,0.5093957766364032,0.478016075926935,0.5972008368731316,2.36809802239279
2708,0.2463217274546912,0.5487465870690068,0.3748399918609999,0.38362988901456047,0.4737249080562315,2.1553807489988617
2709,0.5336120903985349,0.5494809262708745,0.33780220667208194,0.29516882433834435,0.629072428338096,2.1496617787690906
2710,0.26020489782806866,0.4332273079734589,0.23594486544652082,0.4258506067416565,0.20851033959344525,2.1977833003132625
2711,0.3485228506049335,0.373419701383977,0.19345910689400353,0.3460504487073661,0.3069275370167383,2.2208476243253212
2712,0.6533834203298522,0.7732029130396423,0.40303838642482975,0.4482110454169076,0.6749211014753154,2.361155957651458
2713,0.6974046313543638,0.74765291138576,0.33792113559797654,0.2643022193374528,0.3844201060453864,2.31805812743721
2714,0.5706391038038785,0.24371322950032379,0.37218707607928203,0.5190944024199042,0.6652719691633415,2.2186998073205424
2715,0.45884320329902584,0.21700879086860034,0.34205918671650165,0.5297828554577607,0.41431272022977295,2.2164307148546123
2716,0.605459997127516,0.27424064317111685,0.43075893290816697,0.8316143553926443,0.5525017959608304,2.2377650188456233
2717,0.7893337000346144,0.26304596383170853,0.3676798080822782,0.6317696155116375,0.505404875239405,2.280900939262703
2718,0.7428380114685327,0.2687718931711174,0.7683664585653669,0.3853157620995114,0.5937628474275778,2.4095325609112375
2719,0.6669839764100236,0.2643814564762071,0.7581094955822786,0.3321882581388294,0.4843471288083365,2.418962829234875
2720,0.387356470773871,0.7216174710566269,0.5327818429665012,0.5051369241164222,0.40127481006261945,2.2923757856675517
2721,0.40915694868542696,0.6964364153899697,0.47909196398405585,0.30615518632475075,0.338978390385512,2.2921105526635888
2722,0.19253537647977317,0.44083998359158894,0.4126261479368885,0.47864087056051463,0.6407684505134205,2.334621949338345
2723,0.2944433167216759,0.44523999682264614,0.32349080614546516,0.4775611588395575,0.6360359909035627,2.2820468155466
2724,0.7244714064676411,0.5647294793915041,0.4971984006352634,0.5744755010227309,0.8108308089963625,2.2051352548093015
2725,0.669962875500397,0.5678165246342983,0.4945136655423166,0.38378975071803634,0.6962795994296829,2.1715634657032297
2726,0.4345173449686062,0.6431979117122185,0.25547952178357625,0.6499464687062994,0.40039729123858675,2.265147693702017
2727,0.6403806113552555,0.5844014050529869,0.18742798187224036,0.5611152280423165,0.38052031911553075,2.302390593075321
2728,0.34094611083292176,0.4254331593618913,0.34731816421471823,0.2757352305883446,0.6249664216790395,2.1532767970490263
2729,0.5100294705779956,0.3663366681101082,0.37699996807532116,0.2394995507485406,0.45986856006261917,2.1691832948075183
2730,0.2532946633878645,0.30331245101399057,0.26997087243203605,0.5271237584870523,0.6547278800051765,2.334572602302344
2731,0.2249823368296036,0.24424050332953048,0.21531944372378042,0.4671337655378591,0.3819762635575183,2.3129405248084103
2732,0.46348044289675167,0.30193497678001,0.4827090011750784,0.7351207204907648,0.19037984442450834,2.2910767139187644
2733,0.5857660318593918,0.28294233615509745,0.5222658958912558,0.5772768185063164,0.25391799188276365,2.266640690524835
2734,0.3887632713482982,0.240577525439563,0.6502693275590528,0.5478512806188488,0.6912169045306533,2.3552692642321995
2735,0.39700246764004254,0.2285694839178727,0.5950097972884288,0.4838595357763703,0.4182809725148085,2.294475361181144
2736,0.4925245937062997,0.8405887822727308,0.3557870859809862,0.3527422254961144,0.26634716900242816,2.2370104667696618
2737,0.585533531532933,0.8310444684888354,0.35535044156932816,0.39692663683834434,0.15132943591123701,2.220958759488017
2738,0.38628975291601614,0.4730656327253155,0.7264710139490937,0.5664101413866514,0.6121649819377066,2.251486736921117
2739,0.4092047728498328,0.3804378897980613,0.7564746498303486,0.4313741290258005,0.34800404776705973,2.2336985575381805
2740,0.18105871433227821,0.29158383160679036,0.38838730951852146,0.6195062323729847,0.53213480555784,2.3474245843271047
2741,0.3043819437237804,0.27054986181229757,0.31068456165120983,0.6013608488855849,0.4738509205474911,2.4072362854716753
2742,0.5070947074338185,0.3688484909035627,0.3909263720185215,0.4015216239553343,0.532128353477595,2.163108800770304
2743,0.5537750831518526,0.42727472088251545,0.3603692824033144,0.30763365542297355,0.46201566686956524,2.1593375302923903
2744,0.3066723875783171,0.5279631871082517,0.389392228259781,0.594539100496114,0.609013487182109,2.259958083935354
2745,0.4826616620602661,0.3894151702427964,0.3206363966747567,0.5856204050094592,0.48328277946553677,2.201090337069007
2746,0.4188623871430392,0.24526544276634327,0.5762490255048547,0.5175152203385923,0.49172840964482206,2.2903796412560675
2747,0.41339495684619315,0.28990824525581976,0.4913573093008822,0.4977435408033087,0.5816807908468367,2.328759653050883
2748,0.16444185717693496,0.10266771439756987,0.6664550442635957,0.4559264419393148,0.2006710062237805,2.2980790549050973
2749,0.26726089456383223,0.07901008743899307,0.6163214411775776,0.5685788027506457,0.2696436371430389,2.3414587892147183
2750,0.5606267326339769,0.567077391669407,0.07879635582774719,0.5023408287125399,0.5131371680014637,2.2800711658903636
2751,0.6867605174311441,0.5837456934845524,0.07556994363672496,0.4840665224363184,0.4963992165736115,2.3010939575644036
2752,0.4213346535949801,0.5849491846273409,0.4971438425094591,0.49230878645105164,0.29400369428964185,2.2427856644323567
2753,0.4046020029595439,0.5666538985462778,0.4884942824033144,0.4647789618731317,0.19977069185225932,2.2078409239640755
2754,0.49140033970226454,0.573591733286894,0.5489397452122919,0.42047506883260005,0.6765381028682051,2.4198734303403753
2755,0.5151751475669016,0.5877469493383444,0.4649719845707898,0.3068215452210322,0.6381201253262858,2.4155139892930335
2756,0.4210802600974067,0.2708389391756482,0.21984506310921664,0.23009626223009472,0.48022519600881625,2.2762273355021803
2757,0.37084164630477057,0.27816808713429825,0.2141881628872948,0.19445784444627243,0.3250015228715966,2.237161778769091
2758,0.3831632190545221,0.6728960370602663,0.5180180970360023,0.50801412913462,0.3733987105892358,2.309315084348868
2759,0.4335984083173983,0.7069901030640806,0.44876465657628556,0.41965733021407486,0.3309812819462722,2.3034084379568687
2760,0.5640317075208746,0.5720681471533875,0.3845158898198249,0.5501189179359971,0.5595605108156152,2.25353675124037
2761,0.8236227966572757,0.5498910869168345,0.39066655327280414,0.44488948093656666,0.47343700396050864,2.182454258073537
2762,0.0586051422787969,0.37897512169206277,0.3642299303184368,0.6826369940372156,0.5432541391451438,2.3207419034208687
2763,0.09529894237459316,0.36472343364813986,0.3393790989510518,0.504429136403066,0.5185656624520164,2.2391114974320367
2764,0.3943119576949859,0.7410863014448106,0.3723807869949745,0.7820816348580032,0.2701824496865668,2.2269862750042844
2765,0.3753623254916566,0.8520275683757328,0.3618713139797732,0.6992604497083307,0.19173764756690176,2.255006873802987
2766,0.19647950252426594,0.39436074096867957,0.5590545773851169,0.4914594884226521,0.3920974800877745,2.242739656010599
2767,0.34154727526545187,0.3973983824425594,0.4738397204472372,0.29832086087644927,0.36254079733195704,2.2258813314979697
2768,0.382678411864391,0.7058194013317086,0.6737156591442522,0.4296030407815448,0.1836906393192551,2.246929208521839
2769,0.4509580756659426,0.7277900496605202,0.590725498824751,0.3435016522457929,0.31576713081026603,2.2689668560671508
2770,0.38858025350346675,0.7406702414910132,0.075298732612213,0.3458948847274201,0.7528078372866458,2.2121502400547706
2771,0.5777386159906185,0.7193757647327692,0.09098719004602981,0.21466476997734674,0.5455894071639114,2.2418759657032306
2772,0.4049765663734533,0.6067278590703951,0.6774120011968422,0.6773835662428696,0.5925947960914137,2.280225196008816
2773,0.6005277588788025,0.5996298697552498,0.6155768939544429,0.5501006452602775,0.4785879817418314,2.2938928977410122
2774,0.7954464984330006,0.5419744566067903,0.3364150771892419,0.2587746702210324,0.4427251960088162,2.2708075829342143
2775,0.8340854375870574,0.5446936833869732,0.4665625589308956,0.19434260373858694,0.31031026912855425,2.301255770456153
2776,0.20862710317272495,0.28930305399101314,0.06872448633349167,0.3825328747170715,0.269447557712292,2.1283025816067904
2777,0.32687826429749123,0.2514773525635108,0.058540500587452624,0.31017285336860057,0.23680458565452772,2.1445489699033153
2778,0.6735909553662475,0.6141178250565534,0.5127751701339766,0.25314793099311794,0.5221756160776742,2.3645055964919046
2779,0.6165316419960409,0.555340504439315,0.4950356495690067,0.2250207089135897,0.4863812169871252,2.265790907446842
2780,0.43640033530630523,0.5079786216051824,0.5013402864075237,0.2652741235200564,0.8579630450686849,2.390603445442955
2781,0.4117883208999966,0.5534021103323519,0.45502237162677106,0.2132024979108417,0.4565996812325211,2.3750381579256485
2782,0.29412352559191063,0.3674052584435244,0.424141656228063,0.11055687985282947,0.5106523817461145,2.364640090964397
2783,0.533934250043355,0.40860764623947843,0.31735327200121516,0.06401606326156396,0.4818952893888297,2.3680288688195765
2784,0.5210580173223247,0.4606737898676356,0.2416246289387447,0.5152229717313079,0.1834595941415776,2.285330842596515
2785,0.5142313964571175,0.412168659166016,0.16855350324247492,0.4458575614553345,0.2632282147457926,2.277083931254285
2786,0.3598129531249147,0.4744212137881805,0.21805041238672493,0.4248131584913347,0.3622099415475644,2.2183561041085724
2787,0.43373227130477027,0.39108589510793024,0.2255167052140751,0.33855114132135966,0.1746484353020221,2.235574949360109
2788,0.42308558569805543,0.2766850384313927,0.35613197345048186,0.4524728869471635,0.6928847758311386,2.356316649612534
2789,0.41722370673737375,0.19588119165638415,0.35626952465606243,0.32945465006957697,0.5219041231720087,2.3549938122170713
2790,0.42862968145016034,0.4268898707346259,0.5094379613943255,0.21776203423130783,0.24197807710218586,2.3248364500783176
2791,0.6062939895106723,0.4129310727279899,0.47388720599757567,0.23100220501819968,0.22997691597741962,2.383496015037289
2792,0.4340271125303317,0.7690429010271884,0.625606499978063,0.4103049225931237,0.41937610334683634,2.2109676609940094
2793,0.5763445951209533,0.6920618938456232,0.6058948935193397,0.28197035325978076,0.34903886760097286,2.2341859364118064
2794,0.4174074128002391,0.6428293153289605,0.37045247645355134,0.34163249042475646,0.3916295691372948,2.358895607068115
2795,0.4517352878437671,0.5251590270499177,0.3671562901940944,0.3775933387446529,0.36967401229538627,2.332413810345551
2796,0.6164613041652997,0.5220787157685215,0.5406559956475699,0.555969957390291,0.6299060930970846,2.337583681297813
2797,0.7806354133876897,0.5742483582216024,0.46121447488672473,0.4733457430578398,0.6808659057929601,2.3771533667086526
2798,0.5576917663213594,0.7670596717660957,0.5889211818634995,0.5341958735418203,0.3413730212830062,2.3181575207171448
2799,0.509643007855899,0.7997378237291298,0.6121624779770249,0.4834164392844678,0.3291591096360814,2.394521865642395
2800,0.1996259106457871,0.2629392728280687,0.5729240546874581,0.41740636398833886,0.5341405484852688,2.2811768763274256
2801,0.2659142128089797,0.2811211339440945,0.6263576567068692,0.3203981324860871,0.4918191854978972,2.236724513862212
2802,0.4061006959217601,0.7337207435803489,0.35789715139700023,0.5745012855804954,0.6951044645281536,2.264934729021518
2803,0.39253120321197005,0.6797650568417355,0.3312668852497538,0.46586576814935327,0.5566952508486199,2.275077771000076
2804,0.43923236655630515,0.6799065104238653,0.5075111169915834,0.2771448170046063,0.4521664392844676,2.328585331345624
2805,0.5686400381049337,0.6596788759792027,0.5450578923440885,0.15964502676698664,0.2904698533468363,2.312986611942881
2806,0.6312343557406918,0.4431885950774256,0.36429492161374777,0.43769648576763004,0.4812417889100234,2.241606074381872
2807,0.5947173135880226,0.40418830053090177,0.3258559642669866,0.36831572410339897,0.353680077298061,2.2298983780465997
2808,0.6092949282076878,0.5367576071335818,0.7907296720925538,0.2370983890580881,0.9202194233546855,2.20438194372378
2809,0.6443354414605089,0.554519145325394,0.7276511000390722,0.21603382995290818,0.6547492204038842,2.22599171071982
2810,0.3046571248476547,0.5947957837960296,0.5208101656076086,0.36169260484837146,0.5027616934192607,2.1958759128437673
2811,0.2642144324946526,0.5951609061194189,0.4477946248692439,0.3986965518149725,0.2668902115466727,2.154563563152745
2812,0.4944392221665859,0.7183610443071232,0.39706822586610074,0.5666375660689338,0.6255479150199827,2.214197333086561
2813,0.6066335981675509,0.6610055370385021,0.3183182170741812,0.4545434747343774,0.3642409162603506,2.217850588004855
2814,0.37306160589303894,0.5612811354891569,0.5405837066285544,0.5993326032817201,0.4784262365728946,2.2564733191372945
2815,0.3963689201339768,0.4544098149154464,0.4553113135444947,0.3954602592268499,0.21800926545080349,2.271997324273053
2816,0.3664225147545332,0.7582666501566323,0.2668075003480498,0.5609853808973218,0.5882918076252359,2.383757638535754
2817,0.4391142045611575,0.696003109592554,0.16528288738244223,0.4324703196596287,0.3615959296874584,2.3790501965529134
2818,0.1945103269280746,0.5309414657034045,0.0564528811149608,0.3739293907554981,0.4818681064151977,2.375876052685354
2819,0.285449489641256,0.559162577102011,0.039743725234947305,0.3333408793740233,0.5748782284993591,2.4167024109287167
2820,0.2123827403812285,0.36860605344709035,0.07403142344174127,0.6868750589308958,0.8580414475538785,2.356182369298383
2821,0.3005043318461933,0.4752449304272561,0.04992138335646841,0.5232267573990317,0.6174562070638326,2.345697417870705
2822,0.367793029878876,0.3330046093313867,0.35893210667653996,0.5788876844532298,0.394761381811406,2.2120525838047707
2823,0.4645310424356019,0.23575643334344543,0.34305610852612217,0.4565567295438515,0.3589576093531508,2.254796965855577
2824,0.21233623591997727,0.08856795884829813,0.5657194530813865,0.4690148156771831,0.4432329451819621,2.3061966828646394
2825,0.22700761540299272,0.11777447532200318,0.4090998188761276,0.3013340265058196,0.2616236544435977,2.3525473303228948
2826,0.42423543208131353,0.24081029665727538,0.37450226666958225,0.6658659145848796,0.11382075076156369,2.2715857762011242
2827,0.33554081826673837,0.24274396472402882,0.3601326765318663,0.5304984149545161,0.0570181774241865,2.3177430623476547
2828,0.5054629751478918,0.5956453637055827,0.21551100028275802,0.3792425200426384,0.5196121564458772,2.143910899525479
2829,0.575647240577104,0.5516154565414985,0.20003051059797644,0.32107824118631845,0.4322308602235324,2.111893692200481
2830,0.32529289003728934,0.7023929615903757,0.42057606369684214,0.5688694707084041,0.36365727955259247,2.2884162972449014
2831,0.3907115348624612,0.6157742930883445,0.3053876293957867,0.4524632316983034,0.32649444098170277,2.3761168208347043
2832,0.25100276438454655,0.263002245212292,0.535201074164233,0.6397458118688485,0.5433434488595382,2.2562946887186057
2833,0.25558857031237076,0.2527258930187696,0.49215851227362256,0.5825818721491047,0.4542931190589797,2.1984591790127768
2834,0.4894912042129351,0.5748374879003182,0.38284307832079006,0.5377552848840502,0.8110210348622863,2.3128432181623766
2835,0.6219506953560738,0.6016490348624615,0.3104764584565474,0.49371524841141173,0.5223584874869789,2.274114901571111
2836,0.19963439262701918,0.6631792063238591,0.40588591549861414,0.38418093948034293,0.34942600755120373,2.314715989488908
2837,0.32564612404239,0.6652814999564742,0.33925864715356285,0.31293600193664006,0.4007756215834182,2.2817623287778313
2838,0.4716000220445681,0.2182048598319569,0.5159390272675567,0.19832364671828476,0.6168742286732953,2.334008140646679
2839,0.5409115056798578,0.23953735907021978,0.4908279488377747,0.20061498195929547,0.7039761027811495,2.2739302254090585
2840,0.5045387486941675,0.5841673141321202,0.8015695158425535,0.33999965259401504,0.5177036414517683,2.360179947923865
2841,0.5673589004177992,0.5328127708912558,0.691409092574751,0.31871315078761053,0.5752928333043752,2.382941219620384
2842,0.44844048901027733,0.5863760846100348,0.4930954507092957,0.37117152100007517,0.10054325670258628,2.3415820945768555
2843,0.602169417304844,0.6230998315414985,0.49313285269409407,0.36406347009918943,0.03991255396924939,2.2907506628872953
2844,0.7392194404160161,0.09870495508349145,0.4820127521760431,0.6797888334783115,0.2640976689153728,2.4083887712612415
2845,0.5282044403071964,0.0771383539344623,0.4980417993558253,0.5320780930753208,0.10752202422078423,2.37911240200639
2846,0.474871404835348,0.4530555535557352,0.4921619863334917,0.2692116510487775,0.44907271681318917,2.130577798528797
2847,0.6121457958957136,0.3964723512360872,0.48189744374554433,0.2293748601584155,0.3271414783903642,2.1531958228803374
2848,0.5787647964178724,0.5161403067982073,0.3648693881222399,0.09908056730930123,0.7990784806753997,2.3188632217965996
2849,0.47106726623430434,0.5180817009053458,0.34921110267233024,0.04739781868025235,0.46035948071892785,2.301936646087131
2850,0.3891408237724824,0.5498440864160896,0.5153980603673138,0.3713607877567112,0.7362141362726575,2.3623144891843886
2851,0.40806814547791664,0.5377838662735491,0.47470653521050904,0.3121678922352689,0.593382858765525,2.337760360528227
2852,0.5397381645411768,0.5971003380483825,0.47687158706900673,0.4125815269410976,0.3206099806318722,2.271298650026049
2853,0.6639526058277472,0.514363454691741,0.4837819679447374,0.2959835062237803,0.19510321254781277,2.2843606754438452
2854,0.3831514771717601,0.5246835364945794,0.4842901234547644,0.39480885637184493,0.40237377554838283,2.2976724360418204
2855,0.3982835376043639,0.4565898118253208,0.46742701616901244,0.31304943789157785,0.33165639371503985,2.3074047755919107
2856,0.3881652313716699,0.247387746104612,0.21618208521924936,0.34198210393446227,0.5978322977452961,2.348844525200161
2857,0.6415196182321262,0.318734840790285,0.2147021609722456,0.312223566895787,0.47271574832435614,2.2979117490423904
2858,0.30320006387095355,0.7642040103150458,0.624274345947807,0.5064194602194244,0.5934975467008033,2.249563705192311
2859,0.5113387503480498,0.6783311520063898,0.6143469867687696,0.40893994618275253,0.5240907185976549,2.270872991556305
2860,0.5357093083869735,0.5552760769063105,0.4116446452383385,0.3472420625217659,0.48273005969263294,2.396838782272731
2861,0.5213519561715118,0.5488532103498329,0.349631617775084,0.35957544487709264,0.25903594411553077,2.31819978418778
2862,0.537083240838271,0.42889115851309867,0.6168565764927965,0.5221364770629409,0.4405986516799308,2.3735958278419846
2863,0.8325387740249093,0.4114000644150513,0.6208571441285543,0.38370495288551143,0.3474945048310655,2.2847995419350324
2864,0.22547360708987918,0.4338791391451438,0.4361193225974066,0.39360014314935304,0.6482676224537999,2.25762906482839
2865,0.251314986899353,0.3922921720925537,0.28518300465695395,0.32962702058656107,0.5712957287385871,2.2392509998258903
2866,0.5429278739553345,0.557267991317077,0.6348062081736169,0.7561662399894783,0.3732993173093012,2.4420445912690916
2867,0.6610177749607571,0.5878683035122073,0.6191488251000811,0.5362388042957084,0.37272415159287553,2.436583624042391
2868,0.18162463113672492,0.41199455161909726,0.3793971706563108,0.6017006717008032,0.40235973287337984,2.2747561641276626
2869,0.31067080085736026,0.4393879195463513,0.33938708489279057,0.42339996256957635,0.37077999362370123,2.2699429335175574
2870,0.3314947949816294,0.2834277638404492,0.5152978324338187,0.6518175139927963,0.5533561019105934,2.2478482916085727
2871,0.465632433169334,0.28436179197855965,0.47933189747984634,0.5631611368165806,0.5156735123824421,2.1920305485940887
2872,0.4529993261228098,0.25022234903810714,0.21374881134651522,0.30671721174254785,0.38645009966908567,2.1481289547135045
2873,0.6102099057494318,0.2508046660427119,0.21579563348705194,0.21976944646585836,0.39722753479716943,2.1304410819767767
2874,0.3002912207301678,0.6231353500608363,0.5440619406336553,0.4898196914822727,0.6296664982153614,2.4293794397630992
2875,0.4254210001523494,0.5374375126653727,0.49750145295080367,0.45365574788907803,0.5749558640538053,2.355404457912625
2876,0.4823948951948104,0.22951581770105195,0.6342725389970794,0.27794281680873134,0.2809483351104297,2.349948419894573
2877,0.5469927446683692,0.27251688305177363,0.651728757050809,0.23802268323462586,0.22548320560582547,2.405223876305662
2878,0.23432869870719072,0.4311968293001656,0.46341678229449484,0.5596054027026595,0.48590934692718335,2.2937768223797677
2879,0.21476590028721593,0.3618973017059778,0.4775286293304949,0.48510738801359526,0.31411538881868484,2.356551236572895
2880,0.44123533463179887,0.5873377020586581,0.42662859684012716,0.5005515245254788,0.4328249410906973,2.2543711042173924
2881,0.6762652115466727,0.5617138775242657,0.29140394920776064,0.45652683944109806,0.34821166591212827,2.226168671831388
2882,0.18748657782022,0.45040702520016035,0.3772943242512883,0.6062060672222456,0.5752620975581616,2.3845292332868935
2883,0.29343402154417314,0.43909092396407484,0.33415931720048186,0.5233850852410133,0.4717348771109262,2.3290894600233747
2884,0.1904657587917469,0.6347266324207957,0.4829815319027443,0.6528605229368885,0.5115903012708747,2.37545081154239
2885,0.2843757559408496,0.6397518576122128,0.4613535599537996,0.6056350747736226,0.4927839951252363,2.344406760380337
2886,0.5015180144498383,0.41958469159109213,0.2358925971230583,0.4365128688848683,0.40104759953867747,2.283520344446272
2887,0.5878240998431971,0.41542155512273654,0.24841295643267874,0.2943225153202198,0.2922196011923844,2.2650966096360814
2888,0.19032354926876952,0.2767745623041269,0.4864026360985464,0.6844559741686909,0.6136567157902854,2.328436658752503
2889,0.28265561631690217,0.22513691972046265,0.45924737493453544,0.540829685867709,0.38222322388576013,2.3827448692983833
2890,0.6276938485593015,0.4445328405944105,0.7533257944810596,0.4689186822987772,0.4679380929665013,2.206965356328318
2891,0.7916028822031561,0.42030860861335284,0.7638252736333336,0.5216369389797729,0.36640979178268485,2.174471812804523
2892,0.05841233373947867,0.2836089659426325,0.6612412405335759,0.20728160567539974,0.5261629079691759,2.1795887272152874
2893,0.13696097329813428,0.26240970919652057,0.613699182429361,0.17149534995201648,0.5032589307101872,2.1883800117948167
2894,0.19667613472741968,0.6214484391538844,0.4510094983459448,0.6632186839526597,0.587724153790855,2.293676662169086
2895,0.29095869835914334,0.6073818336088948,0.5085544078168285,0.5980857998563954,0.6181792784426325,2.318453207586167
2896,0.5657796506136743,0.10463925850881588,0.389459994407027,0.5469660467443311,0.4957062494559045,2.266939569572573
2897,0.5822555392364823,0.09712660765574095,0.3181644798267824,0.4132497583129405,0.4392477966572754,2.2517423036863184
2898,0.542518412517308,0.6136371911342251,0.37133868042725626,0.3915444217008033,0.41620197046917584,2.1632549694027454
2899,0.5069084296874584,0.5475584473144757,0.31451831946375314,0.3574952695638326,0.3609296385139902,2.133962267670547
2900,0.43677601525492804,0.6069143399851957,0.6374366780118123,0.6940553421178839,0.7266831549659315,2.2155763411820355
2901,0.6104552644933661,0.5186916072204627,0.6145146989683579,0.6247579688804102,0.5352385438718449,2.206303791195059
2902,0.6702555733591431,0.2268649885532353,0.36872984385882157,0.24080849190452722,0.4439846436932762,2.3719486087221724
2903,0.6563492468444101,0.25214356502426577,0.3291829430055715,0.20509250628907222,0.37123804615688044,2.35471786416245
2904,0.31701212948284263,0.24821396670436965,0.2149519638752364,0.41722322168778037,0.7465308007485408,2.253117070791177
2905,0.46128203786553074,0.30728549706204916,0.23164805816933398,0.30437040500945906,0.5164646317896422,2.207120074664803
2906,0.3548474294262913,0.6144940577775838,0.555200246104612,0.37764129835468535,0.31848059372823834,2.307135989815367
2907,0.4606918593749144,0.5287332479978973,0.4968277963308167,0.2846403007267766,0.15165271209077058,2.2828610801052553
2908,0.3485469658555771,0.8136004206345465,0.636903426162055,0.19494251619077616,0.3430511793174721,2.442575339158167
2909,0.4059374956040424,0.7756521697857544,0.5854645701382595,0.20309711781843653,0.368396765994901,2.420811203429609
2910,0.494276439175648,0.3844663963482983,0.20321361050646297,0.5900535225017851,0.24267459699247462,2.306063158491335
2911,0.6407147947639903,0.41334783188972124,0.2043278029247566,0.6068989666171386,0.18034307612281,2.3840833509531567
2912,0.4893054225060683,0.3710676158382711,0.5007597064328543,0.5350030545351113,0.81330195891359,2.2812788412908556
2913,0.5545807302836494,0.49339822114368226,0.4620580657858277,0.4327468094967575,0.5187976777288813,2.285717158883085
2914,0.21814897101309874,0.5582514909469154,0.10125138303001018,0.42834852230573506,0.2673277583347048,2.2829010427836507
2915,0.2182836119211171,0.5576149654204736,0.07411399919473731,0.36930299066415956,0.23060379724490113,2.302395183669903
2916,0.4016043351539578,0.564231328734304,0.3926717434278264,0.2290986412125402,0.3948757878655312,2.3159755836088944
2917,0.5180023173310652,0.5548179566503179,0.3295694734504816,0.23409390857839033,0.39103376223009456,2.2989897237334125
2918,0.8503689459872271,0.41044080449158327,0.37194221337484135,0.601105970338418,0.12691517024279633,2.377419017039393
2919,0.796934205453303,0.38031645691148486,0.3387793896673024,0.4410921550096341,0.08768689824158307,2.379049779226133
2920,0.532398865294173,0.4377044826992684,0.3422702002087261,0.25955675487459295,0.3394408870777472,2.215844563196273
2921,0.5575690137316291,0.33943574371075724,0.3655251893932876,0.2290962049746717,0.22407278453600257,2.2346698412255632
2922,0.5415822300224825,0.5418229981718339,0.4804989109940092,0.6346912493470849,0.5416594592400485,2.35654497667119
2923,0.7461507443636745,0.5644422854936145,0.5501193352627773,0.62564056334862,0.5164539954516948,2.364886633965858
2924,0.5217448819637533,0.2856032378785544,0.37585659575210695,0.41795886960290274,0.5160644869864092,2.368115821008816
2925,0.5692574563020957,0.2589553195508091,0.3495451396455389,0.3177318732373004,0.466982656706869,2.386757945747649
2926,0.6303149230499907,0.5449145662863975,0.610580374608252,0.46236626146835774,0.5713437670613327,2.3113919997605987
2927,0.6624773398981397,0.5319557688022709,0.5661517777897154,0.4605940676792879,0.4049192224058142,2.324444358939637
2928,0.4936070912690913,0.431341531793925,0.40283522342871764,0.7414717940677202,0.8208443534338922,2.299568498955334
2929,0.5207788093661738,0.4413017133530775,0.28711993262523605,0.579871962003715,0.5268940440024286,2.3066429148023433
2930,0.5064949981500698,0.4545892799876952,0.3272668703864031,0.5826645156249151,0.2296979899024228,2.2701321215614785
2931,0.5655127483025919,0.41857268928446784,0.3898260191067903,0.43192816850185844,0.21080870166690785,2.2945119285123825
2932,0.36782848067539997,0.26027259625250176,0.5268351661732948,0.41928692907806897,0.44350338927572724,2.2582375269846255
2933,0.3857244566067904,0.2741978269280743,0.4279234953211117,0.3165961372518587,0.2032053426835704,2.273719550530902
2934,0.2950674121473217,0.25166877367686163,0.6666137217095439,0.8243430931841403,0.25542732118292727,2.4216472934365667
2935,0.21664534884223227,0.22894294178696734,0.5545263076034723,0.6508264237682001,0.11119904478575418,2.4584037840354327
2936,0.5172246091137475,0.6306224195245873,0.3829177248649609,0.6519558998519374,0.5182890939021743,2.2716782213613214
2937,0.5398456224755637,0.6892094355631894,0.3544837732415829,0.5940593689501602,0.48617729805016596,2.228776199686567
2938,0.24039742888219393,0.396229913779615,0.5075950124477338,0.4914468331736166,0.4032875011097867,2.34401474795437
2939,0.48363419772798966,0.42378863638130215,0.46951574118631834,0.44512795928357624,0.37955911899368777,2.4298235173440887
2940,0.2104375336001542,0.42615421182960356,0.5254089653985349,0.5514943055360759,0.41767424738850795,2.3673422860593014
2941,0.3045497346360812,0.41119745419134607,0.44630629735372074,0.41878947762880236,0.2813311096143175,2.341468173572325
2942,0.2539068027724093,0.3740696490902008,0.09191794729271169,0.36004358097581196,0.7361084830910186,2.202843773132764
2943,0.4553457832519323,0.41962758654684784,0.04768258733017383,0.3346135350799251,0.6203764424834125,2.224462293001288
2944,0.6248168467095437,0.2877041330953016,0.35092310991901254,0.48485959303179316,0.4021830536429655,2.2733558943461927
2945,0.6503283408338133,0.25583504559101883,0.38943080351220727,0.4379165450033933,0.30098982725435836,2.228562885402101
2946,0.4091892750260488,0.3032713040780691,0.37725581672167546,0.37590218684708504,0.46342442962216657,2.286747591290855
2947,0.6720332601191701,0.23490748491901217,0.31050467925218034,0.3328623998084098,0.3251531167521803,2.238965531968037
2948,0.2038530683102659,0.27056696122038915,0.540110234984304,0.6814373155683637,0.2637447845142385,2.2763248563065535
2949,0.24788249042475669,0.27646636662159646,0.43839682932175494,0.5623515982981344,0.1595101826905282,2.285658562935106
2950,0.4451185749259696,0.6955115574511248,0.3596472488465151,0.38574683482749905,0.34239358428357647,2.266803541238587
2951,0.6034058662733739,0.6551184372823631,0.32898311862370166,0.33287637476059906,0.19161935012612802,2.239099473668121
2952,0.24273089214821317,0.6349241560104244,0.36356635726399017,0.38295553318664005,0.10481920863065891,2.1966292916521013
2953,0.22941524016358988,0.7701267860159485,0.33099150095743896,0.37577221524636273,0.08825955999732765,2.1062776570333277
2954,0.07062749736674388,0.6940337198380229,0.3997244015493474,0.1571333504090587,0.6323494395454597,2.385951745843445
2955,0.12790208719959018,0.6479532455822787,0.3421191700904489,0.26384382819020613,0.5114547689763814,2.3480775210436033
2956,0.28814889889432566,0.3842177777028346,0.3635518972622072,0.5147598545438516,0.40891681202119623,2.315694706345624
2957,0.5164477465398903,0.4467652412733741,0.3335797073249993,0.45569693062313177,0.29265200461342616,2.2756523839440943
2958,0.24411142311528272,0.267887843554127,0.48007659113850804,0.506809025417624,0.40781826386221287,2.3131530044393145
2959,0.2039500363422322,0.22908515130994472,0.4683035539039576,0.48773243260364724,0.2685895745342197,2.373300569289642
2960,0.4525802771587372,0.6378331345968364,0.3716748150242658,0.06701428383955763,0.6020471607546065,2.2819752934583306
2961,0.5970260978410922,0.5497428993733066,0.3243615800181997,0.1109641869341407,0.5123771119646449,2.3045215815632623
2962,0.43634945440881034,0.582382950143609,0.36075059076852106,0.4456215193461932,0.3969150304012096,2.409122343532363
2963,0.5723894831345464,0.5394144033120495,0.365924149938993,0.33798841669562923,0.33046673108891406,2.3695028827688427
2964,0.17735423990242266,0.4637375545133472,0.5252758583520106,0.44306397001213427,0.3489792228410922,2.2614328648153674
2965,0.24861466428001008,0.3624231203864031,0.4744572960698249,0.4005727972013734,0.38282751277419225,2.3179457402941734
2966,0.3710100577122917,0.679707374260029,0.5131301411690123,0.5047634662473274,0.393877196748789,2.323659849038108
2967,0.3932225120124554,0.7658538121082519,0.43672596901099414,0.4652007289562262,0.30401752060832526,2.2565805629133413
2968,0.528663248781223,0.26066816145105187,0.23201741049343966,0.7932478902333395,0.6171468381136745,2.371335702406881
2969,0.5518790989510516,0.25247420665031806,0.20884792933923585,0.638662479652496,0.3256980427618856,2.3509803751739384
2970,0.5635843590484563,0.3867915240686117,0.5192076919393147,0.5579866752697344,0.4314553173528293,2.2257330085088167
2971,0.7391170581258063,0.3801020260923054,0.44004739804570825,0.3904285709652881,0.3238543946073603,2.176697682690527
2972,0.34093777528721597,0.43494307116116354,0.502334918414803,0.25151780029149856,0.47812957960468544,2.3230345016321197
2973,0.4897455299876954,0.4574053283643174,0.5170751018670655,0.21711527870379976,0.2944263637491108,2.295306375543925
2974,0.2845583454690013,0.5807271026070386,0.37800301434101896,0.5093319018758061,0.3312987832736955,2.285708259575072
2975,0.41904296875000235,0.5220281844749937,0.3212851601234533,0.4336479585218394,0.41516751122912987,2.285736694529045
2976,0.5142402957651301,0.5605111423223248,0.5248903199860872,0.5892336185366456,0.41469034037677094,2.337548298224102
2977,0.7829452464526595,0.5800306504395634,0.507658740772804,0.4292010912255637,0.3345497390320414,2.3468043802881073
2978,0.47686263102808013,0.2532993894280746,0.06270621972920298,0.2979747891494265,0.2948418032076874,2.2163528651418263
2979,0.6365243288864765,0.29097815529239013,0.0564104821986986,0.20927226810582555,0.160039193549669,2.209033440154849
2980,0.23187561829724262,0.49986689295347786,0.5182601848885083,0.5498124702733009,0.40334553329545986,2.2852855223927904
2981,0.2938553713004875,0.38378968299522315,0.4953886016929544,0.4533270464614003,0.35044671698730034,2.237032777267557
2982,0.3248946286995166,0.4506877560279052,0.651356551162055,0.5855485443071233,0.26798077376391727,2.3060318132397994
2983,0.38038734751463343,0.4191877499564744,0.5965549837219969,0.4382109689021746,0.10639254813704617,2.291766635293282
2984,0.5239530209565474,0.40600150581026634,0.3342539844402063,0.23706689737102665,0.46454375441755064,2.2672129349537995
2985,0.5418804208521861,0.383462661864566,0.37654991247378033,0.21712202365509736,0.5193934846360815,2.3362080118165798
2986,0.06605732470833077,0.39057161514182587,0.477984381071433,0.3017379272500754,0.2553563518670658,2.2685086003655313
2987,0.18150202498252105,0.4091601518540424,0.4626042547657736,0.22097141473705206,0.15807821805355673,2.283434644237373
2988,0.051492850387294856,0.265855481415373,0.49826441928518406,0.38803692907806864,0.1099684383921475,2.237835018062297
2989,0.09600060563187218,0.2846189603280691,0.499826163344337,0.3009356187325208,0.05620905623252097,2.220122669481059
2990,0.42717151492864464,0.5755225367990995,0.3631097708694917,0.5164206990118856,0.3739375908555771,2.25892695231965
2991,0.3015046599928699,0.5317852707608474,0.31764130055266554,0.5121766560976547,0.348505333870062,2.274133049791104
2992,0.568962197749754,0.4312778034688544,0.6129669408512943,0.6478327937847894,0.5671887409904433,2.370137614532436
2993,0.6949554423310651,0.44614288287766257,0.7168943848144756,0.537109296287289,0.4964474690546967,2.3495931779682846
2994,0.21157813107143314,0.4070598881224147,0.35837806720048143,0.40318747634473173,0.3744039112116486,2.284847084218284
2995,0.26767411194288104,0.36782180344691573,0.3175038847927119,0.4022298289954712,0.34943483913640333,2.288348869711722
2996,0.5607361417566381,0.7469700168436937,0.2171760290084942,0.5609669617860759,0.5564333564589008,2.338320378024836
2997,0.48545817479092834,0.6994542283468366,0.2288980389100235,0.4490140531423958,0.39570429826762965,2.3508594383268555
2998,0.28811012047345885,0.2966229640275837,0.6451543643365611,0.8250304996080767,0.43505637167047384,2.4183495733156146
2999,0.4271846442373735,0.267707543828317,0.5940554775635107,0.6861647215138434,0.29561060112709253,2.3502491714178726
3000,0.5850139050313982,0.7071986913083363,0.37393453412248817,0.5347271174703895,0.5777879630266187,2.3480768218356696
3001,0.5254257829254729,0.728228070508246,0.29773360367329516,0.4302668957171443,0.4555422800094595,2.3485398145673986
3002,0.33910745960985983,0.6777406916346203,0.5315785440022535,0.53536754537338,0.6908340055710382,2.3193312791826055
3003,0.4185083971970907,0.6885532279552611,0.48980218573730055,0.4307572636010461,0.5304503198988564,2.320741553816901
3004,0.6774600285296883,0.5477414541694072,0.38627766142928766,0.37678860497912986,0.10792189813276365,2.2863112287603506
3005,0.5681903998301736,0.5829678498216081,0.34793072092604294,0.309248626914876,0.07188812930873127,2.284984218097085
3006,0.42731072445144663,0.2553608747388351,0.1998253286907763,0.35640458289086113,0.7050976496560626,2.291057674312298
3007,0.4083290020456348,0.23869529104271178,0.1447672133964299,0.29876430697231876,0.47783438877515755,2.3154672816633415
3008,0.18981753712555813,0.7348734215484557,0.21662991874126158,0.6981646873911829,0.5007286320725728,2.2787356732458663
3009,0.29783620012184503,0.7043996746169923,0.247400040759781,0.5407572614030659,0.49242603507992533,2.2905248397893208
3010,0.4629468524329272,0.5799509282512154,0.3568609551270193,0.6114673455127039,0.9104583889492684,2.2837164915998334
3011,0.5107523955212695,0.6417041479586525,0.31687339401973463,0.5083044584783115,0.6905618134574392,2.278123048811728
3012,0.422342425900888,0.437883045395144,0.4914727531770082,0.5507911871300158,0.4150619257703049,2.242313162887294
3013,0.5169184323423051,0.40413943854449474,0.48486231115081496,0.46514644172167524,0.37195193634651513,2.2157062450599447
3014,0.024767285515203345,0.5398471453471583,0.07726297899975401,0.39225769139521716,0.3536329523415888,2.345294419502823
3015,0.08924043121075727,0.5803049969098771,0.07870349334077087,0.3590319850060681,0.3480687571812175,2.281292466639078
3016,0.48268627335040304,0.7106963145238708,0.37833010319448923,0.3831746223232161,0.5741161535514524,2.3576821000826
3017,0.5776725081605935,0.6660202723274989,0.31380344818503203,0.3412857194898001,0.23634716460646865,2.3290588817025863
3018,0.4834100439371367,0.23111216691326844,0.6462927397283118,0.25958928438365514,0.3098237926313022,2.3373412438413403
3019,0.6143022193374528,0.28717129857232443,0.6390716701992686,0.21348795477879653,0.19294956395800894,2.3832367600538786
3020,0.3985213844662532,0.27131373052305224,0.5298775904202988,0.5644169749955447,0.6244463101279105,2.4317715666999122
3021,0.4990753562194977,0.23511822751998293,0.45872831219530735,0.42808662791601576,0.3798016918957871,2.3974768526505663
3022,0.6855027390538053,0.7585600362334125,0.22655658970226478,0.477504243188598,0.29058058217265165,2.231842953342554
3023,0.5861512206213482,0.6678596904813078,0.20331210141002332,0.4513475731413288,0.16448981678696742,2.210301302097728
3024,0.6567915983853649,0.5922848066460352,0.3992901933755577,0.5349893614640753,0.3648240789084153,2.334551329626449
3025,0.7242012899980442,0.5027778794610787,0.3736358692330908,0.425595175422082,0.3554245353410922,2.288635939153884
3026,0.47364823161107306,0.41496871367936067,0.37178873602879653,0.739271426858325,0.6503831918306702,2.205581554469819
3027,0.6430637668436933,0.33170790609765466,0.3431012932842194,0.6475227256266975,0.5944203747386602,2.2173221976409336
3028,0.1817106132267769,0.6086348969359238,0.37492958345654737,0.5998488234461992,0.5383609721883498,2.3076950262228886
3029,0.34368298979360323,0.5115352471055772,0.29805778222920337,0.462719213592305,0.42945144690096126,2.2763993674050975
3030,0.49526425850881617,0.7367602465398903,0.2692457144193341,0.7819662587046912,0.40852882642750465,2.2920754514710318
3031,0.5160505797570331,0.6528400849145541,0.185679486007033,0.5388978335436033,0.377841686498862,2.2629152930230525
3032,0.5046362017757272,0.4573601545961203,0.5242059593053399,0.5525207111115694,0.586598151766987,2.267451131419656
3033,0.5313218607023381,0.4111605372561413,0.46184843971957096,0.469865636577177,0.6029218260139902,2.233667144563833
3034,0.3219711223885081,0.2463053949773466,0.6127861450859908,0.5513962319592955,0.2962521455647971,2.230259112943846
3035,0.4819590964266132,0.26922485907021976,0.5798275551662644,0.44919310088786485,0.19045422007742557,2.247046050813833
3036,0.5966718260139902,0.6362715369732105,0.37730260306408064,0.2643228605282269,0.5914997329821994,2.271139476540607
3037,0.5998417288909342,0.6586969669437724,0.3308499796524961,0.21609534718835005,0.4146118701687641,2.3111576946813925
3038,0.48123963455330865,0.5030714687062994,0.5148866339658582,0.41453305035679044,0.5248249790868095,2.316629636860108
3039,0.5328202827733011,0.5585083993950704,0.486560197009781,0.2794850929447376,0.39657333511042997,2.3836144589135904
3040,0.339828173463505,0.21448106391448124,0.33975144028543264,0.33146241190809395,0.5288992231675507,2.343593815524836
3041,0.3783187786385081,0.27040869011132146,0.33503571948979993,0.3576034834390665,0.49655860421739273,2.368252954887616
3042,0.2108353208782328,0.6943419155205528,0.6404317631440039,0.31107059605662635,0.49340058965873695,2.170939787604364
3043,0.2776819602410132,0.6221842225146335,0.5490436613639957,0.17797131948551753,0.5073035665693285,2.1624838706910983
3044,0.49852973100185827,0.4849521059148033,0.2714577447987776,0.7607245353195029,0.49268341758777445,2.229839297049026
3045,0.5462978830953019,0.4434177567896418,0.20021852537427143,0.679105442896752,0.5379168268845469,2.207278616665125
3046,0.371983428033576,0.38216699645283464,0.3822539486420743,0.30582621400581944,0.45525236799254787,2.3087326886315505
3047,0.3735213844662529,0.34994473167636453,0.3141537499127717,0.18259681720048154,0.30466358791779924,2.3280536810801733
3048,0.2679148123694189,0.5237974002436877,0.628217783774266,0.4752481335958715,0.3327630065284752,2.277577006267309
3049,0.5609828092138264,0.5466743976974853,0.5867621867382652,0.3956587748954652,0.36501618823980003,2.2918938320420685
3050,0.5704424038779111,0.585196562282363,0.6049983240989412,0.6660747737203893,0.47666807446892756,2.327435146348298
3051,0.44510626928090175,0.5131466090919836,0.6134103192243503,0.585325349625558,0.26109874912944586,2.3532224420916625
3052,0.2574085882658465,0.3316826065894841,0.3900894473580034,0.5668904934278263,0.20583469598705195,2.247157952907276
3053,0.46298821352718866,0.4617949194157677,0.29852806169473756,0.45501229905113066,0.23810935354271198,2.2589018669698193
3054,0.3262295575817086,0.7468635290084942,0.35458017751124243,0.6457267552010518,0.11486668099311802,2.2292610745995107
3055,0.4310496795786387,0.7159566794480553,0.38129176743114407,0.5373864176095383,0.10466712970048192,2.248622796657275
3056,0.407001348907349,0.5878022066720817,0.614314524982521,0.39198133700371507,0.5447460871560624,2.3489670636315503
3057,0.5482073681885984,0.5245876849973272,0.5969896092225668,0.26765541095048206,0.42688820142750433,2.3581600945986194
3058,0.24669782473009455,0.38453686962466654,0.649750186107112,0.37585394535589867,0.20631345743381863,2.3332976458042
3059,0.44734520075282347,0.38183121145979226,0.5576284443331702,0.3004503264927963,0.2131226970097808,2.3032916743775895
3060,0.14073453357839052,0.7056348606152829,0.7191623040127771,0.5620867148981402,0.6131397964178725,2.297877065176613
3061,0.30558370882653385,0.7023908072336608,0.7329835508138326,0.4756393790910922,0.37875430651545217,2.258263243819577
3062,0.34710742161374786,0.6010474531031504,0.42365163794812843,0.5171616367295245,0.6036556691763646,2.221482559257354
3063,0.4310646923528294,0.5551857183800155,0.3198858714310707,0.42244828225096687,0.6151478401375432,2.248581446552914
3064,0.48048062732839075,0.7202419480109206,0.23138184407628556,0.6431892942853595,0.4055972554620434,2.2696131265450643
3065,0.6059236670873791,0.776673567439885,0.19486369637880266,0.5831812885618008,0.3076415846317988,2.32636752611407
3066,0.36022992644498586,0.6409902467791183,0.36538213422684995,0.6021469146284075,0.06895239606536716,2.3278097207521062
3067,0.4729731875651188,0.6704645789301795,0.3260536452820416,0.6068708135443197,0.08359520514878345,2.318695149003145
3068,0.631559504395787,0.22610042063454688,0.37749665259384024,0.07569192929570802,0.7324968601582402,2.269766040128802
3069,0.5278528078864035,0.2838707248867247,0.320304784949517,0.13807932799433134,0.6164202249521913,2.3098533331300897
3070,0.5960310485070326,0.37806820880477016,0.5021035346230585,0.5803069261183519,0.4013391021499963,2.2610233356545275
3071,0.6244887767669869,0.415816206955013,0.49803004648316423,0.44115811640413255,0.27635578423130774,2.23219298417904
3072,0.20147067533502633,0.39792968310404225,0.5432638053839037,0.48779282231447596,0.5851708454474118,2.259827965899105
3073,0.3636951555970849,0.40073474553875055,0.4023797425790336,0.3301278893627828,0.38723044729271155,2.2271396059148025
3074,0.6561551863247512,0.25202985817807466,0.2574605856980552,0.5947875159731373,0.48273638731715024,2.271065179600403
3075,0.8686752070203045,0.2521033204647181,0.1996284823292821,0.4388241570986198,0.18559510550128858,2.19236035556658
3076,0.1908971134008879,0.0750186222796887,0.6378302133093747,0.5939571221055769,0.378773909884225,2.4102518196161005
3077,0.2298570846751516,0.0610139512969213,0.6028161838222514,0.4116992143540425,0.3340116824293612,2.4436881331605935
3078,0.42289895834772767,0.5718695070290448,0.2449643416390778,0.6109244384140863,0.3185064460088159,2.338038598385189
3079,0.6138369477932815,0.5602798262533932,0.21694456650403662,0.6103182550702935,0.2766077414910131,2.26565641297435
3080,0.6666709192416562,0.5667965253960356,0.24620773872734672,0.5574767827297727,0.5454316320943368,2.2871336256962715
3081,0.590218110245471,0.514079452972567,0.22416980930088226,0.43273874484230507,0.46474295830420015,2.2526257328080876
3082,0.5855078824207953,0.6420334698815506,0.5457584500565532,0.11926809264004283,0.7408405253740965,2.269137421831388
3083,0.720075612247401,0.6690406002349474,0.4223974690762856,0.10117715381261934,0.7386134932103624,2.3349593359156944
3084,0.2443912625565535,0.6294741857155365,0.20206988857928232,0.40262969191755055,0.5780247610766072,2.251780326166338
3085,0.22812791029756407,0.7160973551095384,0.2250995287255636,0.3352934516016159,0.6044990001741138,2.223637256659059
3086,0.11207078875767605,0.8589557368775892,0.2258195433712753,0.3530481881092166,0.5882626844532297,2.3555687637751572
3087,0.290781387643609,0.7599449436367247,0.17544017520444274,0.30257221250428457,0.3978032532860025,2.340767344968606
3088,0.49018461063722163,0.4190594366729737,0.39990608870112493,0.11383222175307152,0.415443098689885,2.3230873904508034
3089,0.6121196507440826,0.4017442548745928,0.33818282681925504,0.08460825626730825,0.31168982999643585,2.310240765951373
3090,0.6078412058452286,0.38754024455954955,0.23802802977005624,0.6700369015493476,0.2228792195333277,2.260855341573786
3091,0.6378379283598599,0.376360713439958,0.17842192785946487,0.5373828081040422,0.2153745656118912,2.314525403029119
3092,0.6664318991121394,0.44552657022531533,0.656089439088593,0.25057829017233024,0.7757216052401217,2.362181382137865
3093,0.6548725147761223,0.37205446507225115,0.5967965188020956,0.20579973024012171,0.605344609984304,2.3558798020324354
3094,0.17314146352701393,0.589690204931144,0.48526077565702697,0.6350073632485403,0.6115864098842253,2.424880168697733
3095,0.19424738372645547,0.5692567680840617,0.49789778508010046,0.6236484457694128,0.41726318436617416,2.369438940285433
3096,0.3013710001739386,0.45588883678607567,0.547264993514882,0.6048551444767769,0.6546017210783903,2.444573987530332
3097,0.4191864979761336,0.3884623843793725,0.4452630065284751,0.492731174029367,0.5691805199555829,2.4363876233243564
3098,0.577700176183819,0.39088856369684216,0.3734282510880226,0.46956974653971534,0.7892589180448158,2.3492313942591374
3099,0.6459026675007188,0.41870307821197034,0.3022677727627771,0.4728126376436089,0.7709211653246774,2.3672399037690917
3100,0.44746489660946487,0.3966336003655306,0.6347539398501544,0.36675197212305843,0.5594839130831702,2.2864752637316292
3101,0.5445003110853481,0.41819332111763585,0.5690538082563895,0.3861476788386661,0.393784954757033,2.2728170140798514
3102,0.17314139580420013,0.4195667685193396,0.5183428960871314,0.3623752962219975,0.4004312081736169,2.2191082309365666
3103,0.30973149390663224,0.35114739915549253,0.4716777363117276,0.3504348286690123,0.29940384348883553,2.2466169860070324
3104,0.3404528326514578,0.5541515410211225,0.5377423587437615,0.6209273575035684,0.3704049341702986,2.2215419221360815
3105,0.40173166734837135,0.5015012536558145,0.4534732938065533,0.5616315049397098,0.31303415422613345,2.2072996074598654
3106,0.03069387389004258,0.3911937703690973,0.4850021411688376,0.29582767135258076,0.3605831494601871,2.2961613019889087
3107,0.12011349928179334,0.4592695499868037,0.48692636814507045,0.210869034644822,0.35904866708737965,2.2948885108373793
3108,0.48018647432086314,0.7407247428839034,0.24609958158502657,0.5346623293435186,0.5080694541911712,2.2779975213700627
3109,0.7084365277028346,0.7046106881092165,0.17781979332774733,0.4454431708086579,0.5050566491556673,2.249259682777584
3110,0.47712132224918374,0.4479148734982924,0.5548022556580939,0.5257164618731313,0.7032425982328427,2.2096678223144757
3111,0.5743238394193338,0.401465678403563,0.4224416727452962,0.436652439001537,0.44358742017750497,2.1782245287255635
3112,0.32326129482928234,0.7210076324643231,0.3708414998692438,0.4682558084522647,0.42238913353058005,2.3963911629090586
3113,0.4415884899241868,0.6407653937803318,0.33560811035429067,0.46962236446714445,0.2917272931101082,2.4693918153289602
3114,0.41869188910161576,0.39135439900332003,0.3588952684540479,0.20994216878478925,0.5771642849277528,2.4792988151983777
3115,0.5893635224145548,0.46113871180784,0.35846265087466606,0.2029274544305741,0.48526488120201666,2.43544421082864
3116,0.525215750522336,0.6075184824381015,0.4987570879613269,0.3860528761533144,0.4907515652636686,2.297043614575965
3117,0.5362558249910866,0.5233150970142386,0.48203290831722373,0.33977972880387863,0.5036292641233798,2.2398133748476554
3118,0.5164359936672293,0.11213265559708502,0.40212591284376686,0.3247958559148028,0.5118578240771775,2.3424278508225735
3119,0.7379105669828429,0.10145559483802288,0.3174391753785544,0.3399446661515312,0.455136856393609,2.383664290999184
3120,0.27141715063526317,0.7220097653637476,0.08070235587127528,0.5304022248431972,0.3965312180753208,2.3765778623781584
3121,0.414105733569825,0.7141168549573658,0.07282785358623929,0.44979884492507843,0.30557599377604877,2.347406018780331
3122,0.20929374395016004,0.6420581488945004,0.3333820263099446,0.5293688034251515,0.38251208709077056,2.275793544655171
3123,0.22903128140217444,0.5021701165127773,0.31132832816844247,0.44374958267322173,0.3758656982285598,2.306573411625162
3124,0.1227776718966788,0.6972413633138327,0.6785909707521067,0.3685654592835762,0.5525650502262068,2.3967500930535572
3125,0.3295772562237803,0.7025421869559043,0.6256908127609944,0.3044244103628564,0.4020906762055831,2.416994127698377
3126,0.4313275001088218,0.6321164541694072,0.3559864253132623,0.576805557951695,0.4564090270499172,2.251606354065045
3127,0.6060221470010406,0.655150064415051,0.33944644777151745,0.4534982437107571,0.23914068832685587,2.319292489771839
3128,0.6468600549486252,0.27942928283859275,0.3557550415215178,0.49463335040905887,0.30095431972492026,2.250580162647892
3129,0.6569467230587313,0.2604554676618066,0.3218067378132625,0.4909511864770985,0.1740027175965148,2.2593571336611635
3130,0.5499915747516836,0.38706884855930124,0.5035339086656214,0.408034567156954,0.4069148927576029,2.2339932633181148
3131,0.6930280451559157,0.3915940506179572,0.44093220360354557,0.28138045665031836,0.23234416073284242,2.210690404226133
3132,0.3049505109244349,0.5466829474015313,0.38153614508599115,0.596871176336166,0.6247483923442635,2.3983065473101925
3133,0.427894157990765,0.5660824887708744,0.31877954049878915,0.47826275437402294,0.38891819285322404,2.346526977084705
3134,0.32794296324425765,0.8038172111768618,0.22691752776795177,0.07157278233802242,0.5802494467050858,2.301614903769091
3135,0.43915673892304685,0.7862547194462725,0.19424265768624505,0.1223596607546065,0.42738913792653954,2.2657952838830853
3136,0.7236717373563955,0.4426598551095384,0.3999535632615639,0.32082336263915107,0.5639576027592109,2.2123792663213595
3137,0.5927391599711055,0.3835487794002446,0.3563281206040423,0.21136329391537298,0.49563105013932607,2.165161037169086
3138,0.3293097334174773,0.2614159795656153,0.3464027693461932,0.5434092070855963,0.21032277794206272,2.2341764843313867
3139,0.3947471249780632,0.25785433515395756,0.29859068447499354,0.4380951754220819,0.16353960260703868,2.2630440913561474
3140,0.33220153388308515,0.5594129437673085,0.36583976943324886,0.24812026956383232,0.24456668980662666,2.3311280820638327
3141,0.39956843123252106,0.4647607569202258,0.3528485668957871,0.18926447873858726,0.19395052358980577,2.2984424292086527
3142,0.6247296913518644,0.2666301219097018,0.2482012437325209,0.2556958928011308,0.37737655040031826,2.2109562577253152
3143,0.6656986654550862,0.23244724223098615,0.1700875005656889,0.21821396230840984,0.3100022198815508,2.225391527376376
3144,0.3132122208825151,0.39756283474061843,0.37302538816576786,0.3709418742382653,0.6361286282422999,2.172863372105577
3145,0.45158738218139244,0.3391374174354272,0.3340178746082516,0.32123407605751797,0.6610893080389255,2.1423456923963564
3146,0.630746909144252,0.5341281861072867,0.33070193854449464,0.3810920107720877,0.5295099751261277,2.208558784253072
3147,0.6343953593096232,0.5039088106935974,0.3275444767582462,0.28977214919902033,0.4830366537908552,2.2108752158338136
3148,0.19006359507742554,0.4449001849973276,0.6546653926705475,0.5571056146630196,0.5503532230152035,2.135004441961078
3149,0.2669770960130989,0.39346835580598327,0.5987345633050917,0.43697932468656675,0.3859860123824421,2.145021821052343
3150,0.5124778249477338,0.6615381683930389,0.49035989145176817,0.27141833489279094,0.5539064531684422,2.385980519411485
3151,0.5374261771194917,0.6924117215136685,0.47549210491383787,0.19800496113333377,0.41676746994684205,2.3546191023676353
3152,0.6286222482808282,0.427568738444416,0.36177650030452174,0.2732466993818719,0.28730385284644183,2.4369278910166647
3153,0.6747464301660897,0.4171358521717603,0.3562599371300155,0.22937923659465828,0.12048458863583346,2.427259572662699
3154,0.45060616136399606,0.7065061305275104,0.21442066321375353,0.49156791645622594,0.35610410225881584,2.382985919328887
3155,0.6327446551400426,0.6409860057885025,0.2352174066415774,0.4481151939196554,0.2804462930665806,2.3141819707084044
3156,0.3688317301095383,0.9166550828038051,0.21014776801876991,0.41050023509312356,0.5127643196376895,2.349463195377663
3157,0.43129413594619903,0.814766035732843,0.20219805542725638,0.39489858341301964,0.5270450851106047,2.3727548086263752
3158,0.15674848927126925,0.21408529554749073,0.4771715039387449,0.5605443600494207,0.3064261941808227,2.1636317658860813
3159,0.26287442796828464,0.24288297107839057,0.476047317657524,0.48622817894766057,0.1559110118383445,2.0843855576252364
3160,0.21805812743721015,0.6461973055578396,0.3621731820377857,0.5828217379220819,0.35676781075888947,2.3471956257833275
3161,0.23494911690452755,0.6759915752741922,0.3240037554185159,0.534655110332527,0.33556015074425793,2.3294011297657735
3162,0.6607533088875431,0.28822883524101367,0.6264054808712749,0.5431634987376954,0.6303737898892243,2.4296298064283963
3163,0.6295898327601024,0.24978292977451377,0.5455470759704624,0.4687217792043697,0.658864622410447,2.44067059109498
3164,0.37652412791601625,0.4366497208825153,0.3740200988857601,0.4811294694898003,0.7695568203994267,2.209951271261242
3165,0.41585825626730843,0.38146414893802844,0.3303072079995055,0.48764533397888143,0.6833753600713596,2.2252002417086527
3166,0.14865268676002907,0.6199473776766131,0.3813580107067959,0.7850626205822783,0.6278855405639058,2.2724242347231374
3167,0.34208879493810185,0.5877317333957136,0.3124729524719975,0.6042769897500757,0.5966672464093068,2.2165632581388297
3168,0.563078346905244,0.5790566596230581,0.52067983341302,0.5184236670873793,0.426963614902423,2.241344179992153
3169,0.6900636737901386,0.5552642563108364,0.4359012822727309,0.41979626884562316,0.24758875474400963,2.2107309196769345
3170,0.4593890316851055,0.5870117864728158,0.6527022518278202,0.7044439460088159,0.26956725356893346,2.468314190241905
3171,0.5280720324686061,0.5336291220838133,0.587059678360035,0.7049190192373738,0.21135710173648228,2.434229936912377
3172,0.6344196887186058,0.40610285027847554,0.6440501310280803,0.4207277253002393,0.476370661559871,2.3150700581475694
3173,0.7401553410296883,0.36957684109497996,0.5806371504176243,0.30824662946107845,0.48328694174343956,2.2799819916215958
3174,0.12411059285768167,0.4308822382703045,0.6289555970360027,0.3213667657772621,0.549016624825891,2.386071430710187
3175,0.29959511816665946,0.38706203588519,0.5770215793652823,0.35013386298737365,0.4516069068374524,2.345827400461327
3176,0.3354354469662527,0.24002049695322947,0.5115650694855173,0.4165880048745927,0.3729729166738653,2.210807449686567
3177,0.640688457433819,0.23902274049004868,0.5081207524154463,0.29536114782806916,0.3414767232763704,2.204332247083814
3178,0.6153005395629408,0.41730780536196493,0.6242485613900426,0.4941105994516217,0.35838042472563697,2.162793656968036
3179,0.6545215815632623,0.3959751029552613,0.5865565875042851,0.46136662153971564,0.38652211779684775,2.11898617755477
3180,0.29717581924611436,0.40038693678179293,0.5084244929490204,0.5044905181928808,0.7154212732415832,2.4434032290650456
3181,0.438936961568437,0.4161682567025866,0.43892383225970766,0.5226453995037151,0.5287527049311441,2.412831329844088
3182,0.40423674519052777,0.6915150276375432,0.3804911959435241,0.5269648668827637,0.4004882135271884,2.2411019457041212
3183,0.38553720876124253,0.6606149120385022,0.3182144473580033,0.4237448500390718,0.35110715459594477,2.2342800508791245
3184,0.42486362206204903,0.07544907451245537,0.5539756067416566,0.6504835442198924,0.6222273883616427,2.182573739771839
3185,0.3755047491729735,0.09625541645622607,0.43623818380048746,0.5418084137143233,0.4036193947161799,2.1469321298093016
3186,0.5892753182449746,0.242958113662055,0.6844201737681999,0.1950851430405335,0.49553610101844825,2.248312175726777
3187,0.6428150694855169,0.20790660347742002,0.6061718006832488,0.19431785700282347,0.47774027430783983,2.310758305819007
3188,0.7266630665475646,0.3565382427097923,0.3594422701077552,0.5488477173788757,0.7099760857198192,2.3885614957781534
3189,0.8240230878960352,0.505077143910915,0.3319550018715234,0.42952395007831734,0.5510054037908552,2.372421730762455
3190,0.033626550400317964,0.5304177903897944,0.5141754509053459,0.44195631937669744,0.8876908006181325,2.2175770084652884
3191,0.16298257412070513,0.5180016291130308,0.5182604557797614,0.2984805871342985,0.769867024003145,2.1886228665780694
3192,0.23926239210468542,0.633446814436815,0.33964509888576006,0.6685081043260372,0.33552219598705196,2.334175300073859
3193,0.28548751212127493,0.6673634800224826,0.36726923010953844,0.595817260162873,0.33973607790727545,2.3046040218706323
3194,0.4369759183495111,0.37977138446625336,0.36662442577030485,0.36441197806408065,0.3166248430970848,2.2960974272283123
3195,0.5861613719097019,0.41271755527508425,0.3299563425094592,0.31608157540460075,0.4003792894541211,2.2727605047657726
3196,0.30846314691415966,0.5410407103498326,0.5043518504525866,0.4219978770454597,0.5636751458914309,2.363676386881872
3197,0.4858655495950535,0.5012417955039632,0.4676713261010459,0.3472171803403755,0.4684416578819452,2.3573144847884295
3198,0.23435267851220715,0.562395734244331,0.622148782708009,0.5314407219054191,0.3476067565284752,2.2208681977932803
3199,0.19476006210825192,0.5706958949991104,0.5630807154202987,0.3936740227627773,0.3645891423440884,2.1777406239118067
3200,0.3760206874562994,0.4652199149982189,0.22274465733802293,0.43919761496771464,0.42708887145283475,2.2253261187542854
3201,0.3402480680710382,0.3995705855892357,0.18126785534894121,0.31352340557532077,0.3337993382440826,2.205344395825964
3202,0.5066837798571121,0.5356769143235378,0.355918309562049,0.6678254239423114,0.11009612019052815,2.1519465154943314
3203,0.4634920603237863,0.5065469278594649,0.3269935727279898,0.5089062434060622,0.044668101997649215,2.1449580140145614
3204,0.17091011165995004,0.8874696248476547,0.3788324948423053,0.38660544949069175,0.6432150788431236,2.232533912539072
3205,0.33541056478486303,0.7677274180883442,0.3527365970795303,0.317350418436567,0.5414785957519318,2.2178515581040417
3206,0.5871472510444946,0.5057510824120549,0.6118325245690065,0.5964529510357542,0.24271018323462576,2.352780451144574
3207,0.6657832601191702,0.43089120530113056,0.6016307511968426,0.42905749427661843,0.17591434605662662,2.3018680452863243
3208,0.2068990453298521,0.6182866009313925,0.35743069559530194,0.40635696189489534,0.4205588965659369,2.209008005201051
3209,0.32703430233713093,0.5489740117512882,0.3250850010009672,0.3626276817983829,0.4170725301835706,2.253681250565689
3210,0.6737003644889089,0.452358480893039,0.3773313089093068,0.3382016632572812,0.22207829844174104,2.4067870755135954
3211,0.6805277632747623,0.37443136507653424,0.30955188239885667,0.33460186091997723,0.19697028773494757,2.422621904748293
3212,0.5155056537473272,0.44252001410161623,0.37088543264700014,0.23183926512434475,0.2607800635444948,2.2682576132050127
3213,0.44708128745201653,0.33185713146318324,0.34669956176002925,0.21537234353236298,0.10662296182960371,2.293386614706548
3214,0.495104047201373,0.25020094091658596,0.23749332277151786,0.35738593915388417,0.5666295014144815,2.310135744254856
3215,0.4846450944898,0.21401911999465256,0.17350804099918396,0.34818080571018717,0.4744379635923055,2.2780499251391513
3216,0.5423935055708627,0.24023743173309106,0.38056889922078413,0.592900555536076,0.2249756705910188,2.3389891621690855
3217,0.7031908936716869,0.21334025228486272,0.3476216338570385,0.5005593182886773,0.23193997810743364,2.331136564045065
3218,0.5226786282207107,0.506022439872093,0.39266952134829775,0.24983554770194313,0.6332046478715967,2.2038867143540415
3219,0.5216825977975642,0.6163801048483715,0.3221596899372099,0.2013529306666596,0.6497984275982979,2.2065993316285533
3220,0.4113202635139902,0.807635110571755,0.2994841861724035,0.5783905826079302,0.7208895949249037,2.248481839114639
3221,0.619182742035111,0.7821061107025132,0.16254378634223207,0.40898165688098037,0.5879640982765456,2.195445460611
3222,0.6197419926009725,0.5096204941895631,0.5128172871690859,0.4439056884356751,0.5896367523501544,2.249394177250076
3223,0.6649786508093749,0.5329207138752365,0.42152816134223203,0.3335309130614062,0.42798890394320266,2.2998219900765347
3224,0.5028261886750782,0.4143982062803315,0.19852549001124242,0.3902890008486193,0.5131764991947374,2.292336860811158
3225,0.5176841845185217,0.4307445516190973,0.15552087188793803,0.38853918528025844,0.258574214354042,2.2964107662778317
3226,0.49726193678179326,0.5281452238639958,0.490310961742548,0.4972510972754053,0.19483457320679598,2.400188082499111
3227,0.4615549859199774,0.5547322564414194,0.48868181213001577,0.4243989710130989,0.20653816399707917,2.3989933332389084
3228,0.31597703875767597,0.7629159922309864,0.3728106187325209,0.5135415537953131,0.5350405132528235,2.217114579495865
3229,0.3728537845795306,0.7376536018017739,0.3273654290127772,0.38812366710896834,0.4305733543697404,2.220204624738836
3230,0.47689042350703276,0.5457275898546123,0.362750220229773,0.6065825818244295,0.40816885846100537,2.217329010315045
3231,0.5103371702210323,0.5860794953646395,0.34551586616455465,0.43722259679659947,0.36905137201852123,2.171062743362534
3232,0.061814037734947216,0.5236489308190065,0.5048636941808221,0.3758483169393147,0.258674374564724,2.3082363427270978
3233,0.14331078390484914,0.5211623508008091,0.4366787763317085,0.3107975802793667,0.1898979585218396,2.282393304600403
3234,0.4413350665258004,0.683503662364961,0.6455536854761337,0.24612120386488762,0.7494994131049338,2.319898098363426
3235,0.4861243305187695,0.6842854761272676,0.6256003865118857,0.21145093432264644,0.5061714510792819,2.2561152236463564
3236,0.606084566612856,0.515561463853472,0.5049591283512942,0.26141361105056077,0.5088771202340557,2.327047510358573
3237,0.6075341944202255,0.5462124647675567,0.42952595799950566,0.23118632840784525,0.3925774935148816,2.3349256221491044
3238,0.5775250198249995,0.29757721602968806,0.3851155771237748,0.5085781734635051,0.6984429819810593,2.249824775918369
3239,0.6628665664822728,0.28461277913907806,0.29401085656772025,0.4617951335741079,0.5803359925574448,2.2164456489160895
3240,0.5329330195203046,0.5454116791215968,0.6486019522980614,0.5001841123997479,0.5464551163823685,2.282875540107038
3241,0.48425961285679064,0.5425627626218451,0.5794082133311385,0.43998985090962867,0.36137746104610313,2.2477803790258
3242,0.5326385846316238,0.8950405220447433,0.24821041393178744,0.6268415615206263,0.22002001629959564,2.2874890140580884
3243,0.48742416919830384,0.7936041699816295,0.1818664480979765,0.6443145971012945,0.23193650404756447,2.2839884695550907
3244,0.5210649654420629,0.6960883247518587,0.3579378132833279,0.40051914145194323,0.4712775915084943,2.25363808471868
3245,0.5221239005266187,0.7549295878525076,0.3195528612899638,0.2945688441633414,0.46999074669206264,2.2998303366121404
3246,0.500557784427183,0.4013431399721723,0.612462394846763,0.5666387503264608,0.4028093034253265,2.236952773198054
3247,0.4324106748997481,0.428621752241335,0.5819018201817876,0.41474093939311196,0.2676149522325942,2.2156509200033936
3248,0.41932258304303355,0.41587848013130213,0.5321362607066207,0.6302417316546007,0.485565846883655,2.266180280466501
3249,0.3518135548833337,0.41508014171311025,0.47912158319555553,0.5929712539606837,0.48566238659894123,2.262665140516095
3250,0.5616855890058199,0.4723908028377012,0.20654462706722346,0.27993104300128846,0.6007352983111571,2.2291034349755643
3251,0.6394995507485407,0.3614362711524227,0.1973231044132684,0.22219681004085512,0.4008228819855174,2.1764736643453015
3252,0.3595882355717544,0.2560547552228156,0.5119255225016105,0.5194578444462721,0.5488313849015312,2.344535761881872
3253,0.32409975335129426,0.2249917211872098,0.464109692679288,0.47781159322766825,0.44659460778632404,2.287973888971032
3254,0.5125149340614795,0.6519203136097866,0.664552450557123,0.5456629481632681,0.43870050213251505,2.464779728803879
3255,0.5601048163301002,0.6944555546439305,0.6056700295306535,0.4463883093444104,0.29457031030202224,2.4913155418697412
3256,0.34669503888825975,0.2472549886620551,0.37347301851934,0.6382326589048488,0.29383555377337406,2.2221156217138263
3257,0.4390526983156158,0.19776620090517066,0.33906165435654184,0.5058445653942524,0.14936790764271743,2.1956218012273467
3258,0.45381839543438895,0.6823504883573602,0.3985703251653727,0.4147200950338979,0.26087785524012175,2.208093298550561
3259,0.5797256469357486,0.6488543946073604,0.3400334230935188,0.33495092165727536,0.21158647760703853,2.235523030640613
3260,0.36340587506529387,0.09952644964303903,0.4856227735245142,0.36942205503568115,0.7175724855935187,2.2392044953646404
3261,0.4287062004698926,0.08101075472224564,0.44305305179303317,0.31011120068753195,0.5237754393497595,2.2655034993906122
3262,0.7521278640320415,0.6836424655508825,0.6821675382353423,0.6666842059758123,0.4214485068766978,2.370600596274266
3263,0.7151032758746663,0.7177875478978186,0.5607621404727423,0.5286788143278206,0.3276707711306592,2.3175804148023436
3264,0.537391143649748,0.7493735470492009,0.6170707931536361,0.6193687379003182,0.28800586570768744,2.2842402913691706
3265,0.7078425255483823,0.6867838657510402,0.618634545133977,0.5235811646717602,0.1054635279202991,2.3031722604021008
3266,0.43584081384918955,0.4417640636097868,0.06930312610978674,0.34256790598883485,0.6757924391103568,2.318015660798135
3267,0.5346186107241019,0.3978585783425539,0.03580285909198365,0.2884285241772564,0.3739958371995905,2.2789852052576025
3268,0.5380476331388293,0.2516634161515313,0.4820022622736223,0.37036462188793784,0.5323960794523386,2.230400972862856
3269,0.6973912878872948,0.2970369483373793,0.5335631606893151,0.3075509442243503,0.4257183453385923,2.290921025483091
3270,0.3296145117730525,0.3770096343140804,0.519512966334383,0.7272622797918199,0.5156710871344736,2.1739460728368094
3271,0.45481656922435054,0.45891833489279044,0.4721262580517739,0.5118558838788021,0.4831273509312176,2.1400405853715956
3272,0.4087310193244291,0.42651766484587184,0.19353834403275813,0.40902544322321027,0.3349842858198979,2.3324760157990254
3273,0.32782973045776065,0.3767074843749145,0.2019999003525076,0.3489981379918319,0.34535635406504567,2.3215219014405286
3274,0.224172177815937,0.5982675437410866,0.529253991034146,0.39247566399707906,0.5004652038213598,2.3025078526940947
3275,0.3001776493296039,0.6521533776985518,0.4271578785905221,0.3671588618775893,0.44696444516002354,2.3184281789692496
3276,0.23500165611924345,0.22774688381351066,0.20423236875428466,0.37261677237120194,0.3604462297397268,2.207704478303309
3277,0.4370532830127038,0.2558772303489413,0.21450093817450833,0.26934711562045693,0.2824852537211058,2.198229396805341
3278,0.4696199959520898,0.26064480214125557,0.3902613328253941,0.8301396312455446,0.23872782055177375,2.1745217913256423
3279,0.49706079269676895,0.25812013192022526,0.35245294496432317,0.6451669518627828,0.1917555139057408,2.153832291673864
3280,0.19882610608891432,0.36940189889450037,0.2171531547482923,0.6027844779768499,0.3981508478846205,2.2573969141058985
3281,0.34565675598437734,0.415068941612856,0.20476124416779928,0.55053366917654,0.34335429935582534,2.2395521009531563
3282,0.37552851481964994,0.5926600015450647,0.6219841162516104,0.10509584490331451,0.3912686987944215,2.241783317374593
3283,0.5527391687630252,0.5431703114118066,0.5743362127872156,0.05542745662855423,0.4073682759834858,2.219324601954121
3284,0.5334994213743449,0.5580136440850266,0.6177406938325997,0.5813005203036303,0.6737888505396422,2.2919714675965146
3285,0.5337989996300159,0.5502266577515366,0.610843453255498,0.4555149725801002,0.5267006717008034,2.280761019542069
3286,0.35583650073980017,0.8317977118515424,0.3311205024589739,0.4851346277201407,0.2196735949686061,2.2639302276070388
3287,0.4318755505744291,0.8288402098927906,0.3373408265145603,0.5071286243688488,0.14507123581115766,2.309322652963827
3288,0.3221928509313923,0.5926645811497481,0.8013375005656889,0.601152125195702,0.4767323665563051,2.319173075796351
3289,0.5013384706648761,0.5068401107678049,0.7367911744646449,0.593974852998789,0.49924501960736023,2.3729188435976547
3290,0.42251305938793804,0.584930348189315,0.6019217687585676,0.5065426081561358,0.47643564186528253,2.1750361390145607
3291,0.500039195747649,0.518308911429288,0.5882329407860027,0.4562019049443425,0.4211002807929602,2.0814558701252355
3292,0.47216539706650673,0.4375885427836497,0.49267807105234374,0.378699534231308,0.10720188348705212,2.2870949827210323
3293,0.5358835513795189,0.3761924484679629,0.47530693271229196,0.2839152104368883,0.05556667714125618,2.2495646752914986
3294,0.28336805135775534,0.41661031537248805,0.4969752956563107,0.6561087605762124,0.5046143086046124,2.262437715833813
3295,0.3832253677750837,0.3676138466877797,0.4451042503698135,0.599579203016095,0.4922589433755574,2.2716272050182
3296,0.3663109512751575,0.5435557930448165,0.5984537537646336,0.49559329855056067,0.48102166195144674,2.2928272286950593
3297,0.39031513501035103,0.5560860327515369,0.5983055772110054,0.4707585177793668,0.29836681256529396,2.2942362623389143
3298,0.4998235806709424,0.4241475775157004,0.6319346992948168,0.20958865289853487,0.5246117325251575,2.267260544959865
3299,0.49706683844013305,0.43965218245112514,0.5875155655465994,0.23363663396585824,0.44044184670954406,2.3256597493906126
3300,0.24502668253818075,0.38759952872556375,0.24507332244505914,0.3443683882963511,0.42284189626124247,2.3113809460958716
3301,0.45647164983017374,0.384202968097085,0.1698171241947375,0.3706320879613271,0.3275593540868095,2.284901225017308
3302,0.4603490475494205,0.5585459935584095,0.24612835515306597,0.40760279522103243,0.24966080866990376,2.3477028899068815
3303,0.5195710772327693,0.6016293637708745,0.20828757322855984,0.33054478397014087,0.1914519765406068,2.336675855044246
3304,0.16704486216034511,0.6102622417957084,0.3506975577122919,0.3756136622561411,0.4517756001261279,2.2945640504003175
3305,0.2355371410384291,0.5985343215964415,0.3432927143975698,0.39046999978236296,0.2474491169045277,2.34241422547435
3306,0.4899755263534726,0.560379219533328,0.08106649710557723,0.26954785336860043,0.43852639458559617,2.2721363416173137
3307,0.4807400964701407,0.5529927276070384,0.054509072749754084,0.21560233989814007,0.2423556295263703,2.3453226402984564
3308,0.18531506289157737,0.4205899599363187,0.3570761418870464,0.5331824050965148,0.49426197917386533,2.175144499325321
3309,0.27404421413640334,0.36558816177751013,0.3072574904247566,0.3829788247736225,0.409637379439315,2.147211473211078
3310,0.14074614001552488,0.5425112502392299,0.22750034081204945,0.28291647288462013,0.3823747390536307,2.4498490266146393
3311,0.27064251014093416,0.5830976182538896,0.18051774743203594,0.200779163366101,0.3425870920308282,2.4026570103368092
3312,0.579307635793677,0.43567295521407484,0.3377575856762914,0.3739450240249092,0.43728578333916235,2.2994406817113267
3313,0.5630765531423957,0.4143145249825208,0.3705860008268557,0.3746063182669134,0.2820873309974006,2.285230682385833
3314,0.5354992649939362,0.39555465557532077,0.4406459120820303,0.3947705520106724,0.8012403403551823,2.3450877824468424
3315,0.7836833306056504,0.35471939802394387,0.5137601468923958,0.3834130329474122,0.6493176472404435,2.3739906938326003
3316,0.6076208647283113,0.5428067339398115,0.08058593090606242,0.5523450697031562,0.3859974833739496,2.1594583316938456
3317,0.6488633616381865,0.4960753198988564,0.05953451209951148,0.4228120738813022,0.28331356095476434,2.153805322858573
3318,0.46702929661374765,0.5178071512665916,0.4828950647630987,0.4010669887491106,0.5644266412343042,2.268612302358895
3319,0.5388908854238648,0.5831675277679517,0.4688867165520221,0.28523408872288863,0.37161197808566976,2.224899907512133
3320,0.6478372379438457,0.42618229717960937,0.3396067268017739,0.6843398310846311,0.39626952685404215,2.2252944238987835
3321,0.6034828136097866,0.3878599679665013,0.3457688045133473,0.5492405644584041,0.3104276641929545,2.228646081650318
3322,0.2831053223144754,0.5475371746385809,0.6167288269716025,0.4013853247300946,0.3008813314979709,2.289993606850651
3323,0.4281054643540422,0.5561312175096342,0.6019440115336497,0.3552916424529081,0.17144384855930114,2.2434287317416564
3324,0.5469981589266132,0.2545085199773466,0.3380789106675508,0.4023817614901219,0.5878414024197288,2.1646790835436027
3325,0.7098912878872949,0.2574679511445737,0.34845521990331435,0.37754469091658605,0.5325717995734647,2.1726375490076024
3326,0.35879044992597,0.5289225037646337,0.22255017949158293,0.2782614346708689,0.629250573707191,2.2468897986158525
3327,0.6560194398719182,0.5607656145326112,0.18379663111496083,0.1647818154377801,0.39191725907467767,2.288690429556875
3328,0.16882095832596414,0.2240702128525076,0.3649882493253207,0.664227775961722,0.3530089136488567,2.2403983312585676
3329,0.27890638544562896,0.2424490447857542,0.34629830042208176,0.5823177556798577,0.3913042850365727,2.211642569594337
3330,0.558990353020553,0.2352811459565476,0.3866621729631104,0.24753794156932832,0.43024104343656683,2.3922048702993477
3331,0.6753147832084041,0.2552362496735435,0.2748089852235322,0.21324447950032388,0.25815668826156396,2.4333775821508876
3332,0.30944846228664596,0.5181480686367248,0.5022738972188542,0.4147571364248299,0.5045992171177086,2.2885227063673876
3333,0.4725072955257269,0.5266212991164225,0.47759604587377474,0.35139804770194316,0.28921325922702507,2.288593540237622
3334,0.02848677271924941,0.4105686217355905,0.512666257050809,0.4091961554229738,0.1055425618906128,2.2693917476061474
3335,0.09924244792386525,0.37947592274547065,0.41608366203850217,0.3682202899329272,0.052378704757032886,2.227948794829282
3336,0.201711860811158,0.5347321821246666,0.5203645541651244,0.3828516280248357,0.19910384790638397,2.3874455773198244
3337,0.28444700713786447,0.5524352927838244,0.4629790323380227,0.2913431311802527,0.21067844818503198,2.3597193237071905
3338,0.50421047558317,0.2672543637708743,0.24480982647103225,0.09212855444805543,0.5436820196944159,2.299306187238835
3339,0.5508735487246722,0.2504675613465147,0.1723978186802526,0.08099796402758333,0.3913799694027442,2.2744700757745875
3340,0.16835304737548437,0.23071938755655355,0.3918075680708629,0.3814368982415832,0.5202739924703891,2.3318320461133526
3341,0.3162900282032296,0.22975762367240368,0.34136725742079554,0.270184254439315,0.5053598259269348,2.3666391566633416
3342,0.6656854007007303,0.5082078400503122,0.6615777924573658,0.5284766891537092,0.7016757327864993,2.270330219903315
3343,0.5939790152766918,0.5399614269455556,0.5362716046960239,0.5361497764624669,0.566441892975067,2.3076375468096226
3344,0.4869556944855173,0.2533526955735378,0.35102889854627806,0.5833442179882653,0.5012912102627773,2.341343616229846
3345,0.5763302028419837,0.23638476975970768,0.281541638056948,0.4413421610810653,0.420679348363426,2.281337437238836
3346,0.5153919359112367,0.6964889546046856,0.6060790846317989,0.481682392431144,0.5242143625738596,2.154114691808732
3347,0.6918940462004084,0.6456667041042902,0.5984233786122861,0.4684910159078455,0.42129343893624527,2.126059826471032
3348,0.15448988670776095,0.20529623304749148,0.5172563039692494,0.24763873326513014,0.49824489462912375,2.214718076122809
3349,0.30661594598705194,0.25360882610104624,0.44498074183923564,0.19925634416334115,0.39144322366812084,2.2262264331258064
3350,0.35760391175574624,0.5837244208086582,0.23872462837305808,0.5225126420611576,0.5474575988857603,2.237903269259138
3351,0.36792293375678475,0.5230312984635052,0.17424438812223988,0.4594581285254057,0.37503418782628567,2.154971219838022
3352,0.4408560341877799,0.40978549926002916,0.23263768225524958,0.41186054219619905,0.4595655077470792,2.2653437731327646
3353,0.529498853738587,0.3897043153289605,0.18503384701423897,0.28571597462555803,0.256872426118527,2.3275136165563044
3354,0.5797737529813082,0.38000076033680963,0.23792259074675737,0.4395884431361547,0.4143059752784753,2.2417131827122914
3355,0.7145304109504816,0.4040756315067114,0.18824030623252103,0.3174076269585791,0.31409481535072437,2.2664248045568742
3356,0.2530398525635108,0.48833747743292755,0.5120716911340503,0.8121942405553401,0.5503922943071233,2.182466495995793
3357,0.454194831323859,0.38924126586431756,0.48815016186456583,0.5700095831300892,0.43978848167636464,2.184952726410024
3358,0.6956744868775894,0.5710912460393206,0.7235627455605141,0.6020747610550187,0.4526863366772563,2.2923858692330903
3359,0.8121555188673872,0.46231482779845606,0.7462087765493478,0.5334164282945679,0.44092408221617985,2.2660806053054126
3360,0.4835795608894728,0.4638219350190913,0.20478980357749896,0.6275037471491051,0.2135620485505606,2.270974200578887
3361,0.7874977779204738,0.42964266484587155,0.1768097312194977,0.5254285010444948,0.27033320891358964,2.25433238252944
3362,0.2603569090354324,0.4172056372300946,0.4885099833955386,0.5297239208957136,0.3731356996648028,2.155578982786324
3363,0.4865061239335706,0.42423605257653424,0.44007034002872336,0.5702969234635052,0.4023161496995903,2.179997421722567
3364,0.388740746692063,0.5505960100756426,0.4909064190457811,0.587615172984874,0.3336188353498329,2.3916089279465207
3365,0.6371261248041269,0.4991048967182846,0.4617718529770254,0.40560663981965006,0.2617343832694131,2.349688950752823
3366,0.3694781360330796,0.41694992402936676,0.07047715546650163,0.49910058800485474,0.4860126993165804,2.2564072222971694
3367,0.40400988427055284,0.41101388357410773,0.04329583885347223,0.4606131750085677,0.4771490579952226,2.2059582045176303
3368,0.4394836246080767,0.5691693985680418,0.4716910120559833,0.3556208966529928,0.4912116367079358,2.353828186128876
3369,0.5179832100017853,0.5013169270977282,0.465378524721354,0.3222552595533087,0.4798186448683521,2.3343061173180426
3370,0.219748726562371,0.5455294915127771,0.23216524843300065,0.3331467511315504,0.3437202453428753,2.303384390429039
3371,0.2695421572292033,0.513806019868527,0.1729428911254845,0.34019523598526913,0.386773308125806,2.3120362513274255
3372,0.4795402038429488,0.6865274643322785,0.4779989087960298,0.47629343234230526,0.4986909233983883,2.2205114897283114
3373,0.5112480532076874,0.6262864164997539,0.48231323280808835,0.40676239650064544,0.47149944450710596,2.187739583891825
3374,0.19605773544117122,0.5798092037778318,0.5103074265538055,0.5343376090051034,0.7036430359071288,2.2108050134486987
3375,0.22318748293867163,0.5227438904072755,0.4668988289735322,0.379699997823611,0.4982196518538672,2.1905339422657737
3376,0.4650921544871255,0.42000916580330844,0.38094222164425195,0.52732623326513,0.47567545038283693,2.246713672157846
3377,0.4893804186542058,0.4126802997258118,0.2834543830517739,0.5620830944027444,0.3063780991251631,2.2407528849668235
3378,0.5847883528246777,0.5657633858591434,0.3511065341007243,0.14019607063882966,0.16638080405630526,2.294647393084061
3379,0.7063412499127714,0.5210302138534725,0.31842685926609515,0.0819483246430388,0.04819915709861976,2.2941598000520957
3380,0.5419409569985406,0.38784495519231116,0.6555314405030715,0.37059802459077074,0.21457100511399596,2.1681894974537994
3381,0.4625307137664166,0.396762116817472,0.5921727581170655,0.31436463894926847,0.15787587872110598,2.1376043224885874
3382,0.3440538759792032,0.6790607541781479,0.16706668760864674,0.8118628429884401,0.47795317126552533,2.204793142191741
3383,0.4022566513752364,0.6914096563370579,0.20166453268624523,0.6855230196507129,0.4326622935453864,2.241801319159059
3384,0.370884879874593,0.715979824599511,0.18862314845922223,0.5762134282728043,0.5979893845968365,2.244850420634546
3385,0.6293049286645548,0.6736453890363242,0.23182258304303358,0.43922139160429036,0.38328374956472366,2.2925193826164953
3386,0.4499457804882654,0.2758020943592168,0.3266814179359969,0.3737564564762068,0.6417420349930449,2.3267272909121277
3387,0.5230162856893147,0.2330044738857602,0.32931118856625885,0.31523881915905894,0.5866819007876106,2.307205639428074
3388,0.2957612249084886,0.421867623563584,0.35609631948551745,0.7386817334173024,0.5866550784078457,2.284802948272087
3389,0.4034348539997537,0.39102674638754326,0.3158750737942463,0.7130122610550186,0.377984798398213,2.3489175024372098
3390,0.054133043197164055,0.5846069365641541,0.4977058679272567,0.29907695780380544,0.48644717838162377,2.3928401548353477
3391,0.1230925338177938,0.5387186503525074,0.41947181939846134,0.38413255155363013,0.2662413803751633,2.36843951451513
3392,0.4338077525025022,0.8206449463788024,0.3259447212089741,0.5106616873910076,0.21730127456900644,2.2780892673223248
3393,0.5480825966877799,0.8273910781249147,0.32101040731625885,0.5104174561716872,0.20072786514182564,2.2699378578733804
3394,0.06773130947499346,0.4397939746473223,0.23722836065881045,0.2370906740076025,0.3933968337177147,2.3011704765841348
3395,0.1235653172440096,0.38339113977629713,0.19209679186974038,0.19084928923648228,0.3354211333999963,2.302518556754855
3396,0.33693629428518423,0.6006649604804161,0.481499103695059,0.4737011314196554,0.4888995705735377,2.1783895337960297
3397,0.4236893895368943,0.5546362017757271,0.4643543522152879,0.28334720699854044,0.4790996113117275,2.129763466247328
3398,0.5227723143713482,0.3864218898633525,0.49584144313633,0.3349200614553346,0.4445568203994266,2.3162522198815503
3399,0.7231316728325267,0.3600876382092955,0.48433731613405007,0.35411629339303924,0.34884105114029096,2.3951280947292024
3400,0.2907246641711903,0.5740489401766132,0.33246294322321057,0.7213735674614734,0.6878044964744241,2.172680918023052
3401,0.22789520680266523,0.5632072239510516,0.33606434714482225,0.5753120193463681,0.5778936839310711,2.129509490076534
3402,0.4391596602105087,0.24692024149101338,0.7647838233589682,0.5208034206563108,0.43839141506351076,2.229741708521839
3403,0.34696890030897976,0.2707871559017795,0.7262103148068015,0.37053859398923006,0.5241800283120489,2.240407997497328
3404,0.05888608726488209,0.8374771934626137,0.0717489087960298,0.37603848607232443,0.3598000269846256,2.2067655209565475
3405,0.12069700054392479,0.8752628077559944,0.05324468486674419,0.30895712430355693,0.47730933702547895,2.2197549864640753
3406,0.38500033641608955,0.6599296599712805,0.5790951561627715,0.7352411832781534,0.7002964318199718,2.380341135924435
3407,0.32362940616294655,0.6623705701817872,0.5837449265538053,0.7066288721273407,0.552338053860605,2.3795100428489415
3408,0.2976623634661797,0.5103430018060566,0.38230211142054726,0.6205075306188487,0.6157336421919162,2.197323657185675
3409,0.38072827587466634,0.5250512982242773,0.310835388601046,0.6320734347579243,0.4588314504263649,2.1946560105109207
3410,0.5056765603236112,0.4333103687760486,0.37324843641180655,0.6213081130963682,0.2620424325164166,2.2713642618165806
3411,0.49864810715534597,0.36875917019926857,0.3290285065502392,0.5056526482414081,0.19141361544652047,2.2809494516451436
3412,0.014475638666337689,0.5898416633661007,0.4881258324555827,0.33672833752604886,0.8602212412953131,2.2280897523719188
3413,0.11639067346350519,0.5368872968531506,0.4416117705212692,0.34759869187402315,0.6585637134617217,2.2056829666608415
3414,0.5081418786558144,0.6545400683973217,0.326746544676935,0.07344764029845606,0.29942844378907213,2.2624919353455497
3415,0.5085149301880281,0.6635990332085789,0.30509243856625873,0.08495724928179298,0.17223024192629127,2.306649095991335
3416,0.3239198709522646,0.4215159911427907,0.325121906946272,0.47366693260347237,0.26392334721011407,2.407964928534146
3417,0.3906789266406861,0.3712963602237073,0.3251933613117276,0.5531996465441731,0.18262225215427907,2.41701351690881
3418,0.5012743927358387,0.5334775282032297,0.3311430948380226,0.49944241874126133,0.28021851878033144,2.3739941001696554
3419,0.4799854656814657,0.5323932368775892,0.3076410208694919,0.45727527805088225,0.14872372379870427,2.345249245734626
3420,0.4206918571769347,0.7058935738161856,0.6415554753655311,0.38701497865153106,0.5625902798135841,2.149891357808088
3421,0.6114576115511304,0.6814512118078399,0.5328521807972426,0.29082392200549806,0.34345285798219927,2.1051867562020155
3422,0.3173322812064744,0.7012759265973333,0.41052664014610857,0.5410099855935188,0.5248422139405278,2.2275316860635836
3423,0.4096110311192437,0.6023000203906859,0.31755080658074325,0.4153873563065533,0.38669191663033714,2.21354599795437
3424,0.1985015102062261,0.2495991559888349,0.6237227427096173,0.10631192357232472,0.5563363316940209,2.2478059604151244
3425,0.23767375794295426,0.2181369472491838,0.605644323685602,0.09316892398583883,0.43544712112620104,2.2087703615076024
3426,0.4458205877872156,0.5594103720838133,0.5100924996951324,0.3504736858025922,0.37055146339660533,2.2860744984331762
3427,0.5290569305143119,0.4804118910819566,0.44985897473455216,0.30955577378550614,0.41843679639610865,2.234700487269165
3428,0.3112204529072753,0.46927011155113063,0.34028364332328936,0.5096520426095384,0.39162504626552486,2.221293506659059
3429,0.38495043660768213,0.401168604108573,0.3342811674138382,0.4368644335828484,0.3057176505266188,2.2449409823292825
3430,0.17577158376124233,0.7112520123171503,0.5612358152854324,0.4989765834347838,0.2618145905073544,2.1372718761097866
3431,0.3151194051835704,0.7044597934365671,0.4740381683930388,0.41404769039425193,0.1732726980979762,2.1454078554577607
3432,0.40258048032717747,0.567394622105577,0.4826871757267769,0.5669737573988566,0.5056429252697346,2.291465669611643
3433,0.5258572162473274,0.508155650439563,0.40452158156326207,0.455003128851864,0.44912116147281556,2.2885507239945793
3434,0.377976180971354,0.7679403150460299,0.5388581417564628,0.3993617154638264,0.5360705283338131,2.1363561993601077
3435,0.4408187109156943,0.7127402153769461,0.445267946727025,0.34315641517233014,0.423125830257603,2.167298567439885
3436,0.4958195389753154,0.7092984699903705,0.5205653596360816,0.41919226183834407,0.44677769335396883,2.247281540150567
3437,0.46281618162427157,0.6288914403942523,0.43413109640484904,0.32515819239635696,0.27288408101916467,2.306969033556627
3438,0.31894711725275016,0.5879232222318775,0.6330415829995054,0.638231203756068,0.4841397248216079,2.2982805485940885
3439,0.41372531659109235,0.5456352801400424,0.5856607960045331,0.534227568397322,0.4582806818417355,2.2823496537037995
3440,0.5138322217530714,0.2708404620472429,0.2454287108068749,0.5477203279290394,0.4580208063631043,2.220451156750397
3441,0.5029731919610785,0.24253495915299278,0.14677976899797066,0.38886822532200316,0.46064306511132114,2.2431362590311497
3442,0.45015700813882953,0.6791856611245932,0.5474038076907031,0.36131887608802243,0.625466658970141,2.333133261228955
3443,0.5872842494776683,0.5800012453864032,0.4190087589439194,0.3238844878785538,0.6021849938413405,2.347555537016914
3444,0.4852679379351053,0.26808808526277744,0.3548967764622918,0.21317851810582544,0.3751310204126246,2.4051326831258057
3445,0.44736209699247476,0.2470245749694977,0.34939967022103224,0.22033897277580067,0.3368407923918989,2.406441692004607
3446,0.3286064685758908,0.4268444828080881,0.47625513897103244,0.5302290196726522,0.06374109629602949,2.2634918461654454
3447,0.41080250948801716,0.3773717566372949,0.48787588311706565,0.41373637025581994,0.04014505429570828,2.2103991725060688
3448,0.31265137972224544,0.5408453978498329,0.06903371983802263,0.6198800965789607,0.2844454732763704,2.2819948968271038
3449,0.4379088299529079,0.5697317735898058,0.06105169189578688,0.4674017843836553,0.19126375859587183,2.31561074316666
3450,0.6600701324643234,0.7916347802270987,0.7172674930796034,0.3210731765320415,0.5792402192503971,2.1477185908991046
3451,0.5901765349928694,0.8042652478673139,0.7307857662778321,0.30453672978307933,0.34435275502694057,2.1454886941808216
3452,0.4998037174008147,0.6614286915475643,0.48113169156932817,0.2036317680840614,0.5066715529247567,2.177034651941098
3453,0.5158859133006338,0.6338482112203891,0.4381746944419895,0.21002167681479728,0.412925997083813,2.1359681460436035
3454,0.38174883887523614,0.3687169854413463,0.5105233802445797,0.27841789003728923,0.4907526817983827,2.3410942306536353
3455,0.5895055287690911,0.37410433295597767,0.42861104818057427,0.18589301444983847,0.4376695169523383,2.2973985178881864
3456,0.5556338227932819,0.38341378888825955,0.07225262014699999,0.5575996707651304,0.35711965733802264,2.2758764700121343
3457,0.6413863647500757,0.3981008126305852,0.058597359505498034,0.385346340420299,0.3062784916868885,2.303525697575642
3458,0.4049439691415772,0.2175957771805011,0.6114751960088158,0.4211585948597868,0.41228042581383206,2.2642202750695763
3459,0.5509748931928811,0.25142271572499353,0.6267807434931181,0.3147861918740234,0.4755292140275837,2.2759202563543637
3460,0.13558475104449452,0.7073450631092169,0.5292015762751571,0.3627726661732953,0.3634917784426324,2.3349714951252363
3461,0.2777839252044428,0.7158982299356018,0.44824065363850796,0.38857303449247466,0.2493594256614851,2.341008394999111
3462,0.03134792714125571,0.5430154576296944,0.6491099046396478,0.3726826550529872,0.6445502218836551,2.358944062717641
3463,0.10693977493899297,0.5520176202558195,0.5934475681796827,0.3053806812760488,0.5751835596273411,2.3401152319157674
3464,0.3058763279725672,0.5227436872388352,0.35944916149457945,0.08429130771229201,0.3293891737246722,2.409305564545634
3465,0.4371746371865669,0.5695494549529081,0.30352882203154474,0.09280485047435053,0.2991011407772619,2.3344079358459444
3466,0.5830145574513003,0.4206304863770197,0.2564877791390778,0.4008604084260435,0.45958268586788403,2.3575879178924692
3467,0.6587463029898734,0.419008420329852,0.17304380727701368,0.38063368734765496,0.2729333603323517,2.289669913344337
3468,0.41920178164157773,0.5427140068984618,0.656780669176365,0.31542516462823256,0.30055757026884306,2.2099812290868086
3469,0.5813588453603565,0.4886858389622918,0.5629677077820413,0.3493102140711118,0.1712801631919896,2.1690856385575183
3470,0.18455328081472422,0.54917119672685,0.38306160369505904,0.4354416391451438,0.25015854200032406,2.358305428577499
3471,0.28303984596957077,0.517352719228808,0.31434538518446214,0.306944986028797,0.20175425972741964,2.365477162060442
3472,0.22323182205330877,0.5072461658687754,0.2379142552010518,0.3858265570158467,0.4918335667869672,2.3708553393758063
3473,0.26430285082257315,0.5103327150720762,0.20356906659109192,0.3382563678186118,0.3247451891756483,2.4166467362681994
3474,0.3078298025765339,0.6308932809451323,0.2069128738465148,0.8027126062846146,0.5145855218486929,2.231756068876128
3475,0.40092414774101304,0.7005184532339092,0.1936452491947375,0.699021079974847,0.4672023773285657,2.240719802685354
3476,0.18564334699247445,0.389277686760029,0.32867575759473194,0.38141472318931474,0.37105267078689425,2.333925079844088
3477,0.3186398239465939,0.33237411855840965,0.3227107404029928,0.34274785611067804,0.2575190352105087,2.324001747497327
3478,0.49557161953778567,0.44051565860015435,0.3625802749607571,0.6639698516713657,0.3858415130571231,2.338011144520305
3479,0.5065193952818662,0.4201998309758117,0.3052394418522592,0.5478057462567849,0.24824349621325664,2.3656106754438455
3480,0.1391438127827582,0.5734765603020222,0.22405206463251537,0.23005087430355697,0.2600065963177934,2.400355038757851
3481,0.23885099046828462,0.4830346348797672,0.17598865398673053,0.1643163297352691,0.1834363135444947,2.3857147226452167
3482,0.16421680100970762,0.6596184752784752,0.2355546577733009,0.33904115960129405,0.633087670133977,2.258075714092875
3483,0.25344228716908557,0.6958527676923111,0.15952741754424632,0.320263141974102,0.5627498706258062,2.191674122410271
3484,0.315647028616744,0.5515897397065479,0.24413554935582532,0.5137304599580824,0.3277156740076025,2.3165287884313925
3485,0.4138447305665802,0.5110695582346256,0.1746748403550073,0.4053870089005665,0.3781924842660948,2.2927120557101865
3486,0.3383487342660949,0.468284300139151,0.32383625737726784,0.4755303305622979,0.6293186217355905,2.251070180927826
3487,0.3870448687542847,0.371928102977025,0.35254461220387284,0.4558613829211907,0.6751439465529138,2.33605628249037
3488,0.32190300663729476,0.6837652181406125,0.33513594742329494,0.4379227261923845,0.6385322261706202,2.24012351072856
3489,0.47040007268446243,0.6621694938195766,0.3179000027636687,0.40719924408074354,0.5923579303186117,2.2847817433190065
3490,0.3123124702733011,0.5893255109244347,0.368334278660272,0.20459762652330066,0.4503091547918202,2.2965282290650455
3491,0.4207934048135842,0.5438924804142329,0.3106349327340558,0.16890241754424629,0.31027322773762217,2.3157186184278262
3492,0.2238649522325943,0.4227977603150456,0.522078084283401,0.4239729062064744,0.0925722824250784,2.3244042608156157
3493,0.45171833487120194,0.40380108186795743,0.4531497467357656,0.2789327227758007,0.06046832607928201,2.2732356457171443
3494,0.20235883049700604,0.4056280589310709,0.5079768058625344,0.4967734523633528,0.2368971662603509,2.1708344163038795
3495,0.30680757026884325,0.378431583108325,0.40544281900671153,0.4439530165605879,0.2454980785384291,2.1417747676705474
3496,0.653491645194986,0.07059795686795713,0.23868521846707105,0.20850289543421358,0.2422680568419106,2.2703439129743503
3497,0.6203788677313815,0.07458344400671132,0.17015867304999055,0.2082742974843042,0.20332106844084977,2.305830037669655
3498,0.23984450594084966,0.5709860779072755,0.48709616697855973,0.6184762850148086,0.2809562643192551,2.4514412025590526
3499,0.22000034520800923,0.5461863306058254,0.47428115862191833,0.570041345708404,0.14747364948195096,2.431983222667156
3500,0.37193122743292745,0.5565111384488733,0.3407631039779901,0.4066423510400369,0.24758785236763542,2.255638616556304
3501,0.5639938882092956,0.5046579485113156,0.30264595667208216,0.29793677765930693,0.1864941678924691,2.210918381680823
3502,0.7987770409340671,0.3965813320420688,0.4909134458782324,0.6781451561411823,0.5797081302008766,2.348653239532437
3503,0.7618061085261217,0.3849285434365668,0.45815196222135407,0.5275334230935184,0.45959930022638174,2.33894176632136
3504,0.33238669509473173,0.5599661485898055,0.37547910006083635,0.3557364869646448,0.5259877516103565,2.235938605544817
3505,0.3875916105066379,0.5499745540563049,0.26624241819716365,0.3432877741990203,0.44095125419991194,2.1912367897805796
3506,0.52854598916245,0.5764025595838131,0.08815474146924916,0.6525070857633475,0.3902675927270983,2.2946724784338928
3507,0.5270070626305858,0.5102818451644814,0.030192249172973633,0.5599749014622919,0.24706537230145223,2.273440556733092
3508,0.3330380412168229,0.5793449023328482,0.4869103742817929,0.8088957425137424,0.14545546546382684,2.354238143606395
3509,0.35882652121771447,0.5037523553271772,0.44434774710557695,0.6611583938893262,0.23078576627783165,2.3075610167999905
3510,0.6341871206693344,0.3939268146760434,0.6006053944332492,0.2244399147805798,0.5643221045873797,2.4191771813413405
3511,0.6091388114553341,0.3824977058017005,0.6310129090789607,0.18821813118025277,0.35105016023227287,2.4327176186019375
3512,0.49102597945679594,0.6201934923613946,0.39407104311010815,0.4874523222711229,0.6903763813545389,2.283754514079851
3513,0.5295755869166592,0.6246002048007355,0.33333608561099964,0.3804962605978015,0.5239969427444042,2.2889573995907706
3514,0.32676260626302556,0.5614120771890666,0.36066808273833867,0.4592447465181262,0.47213278884473187,2.2351504074250785
3515,0.39283160513130194,0.46934483680801486,0.34366603682103813,0.44710755705937427,0.3158593050792089,2.189269204778797
3516,0.3131570312715909,0.5554094548440887,0.4897659680100289,0.3496926389710324,0.25397894535589854,2.2734349960393208
3517,0.4352975571466054,0.5170972091965205,0.41935546215606234,0.31407048594174103,0.20796165764271704,2.292030131267308
3518,0.20783556643874512,0.40665125034804983,0.3528931201687642,0.6383767409033875,0.4871565676792877,2.2957897953080884
3519,0.1977822624912615,0.3761251673703101,0.3152088613334913,0.5542137464745988,0.4380849564109151,2.346531285798135
3520,0.4183998227279897,0.4321849195245875,0.3476809180230524,0.44820096185136765,0.3701955789952963,2.364070970991335
3521,0.526746059627341,0.3860775551662645,0.32377647717176034,0.3305591762491106,0.32200435110550396,2.3489013163953927
3522,0.48482463827476224,0.09458837980930111,0.5129880670916621,0.5316851672830794,0.22781972560493388,2.2353025540780695
3523,0.5502771780551652,0.08944130440452759,0.41932369957774723,0.43522262872128065,0.18369939219174114,2.206528993797812
3524,0.27739336792725616,0.08493326947677661,0.21503495695501296,0.35894600291601586,0.6013888775026769,2.311753569311406
3525,0.4621471155988678,0.08230683746075719,0.1742348683190067,0.28448147684530206,0.6176604078819453,2.3549815065720034
3526,0.4668435716397946,0.21614678085825167,0.21648179892054703,0.6180952365509556,0.4239099228323514,2.3772367093923967
3527,0.5296198015755693,0.22077234629602965,0.20147366434530165,0.6100352454301061,0.28828681069377243,2.4045887949381015
3528,0.5928002598797675,0.22402135086610053,0.6896007487812231,0.2201864087960296,0.4773530556448953,2.2722567934148032
3529,0.5994887767669865,0.29600706870201665,0.5663776118775894,0.19856316288729475,0.4260207661690123,2.2893792343966775
3530,0.3229061883486194,0.2434361081780745,0.35447230225007564,0.7263895657207109,0.6723363691676243,2.2663443831605945
3531,0.3896915246342985,0.23505545830420035,0.33623449558227847,0.688280268910915,0.5640272633618181,2.279808854173866
3532,0.3579071672397268,0.09667085591480291,0.23272408167208186,0.540877374586488,0.3914318881222396,2.330500298419977
3533,0.5819036249345353,0.07756922349400931,0.1818185562107571,0.42069658321714476,0.3340250368863296,2.33192594642233
3534,0.34163018963251524,0.5321323015971581,0.5776433172657736,0.3108113410732163,0.5265713993080151,2.2605175376696556
3535,0.4178565660254057,0.5398933111943426,0.6286653354151247,0.3021769969097021,0.4254869505569481,2.296123008617635
3536,0.3107963960218395,0.26532285006083633,0.43014873372199725,0.4101334434626134,0.5447695819114851,2.3373210199773466
3537,0.4060617033425534,0.25466532494773386,0.47200615585825195,0.3376264298180418,0.4245662768758063,2.373518260010351
3538,0.4204264777374469,0.5716488950208743,0.4966388114553344,0.3635546831040424,0.47360778388308516,2.2090098099537987
3539,0.5634374344751685,0.47635675433049535,0.48167975302483534,0.3583648591790395,0.45022589082078973,2.2420917839483767
3540,0.5043193209435243,0.5081892177706263,0.6839565715311495,0.44252265350792463,0.21971995299433125,2.455199479173865
3541,0.4708957193809806,0.5257659553446586,0.5268528183537938,0.289212142692311,0.21254851238244205,2.4089815891581665
3542,0.5375956263490145,0.7148315120777474,0.6554806273283906,0.20140840215873712,0.3848030837177144,2.2463646791433605
3543,0.6256479397850377,0.6178721315720032,0.5816295713352747,0.17851082024707907,0.27718971988155044,2.291432936934141
3544,0.1490552678011305,0.596546930057445,0.615721122388508,0.5113623238161854,0.25683836274797067,2.298268107503394
3545,0.3051932869949746,0.5440179401330852,0.562546076144574,0.4259247005134207,0.22673987843835017,2.295624857960436
3546,0.17261488890574095,0.0923315819985405,0.31337264634829815,0.4139325174093803,0.25400522595315655,2.1717908903855108
3547,0.2840210667869676,0.10356205074854087,0.3082560815414984,0.3192307016451438,0.15214015868721023,2.195456581998541
3548,0.4865203020542005,0.3928969460305799,0.23074336736156942,0.560953133269413,0.3380827343313868,2.31510953577637
3549,0.5188962363552554,0.39686790544473755,0.2142684378480495,0.4302119202645603,0.2936276647370523,2.290310341247327
3550,0.21709143434440983,0.22708254382831736,0.683255325600651,0.5370561255874525,0.5868854921004029,2.339465351932357
3551,0.18225804319716388,0.2579879272500756,0.5415248860548436,0.44056126068503226,0.6508088393105145,2.39466546259134
3552,0.3048846172527503,0.4183892541128563,0.30001174188276364,0.36972267111335255,0.32962501266537286,2.2432341184495894
3553,0.44897880551431213,0.41497907912605436,0.36478445484408833,0.2536839576948108,0.11038185893963645,2.2385614957781534
3554,0.40902919916423275,0.6864510130353593,0.39652565738155043,0.29758235939667865,0.39619237634918963,2.3099381309626135
3555,0.5643145249825212,0.6737093992425482,0.2753874895542003,0.21393759305355672,0.27441085933138687,2.3869025237856807
3556,0.4046553091050069,0.5658032130919105,0.47621350698551734,0.40349296489813985,0.4116654328646394,2.212890343118849
3557,0.513331431689563,0.5697139749737806,0.4624999212872891,0.28779330736406955,0.24131991830598354,2.1836081312890716
3558,0.2630322707606726,0.23549641142928765,0.3273244175224824,0.5536560865031449,0.6636253705387504,2.2998978886010457
3559,0.46637899930355703,0.23400306500250193,0.3415215584305012,0.4265363658382709,0.5339708173745927,2.2436148063195755
3560,0.6284600747952115,0.5702632884096286,0.23445075208898747,0.5762123904508039,0.5753305061804275,2.2962883632920676
3561,0.6385950063763028,0.583191372127341,0.16879121465873678,0.36517376014093456,0.364286575078142,2.2682024235940887
3562,0.30989517927394405,0.6878009546917414,0.588837917892469,0.2169789794785599,0.2577625214788815,2.20936735267233
3563,0.40848308889700014,0.6253906250000021,0.5981571077863241,0.2224650997779049,0.15768258513219363,2.181126548202338
3564,0.6026019561715124,0.6877408358721666,0.3591077370950535,0.6573990684626136,0.21634251068503188,2.372752857438102
3565,0.6309566816460352,0.7098235894628616,0.330239588287786,0.5574831780771038,0.19926148753033146,2.3580439515145604
3566,0.32829104289246924,0.41000973176359545,0.47436609190006973,0.4405759238552554,0.6850159129525865,2.345715701536325
3567,0.38317163331294063,0.33627195429999057,0.5064020112073658,0.32295109122556354,0.5297888334783116,2.3415611037821145
3568,0.1672164090136686,0.40811310508777443,0.46963390318146586,0.3684028117382654,0.4658227487378705,2.279976994690134
3569,0.2475918791999117,0.377117577298061,0.4710318154377803,0.28268043077547883,0.4515822955473161,2.259566827450233
3570,0.6187429731675508,0.4166620986463572,0.20736348222046241,0.6984435457433664,0.4282662961567054,2.45679846779239
3571,0.6100352344402062,0.4327787862334128,0.2003526702427963,0.5503065153855117,0.31113156051966145,2.419462435040855
3572,0.3244349068592167,0.5537009216572756,0.6483613763272503,0.6356929759096288,0.5369929500347895,2.1574671164910137
3573,0.4474598209652882,0.513526326862783,0.6004636809497654,0.5915834142800097,0.41582537715427925,2.114589491948055
3574,0.5796906244559044,0.28034474542993093,0.3588638444897999,0.21290139678357617,0.5170828846403642,2.323284721861891
3575,0.6644564526243445,0.25097322388576015,0.30342116092871774,0.21410523753033162,0.4664341889144814,2.259042892235269
3576,0.5109067752436879,0.7388294469011359,0.6555732189241132,0.3623786348362397,0.5281328504961146,2.216737929448055
3577,0.7072633220097806,0.6412802265188431,0.553689518388581,0.3119326170568749,0.39634160171471844,2.166792002524265
3578,0.23244432094352413,0.6205951033033089,0.48182807601399036,0.6903620567983829,0.42821020416940736,2.3710871404943314
3579,0.2628596183625346,0.6560465551227367,0.45061394413729466,0.5278250721403641,0.30864087495647446,2.378164962678396
3580,0.2941618189631833,0.3784723237073658,0.3718182765275839,0.49448356128122295,0.283214934605577,2.1807669975626194
3581,0.4462083592225672,0.3894239231152826,0.3199357712394786,0.48458970171043564,0.20979189460736006,2.1080984419175497
3582,0.33056640625000216,0.5523489610898057,0.5017692725016104,0.4068010394758849,0.7342537812717659,2.282782395738909
3583,0.4166683475581613,0.4605831494601873,0.43896407681925526,0.2806762217095437,0.5589546880656889,2.203887898611569
3584,0.5024428613987832,0.560846509988587,0.5035921550096342,0.24667169056836363,0.6996605267887503,2.2871592070855957
3585,0.46067774897709807,0.5352402809017798,0.4460608598970736,0.18399277826852123,0.5251754272500756,2.344414960480416
3586,0.30373560552305273,0.5250542085218393,0.46998595292903944,0.3947608180490993,0.15903726381868497,2.3543663104543695
3587,0.4547082089135896,0.5592718507790452,0.45889248261221294,0.321229496452835,0.07814918297345903,2.3241347081083257
3588,0.14999325504870434,0.6829554654638265,0.3263523778942522,0.38317913420508626,0.6753045074643235,2.3355792580735373
3589,0.3479204341920629,0.6117020679186906,0.34009931676520366,0.333148702319825,0.5384461086349414,2.312642344968606
3590,0.48679770525760296,0.272316427184784,0.5248139254220815,0.17754225467871795,0.549152021674757,2.2324923482763688
3591,0.45219152463429846,0.23663617424700592,0.422231561629446,0.22334991632564255,0.40778844148227267,2.2314745711176354
3592,0.3746348776766133,0.5592151950294398,0.4794571540302579,0.5494787719141596,0.6678088095838131,2.314827620691098
3593,0.312311703342554,0.5172366438675622,0.49611932039942686,0.4691040576687637,0.5819787675182002,2.3037604199816295
3594,0.2699563447074393,0.44311512180088264,0.4922725687237805,0.5331897028202198,0.4867658639665745,2.250009452080421
3595,0.39049418275581943,0.3837676543784812,0.4554355212830062,0.4670748986986252,0.2760125660689334,2.1688060132745877
3596,0.4143403095402851,0.5727062285211226,0.5297582551575238,0.5871003292564628,0.4124261093966786,2.2218386468271043
3597,0.594516789998219,0.4688022573335647,0.4470684967573545,0.4344417960480609,0.31915709292297334,2.228606739467145
3598,0.1969493646630199,0.533028374978063,0.615461788692384,0.583466553251215,0.6709571011707953,2.294027877263098
3599,0.29681000870469143,0.5532465006093915,0.6007709632660216,0.36237870255905286,0.5016048879263645,2.2447844592400488
3600,0.32564264998252074,0.6720042046699776,0.34651926203421957,0.4094183012926385,0.15362544045954393,2.349035810867884
3601,0.4737015487464359,0.7116386104848742,0.31125687380298733,0.2632263312803316,0.059580870125236315,2.3507914580212694
3602,0.4105229629177991,0.6985948577427964,0.5489830465049282,0.3401282367687696,0.3729477526113211,2.2534608527158575
3603,0.5827399968226464,0.7147697916738653,0.4153252862987046,0.3424739269671444,0.32454792548737355,2.281125645825965
3604,0.4020974211568805,0.5642640614118068,0.1912575664169807,0.5718063204864822,0.3755375605631893,2.3529929984982925
3605,0.3852581362507188,0.5431092902158582,0.21142800332953038,0.44173397033859246,0.3087980185409286,2.331107858199838
3606,0.6235817961568807,0.4097516500478127,0.5176910759053459,0.5012858637273467,0.5110474618950703,2.2656409151505663
3607,0.6522190462219973,0.41379837254085516,0.46762530668938823,0.4410382063891511,0.47112334723170285,2.2493163275372887
3608,0.5473165058974968,0.3667539800442464,0.48351478375250184,0.35505581450210694,0.36854697244951706,2.4284111560758905
3609,0.44537288971083033,0.3832904945160219,0.4399137382267766,0.25842157166155844,0.3129000660905224,2.383411149481951
3610,0.2938542547657735,0.21137705470922247,0.3518786816242713,0.23920838675128844,0.4295626607763706,2.21125548637702
3611,0.4078962490206265,0.24114225798648214,0.31932814373680407,0.19271921798826552,0.29193671600792415,2.2119169050747516
3612,0.15948008941933386,0.2160681642147183,0.40694241434530176,0.42233671877159096,0.42996913320412117,2.3215583900590535
3613,0.2818271736376166,0.17994675498341264,0.37294163914514367,0.3339260609331755,0.454062908534863,2.347777953777832
3614,0.3214619180665803,0.49722482766804754,0.3379384381745086,0.4817003264927964,0.16537331363155044,2.3044762613595373
3615,0.38779226954206836,0.49875360291155835,0.3710956224755638,0.4327605025677939,0.045551802010672326,2.289246206062867
3616,0.3809987309583307,0.25201463124554424,0.6122474789779897,0.32256081582953056,0.42306868945840387,2.3331224894453806
3617,0.40405123437491436,0.24133952167475672,0.6218216828646391,0.2849085904638266,0.2745739242034781,2.351790827058658
3618,0.22115164674004825,0.44281999869416744,0.4722586768802642,0.35510355995379966,0.36584985299878875,2.396520232133408
3619,0.24223836990759723,0.4054884210915887,0.4944837644496635,0.3279119566067902,0.3388504944287911,2.419320157795064
3620,0.31445548252515737,0.7498340815632627,0.3759261666521012,0.6877865056798577,0.5212129498171505,2.1668322470838133
3621,0.4447134222013736,0.8138338233373795,0.31643390703332797,0.4899726727888238,0.45893925796471813,2.1447969680535572
3622,0.3029027864075239,0.42747837991812077,0.3474163842270251,0.2148772496082516,0.5966746008659257,2.396091381484947
3623,0.4054831990118856,0.3978114533860816,0.31507032903882404,0.18866665292029877,0.42523548933673616,2.34778017585736
3624,0.3304017397936032,0.7027245055928019,0.5022022286950591,0.47782153035768177,0.5477396494166594,2.2827624537560687
3625,0.38671374207863884,0.60987946729182,0.42907389447677685,0.3222417806406124,0.36623331572071083,2.3284126789474855
3626,0.5373519479021011,0.37763435023494746,0.22615706539425215,0.35867290842604355,0.3627419524068807,2.1516804478368106
3627,0.6979648520194132,0.3872187731327635,0.2208250319462722,0.32874700879174706,0.3839993090614791,2.1116933040563053
3628,0.5331866460871308,0.3855776564892301,0.3753724767800102,0.41551524127337436,0.4366439570203044,2.2427064950164173
3629,0.6865244075991895,0.35546576098972665,0.3118118833782328,0.3104253066677994,0.2243042360505606,2.232879363770874
3630,0.27091831176002934,0.7147687538518639,0.6298621603193286,0.22596808051876985,0.46016820604110364,2.2741150480066388
3631,0.43593728584166236,0.6308246124215119,0.5890625677228156,0.2013255445245875,0.549806763144004,2.254491274133729
3632,0.2051733450121339,0.43688382279328175,0.22465204480751827,0.5412795383008092,0.5145482662994212,2.3200281486768617
3633,0.23868451925913753,0.38742652672345873,0.1961239109940095,0.41896108121504005,0.4402860905510571,2.3271470390841342
3634,0.37179020216747743,0.6733101568156888,0.3668056955953019,0.5364389892714443,0.5764734611768613,2.3725574772152886
3635,0.3164532962437614,0.6837980295308282,0.33112293869684234,0.40456585295508596,0.3159260224145546,2.3351235063326
3636,0.2895884431361547,0.33132110476149085,0.5044582595750727,0.3206906839093069,0.7522686074163376,2.2296721376218454
3637,0.45707573555016556,0.4602632118948953,0.43896449414603517,0.3332918032292765,0.7026604166738653,2.2002149048788766
3638,0.33419386562063197,0.5500508131746831,0.36303804561278313,0.5092876982067959,0.5053489077078339,2.307484497780258
3639,0.3693375958172237,0.554697775744083,0.26048000023923024,0.4401948863813021,0.4800775722275951,2.299823445225315
3640,0.3948396378610732,0.23043927722402888,0.48858005033502655,0.6952772523719182,0.23098365046132696,2.2753252163779107
3641,0.6104624267714444,0.2332029785644758,0.4832122951992686,0.5404027864075237,0.12415229256601015,2.2175004107328427
3642,0.2181920014144813,0.6382571914822729,0.48660481800557126,0.529080222101294,0.5192892975931237,2.403484686085348
3643,0.3176971106588102,0.6319700146457135,0.4717006782947429,0.4643634546917411,0.4110427925877744,2.398348461176861
3644,0.47939890768624505,0.24737148135008136,0.5119583338918254,0.439624660863426,0.7192033832258852,2.2763912350278317
3645,0.7269586069810597,0.2541776641929543,0.3918489968879381,0.4217065098797673,0.47973823446197017,2.213954895630089
3646,0.7885810314241133,0.5170201264144817,0.46582983230323516,0.5922266957476493,0.4113006711351166,2.296120019607361
3647,0.692702739075394,0.526998366491013,0.46931229630905313,0.44151863714303863,0.32726790820840407,2.3056420228933607
3648,0.15770253810493381,0.7634088530856696,0.21459483848348593,0.6183736885662591,0.3419907213613214,2.2867066475233737
3649,0.2239565627392302,0.7540466547702315,0.18864754559101896,0.5359647397065473,0.37037393852273093,2.2678390492905334
3650,0.3373096167086526,0.8014226480021802,0.6054417701948108,0.5290009739726406,0.33682307248858673,2.2761004206345468
3651,0.3434448610505606,0.8127643306275893,0.5965700074860869,0.4720954765625461,0.3283971811237014,2.287258318484377
3652,0.16580132962644958,0.2531012910862396,0.35004669663979454,0.07930562787248807,0.5860213167434396,2.304745047136082
3653,0.24203645889182557,0.21666036161642244,0.33191816364903154,0.07536990509651499,0.34813222560493395,2.2531132471273416
3654,0.27475894996949785,0.38516326584255356,0.614604922049026,0.34695472218835,0.5374630153419838,2.226046550726777
3655,0.4735521769453808,0.3742390415868096,0.5698518757833279,0.2918730444157679,0.5156918637708744,2.201295936302987
3656,0.48313596835807676,0.6676633401593067,0.22854398124126168,0.33143210447855964,0.5337834230935184,2.3952277698902917
3657,0.7188145062457195,0.661964932407597,0.17849330351220738,0.31582023378728913,0.3715547128307438,2.37160461263915
3658,0.5642130450686852,0.6170506370124558,0.222914456171512,0.3931543962612421,0.10007853793082243,2.3733637448423055
3659,0.6606216569898001,0.528616337983091,0.19329521835825192,0.29713696211253426,0.057879149612534875,2.34719834390235
3660,0.4391844856589854,0.444181625500397,0.36981795884829793,0.4117644875305065,0.507174361899353,2.3583789018540426
3661,0.6879929963003124,0.362583963178966,0.34977924155630474,0.41014692237530936,0.4771221569027443,2.3846506551835707
3662,0.3515986390145601,0.3772469284035629,0.31893821794473765,0.49860452398155636,0.6625255703994267,2.2746292492600295
3663,0.5962559015058195,0.3540543588308171,0.2996152065850264,0.4400253584390663,0.5857460788866515,2.253630651549348
3664,0.32523485785161566,0.26314271770533454,0.5412392260184483,0.29359659037677094,0.358305710458652,2.3399052562455447
3665,0.3723176791651243,0.25854544078600256,0.4657418313020958,0.2091904592835765,0.2516187951557408,2.342591536189885
3666,0.3550984165868093,0.377418881593767,0.06510307270622592,0.4800686051967691,0.5025311332911769,2.197806862791498
3667,0.3574867875826,0.37508541832774706,0.06299584986496098,0.36306076244755886,0.4642553762621342,2.1947442824033154
3668,0.33847593101488194,0.5334587027551034,0.3438776708084829,0.5135075581475698,0.45482247952208776,2.3747649957128627
3669,0.35196312985282924,0.5248273366119645,0.3175151526157793,0.3636362100451379,0.48060657209683666,2.3258667360505605
3670,0.3684854552140748,0.5104120309235436,0.5069622886053287,0.5283253094314662,0.5160705327297731,2.216150807690529
3671,0.5831729530160948,0.4588540428054137,0.4767111048703103,0.4226654201992687,0.4094202414910134,2.2146473209652884
3672,0.19007040775153683,0.23796241797952478,0.2391253936715121,0.4105612562890722,0.3491745353410924,2.284778551140291
3673,0.2574761512446528,0.22398715204991723,0.1932425327080093,0.3276960029160162,0.33636586559886794,2.2691370722274193
3674,0.3026394258791242,0.5791174776505662,0.8059192906511362,0.4341608400720764,0.44186602857321633,2.3700943132398
3675,0.4132514953428753,0.5450343298658524,0.66382477759384,0.33448718397459887,0.26751021241722955,2.437148503024835
3676,0.3339314074686061,0.5409329028114795,0.36385793858802273,0.3104893845968367,0.5060793555230525,2.1566794034208683
3677,0.4049644071639117,0.5590549269890834,0.36374151362281,0.20412303834433676,0.48425343166779905,2.1653287603585727
3678,0.10480134229181999,0.4547094608939309,0.6051237160949801,0.4542527280639057,0.6422135554490203,2.2684618250130257
3679,0.26714086009312377,0.42923021439757025,0.545008680753715,0.3188094983243558,0.5756099173050183,2.2785009508398795
3680,0.15412324151277704,0.37441683735193754,0.355097581933249,0.3917053999389931,0.26961798803090126,2.2257583757397996
3681,0.2128920801487832,0.35131769402847507,0.32024465514004297,0.27649166612976744,0.23415883215088817,2.1962408210088165
3682,0.4523280270279787,0.42636648829206836,0.6230961433232897,0.35976645965356274,0.31184705229360354,2.2051114104499114
3683,0.7496613724322106,0.4189390525982981,0.58569033650332,0.28520252931301404,0.1492711537690916,2.2112023833999968
3684,0.4695292310889142,0.5133993442723359,0.6021407224495171,0.21994293351755673,0.39725185321625295,2.2188584280335757
3685,0.51223781273923,0.5315592225146337,0.6209288016624499,0.16170497821625285,0.38698169320162146,2.1826860591920636
3686,0.34645441717443526,0.2625698527811502,0.521470050443846,0.24976992492151193,0.5376412961567056,2.2896661574033144
3687,0.6710945736636633,0.21181841417119052,0.4458891885880225,0.21310956770105147,0.49477403706044104,2.230257860963505
3688,0.37541161579474297,0.4272535269193339,0.3444961378175455,0.2286414910557352,0.761051635162873,2.285559034209544
3689,0.3791944817198924,0.3500528888186849,0.33506457177055277,0.22473705679838252,0.4680056449554078,2.285955287626128
3690,0.20080703455776633,0.6888973594839088,0.19202415324675734,0.19826762245379984,0.842121189001537,2.270862355218358
3691,0.2650368294305744,0.5858155033511192,0.18468742568324908,0.1939220209130197,0.5088065682449743,2.2627223490381074
3692,0.3452570285079244,0.25738253281682866,0.4778901988813023,0.38457774566933384,0.3261196066765395,2.2114333498649605
3693,0.45683350126213396,0.2368762431884234,0.497508547506068,0.2964751938108363,0.3453562076295192,2.1670090727497535
3694,0.44462438337823235,0.2959633500826001,0.2303910357328427,0.4336050068331697,0.5419184323423056,2.212871089354043
3695,0.5341550762098656,0.25754788749126173,0.21167224553875041,0.30013135902669225,0.424692153921439,2.1856477911515313
3696,0.2646871481980554,0.5862593777636687,0.17721306820144628,0.3867517535687581,0.5111234848753098,2.214409192222247
3697,0.41256838664246887,0.6012811376871371,0.1828485712917468,0.31787192840356254,0.49284100047880813,2.259974484135512
3698,0.4404581791868885,0.41995133678607605,0.48356343158056836,0.24721877093478384,0.3927575113595381,2.327515353586239
3699,0.5821740122953866,0.36138379966052014,0.4600704820682903,0.24421958025760263,0.35880539497734654,2.322512788496684
3700,0.4892175002176412,0.6047718017930335,0.626029315873058,0.6437638285166654,0.3081725356893149,2.297446545221032
3701,0.5131364578036305,0.6934964411559892,0.539254744777014,0.5950244604586525,0.4140536684148031,2.3573488867730528
3702,0.19671367215784552,0.6526450542957076,0.5941965705517739,0.4960409856370465,0.4122526900677934,2.3350512850363967
3703,0.227141410667551,0.6759839956693341,0.5555276168392356,0.47438028101059904,0.2401339329081669,2.3408061343793727
3704,0.28327491797952475,0.48668844257046806,0.37526668815274467,0.5002279664647915,0.42936477659287564,2.3088539073597865
3705,0.4584598082999173,0.4979096624084887,0.34023152143535385,0.46322627454741777,0.2195019126696559,2.2900221662603504
3706,0.5744734143888297,0.5259635576470002,0.4630030121430389,0.4005672365076032,0.15580856182532082,2.2791994896412566
3707,0.5916531316155307,0.4987189977584942,0.4766257432754788,0.3095941458694918,0.25241554297952457,2.2270302755048554
3708,0.6140809868340618,0.7083862105676468,0.6395655121430388,0.08244432094352436,0.3777127527201409,2.34450712375946
3709,0.5805089158468365,0.6160521026286274,0.5398585486158524,0.07941064956900663,0.26946590910072415,2.353159751588592
3710,0.49795818578082807,0.32557481611246136,0.23957878788729484,0.2784870546004028,0.1351028651418258,2.4310753964135894
3711,0.4312093271237746,0.41555339919902023,0.15586353727790522,0.17852659995201656,0.039453395891255766,2.4268423961741865
3712,0.5427481270019315,0.5247141935280801,0.4735560683320299,0.38185066839303916,0.5870522342008034,2.2508843205082463
3713,0.6095883142844676,0.5701779945376103,0.40736932479538634,0.3516115651548491,0.41103181763575986,2.192789905422972
3714,0.3497231495690064,0.3741056636490316,0.6290996790345412,0.35350116499821915,0.5014049958216813,2.22233609827637
3715,0.3467466867165016,0.41797207762434496,0.5728131904160162,0.3352709269453808,0.41905352637523585,2.268520973733413
3716,0.20223225424343966,0.22998825152330107,0.19425954293599712,0.583546546330817,0.2948446457824365,2.3353678949773458
3717,0.2501128044698192,0.2695675244601872,0.2035119367817932,0.5651500622170711,0.18455626982499926,2.3204695758616425
3718,0.45225200404773946,0.5453421082216025,0.4794123975888409,0.5550077084565476,0.24010314042903944,2.2701935710741084
3719,0.5706012167694862,0.607455927380659,0.43555895549683066,0.4011707584652881,0.16154630077030485,2.2356473061019373
3720,0.41850449482054153,0.49027447312402306,0.5934315853063047,0.25192427271924933,0.25248943358284814,2.272447379874593
3721,0.3740615277028344,0.520084308386973,0.5313898410079245,0.23686623833559636,0.10024534775403664,2.2976153739553347
3722,0.3256983923658522,0.5305869687280633,0.3732460678967519,0.47190634525153685,0.28974761662159654,2.240191276875807
3723,0.3576558981980554,0.5144208773720934,0.3194896857373003,0.4145554285774993,0.3434002400547701,2.2195824695115642
3724,0.26159481315274424,0.7802461190807433,0.33734951166423277,0.2652911552053345,0.4990536772067225,2.2771127048223243
3725,0.4307644258791243,0.7562185760357545,0.2901476259792031,0.22318539630477,0.43257442798987356,2.261561313544495
3726,0.5837707111115696,0.36907549825906405,0.22203527903025844,0.3471034625042848,0.46765214005905287,2.201676691895787
3727,0.6510047045829216,0.34009000013041063,0.21630636068057413,0.3188539051618069,0.4704016742687698,2.243406218075321
3728,0.36002209414157765,0.35100054230501854,0.46126396835825206,0.3331851232155368,0.47256422216658606,2.3245340292478978
3729,0.514708071269983,0.3692981859112366,0.49852861446714447,0.2873355367120434,0.41343109586075166,2.266349176923617
3730,0.45151467583559635,0.49582357679749084,0.6533299000260487,0.4308938447074391,0.22524041854538637,2.3112603478628557
3731,0.5258825834783116,0.37748227130477047,0.5661216845185215,0.3036961278942522,0.2085199271194922,2.240851657751537
3732,0.6272624152374471,0.5027935127304894,0.6576404680970847,0.49332698093656646,0.5650823528027387,2.2889103423571124
3733,0.8751912856677257,0.501088261425005,0.5401108554795249,0.40142271572499383,0.4962122615991163,2.283995564110356
3734,0.38807049640913205,0.4155365139492683,0.598336426423047,0.493597289584705,0.3316497951992683,2.2842091492860765
3735,0.5480306779682843,0.4029829936454655,0.6049714339963627,0.4018617176618068,0.28142931863672477,2.273516387534789
3736,0.6106972059103455,0.2092587782032298,0.638310497627736,0.20427595192807446,0.4423276906118914,2.223112137186567
3737,0.6406040092052612,0.2411934884879433,0.5923899070552671,0.21188701497199752,0.22935497490848872,2.1988236698510453
3738,0.3217441827558197,0.7060625379961144,0.4904467081953807,0.618311483112783,0.2994023773501547,2.216620737552096
3739,0.3932808938020956,0.6000952877349474,0.45816510251998327,0.5917714967791186,0.18582496642143898,2.217855731371845
3740,0.343169476758246,0.5236089004177992,0.5240255241339032,0.4367272887141482,0.5946831147718394,2.304885519629124
3741,0.3808321920263703,0.5194120391929543,0.4151114759747453,0.31445097064328714,0.3864863173963566,2.285664890559623
3742,0.41527315342086885,0.530102172527832,0.47373123568074915,0.3484805194114854,0.3604329430055716,2.269854932516417
3743,0.5265191199946525,0.540233743514882,0.4941526377740174,0.30445179650492826,0.34164653309975956,2.1984345787125403
3744,0.3317282654072755,0.5651688199423843,0.6287743949338193,0.5318355769061359,0.47772998757385976,2.29648513094085
3745,0.442138006528475,0.530761165977595,0.5663920608894728,0.4256196512665917,0.23917308239029103,2.2470331246735435
3746,0.43438221901099433,0.3215368464919049,0.3465850202602777,0.7412134981935976,0.41174849366722943,2.2651039750826
3747,0.5135486373606782,0.2202368046439307,0.34611730148833875,0.6676474927315561,0.23543183746075677,2.3236676318114062
3748,0.36607157055177375,0.25052901085914314,0.3318966090919838,0.3881051125520957,0.45271150073980015,2.260950211981951
3749,0.3771610817591377,0.3190098077558197,0.34158932457774716,0.37539152737637604,0.4485875600190914,2.1995593287560675
3750,0.5953742204038843,0.6650720093358445,0.3577042074120548,0.6217566915693281,0.41749624845493927,2.2851951748563955
3751,0.7207318198553285,0.6629337798571118,0.32001646352701346,0.5461597791173136,0.22244250739885635,2.2378439063804105
3752,0.40499721855412696,0.6485415515973331,0.5299727427096175,0.628074186825321,0.5978594807189276,2.2596437747866456
3753,0.5845043401156041,0.6466877411645546,0.4678667850365725,0.5590291314414196,0.33490671798826527,2.323593538039642
3754,0.4137340694635785,0.7192161739205474,0.4639486467182843,0.49204632829902584,0.4295933855326845,2.373392179796278
3755,0.5236554048790508,0.6299943649894784,0.4556344432885023,0.3801100907467572,0.27698293639004257,2.3982600428489413
3756,0.40467067148316416,0.5472841118340614,0.21634251068503207,0.403026362660915,0.5390771631702256,2.1997955063108363
3757,0.3212549991294458,0.5011802782685213,0.19299139911196464,0.3615504740381071,0.387654436455334,2.2058543670786386
3758,0.5622021587742656,0.39499547273227253,0.3167107464744237,0.5138218563063783,0.3640620149504084,2.274655868471354
3759,0.6703336939631834,0.3881788677097923,0.2945643322814715,0.4708139215486312,0.2670277627522532,2.3240706979021004
3760,0.474412043588914,0.5466294270977279,0.784348098907524,0.5021934758225728,0.34588960591480256,2.4566516676748296
3761,0.549213110593519,0.5014773525635108,0.6772995353410922,0.42355134229181995,0.3004007652984559,2.395094877002107
3762,0.2248946177096173,0.4041531316155309,0.6092917250390723,0.2734986566415775,0.4450544860070326,2.2725014529508036
3763,0.5589788820290451,0.3649715672440095,0.587091576383977,0.1919425585828481,0.5156024753437669,2.2535252125260485
3764,0.3685181201687642,0.5171935457433663,0.4963543246865667,0.3786902175965149,0.6152498728237863,2.3576799457258857
3765,0.41069144204813435,0.5025872930012887,0.4687326864335706,0.2648691849537994,0.3649343794175512,2.3603752604238646
3766,0.2286638802663434,0.5126927298266075,0.21174355346867924,0.5055661920916623,0.1906227669305745,2.4040602691285544
3767,0.5127544502304895,0.533000864380264,0.18170797382046816,0.42335200295954417,0.21910517420347786,2.412459890886081
3768,0.302415057929931,0.4212335232851111,0.5976695934670714,0.4040084181318718,0.6134397920003237,2.122488526810515
3769,0.4452553592008035,0.36137587045169495,0.5655872484112371,0.29334581737459314,0.5013714175007186,2.1078119362376957
3770,0.30278427480840947,0.2585102718706317,0.34401641726149074,0.5273777346578455,0.5745404923180419,2.239500385402101
3771,0.4425291165780686,0.28308732053000996,0.32081578303429253,0.43935782627515696,0.3641626492207839,2.1922391368383436
3772,0.6235974294262916,0.4904451853237861,0.23018314669652037,0.39649042074336655,0.6463247841877799,2.18825281504603
3773,0.8181647507180361,0.49633430399101325,0.16262030536196473,0.27860632214036435,0.5121872137228889,2.220791949664803
3774,0.45561192962216635,0.40687825770355146,0.5068848562193227,0.700672055035681,0.42632248779149845,2.2773762007963514
3775,0.4907564267495053,0.39769350554927413,0.4461184967357654,0.4961052100016104,0.2927286700686851,2.3037332479978976
3776,0.3071642106109997,0.3992017860375372,0.6208432478890777,0.5185935336436823,0.4330165653724884,2.238637394302665
3777,0.4195529290127772,0.41874888346528827,0.5481363201600234,0.41715288385703847,0.2606632212525019,2.2241447916738655
3778,0.44510049442879096,0.38000055716836934,0.3393323235985465,0.4078336939631836,0.5548989308190068,2.3560526008661014
3779,0.7169424908600348,0.4083367061062205,0.32663060476131567,0.2949537053011305,0.4108846001914197,2.318011070203551
3780,0.17689125816059353,0.29479919013308514,0.6029725037430449,0.36495383635079787,0.5709477735461027,2.2006404956258065
3781,0.2511075041999119,0.24075872754174696,0.5675065919218338,0.33149452409037583,0.4006993734549396,2.1679900116859976
3782,0.6039495512926383,0.4077787862334126,0.5798349206127831,0.5120235283555771,0.3658921732023381,2.354330442331065
3783,0.6209181653245025,0.4630530583869732,0.5913899065327579,0.43388942587912405,0.31803436179053385,2.3219159327775842
3784,0.3192719840266921,0.4538858119776685,0.4521936112681997,0.40533911701334685,0.39140819019837686,2.3588372930012893
3785,0.4006336829516949,0.3749933227715176,0.4544187819462722,0.3420827491947373,0.2889260543392357,2.3470126189283964
3786,0.4614020723362396,0.10105510043082265,0.5751966999259701,0.4989924985853481,0.46975226834505335,2.2889471128567904
3787,0.5198586884574391,0.09260015361674409,0.5761769396542792,0.4449275034165861,0.5062760664389201,2.3386103577645607
3788,0.26422805784287545,0.6549167971578455,0.4751328928881862,0.6079497016016159,0.5550242550922323,2.3698943424224037
3789,0.4388927578994267,0.6528360580822783,0.4604414249868038,0.5574422343096229,0.42961194008955716,2.3448456945943374
3790,0.44127745166690757,0.2279665934453075,0.6431379173483714,0.30040841262612805,0.8098653001610898,2.1804407323728094
3791,0.5733316326600233,0.2448249069680362,0.5015269814806647,0.16593485399975388,0.7075131249127717,2.2353088817025863
3792,0.41692510957079,0.374022941460509,0.6573021114205474,0.5443947366164223,0.3528857547222456,2.3147274604804156
3793,0.5930229585218395,0.39160024279684763,0.52996232053001,0.3901635411297675,0.27097328721261377,2.3463559939936878
3794,0.5498144781944891,0.6742090947511419,0.19572834579545972,0.6327855989075238,0.3790071661515312,2.2604164073597866
3795,0.6709537625565534,0.6237622203384174,0.16316399038122895,0.5074397303489411,0.30983477857321623,2.2867361202993473
3796,0.32951706968139255,0.5512429687715911,0.6080506964658579,0.537717622997897,0.08798591273494706,2.3985922860593014
3797,0.39974260650225346,0.5120861621257329,0.5582895811497479,0.3627427760705415,0.028696263339879007,2.4016860762533936
3798,0.506013315415841,0.5086271708955387,0.5899384849625404,0.5111987061716871,0.276877147762777,2.1891998370472434
3799,0.6877901938980668,0.502180899286251,0.5932594856805742,0.40172054596083073,0.3896225065067111,2.1759197713047707
3800,0.4395299259008879,0.2434769732328427,0.48433252237102686,0.2514090903767708,0.6384050971446471,2.1924225610200554
3801,0.6002860773631775,0.24701387090873686,0.4695441761402911,0.224641972231878,0.39539208674272286,2.214134089811085
3802,0.41188472516965535,0.5431945053751629,0.5082632438195768,0.22637892938276366,0.42354863516269803,2.199349206650319
3803,0.5353848479499118,0.536820918131872,0.4071677523936821,0.20358352659287537,0.2851499900982979,2.2189972989423117
3804,0.2648523674268614,0.32115053020533474,0.34075503932353757,0.3452630065284752,0.06847655590606257,2.15024215557532
3805,0.4678471706778997,0.23158717241901258,0.33447070506172744,0.31439765350792415,0.05211221977273106,2.0890889050529875
3806,0.5248872522630988,0.47014470908770095,0.34206433008349135,0.08783341647798984,0.5735405027854329,2.219900184997328
3807,0.5173486136838187,0.46375569174343956,0.3241663352410132,0.059634390429039286,0.3786095930317928,2.1904093849232953
3808,0.47378835450014856,0.7113561426271944,0.3798183062542848,0.5191502802488623,0.49865838289942666,2.3885466184495905
3809,0.4894757173790511,0.5644493580690798,0.2973404069898,0.3652422932189277,0.4689745033948217,2.349062565524836
3810,0.3497129982806531,0.5920571000826002,0.46321091216926086,0.3925128518235379,0.3900410704211904,2.321375033600154
3811,0.3720746889362453,0.5178077717618123,0.4652550052008767,0.3138878964135899,0.2933645860898056,2.3358604849407762
3812,0.3277470192591377,0.5002047535905224,0.22558878007475097,0.3938729447682732,0.2811879299921531,2.343524447793282
3813,0.36655088477094755,0.45207212164870986,0.18443129515574097,0.3101287961351167,0.10160009416334156,2.3519392177706258
3814,0.45715197268874486,0.694051653899675,0.4644043197465093,0.8063084495124557,0.39658370055712333,2.329821013383407
3815,0.4648001668262125,0.5980050965789605,0.4161813970012153,0.6282326611028295,0.21819963775225348,2.338811580562298
3816,0.3947618668609998,0.4928913176139962,0.367435915477025,0.7761392100453132,0.21652481833202986,2.289777856328317
3817,0.582277364684784,0.5508722967443311,0.3213520238943254,0.6068372462132567,0.18388852350274992,2.257710038997079
3818,0.32313506817968257,0.24407813766537304,0.3288559895977278,0.7904203031423959,0.40424716737013505,2.4114945852192493
3819,0.44629427358980595,0.2709424270106725,0.35951651031504556,0.6212016142712692,0.2949454374782385,2.387591813675078
3820,0.3039448252524285,0.7408978016189222,0.3555258798093014,0.6690884243993533,0.21899472725881597,2.377246229195629
3821,0.35560114684869276,0.7786787575949066,0.2755883627479705,0.5406677375303314,0.13542550983623933,2.3849286111593795
3822,0.42228952609230547,0.5254534619385982,0.5142362689328541,0.48394266430177413,0.7058518631179573,2.4108908600931236
3823,0.5381190197814717,0.5617114412863973,0.47560698502765686,0.45704382653632397,0.4905840562325212,2.3971789437020163
3824,0.4836337126783961,0.40184962617507813,0.3480924660949802,0.5006958884051707,0.4232954259226521,2.3909422871690866
3825,0.4854560204342139,0.3822263483416621,0.2931240888317085,0.4206484881614847,0.2751728555665805,2.344413854935602
3826,0.502220433647965,0.3832945213482978,0.7062500000000018,0.3572642921089683,0.40009209555623176,2.2011186933102658
3827,0.5162404102759753,0.38744279147799,0.7027981710478863,0.32780888609854636,0.2842926951382599,2.2069208030553398
3828,0.4486046594271828,0.38188750661553084,0.3428681047397267,0.713759233526122,0.5051160797572082,2.264548897784541
3829,0.5570474360418202,0.42496718860978644,0.34700864882903376,0.5048356875435298,0.46253946663890283,2.250882933082279
3830,0.3440246850843831,0.5002973451862452,0.4862344278594651,0.7063964505135953,0.6381824772152882,2.208655256245544
3831,0.6035866510487778,0.5666716184495901,0.44456759218300074,0.452068354717788,0.5569073131527446,2.240038363292069
3832,0.4100958383093747,0.3571747115033197,0.6120670438065533,0.48015255738583307,0.4823300503350263,2.2798021769453807
3833,0.6287562577037263,0.39018974301431203,0.5770742650155252,0.41357088013575977,0.4402114330169865,2.3067019280771035
3834,0.3636992501521748,0.09200691839303908,0.4745407632092957,0.5430559053576819,0.8887530523371311,2.289030872867314
3835,0.34371969257046797,0.07116762961342599,0.43591018158074346,0.4314069404160159,0.581327285950482,2.306175342465932
3836,0.5295451440414983,0.46362961152936666,0.5221988856848574,0.3870921968791973,0.3945408375260487,2.2713336834957922
3837,0.5151745947944949,0.361017774960757,0.4190565940982245,0.3380414519498383,0.24762913474918397,2.2620707210348625
3838,0.575479100060836,0.4260362639927964,0.09290604850703295,0.641412837525874,0.5976248937585679,2.2146336278942518
3839,0.6387602823380226,0.38908279158680953,0.050343703211970375,0.5739761093750899,0.33772582309797616,2.2408390025025016
3840,0.44746538165905875,0.6611762492382652,0.7353667107198194,0.42576254900760285,0.7454197437760488,2.128017745234056
3841,0.44758555157539437,0.6556407031902066,0.6867374400025019,0.34517952839910476,0.4851024478150454,2.14856615189757
3842,0.48591295643267884,0.7079282934800946,0.22346355544901988,0.2512084313413405,0.26994570836949233,2.2147284305796044
3843,0.5314994532990259,0.6009146279377802,0.1737738377654517,0.19713995112281002,0.17354252169652049,2.228738391364887
3844,0.4573176769671447,0.381955622366744,0.34934357823373463,0.5877114985418198,0.2560901273066266,2.18649541987281
3845,0.4795274918609996,0.38967088344352413,0.31862988681658044,0.5602381265450648,0.19638421478932036,2.1544683431406124
3846,0.1857273101714388,0.5201243497780801,0.4997331544218336,0.42933037460825174,0.6774946556625518,2.346404089049347
3847,0.3457959764970793,0.47649353860532867,0.4420851177097925,0.40978869143874447,0.5453259001999848,2.318162945965289
3848,0.3655982343531503,0.6699175662865726,0.49651209975614125,0.31011169672702504,0.5380572993775895,2.273751109940776
3849,0.587813328059623,0.6076672227540366,0.473057646783576,0.30256949438526315,0.3977718293217548,2.2648727944592952
3850,0.3306189454647182,0.5099725439371368,0.37426843565006973,0.2618954969532297,0.41048298924950566,2.3689443991337282
3851,0.4134043412037998,0.5038457028637477,0.3276478401375429,0.2109629349537998,0.27855426797524174,2.342329224473385
3852,0.5673778723014521,0.27896434990848856,0.630830533709149,0.4750647661470734,0.33482066817539996,2.4052477883878645
3853,0.6589139584565479,0.22603063557621228,0.5291320621080766,0.4372848809627885,0.3340907841224884,2.401138714005819
3854,0.3114319624389933,0.5569077304795246,0.21499950615848892,0.46532722649707925,0.24586485917903952,2.3191893405508823
3855,0.486921146065367,0.5220695455692551,0.1834941425617275,0.45308822950032396,0.19859784675307143,2.3147594372170714
3856,0.047268050247970476,0.20845807126998317,0.4701972592923171,0.34739087056051426,0.6789206422789716,2.2210359887055824
3857,0.10234993118899338,0.251786789236482,0.4328934631787911,0.28603841615153147,0.5105722312410864,2.2187327541563837
3858,0.34308863803518475,0.5598322746125344,0.37265409564328744,0.26746746389700027,0.8451096756179571,2.1727901129873737
3859,0.4111966195377854,0.564842080692881,0.29334740796900094,0.20978890559708477,0.6819705674181208,2.1947245435889133
3860,0.2038571738552557,0.2616817653419836,0.20999144809797662,0.4946485773415886,0.4228880511185273,2.3937936508966056
3861,0.22926677073890844,0.22934066134223197,0.20193636420597777,0.364290398741978,0.45151703336075166,2.3983025094880173
3862,0.31530721679142554,0.38408494154756445,0.4733294783033086,0.3662144005699713,0.5415826583391625,2.2522578356327636
3863,0.44338848718210894,0.3944267133530776,0.45304457860372066,0.3285515608461198,0.36306069472474545,2.220130734135512
3864,0.2578857591182056,0.5280892673223245,0.4956586394498388,0.4011868767842927,0.5173472152679514,2.2486424677488612
3865,0.41702004770176804,0.5082516373824416,0.4521929120602661,0.31357289904684776,0.3594869020934452,2.216057742035111
3866,0.611428409666411,0.37473503788729456,0.19024945549700573,0.4785125005440999,0.6187984446596286,2.2323788445986197
3867,0.7647952376175623,0.3574375082694129,0.1673262244732105,0.3935376448248239,0.3568615756222397,2.2501946132920683
3868,0.32695534707953017,0.21885759338001545,0.22579083752604864,0.42582058119327587,0.29400605181479733,2.3371477360940887
3869,0.4126926621037939,0.22250492701067226,0.1693662339396365,0.2982521246300156,0.16803185782985203,2.3205859331040424
3870,0.3843926521805007,0.6735708779377798,0.507620932451125,0.4264848534556557,0.5112776614292881,2.3176824474885875
3871,0.6038410445463512,0.6448123981545275,0.49217429197855966,0.3187629261402911,0.4718291160339715,2.2565923835088157
3872,0.12198759031147921,0.5523146945508093,0.06270621972920322,0.6154396923528292,0.7275681069592959,2.285995667631302
3873,0.259196019977347,0.5426713261010461,0.037274583238908574,0.5751175982328427,0.5079102916956291,2.2774406393192543
3874,0.4291048224015311,0.4092239588918259,0.5953592753525075,0.7856608527374469,0.3575118161995169,2.2666274147805794
3875,0.5756721904813076,0.3852052474320358,0.5509490976452167,0.7058052342009785,0.2811536524632569,2.2766634161515307
3876,0.3862308860767823,0.4191538220315446,0.531512029835348,0.23258382333737931,0.43375965744684225,2.2719005026766124
3877,0.570425575361073,0.3788616967270251,0.43330258600274996,0.1668405149067056,0.25931320088340687,2.2987507603368096
3878,0.34001702289336067,0.5664619923833334,0.49079548705152537,0.5167817157902853,0.673836674704048,2.212561923572324
3879,0.38350137256261924,0.543752842574751,0.42486508820073016,0.44858971437580625,0.5132118712785485,2.2199211757920683
3880,0.16141097164425208,0.3197267656684425,0.47011565363850805,0.4156018438586468,0.3468271081127826,2.2610828339788807
3881,0.2933000798440886,0.2729282956780745,0.42201191972046237,0.3358038401810707,0.3350555260270137,2.2086822250608367
3882,0.46822279389360894,0.3745488955865608,0.23527259625250171,0.5888267287821148,0.17980412813365518,2.296510295003393
3883,0.5231872687803318,0.37268064713179855,0.19309357823373416,0.5320087253437669,0.21040806082418131,2.2099988135444955
3884,0.32977166634740623,0.7749542624694977,0.5797201649546914,0.6357669909686795,0.20126021461520935,2.3654220401723305
3885,0.3958531850190915,0.7953825559495904,0.5921381419741022,0.5605742611420742,0.21314500750767623,2.356193761577177
3886,0.5702613372213537,0.5925189652897154,0.47666974377604887,0.47577256485032954,0.1889804770194128,2.330418703756068
3887,0.6583522826427175,0.6627458437935299,0.49205668275581965,0.39156992437741434,0.14183745817361684,2.367300439915446
3888,0.5828959671394727,0.40431160589303883,0.2086746454559777,0.41711833543688803,0.6610954782380172,2.197932254787538
3889,0.653124097623628,0.3821089532772623,0.17069895173219962,0.3289376629743505,0.5968284278159373,2.2178949271194917
3890,0.5073044799356022,0.4032148624868037,0.22272720832596432,0.3665335144716025,0.6983112623605028,2.4184094102540366
3891,0.5338206786427908,0.37435623348276953,0.1687193429665013,0.24068017862102675,0.5307072283470116,2.429559818201622
3892,0.31783744770622635,0.5827514678141539,0.5905703631614853,0.3602710056580937,0.24612175663729485,2.2697380225016106
3893,0.3481366697639902,0.4968485162343042,0.5744288611158525,0.2755581230412502,0.17063701716997726,2.258466620974028
3894,0.3730504845054984,0.36412373535429043,0.3418573434235433,0.19467810685047593,0.4788418114770984,2.16060150084862
3895,0.5398889914910134,0.3847471271760432,0.3446206951600235,0.22365088200728134,0.2656705910949798,2.187474418610678
3896,0.44384695704206867,0.3913312538518643,0.6070857294130932,0.6007930596055773,0.5516995551660892,2.2016766918957873
3897,0.4441811404508031,0.42690633865759714,0.5470055353630311,0.4956827547004815,0.3962912168567168,2.2052491758138326
3898,0.3847326781641596,0.5064357139840558,0.6377561305275102,0.35083602228414595,0.41090281613422514,2.290943054099834
3899,0.37299063657717746,0.5292917993558254,0.5636221673701352,0.24302448139343413,0.287660132594732,2.288719552728881
3900,0.45136433393535397,0.4760295190414988,0.4936848732590642,0.48151828973705224,0.39305604080330864,2.3472509508398787
3901,0.49664138313882944,0.5038849096012944,0.45355717827280456,0.45453013126730857,0.26042662637095315,2.3362099630048547
3902,0.25393210228058005,0.6038862970272619,0.5656708619862336,0.2460329996953075,0.34218783861406926,2.3348237249084884
3903,0.23635877104360337,0.6649064405030717,0.5474133952167496,0.15183655359926274,0.3556028948685271,2.3077037900852746
3904,0.29648367579206847,0.4699489792609206,0.06902440320322982,0.40173987843834996,0.08271629889878301,2.33544157142233
3905,0.5189729018105146,0.3580534035949802,0.04445221602968834,0.29463265120112486,0.03283549871593147,2.2748529857241024
3906,0.44919824425485516,0.5215321881745083,0.19537831495897395,0.40588209183477786,0.3954191232808281,2.2656831676313023
3907,0.5653927028419841,0.5077431999912616,0.20556744407200303,0.3243335056580938,0.25460526286107316,2.288554130331635
3908,0.4511913996560623,0.5684037141146392,0.6156356253480496,0.1980576467835762,0.38474213024457965,2.1963553625085677
3909,0.4565632603368098,0.49614824040299266,0.5300319701427173,0.24817399303607557,0.29973864739279066,2.2023095511838187
3910,0.3321706059583306,0.3365476204734585,0.49519315374732775,0.3469416496125347,0.4075954297745141,2.3938694029855903
3911,0.4108747307842192,0.3715620782772622,0.4812211477192494,0.3105988614423109,0.20671297075193196,2.324724130658094
3912,0.44414423450549834,0.09177476767054694,0.48886787571803597,0.5394129481632682,0.4568829160209476,2.220827603629768
3913,0.43175523422256723,0.10804096250428495,0.42609965370379926,0.3818726970097808,0.48874102857321644,2.1922369147588157
3914,0.4759792696291239,0.4797764601104297,0.5323748177663435,0.4493740998216081,0.5138115805622977,2.1895441040215173
3915,0.5266453466442521,0.5481158931275895,0.38624797449497433,0.40841010067005057,0.4747622098710267,2.1492978407032295
3916,0.3901980108372042,0.5629048031206321,0.5023654290127773,0.28849789190881037,0.4143831257833275,2.296089091682606
3917,0.5686847378134372,0.5549751112246717,0.45107908023583887,0.2110275089223303,0.27044719764093406,2.303637114619492
3918,0.40195019272264054,0.4894739693592164,0.22153928272977325,0.35750388699069185,0.1669508941285538,2.395440937739231
3919,0.5832616532251687,0.4871608763927176,0.19049814186528258,0.294546116338666,0.038024487987373685,2.442873180383904
3920,0.41434795686795717,0.6398595187150399,0.20505955945322996,0.7413063716704739,0.4760591272630989,2.282306555579604
3921,0.3455059290345412,0.663664159949517,0.1757321738552555,0.6330352553749883,0.2395359039214385,2.2891233857503237
3922,0.2989075653071966,0.7231129718401272,0.20652002676698658,0.35611195275492813,0.38154449162159704,2.2098171941155313
3923,0.4865699309713542,0.6315080030030715,0.1895159509486984,0.28772589082078975,0.3281466112899635,2.1951816827558193
3924,0.4484167123737015,0.5765834907947434,0.7398282411863186,0.5518414937978126,0.5347397617295248,2.218445627981308
3925,0.5554467103933605,0.6421140267234591,0.6682044425051766,0.4120865007398001,0.41530867194020643,2.198893454909381
3926,0.4656762872343774,0.782200078734304,0.2465583900590531,0.34946660171471833,0.5335048466224882,2.2166210871560628
3927,0.4807413484504817,0.7541240761663375,0.1727998469489471,0.2823672381614848,0.41451504857232435,2.2443596354238653
3928,0.3282781167521804,0.40512775391715583,0.2117330635662586,0.5099081054142328,0.5853652555710379,2.2799753931058255
3929,0.38883576353575405,0.39805666569448916,0.1811102157249939,0.4032258484287178,0.5944335827601022,2.3004997412516106
3930,0.5185252147240287,0.060800637012455555,0.6299037923048433,0.6821701776416509,0.488642188065689,2.1633914827863245
3931,0.5437816161427907,0.09315696794473716,0.5488705239162647,0.5263691386882765,0.46282695340784535,2.1004752763970003
3932,0.6095172772457924,0.39386238714303873,0.44635487745897406,0.572727557929931,0.5888379178924689,2.3178327893888295
3933,0.8942758754133414,0.41368361688276384,0.4301986445203044,0.4196706059583308,0.38214614110372064,2.3746630307494323
3934,0.1642189553664222,0.5057076456737919,0.3391088580257274,0.3786038968923957,0.7308443622258117,2.329452427990049
3935,0.2827738460348629,0.46430749815007016,0.3054241180143122,0.2628974266842139,0.4935015058102663,2.382081217531223
3936,0.40116387806836357,0.6432820103368094,0.3373764804795245,0.6502576533991047,0.543145090616349,2.2951791110723243
3937,0.5717004641364031,0.5977162333739496,0.32937756728753737,0.5495769809365668,0.43447785634990616,2.2901497126131045
3938,0.18228292537855423,0.545848808582848,0.4672762569419896,0.622516883051774,0.4583172491729734,2.26610458511043
3939,0.30145427513486805,0.4866158039474854,0.48703172845565595,0.5164616427793667,0.22446660171471805,2.2366417349407763
3940,0.5360984672482922,0.4966137938283171,0.623939474321038,0.36622740542297366,0.4837890515101025,2.306010890167873
3941,0.7029450498781592,0.5238236698510458,0.6077404818722402,0.30710346030630475,0.2758146818854384,2.341251667109143
3942,0.4481268003567906,0.4190581169698193,0.5226445648501545,0.23787803747378022,0.7253541931143911,2.3075541364030663
3943,0.601887716377911,0.3407652583347047,0.42882582860372054,0.1959555673093013,0.5173832298267822,2.3416714152811497
3944,0.36571514436795727,0.4712797458652093,0.6209663390928751,0.23290708852701394,0.5644716118340616,2.3505921864118062
3945,0.3793189713395575,0.5492828279290396,0.5958570764057408,0.2047642331780749,0.38923799497288897,2.331782135315046
3946,0.3569279543435185,0.5338235999302526,0.502532452994331,0.40580126410161566,0.5284932357893939,2.225677333848298
3947,0.42881165048309117,0.4664024940589799,0.3962138521935242,0.25105996191665947,0.45295032869077606,2.170189397806305
3948,0.31489817268017917,0.8211066761402908,0.49448335811278255,0.5456023333042002,0.3834308205735381,2.243840629417552
3949,0.4274778161558139,0.7577527875173083,0.44545331110711195,0.5423315819985408,0.2758080046569542,2.206222749303557
3950,0.45463723959772806,0.8249589207868944,0.2178400871125346,0.23087945242846947,0.5815448412255637,2.3590095280726464
3951,0.4804153651418259,0.7484651570333283,0.18360292019926866,0.19861446111156952,0.6071167360505608,2.306585435389078
3952,0.46663512983106503,0.7190424837004082,0.4810185374955443,0.46100595436528247,0.41969096526795135,2.238684868863105
3953,0.4515070962307382,0.6430427650590529,0.4358224624607573,0.424810315916586,0.29416675916173346,2.1749874124737802
3954,0.2375810418915043,0.34762732999643586,0.6097070290520221,0.2531012910862397,0.34778747358106543,2.3356858136315513
3955,0.2846717137011249,0.36322146979449516,0.5867961713961085,0.19219924188276374,0.2861047948728096,2.3415191221926324
3956,0.4925383654900484,0.5147530418697404,0.372630454452338,0.4924082474537995,0.5036743701687643,2.325871394367957
3957,0.4895776713525807,0.4888482046264498,0.2981591944202256,0.39308551357928195,0.4157266830822781,2.272730061890612
3958,0.6177336102672351,0.6784183860767825,0.3674337611203101,0.07346210030023911,0.39831857107410773,2.216467338918764
3959,0.7918430865902009,0.6358885593008825,0.36659467111317784,0.0774240926835705,0.288567609244331,2.193329969946842
3960,0.27454590657628564,0.22427407505655336,0.5930925294218333,0.5763181790780686,0.4870280402374471,2.2135598941938457
3961,0.4510669887491107,0.2432821457824362,0.5983440847406183,0.3748138576992682,0.48308392518285415,2.2269686905465993
3962,0.5325282841224882,0.3817238889710326,0.48434851623430414,0.5179131430622977,0.3542247214266129,2.278836814545635
3963,0.6310005357110787,0.38698877676698695,0.4368068754568689,0.4389099250303314,0.3229900838047702,2.25100136596868
3964,0.001649305753714924,0.35796881992079566,0.575941799921512,0.3538292349407762,0.568293616773944,2.3627456973580037
3965,0.12066815925307199,0.45464029633081704,0.5611902919132683,0.24474705725524992,0.38980023454902574,2.3063053250565533
3966,0.3941382564849471,0.45756393808745294,0.48933412835129425,0.19501362095226465,0.4145157477802583,2.2528977107633468
3967,0.4996837396630201,0.5199502312412615,0.43747976514610865,0.20437346174254786,0.3372248188761276,2.1795571000826
3968,0.1267808789387448,0.5559577194680363,0.3160202723274992,0.6149789326905282,0.22380052469959028,2.268113249325321
3969,0.32302894093834983,0.5111504646805008,0.3023138598972483,0.532376622519091,0.15890617568324872,2.2086385741642327
3970,0.30231162682782076,0.4971601072639904,0.4274942950686848,0.42384369054659954,0.376533309105182,2.321525657381551
3971,0.4176577794655365,0.5012760620429602,0.43979175256779357,0.29101033519748565,0.2834716856283059,2.331863177206547
3972,0.6501938463613213,0.41663985587127483,0.38311665786035626,0.4959545862202141,0.55761448037088,2.3701251057189276
3973,0.7881794882050126,0.3356211719402064,0.29825239552126936,0.4617307060411034,0.3864909647238537,2.3493426758573603
3974,0.4945808002044429,0.5995104667696612,0.20665911183406152,0.2253659459870524,0.3702270029595439,2.193888171700803
3975,0.6315620083564688,0.5363236698510461,0.18194164741455443,0.17057918815274437,0.28547180013915124,2.2181427898241077
3976,0.48952748966301984,0.36473128414425243,0.35777412791601626,0.5886053498431971,0.402899515516095,2.2448001602322725
3977,0.47762920686795735,0.4134338817025864,0.3074418169828424,0.5320361114858387,0.3099748337394787,2.2788639188065534
3978,0.535165758813336,0.5484320070290448,0.4856649692723358,0.4207955591702988,0.34344180431747207,2.280173897784541
3979,0.6386126585568017,0.5605218463830852,0.49617429585201056,0.3011895271805008,0.2612089141929543,2.259485232786324
3980,0.44535523753033157,0.5813714218966788,0.46204034588251536,0.487798383008246,0.34924397079545977,2.2379555375825997
3981,0.49370307821197035,0.498838062130016,0.43664173494077646,0.4159665488552557,0.27911024764967496,2.221185981001859
3982,0.285594270847728,0.5144812780728212,0.3498901058277475,0.5867791397108308,0.8575479552140751,2.1822773646847833
3983,0.20819477846439643,0.5256673180055716,0.32187652287159685,0.5452867831650514,0.5893094493383443,2.196752247410272
3984,0.42697063074497443,0.5253567647978858,0.5286422689763817,0.4963402142887507,0.28204264227879666,2.363264150591911
3985,0.5118486538779109,0.5195474470317198,0.4602908012054078,0.42239865333381316,0.14480815716391118,2.3597697872779055
3986,0.4338483466660161,0.40107393686884896,0.6202834445508091,0.3253744279682846,0.5784677221228838,2.3125355185193404
3987,0.5363824012446528,0.35547666821892776,0.5460962429707843,0.3028109617425479,0.41967721546400183,2.2813052463438397
3988,0.43020684462038333,0.30561331704813444,0.32708531868025265,0.3355834313413408,0.5462512431884233,2.281996284253072
3989,0.5057645613247512,0.2427174132355171,0.3223060727279898,0.2829708278419839,0.4211041044567958,2.3133260064414194
3990,0.6309246371865669,0.4055708504090585,0.4668989076862452,0.8500478918872214,0.584078207586166,2.333022611115852
3991,0.6685339675965148,0.41700907274975413,0.45720848200282327,0.5983501194940829,0.34163317864279086,2.336258475387294
3992,0.061498826209865604,0.5252587699338187,0.47507290951423864,0.5302796864118068,0.45918947819448913,2.3037834974102727
3993,0.08937165479182026,0.5354863278637478,0.45406763457507293,0.4182704716224882,0.42178985256351054,2.2683343463830856
3994,0.38370996080687486,0.7673308150677934,0.49418850589732166,0.2363535599537997,0.4885248607241019,2.264412598559302
3995,0.5566319965832431,0.7104193286472483,0.4604360107285597,0.21594048241633784,0.37472683778721566,2.3332607398588943
3996,0.5378456434103452,0.8063201346623033,0.08511412197499388,0.4596374471621281,0.39921444128657263,2.2163510603890786
3997,0.6120738564806647,0.7434784283816238,0.037550317135189734,0.300168411407524,0.33146066388825945,2.1986147320028233
3998,0.5801037631222401,0.6190433073640692,0.7651074601323687,0.5015307941546011,0.26433718508438336,2.2629683282772626
3999,0.6128971557929598,0.6277814999564741,0.6512344867903583,0.4624164541478187,0.1454232855587315,2.2581331257833277
4000,0.28157000528810744,0.5428612133529023,0.6218154339528349,0.48777753864903156,0.09635689637006205,2.2618909850713598
4001,0.41246405316398466,0.5343680518802641,0.5834742573118009,0.427277360288824,0.05869682050824587,2.3114852008616436
4002,0.5579162019933662,0.08354766286553089,0.34430666789246894,0.4487192009269345,0.2138436927445794,2.249348371996757
4003,0.7190437246908498,0.06005323622467193,0.31606337045169475,0.31089176246949757,0.16361528697321062,2.2580332474537994
4004,0.38127134039870997,0.8139934141496016,0.20871662704545968,0.21959727911731414,0.25115658034465854,2.286483745712861
4005,0.619750181711152,0.7981616196681943,0.189866128220711,0.20096362536981377,0.1259490299224035,2.3098283832258852
4006,0.45701547029506473,0.37213196518107095,0.6217375055273358,0.6649919265536304,0.5971429401330852,2.225680740185354
4007,0.5385984694462724,0.3397130682014467,0.5414551119864089,0.5336532483243559,0.6053408540432815,2.2395677342225673
4008,0.5559924710566266,0.5554428977194242,0.33866638202904503,0.5199345869819512,0.40269822499554403,2.2673219157597813
4009,0.6922419226801796,0.5325494780856694,0.3758972466485348,0.41490720743381876,0.25571563161553057,2.277689054796278
4010,0.7561627769195092,0.5952110768190799,0.7067422293695655,0.5877324893365613,0.6822590810191644,2.263109218097085
4011,0.7197567125041102,0.637243248977273,0.7219378369385987,0.5308830052010516,0.506845389580422,2.1734810044610784
4012,0.653578315503072,0.24619446298309078,0.3512723738247512,0.6949507162908551,0.25150599068592366,2.3043890382790453
4013,0.5369023096273414,0.277167544829282,0.30764394215695373,0.6810857508703837,0.1717990904855907,2.318388836786076
4014,0.3243010438718449,0.41418260219352465,0.4711779840702198,0.46751438568503223,0.6657603291260545,2.318029218423544
4015,0.35602590294206266,0.38096536679570786,0.4224306977932815,0.43013156659109186,0.438608474299099,2.3896988223580022
4016,0.24115039036374775,0.6716599486856019,0.1997114076862453,0.2590273266886713,0.23467087904756437,2.2926661827340555
4017,0.43542280270711775,0.665798825665768,0.23856343597652838,0.1807093039910132,0.18357928999821907,2.288491710719819
4018,0.47299188855751806,0.5839833261881016,0.6101399742555716,0.3453227080212694,0.26623824492936127,2.1670404180012883
4019,0.6475692978107627,0.5087458966529926,0.5601082903899695,0.3639451726584154,0.1780394352367305,2.1214858301487833
4020,0.2725738774154462,0.3694515168217546,0.3174708025112425,0.5433392865816352,0.3469043940632622,2.2534442383573605
4021,0.2604257239945792,0.3356856781859237,0.35380671028454125,0.401564575644004,0.2993358631832491,2.2277016313325997
4022,0.3628026239988623,0.8190909960828481,0.3627370122083306,0.35376730037855414,0.342060021370062,2.237329490968679
4023,0.4118268284296093,0.7379572746125345,0.32246336274797055,0.29440849741027175,0.35189598420080354,2.266893211546847
4024,0.5905768262316294,0.523044574207761,0.3587561046742603,0.37304505925735476,0.514946955953873,2.276552901484056
4025,0.6426416501566323,0.4953271631702254,0.3074587132224941,0.4064993178533991,0.46670262508705784,2.307431879852828
4026,0.42674696200371487,0.5983164844402062,0.46924883887523644,0.3634797546787177,0.2769786953994264,2.235356491708652
4027,0.5580262993340616,0.6545985966224882,0.4495020525112423,0.3409066332041212,0.19619793704296015,2.143872673877019
4028,0.4811036172092224,0.25579882786374764,0.457632606611073,0.3510808849885868,0.24073668793510547,2.214709323250324
4029,0.4608492171177088,0.23826206395800884,0.4725063254265397,0.3270423669915833,0.2006438342400483,2.1828025518800898
4030,0.4665604045741808,0.6981844939283962,0.19386968486674377,0.7005259541260543,0.6642427210130988,2.2488634970838137
4031,0.5511376084610055,0.6717787988987834,0.1924297910209481,0.48423409919027965,0.49557300696375356,2.217928223559301
4032,0.32332565463947277,0.5443815963177937,0.7341808607676297,0.42445228814846175,0.3001140564501599,2.2339561542043693
4033,0.4207790235245138,0.4952851815807435,0.7636882074773466,0.4267217302183579,0.18096453214214758,2.212451059300883
4034,0.30518585382564284,0.3439346084392415,0.48251166976399024,0.3023732904987891,0.6298737777463627,2.2433814713395575
4035,0.35390526891091517,0.3904424672047647,0.39726409113850786,0.3552181691763646,0.5610518273414138,2.2694603484069544
4036,0.4597380924224037,0.22996106854966894,0.32208698359141363,0.35865331604716943,0.2374565522718394,2.302392397828068
4037,0.4599474475974067,0.2147050822597077,0.33779776251302523,0.30831953897531544,0.15572849003300623,2.2644113465789606
4038,0.36781256552483554,0.44448641484587137,0.4881495981022589,0.3563930441765395,0.37080307105234406,2.275116560410842
4039,0.4889545460261223,0.3741696738552554,0.4196933337830061,0.2981937995732895,0.28456669200460655,2.2536166088743443
4040,0.5947102190327579,0.5766901817983827,0.32633096977273074,0.40218484740581406,0.48591921633438306,2.2662458922570328
4041,0.6622435198685274,0.4903580189762069,0.3025526091355118,0.31844201847581177,0.40780290148405574,2.2482594900765345
4042,0.3239742149197288,0.5833606859112368,0.3632963982198192,0.6905960799964361,0.3931405677445795,2.2715698610505606
4043,0.36288249262273664,0.6799886011272674,0.301712278137938,0.564049359701373,0.2038282538516892,2.2696517695203045
4044,0.3501014689239387,0.37062215083131367,0.23112349146924935,0.3822207199250783,0.4065834164779898,2.136694070987052
4045,0.38534349784554994,0.4138247098710267,0.1895201242165017,0.28853806874554444,0.2421295245472426,2.1242922800094597
4046,0.20917105908324332,0.5472194701427175,0.6564037372474008,0.3322446320072811,0.5321911794262915,2.297324705997576
4047,0.2412491631484617,0.4591611219532299,0.5721820791478182,0.2970993569592958,0.37529581132475115,2.3072458052749085
4048,0.3480472813368827,0.5427167140275835,0.24159273091480277,0.4828808866424687,0.4547686096143176,2.2245290213265347
4049,0.32955953632046836,0.5250073654465207,0.1467133902766922,0.33562360817807446,0.4522921698945738,2.197317261838344
4050,-0.00401433941950489,0.05231052128300615,0.04333775272014102,0.02426955218478376,0.048758543110108035,2.0204592214048485
