,seed_245,seed_198,seed_148,seed_138,seed_158,seed_128
0,6.82958984375,5.7197265625,5.9765625,5.44873046875,5.45361328125,5.5859375
1,7.40380859375,5.50244140625,5.197265625,5.4287109375,5.29443359375,5.98974609375
2,6.888671875,5.5947265625,5.537109375,5.8603515625,5.2138671875,5.80615234375
3,6.98388671875,6.14404296875,5.78857421875,5.126953125,5.15087890625,5.1064453125
4,7.392578125,5.85009765625,6.25390625,4.947265625,5.5390625,6.8388671875
5,6.89599609375,4.6015625,5.14453125,5.41064453125,5.71728515625,5.107421875
6,7.259765625,6.39111328125,5.54638671875,6.06298828125,5.6943359375,6.0107421875
7,7.87744140625,5.22021484375,5.74951171875,4.7724609375,5.224609375,5.31396484375
8,7.2021484375,5.736328125,5.697265625,6.33251953125,5.83642578125,5.27490234375
9,7.712890625,6.02587890625,5.55712890625,5.064453125,5.662109375,4.8994140625
10,7.263671875,5.22802734375,6.0029296875,4.86865234375,4.97265625,5.2099609375
11,7.48681640625,5.71533203125,5.23486328125,5.791015625,5.47216796875,5.37451171875
12,7.099609375,5.95458984375,5.61865234375,5.77392578125,5.310546875,5.111328125
13,7.50830078125,5.85302734375,5.3916015625,5.21044921875,6.11328125,5.98779296875
14,6.7744140625,6.03466796875,6.55078125,5.59521484375,5.18310546875,5.04296875
15,7.31884765625,5.2734375,4.94921875,5.462890625,5.65673828125,6.14501953125
16,7.27685546875,5.3544921875,5.37646484375,5.53125,5.9912109375,5.08154296875
17,6.96435546875,5.1982421875,5.46337890625,4.9267578125,5.3330078125,5.529296875
18,7.37060546875,5.6162109375,6.0380859375,4.80712890625,5.4169921875,5.9599609375
19,7.46826171875,5.51904296875,5.64111328125,5.8349609375,5.6826171875,5.2421875
20,7.5419921875,4.42822265625,5.693359375,5.09765625,5.44873046875,5.302734375
21,7.275390625,6.41162109375,5.59423828125,5.98974609375,5.41064453125,5.72509765625
22,7.32080078125,5.83935546875,5.52197265625,5.2763671875,5.7568359375,5.2568359375
23,6.720703125,5.0458984375,6.15478515625,4.54638671875,5.42236328125,6.4599609375
24,7.45166015625,5.13134765625,5.5908203125,5.7353515625,5.82177734375,6.1611328125
25,7.18701171875,5.8759765625,5.97900390625,4.84375,5.15185546875,5.48828125
26,7.21728515625,6.0078125,5.51904296875,5.0673828125,5.33984375,5.5283203125
27,6.8095703125,5.7724609375,6.1513671875,5.54541015625,5.7431640625,5.57177734375
28,7.3994140625,5.8916015625,4.572265625,4.98779296875,4.955078125,5.142578125
29,7.45166015625,5.0966796875,5.97412109375,5.44287109375,5.65234375,5.431640625
30,7.41845703125,6.31396484375,5.76953125,5.341796875,5.412109375,6.02685546875
31,7.8115234375,5.68408203125,5.24365234375,5.447265625,5.611328125,5.677734375
32,7.0673828125,5.642578125,6.017578125,4.6044921875,5.7763671875,5.40869140625
33,7.10400390625,5.9130859375,5.17236328125,5.58544921875,4.923828125,5.71142578125
34,6.88037109375,5.044921875,5.53955078125,6.23193359375,5.31396484375,4.7998046875
35,7.10595703125,6.16845703125,5.935546875,5.11376953125,5.27783203125,5.880859375
36,7.10693359375,6.12841796875,5.14990234375,5.58642578125,5.31787109375,5.6455078125
37,6.8662109375,6.05224609375,5.67578125,4.94580078125,5.1923828125,5.37841796875
38,7.2109375,5.16845703125,6.63232421875,4.8037109375,5.83935546875,5.61328125
39,6.794921875,6.18310546875,5.36669921875,5.3740234375,4.744140625,5.56201171875
40,7.52294921875,5.26513671875,5.509765625,5.54736328125,5.10986328125,5.4775390625
41,7.1455078125,5.53076171875,5.91845703125,5.015625,5.7451171875,6.2275390625
42,7.43212890625,5.45703125,6.0751953125,4.05126953125,5.486328125,6.1064453125
43,6.93017578125,5.55078125,5.1337890625,6.7607421875,5.70361328125,5.16259765625
44,7.10498046875,5.421875,6.57666015625,4.7607421875,5.45458984375,5.9150390625
45,6.97119140625,4.78271484375,5.51513671875,5.56591796875,5.5625,5.54736328125
46,7.013671875,5.65625,6.3564453125,5.66357421875,5.09228515625,5.6640625
47,6.81103515625,5.244140625,5.5556640625,5.26220703125,5.95751953125,5.3203125
48,7.4384765625,5.53564453125,6.044921875,5.4072265625,5.76708984375,5.43212890625
49,7.09912109375,5.50537109375,5.41796875,5.318359375,5.1708984375,5.7568359375
50,8.1162109375,5.71142578125,4.802734375,6.4306640625,4.611328125,5.73974609375
51,7.23583984375,5.763671875,7.18310546875,4.9736328125,5.9609375,5.70458984375
52,5.5390625,5.31005859375,6.16455078125,4.53173828125,5.81201171875,4.72314453125
53,7.060546875,6.1240234375,5.71630859375,5.71533203125,6.76953125,5.56396484375
54,5.703125,5.32763671875,4.89306640625,5.798828125,5.46240234375,5.111328125
55,6.63134765625,5.96435546875,5.5224609375,5.3671875,4.341796875,4.603515625
56,4.1552734375,5.41748046875,4.71240234375,4.306640625,6.0439453125,4.65283203125
57,3.96923828125,5.6982421875,4.9228515625,5.77197265625,5.06201171875,5.25146484375
58,4.939453125,5.1123046875,5.04638671875,5.54638671875,5.7177734375,4.77197265625
59,3.78564453125,5.50927734375,4.60302734375,4.43115234375,4.5654296875,4.61865234375
60,5.85888671875,5.34765625,5.04833984375,4.32861328125,5.48779296875,4.83251953125
61,5.6845703125,5.34033203125,4.27734375,4.28173828125,5.541015625,4.451171875
62,5.5595703125,4.7841796875,5.013671875,3.42822265625,5.021484375,4.53173828125
63,5.634765625,5.8740234375,3.986328125,4.423828125,5.40576171875,4.41259765625
64,5.61669921875,4.21435546875,4.77490234375,4.1162109375,4.82568359375,4.173828125
65,5.77734375,4.8310546875,4.3203125,3.87109375,6.10498046875,4.3154296875
66,6.02294921875,3.5068359375,4.14697265625,3.58154296875,6.21435546875,3.73193359375
67,5.8447265625,4.52294921875,5.025390625,4.30810546875,5.625,4.50244140625
68,5.66748046875,5.26123046875,4.1337890625,1.783203125,5.72265625,3.826171875
69,5.66748046875,3.4619140625,4.1484375,5.0302734375,6.0322265625,3.66845703125
70,6.20849609375,2.7861328125,3.93408203125,4.6728515625,5.65869140625,4.345703125
71,5.47900390625,4.5439453125,4.2021484375,5.52685546875,5.27001953125,2.8701171875
72,5.16064453125,4.94091796875,3.90771484375,4.45068359375,5.36572265625,4.50390625
73,5.28955078125,4.56689453125,4.06640625,4.673828125,5.1923828125,5.1376953125
74,5.16259765625,5.17919921875,3.76220703125,4.2529296875,4.4140625,5.7548828125
75,5.9775390625,4.89990234375,4.13134765625,4.91796875,5.6865234375,3.94873046875
76,6.52392578125,4.16552734375,3.59521484375,4.44140625,5.49951171875,5.86962890625
77,4.52197265625,5.4677734375,3.345703125,4.1298828125,6.37548828125,4.896484375
78,6.27734375,4.37451171875,3.64013671875,4.14794921875,5.1005859375,4.1962890625
79,5.54345703125,4.25732421875,4.31298828125,4.43994140625,5.685546875,5.5673828125
80,5.01318359375,4.13623046875,3.38720703125,4.1982421875,4.99560546875,3.8466796875
81,5.2353515625,4.19384765625,4.52490234375,4.5029296875,4.982421875,5.00244140625
82,4.81884765625,4.3115234375,4.03564453125,4.267578125,5.474609375,4.58544921875
83,5.34130859375,4.40087890625,3.47314453125,4.2490234375,4.96240234375,3.1240234375
84,4.9033203125,4.2763671875,3.90673828125,4.044921875,5.3603515625,4.92333984375
85,4.52099609375,4.19677734375,3.26220703125,4.59375,5.716796875,4.8115234375
86,3.9658203125,4.1875,3.4208984375,3.34375,5.37158203125,3.5048828125
87,4.6708984375,4.388671875,3.6640625,5.08251953125,4.90576171875,5.59130859375
88,3.77978515625,4.2080078125,3.94775390625,4.36669921875,5.07958984375,5.3046875
89,4.4267578125,4.4716796875,3.45361328125,4.53662109375,4.9150390625,5.984375
90,3.6416015625,4.412109375,3.53564453125,4.404296875,5.98583984375,5.1875
91,4.31201171875,4.2939453125,3.7646484375,4.6748046875,4.47412109375,5.2685546875
92,4.732421875,4.1640625,3.6728515625,4.5205078125,4.36767578125,4.998046875
93,3.88623046875,4.4326171875,4.1484375,4.0263671875,5.0361328125,5.16064453125
94,5.01513671875,3.9697265625,4.05517578125,5.07080078125,4.8134765625,4.9853515625
95,4.87744140625,4.546875,3.6328125,3.51708984375,3.662109375,5.0556640625
96,5.0439453125,3.84521484375,3.73583984375,2.2802734375,3.72509765625,5.18505859375
97,4.5087890625,4.39013671875,3.6982421875,4.3779296875,3.28125,5.107421875
98,4.60595703125,3.71044921875,3.45361328125,3.10302734375,4.13232421875,5.7685546875
99,4.21337890625,4.43603515625,3.9541015625,1.46533203125,3.103515625,4.61328125
100,4.3681640625,3.6943359375,4.646484375,3.5869140625,4.3681640625,4.9326171875
101,4.52880859375,4.03662109375,2.7041015625,3.224609375,4.28759765625,3.9326171875
102,3.85107421875,3.6298828125,5.19189453125,4.22509765625,4.4453125,4.48779296875
103,4.77685546875,3.53955078125,5.08544921875,2.1005859375,4.42724609375,3.70166015625
104,4.9365234375,4.107421875,5.67431640625,3.01123046875,4.0751953125,3.259765625
105,4.74853515625,3.30322265625,4.392578125,4.185546875,4.5263671875,4.1640625
106,4.9423828125,3.70361328125,4.9111328125,3.1953125,4.1689453125,3.06640625
107,4.56689453125,3.18359375,4.4658203125,3.951171875,4.2685546875,4.31884765625
108,4.61865234375,3.6923828125,3.75830078125,3.01611328125,3.86376953125,3.4482421875
109,4.3203125,3.24072265625,5.31884765625,4.0400390625,4.3447265625,4.5673828125
110,4.595703125,2.7998046875,4.66455078125,2.2294921875,3.9423828125,4.03515625
111,4.22216796875,4.0234375,3.9306640625,3.97607421875,4.54345703125,3.93212890625
112,4.7314453125,3.59375,4.142578125,2.908203125,4.33935546875,3.9658203125
113,3.53857421875,3.0576171875,4.146484375,3.24267578125,3.505859375,3.3720703125
114,4.58251953125,2.8935546875,4.38037109375,2.697265625,4.16064453125,4.89892578125
115,4.20263671875,3.91748046875,3.65869140625,3.4140625,3.06201171875,2.5615234375
116,4.646484375,3.73046875,4.2998046875,3.41259765625,4.16943359375,4.24365234375
117,4.109375,2.998046875,3.93701171875,1.8115234375,3.97216796875,4.14013671875
118,4.75146484375,2.95458984375,3.71337890625,2.08984375,3.4033203125,2.93798828125
119,3.9619140625,3.80419921875,4.08984375,2.7470703125,4.16650390625,4.9921875
120,4.4931640625,3.08203125,4.56201171875,3.03564453125,3.52783203125,3.93505859375
121,4.01171875,3.53125,3.287109375,2.3203125,3.1689453125,3.8427734375
122,3.92431640625,3.599609375,4.35498046875,3.10888671875,2.8359375,3.744140625
123,4.48583984375,3.3115234375,3.1357421875,2.3017578125,3.7939453125,4.00341796875
124,4.55224609375,3.63232421875,2.82958984375,2.52587890625,4.126953125,4.58056640625
125,3.94287109375,3.34423828125,4.3232421875,2.99365234375,2.65673828125,1.951171875
126,4.23095703125,3.50732421875,4.06494140625,3.22998046875,4.03857421875,2.947265625
127,4.7236328125,3.1513671875,3.9140625,2.2841796875,3.96484375,3.296875
128,4.78955078125,2.787109375,4.138671875,2.57958984375,4.380859375,3.70849609375
129,4.0791015625,3.37841796875,3.77880859375,2.7060546875,3.923828125,2.65869140625
130,4.4580078125,3.1396484375,3.70849609375,3.51123046875,4.0126953125,3.802734375
131,4.51806640625,2.68603515625,4.142578125,2.3408203125,3.90087890625,2.6357421875
132,4.205078125,2.91748046875,3.859375,3.71240234375,4.5576171875,2.70703125
133,4.1064453125,2.93310546875,3.89013671875,2.63720703125,2.9111328125,4.455078125
134,4.5478515625,2.6767578125,4.25390625,3.5029296875,4.00390625,3.5322265625
135,4.10302734375,3.3291015625,3.87255859375,2.97900390625,3.16650390625,4.34375
136,3.7138671875,2.75927734375,3.95556640625,2.6748046875,4.25439453125,4.41357421875
137,4.541015625,2.93310546875,3.80859375,3.38818359375,2.98876953125,2.41650390625
138,4.21484375,1.4072265625,3.7138671875,1.81103515625,3.462890625,1.29931640625
139,3.51220703125,4.06005859375,4.05712890625,3.8525390625,4.24072265625,3.22265625
140,3.482421875,3.8203125,4.57177734375,3.24267578125,3.20263671875,2.85888671875
141,3.935546875,3.84765625,3.6650390625,1.419921875,4.0166015625,3.46142578125
142,3.32421875,3.93505859375,3.97216796875,2.3984375,4.18408203125,3.021484375
143,4.1298828125,3.001953125,3.64990234375,2.2421875,3.35888671875,3.09619140625
144,2.96826171875,4.0087890625,3.41845703125,2.07861328125,4.4833984375,2.55419921875
145,4.6591796875,3.115234375,3.97802734375,2.68505859375,3.51318359375,3.337890625
146,4.4150390625,3.26806640625,3.7958984375,2.2841796875,5.0068359375,2.67626953125
147,5.25927734375,4.12353515625,4.01025390625,2.5732421875,2.92138671875,3.15576171875
148,4.5556640625,3.32275390625,3.6298828125,1.55322265625,4.49609375,3.09912109375
149,4.7421875,3.44677734375,3.84765625,2.755859375,4.603515625,3.314453125
150,4.88720703125,3.32763671875,2.75390625,1.6953125,4.92626953125,2.64599609375
151,4.134765625,3.81201171875,4.337890625,1.193359375,4.13916015625,3.10205078125
152,3.69091796875,4.47412109375,3.30908203125,2.78076171875,5.474609375,2.90673828125
153,4.75,1.484375,3.5634765625,2.171875,2.876953125,2.654296875
154,3.74462890625,4.17626953125,3.39501953125,1.58984375,4.751953125,2.63916015625
155,4.244140625,4.16552734375,2.947265625,2.3125,4.29443359375,3.02197265625
156,3.48193359375,3.701171875,3.0908203125,3.498046875,3.29833984375,3.0517578125
157,4.400390625,3.81494140625,3.48291015625,0.47412109375,4.78515625,3.18310546875
158,3.724609375,4.21533203125,3.10400390625,3.7763671875,2.7607421875,2.33544921875
159,4.18798828125,4.208984375,3.67529296875,3.6416015625,3.22900390625,3.2275390625
160,3.755859375,4.20458984375,4.07568359375,3.18115234375,2.77685546875,3.1630859375
161,4.25048828125,3.25537109375,2.64453125,3.93798828125,3.048828125,3.05859375
162,3.39013671875,3.970703125,3.5791015625,3.166015625,3.765625,2.23876953125
163,4.3779296875,3.00927734375,2.822265625,4.078125,1.93017578125,2.9169921875
164,4.078125,3.06201171875,3.32421875,3.0244140625,3.8271484375,1.91259765625
165,4.64453125,3.61767578125,3.29931640625,3.380859375,4.2939453125,3.10693359375
166,4.43408203125,3.6220703125,3.39208984375,4.11962890625,4.06640625,3.28759765625
167,4.17333984375,3.20361328125,3.078125,2.54443359375,3.64990234375,1.37109375
168,4.38330078125,3.52392578125,3.06005859375,1.724609375,4.03076171875,1.681640625
169,4.0546875,2.9560546875,3.13134765625,3.76123046875,3.65673828125,2.736328125
170,4.49853515625,3.14599609375,3.208984375,2.37939453125,3.6962890625,3.15087890625
171,3.875,3.13525390625,3.07373046875,2.16015625,3.85498046875,1.30029296875
172,4.70361328125,3.72021484375,3.8935546875,1.16796875,4.6279296875,1.99267578125
173,3.25,3.12646484375,3.04541015625,3.49072265625,2.25830078125,1.71240234375
174,2.65673828125,2.7373046875,4.3671875,2.04833984375,3.8828125,2.47265625
175,3.685546875,3.46240234375,2.9111328125,3.58251953125,4.5771484375,2.162109375
176,4.05078125,3.26318359375,4.0830078125,1.73291015625,4.6748046875,3.1279296875
177,2.59814453125,3.392578125,3.15087890625,3.337890625,3.68701171875,1.26318359375
178,4.55419921875,2.02783203125,3.4189453125,1.63134765625,4.15869140625,1.43408203125
179,3.404296875,3.87646484375,3.376953125,2.79638671875,3.69287109375,2.93408203125
180,4.0009765625,1.8955078125,3.36328125,2.18603515625,3.8779296875,1.97119140625
181,4.23583984375,3.1201171875,4.0263671875,1.94677734375,3.60009765625,1.89453125
182,5.09326171875,1.53173828125,3.09814453125,2.5029296875,3.69091796875,1.783203125
183,2.92431640625,3.39404296875,4.126953125,1.4287109375,3.80615234375,2.37109375
184,4.3896484375,4.3251953125,3.88134765625,0.62939453125,4.048828125,2.25830078125
185,4.2548828125,2.17431640625,3.34130859375,2.90576171875,4.349609375,2.97119140625
186,4.84130859375,4.2158203125,2.8056640625,1.98046875,4.23974609375,0.72900390625
187,3.9609375,2.45654296875,4.17578125,1.23876953125,3.43798828125,3.76123046875
188,3.94189453125,3.173828125,3.4560546875,2.46044921875,2.6083984375,3.37744140625
189,4.3125,2.59765625,3.19287109375,1.03173828125,4.40283203125,4.0234375
190,4.80908203125,3.10498046875,3.291015625,2.21826171875,2.8642578125,4.06640625
191,3.6708984375,3.22705078125,3.744140625,1.02978515625,2.83642578125,2.9384765625
192,4.01171875,3.1259765625,3.36279296875,2.19287109375,2.12890625,3.61328125
193,3.66357421875,3.072265625,3.52783203125,0.95361328125,3.4541015625,3.31494140625
194,2.73486328125,3.19384765625,3.337890625,1.75830078125,4.34619140625,2.95263671875
195,4.50830078125,2.64306640625,3.18017578125,1.09912109375,2.1474609375,3.76513671875
196,3.8203125,3.5576171875,3.05908203125,1.783203125,3.455078125,3.10546875
197,4.66162109375,2.5947265625,3.54150390625,1.7373046875,2.525390625,3.33642578125
198,3.93359375,2.68212890625,3.60107421875,1.13232421875,3.32666015625,3.52587890625
199,3.85302734375,3.31787109375,3.10107421875,2.40869140625,3.224609375,3.59130859375
200,2.9033203125,2.98193359375,2.78466796875,2.05322265625,2.97265625,3.4931640625
201,4.2109375,2.96923828125,3.47314453125,1.595703125,3.48681640625,2.6220703125
202,3.7744140625,3.6396484375,4.1025390625,0.8271484375,3.89990234375,2.40771484375
203,3.52734375,2.396484375,2.935546875,2.68359375,1.97314453125,3.7421875
204,3.69287109375,3.4921875,3.23583984375,1.6552734375,4.09130859375,2.3759765625
205,3.701171875,2.77783203125,3.23095703125,1.94140625,1.56640625,3.4052734375
206,4.12841796875,2.89404296875,2.880859375,2.34814453125,4.30517578125,1.4423828125
207,2.7978515625,2.98681640625,3.6162109375,1.4072265625,3.66943359375,3.81591796875
208,3.4287109375,2.88916015625,3.390625,2.4990234375,3.96533203125,2.4384765625
209,3.01220703125,3.72314453125,3.24609375,1.28515625,3.90380859375,3.55810546875
210,2.947265625,2.60205078125,3.22314453125,2.2705078125,3.798828125,2.77099609375
211,3.62451171875,3.40576171875,3.35400390625,2.07177734375,3.689453125,3.24853515625
212,4.01123046875,3.75830078125,3.47998046875,2.85595703125,4.38916015625,2.599609375
213,2.89501953125,1.8837890625,2.9462890625,1.65576171875,3.595703125,3.20751953125
214,3.7470703125,3.33837890625,2.65283203125,2.33056640625,4.09423828125,2.259765625
215,3.6640625,2.681640625,4.0009765625,1.3916015625,3.85205078125,3.1015625
216,3.84716796875,2.705078125,3.9609375,2.0625,2.74267578125,2.96142578125
217,3.9208984375,3.23779296875,2.6376953125,1.78564453125,4.5673828125,2.06103515625
218,3.1279296875,3.4755859375,3.4697265625,1.5556640625,2.82666015625,2.05419921875
219,4.4775390625,1.5791015625,3.0263671875,2.021484375,3.427734375,2.5009765625
220,3.89794921875,2.11328125,3.48046875,2.5244140625,2.0625,2.62353515625
221,4.4365234375,2.04052734375,3.35986328125,1.95849609375,3.90087890625,2.16259765625
222,4.080078125,2.24951171875,3.28125,1.64599609375,2.15625,1.34228515625
223,4.00146484375,1.2978515625,3.04345703125,2.22412109375,3.4716796875,2.416015625
224,3.18994140625,1.2880859375,3.1103515625,2.0576171875,3.68994140625,1.640625
225,4.54541015625,1.857421875,2.75830078125,2.1767578125,2.224609375,2.6337890625
226,4.41162109375,1.2197265625,3.1259765625,2.03466796875,2.25244140625,1.48974609375
227,2.431640625,2.80029296875,2.94580078125,1.490234375,3.6201171875,1.89892578125
228,3.96826171875,2.05224609375,3.15673828125,1.689453125,3.70166015625,2.017578125
229,4.59765625,2.33935546875,3.33349609375,2.15478515625,2.23388671875,2.18798828125
230,4.50927734375,2.27734375,2.7734375,2.09228515625,3.3984375,1.75048828125
231,4.099609375,1.52783203125,3.6240234375,1.35595703125,1.8369140625,2.69580078125
232,4.41064453125,1.74609375,3.12548828125,1.57958984375,2.8583984375,2.44189453125
233,4.052734375,1.63916015625,2.9853515625,1.83056640625,2.7744140625,1.87353515625
234,3.67333984375,1.775390625,3.3896484375,2.4013671875,3.49609375,2.69580078125
235,4.49365234375,2.0556640625,3.37451171875,0.8076171875,2.09326171875,1.85498046875
236,4.31396484375,1.6806640625,3.14306640625,1.05712890625,4.2529296875,2.35791015625
237,3.57763671875,2.06005859375,2.91455078125,1.4677734375,1.5068359375,2.48486328125
238,3.92578125,2.21044921875,2.42724609375,1.4873046875,3.60986328125,1.7119140625
239,4.00390625,1.6962890625,3.08642578125,1.455078125,4.28271484375,2.705078125
240,3.91357421875,1.80859375,3.27783203125,1.2275390625,4.77099609375,1.02880859375
241,3.7431640625,2.4111328125,3.26904296875,2.0634765625,2.33251953125,3.251953125
242,3.80615234375,2.51123046875,2.962890625,0.71630859375,3.015625,2.28271484375
243,4.0263671875,1.8759765625,3.462890625,2.0634765625,1.6982421875,2.6103515625
244,3.50341796875,2.29931640625,2.84228515625,1.61962890625,1.6279296875,1.310546875
245,4.330078125,1.7685546875,2.8447265625,1.38232421875,2.79638671875,3.3876953125
246,3.70947265625,2.16748046875,3.15283203125,1.23583984375,2.1123046875,1.7607421875
247,3.998046875,2.15283203125,2.9482421875,1.82470703125,2.74169921875,2.71044921875
248,3.4150390625,1.9453125,2.98828125,1.16552734375,1.54248046875,2.1455078125
249,4.35595703125,1.49560546875,3.33740234375,1.12939453125,2.5498046875,2.546875
250,3.50537109375,1.263671875,2.86572265625,0.87744140625,2.65869140625,1.89013671875
251,4.27587890625,3.22802734375,3.1142578125,1.26513671875,2.03271484375,2.3203125
252,3.93359375,3.337890625,3.56396484375,1.283203125,2.525390625,1.5556640625
253,4.275390625,1.607421875,3.3935546875,1.42138671875,2.44677734375,2.5400390625
254,3.724609375,2.40771484375,3.11328125,1.66064453125,3.2529296875,2.5634765625
255,4.0947265625,2.31982421875,3.099609375,0.576171875,1.5771484375,2.0205078125
256,3.50830078125,3.24951171875,3.033203125,1.04345703125,3.2763671875,2.67236328125
257,3.6884765625,1.1435546875,3.10205078125,0.7548828125,2.69677734375,2.1669921875
258,4.0322265625,3.2353515625,2.5458984375,1.12548828125,3.796875,2.11279296875
259,3.7431640625,2.24853515625,3.0908203125,1.677734375,2.17333984375,1.70556640625
260,3.14453125,2.02783203125,2.77880859375,1.685546875,3.07861328125,2.1328125
261,4.2470703125,2.51708984375,2.6328125,0.89990234375,2.56591796875,2.6689453125
262,2.654296875,3.40185546875,2.529296875,1.60302734375,3.04150390625,2.5771484375
263,3.990234375,1.4345703125,2.82275390625,1.58544921875,2.1484375,1.84765625
264,3.19384765625,2.5947265625,3.0986328125,1.3935546875,2.826171875,1.28173828125
265,2.36279296875,1.77783203125,2.7353515625,0.5703125,2.6630859375,2.35107421875
266,2.60791015625,1.58056640625,3.13623046875,1.50244140625,2.4580078125,2.0439453125
267,2.1376953125,3.04345703125,3.46142578125,1.52880859375,2.70849609375,1.56103515625
268,1.62841796875,3.1767578125,2.64111328125,0.83935546875,2.24755859375,2.35546875
269,3.021484375,1.6982421875,2.78076171875,0.89404296875,2.689453125,2.10888671875
270,1.728515625,1.4267578125,3.1943359375,1.82763671875,2.99658203125,2.2041015625
271,3.60986328125,2.9658203125,2.5927734375,0.68505859375,2.0537109375,1.541015625
272,5.02392578125,1.921875,3.41357421875,1.357421875,2.73583984375,1.91064453125
273,3.201171875,1.720703125,3.00439453125,0.9892578125,2.630859375,1.8779296875
274,3.27880859375,2.32958984375,3.1103515625,1.38525390625,2.791015625,1.75927734375
275,3.93505859375,1.92578125,2.49609375,0.73193359375,2.025390625,2.47119140625
276,3.4873046875,1.9638671875,3.08154296875,1.94287109375,3.1494140625,2.0
277,3.4296875,2.15478515625,2.7275390625,1.5830078125,2.15625,2.3076171875
278,3.20751953125,2.49560546875,2.90234375,1.564453125,1.560546875,2.2138671875
279,3.67578125,1.9501953125,2.30322265625,1.16943359375,3.39892578125,1.84521484375
280,3.25390625,1.1591796875,2.552734375,1.1865234375,2.05078125,1.10498046875
281,3.69921875,2.244140625,2.63330078125,1.595703125,0.7490234375,2.5712890625
282,3.3115234375,2.27490234375,2.57958984375,1.2744140625,1.10400390625,0.994140625
283,3.84765625,1.169921875,3.0390625,1.01904296875,1.166015625,2.6484375
284,3.58544921875,1.76708984375,2.7421875,1.18505859375,0.9990234375,2.23681640625
285,3.498046875,1.9853515625,2.3623046875,1.46728515625,0.92529296875,1.705078125
286,3.85595703125,1.52587890625,2.88720703125,1.3583984375,1.32958984375,2.14599609375
287,3.35009765625,2.00634765625,2.6796875,0.90869140625,2.439453125,1.6591796875
288,2.8330078125,1.5712890625,2.77587890625,1.11474609375,1.69482421875,1.4716796875
289,4.208984375,1.9111328125,2.9970703125,1.0791015625,2.49658203125,2.255859375
290,3.9736328125,1.1259765625,3.28125,1.4736328125,2.08984375,1.232421875
291,3.70947265625,1.84619140625,2.8603515625,0.99609375,1.60205078125,1.5322265625
292,3.55712890625,1.91552734375,2.72412109375,1.35595703125,1.32080078125,1.03369140625
293,4.02099609375,1.20458984375,2.521484375,1.13623046875,2.7373046875,2.5947265625
294,3.23388671875,1.7421875,3.091796875,1.36474609375,2.53759765625,2.07080078125
295,4.115234375,1.20068359375,3.22705078125,1.13037109375,1.70263671875,1.41796875
296,4.0478515625,1.4501953125,2.58935546875,1.15576171875,1.1611328125,1.03564453125
297,3.6357421875,1.4052734375,3.1552734375,1.7119140625,2.958984375,2.11083984375
298,3.3359375,2.0302734375,2.5458984375,1.0146484375,2.15234375,1.3134765625
299,3.6806640625,2.04296875,2.96484375,1.42431640625,1.9365234375,2.13427734375
300,3.7578125,2.04931640625,2.3671875,1.978515625,2.6689453125,1.2421875
301,3.958984375,1.42431640625,2.71826171875,0.8828125,2.431640625,1.95166015625
302,3.56201171875,1.02490234375,2.8203125,0.908203125,2.2734375,2.35693359375
303,3.29052734375,1.92431640625,2.66943359375,1.25341796875,2.6875,1.10986328125
304,3.40771484375,2.15869140625,3.009765625,1.7041015625,3.02294921875,1.76416015625
305,3.37890625,1.02880859375,2.62841796875,0.7548828125,1.7900390625,0.88720703125
306,2.5908203125,1.82373046875,2.53515625,1.47509765625,3.79736328125,2.39453125
307,4.38671875,1.44921875,2.865234375,0.8583984375,1.75146484375,0.8857421875
308,4.1787109375,1.57275390625,2.53076171875,1.890625,3.326171875,2.36279296875
309,3.2470703125,1.64111328125,2.6923828125,0.45654296875,4.21728515625,1.8505859375
310,4.1279296875,1.67919921875,2.97314453125,1.6171875,3.84326171875,2.63818359375
311,2.7236328125,1.4169921875,2.68505859375,0.93115234375,3.75439453125,1.13427734375
312,2.4130859375,0.654296875,2.75439453125,1.04248046875,3.6962890625,2.3056640625
313,3.87109375,2.24755859375,2.638671875,0.39501953125,3.53271484375,2.1943359375
314,3.6748046875,2.2353515625,3.04052734375,1.23046875,3.63232421875,2.95703125
315,1.63671875,1.3681640625,3.04833984375,0.8388671875,3.74267578125,0.86572265625
316,4.21240234375,1.31689453125,2.2294921875,0.9951171875,4.34716796875,2.24658203125
317,3.70654296875,1.4111328125,2.3681640625,1.33251953125,3.64794921875,1.62158203125
318,4.0615234375,1.0712890625,2.7353515625,0.9580078125,3.26123046875,1.69970703125
319,3.9453125,1.41162109375,2.384765625,0.79736328125,4.20458984375,1.279296875
320,3.74462890625,1.04248046875,3.06689453125,0.8837890625,3.51416015625,2.96826171875
321,4.18701171875,1.27294921875,3.11962890625,1.03271484375,3.064453125,1.86376953125
322,4.22802734375,1.6376953125,2.310546875,0.89794921875,3.1474609375,1.9501953125
323,4.009765625,1.41943359375,2.33056640625,1.3330078125,4.4462890625,2.72509765625
324,4.4892578125,1.37109375,3.02294921875,0.8642578125,3.9296875,1.26416015625
325,2.6416015625,2.1328125,2.79443359375,1.390625,4.0048828125,3.07373046875
326,2.57666015625,2.04150390625,2.5732421875,1.17041015625,3.2216796875,1.00244140625
327,3.6484375,1.1728515625,2.978515625,0.72021484375,4.23193359375,2.83056640625
328,1.83154296875,1.5849609375,2.3818359375,1.263671875,4.32373046875,1.0390625
329,3.6953125,1.5966796875,2.48974609375,1.04296875,2.89013671875,1.62939453125
330,1.4736328125,0.6728515625,3.2578125,0.865234375,3.17041015625,1.2890625
331,2.4541015625,1.89208984375,2.88427734375,1.02734375,3.36669921875,1.33154296875
332,2.310546875,0.4619140625,2.85400390625,1.06640625,2.44091796875,1.05712890625
333,2.38330078125,2.00341796875,2.36376953125,0.7666015625,4.4619140625,1.9189453125
334,1.46875,1.35986328125,2.83056640625,1.154296875,3.27001953125,1.65234375
335,2.6533203125,0.833984375,2.54248046875,1.06591796875,3.025390625,1.36279296875
336,2.4755859375,1.15283203125,3.31005859375,1.19775390625,3.068359375,1.828125
337,2.65625,1.234375,3.21875,0.9873046875,3.16845703125,0.7294921875
338,2.2353515625,1.751953125,2.68115234375,1.396484375,3.822265625,0.509765625
339,2.23291015625,0.93798828125,2.89208984375,1.08447265625,2.822265625,1.0185546875
340,2.16552734375,1.0048828125,2.32763671875,0.96826171875,2.94482421875,1.01611328125
341,2.62548828125,0.783203125,2.49853515625,0.71337890625,3.3515625,1.54638671875
342,2.07373046875,1.3447265625,2.5517578125,1.20654296875,3.5986328125,1.45068359375
343,2.6630859375,1.7724609375,2.95556640625,1.11181640625,2.77099609375,0.517578125
344,3.08447265625,2.16796875,2.84375,0.65478515625,3.21728515625,1.25732421875
345,2.0576171875,0.62744140625,2.97802734375,0.7705078125,2.62841796875,1.244140625
346,2.4755859375,1.2041015625,2.65283203125,1.25,3.53759765625,0.94189453125
347,2.3740234375,1.23681640625,2.7451171875,1.4404296875,2.8291015625,1.30810546875
348,2.22900390625,1.53662109375,2.484375,0.82421875,3.93212890625,1.00390625
349,3.21044921875,1.48193359375,2.4208984375,0.7509765625,1.75927734375,1.17919921875
350,3.43896484375,1.1787109375,2.634765625,1.30859375,2.87255859375,1.40087890625
351,2.111328125,1.0146484375,2.5712890625,0.828125,2.0498046875,1.37158203125
352,2.6357421875,0.94677734375,2.86279296875,0.357421875,1.15380859375,1.23876953125
353,2.09765625,1.23193359375,2.71630859375,0.3818359375,3.3486328125,1.20361328125
354,2.61376953125,1.5341796875,2.44189453125,0.98486328125,2.15185546875,1.05419921875
355,2.73291015625,1.365234375,2.55322265625,0.82373046875,1.79443359375,1.10791015625
356,2.24658203125,1.52587890625,2.67626953125,0.6044921875,1.79833984375,1.07177734375
357,2.18115234375,1.1220703125,2.60400390625,0.64990234375,1.63232421875,1.06396484375
358,2.1533203125,2.19873046875,2.1845703125,1.2216796875,1.26220703125,0.8193359375
359,3.21728515625,0.71142578125,2.09521484375,0.90771484375,2.51416015625,0.935546875
360,2.4150390625,1.6591796875,2.7998046875,1.11376953125,1.38232421875,1.0849609375
361,2.93896484375,1.31201171875,2.9306640625,0.927734375,2.40380859375,1.08935546875
362,3.27880859375,0.935546875,2.45703125,0.9697265625,1.33984375,0.814453125
363,2.63818359375,1.66845703125,2.2333984375,0.9423828125,2.4736328125,0.998046875
364,2.87451171875,1.373046875,2.52392578125,1.01708984375,1.93212890625,1.30126953125
365,3.09814453125,1.4873046875,2.3798828125,1.44921875,2.11279296875,1.03955078125
366,3.275390625,1.0419921875,2.822265625,0.849609375,1.029296875,1.2724609375
367,2.45068359375,1.74267578125,2.548828125,0.76123046875,2.90087890625,1.31201171875
368,2.96044921875,1.58935546875,2.6201171875,1.04150390625,2.3466796875,0.8837890625
369,2.85693359375,0.912109375,2.423828125,0.7294921875,2.158203125,1.28466796875
370,2.009765625,1.13134765625,2.38037109375,1.26708984375,2.62451171875,0.89111328125
371,3.41162109375,1.953125,2.43798828125,1.15380859375,2.17431640625,1.26611328125
372,3.8662109375,1.01171875,2.27099609375,1.33203125,1.71044921875,0.875
373,2.16455078125,1.7861328125,2.27099609375,0.86328125,2.3818359375,0.85546875
374,2.84912109375,0.90576171875,2.6513671875,0.73486328125,1.94580078125,0.515625
375,1.82421875,1.7080078125,2.80078125,0.6484375,2.52734375,0.92626953125
376,2.3173828125,0.94482421875,2.91357421875,1.068359375,2.42333984375,1.27880859375
377,3.029296875,1.1787109375,3.14892578125,0.99560546875,1.85107421875,1.43115234375
378,2.03125,1.4130859375,2.7724609375,0.986328125,2.34521484375,1.24853515625
379,3.34912109375,1.240234375,2.638671875,0.7431640625,2.08740234375,0.89208984375
380,2.5615234375,1.5087890625,2.7421875,0.8037109375,1.92333984375,1.384765625
381,2.99853515625,1.29638671875,2.67041015625,0.859375,2.47509765625,1.00830078125
382,1.82568359375,0.71484375,2.53564453125,0.9892578125,2.259765625,0.658203125
383,3.3779296875,1.759765625,2.39013671875,1.1513671875,1.4599609375,0.98828125
384,2.2255859375,1.23095703125,2.703125,1.04150390625,2.79736328125,1.4541015625
385,1.85986328125,1.1591796875,2.3837890625,1.06787109375,1.39599609375,1.13818359375
386,1.94677734375,1.443359375,2.9619140625,1.546875,1.50244140625,0.73583984375
387,2.36572265625,0.35595703125,3.04443359375,1.00732421875,2.49951171875,0.859375
388,2.78466796875,1.64404296875,2.66015625,1.18212890625,2.484375,1.25732421875
389,1.69384765625,1.11669921875,2.75244140625,0.88134765625,0.6962890625,1.12255859375
390,1.755859375,0.9677734375,2.5146484375,0.9765625,1.791015625,0.88720703125
391,2.18603515625,1.2275390625,2.61083984375,0.70068359375,0.98095703125,1.39013671875
392,1.77587890625,1.77783203125,2.6953125,0.98486328125,2.03369140625,0.84814453125
393,2.322265625,0.95654296875,2.7392578125,0.79931640625,0.78564453125,1.27001953125
394,0.80126953125,1.39404296875,2.6064453125,0.69970703125,1.08984375,1.25830078125
395,3.0595703125,1.25341796875,2.51025390625,1.00244140625,1.81787109375,1.138671875
396,3.42236328125,1.52197265625,2.80517578125,1.18701171875,1.13623046875,1.12255859375
397,2.71923828125,0.81005859375,2.82861328125,1.0595703125,1.57421875,1.03857421875
398,3.47607421875,1.15673828125,2.5947265625,1.1904296875,1.8330078125,1.30322265625
399,2.37255859375,1.16015625,2.52294921875,0.92822265625,1.87060546875,1.61474609375
400,2.10693359375,1.19970703125,2.94189453125,1.28662109375,1.6484375,1.3173828125
401,2.9990234375,1.03759765625,2.8916015625,1.16455078125,1.76025390625,1.58642578125
402,2.85595703125,1.08740234375,2.642578125,1.11328125,1.685546875,0.884765625
403,2.34130859375,1.2490234375,2.68359375,0.9267578125,0.63818359375,0.8359375
404,2.97314453125,0.75732421875,2.4970703125,0.76611328125,1.8798828125,1.3759765625
405,2.46435546875,1.27978515625,2.47900390625,0.91796875,1.0048828125,1.15966796875
406,1.931640625,1.10693359375,2.77978515625,0.94921875,2.4345703125,1.17529296875
407,2.662109375,0.45654296875,2.64794921875,1.169921875,0.9033203125,1.31591796875
408,2.0283203125,1.02880859375,2.4462890625,1.296875,1.82177734375,0.8935546875
409,2.80029296875,1.08203125,2.4482421875,0.953125,2.4345703125,1.43798828125
410,2.62548828125,1.052734375,2.52392578125,0.8037109375,1.140625,0.68115234375
411,1.90625,0.93408203125,2.55224609375,0.798828125,2.75146484375,1.484375
412,1.68505859375,1.12744140625,2.89404296875,0.89892578125,2.32861328125,1.21435546875
413,2.88037109375,0.8701171875,2.88427734375,0.7021484375,2.35546875,1.46875
414,1.74462890625,1.21923828125,2.81591796875,1.26123046875,2.51953125,1.22216796875
415,2.73193359375,1.5498046875,2.77392578125,0.763671875,1.47509765625,1.08984375
416,2.5693359375,0.91357421875,2.9521484375,1.16259765625,1.97900390625,0.84912109375
417,1.8671875,0.986328125,2.8046875,0.8544921875,2.771484375,0.70068359375
418,2.59130859375,0.375,2.50048828125,1.28369140625,1.93017578125,0.94775390625
419,1.72314453125,0.5986328125,2.49365234375,1.30419921875,2.857421875,0.86279296875
420,2.333984375,1.5087890625,2.5380859375,0.80615234375,1.79296875,0.89990234375
421,1.9541015625,0.76708984375,2.5029296875,1.05224609375,2.78173828125,1.20458984375
422,2.0791015625,1.27685546875,2.6044921875,0.857421875,2.28125,0.72119140625
423,2.2490234375,1.15185546875,2.4619140625,0.6884765625,2.59912109375,0.853515625
424,1.30224609375,0.60546875,2.98291015625,0.8310546875,1.28662109375,1.0927734375
425,2.33984375,0.64208984375,2.7958984375,0.93701171875,2.99658203125,1.27880859375
426,2.51171875,1.05078125,2.53125,1.0068359375,2.0576171875,1.23046875
427,0.82568359375,1.46044921875,2.609375,0.89111328125,2.55126953125,1.21826171875
428,2.2978515625,0.89013671875,2.9169921875,0.7294921875,2.60400390625,1.36181640625
429,1.35009765625,0.7958984375,2.765625,0.46875,1.71484375,1.15673828125
430,1.16650390625,1.26513671875,2.64306640625,1.41650390625,2.845703125,1.3232421875
431,2.03515625,0.326171875,2.8935546875,1.06982421875,0.7705078125,1.462890625
432,2.21533203125,1.14013671875,2.4765625,0.697265625,2.3662109375,1.05419921875
433,0.8818359375,0.6845703125,2.466796875,1.1044921875,1.15576171875,1.4189453125
434,2.81103515625,0.736328125,2.4345703125,0.87060546875,2.037109375,1.39892578125
435,0.47412109375,1.17431640625,2.3466796875,0.93798828125,1.27685546875,1.64501953125
436,3.34716796875,1.03076171875,2.7099609375,0.63232421875,1.2529296875,1.14404296875
437,2.8681640625,1.044921875,2.5556640625,0.4375,2.1689453125,1.0517578125
438,2.56494140625,1.21875,3.14208984375,0.603515625,2.3056640625,1.19482421875
439,3.16943359375,1.77392578125,3.06005859375,0.451171875,1.826171875,1.27392578125
440,3.1484375,1.0615234375,2.3974609375,0.9541015625,1.0185546875,1.1044921875
441,2.48779296875,0.697265625,2.3955078125,0.91259765625,1.88671875,1.06884765625
442,1.40869140625,1.04150390625,3.056640625,0.45800781250000006,1.6865234375,0.7724609375
443,3.73876953125,1.1630859375,2.7158203125,0.62353515625,0.80078125,0.88720703125
444,4.00830078125,1.33935546875,2.49951171875,0.60546875,2.1982421875,1.08642578125
445,2.1259765625,0.4453125,2.32958984375,0.79638671875,0.92724609375,1.27880859375
446,1.96435546875,0.80712890625,2.56103515625,1.15771484375,2.70751953125,0.97607421875
447,2.703125,0.72021484375,2.7099609375,0.666015625,1.30029296875,0.70068359375
448,3.13671875,0.998046875,2.49853515625,1.32470703125,2.8896484375,0.88818359375
449,1.6259765625,0.60498046875,2.55419921875,0.962890625,1.41650390625,1.4599609375
450,1.12939453125,0.73388671875,2.4462890625,1.1044921875,2.30908203125,1.5
451,2.8662109375,0.56591796875,2.337890625,1.203125,2.177734375,1.58154296875
452,2.79736328125,0.6748046875,2.3984375,0.845703125,2.77490234375,1.17236328125
453,2.2890625,1.0458984375,2.03857421875,0.9619140625,1.76416015625,1.0869140625
454,2.4912109375,0.75341796875,2.62060546875,1.20654296875,2.01025390625,1.00537109375
455,1.72021484375,0.48486328125,2.71923828125,0.93017578125,2.09619140625,1.419921875
456,1.376953125,0.9716796875,2.63623046875,0.98681640625,2.1103515625,1.2822265625
457,2.7451171875,0.70263671875,2.5341796875,0.87353515625,2.64990234375,1.08740234375
458,3.16796875,1.0419921875,2.47802734375,0.77685546875,1.0419921875,1.099609375
459,1.71240234375,0.8623046875,2.400390625,0.79541015625,3.10107421875,1.619140625
460,2.517578125,1.30419921875,2.61181640625,0.77490234375,1.9658203125,1.08935546875
461,1.982421875,1.10009765625,2.4892578125,0.51708984375,1.9345703125,1.1201171875
462,2.31494140625,0.5771484375,2.8095703125,0.9013671875,1.24267578125,1.33935546875
463,2.646484375,0.61181640625,2.9033203125,0.603515625,2.39501953125,1.021484375
464,2.08447265625,0.87548828125,2.9453125,0.560546875,2.3876953125,0.95166015625
465,2.72900390625,0.96435546875,2.8896484375,0.39208984375,1.5263671875,1.3671875
466,1.67626953125,1.1435546875,3.0029296875,0.873046875,1.56982421875,0.8134765625
467,2.70458984375,0.9794921875,3.18798828125,0.5576171875,2.3310546875,1.03076171875
468,1.97509765625,1.1630859375,2.6064453125,0.68115234375,1.88037109375,1.10791015625
469,2.56396484375,0.9482421875,2.44873046875,0.42626953125,1.96728515625,1.43310546875
470,1.9306640625,0.5712890625,3.2685546875,0.8623046875,2.60107421875,0.85302734375
471,2.2412109375,0.52294921875,2.86474609375,0.77392578125,1.3779296875,1.19580078125
472,2.1181640625,0.4140625,2.36279296875,0.4990234375,1.77880859375,1.158203125
473,2.69775390625,0.43017578125,2.43359375,0.517578125,2.63525390625,1.3505859375
474,1.37060546875,0.6650390625,2.7548828125,1.02197265625,2.58837890625,0.890625
475,3.10107421875,1.01220703125,2.5224609375,0.9990234375,1.474609375,0.94921875
476,1.5927734375,0.78955078125,2.58740234375,0.916015625,1.9560546875,1.0654296875
477,3.00537109375,0.7138671875,2.205078125,0.9287109375,2.20458984375,1.0166015625
478,2.09326171875,1.1552734375,2.7255859375,0.61962890625,1.0537109375,1.1806640625
479,2.5625,1.1513671875,2.658203125,0.7158203125,2.80126953125,1.3779296875
480,2.3232421875,0.9921875,2.36083984375,1.0283203125,1.037109375,1.0498046875
481,2.70703125,1.16357421875,2.56103515625,0.8388671875,2.0546875,1.70068359375
482,2.30224609375,1.177734375,2.8466796875,0.79833984375,2.39697265625,1.45361328125
483,2.2392578125,1.1474609375,2.6728515625,0.75048828125,0.5419921875,0.8720703125
484,3.0068359375,0.7509765625,3.17578125,0.54150390625,1.48974609375,1.017578125
485,1.29345703125,0.6640625,3.02587890625,0.41015625,1.80419921875,1.294921875
486,1.720703125,0.98583984375,2.4013671875,0.95166015625,1.37890625,0.775390625
487,1.8173828125,0.81591796875,2.77880859375,0.84814453125,1.7900390625,0.939453125
488,2.70703125,1.1494140625,2.70703125,0.68798828125,1.72900390625,0.90234375
489,1.4501953125,0.97509765625,2.71728515625,0.6650390625,1.4677734375,0.8271484375
490,2.76513671875,1.18701171875,2.4736328125,0.51513671875,1.5595703125,1.0107421875
491,1.34423828125,1.02197265625,2.5166015625,0.43701171875,1.576171875,1.1923828125
492,2.72705078125,1.01611328125,3.02197265625,0.8828125,1.052734375,1.12548828125
493,1.97509765625,0.7607421875,3.07177734375,0.53759765625,1.92333984375,1.11328125
494,1.33154296875,0.5263671875,2.884765625,1.1064453125,1.595703125,1.14501953125
495,3.25048828125,0.5322265625,2.7451171875,0.88037109375,1.69287109375,1.07470703125
496,3.55029296875,0.599609375,2.89208984375,0.27978515625,1.0732421875,1.35693359375
497,2.46826171875,0.45166015625,2.69482421875,0.3291015625,1.59814453125,1.1787109375
498,2.6083984375,1.03759765625,2.79638671875,0.75390625,2.1650390625,0.88623046875
499,3.1513671875,0.9560546875,2.740234375,0.73193359375,1.041015625,0.8837890625
500,2.8173828125,0.6396484375,2.671875,0.91064453125,1.861328125,0.9736328125
501,3.1962890625,0.8076171875,2.693359375,0.60888671875,1.3134765625,0.63232421875
502,3.15966796875,0.8720703125,2.78369140625,0.99755859375,2.236328125,0.59375
503,2.2412109375,0.70654296875,2.84912109375,0.50830078125,1.62255859375,0.8828125
504,1.580078125,1.0,2.9619140625,0.84326171875,1.84130859375,1.54736328125
505,3.181640625,0.7646484375,2.8837890625,0.57080078125,2.2587890625,1.35498046875
506,2.41162109375,0.7763671875,2.64111328125,0.53955078125,1.6484375,1.02978515625
507,2.1689453125,0.853515625,2.728515625,0.83837890625,1.404296875,0.66943359375
508,1.5712890625,1.05224609375,2.38037109375,0.677734375,1.46630859375,1.32470703125
509,2.8857421875,1.015625,2.3017578125,0.5654296875,2.56640625,1.15478515625
510,1.92333984375,0.693359375,2.85693359375,0.7783203125,2.51025390625,1.10595703125
511,2.6005859375,0.71826171875,2.89306640625,0.6083984375,1.59814453125,1.01318359375
512,2.6220703125,1.1376953125,2.52734375,0.72900390625,1.7294921875,0.9169921875
513,1.92822265625,0.861328125,2.662109375,0.74560546875,1.689453125,1.0546875
514,2.8974609375,0.7822265625,2.6787109375,1.11083984375,2.72998046875,1.07568359375
515,1.52490234375,1.033203125,2.65478515625,0.794921875,1.2724609375,1.3359375
516,1.89794921875,0.7861328125,2.65771484375,0.9619140625,1.49609375,0.830078125
517,2.34521484375,0.462890625,2.51220703125,0.9345703125,2.75,0.64208984375
518,2.25341796875,0.673828125,2.794921875,0.70849609375,2.02783203125,1.13134765625
519,2.458984375,0.60205078125,2.8701171875,0.880859375,2.158203125,1.0078125
520,2.16162109375,0.88916015625,2.26708984375,1.0537109375,2.04541015625,0.828125
521,2.1337890625,0.96728515625,2.349609375,0.95849609375,2.12158203125,1.06005859375
522,1.6416015625,1.04736328125,2.90380859375,0.8388671875,2.189453125,1.08349609375
523,2.1259765625,0.92919921875,2.65966796875,1.00634765625,1.50634765625,1.1328125
524,2.279296875,0.9462890625,2.62158203125,0.76806640625,2.48779296875,1.08740234375
525,2.5810546875,0.8486328125,2.72998046875,1.06396484375,1.41552734375,0.95166015625
526,1.69091796875,0.88671875,2.8271484375,0.4638671875,1.228515625,0.63525390625
527,1.89306640625,0.9169921875,2.8017578125,0.39990234375000006,1.7626953125,0.59228515625
528,1.783203125,0.45458984375,2.58984375,0.45947265625,0.76708984375,1.03759765625
529,2.3935546875,0.52294921875,2.3671875,0.4755859375,2.44384765625,1.177734375
530,2.00634765625,0.56689453125,2.3515625,0.39892578125,1.60302734375,0.75537109375
531,2.744140625,0.55126953125,2.2177734375,0.53369140625,0.58984375,1.21435546875
532,2.18603515625,0.89892578125,2.81787109375,0.63232421875,1.77001953125,0.76513671875
533,2.1455078125,1.15673828125,2.8681640625,0.65771484375,0.9287109375,0.71337890625
534,1.70166015625,0.658203125,2.64501953125,0.37890625,0.9423828125,1.3349609375
535,2.80859375,0.513671875,2.59033203125,0.70068359375,1.5146484375,1.50146484375
536,2.42236328125,0.8173828125,2.359375,0.5732421875,0.50927734375,0.9697265625
537,1.95166015625,0.65771484375,2.34130859375,0.6064453125,1.2578125,1.279296875
538,1.88134765625,0.8740234375,2.5302734375,1.2333984375,0.5810546875,0.90478515625
539,2.4482421875,1.02001953125,2.56982421875,1.0751953125,1.720703125,0.99609375
540,2.29150390625,0.98193359375,2.56591796875,0.849609375,1.2958984375,0.9599609375
541,2.4892578125,0.9345703125,2.43115234375,0.91259765625,0.826171875,1.46044921875
542,1.826171875,0.619140625,2.75,0.91357421875,0.7353515625,0.984375
543,2.35302734375,0.51171875,2.5537109375,1.029296875,1.26318359375,0.69921875
544,2.439453125,0.91357421875,2.85498046875,1.1640625,1.29833984375,0.97998046875
545,2.22900390625,0.82763671875,2.7431640625,0.8662109375,0.787109375,1.0869140625
546,3.2177734375,0.796875,2.40673828125,0.66455078125,1.01220703125,0.873046875
547,1.74072265625,0.62255859375,2.37353515625,0.64501953125,1.8173828125,0.8525390625
548,2.52734375,0.2900390625,2.6943359375,0.91943359375,1.48388671875,0.4931640625
549,2.71875,0.298828125,2.72314453125,0.85986328125,0.74072265625,0.5966796875
550,3.30322265625,0.93603515625,2.498046875,0.9521484375,1.08203125,1.2314453125
551,1.67138671875,0.97412109375,2.3427734375,0.77490234375,0.9365234375,1.29833984375
552,2.02294921875,0.68603515625,2.50634765625,0.6552734375,1.978515625,0.65087890625
553,2.02197265625,0.7216796875,2.53369140625,0.61083984375,0.60498046875,0.95068359375
554,2.4033203125,1.14697265625,2.68115234375,1.0771484375,0.873046875,0.5322265625
555,2.13671875,1.13818359375,2.74267578125,1.02978515625,1.69775390625,0.55810546875
556,2.0126953125,0.57421875,2.77294921875,1.0908203125,1.4111328125,1.17236328125
557,1.84716796875,0.7001953125,2.703125,0.95458984375,0.9345703125,1.158203125
558,2.296875,1.29833984375,2.92431640625,0.67578125,1.26171875,1.33740234375
559,1.88720703125,1.35986328125,2.7978515625,0.71923828125,1.1787109375,1.3779296875
560,2.7763671875,1.447265625,2.44287109375,0.6884765625,1.7880859375,1.10009765625
561,1.32666015625,1.41064453125,2.35888671875,0.58544921875,0.9833984375,0.93505859375
562,1.90478515625,0.9638671875,2.86962890625,0.6162109375,1.37109375,1.228515625
563,2.2548828125,0.8662109375,2.7861328125,0.6298828125,1.7314453125,1.11474609375
564,1.5830078125,1.052734375,2.53271484375,1.39599609375,2.03759765625,1.1923828125
565,2.60009765625,0.8681640625,2.4267578125,0.943359375,0.96826171875,1.0849609375
566,2.3857421875,0.64794921875,2.75634765625,0.4814453125,2.32958984375,1.08056640625
567,1.68017578125,0.5009765625,2.7734375,0.48388671875,0.30712890625,1.15576171875
568,1.86474609375,0.78076171875,2.69580078125,0.1865234375,1.29150390625,0.9296875
569,1.90869140625,0.63671875,2.60302734375,0.32373046875,1.26708984375,1.005859375
570,2.41796875,1.046875,2.91015625,0.65771484375,1.35888671875,1.14599609375
571,1.85400390625,0.927734375,2.74853515625,0.6396484375,1.2265625,0.91748046875
572,2.1005859375,0.697265625,2.4892578125,0.71728515625,1.220703125,1.00634765625
573,2.0625,0.3818359375,2.39404296875,0.65283203125,1.23828125,0.97900390625
574,1.818359375,0.68359375,2.55419921875,0.6328125,1.37548828125,1.1484375
575,2.66357421875,0.5439453125,2.4658203125,0.3896484375,1.458984375,1.19921875
576,2.84716796875,0.32568359375,2.67724609375,0.8310546875,1.43115234375,1.09619140625
577,1.5654296875,0.26953125,2.63720703125,0.82470703125,0.37451171875,1.02490234375
578,1.83154296875,1.134765625,2.6953125,0.70556640625,1.333984375,0.91796875
579,2.10400390625,0.88623046875,2.6474609375,0.6123046875,0.912109375,0.95654296875
580,2.4990234375,0.71240234375,2.83154296875,0.72509765625,1.357421875,0.9423828125
581,1.89404296875,0.7119140625,2.53857421875,0.77197265625,1.27685546875,0.93994140625
582,2.22119140625,0.95654296875,2.89404296875,0.59521484375,1.88525390625,0.55029296875
583,2.01123046875,1.1064453125,2.607421875,0.6328125,1.02392578125,0.603515625
584,1.8544921875,0.8818359375,2.693359375,1.037109375,1.41845703125,1.1904296875
585,2.03271484375,0.62158203125,2.87255859375,0.9736328125,0.64453125,1.39892578125
586,2.41796875,0.98583984375,2.451171875,1.0966796875,0.70458984375,0.73779296875
587,1.44921875,0.89892578125,2.515625,1.02392578125,2.18408203125,0.662109375
588,1.22216796875,0.658203125,2.1943359375,0.59814453125,0.61572265625,0.8515625
589,2.7861328125,0.7880859375,2.111328125,0.65625,2.255859375,1.0263671875
590,0.65673828125,0.6337890625,2.44287109375,0.79443359375,1.20361328125,0.9755859375
591,3.39453125,0.39990234375,2.3603515625,0.533203125,2.22607421875,1.00341796875
592,1.380859375,0.70703125,2.58984375,0.56640625,1.7978515625,0.9990234375
593,2.73828125,0.81982421875,2.47021484375,0.390625,1.20556640625,0.88720703125
594,2.00048828125,0.73193359375,2.80224609375,1.0498046875,1.9814453125,1.00390625
595,2.76708984375,0.7734375,2.6943359375,1.04833984375,1.20703125,0.9423828125
596,1.40771484375,0.91064453125,2.9169921875,0.619140625,1.576171875,1.00244140625
597,3.32666015625,0.8564453125,2.72802734375,0.6748046875,0.984375,1.279296875
598,1.64892578125,1.1357421875,2.81494140625,0.9716796875,2.25390625,1.0322265625
599,3.7890625,0.939453125,2.81787109375,0.84375,1.0419921875,0.9814453125
600,2.888671875,0.462890625,2.81201171875,0.91748046875,1.25732421875,1.16162109375
601,3.67724609375,0.51318359375,3.0048828125,0.50732421875,1.6787109375,1.1533203125
602,2.58056640625,0.79296875,2.8603515625,1.2099609375,1.638671875,0.68505859375
603,3.470703125,0.75537109375,2.6474609375,0.99072265625,0.81787109375,0.673828125
604,2.94873046875,1.0361328125,3.01220703125,0.921875,1.9755859375,1.0166015625
605,3.01318359375,0.88232421875,2.904296875,1.2529296875,0.85205078125,0.78759765625
606,2.91552734375,0.826171875,2.5361328125,0.84521484375,0.71240234375,1.025390625
607,3.24365234375,0.8642578125,2.30126953125,0.8359375,1.0478515625,0.990234375
608,2.328125,1.26123046875,2.5791015625,0.92822265625,1.14697265625,1.18798828125
609,3.18310546875,0.9140625,2.42822265625,0.60302734375,1.67919921875,1.091796875
610,2.111328125,0.8974609375,2.388671875,1.07080078125,1.7783203125,0.79345703125
611,3.33203125,0.9541015625,2.3154296875,1.26806640625,0.32177734375,0.85791015625
612,2.20849609375,0.6181640625,2.59814453125,0.9794921875,1.04736328125,0.8564453125
613,3.1328125,0.537109375,2.4140625,0.93798828125,0.93994140625,0.9365234375
614,3.10888671875,0.66845703125,2.6103515625,0.6298828125,1.18017578125,0.986328125
615,2.4267578125,0.830078125,2.623046875,0.6357421875,0.513671875,0.830078125
616,1.71630859375,0.54248046875,2.74462890625,0.7646484375,1.64453125,1.1484375
617,3.31494140625,0.5849609375,2.7255859375,0.87353515625,1.00146484375,1.1669921875
618,2.2275390625,0.48681640625,2.77099609375,0.47998046875,1.31884765625,0.794921875
619,2.51416015625,0.48583984375,2.6103515625,0.48681640625,1.36328125,0.7470703125
620,2.6064453125,0.943359375,2.36669921875,0.82958984375,0.966796875,1.08642578125
621,2.01025390625,0.8759765625,2.45458984375,0.78466796875,1.404296875,1.12109375
622,2.51611328125,1.0927734375,2.7216796875,0.62646484375,1.724609375,1.24560546875
623,2.24169921875,0.94287109375,2.63818359375,0.6201171875,1.201171875,1.1005859375
624,2.24462890625,0.88037109375,2.9521484375,0.75244140625,0.78515625,0.703125
625,2.3203125,0.880859375,2.92724609375,0.595703125,0.55615234375,0.779296875
626,1.23388671875,1.45849609375,2.9267578125,0.89794921875,1.45849609375,0.80078125
627,3.0126953125,1.212890625,2.70849609375,0.853515625,1.10693359375,1.0205078125
628,1.27099609375,1.056640625,2.79638671875,0.7685546875,0.916015625,1.12158203125
629,2.60302734375,1.18701171875,2.908203125,0.5107421875,1.7392578125,1.24169921875
630,1.34033203125,1.21484375,2.75439453125,0.81298828125,1.73583984375,0.72998046875
631,2.4970703125,0.86865234375,2.818359375,0.4404296875,0.78955078125,0.73779296875
632,1.68603515625,0.890625,2.95361328125,0.74853515625,0.51318359375,1.48291015625
633,2.48046875,0.6875,2.66845703125,0.51904296875,1.13916015625,1.33154296875
634,1.76171875,1.09765625,2.59423828125,1.08349609375,1.0244140625,1.37255859375
635,1.6474609375,0.72900390625,2.3720703125,0.919921875,0.83447265625,0.9921875
636,2.7880859375,0.865234375,2.76416015625,0.6455078125,1.0283203125,0.8759765625
637,1.638671875,0.83642578125,2.73583984375,0.740234375,1.080078125,0.9873046875
638,2.78173828125,1.0185546875,2.794921875,0.62744140625,1.474609375,1.0107421875
639,1.80419921875,0.89453125,2.81787109375,0.58154296875,0.58544921875,1.1435546875
640,1.5498046875,0.42431640625,2.43896484375,0.94091796875,0.6416015625,0.61572265625
641,2.34912109375,0.259765625,2.490234375,0.6796875,0.4853515625,0.73681640625
642,1.50927734375,0.39111328125,2.6748046875,0.7744140625,1.31689453125,0.9580078125
643,2.18115234375,0.27783203125,2.73388671875,0.60107421875,1.513671875,0.9560546875
644,2.71484375,0.541015625,2.42529296875,1.044921875,0.84814453125,0.7294921875
645,0.88037109375,0.78662109375,2.32861328125,0.87451171875,0.94091796875,0.67822265625
646,1.43310546875,0.57421875,2.671875,0.65380859375,0.6630859375,1.0693359375
647,1.53173828125,0.49267578125,2.68212890625,0.57958984375,1.16796875,1.26416015625
648,1.78515625,1.21630859375,2.412109375,1.02099609375,1.13427734375,0.81201171875
649,1.8115234375,1.33203125,2.345703125,0.9052734375,1.03564453125,0.78662109375
650,1.9013671875,1.07666015625,2.908203125,0.6513671875,1.19677734375,0.84033203125
651,1.21826171875,1.001953125,2.76318359375,0.5537109375,0.85546875,1.12744140625
652,1.14453125,1.11279296875,2.48486328125,1.06494140625,1.04541015625,1.03955078125
653,1.60595703125,0.97998046875,2.47802734375,0.7099609375,1.478515625,0.923828125
654,1.04296875,0.55908203125,2.7099609375,0.74755859375,0.82080078125,0.95361328125
655,1.71875,0.55029296875,2.607421875,0.83837890625,0.62646484375,1.24462890625
656,1.57470703125,0.7880859375,2.6171875,0.7548828125,0.96630859375,0.603515625
657,1.693359375,0.6298828125,2.55419921875,0.55810546875,0.89208984375,0.78955078125
658,1.07763671875,0.55517578125,2.46435546875,0.85888671875,0.763671875,0.80908203125
659,1.7490234375,0.6318359375,2.4609375,0.744140625,0.740234375,0.912109375
660,2.0,1.220703125,2.60205078125,0.41308593750000006,0.83251953125,0.79248046875
661,1.52783203125,1.0478515625,2.55224609375,0.52490234375,0.48095703125,1.09228515625
662,1.78759765625,0.9892578125,2.9443359375,0.47509765625,0.49462890625,1.2216796875
663,1.8271484375,0.76220703125,2.638671875,0.3974609375,0.42333984375,1.1142578125
664,1.205078125,1.06982421875,2.28125,0.8525390625,1.09912109375,1.1201171875
665,2.0146484375,0.732421875,2.18505859375,0.8076171875,1.130859375,1.49365234375
666,0.8232421875,1.13720703125,2.40185546875,0.75,0.80126953125,1.04638671875
667,2.1123046875,1.0810546875,2.39453125,0.68505859375,1.0244140625,1.048828125
668,1.11669921875,1.14501953125,2.701171875,1.091796875,0.8173828125,0.65380859375
669,1.17578125,0.86962890625,2.6181640625,0.92431640625,1.298828125,0.896484375
670,2.4853515625,0.66455078125,2.9443359375,1.12060546875,1.37548828125,0.80810546875
671,0.8076171875,0.7109375,2.8046875,0.9677734375,0.97900390625,0.669921875
672,2.8916015625,0.5703125,2.55615234375,1.10546875,0.4091796875,1.07763671875
673,1.43115234375,0.515625,2.58203125,0.90380859375,0.48583984375,0.947265625
674,2.32568359375,1.04638671875,2.326171875,0.56884765625,0.7001953125,0.833984375
675,2.0947265625,0.923828125,2.322265625,0.65234375,1.08984375,0.8798828125
676,1.8974609375,0.7646484375,2.40966796875,0.865234375,0.84521484375,0.70361328125
677,1.783203125,0.57568359375,2.40966796875,1.04345703125,0.53857421875,0.7529296875
678,1.853515625,0.76513671875,2.5947265625,1.009765625,1.0849609375,1.2138671875
679,1.3935546875,0.6064453125,2.51171875,0.8974609375,0.88720703125,1.255859375
680,1.47119140625,0.86669921875,2.716796875,0.8427734375,1.40771484375,1.16259765625
681,2.31298828125,0.88427734375,2.57421875,0.84423828125,1.02197265625,1.33251953125
682,2.85302734375,1.12109375,2.57958984375,0.5908203125,0.994140625,0.689453125
683,2.0087890625,0.97998046875,2.59326171875,0.58349609375,1.6884765625,0.77099609375
684,2.7607421875,1.1181640625,2.47119140625,1.20556640625,1.384765625,0.68212890625
685,1.64111328125,1.01318359375,2.46044921875,0.79931640625,0.89404296875,0.611328125
686,1.87353515625,0.72607421875,2.51904296875,0.4658203125,1.29931640625,1.11865234375
687,1.76708984375,0.48779296875,2.482421875,0.365234375,1.42529296875,0.93896484375
688,2.05419921875,0.72265625,2.4716796875,0.693359375,0.80517578125,0.73388671875
689,2.7236328125,0.7001953125,2.30859375,0.89111328125,0.78173828125,0.69677734375
690,1.56396484375,0.79248046875,2.7353515625,0.62744140625,1.2333984375,1.1064453125
691,3.2529296875,0.5791015625,2.5830078125,0.46435546875,0.947265625,1.28662109375
692,1.56689453125,0.6123046875,2.62841796875,0.92529296875,1.32763671875,0.98388671875
693,3.509765625,0.61376953125,2.55126953125,1.09375,0.51806640625,0.8291015625
694,3.38427734375,1.078125,2.6591796875,0.89111328125,1.341796875,1.05859375
695,1.380859375,0.99462890625,2.48291015625,1.03369140625,0.57080078125,1.076171875
696,2.4677734375,1.462890625,2.5390625,1.2080078125,0.51123046875,1.00341796875
697,1.74609375,1.2255859375,2.37255859375,0.7197265625,0.41943359375,1.16650390625
698,1.7705078125,1.0517578125,2.806640625,1.03564453125,1.2470703125,0.78515625
699,2.2041015625,0.833984375,2.77294921875,1.00537109375,0.7607421875,0.8955078125
700,1.33251953125,0.5439453125,2.537109375,0.9443359375,0.9306640625,0.82666015625
701,2.48974609375,0.51220703125,2.62939453125,0.873046875,0.94140625,1.0078125
702,1.94873046875,0.88525390625,2.736328125,0.484375,1.23486328125,0.9013671875
703,1.37939453125,0.61962890625,2.51953125,0.37060546875,1.248046875,1.03759765625
704,1.68994140625,0.89111328125,2.5087890625,0.81787109375,1.0205078125,0.62060546875
705,1.46044921875,0.84423828125,2.6533203125,0.755859375,1.0966796875,0.75732421875
706,1.3291015625,1.06494140625,2.32861328125,0.74951171875,1.0888671875,0.408203125
707,2.20703125,1.005859375,2.28466796875,0.830078125,0.69970703125,0.43505859375
708,1.373046875,0.89501953125,2.5380859375,0.63232421875,0.6005859375,0.7666015625
709,1.50537109375,0.72705078125,2.49462890625,0.50537109375,0.70361328125,0.84912109375
710,2.4677734375,0.73193359375,2.3046875,0.6435546875,1.45166015625,0.55859375
711,1.3779296875,0.90673828125,2.28466796875,0.4912109375,0.8359375,0.78662109375
712,2.4638671875,0.837890625,2.66748046875,0.6806640625,0.71044921875,0.65087890625
713,1.44677734375,0.9150390625,2.5947265625,0.54052734375,0.97119140625,0.68896484375
714,1.05322265625,1.212890625,2.701171875,0.9287109375,1.095703125,0.8310546875
715,2.80615234375,1.099609375,2.619140625,0.7333984375,1.32080078125,0.9033203125
716,1.70263671875,0.6513671875,2.7890625,0.81982421875,1.4296875,0.58935546875
717,2.5146484375,0.71337890625,2.833984375,0.7802734375,0.89306640625,0.724609375
718,0.81201171875,1.0556640625,2.6201171875,1.1142578125,0.955078125,0.98291015625
719,3.03076171875,0.99853515625,2.6376953125,0.80517578125,1.4931640625,0.9638671875
720,1.35546875,0.86181640625,2.50537109375,0.55615234375,1.24560546875,0.61669921875
721,1.89697265625,0.67236328125,2.35693359375,0.6015625,1.2265625,0.57275390625
722,0.92041015625,0.8115234375,2.40234375,0.65771484375,0.98583984375,0.8076171875
723,1.5712890625,0.6826171875,2.4423828125,0.51025390625,0.93212890625,0.9853515625
724,1.74755859375,0.7919921875,2.54248046875,0.9541015625,0.9912109375,1.240234375
725,0.7763671875,0.74462890625,2.5341796875,0.87939453125,0.5927734375,0.9423828125
726,0.92041015625,0.68408203125,2.3623046875,0.39013671875000006,0.57763671875,1.09619140625
727,1.4482421875,0.70556640625,2.3427734375,0.42919921875,0.94287109375,1.19970703125
728,1.56298828125,0.50146484375,2.6298828125,0.62548828125,0.9970703125,1.13330078125
729,1.47314453125,0.486328125,2.4892578125,0.576171875,0.7958984375,1.43701171875
730,1.77099609375,1.1865234375,2.54296875,0.90283203125,1.0859375,1.04931640625
731,1.16552734375,1.1630859375,2.505859375,0.62939453125,0.630859375,1.1455078125
732,1.25244140625,0.49560546875,2.84912109375,0.6171875,1.52783203125,0.892578125
733,0.8095703125,0.4345703125,2.755859375,0.69775390625,1.11376953125,1.04931640625
734,1.181640625,0.703125,2.79150390625,0.92529296875,0.5693359375,1.193359375
735,0.81689453125,0.63818359375,2.61572265625,0.9560546875,0.36474609375,1.01611328125
736,0.88232421875,0.685546875,2.78271484375,0.87548828125,1.302734375,1.2294921875
737,1.88818359375,0.52734375,2.63134765625,0.84423828125,1.50439453125,1.49462890625
738,1.57568359375,0.93115234375,2.91650390625,0.740234375,1.1162109375,1.1796875
739,1.0595703125,1.09619140625,3.0078125,0.74365234375,0.82080078125,1.1865234375
740,1.06396484375,0.66845703125,2.17578125,0.8466796875,0.708984375,1.1474609375
741,1.12353515625,0.58056640625,2.1533203125,0.64892578125,0.64208984375,1.09375
742,0.7763671875,0.9228515625,2.9296875,0.822265625,1.3583984375,0.72265625
743,2.0263671875,0.84228515625,2.78662109375,0.7177734375,0.943359375,0.71533203125
744,1.02880859375,0.8896484375,2.31298828125,1.005859375,1.42041015625,1.0791015625
745,1.3486328125,0.798828125,2.31396484375,0.9326171875,0.8544921875,1.18701171875
746,1.47802734375,0.880859375,2.40771484375,0.51513671875,0.98046875,0.67041015625
747,1.712890625,0.7099609375,2.33935546875,0.35693359375,1.458984375,1.05908203125
748,0.99072265625,0.83935546875,2.783203125,0.59375,0.7607421875,0.8271484375
749,2.0107421875,0.806640625,2.642578125,0.61376953125,0.5498046875,0.77294921875
750,0.8779296875,1.05810546875,2.78271484375,1.0234375,0.7275390625,0.501953125
751,2.18017578125,0.87353515625,2.9462890625,0.83935546875,1.26953125,0.384765625
752,1.5859375,0.8427734375,2.4248046875,0.72607421875,1.017578125,1.2861328125
753,1.7861328125,0.76416015625,2.37451171875,0.56689453125,0.57568359375,1.28955078125
754,1.501953125,0.90771484375,2.64306640625,0.27099609375,0.806640625,0.9248046875
755,1.68408203125,0.8544921875,2.5546875,0.28955078125,0.71142578125,0.89599609375
756,1.07373046875,1.04248046875,2.3916015625,0.8125,0.61962890625,0.96826171875
757,1.78271484375,0.99609375,2.58837890625,0.75146484375,0.90087890625,1.08447265625
758,2.34716796875,0.966796875,2.9443359375,0.7431640625,0.47802734375,1.09765625
759,0.923828125,0.95947265625,2.7734375,0.5048828125,0.7021484375,1.134765625
760,1.59765625,0.75439453125,2.7236328125,0.736328125,0.4140625,0.79248046875
761,0.74609375,0.6904296875,2.4521484375,0.56591796875,0.31591796875,0.5419921875
762,1.72412109375,0.7041015625,2.595703125,1.03955078125,0.822265625,1.029296875
763,0.771484375,0.88330078125,2.546875,0.98046875,1.044921875,1.10693359375
764,0.80615234375,0.94189453125,2.7529296875,0.90625,0.99462890625,1.41259765625
765,0.94140625,0.826171875,2.578125,0.91748046875,1.02880859375,1.158203125
766,0.84423828125,0.7333984375,2.82080078125,0.607421875,0.90673828125,0.8974609375
767,1.22607421875,0.66455078125,2.77294921875,0.6083984375,0.79150390625,0.87646484375
768,0.4423828125,0.890625,2.583984375,0.76171875,0.7509765625,0.55322265625
769,1.85302734375,0.845703125,2.70703125,0.751953125,0.595703125,0.61474609375
770,1.55810546875,0.82958984375,2.35791015625,0.787109375,0.74169921875,0.75390625
771,0.93603515625,0.87353515625,2.283203125,0.7451171875,0.51318359375,0.86328125
772,1.509765625,0.91845703125,2.603515625,0.8779296875,1.27783203125,0.685546875
773,0.73828125,0.8564453125,2.52490234375,0.74072265625,1.0390625,0.58837890625
774,0.88720703125,0.5556640625,2.33544921875,0.69677734375,0.65185546875,1.19873046875
775,1.2724609375,0.37158203125,2.26708984375,0.6240234375,0.4150390625,1.2021484375
776,1.0546875,0.73876953125,2.80712890625,0.44775390625,1.10791015625,0.8388671875
777,1.05859375,0.76220703125,2.9052734375,0.43359375,0.8310546875,0.73046875
778,1.90771484375,0.80908203125,2.39208984375,0.734375,0.5869140625,0.96484375
779,1.01513671875,0.73974609375,2.52685546875,0.8203125,0.85205078125,1.01611328125
780,1.1650390625,1.04150390625,2.89794921875,0.35302734375,1.11083984375,0.6708984375
781,1.15380859375,1.15673828125,2.814453125,0.4775390625,0.74462890625,0.791015625
782,1.39599609375,0.4365234375,2.79736328125,0.9384765625,0.95556640625,0.78076171875
783,1.29052734375,0.50537109375,2.74853515625,1.02001953125,0.95166015625,0.68017578125
784,1.0234375,0.45068359375,2.6884765625,0.900390625,0.97265625,0.998046875
785,1.0419921875,0.6494140625,2.76708984375,0.61083984375,0.7529296875,0.9072265625
786,1.15087890625,0.56884765625,2.93701171875,0.4296875,0.42724609375,0.84521484375
787,1.15576171875,0.4677734375,2.71435546875,0.3544921875,0.48388671875,0.77978515625
788,1.3818359375,0.71484375,2.73876953125,0.2646484375,0.65673828125,0.8408203125
789,1.025390625,0.71435546875,2.64306640625,0.2646484375,0.6396484375,0.75341796875
790,0.90478515625,0.8564453125,2.47119140625,0.7822265625,0.70166015625,0.984375
791,1.37451171875,0.87158203125,2.35009765625,0.6806640625,1.05712890625,1.10400390625
792,1.78369140625,0.728515625,2.31298828125,1.05322265625,0.46337890625,0.52197265625
793,0.77685546875,0.7919921875,2.390625,0.8623046875,0.67138671875,0.671875
794,1.24462890625,0.82177734375,2.63330078125,0.8466796875,0.43847656250000006,0.8671875
795,1.13525390625,0.736328125,2.484375,0.57421875,0.5,0.90234375
796,1.4287109375,0.7509765625,2.50146484375,0.70947265625,1.1923828125,0.81298828125
797,1.04931640625,0.6904296875,2.37939453125,0.53271484375,1.0615234375,1.046875
798,1.26904296875,0.677734375,2.79248046875,0.6953125,0.77587890625,0.697265625
799,1.5703125,0.77099609375,2.7509765625,0.58203125,0.78662109375,0.81640625
800,0.6787109375,0.4755859375,2.767578125,1.1123046875,0.73193359375,1.1201171875
801,0.88330078125,0.55224609375,2.68359375,0.939453125,0.3857421875,1.23046875
802,1.55126953125,0.78369140625,2.38427734375,0.81689453125,0.94482421875,1.22802734375
803,0.99853515625,0.7392578125,2.291015625,0.53955078125,0.68798828125,1.1787109375
804,0.5849609375,0.26806640625,2.97265625,0.84912109375,1.212890625,1.0576171875
805,1.56103515625,0.30322265625,2.6591796875,0.76416015625,0.83447265625,1.08203125
806,1.5048828125,1.0107421875,2.61767578125,0.7294921875,0.73583984375,0.7763671875
807,1.1474609375,0.83203125,2.462890625,0.42822265625,0.72900390625,0.70703125
808,1.080078125,0.86474609375,2.3955078125,0.93212890625,0.79248046875,0.72705078125
809,1.15673828125,0.9091796875,2.3134765625,0.91796875,0.94287109375,0.9580078125
810,0.4912109375,1.0,2.7998046875,0.96875,0.6630859375,1.00732421875
811,1.046875,0.92919921875,2.64208984375,0.82666015625,0.51220703125,0.9599609375
812,1.2021484375,0.6083984375,2.42431640625,0.97998046875,0.6435546875,1.236328125
813,1.36767578125,0.7392578125,2.46826171875,0.8818359375,0.638671875,1.12890625
814,0.72607421875,0.6064453125,2.833984375,0.90625,0.7490234375,0.75732421875
815,1.0205078125,0.49658203125,2.69384765625,0.72021484375,0.669921875,0.8427734375
816,1.3798828125,0.46630859375,2.94482421875,0.787109375,1.51806640625,1.111328125
817,1.26220703125,0.46630859375,2.7568359375,0.623046875,0.82861328125,1.1396484375
818,1.31103515625,0.9326171875,2.41748046875,0.7919921875,0.7080078125,0.859375
819,0.8203125,0.66748046875,2.37353515625,0.74853515625,1.2734375,0.87548828125
820,0.8828125,1.0693359375,2.7509765625,0.5517578125,0.841796875,0.81298828125
821,1.515625,1.2060546875,2.63916015625,0.56103515625,0.81640625,0.8984375
822,0.4580078125,0.60498046875,2.91845703125,0.4501953125,1.20703125,1.20458984375
823,1.5947265625,0.5322265625,2.65380859375,0.42919921875,0.93017578125,1.32275390625
824,0.84619140625,1.02734375,2.21826171875,0.6806640625,0.7841796875,0.83837890625
825,1.18994140625,0.94775390625,2.1328125,0.498046875,0.48388671875,0.931640625
826,1.21875,0.75,2.267578125,0.91259765625,1.25146484375,0.669921875
827,0.95703125,0.6142578125,2.17431640625,0.72265625,0.84814453125,0.5400390625
828,1.30029296875,0.73095703125,2.64892578125,0.96337890625,1.0537109375,0.955078125
829,0.6826171875,0.66845703125,2.65771484375,0.92529296875,0.6806640625,0.927734375
830,0.80224609375,0.962890625,2.59521484375,0.7138671875,1.16552734375,0.818359375
831,0.72119140625,0.77734375,2.55712890625,0.86376953125,0.95947265625,0.640625
832,1.046875,0.97119140625,2.611328125,0.91259765625,1.22607421875,0.86865234375
833,0.896484375,0.990234375,2.72021484375,0.92822265625,0.3896484375,1.07763671875
834,0.7548828125,0.9677734375,2.654296875,0.72021484375,1.30126953125,1.06103515625
835,0.84716796875,1.111328125,2.609375,0.41748046875000006,0.76220703125,1.05517578125
836,1.02197265625,1.29150390625,2.3974609375,0.572265625,0.75390625,0.724609375
837,0.75341796875,0.94873046875,2.1669921875,0.75830078125,1.05126953125,0.98388671875
838,1.04541015625,0.2255859375,2.31982421875,0.6328125,0.4140625,1.09033203125
839,0.92431640625,0.31884765625,2.2138671875,0.521484375,0.30419921875,1.0869140625
840,1.06640625,0.724609375,2.39892578125,0.6142578125,0.8994140625,0.7890625
841,0.8037109375,0.7841796875,2.3837890625,0.5244140625,0.66650390625,0.8984375
842,1.0498046875,0.67578125,2.91357421875,0.92626953125,1.1845703125,1.29052734375
843,0.9326171875,0.5830078125,2.705078125,0.853515625,0.8603515625,1.326171875
844,1.005859375,1.06201171875,2.55419921875,0.82763671875,0.3251953125,0.919921875
845,1.01171875,0.99560546875,2.55712890625,0.74072265625,0.9521484375,0.939453125
846,0.75048828125,0.44384765625,2.70263671875,0.90673828125,0.95556640625,0.81884765625
847,0.6328125,0.52001953125,2.72705078125,0.859375,0.880859375,0.69921875
848,0.5986328125,0.68115234375,2.619140625,0.46875,0.63818359375,0.78857421875
849,1.1845703125,0.7548828125,2.7783203125,0.39990234375,0.58056640625,0.703125
850,0.8974609375,1.36474609375,2.50537109375,0.8935546875,0.95751953125,1.04541015625
851,1.744140625,1.12939453125,2.48291015625,0.98681640625,0.84130859375,0.9765625
852,0.8994140625,0.80078125,2.7255859375,0.7578125,1.40673828125,0.92919921875
853,1.49365234375,0.708984375,2.78564453125,0.6728515625,0.826171875,0.9794921875
854,1.54248046875,0.65576171875,2.50927734375,0.58154296875,0.8603515625,0.552734375
855,0.49755859375,0.595703125,2.54052734375,0.529296875,0.36474609375000006,0.5810546875
856,1.38525390625,0.5595703125,2.71240234375,0.89306640625,1.1474609375,0.70361328125
857,0.77001953125,0.548828125,2.49462890625,0.69873046875,0.93310546875,0.8037109375
858,0.9765625,0.5654296875,2.66162109375,0.8984375,1.04296875,0.3525390625
859,0.8837890625,0.41796875,2.71728515625,1.03515625,0.8173828125,0.3984375
860,0.99072265625,0.48046875,2.45166015625,0.81494140625,1.2119140625,0.8056640625
861,0.6064453125,0.66845703125,2.43896484375,0.68310546875,1.10302734375,0.9306640625
862,0.9091796875,0.5205078125,2.55859375,0.85986328125,0.91796875,1.28564453125
863,1.37841796875,0.509765625,2.6005859375,0.70556640625,0.86572265625,1.3369140625
864,1.0732421875,0.76171875,2.57763671875,0.69873046875,0.92724609375,1.0419921875
865,0.79541015625,0.8642578125,2.43310546875,0.86669921875,1.20703125,0.9638671875
866,1.115234375,0.8486328125,2.228515625,0.90869140625,1.09033203125,1.125
867,0.703125,0.98876953125,2.2919921875,0.6708984375,1.06103515625,0.9873046875
868,1.0595703125,1.11279296875,2.74951171875,0.84716796875,1.05322265625,0.8193359375
869,1.3212890625,1.078125,2.73779296875,0.81591796875,1.44873046875,0.7119140625
870,1.35791015625,0.62841796875,2.3759765625,0.3525390625,1.15185546875,0.79736328125
871,0.73779296875,0.6806640625,2.3935546875,0.20947265625,1.29052734375,0.712890625
872,0.9169921875,0.53857421875,2.70361328125,0.79052734375,0.77685546875,0.67822265625
873,1.1455078125,0.5068359375,2.5556640625,0.7578125,0.9228515625,0.7333984375
874,0.91357421875,0.48876953125,2.46923828125,0.73681640625,0.8017578125,1.03759765625
875,0.5341796875,0.37158203125,2.52880859375,0.7265625,0.5712890625,1.171875
876,1.123046875,0.72998046875,2.63037109375,0.88134765625,0.95166015625,0.63671875
877,0.8974609375,0.59326171875,2.56640625,0.95166015625,0.8173828125,0.58984375
878,0.83251953125,0.78076171875,2.9677734375,0.65478515625,0.66259765625,0.76416015625
879,1.2509765625,0.7822265625,2.71484375,0.7744140625,0.80615234375,0.7060546875
880,0.392578125,0.84130859375,2.32421875,0.97265625,1.01611328125,1.0205078125
881,1.00244140625,0.7373046875,2.24951171875,0.83642578125,0.98681640625,1.10498046875
882,1.0908203125,0.56787109375,2.56884765625,0.6103515625,0.88232421875,0.61669921875
883,0.82666015625,0.72216796875,2.4716796875,0.55615234375,0.80078125,0.66357421875
884,0.70068359375,0.71923828125,2.7431640625,0.91455078125,0.58251953125,1.27783203125
885,0.85791015625,0.66162109375,2.41455078125,0.8994140625,0.63671875,1.27734375
886,0.87353515625,0.5390625,2.53515625,0.60693359375,1.2060546875,1.13818359375
887,1.2861328125,0.42041015625,2.63134765625,0.494140625,1.04150390625,1.20458984375
888,0.34814453125,0.693359375,2.45263671875,0.59765625,0.5400390625,0.875
889,0.46337890625,0.8359375,2.4482421875,0.515625,0.92041015625,1.0400390625
890,1.26953125,0.3662109375,2.43115234375,0.86376953125,0.83203125,0.88232421875
891,1.1240234375,0.40478515625,2.306640625,0.65869140625,0.5302734375,1.044921875
892,0.63720703125,0.767578125,2.7119140625,0.33447265625,0.5517578125,0.7783203125
893,1.5126953125,0.65283203125,2.51171875,0.21044921875,0.65771484375,0.81591796875
894,1.1650390625,0.7158203125,2.61767578125,0.3681640625,0.45361328125,1.0185546875
895,0.5478515625,0.72314453125,2.44970703125,0.44189453125,0.19824218750000003,1.2626953125
896,1.05126953125,0.7470703125,2.93896484375,0.60205078125,0.85888671875,0.89208984375
897,1.26416015625,0.72705078125,2.84912109375,0.560546875,0.6416015625,1.1708984375
898,0.73876953125,0.638671875,2.65869140625,0.78271484375,0.71435546875,1.0068359375
899,1.02392578125,0.57666015625,2.65185546875,0.736328125,0.6357421875,1.05078125
900,1.06884765625,0.61669921875,2.4853515625,0.71484375,0.50390625,0.76025390625
901,0.96337890625,0.4345703125,2.45166015625,0.70751953125,0.3193359375,0.6953125
902,1.1796875,0.58544921875,2.75,1.10986328125,0.95068359375,0.87158203125
903,1.02685546875,0.546875,2.4580078125,1.23193359375,0.6806640625,1.01953125
904,1.3671875,0.51708984375,2.31201171875,0.66552734375,1.2470703125,0.83251953125
905,0.611328125,0.4853515625,2.33251953125,0.49560546875,1.03466796875,0.9990234375
906,0.96533203125,0.91015625,2.2900390625,0.6865234375,0.869140625,0.8076171875
907,1.09375,0.966796875,2.302734375,0.7958984375,0.96142578125,0.8193359375
908,1.44189453125,0.6669921875,2.56494140625,0.7607421875,1.12939453125,0.771484375
909,0.86279296875,0.64453125,2.587890625,0.724609375,0.84912109375,0.88916015625
910,1.1005859375,1.19091796875,2.93115234375,0.64111328125,0.8876953125,0.52880859375
911,0.82861328125,1.18310546875,2.8623046875,0.6083984375,0.82763671875,0.6591796875
912,0.91064453125,0.49365234375,2.509765625,0.2900390625,0.62646484375,1.0791015625
913,0.75537109375,0.4267578125,2.5625,0.22265625,0.42333984375,0.93994140625
914,1.279296875,0.533203125,2.1552734375,0.63818359375,0.80322265625,1.20654296875
915,1.07421875,0.65478515625,2.12158203125,0.515625,0.59375,1.3232421875
916,0.8212890625,0.60107421875,2.7333984375,0.59716796875,1.27783203125,0.5302734375
917,1.15478515625,0.72265625,2.69873046875,0.5751953125,0.72314453125,0.44482421875
918,0.74072265625,0.521484375,2.73193359375,0.6142578125,0.60693359375,0.650390625
919,1.01806640625,0.412109375,2.49755859375,0.52587890625,1.0341796875,0.6396484375
920,1.26806640625,0.609375,2.498046875,0.73779296875,1.2578125,0.822265625
921,1.4521484375,0.89794921875,2.52001953125,0.74365234375,0.64111328125,0.99658203125
922,1.25634765625,0.73828125,2.78076171875,0.841796875,0.91162109375,1.02978515625
923,1.17138671875,0.6474609375,2.69091796875,0.63330078125,0.3515625,1.05615234375
924,0.7255859375,0.68994140625,2.58740234375,0.6162109375,0.78125,0.88525390625
925,0.84375,0.66845703125,2.55029296875,0.578125,0.4775390625,0.9248046875
926,0.92333984375,0.60205078125,2.24755859375,0.85400390625,1.0087890625,0.80419921875
927,0.890625,0.6845703125,2.34814453125,0.7626953125,0.88720703125,0.73974609375
928,0.630859375,0.40625,2.603515625,0.39892578125,0.853515625,0.7666015625
929,1.6962890625,0.3857421875,2.48291015625,0.4453125,0.5859375,0.70068359375
930,0.591796875,0.7607421875,2.27490234375,0.56201171875,1.09423828125,0.45654296875
931,1.09228515625,0.72998046875,2.2451171875,0.56884765625,0.7822265625,0.806640625
932,1.1162109375,0.55810546875,2.52880859375,0.8037109375,1.32666015625,0.7822265625
933,1.47314453125,0.498046875,2.61767578125,0.7802734375,0.87939453125,0.58740234375
934,1.294921875,0.6044921875,2.49951171875,0.91845703125,0.95263671875,0.8427734375
935,1.30712890625,0.55908203125,2.5146484375,0.8076171875,0.58740234375,0.9775390625
936,1.50439453125,0.54833984375,2.85009765625,0.69970703125,0.6279296875,0.98388671875
937,1.1318359375,0.64404296875,2.8017578125,0.59326171875,0.37841796875,0.8291015625
938,1.32958984375,1.02001953125,2.783203125,0.462890625,0.60693359375,0.95556640625
939,0.935546875,0.98046875,2.76708984375,0.4365234375,0.8837890625,1.09814453125
940,0.658203125,0.5205078125,2.7412109375,0.46728515625,0.875,0.5576171875
941,1.990234375,0.37841796875,2.705078125,0.3837890625,1.08349609375,0.5869140625
942,1.3369140625,0.82470703125,2.4638671875,0.7314453125,0.3388671875,0.611328125
943,1.443359375,0.7626953125,2.4228515625,0.8408203125,0.2314453125,0.484375
944,1.5205078125,0.8330078125,2.65283203125,0.82861328125,0.50146484375,1.1015625
945,1.50537109375,0.67626953125,2.65087890625,0.71728515625,0.396484375,1.11767578125
946,1.0244140625,0.85986328125,2.828125,0.5703125,1.06787109375,0.96337890625
947,1.12255859375,0.7392578125,2.81103515625,0.556640625,0.70947265625,1.1240234375
948,0.6787109375,0.56640625,2.60546875,0.92041015625,1.318359375,0.716796875
949,1.169921875,0.62548828125,2.47119140625,0.603515625,0.50390625,0.671875
950,1.48974609375,0.708984375,2.49560546875,0.48876953125,0.47998046875,1.0322265625
951,0.46630859375,0.7314453125,2.42236328125,0.30859375,0.37158203125000006,0.95751953125
952,0.87939453125,0.7919921875,2.857421875,0.64306640625,1.0263671875,0.74755859375
953,0.8662109375,0.666015625,2.787109375,0.43505859375,0.82421875,0.73095703125
954,0.70361328125,0.61376953125,2.072265625,0.9384765625,0.88525390625,0.62158203125
955,0.990234375,0.64306640625,2.13623046875,0.8251953125,0.86083984375,0.7255859375
956,0.78857421875,0.7119140625,2.52783203125,0.81591796875,0.73388671875,0.89501953125
957,0.8564453125,0.62548828125,2.630859375,0.720703125,0.71826171875,0.99462890625
958,0.71240234375,0.5439453125,2.28466796875,0.80078125,0.72314453125,0.7216796875
959,1.18994140625,0.62451171875,2.3134765625,0.73486328125,0.857421875,0.802734375
960,0.9169921875,0.84423828125,2.94580078125,0.720703125,0.53759765625,0.919921875
961,1.4365234375,0.8408203125,2.642578125,0.7451171875,0.8349609375,1.0263671875
962,0.55419921875,0.54541015625,2.0927734375,0.732421875,0.9677734375,0.5859375
963,1.4609375,0.62939453125,2.046875,0.6669921875,0.37255859375,0.5966796875
964,0.72216796875,0.44091796875,2.62548828125,0.98095703125,0.783203125,1.0791015625
965,0.8740234375,0.4638671875,2.49755859375,0.60546875,0.94580078125,1.15478515625
966,1.146484375,1.162109375,2.37353515625,0.37158203125,0.71826171875,0.54150390625
967,0.9140625,1.10400390625,2.26904296875,0.48779296875,0.56689453125,0.59033203125
968,1.0693359375,1.01123046875,2.28955078125,0.6298828125,0.830078125,0.9892578125
969,1.41455078125,1.0830078125,2.2158203125,0.5390625,1.1611328125,1.15625
970,1.05322265625,0.7373046875,2.62939453125,0.68701171875,0.4990234375,1.0576171875
971,0.490234375,0.71875,2.669921875,0.5576171875,0.70703125,1.03369140625
972,0.7568359375,0.82958984375,2.8173828125,0.7470703125,0.6650390625,0.6845703125
973,0.98828125,0.7421875,2.66748046875,0.71337890625,0.59326171875,0.66455078125
974,0.87109375,0.53759765625,2.48681640625,0.5791015625,1.09912109375,0.6318359375
975,0.80078125,0.64697265625,2.4267578125,0.49072265625,0.8701171875,1.01953125
976,0.99267578125,0.65087890625,2.64404296875,0.65869140625,0.9697265625,0.84033203125
977,1.74755859375,0.5986328125,2.63916015625,0.58544921875,1.001953125,1.01513671875
978,0.9111328125,0.66357421875,2.736328125,0.37451171875,1.1396484375,0.66455078125
979,1.5380859375,0.68798828125,2.7080078125,0.42236328125000006,0.9384765625,0.61279296875
980,1.12353515625,0.63427734375,2.4326171875,0.60205078125,1.2041015625,0.685546875
981,1.642578125,0.46337890625,2.4248046875,0.55517578125,0.94921875,0.7880859375
982,1.55517578125,0.5859375,2.97705078125,0.966796875,0.67236328125,0.904296875
983,1.40869140625,0.48779296875,2.7548828125,0.87060546875,0.62744140625,1.0244140625
984,1.220703125,0.3994140625,2.337890625,0.89208984375,0.6640625,0.65087890625
985,1.3837890625,0.47900390625,2.26904296875,0.52197265625,0.61376953125,0.591796875
986,0.80712890625,1.0087890625,2.66455078125,0.41748046875,1.08740234375,0.59765625
987,1.0849609375,0.87841796875,2.64453125,0.3720703125,0.6025390625,0.45458984375000006
988,1.09375,0.6279296875,2.68798828125,0.98681640625,0.751953125,1.13427734375
989,0.806640625,0.52001953125,2.4716796875,0.6923828125,0.5791015625,0.9482421875
990,1.8330078125,0.61962890625,2.59228515625,0.40625,0.63720703125,0.77587890625
991,1.169921875,0.51171875,2.5126953125,0.421875,0.701171875,0.91357421875
992,0.75244140625,0.6259765625,2.7060546875,0.75048828125,1.1318359375,0.52734375
993,1.7685546875,0.66162109375,2.587890625,0.4501953125,1.19580078125,0.78271484375
994,1.22802734375,0.6611328125,2.60986328125,0.77783203125,1.302734375,0.73828125
995,1.24169921875,0.68603515625,2.5556640625,0.630859375,0.87060546875,0.77001953125
996,0.94580078125,1.02587890625,2.10595703125,0.56494140625,0.8486328125,1.1123046875
997,1.25341796875,0.90869140625,2.04248046875,0.4443359375,0.84912109375,1.15576171875
998,1.51220703125,0.849609375,2.51806640625,0.76513671875,0.6826171875,1.08935546875
999,0.77099609375,0.8095703125,2.54931640625,0.69580078125,0.880859375,0.97607421875
1000,1.0107421875,1.02685546875,2.46533203125,0.6083984375,1.056640625,0.576171875
1001,1.455078125,1.06689453125,2.482421875,0.44970703125,0.625,0.662109375
1002,0.60107421875,1.07275390625,2.44580078125,0.84765625,1.04736328125,0.9296875
1003,1.22216796875,1.06005859375,2.40478515625,0.6875,0.62353515625,1.1923828125
1004,0.88720703125,0.15820312500000003,2.7890625,0.71923828125,0.4873046875,0.646484375
1005,1.41015625,0.302734375,2.78466796875,0.70556640625,0.4521484375,0.80615234375
1006,0.6884765625,0.6357421875,2.71240234375,0.75341796875,0.66015625,0.576171875
1007,1.8359375,0.54296875,2.677734375,0.7265625,0.7119140625,0.71484375
1008,0.80078125,0.7099609375,2.27099609375,0.5712890625,0.66455078125,0.83935546875
1009,1.65771484375,0.591796875,2.19580078125,0.63818359375,0.60986328125,0.943359375
1010,0.80419921875,0.3056640625,2.43603515625,0.75,1.00634765625,0.62451171875
1011,1.70751953125,0.23583984375,2.4296875,0.68505859375,1.27783203125,0.74267578125
1012,1.28369140625,0.4794921875,2.24560546875,0.9716796875,1.07861328125,0.6640625
1013,1.7958984375,0.60986328125,2.27490234375,0.8349609375,0.91943359375,0.69287109375
1014,1.02294921875,1.0029296875,2.71484375,0.505859375,1.2421875,0.6376953125
1015,1.388671875,0.95166015625,2.70458984375,0.38134765625,0.84130859375,0.8115234375
1016,0.68359375,0.49658203125,2.3583984375,0.67236328125,0.921875,0.6923828125
1017,1.85302734375,0.42919921875,2.41259765625,0.52734375,0.64453125,0.61962890625
1018,0.70458984375,0.67919921875,2.203125,0.62939453125,1.1484375,0.92724609375
1019,0.83642578125,0.81103515625,2.298828125,0.60595703125,0.80419921875,0.759765625
1020,1.05908203125,1.1396484375,2.494140625,0.45800781250000006,0.75390625,0.58984375
1021,0.90087890625,1.12451171875,2.4345703125,0.42138671875,0.962890625,0.62353515625
1022,1.03662109375,0.615234375,2.56982421875,0.5166015625,0.83837890625,0.89306640625
1023,1.265625,0.48291015625,2.4033203125,0.28369140625,0.6728515625,0.7421875
1024,0.60546875,0.4990234375,2.3857421875,0.9306640625,0.91064453125,0.869140625
1025,0.904296875,0.537109375,2.43115234375,0.78173828125,1.25439453125,0.92578125
1026,0.9951171875,0.8876953125,2.84326171875,0.73291015625,0.62255859375,1.20849609375
1027,1.19287109375,0.71728515625,2.77490234375,0.76220703125,0.61669921875,1.0771484375
1028,1.26171875,0.34765625,2.61376953125,0.7431640625,1.12109375,0.392578125
1029,1.23486328125,0.39697265625,2.47705078125,0.6630859375,1.185546875,0.56982421875
1030,1.14208984375,0.677734375,2.65185546875,0.8046875,0.6474609375,0.794921875
1031,1.61767578125,0.56640625,2.5244140625,0.48828125,0.5625,0.90625
1032,1.3779296875,0.53076171875,2.46484375,0.3642578125,0.5791015625,1.037109375
1033,0.74853515625,0.552734375,2.46044921875,0.4384765625,0.66552734375,1.06201171875
1034,1.8916015625,0.4501953125,2.40185546875,0.6748046875,0.9072265625,0.98583984375
1035,0.7041015625,0.40380859375,2.3310546875,0.52490234375,0.66455078125,1.11474609375
1036,1.03955078125,0.68896484375,2.71875,0.37158203125,0.685546875,0.45361328125
1037,1.68115234375,0.68603515625,2.55078125,0.439453125,0.5751953125,0.5947265625
1038,1.541015625,0.625,2.50830078125,0.966796875,0.63330078125,0.6240234375
1039,1.28466796875,0.63916015625,2.49609375,0.912109375,0.5625,0.6484375
1040,0.67724609375,0.623046875,2.46630859375,0.88525390625,1.0966796875,1.05908203125
1041,1.89208984375,0.587890625,2.59228515625,0.75634765625,0.41796875,1.0322265625
1042,0.9052734375,1.173828125,2.8701171875,0.84228515625,0.861328125,0.69482421875
1043,1.154296875,0.89453125,2.6015625,0.599609375,0.52880859375,0.88232421875
1044,0.79296875,0.56884765625,2.37255859375,1.09912109375,0.46484375,0.68017578125
1045,1.81982421875,0.70166015625,2.34814453125,0.92626953125,0.45166015625,1.04345703125
1046,1.5048828125,0.49462890625,2.50439453125,1.0546875,1.05859375,0.52587890625
1047,0.69384765625,0.4501953125,2.4970703125,0.73876953125,0.75537109375,0.4921875
1048,1.06689453125,0.7724609375,2.47998046875,1.00732421875,0.78759765625,0.6328125
1049,1.1083984375,0.80419921875,2.29638671875,0.82666015625,0.74365234375,0.58203125
1050,1.20703125,0.81640625,2.04931640625,1.07421875,1.19287109375,1.162109375
1051,1.14013671875,0.81640625,2.041015625,0.828125,0.79248046875,1.205078125
1052,0.8798828125,0.78515625,2.7685546875,0.697265625,0.7861328125,0.935546875
1053,1.15185546875,0.67138671875,2.580078125,0.53271484375,0.8486328125,1.00390625
1054,1.474609375,1.1279296875,2.208984375,0.8740234375,0.947265625,0.705078125
1055,1.2841796875,0.982421875,2.4189453125,0.56103515625,1.0498046875,0.904296875
1056,0.607421875,0.65234375,2.501953125,0.67529296875,0.8359375,0.791015625
1057,1.9677734375,0.63037109375,2.58203125,0.50634765625,0.798828125,0.9912109375
1058,2.13330078125,0.65576171875,2.73779296875,0.70166015625,0.66552734375,0.93994140625
1059,0.59033203125,0.521484375,2.6982421875,0.55078125,0.484375,0.80517578125
1060,1.14306640625,0.9375,2.470703125,0.65380859375,0.6708984375,0.98486328125
1061,1.90966796875,0.92529296875,2.38134765625,0.484375,0.6142578125,1.03271484375
1062,1.54833984375,1.029296875,2.794921875,0.5712890625,0.673828125,0.8271484375
1063,1.0361328125,0.81982421875,2.7724609375,0.53955078125,0.93212890625,0.7783203125
1064,1.287109375,0.57763671875,2.72119140625,0.7197265625,1.33837890625,0.5810546875
1065,0.9609375,0.79736328125,2.80859375,0.7314453125,0.7998046875,0.6357421875
1066,0.84619140625,0.87255859375,2.708984375,0.96337890625,0.67919921875,1.1064453125
1067,0.943359375,0.90380859375,2.66845703125,0.8759765625,1.2724609375,1.2333984375
1068,1.02978515625,0.8154296875,2.4658203125,0.41357421875000006,0.92431640625,1.00830078125
1069,1.2255859375,0.7353515625,2.35546875,0.40087890625,0.82080078125,1.41943359375
1070,0.58251953125,0.6240234375,2.533203125,0.56005859375,0.8466796875,0.6865234375
1071,0.92919921875,0.5830078125,2.5859375,0.4697265625,0.63134765625,0.79833984375
1072,0.63916015625,0.89013671875,2.396484375,0.6083984375,0.81591796875,1.17919921875
1073,1.8232421875,0.875,2.35107421875,0.33642578125000006,0.5771484375,1.08056640625
1074,0.7158203125,0.39892578125,2.5224609375,0.77294921875,0.6240234375,1.08056640625
1075,0.626953125,0.4619140625,2.38623046875,0.55029296875,0.39453125,1.10302734375
1076,0.97509765625,0.5546875,2.15771484375,0.5556640625,0.5673828125,0.72265625
1077,1.31103515625,0.576171875,2.16748046875,0.6015625,0.458984375,0.775390625
1078,0.4853515625,0.56591796875,2.4267578125,0.8955078125,1.18603515625,0.74951171875
1079,1.521484375,0.623046875,2.33740234375,0.91015625,1.3134765625,0.8798828125
1080,1.0517578125,0.767578125,2.705078125,0.79443359375,0.47998046875,0.787109375
1081,0.78759765625,0.7255859375,2.67041015625,0.55712890625,0.49755859375,0.7119140625
1082,0.72998046875,0.67431640625,2.71630859375,0.72412109375,0.75146484375,0.81591796875
1083,0.97021484375,0.53271484375,2.6533203125,0.66259765625,0.87060546875,0.994140625
1084,0.677734375,0.89208984375,2.572265625,0.5556640625,0.458984375,0.8818359375
1085,1.62109375,0.8798828125,2.55517578125,0.48583984375,0.20751953125,0.7119140625
1086,0.95654296875,0.869140625,2.45068359375,0.91845703125,0.78662109375,0.52734375
1087,0.76123046875,0.9375,2.39501953125,0.6533203125,0.43115234375,0.61376953125
1088,0.974609375,0.484375,2.369140625,0.80224609375,0.9970703125,0.5419921875
1089,0.80322265625,0.46435546875,2.34228515625,0.50146484375,0.759765625,0.51953125
1090,0.921875,0.70654296875,2.1181640625,0.75390625,0.4716796875,0.546875
1091,0.9482421875,0.79150390625,2.13818359375,0.75830078125,0.4296875,0.66162109375
1092,0.83349609375,0.5712890625,2.2724609375,0.58935546875,0.62060546875,0.86474609375
1093,0.7724609375,0.3720703125,2.28076171875,0.349609375,0.48046875,0.8271484375
1094,0.70166015625,0.69775390625,2.61328125,0.890625,0.25732421875,0.77392578125
1095,0.759765625,0.69921875,2.5693359375,0.77001953125,0.23828125,0.859375
1096,0.71044921875,0.66650390625,2.517578125,0.943359375,0.69287109375,0.2275390625
1097,0.63134765625,0.6162109375,2.4931640625,0.8271484375,0.4833984375,0.369140625
1098,1.115234375,0.59619140625,2.15673828125,0.60546875,1.00634765625,0.63916015625
1099,0.77880859375,0.5869140625,2.1220703125,0.56298828125,0.80322265625,0.6982421875
1100,1.0263671875,0.767578125,2.5478515625,0.78515625,0.90283203125,0.74853515625
1101,0.560546875,0.765625,2.419921875,0.48681640625,0.29150390625,0.72802734375
1102,0.58154296875,0.2646484375,2.72900390625,0.67333984375,1.11865234375,0.77197265625
1103,1.31689453125,0.18798828125000003,2.654296875,0.7861328125,0.69384765625,0.9453125
1104,0.6259765625,0.9013671875,2.810546875,0.6982421875,1.13525390625,0.66259765625
1105,1.01708984375,0.77587890625,2.6455078125,0.52099609375,0.81689453125,0.5791015625
1106,1.3037109375,0.76513671875,2.23779296875,0.61767578125,0.94140625,0.6669921875
1107,1.04150390625,0.72998046875,2.33349609375,0.50830078125,0.93408203125,0.7998046875
1108,0.537109375,0.6962890625,2.486328125,0.6025390625,1.13916015625,0.6396484375
1109,1.12939453125,0.65185546875,2.48486328125,0.53955078125,0.70068359375,0.607421875
1110,0.71923828125,0.5078125,2.0986328125,0.73046875,0.6748046875,0.84033203125
1111,0.91943359375,0.45654296875,2.00341796875,0.5283203125,0.93896484375,0.91162109375
1112,0.9287109375,1.0087890625,2.40185546875,0.7451171875,0.46240234375,0.63232421875
1113,1.02783203125,0.78369140625,2.462890625,0.728515625,0.34716796875,1.01171875
1114,0.53076171875,0.841796875,2.43505859375,0.728515625,0.70361328125,0.61669921875
1115,0.75439453125,0.70166015625,2.41015625,0.66650390625,0.484375,0.76171875
1116,1.07568359375,0.9619140625,2.64501953125,0.72900390625,0.67138671875,0.955078125
1117,1.154296875,0.82958984375,2.69970703125,0.75048828125,0.8798828125,1.076171875
1118,1.30859375,0.46630859375,2.6962890625,0.7529296875,0.86669921875,0.775390625
1119,1.00537109375,0.34716796875,2.64208984375,0.6630859375,1.017578125,0.71484375
1120,0.853515625,0.478515625,2.46923828125,0.6064453125,0.5732421875,0.568359375
1121,1.25634765625,0.6416015625,2.4443359375,0.48046875,0.54345703125,0.7080078125
1122,0.85693359375,0.80029296875,2.28125,0.841796875,0.76025390625,0.81396484375
1123,1.19091796875,0.7138671875,2.18310546875,0.92138671875,0.78857421875,1.05908203125
1124,0.92919921875,0.56103515625,2.7021484375,0.474609375,0.8583984375,0.8623046875
1125,1.20068359375,0.37060546875,2.56591796875,0.39794921875,0.95556640625,1.12451171875
1126,0.6767578125,0.578125,2.6787109375,0.6123046875,0.68115234375,0.67138671875
1127,0.98828125,0.60400390625,2.65673828125,0.4619140625,0.49267578125,0.5
1128,0.76025390625,0.65185546875,2.3037109375,0.83740234375,1.279296875,0.60791015625
1129,0.57568359375,0.63671875,2.2041015625,0.6787109375,0.9375,0.7490234375
1130,0.64306640625,0.81298828125,2.3837890625,0.64599609375,0.50634765625,0.60791015625
1131,0.60986328125,0.80615234375,2.1708984375,0.74365234375,0.41845703125,0.58349609375
1132,1.06787109375,0.77099609375,2.79296875,0.62939453125,0.96728515625,1.11572265625
1133,1.10205078125,0.79296875,2.7548828125,0.57568359375,0.58203125,0.88427734375
1134,0.81640625,0.5126953125,2.7392578125,0.72900390625,0.83251953125,0.64306640625
1135,1.54736328125,0.6787109375,2.60888671875,0.7158203125,0.68408203125,0.73046875
1136,0.76220703125,0.435546875,2.63720703125,0.86279296875,1.23486328125,0.82763671875
1137,1.24169921875,0.4384765625,2.5302734375,0.6787109375,1.0302734375,0.75048828125
1138,0.6005859375,0.60986328125,2.2744140625,0.71337890625,0.67578125,0.43896484375
1139,1.35546875,0.66748046875,2.2099609375,0.6904296875,1.05615234375,0.658203125
1140,1.12548828125,0.498046875,2.50341796875,0.72607421875,0.48583984375,0.8515625
1141,0.59228515625,0.5693359375,2.52197265625,0.6435546875,0.740234375,0.7666015625
1142,0.93505859375,0.78271484375,2.41748046875,0.59619140625,0.74853515625,0.95751953125
1143,0.98681640625,0.728515625,2.453125,0.37158203125,0.4560546875,0.74462890625
1144,0.9638671875,0.37353515625,2.392578125,0.58349609375,0.68505859375,0.71484375
1145,0.73681640625,0.40087890625,2.3779296875,0.45800781250000006,0.4306640625,0.77099609375
1146,0.71435546875,0.82421875,2.6103515625,0.91552734375,0.73291015625,0.962890625
1147,0.9755859375,0.62158203125,2.5546875,0.7607421875,0.615234375,1.07275390625
1148,0.783203125,0.91748046875,2.1982421875,0.5390625,0.3681640625,0.310546875
1149,1.13427734375,0.81640625,2.18017578125,0.50146484375,0.4716796875,0.28955078125
1150,0.8662109375,1.05078125,2.45263671875,0.68017578125,0.36572265625,0.24072265625
1151,0.89208984375,0.7900390625,2.4111328125,0.63525390625,0.51513671875,0.31005859375
1152,0.89794921875,0.86962890625,2.13671875,0.69775390625,1.13525390625,0.6337890625
1153,1.0673828125,0.86328125,1.99853515625,0.72216796875,0.85986328125,0.6533203125
1154,0.9697265625,0.44970703125,2.8798828125,0.58935546875,0.63671875,0.52392578125
1155,1.37548828125,0.4130859375,2.849609375,0.494140625,0.52001953125,0.48583984375
1156,1.27734375,0.8271484375,2.5458984375,1.02001953125,1.03271484375,0.38623046875
1157,1.31396484375,0.6982421875,2.5205078125,0.84619140625,1.01220703125,0.4345703125
1158,1.0185546875,0.9033203125,2.62939453125,1.1240234375,0.81396484375,0.61865234375
1159,0.81982421875,1.05615234375,2.7080078125,0.8720703125,0.4521484375,0.65771484375
1160,0.794921875,0.55810546875,2.96337890625,0.7216796875,0.57666015625,0.8056640625
1161,1.236328125,0.5625,2.646484375,0.7861328125,0.24267578125,0.9765625
1162,0.3779296875,0.66796875,2.61083984375,0.4541015625,0.64404296875,0.2548828125
1163,0.57421875,0.57177734375,2.345703125,0.46533203125,0.4716796875,0.2353515625
1164,0.9619140625,0.7021484375,2.41064453125,1.00244140625,0.994140625,0.75830078125
1165,0.619140625,0.8486328125,2.47412109375,0.69482421875,1.05419921875,0.82861328125
1166,0.81396484375,0.6494140625,2.642578125,0.65869140625,0.66455078125,0.666015625
1167,0.85986328125,0.60205078125,2.6025390625,0.4580078125,0.5703125,0.623046875
1168,0.6396484375,0.80126953125,2.5283203125,0.63671875,0.6767578125,0.87841796875
1169,1.009765625,0.91796875,2.578125,0.5947265625,0.41259765625,1.125
1170,1.06591796875,0.9140625,2.67626953125,0.8212890625,0.73388671875,0.16015625000000003
1171,1.13232421875,0.92626953125,2.626953125,0.8427734375,0.7587890625,0.38525390625
1172,0.68017578125,0.93212890625,2.43115234375,0.78076171875,1.09619140625,0.58837890625
1173,0.81298828125,0.93798828125,2.38671875,0.82080078125,0.8017578125,0.71533203125
1174,0.7421875,0.775390625,2.3828125,0.779296875,0.44238281250000006,0.982421875
1175,1.01025390625,0.83544921875,2.46044921875,0.7314453125,0.283203125,1.03857421875
1176,1.103515625,0.4111328125,2.7490234375,0.62548828125,0.90283203125,0.3740234375
1177,1.02099609375,0.51123046875,2.64111328125,0.47216796875,0.84130859375,0.44921875
1178,1.203125,0.42431640625,2.43115234375,0.60400390625,0.5009765625,0.8486328125
1179,1.037109375,0.46923828125,2.4873046875,0.57568359375,0.35400390625,0.853515625
1180,0.35009765625,0.55224609375,2.8623046875,0.57568359375,0.73779296875,0.8525390625
1181,0.5751953125,0.54736328125,2.66943359375,0.5595703125,0.56005859375,0.884765625
1182,1.265625,0.8154296875,2.6689453125,1.06201171875,0.58349609375,0.9765625
1183,0.89501953125,0.794921875,2.560546875,0.8720703125,0.546875,0.9580078125
1184,1.1494140625,0.482421875,2.71875,0.6845703125,0.7412109375,0.46728515625
1185,1.07763671875,0.41748046875,2.609375,0.71435546875,0.8056640625,0.529296875
1186,0.990234375,0.70068359375,2.2685546875,0.46435546875,1.0185546875,0.65576171875
1187,0.90771484375,0.603515625,2.25,0.33154296875,0.6083984375,1.06494140625
1188,0.5546875,0.84326171875,2.54638671875,0.4677734375,0.5556640625,0.58154296875
1189,0.3994140625,0.86474609375,2.4892578125,0.37890625,0.32763671875,0.4716796875
1190,1.0361328125,0.58935546875,2.27880859375,0.6826171875,1.34716796875,0.35107421875
1191,0.6650390625,0.44433593750000006,2.2421875,0.66943359375,0.65771484375,0.51611328125
1192,0.76318359375,0.541015625,2.76513671875,0.97509765625,0.57177734375,0.59765625
1193,1.07861328125,0.40625,2.5361328125,0.8427734375,0.7705078125,0.576171875
1194,0.87646484375,0.7529296875,2.54931640625,0.54150390625,1.08935546875,0.78173828125
1195,0.671875,0.72900390625,2.4345703125,0.58056640625,0.755859375,0.638671875
1196,0.9716796875,0.32666015625,2.7080078125,0.80322265625,0.51025390625,0.27783203125
1197,0.8564453125,0.45654296875,2.59033203125,0.7265625,0.46142578125,0.453125
1198,0.76171875,0.49755859375,2.43603515625,0.44287109375,0.4873046875,0.87451171875
1199,0.79296875,0.4541015625,2.39990234375,0.3916015625,0.443359375,0.88037109375
1200,0.771484375,0.34326171875,2.56591796875,0.8056640625,1.373046875,0.482421875
1201,0.70263671875,0.32568359375,2.45068359375,0.5400390625,0.95654296875,0.53515625
1202,1.109375,0.68798828125,2.1376953125,0.9404296875,0.77587890625,0.50634765625
1203,1.38818359375,0.66845703125,2.1611328125,0.89208984375,0.3427734375,0.78369140625
1204,1.07373046875,0.3115234375,2.36181640625,0.6181640625,0.68017578125,0.63671875
1205,0.7744140625,0.20947265625000003,2.19873046875,0.4638671875,0.3193359375,0.75439453125
1206,0.8828125,0.81005859375,2.58544921875,0.609375,0.47802734375,0.70947265625
1207,0.8984375,0.84326171875,2.54541015625,0.47900390625,0.8349609375,0.7265625
1208,0.5546875,0.537109375,2.86962890625,0.73486328125,0.56640625,0.650390625
1209,0.74755859375,0.37353515625,2.5146484375,0.63232421875,0.240234375,0.82373046875
1210,0.58447265625,0.57275390625,2.63671875,0.84326171875,0.58349609375,0.67724609375
1211,1.029296875,0.66650390625,2.45166015625,0.80859375,0.2822265625,0.951171875
1212,0.68212890625,0.60107421875,2.25537109375,0.80712890625,0.8291015625,0.712890625
1213,0.755859375,0.59423828125,2.21728515625,0.7255859375,0.6318359375,0.79052734375
1214,1.173828125,0.40625,2.54150390625,0.6455078125,0.8515625,0.64697265625
1215,1.0380859375,0.3427734375,2.31103515625,0.48681640625,0.92138671875,0.5068359375
1216,0.8154296875,0.5087890625,2.45263671875,0.77587890625,0.9677734375,0.87353515625
1217,0.96923828125,0.39990234375,2.52880859375,0.77783203125,0.96435546875,0.9609375
1218,0.78369140625,0.6083984375,2.56201171875,1.02783203125,0.99462890625,0.5107421875
1219,0.72265625,0.76171875,2.5849609375,0.9052734375,0.93359375,0.73974609375
1220,0.58349609375,0.677734375,2.27294921875,1.07763671875,0.4521484375,0.4404296875
1221,0.8134765625,0.60205078125,2.30615234375,1.0244140625,0.501953125,0.478515625
1222,0.548828125,0.701171875,2.1259765625,0.43359375000000006,1.0478515625,0.82421875
1223,0.59228515625,0.6806640625,2.11669921875,0.373046875,0.7978515625,0.66748046875
1224,1.00390625,0.98193359375,2.38916015625,0.51220703125,0.787109375,0.40478515625
1225,1.00537109375,0.90380859375,2.28369140625,0.6455078125,0.8115234375,0.44482421875
1226,0.51318359375,0.57373046875,2.34375,1.078125,0.58056640625,0.587890625
1227,0.7470703125,0.62255859375,2.33154296875,0.77294921875,0.81591796875,0.56689453125
1228,0.55322265625,0.35400390625,2.2890625,0.54296875,0.9296875,0.54541015625
1229,0.99267578125,0.36669921875,2.39501953125,0.57861328125,0.43310546875,0.61669921875
1230,0.66650390625,0.55419921875,2.38720703125,0.47509765625,1.0625,0.5380859375
1231,0.5048828125,0.41064453125,2.22900390625,0.35498046875,0.646484375,0.69921875
1232,1.18994140625,0.7099609375,2.20947265625,0.6865234375,1.01806640625,0.462890625
1233,1.1240234375,0.67236328125,2.31689453125,0.42431640625,0.806640625,0.6591796875
1234,0.55810546875,0.7939453125,2.7158203125,0.76318359375,1.33251953125,0.81884765625
1235,0.552734375,0.70458984375,2.7763671875,0.69189453125,0.84326171875,0.86083984375
1236,0.98388671875,0.6669921875,2.6435546875,0.8994140625,1.083984375,0.55322265625
1237,1.15234375,0.63623046875,2.60888671875,0.78125,0.51220703125,0.416015625
1238,0.81884765625,0.19287109375,2.3955078125,0.78662109375,1.13037109375,0.7548828125
1239,1.078125,0.18554687500000003,2.25146484375,0.55322265625,0.37109375000000006,0.67041015625
1240,0.7548828125,0.466796875,2.3193359375,0.99951171875,0.5146484375,0.7021484375
1241,0.7861328125,0.41845703125,2.28564453125,0.6943359375,0.40673828125,0.6845703125
1242,1.01806640625,0.85595703125,2.4990234375,0.6142578125,0.98681640625,0.89794921875
1243,1.3466796875,0.73046875,2.5263671875,0.548828125,0.7451171875,0.94677734375
1244,0.78369140625,0.66015625,2.50732421875,0.548828125,0.5478515625,0.65283203125
1245,0.92626953125,0.64599609375,2.45654296875,0.556640625,0.61328125,0.51416015625
1246,0.62646484375,0.42529296875,2.3935546875,0.4052734375,0.57470703125,0.806640625
1247,0.9970703125,0.35009765625,2.31884765625,0.37841796875,0.89013671875,0.70751953125
1248,0.83837890625,0.67919921875,2.68896484375,0.7236328125,0.623046875,0.79931640625
1249,1.130859375,0.5458984375,2.61767578125,0.58349609375,0.486328125,0.7392578125
1250,0.6787109375,0.66162109375,2.6240234375,0.81884765625,0.95361328125,0.36328125
1251,0.6513671875,0.56689453125,2.61572265625,0.62841796875,0.8759765625,0.41455078125
1252,0.86962890625,0.57470703125,2.5244140625,0.66015625,0.3193359375,0.50048828125
1253,0.8828125,0.5390625,2.5458984375,0.5625,0.1533203125,0.67578125
1254,0.79296875,0.388671875,2.296875,0.68505859375,1.01220703125,0.783203125
1255,0.82763671875,0.33349609375,2.21435546875,0.68896484375,0.7412109375,0.77978515625
1256,0.52685546875,0.7177734375,2.2578125,0.70751953125,0.5087890625,0.68994140625
1257,1.04638671875,0.65771484375,2.193359375,0.580078125,0.61962890625,0.68994140625
1258,0.51171875,0.375,2.7705078125,0.6611328125,0.54052734375,0.76123046875
1259,0.88671875,0.39697265625,2.474609375,0.39111328125,0.62841796875,0.81396484375
1260,0.88916015625,0.85400390625,2.24072265625,0.6904296875,0.67333984375,0.60791015625
1261,1.04248046875,0.7705078125,2.18603515625,0.5703125,0.3349609375000001,0.83251953125
1262,0.82470703125,0.37695312500000006,2.35400390625,0.921875,0.681640625,0.6044921875
1263,1.30859375,0.375,2.38330078125,1.048828125,0.39013671875,0.8037109375
1264,0.935546875,0.78466796875,2.4951171875,0.5966796875,0.88134765625,0.79736328125
1265,1.5595703125,0.5947265625,2.39794921875,0.46044921875,0.8447265625,0.89501953125
1266,0.97607421875,0.603515625,2.53564453125,0.59130859375,0.7998046875,0.51904296875
1267,1.2177734375,0.60009765625,2.43359375,0.5458984375,1.02294921875,0.57861328125
1268,0.65478515625,0.6240234375,2.34619140625,0.51220703125,0.89111328125,0.6982421875
1269,0.77783203125,0.56005859375,2.314453125,0.4853515625,0.86767578125,0.8115234375
1270,0.63818359375,0.9462890625,2.470703125,0.6767578125,0.5947265625,0.365234375
1271,1.09521484375,0.8154296875,2.5478515625,0.39404296875,0.556640625,0.38330078125
1272,0.71875,0.517578125,2.60693359375,0.8671875,0.9541015625,0.7548828125
1273,0.94091796875,0.5078125,2.58984375,0.7705078125,0.73974609375,0.91259765625
1274,0.626953125,0.7734375,2.47802734375,1.01953125,0.4267578125,0.7705078125
1275,1.23193359375,0.7109375,2.47314453125,0.8466796875,0.349609375,0.701171875
1276,1.27490234375,1.08740234375,2.5830078125,0.794921875,0.546875,0.86767578125
1277,0.71728515625,0.9990234375,2.572265625,0.69287109375,0.4609375,0.943359375
1278,0.83203125,0.67236328125,2.41455078125,0.849609375,0.77294921875,0.81689453125
1279,0.751953125,0.75341796875,2.31103515625,0.6064453125,0.7080078125,0.99365234375
1280,0.43261718750000006,0.62109375,2.37939453125,0.61962890625,0.7236328125,0.5986328125
1281,1.1435546875,0.58203125,2.4296875,0.55029296875,0.71044921875,0.65234375
1282,0.658203125,0.79541015625,2.322265625,1.04443359375,0.7890625,0.7578125
1283,0.71923828125,1.099609375,2.2861328125,0.97509765625,0.83203125,0.82861328125
1284,1.212890625,0.8056640625,2.53076171875,0.79638671875,0.45654296875,0.7490234375
1285,0.53857421875,0.876953125,2.673828125,0.626953125,0.4052734375,1.1298828125
1286,0.68603515625,0.4130859375,2.60009765625,0.79833984375,0.841796875,0.77880859375
1287,0.66552734375,0.34521484375,2.62841796875,0.5751953125,0.63916015625,0.62353515625
1288,0.7646484375,0.66943359375,2.42041015625,0.47998046875,0.64453125,0.85107421875
1289,0.39794921875,0.38623046875,2.37646484375,0.57373046875,0.56640625,0.97314453125
1290,0.77392578125,1.0283203125,2.265625,0.6015625,0.6005859375,0.638671875
1291,1.05224609375,0.99072265625,2.16552734375,0.5107421875,0.4609375,0.6201171875
1292,1.13818359375,0.68115234375,2.466796875,0.255859375,0.86572265625,0.17138671875000003
1293,0.97509765625,0.76708984375,2.50732421875,0.19482421875000003,0.5166015625,0.29541015625
1294,0.53173828125,0.54541015625,2.18798828125,0.44873046875,0.638671875,0.6923828125
1295,0.55224609375,0.60888671875,2.25537109375,0.36376953125,0.40185546875000006,0.82421875
1296,0.744140625,0.58447265625,2.18798828125,0.35498046875,0.546875,0.64892578125
1297,0.71630859375,0.69140625,2.2177734375,0.369140625,0.50341796875,0.6611328125
1298,0.7109375,0.4814453125,2.41845703125,0.4443359375,0.779296875,0.31982421875
1299,1.06591796875,0.556640625,2.302734375,0.41992187500000006,0.755859375,0.38134765625
1300,0.8330078125,0.71923828125,2.46533203125,0.67236328125,0.65380859375,0.7421875
1301,0.86865234375,0.72216796875,2.3349609375,0.50732421875,0.5439453125,0.75927734375
1302,0.58447265625,0.2490234375,2.47412109375,0.9326171875,0.5048828125,0.7236328125
1303,0.5537109375,0.2861328125,2.34765625,0.71533203125,0.3056640625,0.93115234375
1304,0.38720703125,0.57666015625,2.4267578125,0.73193359375,0.4375,0.36181640625
1305,0.318359375,0.47265625,2.462890625,0.62451171875,0.36376953125,0.38623046875
1306,0.4755859375,0.57275390625,2.66650390625,0.74072265625,0.82421875,0.5419921875
1307,1.03076171875,0.56591796875,2.48681640625,0.6044921875,0.728515625,0.53955078125
1308,0.927734375,0.80078125,2.5908203125,1.21142578125,0.7841796875,0.69189453125
1309,0.75341796875,0.685546875,2.6083984375,0.99951171875,0.50830078125,0.767578125
1310,0.69091796875,0.8466796875,2.4716796875,0.3759765625,0.705078125,0.67236328125
1311,0.92529296875,0.81689453125,2.5810546875,0.35498046875,0.7265625,0.650390625
1312,0.80224609375,0.62353515625,2.64697265625,0.82763671875,0.84228515625,0.5302734375
1313,0.7978515625,0.46533203125,2.5283203125,0.71533203125,0.90576171875,0.64453125
1314,0.927734375,0.548828125,2.3671875,0.79052734375,0.43017578125,0.6357421875
1315,0.9248046875,0.5341796875,2.2265625,0.87939453125,0.56396484375,0.66943359375
1316,0.84619140625,0.67578125,2.4912109375,1.0,0.4814453125,0.505859375
1317,0.953125,0.5146484375,2.42822265625,0.71630859375,0.5927734375,0.62109375
1318,0.85400390625,0.7265625,2.51025390625,0.767578125,0.88232421875,0.70703125
1319,0.78662109375,0.75390625,2.48291015625,0.58056640625,0.658203125,0.49853515625
1320,0.91162109375,0.56494140625,2.4052734375,0.4619140625,0.38232421875,0.89892578125
1321,1.11328125,0.5458984375,2.34814453125,0.3486328125,0.33935546875,1.0234375
1322,0.47998046875,0.5517578125,2.41796875,0.61279296875,0.7900390625,0.7041015625
1323,0.99609375,0.52880859375,2.4677734375,0.56494140625,0.6513671875,0.7568359375
1324,0.4072265625,0.54248046875,2.56201171875,0.5712890625,0.47607421875,0.51806640625
1325,0.787109375,0.5791015625,2.5712890625,0.568359375,0.28564453125,0.63623046875
1326,0.36328125,0.60595703125,2.689453125,0.365234375,0.875,0.89794921875
1327,0.7333984375,0.46484375,2.6396484375,0.31103515625,0.5673828125,0.9609375
1328,0.76806640625,1.0283203125,2.3876953125,0.88134765625,0.83544921875,0.58984375
1329,1.005859375,1.0849609375,2.3212890625,0.97900390625,0.615234375,0.7138671875
1330,0.583984375,0.90380859375,2.60302734375,0.59228515625,1.1025390625,0.99755859375
1331,1.06640625,0.85498046875,2.47509765625,0.48681640625,0.48095703125,1.0322265625
1332,0.9345703125,0.54296875,2.3935546875,0.62353515625,0.623046875,0.8818359375
1333,1.2685546875,0.5595703125,2.345703125,0.26708984375,0.634765625,0.98974609375
1334,0.64990234375,0.92578125,2.35986328125,0.68408203125,0.7587890625,0.34765625000000006
1335,1.08349609375,0.912109375,2.283203125,0.68212890625,0.68408203125,0.4560546875
1336,0.7412109375,0.8134765625,2.5498046875,0.7099609375,0.7158203125,0.63134765625
1337,0.462890625,0.685546875,2.51953125,0.4775390625,0.43310546875,0.7763671875
1338,0.32763671875,0.83984375,2.4462890625,0.8232421875,1.11328125,0.7001953125
1339,0.35205078125,0.88720703125,2.39208984375,0.61865234375,0.95751953125,0.751953125
1340,1.02099609375,0.58935546875,2.32373046875,0.87158203125,0.904296875,0.57177734375
1341,0.810546875,0.60498046875,2.263671875,0.81884765625,0.4248046875,0.6904296875
1342,1.19482421875,0.15283203125000006,2.6220703125,0.60205078125,0.72265625,0.34033203125
1343,0.75048828125,0.18310546875000006,2.55908203125,0.5146484375,0.95947265625,0.57470703125
1344,0.9794921875,0.775390625,2.61083984375,0.70556640625,0.19189453125000003,0.7841796875
1345,1.09130859375,0.673828125,2.5859375,0.70556640625,0.20947265625,0.833984375
1346,0.9658203125,1.029296875,2.68505859375,0.6259765625,0.7802734375,0.49218750000000006
1347,0.88427734375,0.98583984375,2.6611328125,0.57958984375,0.6630859375,0.6748046875
1348,0.62744140625,0.3935546875,2.4365234375,0.64013671875,0.61572265625,0.93896484375
1349,0.6875,0.478515625,2.48291015625,0.67041015625,0.45263671875,0.93310546875
1350,0.49365234375,0.9521484375,2.68115234375,0.65380859375,0.50927734375,0.70361328125
1351,0.6904296875,0.9091796875,2.47705078125,0.70654296875,0.33349609375,0.75244140625
1352,0.44873046875,0.87255859375,2.41845703125,0.87841796875,0.45947265625,0.43798828125
1353,0.84228515625,0.8916015625,2.3896484375,0.6865234375,0.39599609375,0.51416015625
1354,0.5234375,0.9208984375,2.2001953125,0.68017578125,0.89453125,0.84423828125
1355,0.4873046875,0.822265625,2.24658203125,0.400390625,0.5732421875,0.53369140625
1356,0.6328125,0.94873046875,2.5927734375,0.8125,0.6240234375,0.61767578125
1357,0.5361328125,1.0771484375,2.50732421875,0.640625,0.435546875,0.8818359375
1358,0.86767578125,0.7607421875,2.6455078125,0.5009765625,1.01416015625,0.68701171875
1359,1.01416015625,0.6748046875,2.5791015625,0.4921875,0.83203125,0.7421875
1360,0.30615234375,0.841796875,2.58984375,0.6806640625,0.7197265625,0.6025390625
1361,0.3310546875,0.83056640625,2.5517578125,0.55615234375,0.36572265625000006,0.76611328125
1362,0.650390625,0.51416015625,2.537109375,0.955078125,0.95166015625,0.8564453125
1363,0.939453125,0.46240234375,2.3671875,0.69873046875,0.87646484375,1.01025390625
1364,0.58642578125,0.55810546875,2.51806640625,0.7568359375,0.75341796875,0.75146484375
1365,0.64990234375,0.568359375,2.5361328125,0.65673828125,0.52392578125,0.677734375
1366,0.73779296875,0.59912109375,2.283203125,0.19482421875000006,0.3330078125,0.85986328125
1367,0.9228515625,0.5712890625,2.23291015625,0.19970703125000003,0.4619140625,0.984375
1368,0.4345703125,0.91357421875,2.4814453125,0.634765625,0.4609375,0.4912109375
1369,0.49072265625,0.8447265625,2.4306640625,0.55517578125,0.33984375,0.5869140625
1370,0.50146484375,0.275390625,2.34912109375,0.4375,0.40234375,0.70458984375
1371,0.3798828125,0.20410156250000003,2.3115234375,0.31103515625,0.31298828125000006,0.44970703125
1372,0.9736328125,1.00341796875,2.51611328125,0.83251953125,0.73681640625,0.5927734375
1373,0.7265625,0.87158203125,2.5595703125,0.8310546875,0.4638671875,0.560546875
1374,0.5439453125,0.85498046875,2.546875,0.24853515625,0.95068359375,0.54736328125
1375,0.8935546875,0.8310546875,2.435546875,0.22314453125,0.57568359375,0.6298828125
1376,0.78173828125,0.55859375,2.31298828125,0.64599609375,0.74658203125,0.44287109375
1377,0.91357421875,0.54931640625,2.28369140625,0.60302734375,0.60693359375,0.59912109375
1378,0.84130859375,0.55810546875,2.24609375,0.44433593750000006,0.51025390625,0.46240234375
1379,0.650390625,0.548828125,2.26416015625,0.3759765625,0.2919921875,0.60595703125
1380,0.7099609375,0.57470703125,2.47607421875,0.80322265625,0.99169921875,0.6640625
1381,0.90234375,0.50830078125,2.43408203125,0.64013671875,0.7041015625,0.7763671875
1382,0.578125,0.607421875,2.30810546875,0.5556640625,0.7607421875,0.69580078125
1383,0.67626953125,0.57666015625,2.37841796875,0.46044921875000006,0.7060546875,0.69873046875
1384,0.24365234375,0.61474609375,2.47607421875,0.81201171875,0.62158203125,0.58984375
1385,0.3798828125,0.3173828125,2.44189453125,0.7919921875,0.66748046875,0.5732421875
1386,1.0166015625,0.7099609375,2.3837890625,0.7841796875,0.837890625,0.71435546875
1387,1.39404296875,0.6494140625,2.4345703125,0.93505859375,0.7294921875,0.88818359375
1388,0.513671875,0.94775390625,2.22265625,0.6513671875,0.7529296875,0.927734375
1389,0.58154296875,0.7958984375,2.2158203125,0.70263671875,0.59716796875,0.96435546875
1390,1.15576171875,0.5419921875,2.818359375,0.71533203125,0.6484375,0.66650390625
1391,0.85205078125,0.4228515625,2.63427734375,0.77587890625,0.78515625,0.6875
1392,0.99365234375,0.736328125,2.2841796875,0.4765625,0.70263671875,0.61962890625
1393,0.94580078125,0.68603515625,2.1875,0.31884765625,0.76171875,0.6357421875
1394,0.9580078125,0.572265625,2.25830078125,0.61865234375,0.59619140625,0.419921875
1395,0.9130859375,0.48046875,2.0830078125,0.3720703125,0.45751953125,0.40673828125
1396,0.255859375,0.83203125,2.453125,0.56787109375,0.7890625,0.7333984375
1397,0.603515625,0.67138671875,2.4482421875,0.533203125,0.71533203125,0.73095703125
1398,0.951171875,0.697265625,2.634765625,0.580078125,1.0283203125,0.76171875
1399,0.65283203125,0.73193359375,2.5400390625,0.70068359375,0.8671875,0.75634765625
1400,0.82275390625,0.59033203125,2.6953125,0.53466796875,0.55908203125,0.55224609375
1401,0.78759765625,0.56689453125,2.42724609375,0.53857421875,0.671875,0.5078125
1402,0.6015625,0.79638671875,2.39697265625,0.71044921875,0.75,0.736328125
1403,0.58642578125,0.830078125,2.3193359375,0.72412109375,0.66943359375,0.94970703125
1404,0.80029296875,0.7900390625,2.49267578125,0.58203125,0.83740234375,0.59521484375
1405,0.8173828125,0.65380859375,2.3818359375,0.4169921875,0.853515625,0.4765625
1406,0.5703125,0.58935546875,2.4384765625,0.794921875,0.822265625,0.28613281250000006
1407,0.5556640625,0.55029296875,2.423828125,0.66259765625,0.72412109375,0.447265625
1408,0.9892578125,0.76220703125,2.70947265625,0.56494140625,0.70361328125,0.50927734375
1409,1.01318359375,0.67041015625,2.55322265625,0.5693359375,0.75537109375,0.6240234375
1410,0.5595703125,0.8388671875,2.44921875,0.5439453125,0.65576171875,0.54345703125
1411,0.60546875,0.79345703125,2.55810546875,0.50439453125,0.35888671875,0.81396484375
1412,0.55908203125,0.5166015625,2.609375,0.79541015625,0.62841796875,0.5966796875
1413,0.83544921875,0.60205078125,2.58349609375,0.640625,0.42431640625,0.79345703125
1414,0.830078125,0.48681640625,2.45703125,0.5654296875,0.83984375,0.7880859375
1415,0.81103515625,0.51708984375,2.39013671875,0.44628906250000006,0.66162109375,0.61181640625
1416,0.57177734375,0.77392578125,2.36474609375,0.626953125,0.9609375,0.38574218750000006
1417,0.52197265625,0.57958984375,2.37646484375,0.5458984375,0.66015625,0.42236328125
1418,0.537109375,0.8291015625,2.751953125,0.5361328125,0.67333984375,0.82568359375
1419,0.57373046875,0.9296875,2.798828125,0.58935546875,0.4169921875,0.98974609375
1420,0.37158203125,0.90283203125,2.1171875,0.57080078125,0.67041015625,0.79638671875
1421,0.3544921875,0.85693359375,2.09716796875,0.611328125,0.5830078125,0.85302734375
1422,0.70849609375,0.3583984375,2.43017578125,0.5634765625,0.66162109375,0.8740234375
1423,1.09130859375,0.3671875,2.36181640625,0.580078125,0.509765625,0.98779296875
1424,0.6044921875,1.076171875,2.63720703125,0.6591796875,0.38037109375,0.69482421875
1425,0.69091796875,0.74560546875,2.61279296875,0.45849609375,0.41943359375,0.7216796875
1426,0.669921875,0.78662109375,2.6328125,0.88916015625,0.5009765625,0.84912109375
1427,0.6220703125,0.44970703125,2.53955078125,0.82470703125,0.29345703125,0.91357421875
1428,0.95654296875,0.48291015625,2.544921875,0.5927734375,0.52001953125,0.75439453125
1429,1.0556640625,0.46484375,2.5703125,0.474609375,0.2900390625,0.716796875
1430,0.50439453125,0.6591796875,2.22998046875,0.60302734375,0.72705078125,0.7392578125
1431,0.72021484375,0.5634765625,2.140625,0.47509765625,0.5341796875,0.98583984375
1432,0.81494140625,0.6142578125,2.63623046875,1.0634765625,0.74462890625,0.47802734375
1433,0.87548828125,0.54833984375,2.51171875,0.8388671875,0.69189453125,0.60498046875
1434,0.33642578125,0.60205078125,2.30517578125,0.70654296875,0.7236328125,0.5751953125
1435,0.47265625,0.5556640625,2.3642578125,0.71044921875,0.8076171875,0.7978515625
1436,0.4873046875,0.59326171875,2.5751953125,0.7099609375,0.90185546875,0.62548828125
1437,0.4248046875,0.5439453125,2.46435546875,0.51513671875,0.603515625,0.75390625
1438,0.68603515625,0.779296875,2.53857421875,0.86669921875,0.48681640625,0.27734375
1439,0.53173828125,0.62939453125,2.64794921875,0.6318359375,0.29638671875000006,0.435546875
1440,0.45703125,0.5859375,2.5849609375,0.619140625,0.7412109375,0.48681640625
1441,0.67822265625,0.62939453125,2.54296875,0.75146484375,0.458984375,0.55224609375
1442,0.484375,0.7060546875,2.412109375,0.89404296875,0.77734375,0.20361328125000003
1443,0.6953125,0.7451171875,2.287109375,0.96240234375,0.5634765625,0.29248046875
1444,0.3798828125,0.40869140625,2.69384765625,0.75048828125,0.49267578125,0.38671875
1445,0.50537109375,0.34765625,2.55810546875,0.6064453125,0.33349609375000006,0.4462890625
1446,0.95556640625,1.01025390625,2.3388671875,0.2958984375,0.51171875,0.69482421875
1447,1.2001953125,0.80712890625,2.3896484375,0.20849609375,0.38232421875,0.64501953125
1448,0.48193359375,0.74462890625,2.4921875,0.31005859375,0.68408203125,0.7744140625
1449,0.33544921875,0.787109375,2.43798828125,0.17626953125000003,0.42919921875,0.82373046875
1450,0.3818359375,0.6748046875,2.5537109375,0.640625,0.546875,0.65380859375
1451,0.3798828125,0.46044921875,2.5888671875,0.7294921875,0.3017578125,0.69970703125
1452,0.43017578125,0.7265625,2.369140625,0.74755859375,0.783203125,0.4951171875
1453,0.77294921875,0.65869140625,2.39208984375,0.53662109375,0.748046875,0.5673828125
1454,0.23095703125,0.6435546875,2.599609375,0.4501953125,0.9267578125,0.64013671875
1455,0.2822265625,0.8818359375,2.64892578125,0.3125,0.9716796875,0.732421875
1456,0.3427734375,0.69580078125,2.38720703125,0.83740234375,0.703125,0.64453125
1457,0.50048828125,0.72802734375,2.39697265625,0.69189453125,0.75732421875,0.51953125
1458,0.59375,1.14794921875,2.94140625,0.4228515625,0.7783203125,0.46337890625
1459,0.90673828125,0.927734375,2.693359375,0.29296875,0.79638671875,0.66162109375
1460,0.53271484375,0.904296875,2.68408203125,0.8173828125,0.6328125,0.404296875
1461,0.62548828125,0.7578125,2.65771484375,0.873046875,0.69775390625,0.46875
1462,0.6240234375,0.96533203125,2.28076171875,0.52734375,1.05615234375,0.58837890625
1463,0.56787109375,0.7734375,2.31396484375,0.51123046875,0.82373046875,0.54345703125
1464,0.833984375,0.94287109375,2.59521484375,0.72412109375,0.8623046875,0.71826171875
1465,0.79833984375,0.73681640625,2.4443359375,0.59716796875,0.59912109375,0.74072265625
1466,0.591796875,0.66455078125,2.6875,0.77978515625,0.3896484375,0.5693359375
1467,0.4814453125,0.57275390625,2.6318359375,0.6689453125,0.43798828125,0.587890625
1468,0.79443359375,1.0654296875,2.28125,0.6025390625,0.69775390625,0.67431640625
1469,0.91162109375,0.9482421875,2.43505859375,0.5419921875,0.7724609375,0.73046875
1470,0.451171875,0.64306640625,2.439453125,0.453125,0.7568359375,0.48193359375
1471,0.509765625,0.76806640625,2.5048828125,0.36962890625,0.6904296875,0.4189453125
1472,0.708984375,1.0986328125,2.40869140625,0.712890625,0.47119140625,0.29931640625000006
1473,0.70947265625,1.01708984375,2.3125,0.568359375,0.673828125,0.412109375
1474,0.9462890625,0.5654296875,2.25830078125,0.232421875,0.8232421875,0.59912109375
1475,0.91259765625,0.48339843750000006,2.15087890625,0.17968750000000003,0.64990234375,0.60693359375
1476,0.35498046875000006,0.88037109375,2.26953125,0.66455078125,0.4453125,0.5859375
1477,0.6474609375,0.80517578125,2.13671875,0.615234375,0.30322265625,0.6533203125
1478,0.552734375,1.12255859375,2.42236328125,0.748046875,0.51611328125,0.49609375
1479,0.8076171875,0.9658203125,2.388671875,0.6064453125,0.51171875,0.59912109375
1480,0.73486328125,0.7734375,2.32080078125,0.56591796875,0.6591796875,0.7412109375
1481,0.79052734375,0.708984375,2.23095703125,0.494140625,0.72265625,0.95166015625
1482,0.52685546875,0.71533203125,2.57763671875,0.79052734375,0.70654296875,0.53466796875
1483,0.76318359375,0.72802734375,2.6796875,0.5986328125,0.72802734375,0.5751953125
1484,0.64501953125,0.73486328125,2.3037109375,0.99169921875,0.78271484375,0.75927734375
1485,0.8662109375,0.66357421875,2.3115234375,0.79931640625,0.68505859375,0.74609375
1486,0.7412109375,0.265625,2.69677734375,0.76220703125,0.7470703125,0.56396484375
1487,0.90771484375,0.19384765625000006,2.6884765625,0.56982421875,0.92236328125,0.45849609375
1488,0.38427734375,0.92236328125,2.54443359375,1.01123046875,0.931640625,0.56640625
1489,0.42236328125,0.8037109375,2.58349609375,1.00390625,0.74169921875,0.56689453125
1490,0.6318359375,0.5009765625,2.6435546875,0.4404296875,0.45166015625,0.4833984375
1491,0.63916015625,0.4423828125,2.623046875,0.4140625,0.5361328125,0.56494140625
1492,0.740234375,0.75537109375,2.30859375,0.68603515625,0.609375,0.67626953125
1493,1.00146484375,0.6396484375,2.41943359375,0.546875,0.572265625,0.65625
1494,0.29443359375,0.54150390625,2.57763671875,0.4326171875,0.51171875,0.6142578125
1495,0.599609375,0.4765625,2.56494140625,0.22802734375,0.33544921875,0.5390625
1496,0.8095703125,1.02490234375,2.5556640625,0.73095703125,0.779296875,0.82763671875
1497,0.67529296875,0.990234375,2.55908203125,0.60205078125,0.57275390625,0.8125
1498,1.02490234375,0.83349609375,2.29638671875,0.87646484375,1.04736328125,0.87060546875
1499,1.13525390625,0.97314453125,2.3125,0.73974609375,0.65185546875,0.92138671875
1500,0.79931640625,0.849609375,2.62451171875,0.58154296875,0.6875,0.3369140625
1501,0.67578125,0.736328125,2.775390625,0.564453125,0.4521484375,0.3974609375
1502,0.78564453125,0.3818359375,2.24658203125,0.76953125,0.65087890625,0.48388671875
1503,1.02001953125,0.4638671875,2.28173828125,0.6611328125,0.80419921875,0.52587890625
1504,0.43896484375,0.306640625,2.40087890625,0.701171875,0.38623046875,0.29492187500000006
1505,0.77783203125,0.490234375,2.34765625,0.6806640625,0.44921875,0.4375
1506,0.70458984375,0.32373046875,2.4345703125,0.603515625,0.72265625,0.59130859375
1507,0.86865234375,0.39404296875,2.32958984375,0.5341796875,0.482421875,0.705078125
1508,0.701171875,0.7138671875,2.25927734375,0.64697265625,0.4921875,0.6650390625
1509,0.767578125,0.70947265625,2.24560546875,0.69970703125,0.5556640625,0.7412109375
1510,0.43115234375,0.80078125,2.8193359375,0.939453125,0.9521484375,0.75439453125
1511,0.40576171875,0.6044921875,2.7275390625,0.7685546875,0.51318359375,0.732421875
1512,0.6572265625,0.79541015625,2.525390625,0.40380859375,0.8134765625,0.52099609375
1513,0.57177734375,0.83349609375,2.37841796875,0.3291015625,0.58740234375,0.52392578125
1514,0.73486328125,1.12890625,2.7490234375,0.79296875,0.6572265625,0.49560546875
1515,0.82470703125,1.02880859375,2.77490234375,0.78759765625,0.466796875,0.49267578125
1516,1.2080078125,0.86865234375,2.45703125,0.4775390625,0.82275390625,0.62451171875
1517,0.96240234375,0.91650390625,2.4775390625,0.43359375,0.71435546875,0.7451171875
1518,0.7705078125,0.39892578125,2.09033203125,0.7861328125,0.6298828125,0.77587890625
1519,0.8603515625,0.42724609375,2.107421875,0.6533203125,0.41162109375,0.68359375
1520,0.4736328125,0.56005859375,2.46337890625,0.666015625,0.63037109375,0.3408203125
1521,0.7041015625,0.58544921875,2.28369140625,0.67919921875,0.5517578125,0.541015625
1522,0.6162109375,0.4580078125,2.25830078125,0.5234375,0.888671875,0.58740234375
1523,0.74560546875,0.42724609375,2.25244140625,0.52099609375,0.5986328125,0.75390625
1524,1.08837890625,0.9814453125,2.4990234375,0.3642578125,0.77490234375,0.64501953125
1525,1.09326171875,0.767578125,2.35302734375,0.3291015625,0.6044921875,0.6572265625
1526,1.0703125,0.615234375,2.42724609375,0.7529296875,0.46728515625,0.59521484375
1527,1.0302734375,0.49853515625,2.42041015625,0.6591796875,0.39013671875,0.4951171875
1528,0.458984375,0.73583984375,2.583984375,0.72265625,0.58251953125,0.63671875
1529,0.40625,0.6875,2.580078125,0.6318359375,0.509765625,0.66650390625
1530,0.48779296875,0.67333984375,2.333984375,0.7744140625,0.4609375,0.59716796875
1531,0.603515625,0.748046875,2.341796875,0.6669921875,0.32958984375,0.73828125
1532,0.5791015625,0.328125,2.478515625,0.5849609375,0.3984375,0.79736328125
1533,0.5126953125,0.45458984375,2.32373046875,0.375,0.55029296875,0.81396484375
1534,0.56689453125,0.423828125,2.39794921875,0.72900390625,0.8291015625,0.68896484375
1535,1.01953125,0.37744140625,2.4599609375,0.6142578125,0.60791015625,0.72021484375
1536,0.80712890625,0.66845703125,2.46728515625,0.86767578125,0.64599609375,0.4375
1537,1.18115234375,0.4921875,2.45166015625,0.8115234375,0.712890625,0.60009765625
1538,0.5615234375,0.43994140625,2.62841796875,0.62353515625,0.57373046875,0.58349609375
1539,0.478515625,0.33984375,2.63671875,0.58935546875,0.42236328125,0.7568359375
1540,0.61279296875,0.41455078125,2.44091796875,0.49951171875,0.81787109375,0.61474609375
1541,0.57958984375,0.3759765625,2.24560546875,0.482421875,0.85888671875,0.56884765625
1542,0.6494140625,0.54638671875,2.55712890625,0.91259765625,0.97265625,0.611328125
1543,0.75,0.58154296875,2.591796875,0.89013671875,0.74365234375,0.51611328125
1544,0.666015625,0.78662109375,2.7890625,0.34521484375,0.60205078125,0.4970703125
1545,1.11865234375,0.609375,2.572265625,0.31640625,0.69580078125,0.55712890625
1546,0.23291015625,0.68017578125,2.3037109375,0.830078125,0.73779296875,0.20654296875
1547,0.42236328125,0.6923828125,2.3212890625,0.7744140625,0.70849609375,0.25439453125
1548,0.60107421875,0.6376953125,2.25048828125,0.80859375,0.83740234375,0.771484375
1549,0.73779296875,0.6962890625,2.34716796875,0.529296875,0.537109375,0.81787109375
1550,0.81201171875,0.7626953125,2.64892578125,0.73095703125,0.64892578125,0.5712890625
1551,1.05029296875,0.63623046875,2.6416015625,0.5712890625,0.45361328125,0.55859375
1552,0.6181640625,0.564453125,2.5439453125,0.46240234375000006,0.58837890625,0.7763671875
1553,0.59375,0.44140625000000006,2.4541015625,0.36474609375,0.59716796875,0.66357421875
1554,0.32421875,0.79736328125,2.5166015625,0.89111328125,0.63818359375,0.53564453125
1555,0.6435546875,0.84033203125,2.3525390625,0.80322265625,0.48681640625,0.5830078125
1556,0.58203125,0.6630859375,2.193359375,0.50341796875,0.99267578125,0.3828125
1557,1.12109375,0.697265625,2.20849609375,0.49755859375,0.61328125,0.4228515625
1558,0.52392578125,0.56396484375,2.4462890625,0.6435546875,0.86328125,0.32031250000000006
1559,0.3828125,0.5673828125,2.40380859375,0.689453125,0.7978515625,0.41015625
1560,0.42822265625,0.66943359375,2.4306640625,0.5712890625,0.84912109375,0.490234375
1561,0.74365234375,0.66796875,2.3916015625,0.49755859375,1.0078125,0.609375
1562,0.36572265625,0.3388671875,2.22802734375,0.51904296875,0.73828125,0.18798828125000003
1563,0.537109375,0.3203125,2.19384765625,0.52197265625,0.3896484375,0.22119140625000003
1564,0.728515625,0.71875,2.13134765625,0.5712890625,0.5625,0.56103515625
1565,0.74853515625,0.69287109375,2.09765625,0.43359375,0.4853515625,0.5439453125
1566,1.07470703125,0.72705078125,2.23291015625,0.41455078125,1.111328125,0.36376953125
1567,0.78125,0.6162109375,2.11376953125,0.3310546875,1.0126953125,0.45751953125
1568,0.48193359375,1.07421875,2.28173828125,0.8486328125,0.794921875,0.533203125
1569,0.44189453125,0.9091796875,2.19580078125,0.6552734375,0.40087890625,0.59423828125
1570,0.6572265625,0.57177734375,2.40869140625,0.74267578125,0.96826171875,0.6162109375
1571,0.53955078125,0.67138671875,2.36669921875,0.6416015625,0.7021484375,0.51611328125
1572,0.60107421875,0.5908203125,2.35400390625,0.5888671875,0.8740234375,0.4736328125
1573,0.55419921875,0.564453125,2.275390625,0.4140625,0.3330078125,0.61572265625
1574,0.6318359375,0.515625,2.705078125,0.775390625,0.90185546875,0.81982421875
1575,0.55078125,0.5205078125,2.63671875,0.6484375,0.45458984375,0.84375
1576,0.44580078125,0.595703125,2.21875,0.61669921875,0.84033203125,0.53173828125
1577,0.5068359375,0.50732421875,2.18017578125,0.412109375,0.626953125,0.66015625
1578,0.42626953125,0.82373046875,2.41455078125,0.83935546875,0.77392578125,0.3173828125
1579,0.65283203125,0.92626953125,2.43701171875,0.744140625,0.72509765625,0.39208984375
1580,0.53076171875,0.6875,2.61767578125,0.7412109375,1.02587890625,0.8583984375
1581,0.77099609375,0.76171875,2.48828125,0.6083984375,0.97607421875,0.787109375
1582,0.9140625,0.65771484375,2.66259765625,0.85888671875,0.92041015625,0.34375000000000006
1583,0.77001953125,0.72607421875,2.53564453125,0.888671875,0.83837890625,0.3212890625
1584,0.728515625,0.6904296875,2.537109375,0.21728515625,1.13525390625,0.51123046875
1585,0.96728515625,0.52734375,2.40185546875,0.18603515625000003,1.00732421875,0.5205078125
1586,0.46923828125,0.4111328125,2.40771484375,0.8037109375,0.763671875,0.416015625
1587,0.37451171875,0.46533203125,2.4365234375,0.66015625,1.013671875,0.52392578125
1588,0.6787109375,0.70166015625,2.41796875,0.57275390625,0.505859375,0.52880859375
1589,0.7294921875,0.78564453125,2.39990234375,0.4736328125,0.27734375000000006,0.5107421875
1590,0.74755859375,0.8935546875,2.51123046875,0.4912109375,0.65771484375,0.65283203125
1591,0.7978515625,0.6826171875,2.41845703125,0.333984375,0.73193359375,0.6845703125
1592,0.54052734375,0.45898437500000006,2.33740234375,0.9677734375,0.56396484375,0.56201171875
1593,0.65087890625,0.56640625,2.125,0.740234375,0.52392578125,0.46630859375
1594,0.33251953125,0.49951171875,2.46533203125,0.59228515625,0.85107421875,0.69775390625
1595,0.53125,0.58154296875,2.451171875,0.48974609375,0.5673828125,0.72607421875
1596,0.44384765625,0.31201171875,2.6123046875,0.212890625,0.90185546875,0.8154296875
1597,0.59619140625,0.16406250000000006,2.462890625,0.17919921875000006,0.61474609375,0.9326171875
1598,0.74658203125,0.556640625,2.3603515625,0.43310546875,0.998046875,0.93408203125
1599,0.8828125,0.46875,2.357421875,0.31787109375,0.76904296875,0.97021484375
1600,0.66748046875,0.93798828125,2.439453125,0.83251953125,0.529296875,0.5087890625
1601,0.83984375,1.04150390625,2.3203125,0.7578125,0.72021484375,0.60302734375
1602,0.69921875,0.68505859375,2.2529296875,0.80615234375,0.44287109375,0.51611328125
1603,0.64599609375,0.66845703125,2.1484375,0.76220703125,0.29150390625,0.6171875
1604,0.79541015625,0.67919921875,2.5498046875,0.52197265625,0.5185546875,0.36181640625
1605,0.82373046875,0.65576171875,2.54833984375,0.572265625,0.51806640625,0.34619140625
1606,0.859375,0.54541015625,2.25341796875,0.79833984375,1.17138671875,0.7255859375
1607,0.974609375,0.49853515625,2.28857421875,0.8642578125,0.74853515625,0.73291015625
1608,0.80419921875,0.46630859375,2.44482421875,0.572265625,0.77001953125,0.72509765625
1609,1.10546875,0.31982421875,2.4765625,0.49365234375,0.7314453125,0.79736328125
1610,0.1435546875,0.44921875,2.3349609375,0.73779296875,0.7626953125,0.7978515625
1611,0.40771484375,0.287109375,2.33544921875,0.53857421875,0.62646484375,0.90673828125
1612,0.70751953125,0.51171875,2.28173828125,0.6494140625,0.37255859375,0.7724609375
1613,0.95068359375,0.56787109375,2.2451171875,0.52734375,0.69287109375,0.85791015625
1614,0.47216796875,0.59423828125,2.515625,0.56201171875,0.71435546875,0.56494140625
1615,0.7607421875,0.45654296875,2.50146484375,0.576171875,0.64892578125,0.591796875
1616,0.833984375,0.6787109375,2.34130859375,0.6865234375,0.78857421875,0.4619140625
1617,0.75146484375,0.67626953125,2.298828125,0.53125,0.63916015625,0.54541015625
1618,0.89453125,0.5498046875,2.421875,0.88720703125,0.58154296875,0.8408203125
1619,0.6953125,0.51171875,2.375,0.68212890625,0.38037109375,0.861328125
1620,0.40673828125,0.58984375,2.52978515625,0.521484375,0.69091796875,0.7021484375
1621,0.6142578125,0.49169921875,2.60595703125,0.4697265625,0.39599609375,0.658203125
1622,0.68505859375,0.78369140625,2.5107421875,0.58740234375,0.73681640625,0.55419921875
1623,0.7080078125,0.9189453125,2.45654296875,0.47021484375,0.6650390625,0.55224609375
1624,0.46142578125,0.40185546875,2.53515625,0.4658203125,0.5126953125,0.4912109375
1625,0.49560546875,0.40380859375,2.48388671875,0.28515625,0.4775390625,0.49169921875000006
1626,0.8955078125,0.576171875,2.4443359375,0.60400390625,0.76904296875,0.53173828125
1627,1.076171875,0.44091796875,2.36572265625,0.59326171875,0.6474609375,0.56689453125
1628,0.55419921875,0.3330078125,2.283203125,0.509765625,0.71728515625,0.73486328125
1629,0.91357421875,0.3359375,2.3193359375,0.46142578125,0.69873046875,0.67919921875
1630,0.67041015625,0.431640625,2.4384765625,0.6015625,0.3212890625,0.59033203125
1631,0.56982421875,0.42333984375,2.45654296875,0.48828125,0.10986328125000003,0.75244140625
1632,0.68310546875,0.64501953125,2.412109375,0.8359375,0.70703125,0.48046875
1633,0.70556640625,0.69140625,2.3017578125,0.81298828125,0.7412109375,0.3427734375
1634,0.5966796875,0.70654296875,2.34033203125,0.85693359375,0.66064453125,0.3017578125
1635,0.82958984375,0.65869140625,2.14794921875,0.76318359375,0.3642578125,0.44189453125
1636,0.5791015625,0.7724609375,2.54248046875,0.93798828125,0.69580078125,0.85302734375
1637,0.859375,0.65478515625,2.42236328125,0.806640625,0.6396484375,0.9248046875
1638,0.654296875,0.12255859375000004,2.4794921875,0.845703125,0.9580078125,0.4853515625
1639,0.9560546875,0.19970703125000003,2.40478515625,0.810546875,0.642578125,0.501953125
1640,0.93359375,0.6904296875,2.0810546875,0.84375,0.6806640625,0.68798828125
1641,0.51513671875,0.6962890625,2.06884765625,0.89990234375,0.4482421875,0.74853515625
1642,0.8369140625,0.806640625,2.52490234375,0.6748046875,0.86767578125,0.4833984375
1643,1.029296875,0.9052734375,2.5634765625,0.595703125,0.6357421875,0.521484375
1644,0.4619140625,0.56396484375,2.35107421875,0.427734375,0.6787109375,1.00048828125
1645,0.404296875,0.43115234375,2.30615234375,0.29931640625,0.39794921875,0.939453125
1646,0.822265625,0.8525390625,2.3388671875,0.576171875,0.6328125,0.8310546875
1647,0.88623046875,0.7939453125,2.375,0.5712890625,0.5361328125,0.658203125
1648,0.15576171875,0.6884765625,2.53271484375,0.8291015625,0.72216796875,0.4931640625
1649,0.2919921875,0.70166015625,2.5595703125,0.87353515625,0.58935546875,0.56103515625
1650,0.58251953125,0.42431640625,2.2802734375,0.66162109375,0.86279296875,0.658203125
1651,0.771484375,0.39501953125,2.22509765625,0.67236328125,0.62890625,0.64404296875
1652,0.37939453125,1.03515625,2.41064453125,0.68896484375,0.791015625,0.55078125
1653,0.5087890625,0.94189453125,2.4228515625,0.70849609375,0.49755859375,0.63623046875
1654,0.46923828125,0.7666015625,2.755859375,0.5185546875,0.56787109375,0.7744140625
1655,0.75048828125,0.734375,2.7080078125,0.43896484375,0.47705078125,0.79150390625
1656,0.76904296875,0.43310546875000006,2.2490234375,0.5615234375,0.9501953125,0.44189453125
1657,0.78857421875,0.328125,2.1904296875,0.41259765625000006,0.74658203125,0.44677734375
1658,0.458984375,0.87890625,2.62939453125,0.71337890625,0.8193359375,0.6513671875
1659,0.77490234375,0.88134765625,2.650390625,0.50341796875,0.7353515625,0.70361328125
1660,0.732421875,0.71923828125,2.2587890625,0.5859375,0.8662109375,0.33056640625
1661,0.802734375,0.6259765625,2.287109375,0.4638671875,0.564453125,0.41894531250000006
1662,0.66845703125,0.57373046875,2.501953125,0.5869140625,0.76904296875,0.5439453125
1663,0.74755859375,0.48095703125,2.48876953125,0.5546875,0.6474609375,0.59228515625
1664,0.54248046875,0.6123046875,2.0966796875,1.01611328125,0.60888671875,0.373046875
1665,0.6279296875,0.607421875,2.0419921875,0.89501953125,0.73388671875,0.3017578125
1666,0.9970703125,0.615234375,2.43798828125,1.03466796875,0.951171875,0.6279296875
1667,0.88623046875,0.4921875,2.36181640625,0.81640625,1.09326171875,0.82177734375
1668,0.66748046875,0.9619140625,2.4072265625,0.5927734375,0.724609375,0.48828125
1669,0.93310546875,0.80908203125,2.39892578125,0.39501953125,0.5654296875,0.5556640625
1670,0.27734375,0.171875,2.70556640625,0.66748046875,0.5419921875,0.7021484375
1671,0.51611328125,0.20361328125,2.62646484375,0.6259765625,0.4521484375,0.77001953125
1672,0.419921875,0.84326171875,2.6884765625,0.7578125,0.84619140625,0.31005859375
1673,0.5478515625,0.798828125,2.646484375,0.76708984375,0.54833984375,0.408203125
1674,0.71142578125,0.92236328125,2.22119140625,0.55859375,0.7529296875,0.39404296875
1675,0.982421875,0.96533203125,2.24853515625,0.48974609375,0.78076171875,0.40673828125
1676,0.5986328125,0.76318359375,2.31689453125,0.6025390625,0.59912109375,0.59521484375
1677,0.76318359375,0.64990234375,2.37841796875,0.54443359375,0.49853515625,0.65087890625
1678,0.2529296875,0.7138671875,2.45263671875,0.70458984375,0.46533203125,0.640625
1679,0.43017578125,0.76513671875,2.38818359375,0.55810546875,0.61083984375,0.662109375
1680,0.76513671875,0.42578125,2.57666015625,0.55810546875,0.6611328125,0.34912109375
1681,0.6240234375,0.3203125,2.578125,0.4931640625,0.37744140625,0.34130859375
1682,0.45751953125,0.8671875,2.39453125,0.22900390625,0.81298828125,0.82421875
1683,0.78857421875,0.951171875,2.45458984375,0.224609375,0.62353515625,0.962890625
1684,0.8984375,0.37939453125,2.36767578125,0.48486328125,0.72119140625,0.283203125
1685,0.87060546875,0.34619140625,2.30029296875,0.4912109375,0.62548828125,0.36767578125
1686,0.71337890625,0.4453125,2.44140625,0.828125,0.53466796875,0.5908203125
1687,0.66357421875,0.361328125,2.38134765625,0.89697265625,0.5224609375,0.611328125
1688,0.79833984375,0.87548828125,2.28662109375,1.06201171875,0.7646484375,0.76708984375
1689,0.68408203125,0.87109375,2.26953125,0.8037109375,0.5732421875,0.96875
1690,0.57763671875,0.560546875,2.15966796875,0.8515625,0.6796875,0.52001953125
1691,0.5390625,0.60009765625,2.17626953125,0.5576171875,0.77197265625,0.6591796875
1692,0.86376953125,0.5263671875,2.63623046875,0.5927734375,0.76806640625,0.458984375
1693,0.76904296875,0.46484375,2.576171875,0.552734375,0.66455078125,0.607421875
1694,0.2578125,0.552734375,2.74853515625,0.421875,0.66845703125,0.69482421875
1695,0.3251953125,0.44531250000000006,2.6748046875,0.31884765625,0.44140625,0.71142578125
1696,0.3642578125,0.5498046875,2.228515625,1.00048828125,1.01513671875,0.65234375
1697,0.56494140625,0.59521484375,2.18115234375,0.767578125,0.619140625,0.73095703125
1698,0.7333984375,0.47509765625,2.49755859375,0.63134765625,0.841796875,0.7109375
1699,0.72900390625,0.515625,2.44091796875,0.4892578125,0.7021484375,0.71630859375
1700,0.39306640625,0.6533203125,2.43505859375,0.59375,0.728515625,0.41552734375
1701,0.57421875,0.66943359375,2.4365234375,0.56298828125,0.6474609375,0.35986328125
1702,0.42529296875,0.62890625,2.2255859375,0.443359375,0.74951171875,0.78271484375
1703,0.3681640625,0.7578125,2.23974609375,0.2919921875,0.82373046875,0.7958984375
1704,0.64501953125,0.794921875,2.310546875,0.5078125,0.6337890625,0.9033203125
1705,0.6708984375,0.90673828125,2.2275390625,0.51708984375,0.783203125,0.77587890625
1706,0.61181640625,0.6171875,2.2578125,0.22216796875,0.81787109375,0.41552734375
1707,0.548828125,0.62451171875,2.32763671875,0.2109375,0.3408203125,0.376953125
1708,0.33056640625,0.39062500000000006,2.49267578125,0.8623046875,0.76953125,0.51318359375
1709,0.359375,0.3369140625,2.40771484375,0.71240234375,0.59375,0.52685546875
1710,0.63720703125,0.52734375,2.4072265625,0.6025390625,0.9208984375,0.6279296875
1711,0.7451171875,0.43310546875,2.47998046875,0.38427734375,0.958984375,0.654296875
1712,0.35986328125,0.9462890625,2.2998046875,0.34326171875,0.67333984375,0.79931640625
1713,0.5517578125,0.83251953125,2.2333984375,0.2607421875,0.517578125,0.80908203125
1714,0.8525390625,0.4677734375,2.3720703125,0.91845703125,1.01318359375,0.78662109375
1715,1.02734375,0.5341796875,2.33349609375,0.74267578125,0.84619140625,0.6669921875
1716,0.572265625,0.77587890625,2.3984375,0.78173828125,0.7333984375,0.44775390625
1717,0.580078125,0.69775390625,2.39453125,0.7734375,0.79833984375,0.49853515625
1718,0.3818359375,0.47705078125,2.67041015625,0.3291015625,0.58740234375,0.73046875
1719,0.41796875,0.4931640625,2.5673828125,0.34765625,0.44873046875,0.75
1720,0.40087890625,0.59716796875,2.52294921875,0.67138671875,0.73876953125,0.79248046875
1721,0.62353515625,0.58203125,2.4130859375,0.60888671875,0.6259765625,0.7978515625
1722,0.474609375,0.8740234375,2.36376953125,0.72412109375,0.4755859375,0.62939453125
1723,0.57470703125,0.80029296875,2.29150390625,0.546875,0.25,0.72021484375
1724,0.5546875,0.57080078125,2.78173828125,0.3740234375,0.34423828125,0.7158203125
1725,0.7431640625,0.556640625,2.451171875,0.3369140625,0.31298828125000006,0.8037109375
1726,0.69580078125,0.1669921875,2.3408203125,0.41015625,0.60107421875,0.55859375
1727,0.73779296875,0.17773437500000006,2.205078125,0.38671875,0.23974609375000003,0.53076171875
1728,0.3828125,0.7744140625,2.19921875,0.68994140625,0.41064453125,0.7490234375
1729,0.46630859375,0.80859375,2.26123046875,0.619140625,0.2158203125,0.634765625
1730,0.5830078125,0.470703125,2.15234375,0.77490234375,0.43603515625,0.88330078125
1731,0.7353515625,0.28466796875,2.087890625,0.6982421875,0.56884765625,0.9130859375
1732,0.96337890625,0.86669921875,2.17333984375,0.73876953125,0.59228515625,0.81787109375
1733,0.92529296875,0.83203125,2.197265625,0.62109375,0.45849609375,0.849609375
1734,0.4423828125,0.494140625,2.2998046875,0.61083984375,0.6748046875,0.53369140625
1735,0.36474609375000006,0.55908203125,2.38916015625,0.6513671875,0.5703125,0.6865234375
1736,0.65625,0.73779296875,2.52392578125,0.404296875,0.4765625,0.74267578125
1737,0.6875,0.62255859375,2.5537109375,0.31201171875,0.61572265625,0.7724609375
1738,0.6796875,0.46435546875,2.50927734375,0.5439453125,0.40087890625,0.45947265625
1739,0.80126953125,0.501953125,2.48828125,0.462890625,0.37646484375,0.45703125
1740,0.86669921875,0.6806640625,2.48974609375,0.44873046875,0.6728515625,0.47607421875
1741,0.681640625,0.68212890625,2.4287109375,0.3232421875,0.6337890625,0.45849609375000006
1742,0.1787109375,0.83154296875,2.078125,0.4033203125,0.77978515625,0.748046875
1743,0.18505859375,0.81884765625,2.205078125,0.36035156250000006,0.64111328125,0.90673828125
1744,0.78271484375,0.4677734375,2.701171875,0.81591796875,0.5927734375,0.41748046875
1745,1.0654296875,0.52392578125,2.6220703125,0.66015625,0.40039062500000006,0.37353515625
1746,0.34472656250000006,0.41796875,2.291015625,0.8671875,1.0205078125,0.68994140625
1747,0.580078125,0.34326171875,2.28857421875,0.85595703125,0.92724609375,0.71728515625
1748,0.8388671875,0.494140625,2.0693359375,0.626953125,0.8388671875,0.78369140625
1749,0.8154296875,0.3330078125,2.0830078125,0.41357421875,0.47412109375,0.81494140625
1750,0.8115234375,0.7236328125,2.333984375,0.67919921875,0.61083984375,0.56494140625
1751,1.1083984375,0.64013671875,2.30126953125,0.63134765625,0.509765625,0.75244140625
1752,0.59130859375,0.80029296875,2.4248046875,0.3818359375,0.6455078125,0.73486328125
1753,0.7314453125,0.91552734375,2.447265625,0.34521484375,0.431640625,0.8330078125
1754,0.7236328125,0.5419921875,2.6103515625,0.60107421875,1.1142578125,0.68603515625
1755,0.59912109375,0.52685546875,2.45361328125,0.52197265625,0.83349609375,0.64794921875
1756,0.3583984375,0.498046875,2.3515625,0.44677734375,0.80078125,0.59033203125
1757,0.498046875,0.43505859375,2.330078125,0.32080078125,0.791015625,0.64208984375
1758,0.7763671875,0.20361328125,2.4814453125,0.49462890625,0.85205078125,0.5322265625
1759,0.798828125,0.17236328125000003,2.3818359375,0.52197265625,0.80810546875,0.4853515625
1760,0.64501953125,0.49951171875,2.3603515625,0.5595703125,0.8447265625,0.68017578125
1761,0.76513671875,0.5283203125,2.3115234375,0.44091796875,0.5439453125,0.64404296875
1762,0.56982421875,0.3466796875,2.32568359375,0.4482421875,0.51806640625,0.4931640625
1763,0.71923828125,0.38671875,2.2705078125,0.5,0.57568359375,0.5927734375
1764,0.603515625,0.708984375,2.29541015625,0.64697265625,0.43359375,0.42138671875
1765,0.6728515625,0.705078125,2.107421875,0.3544921875,0.30029296875,0.603515625
1766,0.64892578125,0.57568359375,2.673828125,0.37890625,0.78662109375,0.38427734375
1767,0.59130859375,0.47802734375,2.572265625,0.36865234375,0.6259765625,0.5673828125
1768,0.4443359375,0.79052734375,2.36474609375,0.64501953125,0.30126953125,0.54150390625
1769,0.5673828125,0.82666015625,2.29541015625,0.681640625,0.29296875,0.59765625
1770,0.4794921875,0.63037109375,2.6103515625,0.8369140625,0.60009765625,0.32958984375000006
1771,0.6806640625,0.65380859375,2.55859375,0.662109375,0.45751953125000006,0.341796875
1772,0.81640625,0.67578125,2.36767578125,0.705078125,0.94970703125,0.4208984375
1773,1.05859375,0.697265625,2.33056640625,0.66943359375,0.7529296875,0.43408203125
1774,0.52392578125,0.5234375,2.36767578125,0.82080078125,0.873046875,0.13085937500000006
1775,0.98291015625,0.517578125,2.2763671875,0.70947265625,0.5478515625,0.19091796875
1776,0.76806640625,0.60205078125,2.498046875,0.82275390625,0.515625,0.37597656250000006
1777,0.8798828125,0.47802734375,2.5283203125,0.81787109375,0.5537109375,0.44287109375
1778,0.53857421875,0.40234375,2.49658203125,0.41162109375,0.5849609375,0.43310546875
1779,0.7529296875,0.322265625,2.44970703125,0.365234375,0.53271484375,0.6103515625
1780,0.7001953125,0.3046875,2.15576171875,0.53466796875,0.57470703125,0.3125
1781,0.82763671875,0.2783203125,2.10986328125,0.40185546875,0.43359375,0.42626953125
1782,0.56005859375,0.9287109375,2.51123046875,0.72314453125,0.54150390625,0.765625
1783,0.31982421875,0.96923828125,2.47998046875,0.5166015625,0.52392578125,0.8203125
1784,0.23828125,0.408203125,2.0654296875,0.41894531250000006,0.7294921875,0.58544921875
1785,0.30322265625,0.32275390625,2.06298828125,0.337890625,0.5908203125,0.6318359375
1786,0.96826171875,0.41943359375,2.216796875,0.80224609375,0.59912109375,0.708984375
1787,0.8369140625,0.37255859375,2.2421875,0.6611328125,0.74853515625,0.87255859375
1788,0.38232421875,0.61865234375,2.19775390625,0.66455078125,0.822265625,0.8095703125
1789,0.57666015625,0.548828125,2.2109375,0.580078125,0.6064453125,0.943359375
1790,0.26708984375,0.5517578125,2.56494140625,0.6923828125,0.72216796875,0.66357421875
1791,0.2568359375,0.4697265625,2.52392578125,0.7080078125,0.4345703125,0.74365234375
1792,0.8955078125,0.521484375,2.029296875,0.59521484375,0.68115234375,0.84228515625
1793,0.78271484375,0.49853515625000006,2.00927734375,0.51123046875,0.71142578125,0.7890625
1794,0.8935546875,0.67724609375,2.70458984375,0.67578125,0.6904296875,0.52734375
1795,0.94677734375,0.68115234375,2.62939453125,0.69873046875,0.41748046875,0.61279296875
1796,0.4521484375,0.7724609375,2.5087890625,0.53369140625,0.63623046875,0.52197265625
1797,0.70263671875,0.80126953125,2.58642578125,0.50048828125,0.42724609375,0.5830078125
1798,0.5673828125,0.8544921875,2.62353515625,0.59423828125,0.81396484375,0.32373046875
1799,0.76904296875,0.84423828125,2.55224609375,0.4443359375,0.693359375,0.3828125
1800,0.5625,0.435546875,2.478515625,0.568359375,0.599609375,0.50390625
1801,0.86572265625,0.38232421875000006,2.42138671875,0.49609375,0.54345703125,0.57470703125
1802,0.66748046875,0.61474609375,2.2724609375,0.39404296875,0.6220703125,0.4619140625
1803,1.02099609375,0.6484375,2.27490234375,0.3095703125,0.345703125,0.51953125
1804,0.6171875,0.4873046875,2.30615234375,0.4609375,0.79248046875,0.60302734375
1805,0.7216796875,0.49267578125,2.3408203125,0.33154296875,0.56103515625,0.69189453125
1806,0.6435546875,0.544921875,2.083984375,0.56884765625,0.5712890625,0.7626953125
1807,0.466796875,0.458984375,2.09912109375,0.39794921875,0.48486328125,0.75732421875
1808,0.818359375,0.55517578125,2.66796875,0.70068359375,0.771484375,0.5966796875
1809,0.748046875,0.5302734375,2.583984375,0.60986328125,0.56884765625,0.52734375
1810,0.193359375,0.39013671875,2.3427734375,0.35400390625,0.6865234375,0.18701171875000003
1811,0.24658203125,0.33251953125,2.30322265625,0.42626953125,0.46240234375,0.28076171875
1812,0.44580078125,0.64306640625,2.54638671875,0.47216796875,1.04736328125,0.44775390625
1813,0.5771484375,0.638671875,2.48779296875,0.32470703125,0.6435546875,0.5048828125
1814,1.01513671875,0.68896484375,2.5185546875,0.5751953125,0.68017578125,0.42041015625000006
1815,1.0771484375,0.6171875,2.37939453125,0.548828125,0.779296875,0.58740234375
1816,0.44775390625,1.0244140625,2.2333984375,0.78076171875,0.359375,0.84716796875
1817,0.6162109375,0.87451171875,2.1923828125,0.814453125,0.3486328125,1.0263671875
1818,0.84130859375,0.71044921875,2.3759765625,0.79150390625,0.69775390625,0.6259765625
1819,0.60009765625,0.66162109375,2.30419921875,0.7041015625,0.521484375,0.82958984375
1820,0.44580078125,0.38623046875,2.5732421875,0.5517578125,0.66162109375,0.61328125
1821,0.474609375,0.375,2.38720703125,0.4599609375,0.455078125,0.57861328125
1822,0.650390625,0.484375,2.42626953125,0.90185546875,0.9072265625,0.56884765625
1823,0.89111328125,0.54345703125,2.2880859375,0.67919921875,0.681640625,0.71728515625
1824,0.63623046875,0.34521484375,2.5986328125,0.34765625,0.650390625,0.779296875
1825,0.90380859375,0.3759765625,2.47900390625,0.2998046875,0.29248046875,0.81689453125
1826,0.70849609375,0.6396484375,2.44677734375,0.9111328125,0.96484375,0.8134765625
1827,0.9404296875,0.66796875,2.30712890625,0.90185546875,0.83837890625,0.82470703125
1828,0.50537109375,0.8115234375,2.17529296875,0.43798828125000006,0.8984375,0.6826171875
1829,0.7021484375,0.65625,2.14697265625,0.322265625,0.55322265625,0.7763671875
1830,0.38720703125,0.22412109375,2.42529296875,0.8134765625,0.6572265625,0.33447265625
1831,0.39990234375,0.14941406250000003,2.2900390625,0.69921875,0.63232421875,0.41748046875
1832,0.794921875,0.73828125,2.3359375,0.6083984375,0.82373046875,0.37451171875
1833,0.6640625,0.68017578125,2.263671875,0.458984375,0.74072265625,0.35107421875
1834,0.75634765625,0.7197265625,2.42626953125,0.7080078125,0.3701171875,0.51318359375
1835,0.7041015625,0.6494140625,2.39990234375,0.583984375,0.35302734375,0.67138671875
1836,0.60986328125,0.44775390625,2.02783203125,0.7861328125,0.85693359375,0.6611328125
1837,0.68701171875,0.376953125,2.04150390625,0.5439453125,0.77734375,0.974609375
1838,0.56884765625,0.7109375,2.57275390625,0.67041015625,0.56787109375,0.37548828125
1839,0.54541015625,0.62353515625,2.59912109375,0.55859375,0.53369140625,0.4931640625
1840,0.87451171875,0.8115234375,2.46435546875,0.35400390625,0.85888671875,0.87353515625
1841,1.197265625,0.81982421875,2.36328125,0.25390625,0.82177734375,1.09716796875
1842,0.22216796875,0.87646484375,2.361328125,0.4931640625,0.98291015625,0.5234375
1843,0.25537109375,0.8173828125,2.38134765625,0.359375,0.73486328125,0.69873046875
1844,1.0126953125,0.8662109375,2.28955078125,0.68017578125,0.56494140625,0.65771484375
1845,0.79052734375,0.8349609375,2.35693359375,0.634765625,0.55859375,0.640625
1846,0.708984375,0.5673828125,2.24072265625,0.58154296875,0.48681640625,0.59765625
1847,0.6513671875,0.5634765625,2.18603515625,0.36376953125,0.556640625,0.67919921875
1848,0.41748046875,0.4873046875,2.2939453125,0.54150390625,0.716796875,0.68798828125
1849,0.73876953125,0.53857421875,2.33056640625,0.68212890625,0.52880859375,0.5947265625
1850,0.66455078125,0.67822265625,2.60888671875,0.64306640625,0.68701171875,0.4833984375
1851,0.81396484375,0.49853515625,2.5205078125,0.46484375,0.4658203125,0.5224609375
1852,0.56201171875,0.50146484375,2.20703125,0.55224609375,0.8056640625,0.44287109375
1853,0.58447265625,0.50732421875,2.19921875,0.52392578125,0.84521484375,0.5595703125
1854,0.50634765625,0.3388671875,2.4091796875,0.5,0.99560546875,0.6650390625
1855,0.65478515625,0.400390625,2.33740234375,0.45361328125,0.76171875,0.74609375
1856,0.39306640625,0.59814453125,2.27392578125,0.55810546875,0.408203125,0.60888671875
1857,0.79443359375,0.474609375,2.15673828125,0.47314453125,0.2734375,0.6259765625
1858,0.47119140625,0.90673828125,2.580078125,0.5537109375,0.52880859375,0.931640625
1859,0.443359375,0.99072265625,2.52001953125,0.4580078125,0.17480468750000006,1.04248046875
1860,0.53466796875,0.24951171875,2.33984375,0.822265625,0.6201171875,0.8251953125
1861,0.53125,0.14648437500000003,2.30908203125,0.80126953125,0.67138671875,0.7724609375
1862,0.7978515625,0.6640625,2.12353515625,0.732421875,0.40234375,0.5009765625
1863,0.912109375,0.67529296875,2.12060546875,0.59521484375,0.29541015625,0.58984375
1864,0.78173828125,0.34228515625,2.46875,0.658203125,0.70703125,0.5
1865,0.7783203125,0.36083984375,2.43603515625,0.63818359375,0.6806640625,0.79541015625
1866,0.51708984375,0.4296875,2.5341796875,0.18994140625000003,0.619140625,0.5751953125
1867,0.890625,0.390625,2.53662109375,0.18798828125000003,0.64111328125,0.8095703125
1868,0.41650390625,0.68017578125,2.26953125,0.658203125,0.68798828125,0.603515625
1869,0.376953125,0.7724609375,2.16748046875,0.6455078125,0.734375,0.720703125
1870,0.67138671875,0.689453125,2.49755859375,0.65234375,0.8046875,0.43798828125
1871,0.65625,0.625,2.376953125,0.6513671875,0.54736328125,0.55224609375
1872,0.3984375,0.35302734375,2.55322265625,0.43652343750000006,0.46728515625,0.5615234375
1873,0.75146484375,0.38671875000000006,2.4384765625,0.30859375,0.3369140625,0.56494140625
1874,0.65966796875,0.62744140625,2.3037109375,0.61328125,0.59326171875,0.486328125
1875,0.7744140625,0.59130859375,2.37451171875,0.591796875,0.4345703125,0.52734375
1876,0.38818359375,0.61279296875,2.7060546875,0.67236328125,0.5791015625,0.404296875
1877,0.49609375,0.4345703125,2.603515625,0.68994140625,0.45361328125,0.56982421875
1878,0.32958984375,0.5869140625,2.13623046875,0.6845703125,0.47705078125,0.61474609375
1879,0.36376953125,0.5009765625,2.1416015625,0.63818359375,0.19580078125000003,0.7099609375
1880,0.54150390625,0.90966796875,2.40576171875,0.5458984375,0.86181640625,0.56689453125
1881,0.8818359375,0.7470703125,2.283203125,0.43603515625,0.62939453125,0.49560546875
1882,0.42041015625,0.3701171875,2.208984375,0.7509765625,0.7763671875,0.716796875
1883,0.7275390625,0.39404296875,2.28955078125,0.5166015625,0.79833984375,0.60791015625
1884,0.48046875,0.32958984375,2.33935546875,0.626953125,0.390625,0.70263671875
1885,0.76611328125,0.34033203125,2.23291015625,0.40185546875,0.4111328125,0.88232421875
1886,0.595703125,0.36669921875,2.451171875,0.51513671875,0.68994140625,0.697265625
1887,0.75390625,0.36279296875,2.3935546875,0.50146484375,0.60400390625,0.70458984375
1888,0.498046875,0.7158203125,2.3837890625,0.5478515625,0.34375000000000006,0.3935546875
1889,0.53662109375,0.7275390625,2.4091796875,0.4619140625,0.32080078125,0.453125
1890,0.93603515625,0.54931640625,2.69482421875,0.9619140625,0.75732421875,0.7109375
1891,0.99267578125,0.5673828125,2.64404296875,1.005859375,0.5380859375,0.6591796875
1892,1.0546875,0.783203125,2.25927734375,0.2890625,0.73828125,0.59814453125
1893,0.92724609375,0.70703125,2.16552734375,0.2880859375,0.6240234375,0.65283203125
1894,0.5498046875,0.36328125,2.10205078125,0.74267578125,0.3662109375,0.373046875
1895,0.53857421875,0.380859375,2.14111328125,0.755859375,0.26269531250000006,0.36425781250000006
1896,0.76025390625,0.74267578125,2.33056640625,0.55322265625,0.8857421875,0.8955078125
1897,0.9033203125,0.86962890625,2.357421875,0.466796875,1.03125,0.86279296875
1898,0.58154296875,0.39697265625,2.33837890625,0.36914062500000006,0.44482421875,0.15185546875000006
1899,0.8330078125,0.388671875,2.36474609375,0.3447265625,0.5224609375,0.21826171875000003
1900,0.56103515625,0.54541015625,2.462890625,0.66650390625,0.8662109375,0.52783203125
1901,0.61328125,0.5244140625,2.4111328125,0.53125,0.8134765625,0.53271484375
1902,0.37890625,0.6982421875,2.220703125,0.3720703125,0.89599609375,0.59716796875
1903,0.35986328125,0.61181640625,2.1728515625,0.3427734375,0.73779296875,0.74853515625
1904,0.8681640625,0.70751953125,2.3720703125,0.9677734375,0.34814453125,0.62841796875
1905,0.81201171875,0.734375,2.2412109375,0.95654296875,0.32958984375000006,0.65673828125
1906,0.8857421875,0.935546875,2.66015625,0.50048828125,0.88916015625,0.20654296875000003
1907,0.853515625,0.77490234375,2.646484375,0.42236328125000006,0.693359375,0.2509765625
1908,0.5888671875,0.2236328125,2.24169921875,0.53125,0.57958984375,0.474609375
1909,0.47705078125,0.20703125000000003,2.1474609375,0.51025390625,0.3671875,0.52978515625
1910,0.4189453125,0.1396484375,2.41162109375,0.8056640625,0.78759765625,0.55712890625
1911,0.35302734375,0.1533203125,2.3828125,0.734375,0.5458984375,0.7080078125
1912,0.6025390625,0.15771484375,2.59716796875,0.46337890625,1.21630859375,0.63818359375
1913,0.830078125,0.19091796875000003,2.51513671875,0.26025390625,0.712890625,0.64697265625
1914,0.77197265625,0.46826171875,2.36474609375,0.73583984375,0.47412109375,0.5888671875
1915,0.92236328125,0.541015625,2.396484375,0.61181640625,0.35791015625,0.80908203125
1916,0.6171875,0.60498046875,2.63427734375,0.830078125,0.48828125,0.5068359375
1917,0.6298828125,0.6318359375,2.6650390625,0.708984375,0.56982421875,0.46923828125
1918,0.708984375,0.5458984375,2.60205078125,0.5380859375,0.85791015625,0.330078125
1919,0.71484375,0.5048828125,2.634765625,0.4228515625,0.55078125,0.40380859375
1920,0.54296875,0.55224609375,2.41357421875,0.6669921875,0.81982421875,0.876953125
1921,0.53515625,0.45556640625000006,2.33251953125,0.59033203125,0.55859375,0.81591796875
1922,0.7138671875,0.693359375,2.443359375,0.68701171875,0.73046875,0.5849609375
1923,0.97705078125,0.6142578125,2.4853515625,0.5771484375,0.63671875,0.56640625
1924,0.50830078125,0.55810546875,2.75537109375,0.59228515625,0.44873046875000006,0.15917968750000003
1925,0.5283203125,0.53857421875,2.66552734375,0.69580078125,0.57861328125,0.16357421875000003
1926,0.8173828125,0.87548828125,2.3671875,0.7548828125,0.525390625,0.59375
1927,1.013671875,0.703125,2.349609375,0.5751953125,0.44677734375,0.6904296875
1928,0.32958984375,0.5556640625,2.42626953125,0.7314453125,0.9716796875,0.38818359375000006
1929,0.50439453125,0.52197265625,2.37158203125,0.79150390625,0.52294921875,0.4423828125
1930,0.36865234375,0.6826171875,2.34423828125,0.7001953125,0.52294921875,0.701171875
1931,0.69091796875,0.64990234375,2.23486328125,0.7421875,0.36962890625000006,0.82177734375
1932,0.443359375,0.69970703125,2.47216796875,0.6162109375,0.58447265625,0.6767578125
1933,0.6904296875,0.76025390625,2.52490234375,0.591796875,0.22265625,0.81396484375
1934,0.44873046875,0.46044921875,2.59521484375,0.7314453125,0.490234375,0.7197265625
1935,0.6259765625,0.6025390625,2.513671875,0.63671875,0.56640625,0.82666015625
1936,0.4140625,0.63818359375,2.3662109375,0.73193359375,0.5654296875,0.439453125
1937,0.43798828125,0.62109375,2.341796875,0.67333984375,0.45703125,0.51171875
1938,0.5166015625,0.6494140625,2.53955078125,0.5341796875,0.64794921875,0.345703125
1939,0.5791015625,0.64404296875,2.556640625,0.470703125,0.58349609375,0.5146484375
1940,0.41357421875,0.68798828125,2.6396484375,0.83251953125,0.72998046875,0.6259765625
1941,0.6376953125,0.66015625,2.47998046875,0.6884765625,0.60791015625,0.66455078125
1942,0.63330078125,0.52587890625,2.4765625,0.59619140625,0.3115234375,0.51806640625
1943,0.68994140625,0.525390625,2.4296875,0.52880859375,0.10498046875000003,0.48388671875
1944,0.12158203125,0.55078125,2.46826171875,0.228515625,0.44189453125,0.35302734375
1945,0.31298828125,0.53466796875,2.421875,0.21240234375,0.48291015625,0.33154296875
1946,0.80126953125,0.8720703125,2.38525390625,0.716796875,0.62158203125,0.86962890625
1947,0.83544921875,0.7255859375,2.2978515625,0.51171875,0.38232421875,0.7119140625
1948,0.34912109375,0.455078125,2.2724609375,0.38525390625,0.5458984375,0.88232421875
1949,0.4404296875,0.33447265625,2.18603515625,0.27685546875,0.35595703125,0.8720703125
1950,0.3974609375,0.90771484375,2.65966796875,0.78466796875,0.62939453125,0.6181640625
1951,0.3662109375,1.017578125,2.63427734375,0.630859375,0.43310546875,0.576171875
1952,0.2431640625,0.5810546875,2.4873046875,0.54541015625,0.638671875,0.34521484375
1953,0.501953125,0.5009765625,2.38623046875,0.43994140625,0.45751953125,0.42236328125
1954,0.4853515625,0.66748046875,2.2568359375,0.3486328125,0.9287109375,0.6318359375
1955,0.62646484375,0.62548828125,2.34619140625,0.38671875,0.810546875,0.5
1956,0.736328125,0.3359375,2.6826171875,0.64453125,0.6708984375,0.34130859375
1957,0.86669921875,0.41406250000000006,2.40869140625,0.603515625,0.68212890625,0.40869140625
1958,0.4853515625,0.48388671875,2.36474609375,0.4169921875,0.4677734375,0.73095703125
1959,0.48974609375,0.51123046875,2.3359375,0.505859375,0.56201171875,0.73779296875
1960,0.58203125,0.55810546875,2.46484375,0.75390625,0.69775390625,0.3037109375
1961,0.55322265625,0.5,2.41162109375,0.4990234375,0.31298828125,0.34228515625
1962,0.33154296875,0.69189453125,2.486328125,0.6376953125,0.8994140625,0.49072265625
1963,0.462890625,0.6240234375,2.38037109375,0.57421875,0.71337890625,0.46826171875
1964,0.49267578125,0.6298828125,2.26123046875,0.568359375,0.73046875,0.32275390625
1965,0.34521484375,0.65625,2.27294921875,0.4443359375,0.59521484375,0.42333984375
1966,0.45849609375,0.2705078125,2.41845703125,0.64990234375,0.62548828125,0.41455078125000006
1967,0.546875,0.19580078125000003,2.47509765625,0.69921875,0.35595703125,0.41455078125
1968,0.3525390625,0.68896484375,2.419921875,0.43115234375,0.77392578125,0.34082031250000006
1969,0.4091796875,0.5859375,2.3154296875,0.396484375,0.4638671875,0.37158203125
1970,0.48095703125,0.66259765625,2.30810546875,0.80810546875,0.8291015625,0.49462890625
1971,0.59716796875,0.72509765625,2.32470703125,0.82568359375,0.716796875,0.61865234375
1972,0.72998046875,0.67578125,2.3837890625,0.71923828125,0.439453125,0.67041015625
1973,0.6494140625,0.64453125,2.14111328125,0.60791015625,0.3662109375,0.6611328125
1974,0.5341796875,0.50830078125,2.1767578125,0.3828125,0.92333984375,0.439453125
1975,0.5146484375,0.53857421875,2.1708984375,0.296875,0.78466796875,0.591796875
1976,0.85693359375,0.4306640625,2.1923828125,0.62939453125,0.5849609375,0.60400390625
1977,0.85693359375,0.47998046875,2.1435546875,0.58056640625,0.375,0.6640625
1978,0.666015625,0.6796875,2.6396484375,0.5673828125,0.9423828125,0.62255859375
1979,0.62060546875,0.6064453125,2.43310546875,0.48583984375,1.07080078125,0.73681640625
1980,0.49609375,0.6748046875,2.3232421875,0.50341796875,0.58740234375,0.77783203125
1981,0.70654296875,0.60546875,2.26708984375,0.453125,0.416015625,0.81494140625
1982,0.708984375,0.4814453125,2.4189453125,0.55126953125,0.4873046875,0.40917968750000006
1983,0.68505859375,0.46679687500000006,2.27783203125,0.373046875,0.2607421875,0.591796875
1984,0.49169921875,0.71142578125,2.55224609375,0.8466796875,0.3193359375,0.56884765625
1985,0.751953125,0.697265625,2.560546875,0.75732421875,0.13085937500000006,0.6220703125
1986,0.3447265625,0.6708984375,2.43017578125,0.57666015625,0.9736328125,0.75146484375
1987,0.30419921875000006,0.6220703125,2.3564453125,0.47509765625000006,0.7783203125,0.9677734375
1988,0.712890625,0.5556640625,2.3330078125,0.84716796875,0.47998046875,0.37158203125
1989,0.63134765625,0.455078125,2.35595703125,0.71435546875,0.44140625,0.3505859375
1990,0.5166015625,0.505859375,2.55419921875,0.84130859375,0.65087890625,0.4814453125
1991,0.70068359375,0.52978515625,2.5546875,0.71142578125,0.40576171875,0.44287109375
1992,0.16552734375,0.7939453125,2.49462890625,0.626953125,0.71923828125,0.505859375
1993,0.220703125,0.62841796875,2.447265625,0.67333984375,0.59423828125,0.5859375
1994,0.49462890625,0.794921875,2.19921875,0.61328125,0.462890625,0.72998046875
1995,0.5712890625,0.81640625,2.0458984375,0.5439453125,0.453125,0.6787109375
1996,0.3447265625,0.451171875,2.56982421875,0.5146484375,0.732421875,0.6328125
1997,0.38671875,0.50830078125,2.53955078125,0.55419921875,0.7900390625,0.76025390625
1998,0.53662109375,0.2255859375,2.30810546875,0.34130859375,0.52490234375,0.45556640625
1999,0.75341796875,0.15771484375000006,2.23974609375,0.33203125,0.44970703125,0.5595703125
2000,0.53076171875,0.53857421875,2.68212890625,0.72021484375,0.392578125,0.78466796875
2001,0.54736328125,0.5458984375,2.52587890625,0.6904296875,0.5986328125,0.88330078125
2002,0.65234375,0.564453125,2.38525390625,0.845703125,0.732421875,0.59814453125
2003,0.68603515625,0.458984375,2.3017578125,0.8251953125,0.5166015625,0.6455078125
2004,0.28466796875,0.31787109375,2.546875,0.3916015625,0.35986328125,0.6669921875
2005,0.3720703125,0.4072265625,2.466796875,0.3017578125,0.36669921875,0.794921875
2006,0.32812500000000006,0.619140625,2.07861328125,0.52880859375,0.8271484375,0.455078125
2007,0.39599609375,0.583984375,2.0400390625,0.43115234375,0.65380859375,0.5595703125
2008,0.31396484375,0.58544921875,2.37060546875,0.6669921875,0.54052734375,0.69677734375
2009,0.41650390625,0.40527343750000006,2.30078125,0.6962890625,0.48974609375,0.6767578125
2010,0.474609375,0.67138671875,2.49560546875,0.498046875,0.45703125,0.37158203125000006
2011,0.701171875,0.58740234375,2.4091796875,0.552734375,0.5283203125,0.3994140625
2012,0.7880859375,0.701171875,2.396484375,0.44921875,0.8212890625,0.681640625
2013,0.92041015625,0.62255859375,2.416015625,0.28515625,0.48583984375,0.58935546875
2014,0.20947265625,0.87548828125,2.35205078125,0.7158203125,0.283203125,0.61376953125
2015,0.21630859375,0.81787109375,2.37060546875,0.6923828125,0.16796875000000003,0.69873046875
2016,0.12841796875,0.62939453125,2.5185546875,0.3701171875,0.689453125,0.42431640625
2017,0.283203125,0.68212890625,2.455078125,0.38330078125,0.615234375,0.50341796875
2018,0.47265625,0.5712890625,2.3505859375,0.81201171875,0.51318359375,0.48583984375
2019,0.67919921875,0.421875,2.33447265625,0.75634765625,0.4560546875,0.5576171875
2020,0.6630859375,0.42431640625,2.40283203125,0.5390625,0.80419921875,0.52734375
2021,0.802734375,0.3408203125,2.40576171875,0.45751953125,0.72021484375,0.50390625
2022,0.6923828125,0.8603515625,2.13671875,0.27490234375,0.71435546875,0.55029296875
2023,0.79052734375,0.798828125,2.09228515625,0.26953125,0.548828125,0.583984375
2024,0.19140625,0.52490234375,2.3017578125,0.6865234375,0.98779296875,0.61572265625
2025,0.21337890625,0.45458984375,2.12158203125,0.603515625,0.51953125,0.73974609375
2026,0.39550781250000006,0.6748046875,2.64501953125,0.3427734375,0.69091796875,0.75244140625
2027,0.701171875,0.6494140625,2.470703125,0.30615234375,0.2822265625,0.67041015625
2028,0.50048828125,0.49658203125,2.3818359375,0.3330078125,0.5673828125,0.6181640625
2029,0.63525390625,0.5029296875,2.37060546875,0.28857421875,0.5791015625,0.6962890625
2030,0.57861328125,0.50634765625,2.34619140625,0.8701171875,0.70849609375,0.46044921875
2031,0.673828125,0.55078125,2.37158203125,0.67041015625,0.44921875,0.56884765625
2032,0.56884765625,0.509765625,2.33984375,0.46923828125,0.72314453125,0.6025390625
2033,0.50146484375,0.51318359375,2.34228515625,0.4482421875,0.79931640625,0.76220703125
2034,0.546875,0.4228515625,2.4453125,0.66748046875,0.42626953125,0.41845703125
2035,0.40234375,0.32958984375,2.46484375,0.5244140625,0.30029296875,0.55908203125
2036,0.49755859375,0.98095703125,2.40869140625,0.76318359375,0.8125,0.65771484375
2037,0.67138671875,0.970703125,2.42333984375,0.62158203125,0.7587890625,0.7294921875
2038,0.62451171875,0.38427734375,2.24658203125,0.84375,0.58056640625,0.71484375
2039,0.70703125,0.3505859375,2.16748046875,0.99169921875,0.34423828125,0.83837890625
2040,0.52099609375,0.85888671875,2.44140625,0.439453125,0.66015625,0.72509765625
2041,0.60302734375,0.763671875,2.4619140625,0.5,0.65283203125,0.7431640625
2042,0.5625,0.548828125,2.32763671875,0.32080078125,0.68798828125,0.7294921875
2043,0.8955078125,0.52734375,2.2978515625,0.375,0.484375,0.70751953125
2044,0.66650390625,0.310546875,2.4990234375,0.7333984375,0.76318359375,0.18750000000000003
2045,0.537109375,0.283203125,2.390625,0.49365234375,0.53369140625,0.14990234375000003
2046,0.60009765625,0.35888671875,2.50439453125,0.6611328125,0.39697265625,0.49755859375
2047,0.83251953125,0.5126953125,2.349609375,0.5849609375,0.27392578125,0.578125
2048,0.44287109375,0.5517578125,2.3759765625,0.583984375,0.306640625,0.8466796875
2049,0.56494140625,0.45947265625,2.279296875,0.46240234375000006,0.17333984375000003,0.783203125
2050,0.712890625,0.486328125,2.12158203125,0.822265625,0.8974609375,0.45556640625
2051,0.77685546875,0.52783203125,1.93701171875,0.71533203125,0.68408203125,0.43408203125000006
2052,0.50390625,0.5263671875,2.29833984375,0.53271484375,0.5185546875,0.5234375
2053,0.58642578125,0.5244140625,2.21484375,0.384765625,0.48486328125,0.4736328125
2054,0.67431640625,0.46240234375,2.34326171875,0.89892578125,1.11865234375,0.71337890625
2055,0.63818359375,0.52392578125,2.3408203125,0.71142578125,0.6748046875,0.66064453125
2056,0.33984375000000006,0.8212890625,2.4541015625,0.70556640625,0.78759765625,0.833984375
2057,0.5341796875,0.71044921875,2.337890625,0.5302734375,0.75732421875,0.96044921875
2058,0.46728515625,0.52978515625,2.5078125,0.46142578125,0.51123046875,0.35009765625
2059,0.5048828125,0.509765625,2.45556640625,0.49072265625,0.45263671875,0.36230468750000006
2060,0.50390625,0.15380859375,2.17041015625,0.80078125,0.6484375,0.55322265625
2061,0.46728515625,0.15966796875000003,2.1005859375,0.71484375,0.388671875,0.56689453125
2062,0.6318359375,0.67578125,2.38720703125,0.80322265625,0.47314453125,0.6611328125
2063,0.82666015625,0.65185546875,2.26025390625,0.7666015625,0.181640625,0.85595703125
2064,0.6630859375,0.58056640625,2.35888671875,0.64404296875,0.68359375,0.693359375
2065,0.8251953125,0.5029296875,2.2861328125,0.61572265625,0.56884765625,0.7080078125
2066,0.6357421875,0.38232421875,2.21826171875,0.81494140625,0.4306640625,0.20068359375000003
2067,0.68212890625,0.35205078125,2.26806640625,0.67626953125,0.32958984375,0.22900390625000003
2068,0.74755859375,0.66943359375,2.72705078125,0.6083984375,0.65185546875,0.19189453125000003
2069,0.7177734375,0.625,2.62060546875,0.4755859375,0.6455078125,0.18701171875000003
2070,0.71337890625,0.33349609375,2.12744140625,0.41357421875,0.4599609375,0.32373046875
2071,0.59130859375,0.36376953125,2.10107421875,0.3916015625,0.18310546875000006,0.34912109375
2072,0.560546875,0.51318359375,2.4248046875,0.380859375,0.568359375,0.6015625
2073,0.69140625,0.49365234375,2.43603515625,0.2626953125,0.35107421875,0.76513671875
2074,0.421875,0.55810546875,2.611328125,0.57568359375,0.58447265625,0.33740234375
2075,0.5185546875,0.6083984375,2.5654296875,0.46533203125,0.38720703125,0.39892578125
2076,0.33349609375,0.7666015625,2.29736328125,0.51904296875,0.29052734375,0.5048828125
2077,0.43994140625,0.5537109375,2.2109375,0.40576171875,0.39013671875,0.501953125
2078,0.4208984375,0.53759765625,2.34912109375,0.4306640625,0.88623046875,0.63330078125
2079,0.51806640625,0.5078125,2.42724609375,0.33935546875,0.849609375,0.677734375
2080,0.3154296875,0.78369140625,2.3896484375,0.67626953125,0.8125,0.5869140625
2081,0.39208984375,0.66259765625,2.35498046875,0.61669921875,0.5849609375,0.64111328125
2082,0.3359375,0.1728515625,2.16943359375,0.5927734375,0.5166015625,0.42529296875
2083,0.36083984375,0.15869140625000003,2.203125,0.427734375,0.55859375,0.45263671875
2084,0.84130859375,0.33251953125,2.51171875,0.46484375,0.54345703125,0.44970703125
2085,0.7509765625,0.39111328125,2.47216796875,0.4111328125,0.69775390625,0.4443359375
2086,0.40185546875,0.50732421875,2.275390625,0.7177734375,0.318359375,0.40478515625000006
2087,0.6025390625,0.5078125,2.21337890625,0.6787109375,0.27001953125,0.44970703125
2088,0.45068359375,0.7900390625,2.3837890625,0.380859375,0.669921875,0.318359375
2089,0.57421875,0.70556640625,2.39501953125,0.298828125,0.5546875,0.2915039062500001
2090,0.50146484375,0.779296875,2.416015625,0.53271484375,0.599609375,0.48193359375
2091,0.58056640625,0.79052734375,2.41748046875,0.37060546875,0.4248046875,0.6630859375
2092,0.75537109375,0.68212890625,2.55712890625,0.21240234375,0.18701171875,0.53564453125
2093,0.87255859375,0.693359375,2.54638671875,0.19775390625000003,0.17041015625,0.5810546875
2094,0.54736328125,0.87060546875,2.232421875,0.78759765625,0.7705078125,0.6201171875
2095,0.76220703125,0.74951171875,2.25634765625,0.74658203125,0.8125,0.53662109375
2096,0.47265625,0.46240234375,2.36669921875,0.4248046875,0.39306640625,0.54638671875
2097,0.45361328125,0.46240234375000006,2.248046875,0.31103515625,0.4208984375,0.47802734375
2098,0.9658203125,0.66943359375,2.4560546875,0.5205078125,0.9794921875,0.48681640625
2099,0.755859375,0.701171875,2.3740234375,0.4287109375,0.61767578125,0.53076171875
2100,0.62646484375,0.4716796875,2.35107421875,0.3671875,0.54931640625,0.5205078125
2101,0.73681640625,0.51708984375,2.16357421875,0.33447265625,0.4951171875,0.46142578125
2102,0.685546875,0.5458984375,2.57568359375,0.52978515625,0.50390625,0.14306640625000003
2103,0.7197265625,0.48681640625,2.5380859375,0.494140625,0.4921875,0.13574218750000003
2104,0.4912109375,0.6181640625,2.4169921875,0.79833984375,0.75,0.44677734375
2105,0.5810546875,0.5390625,2.35986328125,0.69482421875,0.49316406250000006,0.546875
2106,0.72265625,0.64794921875,2.01025390625,0.3916015625,0.8330078125,0.3583984375
2107,1.03466796875,0.64990234375,2.03466796875,0.31884765625,0.4443359375,0.31787109375
2108,0.67578125,0.65673828125,2.67138671875,0.7939453125,0.6171875,0.69140625
2109,0.8623046875,0.72509765625,2.68701171875,0.61962890625,0.57275390625,0.59619140625
2110,0.365234375,0.4794921875,2.4833984375,0.77978515625,0.736328125,0.3046875
2111,0.64892578125,0.45849609375,2.49072265625,0.7490234375,0.5224609375,0.349609375
2112,0.57763671875,0.84228515625,2.6435546875,0.70458984375,0.556640625,0.81494140625
2113,0.78662109375,0.77197265625,2.42138671875,0.50927734375,0.49853515625,0.69384765625
2114,0.88232421875,0.8818359375,2.44873046875,0.67529296875,0.458984375,0.61962890625
2115,0.7958984375,1.02880859375,2.37109375,0.57275390625,0.28076171875,0.69189453125
2116,0.3212890625,0.73388671875,2.36376953125,0.80615234375,0.71044921875,0.3193359375
2117,0.41015625,0.53271484375,2.4013671875,0.72265625,0.59814453125,0.3916015625
2118,0.6845703125,0.63427734375,2.3642578125,0.51025390625,0.33740234375,0.60888671875
2119,0.9111328125,0.7177734375,2.22900390625,0.45361328125,0.43603515625,0.60888671875
2120,0.71728515625,0.82568359375,2.29443359375,0.6923828125,0.57177734375,0.54638671875
2121,0.8046875,0.7626953125,2.2275390625,0.625,0.35107421875,0.62548828125
2122,0.6357421875,0.466796875,2.2490234375,0.55712890625,0.6591796875,0.86572265625
2123,0.4501953125,0.57275390625,2.23095703125,0.37890625,0.5615234375,0.97509765625
2124,0.6767578125,0.51708984375,2.626953125,0.521484375,0.63671875,0.3369140625
2125,0.7216796875,0.49462890625,2.43017578125,0.41357421875,0.6025390625,0.36083984375
2126,0.51318359375,0.89306640625,2.28369140625,0.4013671875,0.4306640625,0.3388671875
2127,0.61572265625,0.8662109375,2.29248046875,0.296875,0.28759765625,0.40966796875
2128,1.21875,0.43212890625,2.56103515625,0.64892578125,0.76513671875,0.44970703125
2129,0.9189453125,0.32421875,2.466796875,0.48974609375,0.6474609375,0.5205078125
2130,0.6318359375,0.4091796875,2.58984375,0.35009765625,0.44775390625,0.3095703125
2131,0.8564453125,0.3232421875,2.3740234375,0.35009765625,0.62890625,0.38623046875
2132,0.40673828125,0.56591796875,2.38818359375,0.67919921875,0.546875,0.64794921875
2133,0.359375,0.50146484375,2.345703125,0.5390625,0.4755859375,0.72412109375
2134,0.42138671875,0.533203125,2.70263671875,0.52001953125,0.6611328125,0.345703125
2135,0.46142578125,0.4921875,2.6123046875,0.3916015625,0.40234375,0.38037109375
2136,0.5478515625,0.9267578125,2.185546875,0.6806640625,0.4248046875,0.46337890625
2137,0.8505859375,0.822265625,2.18603515625,0.5859375,0.462890625,0.55224609375
2138,0.68408203125,0.19091796875,2.30126953125,0.42236328125,0.6904296875,0.5693359375
2139,0.89892578125,0.15332031250000006,2.3388671875,0.33740234375,0.52587890625,0.60791015625
2140,0.60888671875,0.71337890625,2.10986328125,0.599609375,0.8857421875,0.5244140625
2141,0.4619140625,0.8544921875,2.119140625,0.62646484375,0.9521484375,0.64990234375
2142,0.5107421875,0.66064453125,2.244140625,0.7353515625,0.68994140625,0.40625
2143,0.71337890625,0.61083984375,2.34423828125,0.52197265625,0.52001953125,0.43994140625
2144,0.5048828125,0.134765625,2.22998046875,0.501953125,0.908203125,0.5869140625
2145,0.556640625,0.17236328125000006,2.1513671875,0.4541015625,0.69677734375,0.5869140625
2146,0.1611328125,0.61474609375,2.33349609375,0.701171875,0.591796875,0.73046875
2147,0.23291015625,0.68798828125,2.39892578125,0.79052734375,0.82666015625,0.7939453125
2148,0.4814453125,0.6357421875,2.2998046875,0.78369140625,0.36962890625,0.6103515625
2149,0.55419921875,0.63720703125,2.31396484375,0.783203125,0.2509765625,0.57177734375
2150,0.7099609375,0.6962890625,2.06298828125,0.705078125,0.62646484375,0.83349609375
2151,0.97314453125,0.6669921875,1.9990234375,0.4619140625,0.634765625,0.7744140625
2152,0.25390625,0.3330078125,2.31884765625,0.65625,0.63916015625,0.11523437500000003
2153,0.50537109375,0.32861328125000006,2.28759765625,0.57666015625,0.564453125,0.1708984375
2154,0.10693359375000001,0.50634765625,2.45849609375,0.7236328125,0.39990234375,0.14843750000000003
2155,0.32373046875,0.44970703125,2.361328125,0.56396484375,0.22167968750000003,0.22119140625
2156,0.75927734375,0.89697265625,2.33251953125,0.5205078125,0.4775390625,0.5712890625
2157,0.82958984375,0.70751953125,2.2275390625,0.41943359375,0.41845703125,0.67138671875
2158,0.75439453125,0.12792968750000006,2.671875,0.5498046875,0.5205078125,0.54931640625
2159,0.68017578125,0.16064453125000003,2.5751953125,0.55224609375,0.23828125,0.7041015625
2160,0.52685546875,0.4794921875,2.548828125,0.4541015625,0.62744140625,0.14355468750000006
2161,0.63134765625,0.501953125,2.45166015625,0.35302734375,0.546875,0.17675781250000003
2162,0.369140625,0.47509765625,2.52734375,0.751953125,1.09326171875,0.42041015625
2163,0.40673828125,0.4306640625,2.42236328125,0.5400390625,0.8359375,0.54248046875
2164,0.755859375,0.572265625,2.333984375,0.67578125,0.53662109375,0.5009765625
2165,0.98193359375,0.41210937500000006,2.23681640625,0.6279296875,0.44970703125000006,0.59033203125
2166,0.42626953125,0.34423828125,2.75341796875,0.74853515625,0.70703125,0.71484375
2167,0.5869140625,0.29345703125,2.57958984375,0.53369140625,0.56201171875,0.6337890625
2168,0.53125,0.48046875,2.48388671875,0.60498046875,0.22900390625,0.79443359375
2169,0.82470703125,0.45507812500000006,2.37548828125,0.40283203125,0.09423828125000001,0.76611328125
2170,0.44921875,0.46630859375,2.6357421875,0.51220703125,0.69921875,0.54931640625
2171,0.58740234375,0.4375,2.52490234375,0.30615234375,0.58935546875,0.6787109375
2172,0.359375,0.6689453125,2.18701171875,0.361328125,0.7763671875,0.5908203125
2173,0.38769531250000006,0.57958984375,2.111328125,0.38134765625,0.4921875,0.634765625
2174,0.7333984375,0.42578125,2.5693359375,0.68896484375,0.6201171875,0.50830078125
2175,0.94921875,0.51708984375,2.5634765625,0.60693359375,0.64306640625,0.53564453125
2176,0.52587890625,0.14697265625,2.23876953125,0.71533203125,0.630859375,0.826171875
2177,0.7705078125,0.16650390625000003,2.32958984375,0.65087890625,0.59130859375,0.66064453125
2178,0.84375,0.90478515625,2.2158203125,0.529296875,0.44580078125,0.4287109375
2179,0.8349609375,0.853515625,2.26513671875,0.44287109375,0.32080078125,0.53564453125
2180,0.44677734375,0.75537109375,2.18310546875,0.86376953125,0.6748046875,0.83154296875
2181,0.6796875,0.79345703125,2.044921875,0.65966796875,0.630859375,0.9423828125
2182,0.41796875,0.65576171875,2.515625,0.73779296875,0.7412109375,0.68505859375
2183,0.61865234375,0.56494140625,2.484375,0.53955078125,0.28857421875,0.62353515625
2184,0.45654296875,0.658203125,2.2783203125,0.7216796875,0.4931640625,0.41210937500000006
2185,0.48828125,0.6318359375,2.17431640625,0.63037109375,0.45849609375,0.48486328125
2186,0.2998046875,0.52880859375,2.2763671875,0.64208984375,0.71533203125,0.48095703125
2187,0.443359375,0.43115234375,2.28173828125,0.65625,0.60546875,0.470703125
2188,0.236328125,0.49755859375,2.39794921875,0.81689453125,0.6962890625,0.59912109375
2189,0.5703125,0.462890625,2.296875,0.7861328125,0.59765625,0.70166015625
2190,0.626953125,0.73583984375,2.06005859375,0.66259765625,0.779296875,0.69140625
2191,0.7099609375,0.814453125,1.99072265625,0.5966796875,0.5478515625,0.8193359375
2192,0.78515625,0.6513671875,2.3505859375,0.53125,0.47216796875,0.68798828125
2193,0.7763671875,0.5830078125,2.41552734375,0.44091796875,0.30908203125,0.853515625
2194,0.55908203125,0.5078125,2.712890625,0.7626953125,0.63134765625,0.13232421875000006
2195,0.85791015625,0.53125,2.68505859375,0.73095703125,0.28955078125,0.17773437500000003
2196,0.58154296875,0.5869140625,2.16943359375,0.51318359375,0.9375,0.56787109375
2197,0.5,0.4482421875,2.15966796875,0.435546875,0.7041015625,0.66796875
2198,0.88671875,0.74609375,2.3427734375,0.478515625,0.99609375,0.6240234375
2199,0.9697265625,0.64208984375,2.24658203125,0.46240234375,0.8544921875,0.6591796875
2200,0.52734375,0.7119140625,2.6611328125,0.74609375,0.72509765625,0.4248046875
2201,0.5185546875,0.60400390625,2.69140625,0.546875,0.498046875,0.55517578125
2202,0.30664062500000006,0.76220703125,2.58544921875,0.94775390625,0.87451171875,0.7255859375
2203,0.41650390625,0.82177734375,2.5458984375,0.86279296875,0.59912109375,0.791015625
2204,0.55810546875,0.64697265625,2.2734375,0.748046875,0.7900390625,0.70556640625
2205,0.73681640625,0.65283203125,2.26171875,0.49121093750000006,0.73828125,0.81298828125
2206,0.384765625,0.587890625,2.44091796875,0.88671875,1.029296875,0.47998046875
2207,0.4228515625,0.7080078125,2.3046875,0.8134765625,0.591796875,0.533203125
2208,0.5615234375,0.70068359375,2.56298828125,0.41552734375,0.89111328125,0.416015625
2209,0.640625,0.80810546875,2.41845703125,0.328125,0.81201171875,0.525390625
2210,0.48193359375,0.47119140625,2.2216796875,0.77490234375,0.72802734375,0.6982421875
2211,0.51318359375,0.48681640625,2.16064453125,0.61279296875,0.68408203125,0.58251953125
2212,0.26708984375,0.45556640625,2.3916015625,1.0029296875,0.44384765625,0.71142578125
2213,0.3857421875,0.48291015625000006,2.2119140625,0.70947265625,0.27734375,0.78857421875
2214,0.74169921875,0.31396484375,2.43896484375,0.44091796875,0.59326171875,0.66064453125
2215,0.70751953125,0.29052734375,2.4951171875,0.42822265625,0.31103515625,0.6943359375
2216,0.5693359375,0.64013671875,2.56884765625,0.7744140625,0.75830078125,0.4375
2217,0.787109375,0.5634765625,2.5771484375,0.76416015625,0.4599609375,0.53466796875
2218,0.5966796875,0.6171875,2.50439453125,0.32177734375,0.69189453125,0.64990234375
2219,0.4951171875,0.615234375,2.36865234375,0.31396484375,0.57275390625,0.67724609375
2220,0.8134765625,0.77392578125,2.5419921875,0.57861328125,0.7236328125,0.7109375
2221,0.80419921875,0.59765625,2.447265625,0.47998046875,0.359375,0.78173828125
2222,0.16455078125,0.78955078125,2.27587890625,0.6435546875,0.53515625,0.62255859375
2223,0.26025390625,0.69775390625,2.14013671875,0.54345703125,0.49511718750000006,0.5673828125
2224,0.330078125,0.66162109375,2.57080078125,0.19775390625000003,0.58154296875,0.3828125
2225,0.62841796875,0.6064453125,2.42626953125,0.21875,0.6220703125,0.46875
2226,0.14892578125,0.4697265625,2.0634765625,0.31103515625,0.91064453125,0.81640625
2227,0.25390625,0.44384765625,2.04345703125,0.28271484375,0.74609375,0.76611328125
2228,0.75830078125,0.6982421875,2.5166015625,0.87939453125,0.73095703125,0.9111328125
2229,0.755859375,0.60888671875,2.43212890625,0.671875,0.6318359375,0.943359375
2230,0.470703125,0.765625,2.3125,0.548828125,0.71826171875,0.45361328125
2231,0.5166015625,0.7314453125,2.3232421875,0.439453125,0.56298828125,0.54638671875
2232,0.85205078125,0.48486328125,2.20556640625,0.55859375,0.6337890625,0.5966796875
2233,0.8759765625,0.45849609375,2.166015625,0.4970703125,0.51611328125,0.66650390625
2234,0.47021484375,0.47216796875,2.28515625,0.83251953125,0.6328125,0.45458984375
2235,0.52685546875,0.4296875,2.2197265625,0.72998046875,0.58203125,0.59130859375
2236,0.12646484375,0.8759765625,2.505859375,0.556640625,0.6884765625,0.83349609375
2237,0.2470703125,0.8291015625,2.5322265625,0.44384765625,0.30908203125,0.81982421875
2238,0.546875,0.369140625,2.4189453125,0.54052734375,0.654296875,0.3671875
2239,0.85400390625,0.2656250000000001,2.40283203125,0.453125,0.42919921875,0.28076171875
2240,0.56787109375,0.52099609375,2.59423828125,0.54296875,0.65625,0.75634765625
2241,0.693359375,0.50634765625,2.55859375,0.4521484375,0.59912109375,0.69873046875
2242,0.5537109375,0.755859375,2.3837890625,0.78369140625,0.31689453125000006,0.70849609375
2243,0.5361328125,0.74169921875,2.3056640625,0.68505859375,0.3623046875,0.61279296875
2244,0.55029296875,0.5,2.2958984375,0.6982421875,0.3447265625,0.38574218750000006
2245,0.82763671875,0.51318359375,2.29931640625,0.71044921875,0.3525390625,0.4951171875
2246,0.498046875,0.69677734375,2.33984375,0.82861328125,0.94970703125,0.6201171875
2247,0.57958984375,0.68017578125,2.32421875,0.90478515625,0.5556640625,0.619140625
2248,0.61767578125,0.32568359375,2.32958984375,0.51416015625,0.34521484375,0.87158203125
2249,0.53173828125,0.4052734375,2.27001953125,0.3203125,0.328125,0.85888671875
2250,0.85400390625,0.7802734375,2.193359375,0.66064453125,0.5634765625,0.279296875
2251,0.8046875,0.79296875,2.17529296875,0.5546875,0.37792968750000006,0.43994140625
2252,0.57568359375,0.884765625,2.51806640625,0.81103515625,0.77978515625,0.45703125
2253,0.45263671875,0.75390625,2.52587890625,0.49853515625,0.51611328125,0.552734375
2254,0.51513671875,0.298828125,2.28564453125,0.4921875,0.33544921875,0.61376953125
2255,0.62060546875,0.2480468750000001,2.2626953125,0.42822265625,0.3203125,0.6572265625
2256,0.5078125,0.46337890625,2.1923828125,0.84326171875,1.04296875,0.36669921875
2257,0.4658203125,0.4345703125,2.16845703125,0.640625,0.81982421875,0.396484375
2258,0.61669921875,0.66748046875,2.1767578125,0.837890625,0.62353515625,0.3203125
2259,0.81591796875,0.662109375,2.19873046875,0.64990234375,0.5048828125,0.3876953125
2260,0.392578125,0.50390625,2.2021484375,0.3515625,0.4814453125,0.79931640625
2261,0.63623046875,0.49560546875,2.21044921875,0.2919921875,0.42480468750000006,0.77734375
2262,0.5380859375,0.63525390625,2.37158203125,0.52392578125,0.22460937500000003,0.591796875
2263,0.56005859375,0.65478515625,2.333984375,0.357421875,0.10498046875000003,0.62939453125
2264,0.37548828125,0.375,2.4990234375,0.46044921875000006,0.58349609375,0.6162109375
2265,0.6484375,0.3017578125,2.4853515625,0.4912109375,0.69775390625,0.63525390625
2266,0.69140625,0.384765625,2.0986328125,0.64453125,0.62060546875,0.7294921875
2267,0.89892578125,0.31982421875,2.02685546875,0.54443359375,0.291015625,0.826171875
2268,0.64794921875,0.357421875,2.53955078125,0.80029296875,0.60400390625,0.69091796875
2269,0.6552734375,0.38525390625,2.52392578125,0.77783203125,0.74462890625,0.8447265625
2270,0.5771484375,0.6064453125,2.423828125,0.45361328125,0.81005859375,0.73876953125
2271,0.53125,0.6640625,2.36376953125,0.4033203125,0.77490234375,0.8154296875
2272,0.53125,0.5322265625,2.3974609375,0.650390625,0.61279296875,0.6416015625
2273,0.72607421875,0.59228515625,2.3583984375,0.416015625,0.33984375,0.646484375
2274,0.34765625,0.564453125,2.28759765625,0.7578125,0.34765625,0.5517578125
2275,0.36474609375,0.4833984375,2.23876953125,0.74658203125,0.4365234375,0.51416015625
2276,0.53076171875,0.80126953125,2.26220703125,0.8876953125,0.783203125,0.84130859375
2277,0.50732421875,0.77685546875,2.212890625,0.83251953125,0.5517578125,0.8515625
2278,0.6455078125,0.66259765625,2.32861328125,0.52880859375,0.62060546875,0.54443359375
2279,0.677734375,0.6357421875,2.27587890625,0.36328125,0.9033203125,0.62744140625
2280,0.47998046875,0.927734375,2.08154296875,0.4609375,0.50634765625,0.5517578125
2281,0.54443359375,0.85888671875,2.0068359375,0.478515625,0.4052734375,0.48828125
2282,0.39111328125,0.50537109375,2.349609375,0.7998046875,0.46630859375,0.392578125
2283,0.439453125,0.46875,2.26513671875,0.6689453125,0.3857421875,0.45654296875
2284,0.2890625,0.544921875,2.49267578125,0.501953125,0.388671875,0.283203125
2285,0.390625,0.5634765625,2.47216796875,0.51025390625,0.1821289062500001,0.46484375
2286,0.4365234375,0.67529296875,2.41845703125,0.69189453125,0.79736328125,0.7587890625
2287,0.66650390625,0.6318359375,2.4345703125,0.63720703125,0.71435546875,0.82470703125
2288,0.47705078125,0.49755859375,2.404296875,0.83251953125,0.783203125,0.31103515625
2289,0.62646484375,0.48876953125,2.341796875,0.76318359375,0.4853515625,0.36474609375
2290,0.72119140625,0.6796875,2.603515625,0.7041015625,0.595703125,0.51220703125
2291,0.6396484375,0.6318359375,2.537109375,0.55078125,0.4287109375,0.7021484375
2292,0.58984375,0.845703125,2.4189453125,0.328125,0.4462890625,0.494140625
2293,0.75146484375,0.71337890625,2.39013671875,0.24218750000000003,0.48291015625000006,0.5
2294,0.4130859375,0.58740234375,2.17919921875,0.630859375,0.32568359375,0.77734375
2295,0.35205078125,0.6337890625,2.0654296875,0.52734375,0.27099609375,0.85498046875
2296,0.564453125,0.40380859375,2.42919921875,0.48779296875,0.58837890625,0.4287109375
2297,0.6064453125,0.33251953125,2.47412109375,0.4345703125,0.56884765625,0.5537109375
2298,0.61572265625,0.4638671875,2.6611328125,0.734375,0.57470703125,0.33789062500000006
2299,0.673828125,0.4765625,2.49462890625,0.6787109375,0.6171875,0.458984375
2300,0.64404296875,0.31884765625,2.40283203125,0.5615234375,0.61865234375,0.275390625
2301,0.6689453125,0.33642578125000006,2.3662109375,0.44921875,0.63525390625,0.36328125
2302,0.44580078125,0.3642578125,2.57763671875,0.19091796875,0.6982421875,0.572265625
2303,0.544921875,0.3173828125,2.58349609375,0.19042968750000003,0.50048828125,0.64111328125
2304,0.54541015625,0.66259765625,2.43212890625,0.791015625,0.38037109375,0.95361328125
2305,0.72021484375,0.69091796875,2.3427734375,0.609375,0.25244140625,0.87548828125
2306,0.6474609375,0.69677734375,2.22802734375,0.61083984375,0.6435546875,0.52880859375
2307,0.712890625,0.578125,2.12744140625,0.66455078125,0.6044921875,0.453125
2308,0.494140625,0.6923828125,2.43603515625,0.77685546875,0.78271484375,0.64892578125
2309,0.53466796875,0.5849609375,2.388671875,0.49707031250000006,0.76123046875,0.76904296875
2310,0.42822265625,0.48974609375,2.5625,0.79052734375,0.66552734375,0.45361328125
2311,0.63525390625,0.49658203125,2.45947265625,0.703125,0.57373046875,0.44873046875
2312,0.25634765625,0.353515625,2.58935546875,1.0009765625,0.4482421875,0.46630859375
2313,0.4306640625,0.330078125,2.4853515625,0.7822265625,0.50732421875,0.57958984375
2314,0.65283203125,0.62353515625,2.28857421875,0.44287109375,0.77294921875,0.3701171875
2315,0.88671875,0.634765625,2.27197265625,0.5107421875,0.5859375,0.45166015625
2316,0.2158203125,1.0087890625,2.25439453125,0.69091796875,0.6455078125,0.47998046875
2317,0.46142578125,0.869140625,2.26708984375,0.5986328125,0.64453125,0.5341796875
2318,0.646484375,0.7353515625,2.45654296875,0.84619140625,0.779296875,0.57470703125
2319,0.7626953125,0.84765625,2.42724609375,0.6259765625,0.74755859375,0.66748046875
2320,0.4482421875,0.744140625,2.6416015625,0.6806640625,0.34765625,0.64013671875
2321,0.6484375,0.85986328125,2.56787109375,0.83251953125,0.2382812500000001,0.78955078125
2322,0.68017578125,0.57861328125,2.22314453125,0.384765625,0.75146484375,0.697265625
2323,0.740234375,0.6357421875,2.18408203125,0.31884765625,0.69873046875,0.6826171875
2324,0.92041015625,0.75537109375,2.388671875,0.7158203125,0.39404296875,0.4501953125
2325,0.95068359375,0.90576171875,2.388671875,0.7529296875,0.30859375,0.404296875
2326,0.5771484375,0.69921875,2.18212890625,0.78662109375,0.5478515625,0.77392578125
2327,0.74560546875,0.6328125,2.22216796875,0.72607421875,0.51318359375,0.8515625
2328,0.59033203125,0.3408203125,2.3544921875,0.59326171875,0.88818359375,0.67041015625
2329,0.66552734375,0.35205078125,2.3232421875,0.546875,0.74267578125,0.697265625
2330,0.45068359375,0.31787109375,2.45361328125,0.5087890625,0.5322265625,0.4560546875
2331,0.64501953125,0.32373046875,2.4169921875,0.46533203125,0.47265625,0.578125
2332,0.52197265625,0.552734375,2.3251953125,0.69873046875,0.509765625,0.3505859375
2333,0.47607421875,0.6103515625,2.31787109375,0.57177734375,0.67529296875,0.44482421875
2334,0.61865234375,0.80517578125,2.13916015625,0.36767578125,0.91259765625,0.38134765625000006
2335,0.7197265625,0.79638671875,2.25537109375,0.322265625,0.67236328125,0.52099609375
2336,0.3916015625,0.9365234375,2.44970703125,0.49658203125,0.458984375,0.3037109375
2337,0.7138671875,0.9248046875,2.587890625,0.60986328125,0.1835937500000001,0.4873046875
2338,0.59423828125,0.47900390625,2.22705078125,0.56787109375,0.18994140625000003,0.56494140625
2339,0.72216796875,0.5244140625,2.22265625,0.53759765625,0.08300781250000006,0.48779296875
2340,0.6201171875,0.736328125,2.6396484375,1.056640625,0.6279296875,0.72265625
2341,0.7412109375,0.71533203125,2.50537109375,0.81884765625,0.56787109375,0.87744140625
2342,0.3779296875,0.74951171875,2.25146484375,0.39794921875,0.49267578125,0.57958984375
2343,0.32958984375,0.7314453125,2.330078125,0.3017578125,0.43945312500000006,0.6533203125
2344,0.388671875,0.31054687500000006,2.40283203125,0.67724609375,0.5712890625,0.720703125
2345,0.43212890625,0.25732421875,2.36328125,0.61474609375,0.35498046875000006,0.73388671875
2346,0.11035156250000004,0.4208984375,2.62890625,0.50439453125,0.302734375,0.54150390625
2347,0.25390625,0.28076171875000006,2.5,0.4580078125,0.34521484375,0.63623046875
2348,0.73193359375,0.16162109375,2.56201171875,0.61328125,0.681640625,0.388671875
2349,0.91943359375,0.19970703125,2.47314453125,0.513671875,0.8095703125,0.5009765625
2350,0.7529296875,0.88671875,2.4619140625,0.55078125,0.44335937500000006,0.28857421875000006
2351,0.70263671875,0.86376953125,2.34326171875,0.470703125,0.22314453125,0.392578125
2352,0.66748046875,0.38916015625,2.55322265625,0.83203125,0.6103515625,0.7216796875
2353,0.689453125,0.34082031250000006,2.57177734375,0.68017578125,0.447265625,0.8701171875
2354,0.3837890625,0.37451171875,2.353515625,0.8056640625,0.74609375,0.42626953125
2355,0.48291015625,0.3671875,2.42236328125,0.6884765625,0.49609375,0.48828125
2356,0.6689453125,0.5029296875,2.44677734375,0.5458984375,0.32568359375,0.43701171875
2357,0.38818359375,0.55908203125,2.42919921875,0.4306640625,0.30615234375,0.54150390625
2358,0.67578125,0.31201171875000006,2.544921875,0.5986328125,0.53369140625,0.521484375
2359,0.89599609375,0.23828125,2.55224609375,0.587890625,0.3984375,0.58203125
2360,0.720703125,0.3642578125,2.46142578125,0.57568359375,0.69677734375,0.361328125
2361,0.91015625,0.3720703125,2.34375,0.43310546875,0.57666015625,0.40966796875
2362,0.3955078125,0.49462890625,2.4736328125,0.21923828125,0.75927734375,0.59228515625
2363,0.35205078125,0.43945312500000006,2.34619140625,0.18261718750000003,0.78515625,0.56591796875
2364,0.56396484375,0.61328125,2.447265625,0.41064453125,0.52587890625,0.46240234375000006
2365,0.7734375,0.6572265625,2.34375,0.29736328125,0.46533203125,0.4892578125
2366,0.8095703125,0.48486328125,2.4755859375,0.587890625,0.72509765625,0.56201171875
2367,0.7744140625,0.44873046875000006,2.46875,0.67138671875,0.42529296875,0.498046875
2368,0.32373046875,0.63720703125,2.4013671875,0.82861328125,0.7646484375,0.59033203125
2369,0.7451171875,0.66455078125,2.3291015625,0.73193359375,0.7958984375,0.69921875
2370,0.49609375,0.6328125,2.4462890625,0.45751953125,0.966796875,0.4208984375
2371,0.47607421875,0.63037109375,2.38916015625,0.43994140625,0.74267578125,0.5615234375
2372,0.56884765625,0.47412109375,2.02392578125,0.5068359375,0.6796875,0.69921875
2373,0.8037109375,0.5205078125,2.01220703125,0.41845703125,0.32568359375,0.7412109375
2374,0.4052734375,0.32421875,2.22998046875,0.59033203125,0.79931640625,0.48779296875
2375,0.4736328125,0.34375,2.267578125,0.5712890625,0.80322265625,0.5302734375
2376,0.41357421875,0.466796875,2.52978515625,0.72021484375,0.51171875,0.58056640625
2377,0.4970703125,0.431640625,2.44970703125,0.84228515625,0.41748046875,0.701171875
2378,0.81982421875,0.62841796875,2.52490234375,0.75732421875,0.5185546875,0.271484375
2379,1.06005859375,0.57421875,2.46923828125,0.74951171875,0.4111328125,0.32958984375
2380,0.3134765625,0.61669921875,2.18798828125,0.5966796875,0.4130859375,0.69091796875
2381,0.46142578125,0.6455078125,2.14404296875,0.63525390625,0.27978515625,0.77880859375
2382,0.30517578125,0.6884765625,2.26416015625,0.88720703125,0.7587890625,0.59326171875
2383,0.4296875,0.62744140625,2.2158203125,0.671875,0.63720703125,0.6181640625
2384,0.3349609375,0.35400390625,2.23095703125,0.51171875,0.63916015625,0.2763671875
2385,0.36474609375,0.35595703125,2.1298828125,0.46435546875,0.68701171875,0.3828125
2386,0.71435546875,0.640625,2.33740234375,0.48486328125,0.76806640625,0.56396484375
2387,0.63720703125,0.63525390625,2.3037109375,0.5078125,0.515625,0.73095703125
2388,0.62109375,1.02197265625,2.3369140625,0.310546875,0.7373046875,0.451171875
2389,0.83056640625,0.83642578125,2.228515625,0.30224609375,0.4638671875,0.50146484375
2390,0.68310546875,0.4697265625,2.3916015625,0.630859375,0.41015625,0.576171875
2391,0.8623046875,0.29150390625,2.2734375,0.43896484375000006,0.24365234375000003,0.57177734375
2392,0.63037109375,0.45361328125,2.35302734375,0.9609375,0.5830078125,0.5888671875
2393,0.3876953125,0.59326171875,2.33447265625,0.822265625,0.39501953125,0.5390625
2394,0.5830078125,0.47998046875,2.45556640625,0.80859375,0.7197265625,0.86669921875
2395,0.7158203125,0.5625,2.53369140625,0.56103515625,0.46142578125,0.7646484375
2396,0.73291015625,0.36083984375,2.30908203125,0.58935546875,0.724609375,0.2548828125
2397,0.91259765625,0.29443359375,2.294921875,0.39404296875,0.455078125,0.376953125
2398,0.3330078125,0.45263671875,2.22705078125,0.68310546875,0.60205078125,0.40380859375
2399,0.73583984375,0.4931640625,2.119140625,0.5419921875,0.33447265625000006,0.49462890625
2400,0.5517578125,0.74169921875,2.25732421875,0.55908203125,0.65576171875,0.34912109375
2401,0.6640625,0.630859375,2.23193359375,0.4423828125,0.51416015625,0.40771484375
2402,0.43408203125,0.65625,2.41845703125,0.22314453125,0.41162109375,0.4599609375
2403,0.59814453125,0.58349609375,2.4677734375,0.17968750000000006,0.23437500000000003,0.55712890625
2404,0.35595703125,0.619140625,2.279296875,0.69091796875,0.7021484375,0.45849609375
2405,0.54345703125,0.7080078125,2.26904296875,0.63818359375,0.64892578125,0.49658203125
2406,0.4501953125,0.818359375,2.369140625,0.62255859375,0.67333984375,0.46875
2407,0.8232421875,0.73876953125,2.34326171875,0.4765625,0.630859375,0.48388671875
2408,0.5986328125,0.51171875,2.3544921875,0.529296875,0.357421875,0.28564453125
2409,0.83251953125,0.47802734375,2.37841796875,0.4130859375,0.26904296875,0.341796875
2410,0.5146484375,0.62255859375,2.17578125,0.5859375,0.53662109375,0.13037109375000006
2411,0.60205078125,0.625,2.1875,0.4833984375,0.39111328125,0.20019531250000003
2412,0.3935546875,0.3232421875,2.0458984375,0.392578125,0.21630859375000003,0.68798828125
2413,0.3681640625,0.37451171875,2.03173828125,0.33642578125,0.13818359375000006,0.91943359375
2414,0.65869140625,0.5693359375,2.02978515625,0.50244140625,0.51416015625,0.39453125
2415,0.61279296875,0.66015625,2.05224609375,0.42626953125,0.45263671875,0.478515625
2416,0.2880859375,0.56640625,2.3671875,0.68798828125,0.89892578125,0.3798828125
2417,0.48876953125,0.55908203125,2.38134765625,0.5634765625,0.60400390625,0.34130859375
2418,0.5400390625,0.61865234375,2.27783203125,0.509765625,0.58251953125,0.5625
2419,0.521484375,0.5791015625,2.3212890625,0.44140625,0.34765625,0.6328125
2420,0.58447265625,0.30615234375,2.46484375,0.6708984375,0.931640625,0.80126953125
2421,0.7763671875,0.43408203125,2.3603515625,0.537109375,0.54541015625,0.89794921875
2422,0.56884765625,0.88525390625,2.197265625,0.66357421875,0.6103515625,0.40576171875
2423,0.677734375,0.67724609375,2.171875,0.40966796875000006,0.3359375,0.51123046875
2424,0.7392578125,0.5283203125,2.35400390625,0.64208984375,0.5302734375,0.51123046875
2425,0.8447265625,0.41845703125,2.34716796875,0.6357421875,0.31103515625000006,0.42138671875
2426,0.43408203125,0.6484375,2.3193359375,0.74267578125,0.7392578125,0.39892578125000006
2427,0.40087890625,0.69189453125,2.27587890625,0.5703125,0.72314453125,0.59033203125
2428,0.53369140625,0.56396484375,2.0302734375,0.6240234375,0.2841796875,0.49560546875
2429,0.7099609375,0.58642578125,2.02392578125,0.59130859375,0.10400390625000006,0.4794921875
2430,0.1259765625,0.63818359375,2.6318359375,0.5029296875,0.962890625,0.291015625
2431,0.31005859375,0.6259765625,2.7509765625,0.38818359375,0.79443359375,0.4423828125
2432,0.537109375,0.501953125,2.388671875,0.34716796875,0.763671875,0.404296875
2433,0.4951171875,0.447265625,2.36083984375,0.22998046875,0.791015625,0.4794921875
2434,0.1079101562500001,0.49267578125,2.30517578125,0.7958984375,0.5390625,0.4462890625
2435,0.255859375,0.52587890625,2.4013671875,0.7138671875,0.58349609375,0.576171875
2436,0.35400390625,0.32763671875000006,2.2421875,0.4931640625,0.572265625,0.76025390625
2437,0.3251953125,0.2939453125,2.2275390625,0.43896484375,0.314453125,0.77392578125
2438,0.46630859375,0.70361328125,2.32470703125,0.93212890625,0.556640625,0.4267578125
2439,0.4765625,0.8369140625,2.2919921875,0.84375,0.67724609375,0.35400390625
2440,0.36474609375,0.4775390625,2.173828125,0.69873046875,0.59521484375,0.6201171875
2441,0.5791015625,0.41552734375000006,2.13525390625,0.5546875,0.53271484375,0.814453125
2442,0.478515625,0.7099609375,2.1552734375,0.74658203125,0.482421875,0.81787109375
2443,0.5615234375,0.72509765625,2.2109375,0.57958984375,0.40576171875000006,0.90576171875
2444,0.296875,0.798828125,2.4716796875,0.5517578125,0.56982421875,0.77978515625
2445,0.55517578125,0.76953125,2.45361328125,0.3955078125,0.6455078125,0.75048828125
2446,0.5361328125,0.48876953125,2.24755859375,0.51416015625,0.626953125,0.8759765625
2447,0.82763671875,0.50390625,2.23291015625,0.36962890625,0.55517578125,0.8681640625
2448,0.52490234375,0.36572265625000006,2.23291015625,0.67138671875,0.93408203125,0.55078125
2449,0.4873046875,0.28955078125,2.29150390625,0.62109375,0.79443359375,0.65673828125
2450,0.7626953125,0.3662109375,2.46337890625,0.68310546875,0.4306640625,0.21728515625
2451,0.75439453125,0.33740234375,2.3564453125,0.400390625,0.44580078125000006,0.21826171875000003
2452,0.24560546875,0.3271484375,2.34130859375,0.8740234375,0.3212890625,0.75048828125
2453,0.45703125,0.3232421875,2.25244140625,0.7822265625,0.30615234375,0.83203125
2454,0.44970703125,0.62353515625,2.27392578125,0.8564453125,0.51806640625,0.3076171875
2455,0.52783203125,0.62158203125,2.16796875,0.67919921875,0.41601562500000006,0.3076171875
2456,0.5908203125,0.88330078125,2.1572265625,0.5673828125,0.5263671875,0.49072265625
2457,0.92626953125,0.7470703125,2.16064453125,0.43115234375,0.35791015625,0.416015625
2458,0.16015625,0.435546875,2.5107421875,0.47998046875,0.71337890625,0.2958984375
2459,0.1640625,0.42529296875,2.46337890625,0.52685546875,0.5068359375,0.380859375
2460,0.33935546875,0.28564453125,2.39599609375,0.59326171875,0.81201171875,0.68310546875
2461,0.52001953125,0.37646484375,2.36669921875,0.35009765625,0.53076171875,0.84423828125
2462,0.46435546875,0.6435546875,2.43115234375,0.62890625,0.20410156250000003,0.67724609375
2463,0.443359375,0.56494140625,2.43505859375,0.466796875,0.061523437500000056,0.611328125
2464,0.4873046875,0.79443359375,2.490234375,0.576171875,0.734375,0.28662109375
2465,0.50537109375,0.830078125,2.37109375,0.45556640625,0.41259765625,0.40625
2466,0.99072265625,0.52490234375,2.57373046875,0.67822265625,0.33447265625000006,0.28369140625
2467,0.99462890625,0.40966796875000006,2.42578125,0.46630859375,0.306640625,0.34814453125
2468,0.37744140625,0.81787109375,2.29443359375,0.37890625000000006,0.23779296875,0.52880859375
2469,0.5966796875,0.72509765625,2.2421875,0.3095703125,0.18457031250000006,0.62890625
2470,0.7822265625,0.61083984375,2.42529296875,0.36181640625,0.54345703125,0.66162109375
2471,0.57470703125,0.623046875,2.44140625,0.240234375,0.396484375,0.60302734375
2472,0.46240234375,0.45703125,2.30810546875,0.6474609375,0.8173828125,0.388671875
2473,0.4716796875,0.4443359375,2.19384765625,0.60205078125,0.4638671875,0.494140625
2474,0.45751953125,0.17041015625000003,2.220703125,0.64453125,0.521484375,0.47998046875
2475,0.53955078125,0.20263671875000003,2.20166015625,0.52880859375,0.56005859375,0.44677734375
2476,0.39990234375,0.4384765625,2.26953125,0.365234375,0.9443359375,0.51806640625
2477,0.3671875,0.302734375,2.2509765625,0.2153320312500001,0.61767578125,0.64599609375
2478,0.2880859375,0.44189453125,2.291015625,0.734375,0.60400390625,0.310546875
2479,0.51708984375,0.4970703125,2.18505859375,0.5478515625,0.4619140625,0.45263671875
2480,0.2294921875,0.59765625,2.37841796875,0.56591796875,0.58447265625,0.59765625
2481,0.27978515625,0.6591796875,2.328125,0.4453125,0.65380859375,0.60791015625
2482,0.30517578125,0.5517578125,2.57568359375,0.52880859375,0.52490234375,0.47900390625
2483,0.474609375,0.6494140625,2.3984375,0.34716796875,0.60302734375,0.5712890625
2484,0.298828125,0.31445312500000006,2.2802734375,0.56298828125,0.873046875,0.18212890625000003
2485,0.52685546875,0.27734375,2.22412109375,0.583984375,0.64892578125,0.20751953125000003
2486,0.4169921875,0.67919921875,2.5029296875,0.76513671875,0.7294921875,0.3896484375
2487,0.62255859375,0.61865234375,2.537109375,0.56640625,0.74267578125,0.47802734375
2488,0.33837890625,0.6630859375,2.5703125,0.81689453125,0.70947265625,0.43359375
2489,0.37451171875,0.67529296875,2.45751953125,0.63916015625,0.51123046875,0.470703125
2490,0.484375,0.84814453125,2.5029296875,0.576171875,0.5185546875,0.50439453125
2491,0.54443359375,0.6162109375,2.48828125,0.4755859375,0.3505859375,0.69873046875
2492,0.40234375,0.53955078125,2.38623046875,0.923828125,0.64892578125,0.59765625
2493,0.5537109375,0.64794921875,2.33447265625,0.609375,0.59765625,0.5693359375
2494,0.548828125,0.65576171875,2.5205078125,0.60400390625,0.35693359375,0.470703125
2495,0.6025390625,0.6201171875,2.470703125,0.5517578125,0.337890625,0.4638671875
2496,0.47802734375,0.62841796875,2.44384765625,0.4248046875,0.51220703125,0.34619140625
2497,0.46240234375000006,0.7080078125,2.47119140625,0.45947265625,0.34228515625,0.37646484375000006
2498,0.5927734375,0.7841796875,2.22021484375,0.40087890625,0.35107421875,0.5322265625
2499,1.05517578125,0.75927734375,2.119140625,0.2734375,0.19140625000000006,0.6435546875
2500,0.40283203125,0.35498046875,2.15771484375,0.83203125,0.61669921875,0.70556640625
2501,0.60986328125,0.2744140625,2.15673828125,0.7275390625,0.33349609375,0.77099609375
2502,0.45263671875,0.19921875000000003,2.28759765625,0.65673828125,0.86083984375,0.6298828125
2503,0.861328125,0.15820312500000003,2.171875,0.55419921875,0.75,0.6103515625
2504,0.39794921875,0.5576171875,2.6611328125,0.68603515625,0.44970703125,0.8349609375
2505,0.326171875,0.52490234375,2.65625,0.5126953125,0.56396484375,0.82275390625
2506,0.44091796875,0.7568359375,2.337890625,0.92431640625,0.6015625,0.68212890625
2507,0.533203125,0.72119140625,2.298828125,0.900390625,0.466796875,0.83349609375
2508,0.1611328125,0.69677734375,2.33984375,0.8134765625,0.72216796875,0.23486328125
2509,0.28173828125,0.6044921875,2.40966796875,0.736328125,0.54345703125,0.20605468750000003
2510,0.5,0.34423828125,2.380859375,0.76123046875,0.626953125,0.6904296875
2511,0.69873046875,0.3984375,2.365234375,0.61962890625,0.2763671875,0.73388671875
2512,0.47705078125,0.48095703125,2.47119140625,0.646484375,0.62841796875,0.44970703125
2513,0.595703125,0.46923828125,2.46533203125,0.60107421875,0.5390625,0.47705078125
2514,0.31689453125,0.5498046875,2.4150390625,0.73876953125,0.92333984375,0.41552734375
2515,0.3623046875,0.7216796875,2.4443359375,0.48486328125,0.58056640625,0.45068359375
2516,0.12304687500000001,0.14013671875,2.5634765625,0.69580078125,0.31005859375,0.54736328125
2517,0.22265625,0.1376953125,2.55908203125,0.6103515625,0.28955078125,0.66064453125
2518,0.65576171875,0.46875,2.294921875,0.798828125,0.50048828125,0.59033203125
2519,0.5927734375,0.54345703125,2.22607421875,0.69970703125,0.451171875,0.6435546875
2520,0.353515625,0.77978515625,2.40478515625,0.7802734375,0.4423828125,0.8095703125
2521,0.345703125,0.7802734375,2.2890625,0.62939453125,0.431640625,0.7548828125
2522,0.1435546875,0.42529296875,2.19873046875,0.65625,0.3564453125,0.64013671875
2523,0.18115234375,0.54150390625,2.142578125,0.57568359375,0.2480468750000001,0.77587890625
2524,0.6357421875,0.46630859375,2.30859375,0.50732421875,0.69775390625,0.44140625000000006
2525,0.64697265625,0.466796875,2.2080078125,0.408203125,0.59423828125,0.61572265625
2526,0.48046875000000006,0.478515625,2.41064453125,0.68701171875,0.14599609375000003,0.4462890625
2527,0.53564453125,0.4912109375,2.39697265625,0.57568359375,0.09667968750000004,0.51220703125
2528,0.49658203125,0.68115234375,2.4482421875,0.88330078125,0.6875,0.431640625
2529,0.54931640625,0.607421875,2.4462890625,0.7763671875,0.49169921875,0.5146484375
2530,0.65283203125,0.43359375,2.32666015625,0.658203125,0.7587890625,0.6669921875
2531,0.5341796875,0.4248046875,2.29833984375,0.61083984375,0.458984375,0.78662109375
2532,0.43896484375,0.7763671875,2.5361328125,0.64111328125,0.91796875,0.4326171875
2533,0.5634765625,0.80419921875,2.51318359375,0.435546875,0.52392578125,0.498046875
2534,0.64208984375,0.84765625,2.45556640625,0.46337890625,0.38671875,0.49609375
2535,0.56298828125,0.72998046875,2.3173828125,0.42919921875,0.2177734375,0.64794921875
2536,0.26318359375,0.6357421875,2.63623046875,0.48193359375,0.4892578125,0.44580078125
2537,0.39990234375,0.63232421875,2.64453125,0.30908203125,0.4296875,0.56982421875
2538,0.58447265625,0.6875,2.3017578125,0.85791015625,0.68896484375,0.56689453125
2539,0.599609375,0.83740234375,2.24951171875,0.75439453125,0.328125,0.66796875
2540,0.61767578125,0.62109375,2.29296875,0.8486328125,0.6015625,0.64990234375
2541,0.6884765625,0.650390625,2.2724609375,0.66064453125,0.2626953125000001,0.7646484375
2542,0.54736328125,0.12011718750000001,2.47607421875,0.8310546875,0.35693359375,0.41943359375
2543,0.65234375,0.18945312500000006,2.3251953125,0.6796875,0.21533203125,0.533203125
2544,0.73974609375,0.52783203125,2.10595703125,0.6875,0.62548828125,0.6689453125
2545,0.83935546875,0.4775390625,2.15234375,0.666015625,0.50732421875,0.81494140625
2546,0.36181640625,0.65966796875,2.3408203125,0.615234375,0.380859375,0.4736328125
2547,0.5830078125,0.6025390625,2.267578125,0.72412109375,0.322265625,0.51904296875
2548,0.6025390625,0.86376953125,2.3828125,0.34423828125,0.70947265625,0.40283203125
2549,0.63916015625,0.90087890625,2.35595703125,0.32568359375,0.5048828125,0.50732421875
2550,0.8212890625,0.30078125,2.41748046875,0.611328125,0.798828125,0.3994140625
2551,0.66552734375,0.3662109375,2.52294921875,0.55224609375,0.67919921875,0.4052734375
2552,0.28271484375,0.3427734375,2.4619140625,0.60546875,0.23828125,0.48828125
2553,0.455078125,0.35107421875,2.3935546875,0.6044921875,0.14404296875000006,0.48583984375
2554,0.57275390625,0.73193359375,2.5009765625,0.3505859375,0.39404296875,0.46240234375
2555,0.72900390625,0.80517578125,2.37744140625,0.2685546875,0.26806640625,0.51513671875
2556,0.29150390625,0.57421875,2.310546875,0.60498046875,0.51611328125,0.70849609375
2557,0.314453125,0.67333984375,2.24365234375,0.4638671875,0.5205078125,0.73046875
2558,0.60205078125,0.73828125,2.2490234375,0.41845703125,0.64404296875,0.7333984375
2559,0.68017578125,0.7978515625,2.23046875,0.30029296875,0.55712890625,0.78662109375
2560,0.32421875,0.81787109375,2.11572265625,0.7412109375,0.51025390625,0.5322265625
2561,0.48095703125,0.798828125,2.017578125,0.59619140625,0.36083984375,0.63037109375
2562,0.23095703125,0.54052734375,2.3759765625,0.240234375,0.69873046875,0.40185546875000006
2563,0.5283203125,0.39306640625,2.24365234375,0.21093750000000003,0.75341796875,0.53076171875
2564,0.66552734375,0.458984375,2.37939453125,0.732421875,0.43212890625000006,0.5625
2565,0.78271484375,0.416015625,2.2705078125,0.6962890625,0.46142578125,0.4716796875
2566,0.76904296875,0.6435546875,2.35498046875,0.58447265625,0.49658203125,0.82470703125
2567,0.77978515625,0.66357421875,2.4033203125,0.62744140625,0.41650390625,0.7109375
2568,0.53076171875,0.4345703125,2.4619140625,0.72607421875,0.50732421875,0.60498046875
2569,0.6259765625,0.55078125,2.35400390625,0.5732421875,0.39111328125,0.68994140625
2570,0.54345703125,0.7412109375,2.392578125,0.515625,0.96240234375,0.5322265625
2571,0.775390625,0.7802734375,2.34130859375,0.53125,0.8251953125,0.642578125
2572,0.3994140625,0.7568359375,2.5546875,0.591796875,0.2314453125,0.4599609375
2573,0.50537109375,0.78173828125,2.53076171875,0.57373046875,0.09765625000000004,0.50244140625
2574,0.19042968750000006,0.70947265625,2.32763671875,0.66064453125,0.71142578125,0.46728515625
2575,0.38818359375,0.681640625,2.296875,0.55517578125,0.53125,0.5087890625
2576,0.36474609375,0.33935546875,2.701171875,0.8359375,0.443359375,0.13378906250000003
2577,0.3896484375,0.2890625,2.57958984375,0.69775390625,0.40869140625000006,0.25341796875
2578,0.51611328125,0.47509765625,2.376953125,0.353515625,0.74462890625,0.48193359375
2579,0.76904296875,0.46923828125,2.4580078125,0.3662109375,0.44921875,0.47705078125
2580,0.62646484375,0.5419921875,2.38232421875,0.3564453125,0.4677734375,0.595703125
2581,0.5439453125,0.42822265625,2.34375,0.37548828125,0.2587890625,0.5869140625
2582,0.74462890625,0.45361328125000006,2.49755859375,0.19824218750000003,0.5634765625,0.5029296875
2583,0.8779296875,0.45068359375,2.51953125,0.14794921875000003,0.56201171875,0.67529296875
2584,0.27490234375,0.33007812500000006,2.39306640625,0.40673828125,0.5234375,0.2246093750000001
2585,0.396484375,0.3125,2.3603515625,0.291015625,0.3642578125000001,0.3720703125
2586,0.1474609375,0.33447265625,2.45703125,0.8984375,0.72021484375,0.4375
2587,0.19775390625,0.2783203125,2.36181640625,0.8984375,0.44921875,0.478515625
2588,0.53759765625,0.83056640625,2.26904296875,0.22265625,0.646484375,0.62109375
2589,0.4873046875,0.63916015625,2.14794921875,0.18310546875000003,0.57421875,0.60986328125
2590,0.36376953125,0.6669921875,2.33935546875,0.7314453125,0.70849609375,0.4033203125
2591,0.5009765625,0.65087890625,2.30029296875,0.53857421875,0.70361328125,0.52978515625
2592,0.61328125,0.42236328125000006,2.29345703125,0.5498046875,0.81787109375,0.65966796875
2593,0.76416015625,0.4970703125,2.2548828125,0.58984375,0.458984375,0.63525390625
2594,0.625,0.662109375,2.138671875,0.54541015625,0.79541015625,0.65673828125
2595,0.75732421875,0.57080078125,2.07958984375,0.42187500000000006,0.60888671875,0.59033203125
2596,0.47216796875,0.58642578125,2.3212890625,0.64306640625,0.8671875,0.390625
2597,0.3798828125,0.634765625,2.24609375,0.57666015625,0.9111328125,0.4892578125
2598,0.16552734375,0.66943359375,2.41943359375,0.50927734375,0.3427734375,0.58349609375
2599,0.19824218750000003,0.55859375,2.31884765625,0.431640625,0.2021484375000001,0.60400390625
2600,0.35546875,0.5576171875,2.41943359375,0.68603515625,0.4970703125,0.5419921875
2601,0.564453125,0.4853515625,2.2998046875,0.66796875,0.59326171875,0.57763671875
2602,0.7470703125,0.28369140625000006,2.53076171875,0.4794921875,0.67919921875,0.4482421875
2603,0.75537109375,0.27490234375,2.45849609375,0.49853515625,0.5341796875,0.52197265625
2604,0.44189453125,0.23681640625,2.349609375,0.75439453125,0.43701171875,0.50244140625
2605,0.61474609375,0.318359375,2.318359375,0.64501953125,0.23388671875,0.48779296875
2606,0.15185546875,0.09423828125000006,2.3779296875,0.7197265625,1.02685546875,0.5546875
2607,0.22705078125,0.15625,2.21875,0.6904296875,0.75244140625,0.70556640625
2608,0.40234375,0.89501953125,2.31884765625,0.5029296875,0.47314453125000006,0.26123046875
2609,0.47167968750000006,0.87841796875,2.271484375,0.43896484375,0.423828125,0.3212890625
2610,0.36328125000000006,0.75,2.25537109375,0.6337890625,0.67529296875,0.3525390625
2611,0.494140625,0.7978515625,2.2919921875,0.55419921875,0.58349609375,0.37744140625
2612,0.48193359375,0.41455078125,2.0498046875,0.6025390625,0.79248046875,0.48193359375
2613,0.4609375,0.52587890625,2.05029296875,0.470703125,0.3896484375,0.4560546875
2614,0.76611328125,0.30126953125,2.5146484375,0.5615234375,0.46044921875000006,0.3134765625
2615,0.73779296875,0.30273437500000006,2.4150390625,0.44287109375,0.39599609375,0.31982421875
2616,0.36962890625,0.75048828125,2.4169921875,0.71435546875,0.681640625,0.5244140625
2617,0.5556640625,0.783203125,2.37841796875,0.787109375,0.4345703125,0.46923828125
2618,0.2919921875,0.7919921875,2.39501953125,0.3779296875,0.74365234375,0.49462890625
2619,0.462890625,0.7373046875,2.48779296875,0.30224609375,0.52783203125,0.44873046875
2620,0.3603515625,0.6318359375,2.451171875,0.3193359375,0.634765625,0.44580078125
2621,0.494140625,0.5458984375,2.365234375,0.30029296875,0.59912109375,0.45556640625
2622,0.38330078125,0.59423828125,2.6455078125,0.568359375,0.4345703125,0.373046875
2623,0.56494140625,0.41552734375,2.49658203125,0.38134765625,0.19238281250000003,0.29345703125
2624,0.607421875,0.32666015625,2.2412109375,0.57080078125,0.52197265625,0.39208984375
2625,0.748046875,0.30126953125,2.20947265625,0.4326171875,0.56787109375,0.47900390625
2626,0.42041015625,0.47412109375,2.501953125,0.52197265625,0.7861328125,0.494140625
2627,0.5361328125,0.40087890625,2.4970703125,0.5126953125,0.43212890625,0.49560546875
2628,0.54736328125,0.64404296875,2.43701171875,0.7578125,0.30126953125,0.43896484375
2629,0.70751953125,0.60791015625,2.41357421875,0.64111328125,0.25439453125,0.4609375
2630,0.4970703125,0.57373046875,2.40869140625,0.56103515625,0.626953125,0.392578125
2631,0.66845703125,0.39648437500000006,2.3466796875,0.43115234375,0.60205078125,0.48681640625
2632,0.6279296875,0.61767578125,2.572265625,0.21044921875,0.486328125,0.50048828125
2633,0.80078125,0.58740234375,2.32177734375,0.17480468750000003,0.48291015625,0.5634765625
2634,0.52880859375,0.7607421875,2.3857421875,0.55078125,0.49853515625,0.4169921875
2635,0.498046875,0.78271484375,2.36328125,0.4375,0.2265625,0.49365234375
2636,0.63623046875,0.66357421875,2.330078125,0.6884765625,0.43164062500000006,0.5009765625
2637,0.5693359375,0.6787109375,2.2587890625,0.54833984375,0.42138671875,0.6103515625
2638,0.4892578125,0.671875,2.5078125,0.59033203125,0.3720703125,0.53466796875
2639,0.48486328125,0.69140625,2.52734375,0.32373046875,0.23779296875,0.6796875
2640,0.2880859375,0.57958984375,2.41259765625,0.69580078125,0.7255859375,0.56298828125
2641,0.65283203125,0.65771484375,2.330078125,0.58056640625,0.59326171875,0.64501953125
2642,0.359375,0.54931640625,2.318359375,0.90234375,0.427734375,0.38720703125000006
2643,0.45605468750000006,0.55029296875,2.32421875,0.84521484375,0.2626953125,0.42529296875
2644,0.51708984375,0.71484375,2.26123046875,0.5517578125,0.69482421875,0.3056640625
2645,0.68701171875,0.59814453125,2.2958984375,0.48828125,0.736328125,0.365234375
2646,0.63134765625,0.53271484375,2.16845703125,0.35693359375,0.2719726562500001,0.4072265625
2647,0.6943359375,0.43994140625,2.14453125,0.26171875,0.3134765625,0.5390625
2648,0.5537109375,0.4345703125,2.45947265625,0.732421875,0.501953125,0.47900390625
2649,0.78662109375,0.4169921875,2.36279296875,0.56591796875,0.451171875,0.45947265625
2650,0.291015625,0.3125,2.544921875,0.5087890625,0.53466796875,0.58984375
2651,0.47802734375,0.31445312500000006,2.46240234375,0.5224609375,0.56982421875,0.72216796875
2652,0.68115234375,0.4560546875,2.3828125,0.6220703125,0.6796875,0.51708984375
2653,0.8251953125,0.3046875,2.3701171875,0.55712890625,0.5810546875,0.51806640625
2654,0.42138671875,0.60693359375,2.25048828125,1.0068359375,0.8486328125,0.61962890625
2655,0.79052734375,0.52294921875,2.2236328125,0.865234375,0.6904296875,0.78662109375
2656,0.35546875,0.7021484375,2.19287109375,0.53173828125,0.51220703125,0.529296875
2657,0.2685546875,0.72119140625,2.166015625,0.4912109375,0.3642578125,0.4736328125
2658,0.4619140625,0.39697265625,2.4111328125,0.31494140625,0.81884765625,0.6884765625
2659,0.7255859375,0.4423828125,2.37646484375,0.3291015625,0.62744140625,0.888671875
2660,0.51025390625,0.705078125,2.2314453125,0.53564453125,0.5234375,0.6142578125
2661,0.673828125,0.642578125,2.14892578125,0.41650390625,0.3935546875,0.5029296875
2662,0.39453125,0.66064453125,2.44091796875,0.3330078125,0.30224609375,0.568359375
2663,0.31689453125,0.6103515625,2.36767578125,0.322265625,0.32373046875,0.57080078125
2664,0.2788085937500001,0.30078125,2.271484375,0.486328125,0.2998046875,0.56103515625
2665,0.322265625,0.32470703125,2.22216796875,0.4677734375,0.33544921875,0.64599609375
2666,0.71435546875,0.80126953125,2.15673828125,0.49267578125,0.61865234375,0.4404296875
2667,0.791015625,0.7587890625,2.17431640625,0.47021484375,0.62646484375,0.50634765625
2668,0.61181640625,0.70166015625,2.43994140625,0.6513671875,0.78466796875,0.578125
2669,0.48974609375,0.5791015625,2.490234375,0.52978515625,0.708984375,0.6357421875
2670,0.47412109375,0.615234375,2.310546875,0.35546875,0.4326171875,0.59033203125
2671,0.4921875,0.62158203125,2.2802734375,0.267578125,0.43896484375,0.67919921875
2672,0.48144531250000006,0.34423828125000006,2.28564453125,0.54931640625,0.46093750000000006,0.73583984375
2673,0.88720703125,0.3173828125,2.1748046875,0.4755859375,0.43017578125,0.79833984375
2674,0.76513671875,0.58837890625,2.33056640625,0.57666015625,0.48779296875,0.6240234375
2675,0.93310546875,0.62841796875,2.27734375,0.33251953125,0.41015625,0.78759765625
2676,0.16406250000000003,0.62158203125,2.35107421875,0.46435546875,0.4228515625,0.443359375
2677,0.5126953125,0.64453125,2.376953125,0.52490234375,0.23681640625,0.4423828125
2678,0.33251953125,0.60986328125,2.02099609375,0.9150390625,0.62548828125,0.62841796875
2679,0.49609375,0.58935546875,1.98828125,0.81982421875,0.599609375,0.609375
2680,0.4423828125,0.61865234375,2.46240234375,0.38671875,0.5751953125,0.46142578125
2681,0.595703125,0.6123046875,2.427734375,0.36181640625,0.517578125,0.513671875
2682,0.33740234375,0.11376953125000006,2.3896484375,0.75146484375,0.69677734375,0.7216796875
2683,0.42724609375,0.16162109375000006,2.33642578125,0.63427734375,0.3994140625,0.6953125
2684,0.46484375,0.6806640625,2.423828125,0.77783203125,0.455078125,0.48876953125
2685,0.76025390625,0.59521484375,2.37646484375,0.44873046875,0.40869140625000006,0.484375
2686,0.23388671875,0.78173828125,2.4365234375,0.80078125,0.77294921875,0.4970703125
2687,0.337890625,0.71728515625,2.3955078125,0.6259765625,0.5927734375,0.53369140625
2688,0.796875,0.462890625,2.0341796875,0.60400390625,0.919921875,0.47216796875
2689,0.8486328125,0.45654296875,2.0673828125,0.5107421875,0.57666015625,0.4697265625
2690,0.7958984375,0.75634765625,2.51806640625,0.51806640625,0.443359375,0.455078125
2691,0.98291015625,0.83935546875,2.56201171875,0.36376953125,0.4697265625,0.453125
2692,0.58154296875,0.76953125,2.29052734375,0.37841796875,0.9365234375,0.5517578125
2693,0.5966796875,0.7158203125,2.19873046875,0.3369140625,0.58837890625,0.5478515625
2694,0.74658203125,0.6328125,2.19482421875,0.41064453125000006,0.63916015625,0.51416015625
2695,0.70849609375,0.64208984375,2.0966796875,0.52001953125,0.50830078125,0.5625
2696,0.34765625000000006,0.44970703125000006,2.25341796875,0.49462890625,0.7421875,0.4140625
2697,0.658203125,0.490234375,2.13134765625,0.47509765625,0.52294921875,0.52197265625
2698,0.56201171875,0.5517578125,2.4716796875,0.701171875,0.27197265625,0.501953125
2699,0.56982421875,0.57080078125,2.46923828125,0.552734375,0.27539062500000006,0.4814453125
2700,0.7158203125,0.85205078125,2.0947265625,0.8671875,0.34521484375,0.54736328125
2701,0.57666015625,0.7578125,2.09716796875,0.85546875,0.29052734375,0.599609375
2702,0.56494140625,0.60400390625,2.53662109375,0.65576171875,0.59619140625,0.42333984375
2703,0.7021484375,0.6171875,2.4970703125,0.58203125,0.31884765625000006,0.4453125
2704,0.6474609375,0.6552734375,2.2421875,0.72119140625,0.6220703125,0.486328125
2705,0.60107421875,0.6357421875,2.12548828125,0.54833984375,0.57275390625,0.4609375
2706,0.44482421875,0.62841796875,2.40869140625,0.5185546875,0.62353515625,0.70654296875
2707,0.6953125,0.5537109375,2.3857421875,0.42529296875,0.60791015625,0.76220703125
2708,0.26806640625,0.6494140625,2.2802734375,0.69384765625,0.7451171875,0.306640625
2709,0.4140625,0.60205078125,2.27734375,0.59716796875,0.7919921875,0.35009765625
2710,0.4306640625,0.4482421875,2.458984375,0.3564453125,0.35546875,0.47509765625
2711,0.41455078125,0.50244140625,2.4267578125,0.31201171875,0.50048828125,0.54345703125
2712,0.76611328125,0.74755859375,2.33544921875,0.6904296875,0.53271484375,0.52099609375
2713,0.7783203125,0.79345703125,2.24609375,0.4794921875,0.39208984375,0.4814453125
2714,0.41845703125000006,0.28955078125,2.52783203125,0.7119140625,0.54833984375,0.40771484375
2715,0.4541015625,0.220703125,2.56640625,0.72216796875,0.32861328125,0.47119140625
2716,0.576171875,0.29541015625,2.35205078125,0.78369140625,0.57568359375,0.326171875
2717,0.63916015625,0.3046875,2.3173828125,0.6669921875,0.3466796875,0.3232421875000001
2718,0.4951171875,0.3388671875,2.14697265625,0.6904296875,0.57080078125,0.81591796875
2719,0.6845703125,0.3388671875,2.0986328125,0.474609375,0.37158203125,0.90576171875
2720,0.46826171875,0.744140625,2.29150390625,0.423828125,0.58984375,0.48193359375
2721,0.5302734375,0.7216796875,2.17333984375,0.2978515625,0.4951171875,0.47314453125
2722,0.443359375,0.48046875,2.4091796875,0.74462890625,0.68310546875,0.4384765625
2723,0.45361328125,0.45654296875,2.29931640625,0.72998046875,0.56689453125,0.46533203125
2724,0.5615234375,0.6748046875,2.3828125,0.83642578125,0.74951171875,0.38867187500000006
2725,0.57470703125,0.48876953125,2.34228515625,0.74072265625,0.66357421875,0.521484375
2726,0.4140625,0.64208984375,2.4921875,0.88330078125,0.6279296875,0.53662109375
2727,0.5615234375,0.56396484375,2.32763671875,0.93115234375,0.599609375,0.6494140625
2728,0.26708984375,0.48486328125,2.32373046875,0.4912109375,0.78369140625,0.09814453125000004
2729,0.44287109375,0.44140625,2.3486328125,0.4677734375,0.57421875,0.16699218750000003
2730,0.09814453125000015,0.37939453125,2.490234375,0.78466796875,0.54150390625,0.49658203125
2731,0.154296875,0.2373046875000001,2.4541015625,0.78515625,0.42333984375,0.5654296875
2732,0.33056640625,0.341796875,2.4091796875,0.990234375,0.33349609375000006,0.51953125
2733,0.57861328125,0.2998046875,2.46240234375,0.79931640625,0.4580078125,0.5224609375
2734,0.29052734375000006,0.26025390625,2.27099609375,0.58203125,0.9013671875,0.55908203125
2735,0.2060546875,0.31201171875,2.15966796875,0.56591796875,0.70654296875,0.6533203125
2736,0.59228515625,0.8515625,2.29443359375,0.58056640625,0.12548828125000003,0.302734375
2737,0.73046875,0.8310546875,2.31201171875,0.65673828125,0.11865234375000004,0.3427734375
2738,0.3037109375,0.580078125,2.10205078125,0.49951171875,0.63427734375,0.32275390625
2739,0.27978515625,0.4296875,2.0634765625,0.337890625,0.2705078125000001,0.3544921875
2740,0.30615234375,0.361328125,2.3955078125,0.6494140625,0.78759765625,0.54052734375
2741,0.60498046875,0.2685546875,2.29296875,0.6015625,0.66796875,0.55908203125
2742,0.3623046875,0.49365234375,2.3193359375,0.38720703125,0.56591796875,0.18652343750000003
2743,0.43115234375,0.462890625,2.255859375,0.27880859375,0.3564453125,0.18798828125000003
2744,0.501953125,0.54833984375,2.32958984375,0.859375,0.7939453125,0.3828125
2745,0.65234375,0.38330078125000006,2.32666015625,0.80029296875,0.60498046875,0.5146484375
2746,0.59765625,0.2275390625,2.427734375,0.51416015625,0.439453125,0.4619140625
2747,0.580078125,0.30322265625000006,2.3955078125,0.455078125,0.37890625,0.48974609375
2748,0.48681640625,0.15039062500000003,2.32373046875,0.85791015625,0.388671875,0.55810546875
2749,0.4931640625,0.15527343750000003,2.2431640625,0.7646484375,0.4873046875,0.70556640625
2750,0.67919921875,0.61865234375,2.619140625,0.79248046875,0.47314453125,0.59814453125
2751,0.630859375,0.54736328125,2.51513671875,0.64111328125,0.462890625,0.595703125
2752,0.21337890625000006,0.56201171875,2.46923828125,0.77392578125,0.51171875,0.4560546875
2753,0.31201171875,0.60009765625,2.35888671875,0.77099609375,0.35009765625,0.40380859375
2754,0.4345703125,0.6064453125,2.45166015625,0.35986328125,0.9150390625,0.83251953125
2755,0.48291015625,0.57080078125,2.3359375,0.22314453125,0.80419921875,0.9716796875
2756,0.5751953125,0.28466796875,2.46044921875,0.5302734375,0.66943359375,0.3076171875
2757,0.5244140625,0.31298828125,2.48583984375,0.35400390625,0.38720703125,0.42919921875
2758,0.599609375,0.7958984375,2.201171875,0.865234375,0.263671875,0.58984375
2759,0.58984375,0.73193359375,2.18115234375,0.58251953125,0.3349609375,0.58935546875
2760,0.6904296875,0.6611328125,2.32373046875,0.86767578125,0.52392578125,0.4658203125
2761,0.93603515625,0.6474609375,2.2724609375,0.6669921875,0.35498046875,0.52197265625
2762,0.25048828125,0.470703125,2.54248046875,0.88427734375,0.76708984375,0.64697265625
2763,0.37939453125,0.51220703125,2.47998046875,0.755859375,0.7099609375,0.52392578125
2764,0.57275390625,0.82275390625,2.22802734375,0.787109375,0.49609375,0.453125
2765,0.51416015625,0.90234375,2.33544921875,0.71044921875,0.3623046875,0.49951171875
2766,0.32666015625,0.44384765625,2.20556640625,0.41845703125,0.5810546875,0.32421875
2767,0.5146484375,0.4169921875,2.08349609375,0.27978515625,0.568359375,0.36474609375
2768,0.54248046875,0.703125,2.27734375,0.5546875,0.4189453125,0.345703125
2769,0.56591796875,0.71533203125,2.27294921875,0.58349609375,0.47412109375,0.3974609375
2770,0.41259765625000006,0.84521484375,2.6728515625,0.63818359375,0.60107421875,0.44482421875
2771,0.51416015625,0.68212890625,2.6455078125,0.3994140625,0.53271484375,0.38964843750000006
2772,0.390625,0.65380859375,2.26171875,0.75,0.546875,0.54931640625
2773,0.54052734375,0.56982421875,2.19580078125,0.54833984375,0.43310546875,0.681640625
2774,0.7890625,0.61083984375,2.291015625,0.5068359375,0.3388671875,0.43505859375
2775,0.798828125,0.6298828125,2.30908203125,0.43310546875000006,0.3076171875,0.7109375
2776,0.1806640625,0.30908203125,2.6669921875,0.716796875,0.40869140625,0.27880859375000006
2777,0.23974609375,0.2578125,2.578125,0.48681640625,0.38330078125,0.3486328125
2778,0.53515625,0.59033203125,2.20458984375,0.6337890625,0.80712890625,0.48193359375
2779,0.56591796875,0.5400390625,2.16015625,0.44677734375,0.62646484375,0.4765625
2780,0.5439453125,0.7275390625,2.19921875,0.26611328125,0.87548828125,0.64697265625
2781,0.5244140625,0.61328125,2.193359375,0.18505859375,0.38818359375,0.62451171875
2782,0.412109375,0.47802734375,2.29833984375,0.32421875,0.68603515625,0.72265625
2783,0.69873046875,0.49755859375,2.27587890625,0.30908203125,0.7763671875,0.69384765625
2784,0.31445312500000006,0.53271484375,2.4150390625,0.52880859375,0.4423828125,0.58203125
2785,0.40380859375,0.5146484375,2.37451171875,0.38671875,0.38769531250000006,0.67578125
2786,0.21484375,0.47705078125,2.4052734375,0.65625,0.5556640625,0.25048828125
2787,0.41015625,0.44921875,2.3759765625,0.662109375,0.3544921875,0.36865234375
2788,0.51904296875,0.35595703125,2.3486328125,0.37548828125,0.904296875,0.7255859375
2789,0.56396484375,0.2509765625,2.392578125,0.29443359375,0.828125,0.73193359375
2790,0.380859375,0.4853515625,2.32958984375,0.53515625,0.25830078125,0.76953125
2791,0.69677734375,0.44189453125000006,2.34912109375,0.44091796875,0.12158203125000004,0.73388671875
2792,0.6318359375,0.79345703125,2.294921875,0.60693359375,0.37744140625,0.4736328125
2793,0.876953125,0.72119140625,2.2265625,0.5654296875,0.298828125,0.5556640625
2794,0.6669921875,0.61962890625,2.4873046875,0.6630859375,0.60498046875,0.70751953125
2795,0.58056640625,0.5263671875,2.494140625,0.57470703125,0.54443359375,0.7197265625
2796,0.53515625,0.57568359375,2.19970703125,0.49560546875,0.7158203125,0.55517578125
2797,0.6337890625,0.60302734375,2.12646484375,0.3916015625,0.5888671875,0.58984375
2798,0.59619140625,0.81640625,2.20849609375,0.5068359375,0.28271484375,0.58349609375
2799,0.7060546875,0.66552734375,2.16162109375,0.46044921875,0.2529296875,0.6923828125
2800,0.36181640625,0.29638671875,2.2451171875,0.68115234375,0.4462890625,0.38671875
2801,0.5283203125,0.41015625,2.2626953125,0.578125,0.462890625,0.4912109375
2802,0.6005859375,0.7734375,2.3681640625,0.50830078125,0.900390625,0.568359375
2803,0.5126953125,0.68603515625,2.3544921875,0.47314453125,0.734375,0.67529296875
2804,0.44140625,0.80517578125,2.22998046875,0.5283203125,0.33935546875,0.45751953125
2805,0.52880859375,0.685546875,2.107421875,0.3583984375,0.201171875,0.56640625
2806,0.69921875,0.509765625,2.443359375,0.40966796875,0.640625,0.330078125
2807,0.7998046875,0.5185546875,2.46337890625,0.3046875,0.544921875,0.2841796875
2808,0.6484375,0.66357421875,2.12646484375,0.611328125,0.84130859375,0.40283203125000006
2809,0.7265625,0.51953125,2.02587890625,0.43603515625,0.63720703125,0.51953125
2810,0.47509765625,0.61669921875,2.3837890625,0.6884765625,0.63232421875,0.37548828125000006
2811,0.4013671875,0.5654296875,2.34765625,0.54736328125,0.55615234375,0.57470703125
2812,0.39990234375,0.69287109375,2.4853515625,0.84765625,0.80810546875,0.42919921875
2813,0.49853515625,0.72705078125,2.55810546875,0.63427734375,0.578125,0.4833984375
2814,0.56201171875,0.63623046875,2.3779296875,0.46875,0.728515625,0.2392578125
2815,0.689453125,0.65576171875,2.333984375,0.41357421875,0.38427734375,0.3525390625
2816,0.41162109375,0.7373046875,2.4716796875,0.49609375,0.59765625,0.685546875
2817,0.36962890625,0.70947265625,2.37158203125,0.3583984375,0.38427734375,0.71533203125
2818,0.37011718750000006,0.572265625,2.55224609375,0.3154296875,0.470703125,0.50390625
2819,0.4736328125,0.63818359375,2.49560546875,0.26513671875,0.42578125,0.6533203125
2820,0.376953125,0.39501953125,2.5751953125,0.70947265625,0.7978515625,0.53466796875
2821,0.689453125,0.5107421875,2.51904296875,0.5419921875,0.59375,0.5791015625
2822,0.20507812500000008,0.3427734375,2.32958984375,0.51416015625,0.37109375,0.28466796875
2823,0.388671875,0.3369140625,2.32275390625,0.46826171875,0.30078125,0.36376953125
2824,0.12011718750000004,0.12744140625000006,2.24609375,0.6982421875,0.302734375,0.43017578125
2825,0.19091796875,0.15283203125,2.1533203125,0.59912109375,0.31103515625,0.5419921875
2826,0.5712890625,0.31884765625,2.6357421875,0.607421875,0.27734375,0.4677734375
2827,0.51318359375,0.3203125,2.48974609375,0.57177734375,0.34375,0.44873046875000006
2828,0.6025390625,0.5751953125,2.4443359375,0.6435546875,0.81884765625,0.31591796875000006
2829,0.78515625,0.61376953125,2.42431640625,0.544921875,0.60546875,0.36181640625
2830,0.27783203125,0.6484375,2.25732421875,0.8330078125,0.3427734375,0.46435546875
2831,0.33740234375,0.5361328125,2.34375,0.81298828125,0.26416015625,0.5283203125
2832,0.40527343750000006,0.31591796875,2.15869140625,0.94482421875,0.8212890625,0.27001953125
2833,0.33740234375,0.38232421875,2.18310546875,0.75537109375,0.6708984375,0.3466796875
2834,0.384765625,0.59033203125,2.474609375,0.51171875,0.81298828125,0.48291015625
2835,0.55029296875,0.63037109375,2.46923828125,0.36181640625,0.48388671875,0.48046875
2836,0.4814453125,0.73388671875,2.55126953125,0.37939453125,0.54541015625,0.5107421875
2837,0.43603515625,0.75439453125,2.54052734375,0.23193359375000003,0.61083984375,0.623046875
2838,0.6875,0.27978515625,2.169921875,0.48046875,0.54052734375,0.4833984375
2839,0.8193359375,0.31884765625,2.162109375,0.35986328125000006,0.56982421875,0.64111328125
2840,0.30810546875000006,0.6005859375,2.21435546875,0.3662109375,0.462890625,0.55859375
2841,0.697265625,0.494140625,2.04833984375,0.2724609375,0.49609375,0.63720703125
2842,0.52490234375,0.48974609375,2.4296875,0.7724609375,0.36328125,0.4560546875
2843,0.5390625,0.67919921875,2.390625,0.58837890625,0.18115234375000003,0.42041015625
2844,0.64892578125,0.11865234375000003,2.38818359375,0.6376953125,0.22314453125,0.55419921875
2845,0.45947265625,0.13232421875000006,2.3388671875,0.48388671875,0.13720703125000003,0.60107421875
2846,0.80078125,0.48974609375,2.3896484375,0.56982421875,0.3173828125,0.3369140625
2847,0.68017578125,0.44189453125,2.166015625,0.41259765625,0.24267578125,0.35107421875
2848,0.48974609375,0.62548828125,2.55615234375,0.34423828125,0.99560546875,0.51220703125
2849,0.56494140625,0.615234375,2.380859375,0.30419921875,0.8212890625,0.4677734375
2850,0.2958984375,0.57568359375,2.39697265625,0.34130859375,0.7080078125,0.482421875
2851,0.37744140625,0.626953125,2.3203125,0.275390625,0.453125,0.60595703125
2852,0.9462890625,0.568359375,2.33935546875,0.57958984375,0.19238281250000003,0.5859375
2853,0.8759765625,0.51953125,2.2685546875,0.59326171875,0.09814453125000004,0.60107421875
2854,0.412109375,0.47900390625,2.36962890625,0.5673828125,0.3603515625,0.50390625
2855,0.19726562500000003,0.4462890625,2.31103515625,0.57275390625,0.24414062500000003,0.56201171875
2856,0.37207031250000006,0.322265625,2.43408203125,0.61962890625,0.5546875,0.607421875
2857,0.59619140625,0.2880859375,2.36376953125,0.5966796875,0.40869140625,0.5947265625
2858,0.49462890625,0.78369140625,2.09130859375,0.4921875,0.52783203125,0.28369140625
2859,0.79150390625,0.67138671875,2.01513671875,0.4033203125,0.49462890625,0.34423828125
2860,0.6318359375,0.59765625,2.556640625,0.6005859375,0.767578125,0.74560546875
2861,0.69091796875,0.560546875,2.45458984375,0.533203125,0.46337890625,0.69287109375
2862,0.4248046875,0.55029296875,2.3203125,0.8134765625,0.6083984375,0.47998046875
2863,0.6630859375,0.4365234375,2.27001953125,0.7353515625,0.56201171875,0.482421875
2864,0.41943359375,0.484375,2.50244140625,0.33837890625,0.65478515625,0.2607421875
2865,0.4443359375,0.47265625,2.46142578125,0.29931640625,0.41210937500000006,0.353515625
2866,0.4873046875,0.68896484375,2.3017578125,0.69140625,0.5634765625,0.69970703125
2867,0.70361328125,0.5263671875,2.2275390625,0.5029296875,0.54296875,0.787109375
2868,0.38427734375,0.52197265625,2.28759765625,0.55810546875,0.3505859375,0.5556640625
2869,0.46826171875,0.4453125,2.2900390625,0.35400390625,0.267578125,0.6796875
2870,0.33935546875,0.34521484375,2.12060546875,0.71484375,0.82373046875,0.47998046875
2871,0.41552734375,0.271484375,2.189453125,0.619140625,0.63427734375,0.5654296875
2872,0.626953125,0.30224609375,2.451171875,0.48779296875,0.52001953125,0.17089843750000003
2873,0.7412109375,0.29638671875,2.4443359375,0.4140625,0.6240234375,0.21826171875000003
2874,0.20898437500000006,0.5927734375,2.27197265625,0.72216796875,0.84326171875,0.60302734375
2875,0.41015625,0.640625,2.23974609375,0.71240234375,0.80810546875,0.62109375
2876,0.38964843750000006,0.26318359375,2.216796875,0.19482421875000003,0.50048828125,0.53076171875
2877,0.4375,0.28125,2.2001953125,0.18652343750000003,0.4130859375,0.59814453125
2878,0.39941406250000006,0.45556640625,2.15625,0.767578125,0.7041015625,0.58447265625
2879,0.50537109375,0.46044921875,2.2802734375,0.830078125,0.51123046875,0.6416015625
2880,0.75048828125,0.6171875,2.5458984375,0.73046875,0.64892578125,0.4853515625
2881,0.81884765625,0.5859375,2.48486328125,0.69189453125,0.53759765625,0.46044921875
2882,0.44921875,0.38134765625,2.45166015625,0.6455078125,0.5771484375,0.6650390625
2883,0.36962890625,0.53955078125,2.30322265625,0.49169921875,0.38818359375,0.70849609375
2884,0.35742187500000006,0.63671875,2.3935546875,0.67529296875,0.75244140625,0.5283203125
2885,0.52392578125,0.61279296875,2.318359375,0.51708984375,0.78173828125,0.58642578125
2886,0.5546875,0.501953125,2.47802734375,0.56103515625,0.630859375,0.42724609375
2887,0.84326171875,0.3837890625,2.43212890625,0.5546875,0.48095703125,0.42822265625
2888,0.49951171875,0.25146484375,2.19140625,0.71240234375,0.53857421875,0.7119140625
2889,0.3759765625,0.2529296875,2.1630859375,0.52099609375,0.39990234375,0.72314453125
2890,0.82275390625,0.408203125,2.146484375,0.49462890625,0.60009765625,0.4013671875
2891,0.87451171875,0.4375,2.0703125,0.36279296875,0.59716796875,0.5068359375
2892,0.2890625,0.3369140625,2.3173828125,0.533203125,0.47509765625,0.33984375000000006
2893,0.27734375,0.30322265625,2.203125,0.38037109375,0.38818359375,0.50048828125
2894,0.482421875,0.5595703125,2.2294921875,0.94482421875,0.7470703125,0.4482421875
2895,0.53955078125,0.62353515625,2.17626953125,0.91845703125,0.90625,0.4072265625
2896,0.30810546875,0.09667968750000006,2.32568359375,0.54345703125,0.4521484375,0.541015625
2897,0.5400390625,0.10498046875000007,2.2890625,0.40869140625,0.388671875,0.71533203125
2898,0.44775390625,0.55078125,2.3525390625,0.3291015625,0.34765625,0.2373046875
2899,0.37158203125,0.587890625,2.24951171875,0.28173828125,0.29931640625,0.34326171875
2900,0.39794921875,0.62939453125,2.22509765625,0.64794921875,0.70068359375,0.306640625
2901,0.5419921875,0.650390625,2.2080078125,0.53857421875,0.53076171875,0.314453125
2902,0.8603515625,0.30712890625,2.3642578125,0.51513671875,0.63818359375,0.6806640625
2903,0.82958984375,0.34228515625,2.390625,0.49951171875,0.54443359375,0.77294921875
2904,0.4814453125,0.31103515625,2.47412109375,0.67919921875,1.0390625,0.46630859375
2905,0.71875,0.2529296875,2.412109375,0.49755859375,0.6982421875,0.50439453125
2906,0.5263671875,0.68359375,2.1865234375,0.646484375,0.51904296875,0.42578125
2907,0.638671875,0.5693359375,2.19189453125,0.53369140625,0.37353515625000006,0.5966796875
2908,0.34130859375,0.84375,2.22509765625,0.18505859375000006,0.3486328125,0.78125
2909,0.35205078125,0.87060546875,2.18408203125,0.17285156250000003,0.33203125,0.84423828125
2910,0.41015625000000006,0.484375,2.64697265625,0.64111328125,0.17822265625000003,0.65966796875
2911,0.47167968750000006,0.44189453125000006,2.66650390625,0.63623046875,0.16064453125000003,0.77294921875
2912,0.35791015625000006,0.45751953125,2.43359375,0.49658203125,0.7685546875,0.43017578125
2913,0.46533203125000006,0.51123046875,2.38232421875,0.44921875,0.43603515625,0.4765625
2914,0.4296875,0.6767578125,2.56396484375,0.37646484375,0.56103515625,0.44970703125
2915,0.45068359375000006,0.5185546875,2.59326171875,0.287109375,0.3310546875,0.59326171875
2916,0.25537109375,0.60888671875,2.5107421875,0.505859375,0.65087890625,0.44189453125
2917,0.49267578125,0.580078125,2.52392578125,0.4443359375,0.55712890625,0.47900390625
2918,0.81201171875,0.43994140625,2.30078125,0.6015625,0.3447265625,0.64697265625
2919,0.69287109375,0.390625,2.3408203125,0.41845703125,0.22265625,0.78662109375
2920,0.39208984375000006,0.41601562500000006,2.5263671875,0.623046875,0.55078125,0.26708984375
2921,0.451171875,0.36767578125,2.51708984375,0.4267578125,0.35546875,0.3779296875
2922,0.6513671875,0.5732421875,2.244140625,0.8486328125,0.736328125,0.5849609375
2923,0.95556640625,0.5517578125,2.19873046875,0.81005859375,0.697265625,0.541015625
2924,0.60986328125,0.29638671875,2.31689453125,0.41015625,0.65673828125,0.6875
2925,0.73388671875,0.26904296875,2.2958984375,0.3173828125,0.783203125,0.7451171875
2926,0.72607421875,0.5537109375,2.31396484375,0.7666015625,0.48974609375,0.453125
2927,0.859375,0.6533203125,2.2294921875,0.72119140625,0.3896484375,0.4013671875
2928,0.29931640625,0.455078125,2.5341796875,0.5693359375,0.9501953125,0.4609375
2929,0.51953125,0.46923828125,2.47119140625,0.58203125,0.81396484375,0.46728515625
2930,0.70556640625,0.47998046875,2.30322265625,0.86767578125,0.49951171875,0.4365234375
2931,0.77587890625,0.404296875,2.26953125,0.73486328125,0.29736328125,0.45361328125
2932,0.337890625,0.28662109375000006,2.3505859375,0.64892578125,0.6005859375,0.44482421875
2933,0.23828125000000003,0.2998046875000001,2.361328125,0.5283203125,0.4814453125,0.4921875
2934,0.4892578125,0.26953125,2.2294921875,0.77783203125,0.583984375,0.7060546875
2935,0.40771484375,0.24658203125,2.2578125,0.70751953125,0.32861328125,0.6337890625
2936,0.34228515625,0.79443359375,2.6162109375,0.6220703125,0.345703125,0.29345703125
2937,0.4765625,0.693359375,2.52783203125,0.56640625,0.4521484375,0.3505859375
2938,0.494140625,0.4912109375,2.15380859375,0.78466796875,0.6533203125,0.52783203125
2939,0.6376953125,0.43603515625,2.1962890625,0.75,0.52490234375,0.76416015625
2940,0.328125,0.4970703125,2.39013671875,0.5693359375,0.32373046875,0.65771484375
2941,0.49560546875,0.44677734375,2.33544921875,0.43212890625,0.21337890625,0.73583984375
2942,0.2587890625,0.455078125,2.5673828125,0.427734375,0.62646484375,0.400390625
2943,0.40576171875,0.4345703125,2.54541015625,0.32958984375,0.52587890625,0.533203125
2944,0.46875000000000006,0.3447265625,2.35302734375,0.78662109375,0.43359375,0.41552734375
2945,0.623046875,0.2880859375,2.31591796875,0.75048828125,0.12695312500000006,0.4912109375
2946,0.6943359375,0.3349609375,2.27734375,0.6181640625,0.302734375,0.61865234375
2947,0.84765625,0.2900390625,2.28369140625,0.57470703125,0.3291015625,0.6181640625
2948,0.416015625,0.26904296875,2.4345703125,0.64208984375,0.17382812500000003,0.3330078125
2949,0.4443359375,0.32763671875,2.29541015625,0.58349609375,0.15429687500000003,0.50830078125
2950,0.32666015625000006,0.74560546875,2.50146484375,0.37841796875,0.5712890625,0.27441406250000006
2951,0.5908203125,0.79052734375,2.52294921875,0.296875,0.36083984375,0.322265625
2952,0.08544921875000012,0.61572265625,2.48828125,0.34619140625,0.31103515625,0.11718750000000004
2953,0.12060546875000003,0.7685546875,2.51611328125,0.36669921875,0.27490234375,0.17578125000000003
2954,0.2734375000000001,0.82275390625,2.42578125,0.466796875,0.51220703125,0.599609375
2955,0.2353515625,0.701171875,2.26806640625,0.45654296875,0.4375,0.58740234375
2956,0.37353515625,0.48046875,2.345703125,0.43310546875,0.291015625,0.470703125
2957,0.80078125,0.5341796875,2.30810546875,0.48388671875,0.25634765625000006,0.490234375
2958,0.1279296875,0.32421875,2.32470703125,0.50048828125,0.6044921875,0.57861328125
2959,0.20703125,0.30908203125,2.36083984375,0.400390625,0.52392578125,0.759765625
2960,0.4208984375,0.67236328125,2.32177734375,0.37451171875000006,0.51708984375,0.5546875
2961,0.47998046875,0.65234375,2.2919921875,0.3056640625,0.40771484375,0.64404296875
2962,0.4228515625,0.57177734375,2.34375,0.34619140625,0.291015625,0.728515625
2963,0.5107421875,0.55078125,2.25,0.3037109375,0.337890625,0.68115234375
2964,0.447265625,0.47509765625,2.248046875,0.75341796875,0.3642578125,0.5341796875
2965,0.53564453125,0.42626953125,2.1533203125,0.533203125,0.2431640625,0.7119140625
2966,0.17578125000000003,0.73291015625,2.35986328125,0.7900390625,0.64208984375,0.49560546875
2967,0.4365234375,0.73193359375,2.33349609375,0.65478515625,0.517578125,0.45654296875
2968,0.4306640625,0.34130859375,2.447265625,0.75830078125,0.55029296875,0.66943359375
2969,0.515625,0.31689453125,2.337890625,0.68115234375,0.32763671875,0.734375
2970,0.50439453125,0.39501953125,2.4580078125,0.8095703125,0.66552734375,0.40722656250000006
2971,0.693359375,0.43847656250000006,2.33837890625,0.72705078125,0.53466796875,0.48681640625
2972,0.544921875,0.45849609375,2.52490234375,0.46875,0.7099609375,0.4296875
2973,0.7412109375,0.46777343750000006,2.3330078125,0.439453125,0.44287109375,0.47314453125
2974,0.24853515625,0.58154296875,2.31884765625,0.5078125,0.6494140625,0.54248046875
2975,0.3603515625,0.58935546875,2.263671875,0.4306640625,0.515625,0.671875
2976,0.4931640625,0.54833984375,2.16064453125,0.51318359375,0.56689453125,0.57470703125
2977,0.66845703125,0.57861328125,2.189453125,0.37353515625,0.6181640625,0.578125
2978,0.3447265625,0.27685546875,2.599609375,0.52392578125,0.44873046875,0.4248046875
2979,0.54052734375,0.40283203125,2.55078125,0.45507812500000006,0.4619140625,0.42529296875
2980,0.32861328125,0.53125,2.24462890625,0.4697265625,0.6240234375,0.5361328125
2981,0.40771484375000006,0.3310546875,2.119140625,0.44677734375,0.5498046875,0.64013671875
2982,0.4951171875,0.4306640625,2.25927734375,0.79345703125,0.51806640625,0.525390625
2983,0.64306640625,0.4462890625,2.236328125,0.6689453125,0.31152343750000006,0.62109375
2984,0.34326171875,0.48291015625,2.2724609375,0.546875,0.4189453125,0.38330078125
2985,0.51806640625,0.48583984375,2.271484375,0.45703125,0.4609375,0.45654296875
2986,0.1923828125000001,0.4521484375,2.3984375,0.49951171875,0.15625000000000006,0.57763671875
2987,0.30517578125,0.5185546875,2.38720703125,0.41552734375,0.09082031250000004,0.6015625
2988,0.2719726562500001,0.35107421875,2.2080078125,0.58642578125,0.34228515625,0.33154296875
2989,0.27734375,0.2294921875,2.12158203125,0.5703125,0.2329101562500001,0.3330078125
2990,0.4970703125,0.60009765625,2.3046875,0.525390625,0.5673828125,0.54248046875
2991,0.50146484375,0.61474609375,2.2841796875,0.42236328125,0.66162109375,0.57470703125
2992,0.53076171875,0.43115234375,2.302734375,0.65478515625,0.5126953125,0.69140625
2993,0.63037109375,0.48486328125,2.27392578125,0.5068359375,0.4130859375,0.8017578125
2994,0.39208984375,0.41259765625,2.5908203125,0.34814453125,0.55908203125,0.45263671875
2995,0.4931640625,0.41552734375,2.486328125,0.31201171875,0.54052734375,0.630859375
2996,0.4169921875,0.69140625,2.4296875,0.5322265625,0.50244140625,0.67236328125
2997,0.49951171875,0.71728515625,2.3623046875,0.470703125,0.37255859375,0.70556640625
2998,0.43408203125,0.3388671875,2.22412109375,0.81689453125,0.3779296875,0.59716796875
2999,0.6572265625,0.2890625,2.240234375,0.71337890625,0.19384765625000006,0.7578125
3000,0.39990234375000006,0.70556640625,2.38916015625,0.61376953125,0.76953125,0.66650390625
3001,0.46875,0.7294921875,2.30908203125,0.42822265625,0.57080078125,0.70947265625
3002,0.5654296875,0.82763671875,2.1865234375,0.47314453125,0.90234375,0.5869140625
3003,0.70654296875,0.68115234375,2.1376953125,0.51513671875,0.6923828125,0.6806640625
3004,0.484375,0.630859375,2.37109375,0.70361328125,0.26513671875,0.427734375
3005,0.68408203125,0.626953125,2.33935546875,0.482421875,0.28173828125,0.46289062500000006
3006,0.64794921875,0.27734375,2.626953125,0.66943359375,0.60205078125,0.4638671875
3007,0.5302734375,0.3271484375,2.6708984375,0.53466796875,0.53369140625,0.45703125
3008,0.08740234375000004,0.6533203125,2.44384765625,0.67724609375,0.529296875,0.4189453125
3009,0.24462890625,0.73779296875,2.3779296875,0.54736328125,0.42236328125000006,0.46826171875
3010,0.328125,0.6650390625,2.49755859375,0.5927734375,0.865234375,0.5029296875
3011,0.55078125,0.56689453125,2.5029296875,0.494140625,0.7041015625,0.4404296875
3012,0.33251953125,0.42529296875,2.14794921875,0.53515625,0.32275390625,0.42626953125
3013,0.49609375,0.44921875,2.189453125,0.41259765625,0.283203125,0.48681640625
3014,0.15722656250000006,0.5859375,2.546875,0.640625,0.3232421875,0.494140625
3015,0.46484375,0.67919921875,2.5126953125,0.607421875,0.2524414062500001,0.6591796875
3016,0.455078125,0.6953125,2.5771484375,0.31982421875,0.814453125,0.7275390625
3017,0.38281250000000006,0.7998046875,2.4736328125,0.33203125,0.3759765625,0.744140625
3018,0.36474609375,0.34130859375,2.140625,0.2158203125,0.52197265625,0.64111328125
3019,0.5068359375,0.23583984375,2.01904296875,0.19775390625000003,0.447265625,0.568359375
3020,0.36865234375,0.32666015625,2.45166015625,0.5625,0.60546875,0.6767578125
3021,0.58251953125,0.30322265625,2.4775390625,0.4853515625,0.31640625000000006,0.748046875
3022,0.61865234375,0.6220703125,2.44287109375,0.55224609375,0.47412109375,0.4189453125
3023,0.48779296875,0.77099609375,2.39208984375,0.38623046875,0.3642578125,0.51220703125
3024,0.53759765625,0.61181640625,2.32421875,0.7763671875,0.642578125,0.599609375
3025,0.6064453125,0.62744140625,2.2744140625,0.60205078125,0.546875,0.59326171875
3026,0.5595703125,0.45947265625,2.328125,0.81689453125,0.62890625,0.49365234375
3027,0.818359375,0.52734375,2.24560546875,0.62060546875,0.49462890625,0.513671875
3028,0.37744140625,0.564453125,2.52978515625,0.658203125,0.46240234375,0.4375
3029,0.41748046875000006,0.58056640625,2.51806640625,0.42822265625,0.42919921875000006,0.51953125
3030,0.35986328125000006,0.7861328125,2.4931640625,0.748046875,0.59521484375,0.53076171875
3031,0.49169921875,0.67138671875,2.50927734375,0.5185546875,0.60693359375,0.529296875
3032,0.390625,0.4951171875,2.47216796875,0.51318359375,0.58544921875,0.267578125
3033,0.48828125,0.51171875,2.39013671875,0.44921875,0.53369140625,0.30810546875
3034,0.4912109375,0.27978515625,2.2548828125,0.552734375,0.5537109375,0.2841796875
3035,0.65283203125,0.30126953125,2.21533203125,0.40185546875,0.32763671875,0.28662109375
3036,0.83056640625,0.71142578125,2.2744140625,0.4970703125,0.6064453125,0.4140625
3037,0.9609375,0.76025390625,2.263671875,0.4248046875,0.376953125,0.458984375
3038,0.7255859375,0.58837890625,2.37744140625,0.658203125,0.80029296875,0.66845703125
3039,0.70166015625,0.59033203125,2.341796875,0.4521484375,0.6181640625,0.7431640625
3040,0.546875,0.39404296875000006,2.3203125,0.55712890625,0.44824218750000006,0.576171875
3041,0.591796875,0.279296875,2.2998046875,0.5439453125,0.53515625,0.595703125
3042,0.45068359375,0.72900390625,2.2509765625,0.560546875,0.5263671875,0.17968750000000003
3043,0.4130859375,0.76806640625,2.318359375,0.4130859375,0.3662109375,0.18554687500000003
3044,0.30371093750000006,0.45361328125,2.46484375,0.82275390625,0.8076171875,0.40771484375000006
3045,0.58154296875,0.42041015625,2.42138671875,0.67626953125,0.66259765625,0.50390625
3046,0.18212890625,0.39111328125,2.31201171875,0.22998046875,0.36718750000000006,0.4638671875
3047,0.38720703125,0.42529296875,2.31103515625,0.20556640625,0.2939453125,0.56982421875
3048,0.48046875,0.59375,2.18115234375,0.66455078125,0.3115234375,0.5810546875
3049,0.7958984375,0.60400390625,2.18505859375,0.5771484375,0.41943359375,0.63134765625
3050,0.4443359375,0.587890625,2.2646484375,0.62646484375,0.43310546875,0.5654296875
3051,0.4326171875,0.5654296875,2.1845703125,0.59375,0.2392578125,0.5888671875
3052,0.43164062500000006,0.50390625,2.4833984375,0.8740234375,0.46044921875,0.56982421875
3053,0.68359375,0.45849609375,2.43896484375,0.7666015625,0.41943359375,0.59716796875
3054,0.54150390625,0.68017578125,2.326171875,0.6748046875,0.28759765625,0.30126953125
3055,0.6025390625,0.6669921875,2.30615234375,0.6259765625,0.2026367187500001,0.31884765625
3056,0.45556640625000006,0.61572265625,2.24853515625,0.58544921875,0.8662109375,0.53173828125
3057,0.47216796875,0.55810546875,2.24609375,0.568359375,0.5595703125,0.57080078125
3058,0.25927734375,0.490234375,2.3212890625,0.638671875,0.412109375,0.4736328125
3059,0.36474609375,0.484375,2.2119140625,0.5068359375,0.43310546875,0.49658203125
3060,0.06542968750000007,0.771484375,2.11767578125,0.5029296875,0.86181640625,0.533203125
3061,0.18603515625000003,0.68896484375,2.0771484375,0.47265625,0.59912109375,0.59033203125
3062,0.5185546875,0.6318359375,2.35888671875,0.47265625,0.49511718750000006,0.29931640625
3063,0.552734375,0.541015625,2.32470703125,0.34326171875,0.646484375,0.3046875000000001
3064,0.3251953125,0.7890625,2.68896484375,0.5986328125,0.34228515625000006,0.5087890625
3065,0.63427734375,0.73291015625,2.53466796875,0.59228515625,0.3134765625,0.61279296875
3066,0.21923828125000003,0.6923828125,2.29248046875,0.568359375,0.23193359375,0.64453125
3067,0.36279296875,0.77099609375,2.2939453125,0.60595703125,0.41015625,0.72509765625
3068,0.6123046875,0.32568359375,2.4306640625,0.32470703125000006,0.916015625,0.55908203125
3069,0.6923828125,0.29296875,2.34423828125,0.3662109375,0.8583984375,0.619140625
3070,0.4814453125,0.451171875,2.40283203125,0.5859375,0.6943359375,0.58056640625
3071,0.64404296875,0.486328125,2.27685546875,0.39111328125,0.453125,0.58935546875
3072,0.35205078125,0.474609375,2.44287109375,0.708984375,0.533203125,0.326171875
3073,0.478515625,0.490234375,2.396484375,0.55517578125,0.35791015625,0.376953125
3074,0.6669921875,0.27880859375,2.41064453125,0.47998046875,0.431640625,0.39306640625
3075,0.783203125,0.2534179687500001,2.3662109375,0.396484375,0.10302734375000007,0.48730468750000006
3076,0.25292968750000006,0.16162109375000006,2.185546875,0.52734375,0.58984375,0.71142578125
3077,0.4599609375,0.11181640625000004,2.2333984375,0.41650390625,0.4775390625,0.66455078125
3078,0.51904296875,0.6123046875,2.40234375,0.68701171875,0.35937500000000006,0.41650390625
3079,0.7470703125,0.59375,2.4013671875,0.62939453125,0.20947265625,0.46337890625
3080,0.5234375,0.6357421875,2.50439453125,0.51123046875,0.5087890625,0.46240234375
3081,0.67041015625,0.53759765625,2.4150390625,0.3544921875,0.46337890625,0.52978515625
3082,0.5146484375,0.78271484375,2.3642578125,0.349609375,0.7314453125,0.38037109375
3083,0.68212890625,0.7099609375,2.29248046875,0.35107421875,0.64501953125,0.44482421875
3084,0.07861328125000004,0.77294921875,2.64697265625,0.359375,0.64306640625,0.42236328125
3085,0.1865234375,0.68701171875,2.58837890625,0.28173828125,0.56591796875,0.33984375
3086,0.06933593750000007,0.8544921875,2.56884765625,0.67138671875,0.537109375,0.66796875
3087,0.18847656250000003,0.828125,2.62548828125,0.66455078125,0.35644531250000006,0.67822265625
3088,0.44384765625,0.478515625,2.30029296875,0.408203125,0.703125,0.44921875
3089,0.5087890625,0.43115234375,2.26611328125,0.232421875,0.46533203125,0.43603515625
3090,0.56103515625,0.4404296875,2.4560546875,0.72705078125,0.24169921875,0.49072265625
3091,0.61181640625,0.52783203125,2.4384765625,0.564453125,0.12597656250000006,0.44677734375
3092,0.51953125,0.42919921875,2.0732421875,0.2333984375,0.81005859375,0.54296875
3093,0.58935546875,0.408203125,1.978515625,0.23046875,0.59521484375,0.56396484375
3094,0.4541015625,0.55712890625,2.38427734375,0.67529296875,0.5732421875,0.55615234375
3095,0.4443359375,0.6064453125,2.32177734375,0.64013671875,0.3779296875000001,0.54736328125
3096,0.1513671875000001,0.51220703125,2.38232421875,0.853515625,0.61279296875,0.68359375
3097,0.3671875,0.4482421875,2.3115234375,0.60986328125,0.4443359375,0.8193359375
3098,0.6044921875,0.451171875,2.5439453125,0.5244140625,0.75390625,0.7158203125
3099,0.6259765625,0.4638671875,2.34814453125,0.3974609375,0.69384765625,0.7763671875
3100,0.59130859375,0.42919921875,2.29052734375,0.39892578125,0.4794921875,0.59912109375
3101,0.6943359375,0.4609375,2.2060546875,0.40869140625,0.419921875,0.53466796875
3102,0.3447265625,0.52197265625,2.19775390625,0.38134765625,0.39013671875,0.2783203125
3103,0.41748046875,0.47900390625,2.2021484375,0.3134765625,0.2216796875,0.353515625
3104,0.5087890625,0.61474609375,2.24951171875,0.6259765625,0.61474609375,0.42138671875
3105,0.58642578125,0.568359375,2.07958984375,0.5888671875,0.5693359375,0.44287109375
3106,0.22216796875,0.4716796875,2.18408203125,0.43994140625000006,0.271484375,0.4423828125
3107,0.3466796875,0.5029296875,2.23779296875,0.470703125,0.28759765625,0.47802734375
3108,0.44384765625,0.73583984375,2.43505859375,0.82080078125,0.42578125,0.4150390625
3109,0.74853515625,0.80126953125,2.38525390625,0.62060546875,0.41650390625,0.47021484375
3110,0.6572265625,0.4541015625,2.349609375,0.86474609375,0.6787109375,0.41748046875000006
3111,0.77880859375,0.44091796875,2.31396484375,0.74609375,0.51806640625,0.5205078125
3112,0.29296875,0.79296875,2.3466796875,0.5166015625,0.62353515625,0.8017578125
3113,0.31494140625,0.6240234375,2.240234375,0.52978515625,0.4404296875,0.87841796875
3114,0.498046875,0.47509765625,2.57666015625,0.5263671875,0.4990234375,0.6826171875
3115,0.74658203125,0.474609375,2.49755859375,0.43798828125,0.50048828125,0.669921875
3116,0.4677734375,0.59814453125,2.15576171875,0.68994140625,0.66650390625,0.35498046875
3117,0.3569335937500001,0.56494140625,2.13330078125,0.61376953125,0.75439453125,0.2465820312500001
3118,0.431640625,0.123046875,2.31640625,0.63671875,0.490234375,0.5556640625
3119,0.59033203125,0.13232421875000006,2.28662109375,0.6513671875,0.38232421875,0.5380859375
3120,0.2490234375000001,0.72998046875,2.568359375,0.7861328125,0.33154296875,0.52197265625
3121,0.3818359375,0.72998046875,2.5107421875,0.6240234375,0.283203125,0.625
3122,0.28613281250000006,0.5478515625,2.49169921875,0.501953125,0.6455078125,0.583984375
3123,0.4375,0.59912109375,2.41748046875,0.4287109375,0.55419921875,0.58837890625
3124,0.369140625,0.828125,2.0478515625,0.5888671875,0.47900390625,0.87255859375
3125,0.54052734375,0.65185546875,2.083984375,0.55517578125,0.42431640625,0.791015625
3126,0.37841796875,0.6826171875,2.39794921875,0.52783203125,0.67578125,0.4365234375
3127,0.55712890625,0.7744140625,2.29052734375,0.4169921875,0.421875,0.4375
3128,0.55078125,0.25634765625,2.5185546875,0.50439453125,0.59814453125,0.2724609375
3129,0.609375,0.3330078125,2.44775390625,0.45263671875,0.35986328125,0.3525390625
3130,0.5087890625,0.43896484375,2.4306640625,0.6689453125,0.32373046875,0.39746093750000006
3131,0.642578125,0.56884765625,2.3876953125,0.568359375,0.19433593750000006,0.44140625000000006
3132,0.27880859375,0.63720703125,2.52490234375,0.8017578125,0.50634765625,0.5234375
3133,0.37744140625000006,0.607421875,2.42919921875,0.69091796875,0.38134765625,0.5810546875
3134,0.6025390625,0.7724609375,2.43212890625,0.35498046875000006,0.4853515625,0.43603515625
3135,0.56494140625,0.85205078125,2.447265625,0.37109375,0.40478515625,0.47705078125
3136,0.52392578125,0.50439453125,2.25341796875,0.5146484375,0.70068359375,0.42138671875
3137,0.63134765625,0.36914062500000006,2.41064453125,0.466796875,0.74951171875,0.5078125
3138,0.22607421875,0.3037109375,2.353515625,0.50830078125,0.44140625000000006,0.271484375
3139,0.29199218750000006,0.27294921875,2.32568359375,0.4248046875,0.38671875,0.3388671875
3140,0.5546875,0.62841796875,2.31201171875,0.59375,0.22216796875,0.57177734375
3141,0.6923828125,0.6318359375,2.259765625,0.3212890625,0.07714843750000007,0.658203125
3142,0.490234375,0.33203125,2.5107421875,0.52783203125,0.357421875,0.412109375
3143,0.5712890625,0.25048828125,2.50634765625,0.447265625,0.21875,0.46875
3144,0.6123046875,0.42333984375,2.32373046875,0.3642578125,0.65185546875,0.2480468750000001
3145,0.60595703125,0.431640625,2.2880859375,0.28076171875,0.541015625,0.32568359375
3146,0.42578125,0.70068359375,2.50146484375,0.6015625,0.58154296875,0.2314453125
3147,0.6708984375,0.54541015625,2.50830078125,0.583984375,0.7216796875,0.31982421875
3148,0.34814453125,0.4765625,2.21826171875,0.4697265625,0.5029296875,0.27880859375000006
3149,0.60107421875,0.42724609375,2.216796875,0.42822265625,0.32275390625,0.31689453125
3150,0.38281250000000006,0.68701171875,2.34912109375,0.5439453125,0.5068359375,0.62109375
3151,0.44287109375,0.73583984375,2.2861328125,0.44384765625,0.337890625,0.6015625
3152,0.58935546875,0.43505859375,2.29296875,0.57080078125,0.52392578125,0.7470703125
3153,0.501953125,0.49853515625,2.279296875,0.484375,0.29248046875,0.8505859375
3154,0.326171875,0.6796875,2.42236328125,0.74853515625,0.31982421875000006,0.5283203125
3155,0.55517578125,0.73095703125,2.328125,0.68798828125,0.27099609375,0.5966796875
3156,0.5927734375,0.92578125,2.48681640625,0.29833984375,0.70361328125,0.58056640625
3157,0.646484375,0.77001953125,2.4228515625,0.38232421875,0.6484375,0.6513671875
3158,0.37109375,0.24853515625,2.1787109375,0.57763671875,0.5146484375,0.28857421875
3159,0.5625,0.31591796875000006,2.130859375,0.46630859375,0.30615234375,0.30078125000000006
3160,0.3701171875,0.740234375,2.31298828125,0.56689453125,0.5625,0.57373046875
3161,0.41943359375,0.6875,2.34716796875,0.509765625,0.51220703125,0.58154296875
3162,0.56689453125,0.32568359375,2.19921875,0.603515625,0.5419921875,0.68359375
3163,0.55859375,0.2724609375,2.21533203125,0.50146484375,0.62353515625,0.66796875
3164,0.5166015625,0.48388671875,2.3779296875,0.53271484375,0.76171875,0.341796875
3165,0.5595703125,0.4462890625,2.2890625,0.4453125,0.671875,0.3740234375
3166,0.3935546875,0.5810546875,2.49755859375,0.6943359375,0.5361328125,0.26416015625
3167,0.53564453125,0.59716796875,2.42041015625,0.69775390625,0.53076171875,0.34228515625
3168,0.4970703125,0.65234375,2.35400390625,0.501953125,0.3623046875,0.39892578125
3169,0.65087890625,0.50927734375,2.3115234375,0.486328125,0.24560546875,0.44775390625
3170,0.40234375,0.59326171875,2.05859375,0.7216796875,0.5478515625,0.720703125
3171,0.447265625,0.591796875,1.9990234375,0.6640625,0.3388671875,0.748046875
3172,0.56494140625,0.4130859375,2.21875,0.3505859375,0.7529296875,0.4521484375
3173,0.6728515625,0.501953125,2.21728515625,0.30859375,0.63720703125,0.42138671875000006
3174,0.3515625,0.44189453125,2.30126953125,0.3330078125,0.54833984375,0.52490234375
3175,0.5810546875,0.4716796875,2.16259765625,0.38623046875,0.3134765625,0.6044921875
3176,0.33349609375,0.26806640625,2.32861328125,0.6474609375,0.716796875,0.24951171875
3177,0.54248046875,0.3310546875,2.3720703125,0.49609375,0.52001953125,0.34814453125
3178,0.53466796875,0.4560546875,2.2822265625,0.4375,0.56640625,0.11962890625000003
3179,0.6748046875,0.39941406250000006,2.19677734375,0.4677734375,0.5927734375,0.24072265625
3180,0.4775390625,0.44921875,2.3916015625,0.7509765625,0.64892578125,0.66943359375
3181,0.6943359375,0.48974609375,2.345703125,0.68994140625,0.4892578125,0.69140625
3182,0.52294921875,0.6806640625,2.27099609375,0.74169921875,0.60546875,0.509765625
3183,0.61279296875,0.78515625,2.27587890625,0.677734375,0.490234375,0.48779296875
3184,0.56494140625,0.18017578125000003,2.40966796875,0.890625,0.86572265625,0.16015625000000003
3185,0.59423828125,0.16113281250000003,2.35205078125,0.8681640625,0.64501953125,0.21240234375
3186,0.7587890625,0.31250000000000006,2.24755859375,0.49951171875,0.443359375,0.5556640625
3187,0.85400390625,0.263671875,2.17236328125,0.4189453125,0.45166015625,0.63134765625
3188,0.74609375,0.50341796875,2.32666015625,0.54931640625,0.64501953125,0.611328125
3189,0.70654296875,0.564453125,2.248046875,0.39404296875,0.51708984375,0.63916015625
3190,0.15966796875000006,0.5859375,2.17578125,0.388671875,0.89794921875,0.435546875
3191,0.37744140625,0.5966796875,2.21484375,0.27734375,0.59375,0.50927734375
3192,0.08984375000000007,0.7802734375,2.35546875,0.90673828125,0.58837890625,0.42138671875
3193,0.24658203125,0.6796875,2.40380859375,0.763671875,0.47607421875,0.49169921875
3194,0.33984375,0.4609375,2.30908203125,0.41845703125,0.2729492187500001,0.49267578125
3195,0.5400390625,0.4111328125,2.2587890625,0.3076171875,0.31982421875,0.6259765625
3196,0.5107421875,0.6298828125,2.412109375,0.35791015625,0.53076171875,0.53955078125
3197,0.63623046875,0.58642578125,2.375,0.3095703125,0.38427734375,0.6396484375
3198,0.37060546875,0.6171875,2.22119140625,0.736328125,0.4814453125,0.40869140625000006
3199,0.4462890625,0.56787109375,2.20849609375,0.61767578125,0.68017578125,0.5068359375
3200,0.283203125,0.53369140625,2.490234375,0.384765625,0.54345703125,0.41064453125
3201,0.28125,0.43994140625000006,2.3916015625,0.326171875,0.615234375,0.49658203125
3202,0.6630859375,0.61376953125,2.5087890625,0.64453125,0.326171875,0.15527343750000006
3203,0.890625,0.544921875,2.48681640625,0.5771484375,0.21240234375,0.2294921875
3204,0.3486328125,0.82958984375,2.48876953125,0.3271484375,0.99072265625,0.330078125
3205,0.49462890625,0.818359375,2.4501953125,0.23974609375,0.66357421875,0.32763671875
3206,0.4140625,0.5498046875,2.19921875,0.52294921875,0.20751953125,0.63134765625
3207,0.64599609375,0.44287109375,2.17626953125,0.396484375,0.03320312500000007,0.72314453125
3208,0.455078125,0.583984375,2.3212890625,0.37646484375,0.45263671875,0.2656250000000001
3209,0.5927734375,0.59375,2.32568359375,0.28125,0.2646484375,0.30224609375
3210,0.5576171875,0.43505859375,2.51171875,0.64013671875,0.51708984375,0.6640625
3211,0.72119140625,0.45507812500000006,2.51025390625,0.525390625,0.43505859375,0.68408203125
3212,0.46240234375,0.478515625,2.49365234375,0.41943359375000006,0.52880859375,0.35693359375
3213,0.3940429687500001,0.40966796875,2.51904296875,0.4814453125,0.28906250000000006,0.52197265625
3214,0.50927734375,0.30957031250000006,2.48779296875,0.65478515625,0.75732421875,0.41552734375
3215,0.4921875,0.27783203125,2.4716796875,0.6171875,0.6142578125,0.4091796875
3216,0.52978515625,0.25000000000000006,2.3818359375,0.5810546875,0.42333984375,0.72412109375
3217,0.7470703125,0.22802734375,2.31494140625,0.46142578125,0.38574218750000006,0.65771484375
3218,0.6748046875,0.615234375,2.2841796875,0.57373046875,0.66650390625,0.26269531250000006
3219,0.72216796875,0.52880859375,2.27490234375,0.46875,0.52783203125,0.3056640625
3220,0.484375,0.96533203125,2.509765625,0.78271484375,0.9677734375,0.341796875
3221,0.900390625,0.85791015625,2.4423828125,0.6826171875,0.72119140625,0.3515625
3222,0.53955078125,0.58447265625,2.26416015625,0.33251953125,0.45068359375000006,0.591796875
3223,0.6474609375,0.63232421875,2.19287109375,0.2734375,0.36328125,0.626953125
3224,0.5380859375,0.462890625,2.4462890625,0.66748046875,0.72998046875,0.3955078125
3225,0.4287109375,0.439453125,2.3994140625,0.5029296875,0.41259765625000006,0.49951171875
3226,0.4189453125,0.59912109375,2.25830078125,0.79248046875,0.255859375,0.8046875
3227,0.49609375,0.55419921875,2.12451171875,0.62548828125,0.09326171875000006,0.67138671875
3228,0.47900390625,0.9072265625,2.31103515625,0.78271484375,0.50732421875,0.2958984375
3229,0.70458984375,0.79931640625,2.29736328125,0.638671875,0.376953125,0.36962890625
3230,0.34716796875000006,0.57373046875,2.31396484375,0.51318359375,0.451171875,0.39599609375
3231,0.58251953125,0.595703125,2.2412109375,0.37255859375,0.26904296875,0.47802734375
3232,0.27392578125,0.54931640625,2.35205078125,0.376953125,0.4833984375,0.46630859375
3233,0.40869140625,0.603515625,2.31982421875,0.287109375,0.41357421875000006,0.56494140625
3234,0.4208984375,0.78759765625,2.06982421875,0.51220703125,0.63134765625,0.44384765625
3235,0.4736328125,0.70654296875,1.9873046875,0.474609375,0.55224609375,0.48730468750000006
3236,0.5537109375,0.52001953125,2.3935546875,0.4677734375,0.42919921875,0.6376953125
3237,0.48681640625,0.6083984375,2.34228515625,0.44873046875,0.40527343750000006,0.712890625
3238,0.48388671875,0.27490234375,2.31689453125,0.4775390625,0.68115234375,0.52099609375
3239,0.76953125,0.3427734375,2.29736328125,0.44970703125,0.43212890625,0.62744140625
3240,0.4921875,0.59130859375,2.26171875,0.4853515625,0.765625,0.38232421875
3241,0.4912109375,0.6904296875,2.22314453125,0.44238281250000006,0.5185546875,0.42431640625
3242,0.57470703125,0.8251953125,2.42138671875,0.5771484375,0.40234375000000006,0.482421875
3243,0.7998046875,0.818359375,2.4375,0.5703125,0.40820312500000006,0.65185546875
3244,0.435546875,0.7353515625,2.4501953125,0.3583984375,0.68994140625,0.3876953125
3245,0.48681640625,0.65478515625,2.47998046875,0.2919921875,0.71533203125,0.498046875
3246,0.3681640625000001,0.44580078125000006,2.29296875,0.4814453125,0.34619140625,0.40234375
3247,0.46093750000000006,0.470703125,2.18701171875,0.47900390625,0.3271484375,0.66162109375
3248,0.392578125,0.47021484375,2.3466796875,0.69580078125,0.744140625,0.50390625
3249,0.2529296875,0.39599609375,2.33984375,0.56640625,0.68017578125,0.587890625
3250,0.5625,0.3779296875,2.4091796875,0.18310546875000006,0.5986328125,0.33593750000000006
3251,0.58203125,0.5029296875,2.45068359375,0.18359375000000006,0.3310546875,0.408203125
3252,0.521484375,0.3037109375,2.19189453125,0.47412109375,0.54638671875,0.70166015625
3253,0.57421875,0.30322265625000006,2.1611328125,0.453125,0.37109375,0.70556640625
3254,0.78466796875,0.6474609375,2.24951171875,0.775390625,0.6298828125,0.60107421875
3255,0.7734375,0.72998046875,2.19677734375,0.6806640625,0.53564453125,0.74169921875
3256,0.23388671875,0.33154296875,2.3095703125,0.9287109375,0.20166015625000003,0.38085937500000006
3257,0.3232421875,0.2177734375,2.29248046875,0.6455078125,0.12109375000000004,0.4453125
3258,0.38134765625,0.75,2.2490234375,0.6796875,0.41552734375,0.3125
3259,0.58203125,0.751953125,2.27880859375,0.57470703125,0.42529296875,0.328125
3260,0.291015625,0.14794921875000003,2.35302734375,0.345703125,0.6767578125,0.28076171875
3261,0.23779296875,0.12548828125000003,2.3828125,0.2275390625,0.46533203125,0.35009765625
3262,0.8408203125,0.64794921875,2.26953125,0.943359375,0.37255859375,0.529296875
3263,0.70068359375,0.7021484375,2.21923828125,0.76318359375,0.23144531250000003,0.6328125
3264,0.47412109375,0.78076171875,2.26416015625,0.533203125,0.19824218750000006,0.56396484375
3265,0.6806640625,0.70703125,2.22119140625,0.54150390625,0.08935546875000004,0.59423828125
3266,0.42529296875,0.564453125,2.53759765625,0.666015625,0.91259765625,0.42578125
3267,0.44482421875,0.56689453125,2.548828125,0.4912109375,0.58447265625,0.36376953125
3268,0.49169921875,0.33837890625,2.1318359375,0.74365234375,0.47216796875,0.55322265625
3269,0.67041015625,0.38037109375,2.15673828125,0.52197265625,0.33642578125,0.70263671875
3270,0.513671875,0.44482421875,2.31005859375,0.74951171875,0.62890625,0.16162109375000006
3271,0.681640625,0.47216796875,2.3740234375,0.5341796875,0.68701171875,0.18212890625000003
3272,0.31298828125,0.404296875,2.373046875,0.66650390625,0.49560546875,0.58203125
3273,0.24365234375000003,0.43212890625000006,2.4365234375,0.57275390625,0.5791015625,0.6611328125
3274,0.3759765625,0.7138671875,2.3583984375,0.37695312500000006,0.47119140625,0.38818359375
3275,0.37060546875,0.71826171875,2.2939453125,0.34326171875,0.30810546875000006,0.5048828125
3276,0.42626953125,0.3583984375,2.4423828125,0.5791015625,0.61083984375,0.41162109375
3277,0.69189453125,0.27392578125,2.41455078125,0.52099609375,0.51708984375,0.4912109375
3278,0.4619140625,0.29736328125,2.478515625,0.77587890625,0.4736328125,0.15576171875000006
3279,0.4814453125,0.2177734375,2.50244140625,0.603515625,0.4580078125,0.16601562500000003
3280,0.2998046875,0.47460937500000006,2.43994140625,0.869140625,0.57666015625,0.39794921875000006
3281,0.56005859375,0.494140625,2.3681640625,0.88720703125,0.61865234375,0.41796875000000006
3282,0.5048828125,0.5927734375,2.2568359375,0.35302734375000006,0.56298828125,0.38720703125
3283,0.80810546875,0.59033203125,2.232421875,0.3017578125,0.61962890625,0.51953125
3284,0.50390625,0.58984375,2.24658203125,0.591796875,0.6484375,0.6337890625
3285,0.42919921875,0.56689453125,2.1875,0.40771484375,0.4501953125,0.54345703125
3286,0.5048828125,0.85595703125,2.30859375,0.68505859375,0.36376953125,0.5341796875
3287,0.7041015625,0.89013671875,2.26123046875,0.7236328125,0.34716796875,0.60205078125
3288,0.54150390625,0.68212890625,2.1103515625,0.90380859375,0.39013671875000006,0.64453125
3289,0.68408203125,0.57421875,2.0283203125,0.7607421875,0.43310546875,0.79345703125
3290,0.56591796875,0.68017578125,2.26513671875,0.771484375,0.74365234375,0.17822265625000003
3291,0.73974609375,0.5830078125,2.2265625,0.71142578125,0.6669921875,0.21044921875
3292,0.6435546875,0.5009765625,2.2158203125,0.7080078125,0.3154296875,0.57763671875
3293,0.71484375,0.5146484375,2.146484375,0.5654296875,0.14062500000000006,0.64111328125
3294,0.2128906250000001,0.39843750000000006,2.369140625,0.61865234375,0.47265625,0.54150390625
3295,0.35009765625,0.4541015625,2.27880859375,0.5107421875,0.341796875,0.6357421875
3296,0.25292968750000006,0.61181640625,2.21435546875,0.72119140625,0.73583984375,0.41552734375
3297,0.27441406250000006,0.55615234375,2.2900390625,0.71044921875,0.447265625,0.51025390625
3298,0.4599609375,0.44580078125,2.31787109375,0.513671875,0.49267578125,0.38427734375
3299,0.43798828125,0.37841796875,2.2353515625,0.43505859375,0.33837890625,0.4609375
3300,0.4677734375,0.4658203125,2.470703125,0.56787109375,0.61083984375,0.3642578125
3301,0.70703125,0.39990234375,2.38134765625,0.6982421875,0.4521484375,0.47998046875
3302,0.60595703125,0.60595703125,2.38134765625,0.31689453125,0.41650390625,0.47607421875
3303,0.67578125,0.53125,2.48388671875,0.2861328125,0.3740234375,0.60302734375
3304,0.30371093750000006,0.6376953125,2.34521484375,0.59228515625,0.6201171875,0.57861328125
3305,0.5576171875,0.63330078125,2.2158203125,0.65087890625,0.44873046875,0.6484375
3306,0.720703125,0.59375,2.537109375,0.19580078125000003,0.34326171875,0.439453125
3307,0.6640625,0.53857421875,2.47509765625,0.18310546875,0.2333984375,0.46484375
3308,0.28466796875,0.4716796875,2.52294921875,0.806640625,0.8203125,0.17089843750000006
3309,0.51220703125,0.44531250000000006,2.42236328125,0.65234375,0.64013671875,0.17724609375000003
3310,0.34863281250000006,0.578125,2.44482421875,0.48681640625,0.6591796875,0.5791015625
3311,0.46533203125,0.54833984375,2.4091796875,0.419921875,0.58056640625,0.72216796875
3312,0.62353515625,0.54052734375,2.51220703125,0.55712890625,0.28955078125,0.4150390625
3313,0.5703125,0.40869140625,2.46630859375,0.58544921875,0.23632812500000003,0.43505859375
3314,0.66650390625,0.45947265625,2.36181640625,0.6513671875,0.68408203125,0.47119140625
3315,1.037109375,0.44580078125000006,2.36767578125,0.5517578125,0.56787109375,0.638671875
3316,0.55419921875,0.5869140625,2.54248046875,0.4853515625,0.6494140625,0.16015625000000006
3317,0.5947265625,0.54052734375,2.48828125,0.435546875,0.45166015625,0.14990234375000003
3318,0.40185546875,0.6865234375,2.1669921875,0.67919921875,0.77880859375,0.3125
3319,0.44775390625,0.61572265625,2.1015625,0.46923828125,0.61865234375,0.36474609375000006
3320,0.60400390625,0.4619140625,2.45751953125,0.66357421875,0.564453125,0.28564453125
3321,0.576171875,0.453125,2.51953125,0.5009765625,0.50634765625,0.263671875
3322,0.43310546875,0.60546875,2.2216796875,0.396484375,0.498046875,0.37158203125
3323,0.67236328125,0.576171875,2.19189453125,0.31298828125,0.326171875,0.4521484375
3324,0.53857421875,0.27392578125,2.48046875,0.4189453125,0.6318359375,0.35498046875
3325,0.62158203125,0.32177734375,2.38818359375,0.298828125,0.56787109375,0.36279296875
3326,0.27734375,0.6103515625,2.5068359375,0.6171875,0.8056640625,0.34130859375
3327,0.5234375,0.5966796875,2.43212890625,0.37353515625,0.51513671875,0.37548828125
3328,0.061035156250000125,0.28662109375,2.3564453125,0.61376953125,0.6083984375,0.283203125
3329,0.18554687500000003,0.3002929687500001,2.26611328125,0.50537109375,0.5224609375,0.3720703125
3330,0.49267578125,0.314453125,2.49853515625,0.51416015625,0.5869140625,0.7802734375
3331,0.5751953125,0.31103515625,2.42626953125,0.3994140625,0.45703125,0.8359375
3332,0.39794921875,0.6015625,2.41015625,0.6748046875,0.41259765625,0.4609375
3333,0.75048828125,0.517578125,2.3369140625,0.5810546875,0.3173828125,0.5185546875
3334,0.22021484375,0.4638671875,2.38916015625,0.62841796875,0.4267578125,0.2822265625
3335,0.3232421875,0.4951171875,2.33056640625,0.60009765625,0.20654296875,0.3779296875
3336,0.4072265625,0.62646484375,2.18212890625,0.35400390625,0.42578125000000006,0.830078125
3337,0.50244140625,0.57470703125,2.14892578125,0.24365234375,0.37304687500000006,0.908203125
3338,0.65771484375,0.3271484375,2.45751953125,0.29541015625,0.515625,0.40234375
3339,0.7109375,0.31884765625,2.42919921875,0.29833984375,0.3896484375,0.419921875
3340,0.36279296875,0.2587890625,2.30029296875,0.4150390625,0.73388671875,0.50341796875
3341,0.505859375,0.29296875,2.32080078125,0.29443359375,0.64990234375,0.5703125
3342,0.64208984375,0.61279296875,2.2578125,0.43310546875,0.7021484375,0.46240234375
3343,0.5556640625,0.60791015625,2.21337890625,0.42431640625,0.46484375,0.4736328125
3344,0.59814453125,0.240234375,2.3076171875,0.84326171875,0.4189453125,0.39208984375
3345,0.65234375,0.2939453125000001,2.25390625,0.62744140625,0.36328125000000006,0.4736328125
3346,0.4658203125,0.86767578125,2.2294921875,0.7666015625,0.466796875,0.23730468750000006
3347,0.6318359375,0.68603515625,2.216796875,0.7783203125,0.3359375000000001,0.3427734375
3348,0.07080078125000007,0.2861328125,2.142578125,0.197265625,0.76806640625,0.302734375
3349,0.20117187500000003,0.32470703125,2.1416015625,0.20507812500000003,0.47216796875,0.29296875
3350,0.560546875,0.56884765625,2.45263671875,0.73583984375,0.87060546875,0.45556640625
3351,0.552734375,0.626953125,2.37939453125,0.67822265625,0.46826171875,0.42773437500000006
3352,0.3388671875,0.4541015625,2.4365234375,0.36767578125,0.4072265625,0.40771484375
3353,0.51611328125,0.38720703125,2.46533203125,0.29150390625,0.205078125,0.45849609375
3354,0.4453125,0.41455078125,2.42529296875,0.65625,0.541015625,0.21337890625
3355,0.76220703125,0.466796875,2.38818359375,0.5888671875,0.5068359375,0.3212890625
3356,0.47998046875,0.48046875,2.44287109375,0.77001953125,0.765625,0.39892578125
3357,0.74560546875,0.41796875,2.33837890625,0.70068359375,0.6708984375,0.39794921875000006
3358,0.63671875,0.57177734375,2.140625,0.59423828125,0.48388671875,0.56103515625
3359,0.66748046875,0.52490234375,2.13720703125,0.61767578125,0.4501953125,0.62451171875
3360,0.78271484375,0.4462890625,2.64990234375,0.64453125,0.49072265625,0.47119140625
3361,0.84130859375,0.42138671875,2.568359375,0.544921875,0.35302734375,0.43115234375
3362,0.42724609375000006,0.4189453125,2.38427734375,0.39306640625,0.63623046875,0.11230468750000004
3363,0.64111328125,0.44921875,2.2724609375,0.5400390625,0.5,0.18652343750000003
3364,0.41845703125,0.59814453125,2.373046875,0.52685546875,0.591796875,0.7646484375
3365,0.4541015625,0.59033203125,2.2705078125,0.39013671875,0.482421875,0.9326171875
3366,0.5712890625,0.4853515625,2.56396484375,0.5,0.408203125,0.291015625
3367,0.5732421875,0.50341796875,2.501953125,0.40869140625,0.38476562500000006,0.255859375
3368,0.37353515625,0.56201171875,2.36181640625,0.6630859375,0.4072265625,0.5849609375
3369,0.490234375,0.59228515625,2.36083984375,0.45947265625,0.43310546875000006,0.64111328125
3370,0.37109375,0.6337890625,2.466796875,0.60205078125,0.5224609375,0.39599609375
3371,0.46875,0.5703125,2.41064453125,0.544921875,0.62353515625,0.6083984375
3372,0.63525390625,0.7705078125,2.265625,0.54736328125,0.75341796875,0.3701171875
3373,0.80419921875,0.68603515625,2.17236328125,0.4638671875,0.6083984375,0.49853515625
3374,0.11621093750000004,0.5673828125,2.25,0.75390625,0.578125,0.41845703125000006
3375,0.16894531250000003,0.58056640625,2.14501953125,0.62744140625,0.5185546875,0.46923828125
3376,0.30224609375,0.486328125,2.53125,0.46875,0.654296875,0.25439453125
3377,0.4697265625,0.44531250000000006,2.4404296875,0.48681640625,0.505859375,0.28955078125
3378,0.55224609375,0.5673828125,2.310546875,0.36962890625000006,0.3974609375,0.43701171875
3379,0.61181640625,0.57470703125,2.3408203125,0.345703125,0.14941406250000006,0.4208984375
3380,0.41943359375,0.44384765625,2.03564453125,0.59375,0.5029296875,0.18457031250000006
3381,0.4833984375,0.4052734375,2.01318359375,0.52490234375,0.33544921875000006,0.2392578125
3382,0.45263671875,0.68408203125,2.48486328125,0.796875,0.68408203125,0.34326171875000006
3383,0.63720703125,0.76171875,2.416015625,0.61474609375,0.72607421875,0.48388671875
3384,0.5419921875,0.66064453125,2.3935546875,0.55224609375,0.537109375,0.525390625
3385,0.79541015625,0.75830078125,2.44677734375,0.44677734375,0.31396484375,0.623046875
3386,0.63134765625,0.32861328125000006,2.3056640625,0.70361328125,0.51708984375,0.5185546875
3387,0.837890625,0.25244140625,2.2939453125,0.5830078125,0.54833984375,0.5009765625
3388,0.255859375,0.4716796875,2.3095703125,0.6923828125,0.5302734375,0.34033203125
3389,0.32763671875,0.4189453125,2.1953125,0.76953125,0.2666015625,0.48828125
3390,0.14941406250000006,0.6220703125,2.4296875,0.26220703125,0.7236328125,0.5146484375
3391,0.38720703125,0.6044921875,2.35009765625,0.29833984375,0.5068359375,0.61279296875
3392,0.35546875,0.76708984375,2.40234375,0.56494140625,0.41650390625000006,0.427734375
3393,0.4609375,0.93994140625,2.3115234375,0.49169921875,0.4794921875,0.53125
3394,0.33642578125,0.45703125,2.47607421875,0.23876953125,0.43115234375,0.529296875
3395,0.30712890625,0.416015625,2.375,0.18310546875000006,0.17578125000000003,0.68408203125
3396,0.29345703125000006,0.67236328125,2.14013671875,0.6787109375,0.67822265625,0.29296875
3397,0.34814453125,0.56787109375,2.16015625,0.544921875,0.705078125,0.337890625
3398,0.47314453125,0.47802734375,2.4130859375,0.34326171875,0.68994140625,0.4873046875
3399,0.833984375,0.36279296875000006,2.34521484375,0.283203125,0.59033203125,0.609375
3400,0.46044921875,0.55908203125,2.5625,0.6328125,0.91552734375,0.15087890625000003
3401,0.453125,0.57373046875,2.42626953125,0.580078125,0.7509765625,0.21386718750000003
3402,0.34716796875,0.24755859375,2.11328125,0.5078125,0.40771484375,0.3125
3403,0.27490234375,0.28027343750000006,2.177734375,0.275390625,0.39892578125,0.28076171875
3404,0.2099609375000001,0.83984375,2.5859375,0.57275390625,0.3564453125,0.4111328125
3405,0.359375,0.8994140625,2.537109375,0.49072265625,0.4462890625,0.4951171875
3406,0.34667968750000006,0.74755859375,2.22607421875,0.6943359375,0.6259765625,0.51904296875
3407,0.380859375,0.67919921875,2.18798828125,0.7509765625,0.58154296875,0.55078125
3408,0.49365234375,0.5126953125,2.54638671875,0.6015625,0.81494140625,0.16503906250000006
3409,0.6416015625,0.55322265625,2.3671875,0.61328125,0.58447265625,0.18505859375000003
3410,0.3857421875000001,0.56201171875,2.283203125,0.58349609375,0.46044921875,0.53076171875
3411,0.4267578125,0.38232421875,2.3134765625,0.5712890625,0.44384765625,0.611328125
3412,0.2485351562500001,0.62109375,2.36279296875,0.63525390625,0.72216796875,0.41015625
3413,0.30810546875,0.54833984375,2.34765625,0.671875,0.69970703125,0.47021484375
3414,0.74169921875,0.67236328125,2.486328125,0.37451171875000006,0.47216796875,0.58544921875
3415,0.6513671875,0.6708984375,2.5205078125,0.2841796875,0.3359375,0.6162109375
3416,0.5166015625,0.51611328125,2.3251953125,0.5048828125,0.39111328125,0.75634765625
3417,0.5966796875,0.34179687500000006,2.28662109375,0.3701171875,0.44091796875,0.810546875
3418,0.3740234375,0.5556640625,2.48193359375,0.47705078125,0.21435546875,0.64013671875
3419,0.45947265625,0.54736328125,2.392578125,0.39453125,0.12109375000000006,0.78271484375
3420,0.62646484375,0.7421875,2.2578125,0.69189453125,0.53564453125,0.2548828125
3421,0.8408203125,0.6884765625,2.18994140625,0.53466796875,0.37207031250000006,0.33056640625000006
3422,0.20947265625,0.71826171875,2.36474609375,0.462890625,0.4912109375,0.37548828125
3423,0.32373046875,0.64794921875,2.2763671875,0.40087890625,0.41845703125,0.51513671875
3424,0.458984375,0.29687500000000006,2.248046875,0.37060546875,0.51123046875,0.2763671875
3425,0.44677734375,0.2080078125,2.19775390625,0.337890625,0.29492187500000006,0.33984375
3426,0.6650390625,0.578125,2.4619140625,0.3125,0.529296875,0.34521484375
3427,0.7666015625,0.54931640625,2.3056640625,0.23828125,0.67724609375,0.4765625
3428,0.23291015625,0.50537109375,2.2470703125,0.57080078125,0.2485351562500001,0.37548828125
3429,0.375,0.39843750000000006,2.32763671875,0.4677734375,0.267578125,0.5283203125
3430,0.4375,0.71484375,2.2451171875,0.7978515625,0.51171875,0.15332031250000003
3431,0.44921875,0.73486328125,2.18310546875,0.75146484375,0.4287109375,0.18896484375000003
3432,0.24902343750000006,0.5546875,2.314453125,0.52392578125,0.72216796875,0.4609375
3433,0.50390625,0.5966796875,2.322265625,0.44482421875,0.7646484375,0.43603515625
3434,0.5927734375,0.78076171875,2.33349609375,0.39111328125,0.70361328125,0.30517578125000006
3435,0.59521484375,0.67578125,2.3115234375,0.31591796875,0.59375,0.33837890625
3436,0.3779296875,0.73193359375,2.38037109375,0.3642578125,0.6533203125,0.56298828125
3437,0.4580078125,0.67236328125,2.3505859375,0.32861328125,0.47900390625,0.5693359375
3438,0.61083984375,0.54833984375,2.2548828125,0.85009765625,0.42578125,0.5380859375
3439,0.54931640625,0.63720703125,2.21923828125,0.78466796875,0.50439453125,0.5966796875
3440,0.626953125,0.29443359375000006,2.60693359375,0.552734375,0.7001953125,0.2890625
3441,0.85888671875,0.27392578125,2.59423828125,0.31396484375,0.75634765625,0.35546875
3442,0.6611328125,0.69921875,2.43359375,0.36962890625,0.8798828125,0.70556640625
3443,0.69580078125,0.69384765625,2.3173828125,0.29443359375,0.6982421875,0.6796875
3444,0.408203125,0.3037109375,2.40478515625,0.49951171875,0.57275390625,0.86376953125
3445,0.4296875,0.27880859375,2.27978515625,0.4033203125,0.47900390625,0.85595703125
3446,0.16503906250000003,0.45849609375,2.162109375,0.509765625,0.2783203125,0.2822265625
3447,0.38232421875,0.3876953125,2.1474609375,0.41943359375,0.24755859375,0.33984375
3448,0.453125,0.57861328125,2.6015625,0.7744140625,0.47021484375,0.38671875
3449,0.5947265625,0.57861328125,2.4716796875,0.71435546875,0.34814453125,0.43798828125
3450,0.49853515625,0.86181640625,2.09326171875,0.61767578125,0.81494140625,0.14843750000000006
3451,0.50537109375,0.798828125,2.0478515625,0.53271484375,0.53173828125,0.27099609375
3452,0.3818359375,0.662109375,2.32568359375,0.55859375,0.44873046875,0.2119140625
3453,0.4755859375,0.75634765625,2.361328125,0.44384765625,0.375,0.19921875000000003
3454,0.38916015625,0.458984375,2.3193359375,0.50732421875,0.50927734375,0.36669921875000006
3455,0.51318359375,0.38427734375,2.3505859375,0.353515625,0.48779296875,0.43310546875
3456,0.42626953125000006,0.4345703125,2.5029296875,0.45068359375,0.58349609375,0.4296875
3457,0.5712890625,0.45166015625,2.49462890625,0.35888671875,0.47607421875,0.466796875
3458,0.35058593750000006,0.25732421875,2.2861328125,0.36083984375,0.48486328125,0.564453125
3459,0.54052734375,0.36083984375,2.18310546875,0.26611328125,0.46337890625,0.5263671875
3460,0.34814453125,0.72900390625,2.19189453125,0.60205078125,0.681640625,0.5595703125
3461,0.51708984375,0.70751953125,2.21533203125,0.55029296875,0.49267578125,0.62451171875
3462,0.2666015625,0.58544921875,2.39697265625,0.3642578125,0.8798828125,0.53515625
3463,0.326171875,0.55517578125,2.2216796875,0.28564453125,0.7607421875,0.54150390625
3464,0.494140625,0.58447265625,2.47119140625,0.3115234375,0.2783203125,0.7431640625
3465,0.62841796875,0.578125,2.4326171875,0.34033203125000006,0.2763671875,0.90625
3466,0.5400390625,0.56298828125,2.41357421875,0.65185546875,0.73486328125,0.42431640625
3467,0.64990234375,0.41455078125,2.42822265625,0.5234375,0.3720703125,0.46240234375
3468,0.5693359375,0.5458984375,2.30078125,0.7265625,0.576171875,0.44970703125
3469,0.89208984375,0.56787109375,2.26171875,0.48876953125,0.3603515625,0.48193359375
3470,0.30029296875000006,0.5390625,2.35107421875,0.37255859375,0.439453125,0.66552734375
3471,0.46728515625,0.60498046875,2.24609375,0.2626953125,0.36962890625,0.79443359375
3472,0.4892578125,0.6044921875,2.5166015625,0.650390625,0.41015625,0.70751953125
3473,0.39208984375,0.54931640625,2.4990234375,0.58056640625,0.26318359375,0.66162109375
3474,0.4990234375,0.708984375,2.43310546875,0.7626953125,0.68310546875,0.2578125
3475,0.5595703125,0.732421875,2.37109375,0.7802734375,0.6806640625,0.35595703125
3476,0.29150390625,0.44482421875,2.5029296875,0.6298828125,0.64208984375,0.74267578125
3477,0.45947265625,0.462890625,2.41455078125,0.5078125,0.494140625,0.64208984375
3478,0.6376953125,0.4716796875,2.28076171875,0.69580078125,0.3330078125,0.67919921875
3479,0.76123046875,0.46044921875,2.224609375,0.57421875,0.22558593750000003,0.65283203125
3480,0.37841796875,0.68505859375,2.4736328125,0.490234375,0.49169921875,0.7548828125
3481,0.451171875,0.52685546875,2.455078125,0.37548828125,0.40771484375,0.79443359375
3482,0.29345703125000006,0.7177734375,2.42431640625,0.57666015625,0.57373046875,0.3017578125
3483,0.5595703125,0.7529296875,2.42236328125,0.56298828125,0.4990234375,0.33642578125
3484,0.43994140625,0.65771484375,2.4384765625,0.767578125,0.2841796875000001,0.41552734375
3485,0.60791015625,0.490234375,2.38623046875,0.61865234375,0.30517578125,0.466796875
3486,0.58056640625,0.45458984375,2.54345703125,0.7587890625,0.67138671875,0.388671875
3487,0.53369140625,0.41552734375,2.44287109375,0.68896484375,0.5224609375,0.46435546875
3488,0.24169921875000003,0.70068359375,2.46533203125,0.75146484375,0.7890625,0.51416015625
3489,0.33837890625,0.71044921875,2.54736328125,0.76318359375,0.93798828125,0.64111328125
3490,0.60302734375,0.55810546875,2.3134765625,0.21240234375,0.38818359375,0.6455078125
3491,0.52197265625,0.50927734375,2.27392578125,0.18115234375000003,0.28759765625,0.72021484375
3492,0.14941406250000006,0.46630859375,2.38916015625,0.3662109375,0.3041992187500001,0.40625
3493,0.3603515625,0.41943359375,2.2890625,0.2373046875,0.294921875,0.44580078125
3494,0.37255859375,0.4833984375,2.36767578125,0.51513671875,0.4765625,0.10742187500000004
3495,0.4765625,0.44482421875000006,2.34228515625,0.46240234375,0.3330078125,0.17480468750000003
3496,0.5185546875,0.15087890625,2.43017578125,0.49755859375,0.17382812500000003,0.52490234375
3497,0.59814453125,0.15136718750000003,2.44189453125,0.44580078125,0.18603515625,0.67724609375
3498,0.4267578125,0.64501953125,2.47021484375,0.6123046875,0.17724609375000003,0.5986328125
3499,0.41455078125,0.64111328125,2.34765625,0.626953125,0.08886718750000007,0.75390625
3500,0.28759765625,0.60205078125,2.46728515625,0.30615234375,0.494140625,0.41064453125
3501,0.470703125,0.50830078125,2.498046875,0.31640625,0.39697265625,0.4013671875
3502,0.7431640625,0.48046875,2.4169921875,0.56884765625,0.47900390625,0.4453125
3503,0.6962890625,0.42724609375,2.4287109375,0.55322265625,0.39501953125,0.67822265625
3504,0.2724609375,0.54833984375,2.34765625,0.34423828125,0.67822265625,0.40966796875
3505,0.4384765625,0.59375,2.3486328125,0.34814453125,0.62890625,0.47998046875
3506,0.40283203125,0.662109375,2.568359375,0.599609375,0.7138671875,0.39599609375
3507,0.45849609375,0.5498046875,2.572265625,0.5068359375,0.46142578125,0.45166015625
3508,0.54638671875,0.5634765625,2.36279296875,0.73193359375,0.404296875,0.48876953125
3509,0.56494140625,0.537109375,2.357421875,0.65869140625,0.51025390625,0.68359375
3510,0.69287109375,0.4501953125,2.3134765625,0.16064453125000006,0.49462890625,0.61962890625
3511,0.810546875,0.4775390625,2.22900390625,0.16601562500000003,0.32324218750000006,0.68359375
3512,0.33056640625,0.6962890625,2.37109375,0.49462890625,0.66162109375,0.5263671875
3513,0.4697265625,0.73828125,2.2685546875,0.40722656250000006,0.5419921875,0.5654296875
3514,0.61376953125,0.595703125,2.4140625,0.7275390625,0.35693359375,0.24365234375
3515,0.5283203125,0.59765625,2.3056640625,0.68408203125,0.255859375,0.3095703125
3516,0.4287109375,0.625,2.41552734375,0.36279296875,0.5361328125,0.453125
3517,0.6142578125,0.57421875,2.2939453125,0.2607421875,0.35400390625,0.62158203125
3518,0.40966796875,0.517578125,2.4384765625,0.66748046875,0.37548828125000006,0.6259765625
3519,0.43896484375,0.3994140625,2.546875,0.6181640625,0.4755859375,0.6435546875
3520,0.59619140625,0.4619140625,2.30810546875,0.67724609375,0.2822265625000001,0.5126953125
3521,0.8310546875,0.4248046875,2.263671875,0.51806640625,0.24462890625,0.6279296875
3522,0.380859375,0.17089843750000006,2.4404296875,0.548828125,0.4765625,0.24267578125000003
3523,0.4853515625,0.17626953125000003,2.369140625,0.443359375,0.41503906250000006,0.29248046875
3524,0.19287109375000006,0.16894531250000003,2.43701171875,0.57763671875,0.54736328125,0.3974609375
3525,0.31640625,0.11376953125000003,2.49609375,0.52197265625,0.61474609375,0.4765625
3526,0.3662109375,0.2744140625,2.58349609375,0.8486328125,0.65380859375,0.5458984375
3527,0.45849609375,0.3798828125,2.7138671875,0.8486328125,0.48779296875,0.5517578125
3528,0.58251953125,0.25,2.27587890625,0.4970703125,0.4326171875,0.5927734375
3529,0.52734375,0.2763671875000001,2.29052734375,0.40966796875,0.3994140625,0.60302734375
3530,0.16894531250000014,0.23193359375,2.33837890625,0.767578125,0.87646484375,0.56640625
3531,0.357421875,0.30078125,2.25390625,0.6484375,0.92236328125,0.53564453125
3532,0.34521484375,0.16894531250000003,2.50341796875,0.46728515625,0.31494140625,0.5751953125
3533,0.52587890625,0.13085937500000003,2.4658203125,0.41357421875,0.21240234375,0.75732421875
3534,0.46435546875,0.64892578125,2.2255859375,0.30712890625,0.810546875,0.54296875
3535,0.599609375,0.5556640625,2.20263671875,0.27099609375,0.642578125,0.53515625
3536,0.17578125000000006,0.27587890625,2.208984375,0.4658203125,0.51171875,0.57421875
3537,0.36376953125,0.29443359375,2.13623046875,0.34716796875,0.3564453125,0.68359375
3538,0.3896484375,0.603515625,2.33447265625,0.63037109375,0.46044921875,0.26708984375
3539,0.44287109375,0.50537109375,2.28125,0.650390625,0.41113281250000006,0.33544921875
3540,0.6181640625,0.61279296875,2.25244140625,0.61181640625,0.42187500000000006,0.83056640625
3541,0.72119140625,0.59228515625,2.263671875,0.51318359375,0.31201171875,0.78076171875
3542,0.5341796875,0.6708984375,2.2373046875,0.51904296875,0.65283203125,0.53564453125
3543,0.53564453125,0.69921875,2.1787109375,0.4072265625,0.4599609375,0.5830078125
3544,0.29882812500000006,0.57080078125,2.23486328125,0.48486328125,0.4091796875,0.55419921875
3545,0.537109375,0.5615234375,2.2890625,0.47021484375,0.427734375,0.55078125
3546,0.06445312500000004,0.15576171875000003,2.47314453125,0.6513671875,0.52197265625,0.41357421875
3547,0.24951171875,0.18310546875000003,2.51220703125,0.513671875,0.27783203125000006,0.44726562500000006
3548,0.525390625,0.439453125,2.41162109375,0.48779296875,0.283203125,0.36279296875
3549,0.72998046875,0.39990234375,2.43896484375,0.50537109375,0.27929687500000006,0.49609375
3550,0.35302734375,0.30322265625,2.2783203125,0.53759765625,0.52734375,0.5517578125
3551,0.40185546875,0.341796875,2.21533203125,0.3740234375,0.6083984375,0.5849609375
3552,0.48828125,0.4736328125,2.30859375,0.3388671875,0.50732421875,0.3271484375
3553,0.673828125,0.4189453125,2.27685546875,0.2568359375,0.26416015625,0.43408203125
3554,0.2978515625,0.7158203125,2.333984375,0.5107421875,0.47216796875,0.5107421875
3555,0.51806640625,0.6640625,2.26806640625,0.421875,0.54638671875,0.666015625
3556,0.4111328125,0.5419921875,2.32421875,0.71435546875,0.67529296875,0.43896484375000006
3557,0.42626953125,0.5986328125,2.2861328125,0.49853515625,0.4638671875,0.46484375
3558,0.44628906250000006,0.2412109375,2.29638671875,0.5380859375,0.61767578125,0.5263671875
3559,0.6337890625,0.2309570312500001,2.2236328125,0.41943359375,0.59423828125,0.58544921875
3560,0.7275390625,0.5625,2.41015625,0.509765625,0.509765625,0.369140625
3561,0.962890625,0.5986328125,2.38818359375,0.40625,0.35595703125,0.45068359375
3562,0.4912109375,0.65673828125,2.26123046875,0.556640625,0.18164062500000003,0.3935546875
3563,0.638671875,0.75927734375,2.19677734375,0.3671875,0.14306640625000006,0.46923828125
3564,0.57666015625,0.67041015625,2.55810546875,0.60400390625,0.46728515625,0.568359375
3565,0.54345703125,0.70947265625,2.43212890625,0.5556640625,0.32177734375000006,0.60400390625
3566,0.20556640625,0.408203125,2.408203125,0.4541015625,0.67236328125,0.4619140625
3567,0.4052734375,0.42578125000000006,2.2919921875,0.2568359375,0.44677734375000006,0.58203125
3568,0.10791015625000004,0.44677734375,2.20703125,0.63818359375,0.42431640625,0.39599609375
3569,0.21533203125,0.39794921875,2.15771484375,0.56787109375,0.40771484375000006,0.47900390625
3570,0.59423828125,0.45556640625,2.44580078125,0.67236328125,0.72509765625,0.6904296875
3571,0.52099609375,0.45068359375,2.4775390625,0.58935546875,0.43261718750000006,0.6201171875
3572,0.580078125,0.5654296875,2.0810546875,0.6171875,0.552734375,0.29296875000000006
3573,0.630859375,0.54150390625,2.00146484375,0.53515625,0.38134765625,0.35498046875
3574,0.81494140625,0.36572265625,2.3076171875,0.498046875,0.46875000000000006,0.41845703125
3575,0.95263671875,0.26416015625,2.2890625,0.396484375,0.42138671875,0.404296875
3576,0.4287109375,0.7646484375,2.27734375,0.6396484375,0.50341796875,0.43505859375
3577,0.6591796875,0.6884765625,2.2685546875,0.52734375,0.3994140625,0.498046875
3578,0.4814453125,0.64794921875,2.1376953125,0.64501953125,0.65771484375,0.48046875
3579,0.40283203125,0.71630859375,2.169921875,0.47216796875,0.44189453125,0.6171875
3580,0.5185546875,0.44775390625000006,2.34814453125,0.49853515625,0.21044921875000003,0.2431640625
3581,0.53662109375,0.37109375000000006,2.35400390625,0.46875,0.06884765625000003,0.29443359375000006
3582,0.265625,0.57470703125,2.39794921875,0.67041015625,0.8095703125,0.2626953125
3583,0.31494140625000006,0.56982421875,2.3671875,0.54736328125,0.4267578125,0.33837890625
3584,0.73876953125,0.619140625,2.37939453125,0.20947265625,0.64404296875,0.38916015625
3585,0.72314453125,0.50048828125,2.404296875,0.16357421875000006,0.45214843750000006,0.4287109375
3586,0.5615234375,0.57080078125,2.212890625,0.33154296875,0.34375,0.595703125
3587,0.599609375,0.54296875,2.1572265625,0.3037109375,0.19189453125000014,0.7548828125
3588,0.3916015625,0.79248046875,2.29052734375,0.591796875,0.67041015625,0.65087890625
3589,0.4423828125,0.6328125,2.2490234375,0.60107421875,0.50341796875,0.72998046875
3590,0.33789062500000006,0.26904296875,2.146484375,0.5234375,0.4404296875,0.283203125
3591,0.44970703125,0.28125,2.1474609375,0.44189453125,0.32177734375000006,0.33251953125
3592,0.49560546875,0.58447265625,2.4091796875,0.82275390625,0.80126953125,0.43261718750000006
3593,0.62109375,0.62353515625,2.2890625,0.7421875,0.82373046875,0.36328125
3594,0.24658203125,0.447265625,2.2314453125,0.580078125,0.65185546875,0.42333984375
3595,0.2812500000000001,0.41015625,2.20849609375,0.5029296875,0.5107421875,0.46875
3596,0.39208984375,0.59814453125,2.45166015625,0.5634765625,0.5625,0.248046875
3597,0.486328125,0.48486328125,2.37255859375,0.44482421875,0.474609375,0.314453125
3598,0.05126953125000007,0.55517578125,2.25048828125,0.53125,0.6357421875,0.43115234375
3599,0.19433593750000003,0.58154296875,2.26513671875,0.3095703125,0.55029296875,0.474609375
3600,0.40185546875,0.82177734375,2.556640625,0.6337890625,0.353515625,0.50634765625
3601,0.7294921875,0.61376953125,2.4189453125,0.5126953125,0.14160156250000006,0.55859375
3602,0.2900390625,0.71142578125,2.19921875,0.63916015625,0.29931640625,0.48193359375
3603,0.4794921875,0.67138671875,2.14111328125,0.61669921875,0.23876953125,0.41357421875
3604,0.26025390625,0.59033203125,2.52587890625,0.55859375,0.34765625,0.626953125
3605,0.29443359375,0.61083984375,2.4287109375,0.40478515625,0.2338867187500001,0.734375
3606,0.6669921875,0.4853515625,2.32421875,0.70556640625,0.38818359375,0.56103515625
3607,0.89306640625,0.453125,2.3544921875,0.7734375,0.41943359375,0.55615234375
3608,0.41455078125,0.43457031250000006,2.3916015625,0.64501953125,0.357421875,0.6572265625
3609,0.4140625,0.46240234375,2.310546875,0.51708984375,0.22900390625000003,0.6953125
3610,0.19482421875000003,0.32861328125,2.49951171875,0.54345703125,0.701171875,0.42822265625
3611,0.3203125,0.32128906250000006,2.43603515625,0.41015625,0.40673828125,0.50830078125
3612,0.333984375,0.24169921875,2.3671875,0.32470703125,0.6513671875,0.6357421875
3613,0.5693359375,0.3427734375,2.29736328125,0.22802734375,0.689453125,0.64697265625
3614,0.24755859375,0.5830078125,2.326171875,0.49462890625,0.3984375,0.3994140625
3615,0.36181640625,0.52783203125,2.34716796875,0.48828125,0.22412109375,0.4267578125
3616,0.41113281250000006,0.2509765625,2.0634765625,0.65283203125,0.369140625,0.53125
3617,0.70263671875,0.27490234375,2.08056640625,0.544921875,0.1962890625,0.6162109375
3618,0.3466796875,0.45849609375,2.1494140625,0.40625,0.58056640625,0.7587890625
3619,0.46728515625,0.4296875,2.20556640625,0.2783203125,0.45458984375,0.8310546875
3620,0.52978515625,0.8662109375,2.521484375,0.69775390625,0.52783203125,0.15478515625
3621,0.64501953125,0.7578125,2.43701171875,0.55078125,0.34375,0.18310546875
3622,0.52197265625,0.37451171875,2.30517578125,0.4580078125,0.4951171875,0.57080078125
3623,0.63427734375,0.49755859375,2.23681640625,0.3828125,0.3330078125,0.7509765625
3624,0.56884765625,0.775390625,2.37646484375,0.3818359375,0.52783203125,0.43603515625
3625,0.58251953125,0.6044921875,2.353515625,0.3232421875,0.30029296875,0.59912109375
3626,0.6767578125,0.48974609375,2.4921875,0.6455078125,0.60595703125,0.28076171875
3627,0.8662109375,0.42578125,2.43359375,0.5341796875,0.52880859375,0.31494140625000006
3628,0.45947265625,0.466796875,2.31591796875,0.72216796875,0.32275390625000006,0.2880859375
3629,0.689453125,0.3603515625,2.3505859375,0.53759765625,0.20703125,0.2744140625
3630,0.39794921875,0.69873046875,2.03515625,0.462890625,0.685546875,0.365234375
3631,0.58447265625,0.6806640625,2.0390625,0.36767578125,0.80224609375,0.41845703125
3632,0.08642578125000004,0.42333984375,2.40673828125,0.46044921875,0.73681640625,0.4443359375
3633,0.2294921875000001,0.39453125,2.37353515625,0.39892578125,0.587890625,0.619140625
3634,0.20947265625,0.6953125,2.513671875,0.48486328125,0.482421875,0.595703125
3635,0.43310546875,0.6826171875,2.5419921875,0.40087890625,0.28027343750000006,0.50244140625
3636,0.5029296875,0.5146484375,2.228515625,0.265625,0.68212890625,0.24267578125
3637,0.65087890625,0.40234375,2.10546875,0.310546875,0.5849609375,0.3125
3638,0.20751953125,0.5322265625,2.4248046875,0.43359375,0.51611328125,0.7177734375
3639,0.33935546875,0.50927734375,2.462890625,0.39306640625,0.353515625,0.71484375
3640,0.34912109375,0.24218750000000003,2.33251953125,0.62646484375,0.55224609375,0.2919921875
3641,0.447265625,0.27392578125,2.3115234375,0.56103515625,0.26904296875,0.30419921875
3642,0.42138671875,0.7216796875,2.1298828125,0.61474609375,0.73486328125,0.77685546875
3643,0.4130859375,0.66650390625,2.14453125,0.47705078125,0.587890625,0.8154296875
3644,0.521484375,0.2431640625,2.38037109375,0.75390625,0.56396484375,0.51220703125
3645,0.63427734375,0.29980468750000006,2.33935546875,0.6494140625,0.48583984375,0.5693359375
3646,0.775390625,0.5859375,2.185546875,0.78271484375,0.54931640625,0.3896484375
3647,0.7568359375,0.5625,2.1103515625,0.61376953125,0.4345703125,0.4560546875
3648,0.42138671875000006,0.85400390625,2.49267578125,0.60693359375,0.5498046875,0.494140625
3649,0.34619140625,0.80419921875,2.375,0.5029296875,0.53076171875,0.57666015625
3650,0.2412109375,0.79638671875,2.2490234375,0.46337890625,0.6630859375,0.36376953125
3651,0.25244140625000006,0.85302734375,2.20361328125,0.41845703125,0.44091796875,0.45947265625
3652,0.2431640625,0.333984375,2.5048828125,0.37646484375,0.6435546875,0.54150390625
3653,0.5224609375,0.2412109375000001,2.4267578125,0.32568359375,0.28173828125000006,0.5205078125
3654,0.5166015625,0.4345703125,2.19189453125,0.6083984375,0.46435546875,0.39794921875
3655,0.669921875,0.46337890625,2.17333984375,0.55078125,0.41845703125,0.48046875
3656,0.40332031250000006,0.638671875,2.4228515625,0.61474609375,0.4736328125,0.8876953125
3657,0.66748046875,0.7255859375,2.33349609375,0.53125,0.43994140625,0.833984375
3658,0.54931640625,0.60400390625,2.37060546875,0.35302734375,0.322265625,0.4560546875
3659,0.6015625,0.48974609375000006,2.41796875,0.291015625,0.16992187500000006,0.6064453125
3660,0.537109375,0.5439453125,2.29736328125,0.39697265625,0.42138671875,0.79150390625
3661,0.79248046875,0.423828125,2.22900390625,0.41357421875,0.37353515625,0.7646484375
3662,0.3486328125,0.482421875,2.4609375,0.72265625,0.609375,0.52099609375
3663,0.46679687500000006,0.39892578125,2.4736328125,0.59814453125,0.49609375,0.58544921875
3664,0.16845703125000008,0.27294921875,2.38916015625,0.50830078125,0.2622070312500001,0.51416015625
3665,0.29345703125,0.29345703125,2.38916015625,0.41796875,0.25341796875,0.57421875
3666,0.25292968750000006,0.478515625,2.5107421875,0.46044921875,0.39990234375,0.39892578125
3667,0.2602539062500001,0.4599609375,2.5546875,0.4052734375,0.36669921875,0.44189453125000006
3668,0.54248046875,0.6005859375,2.32080078125,0.517578125,0.60791015625,0.638671875
3669,0.50341796875,0.56884765625,2.294921875,0.3349609375,0.7314453125,0.69970703125
3670,0.67822265625,0.55615234375,2.3662109375,0.75390625,0.3916015625,0.3706054687500001
3671,0.72607421875,0.5419921875,2.3330078125,0.6279296875,0.38623046875,0.44091796875
3672,0.30810546875,0.31982421875,2.4111328125,0.36767578125,0.35888671875000006,0.49169921875
3673,0.47314453125,0.30029296875,2.3583984375,0.27392578125,0.22412109375,0.62890625
3674,0.2607421875,0.640625,2.16943359375,0.607421875,0.64111328125,0.71435546875
3675,0.2666015625,0.638671875,2.06494140625,0.55810546875,0.40869140625,0.9169921875
3676,0.2524414062500001,0.57080078125,2.3271484375,0.255859375,0.5068359375,0.11425781250000004
3677,0.30712890625,0.57177734375,2.2333984375,0.16162109375000006,0.38427734375,0.22314453125
3678,0.2685546875000001,0.4384765625,2.23046875,0.39208984375,0.61474609375,0.36474609375
3679,0.5224609375,0.380859375,2.28759765625,0.27783203125,0.49560546875,0.4375
3680,0.36279296875,0.45117187500000006,2.51220703125,0.33203125,0.44970703125,0.33984375
3681,0.373046875,0.4130859375,2.48388671875,0.275390625,0.33984375,0.32373046875
3682,0.4052734375,0.3955078125,2.30224609375,0.3046875,0.5283203125,0.43066406250000006
3683,0.6962890625,0.42822265625,2.251953125,0.24560546875000006,0.3330078125,0.42333984375
3684,0.33837890625,0.666015625,2.3271484375,0.53564453125,0.5576171875,0.28955078125
3685,0.40087890625,0.47802734375,2.1396484375,0.41650390625,0.49951171875,0.28564453125
3686,0.55224609375,0.26318359375000006,2.17919921875,0.47802734375,0.4208984375,0.58984375
3687,0.955078125,0.2685546875,2.19287109375,0.33740234375,0.419921875,0.58740234375
3688,0.6201171875,0.44873046875,2.5302734375,0.2685546875,0.6787109375,0.59619140625
3689,0.515625,0.43017578125000006,2.42724609375,0.17968750000000006,0.38769531250000006,0.5498046875
3690,0.29443359375000006,0.72265625,2.63134765625,0.40185546875,0.82470703125,0.37646484375
3691,0.37939453125000006,0.669921875,2.55078125,0.423828125,0.5234375,0.47412109375
3692,0.53271484375,0.26171875,2.1796875,0.68310546875,0.29052734375,0.39257812500000006
3693,0.7353515625,0.30566406250000006,2.13623046875,0.52001953125,0.2802734375,0.46826171875
3694,0.7021484375,0.36865234375,2.49755859375,0.4169921875,0.4599609375,0.37597656250000006
3695,0.7529296875,0.31201171875,2.37744140625,0.2734375,0.42626953125,0.4814453125
3696,0.26171875,0.60009765625,2.61572265625,0.3291015625,0.43701171875000006,0.3095703125
3697,0.28369140625,0.54638671875,2.6611328125,0.29443359375,0.4736328125,0.2607421875
3698,0.2866210937500001,0.46533203125,2.189453125,0.53759765625,0.60693359375,0.4970703125
3699,0.5185546875,0.46240234375,2.0927734375,0.443359375,0.48681640625,0.6279296875
3700,0.41845703125,0.7041015625,2.2470703125,0.61865234375,0.53515625,0.49609375
3701,0.4482421875,0.70947265625,2.12451171875,0.56201171875,0.59619140625,0.5498046875
3702,0.07275390625000006,0.75830078125,2.248046875,0.5185546875,0.62353515625,0.68115234375
3703,0.13134765625000003,0.75341796875,2.15966796875,0.3486328125,0.43457031250000006,0.6962890625
3704,0.52587890625,0.56298828125,2.3515625,0.55908203125,0.34912109375,0.5712890625
3705,0.623046875,0.5703125,2.24755859375,0.39208984375,0.2402343750000001,0.595703125
3706,0.50634765625,0.58251953125,2.25830078125,0.37060546875,0.40673828125,0.3115234375
3707,0.5712890625,0.52001953125,2.18505859375,0.314453125,0.36328125,0.36572265625
3708,0.5576171875,0.7021484375,2.22509765625,0.3134765625,0.32421875,0.59716796875
3709,0.60546875,0.65966796875,2.2861328125,0.24169921875,0.1699218750000001,0.64453125
3710,0.390625,0.45068359375000006,2.46923828125,0.2265625,0.3447265625,0.64794921875
3711,0.44482421875,0.4619140625,2.31005859375,0.16455078125000003,0.14160156250000006,0.6962890625
3712,0.51171875,0.61083984375,2.1630859375,0.6103515625,0.51611328125,0.4013671875
3713,0.591796875,0.59814453125,2.1298828125,0.52587890625,0.33984375,0.36669921875
3714,0.2646484375,0.38720703125,2.05859375,0.5712890625,0.45458984375,0.27148437500000006
3715,0.32275390625,0.48046875,2.0322265625,0.57861328125,0.35205078125,0.2919921875
3716,0.34277343750000006,0.2470703125,2.49853515625,0.6181640625,0.5009765625,0.55029296875
3717,0.36376953125,0.29736328125,2.41943359375,0.59912109375,0.3388671875,0.5791015625
3718,0.32373046875,0.58984375,2.38427734375,0.56103515625,0.44921875000000006,0.29638671875
3719,0.50732421875,0.58837890625,2.330078125,0.4609375,0.30224609375,0.3037109375
3720,0.56591796875,0.5830078125,2.2294921875,0.41845703125,0.572265625,0.427734375
3721,0.53564453125,0.626953125,2.20751953125,0.44580078125,0.27246093750000006,0.44580078125
3722,0.47705078125,0.568359375,2.47216796875,0.8076171875,0.55908203125,0.26806640625
3723,0.552734375,0.5927734375,2.470703125,0.56396484375,0.49853515625,0.2890625
3724,0.27001953125,0.7685546875,2.43115234375,0.53955078125,0.4404296875,0.52587890625
3725,0.396484375,0.84033203125,2.513671875,0.470703125,0.31884765625000006,0.4365234375
3726,0.56982421875,0.40380859375,2.484375,0.38330078125,0.67919921875,0.3056640625
3727,0.61669921875,0.36767578125,2.4267578125,0.333984375,0.734375,0.2705078125
3728,0.380859375,0.423828125,2.390625,0.59326171875,0.43212890625,0.4873046875
3729,0.49755859375,0.443359375,2.32763671875,0.49462890625,0.34765625,0.5380859375
3730,0.37255859375,0.4765625,2.04345703125,0.373046875,0.4208984375,0.53955078125
3731,0.4052734375,0.412109375,2.0283203125,0.353515625,0.32763671875,0.58349609375
3732,0.56005859375,0.5849609375,2.2275390625,0.453125,0.75439453125,0.40478515625
3733,0.79833984375,0.494140625,2.22021484375,0.3701171875,0.57861328125,0.453125
3734,0.35693359375,0.40869140625,2.23486328125,0.77685546875,0.34619140625000006,0.3857421875
3735,0.458984375,0.40869140625,2.2099609375,0.64501953125,0.21435546875,0.38818359375
3736,0.49707031250000006,0.24072265625000003,2.07568359375,0.39306640625,0.33349609375,0.41162109375
3737,0.607421875,0.29833984375,1.994140625,0.43701171875,0.21435546875000006,0.40869140625
3738,0.4814453125,0.75048828125,2.40966796875,0.63037109375,0.54052734375,0.2939453125
3739,0.55859375,0.63720703125,2.2744140625,0.5205078125,0.2758789062500001,0.33984375
3740,0.583984375,0.56103515625,2.15185546875,0.3955078125,0.77099609375,0.3828125
3741,0.48486328125,0.51806640625,2.14208984375,0.28125,0.61376953125,0.44970703125
3742,0.60693359375,0.61474609375,2.38623046875,0.68896484375,0.64208984375,0.3071289062500001
3743,0.72314453125,0.55126953125,2.388671875,0.53369140625,0.51904296875,0.33349609375
3744,0.53662109375,0.6796875,2.20458984375,0.58740234375,0.705078125,0.509765625
3745,0.478515625,0.4970703125,2.17529296875,0.47607421875,0.47216796875,0.58447265625
3746,0.66650390625,0.3203125,2.45947265625,0.73681640625,0.677734375,0.54638671875
3747,0.724609375,0.26806640625,2.36279296875,0.77587890625,0.466796875,0.5654296875
3748,0.5185546875,0.283203125,2.43310546875,0.37158203125000006,0.42480468750000006,0.2763671875
3749,0.54736328125,0.36474609375,2.48095703125,0.3818359375,0.453125,0.296875
3750,0.47509765625,0.70361328125,2.4736328125,0.63818359375,0.3564453125,0.33935546875
3751,0.62451171875,0.6962890625,2.5126953125,0.55517578125,0.19970703125000003,0.45361328125
3752,0.45703125,0.7568359375,2.361328125,0.8369140625,0.51171875,0.60546875
3753,0.39941406250000006,0.5859375,2.40380859375,0.75146484375,0.2998046875,0.49951171875
3754,0.37304687500000006,0.69677734375,2.193359375,0.76220703125,0.30322265625,0.78369140625
3755,0.490234375,0.70849609375,2.1708984375,0.65234375,0.23437500000000003,0.7255859375
3756,0.5751953125,0.53125,2.40478515625,0.6337890625,0.8330078125,0.41162109375000006
3757,0.603515625,0.5185546875,2.31494140625,0.59765625,0.5732421875,0.427734375
3758,0.5546875,0.53369140625,2.44970703125,0.4443359375,0.2744140625,0.40283203125
3759,0.53173828125,0.400390625,2.39208984375,0.40380859375,0.18945312500000006,0.4345703125
3760,0.36376953125,0.58251953125,2.1025390625,0.7939453125,0.28662109375,0.71728515625
3761,0.42578125000000006,0.564453125,2.09326171875,0.66455078125,0.20654296875000006,0.6279296875
3762,0.36376953125000006,0.388671875,2.2822265625,0.55908203125,0.69287109375,0.47900390625
3763,0.6572265625,0.435546875,2.1875,0.39013671875,0.67333984375,0.5732421875
3764,0.337890625,0.57861328125,2.38330078125,0.71337890625,0.828125,0.74267578125
3765,0.24951171875,0.5634765625,2.2880859375,0.46533203125000006,0.55078125,0.68896484375
3766,0.2236328125,0.5634765625,2.47802734375,0.43505859375000006,0.46923828125,0.7666015625
3767,0.3012695312500001,0.6455078125,2.3671875,0.3671875,0.36279296875,0.73583984375
3768,0.23046875000000003,0.4404296875,2.26416015625,0.40625,0.6279296875,0.24609375
3769,0.369140625,0.38330078125,2.19970703125,0.298828125,0.44140625000000006,0.29052734375000006
3770,0.16503906250000006,0.29638671875,2.28564453125,0.48828125,0.484375,0.2705078125
3771,0.35302734375,0.3037109375000001,2.27197265625,0.44921875,0.34716796875,0.29248046875
3772,0.587890625,0.55810546875,2.42578125,0.3603515625,0.56591796875,0.28369140625
3773,0.8583984375,0.58154296875,2.41064453125,0.27001953125,0.50732421875,0.36669921875000006
3774,0.349609375,0.46728515625,2.17529296875,0.61767578125,0.6435546875,0.41064453125
3775,0.41064453125,0.41259765625000006,2.16357421875,0.462890625,0.46240234375,0.39697265625
3776,0.42822265625000006,0.43798828125,2.24658203125,0.482421875,0.40625,0.23828125000000003
3777,0.6474609375,0.45263671875,2.1865234375,0.3623046875,0.16162109375000006,0.3095703125
3778,0.42480468750000006,0.4443359375,2.517578125,0.66552734375,0.712890625,0.5341796875
3779,0.68505859375,0.42431640625,2.4990234375,0.544921875,0.576171875,0.59375
3780,0.39501953125,0.3154296875,2.1904296875,0.3232421875,0.83447265625,0.4482421875
3781,0.43310546875,0.2578125,2.1787109375,0.234375,0.64453125,0.52587890625
3782,0.71728515625,0.45849609375,2.24560546875,0.51318359375,0.64208984375,0.55322265625
3783,0.787109375,0.54638671875,2.18505859375,0.40966796875,0.470703125,0.5673828125
3784,0.2646484375,0.47265625,2.2822265625,0.36865234375,0.28857421875,0.52734375
3785,0.26123046875,0.48876953125,2.36279296875,0.2939453125,0.19873046875000003,0.65087890625
3786,0.39111328125,0.17968750000000003,2.23828125,0.5068359375,0.42089843750000006,0.57763671875
3787,0.48779296875,0.13867187500000003,2.21875,0.45947265625,0.45849609375,0.7509765625
3788,0.400390625,0.7392578125,2.37646484375,0.56982421875,0.51318359375,0.65283203125
3789,0.69287109375,0.65234375,2.26220703125,0.56689453125,0.4384765625,0.66748046875
3790,0.58984375,0.2578125,2.2470703125,0.57861328125,0.79443359375,0.357421875
3791,0.671875,0.28857421875,2.2119140625,0.38720703125,0.56494140625,0.43896484375
3792,0.54150390625,0.34765625,2.0302734375,0.50244140625,0.32275390625000006,0.43017578125
3793,0.87548828125,0.42919921875,2.078125,0.41650390625,0.23974609375,0.44091796875
3794,0.67626953125,0.736328125,2.4482421875,0.95068359375,0.55859375,0.51513671875
3795,0.8486328125,0.68017578125,2.3896484375,0.73876953125,0.58251953125,0.599609375
3796,0.49951171875,0.53662109375,2.24462890625,0.5009765625,0.328125,0.7294921875
3797,0.54736328125,0.5966796875,2.244140625,0.3662109375,0.212890625,0.8759765625
3798,0.4951171875,0.60791015625,2.20654296875,0.451171875,0.46289062500000006,0.40576171875
3799,0.6201171875,0.578125,2.1552734375,0.45849609375000006,0.55517578125,0.4462890625
3800,0.287109375,0.232421875,2.18896484375,0.52294921875,0.81640625,0.34423828125000006
3801,0.50048828125,0.2929687500000001,2.103515625,0.40283203125000006,0.5947265625,0.44189453125
3802,0.64208984375,0.53564453125,2.3603515625,0.48242187500000006,0.34716796875,0.4091796875
3803,0.71533203125,0.626953125,2.32470703125,0.43212890625,0.23730468750000003,0.43310546875
3804,0.38818359375000006,0.35986328125,2.41943359375,0.64892578125,0.310546875,0.275390625
3805,0.65478515625,0.27978515625,2.4658203125,0.57666015625,0.15917968750000006,0.2998046875
3806,0.64453125,0.5654296875,2.3623046875,0.32470703125,0.5888671875,0.30078125000000006
3807,0.6591796875,0.6044921875,2.27880859375,0.23974609375,0.25634765625000006,0.318359375
3808,0.33544921875000006,0.685546875,2.56298828125,0.72509765625,0.51708984375,0.4951171875
3809,0.49169921875,0.6689453125,2.43115234375,0.53369140625,0.3876953125,0.61767578125
3810,0.21142578125000003,0.5732421875,2.35107421875,0.65283203125,0.31152343750000006,0.68505859375
3811,0.2998046875,0.55224609375,2.28662109375,0.533203125,0.28125,0.64111328125
3812,0.22753906250000003,0.5849609375,2.4775390625,0.62451171875,0.20703125000000003,0.626953125
3813,0.3291015625,0.55322265625,2.4150390625,0.5107421875,0.10595703125000004,0.7392578125
3814,0.33544921875,0.7451171875,2.16162109375,0.86669921875,0.263671875,0.53173828125
3815,0.43798828125,0.68994140625,2.2109375,0.7109375,0.19433593750000003,0.54736328125
3816,0.3198242187500001,0.55126953125,2.3154296875,0.72265625,0.44091796875000006,0.36767578125
3817,0.48974609375,0.583984375,2.2138671875,0.7109375,0.3701171875,0.419921875
3818,0.392578125,0.24169921875,2.44873046875,0.751953125,0.57666015625,0.77197265625
3819,0.55029296875,0.30029296875,2.419921875,0.5654296875,0.47314453125000006,0.74365234375
3820,0.2529296875,0.80859375,2.47216796875,0.90576171875,0.4697265625,0.4697265625
3821,0.2783203125,0.86328125,2.521484375,0.75439453125,0.36962890625,0.578125
3822,0.59619140625,0.61376953125,2.18408203125,0.5263671875,0.66015625,0.65576171875
3823,0.81494140625,0.5458984375,2.14306640625,0.41162109375,0.47265625,0.6572265625
3824,0.3369140625,0.4150390625,2.22802734375,0.75,0.45263671875,0.5537109375
3825,0.5234375,0.41406250000000006,2.27978515625,0.59814453125,0.22119140625,0.55615234375
3826,0.4912109375,0.46533203125,2.12744140625,0.3251953125,0.333984375,0.37451171875000006
3827,0.49658203125,0.4404296875,2.0546875,0.2578125,0.1376953125,0.37695312500000006
3828,0.38623046875,0.4423828125,2.30615234375,0.6123046875,0.4750976562500001,0.5078125
3829,0.4140625,0.390625,2.22998046875,0.50439453125,0.29248046875000006,0.52294921875
3830,0.59716796875,0.61279296875,2.15966796875,0.65576171875,0.59375,0.2983398437500001
3831,0.69677734375,0.5517578125,2.14306640625,0.46875,0.46240234375,0.34033203125
3832,0.31494140625,0.4013671875,2.04833984375,0.6708984375,0.6796875,0.4658203125
3833,0.50439453125,0.4736328125,1.994140625,0.56982421875,0.63623046875,0.51318359375
3834,0.17675781250000014,0.10498046875000006,2.3935546875,0.7587890625,0.798828125,0.37646484375
3835,0.28466796875,0.134765625,2.29296875,0.61572265625,0.4765625,0.50927734375
3836,0.5810546875,0.41455078125,2.19189453125,0.30712890625,0.33447265625,0.49560546875
3837,0.65625,0.44091796875,2.12158203125,0.27587890625,0.18212890625000003,0.49609375
3838,0.54150390625,0.45849609375,2.57373046875,0.79833984375,0.56103515625,0.36474609375
3839,0.56298828125,0.4462890625,2.5556640625,0.81884765625,0.33056640625,0.47412109375
3840,0.38427734375,0.7109375,2.0908203125,0.32763671875,0.64990234375,0.08300781250000007
3841,0.40234375,0.6416015625,2.05078125,0.341796875,0.49560546875,0.17529296875
3842,0.384765625,0.8251953125,2.3720703125,0.5390625,0.41406250000000006,0.2685546875
3843,0.48193359375,0.626953125,2.43408203125,0.361328125,0.33984375000000006,0.2983398437500001
3844,0.2900390625,0.3916015625,2.4873046875,0.6689453125,0.419921875,0.26953125
3845,0.43505859375,0.453125,2.41748046875,0.572265625,0.3984375,0.2783203125
3846,0.3330078125,0.62060546875,2.388671875,0.412109375,0.5869140625,0.599609375
3847,0.4638671875,0.5419921875,2.2958984375,0.3740234375,0.42822265625000006,0.4736328125
3848,0.30908203125,0.76025390625,2.333984375,0.39453125,0.42919921875,0.49658203125
3849,0.52490234375,0.662109375,2.31494140625,0.30126953125,0.31542968750000006,0.6142578125
3850,0.234375,0.568359375,2.4912109375,0.15917968750000006,0.56201171875,0.60986328125
3851,0.41357421875,0.55322265625,2.44287109375,0.21435546875,0.4580078125,0.72021484375
3852,0.615234375,0.30810546875,2.2392578125,0.70556640625,0.52587890625,0.80810546875
3853,0.82470703125,0.2426757812500001,2.21630859375,0.69921875,0.49462890625000006,0.8154296875
3854,0.353515625,0.64501953125,2.41552734375,0.69873046875,0.14599609375000003,0.69921875
3855,0.70849609375,0.5029296875,2.375,0.6396484375,0.07958984375000006,0.7158203125
3856,0.27392578125,0.30810546875,2.38916015625,0.6552734375,0.5908203125,0.20947265625
3857,0.365234375,0.28076171875,2.3857421875,0.53564453125,0.427734375,0.31396484375
3858,0.5634765625,0.55859375,2.28076171875,0.4453125,0.82666015625,0.2958984375
3859,0.71142578125,0.51513671875,2.23583984375,0.408203125,0.55712890625,0.2919921875
3860,0.37451171875,0.28955078125,2.47900390625,0.48095703125,0.5751953125,0.75927734375
3861,0.48095703125,0.26513671875,2.39892578125,0.34912109375000006,0.67138671875,0.7607421875
3862,0.525390625,0.48388671875,2.34033203125,0.34033203125,0.50048828125,0.55126953125
3863,0.5986328125,0.4248046875,2.3134765625,0.2470703125,0.2900390625,0.54150390625
3864,0.2890625,0.58447265625,2.423828125,0.65234375,0.50537109375,0.32958984375
3865,0.2900390625,0.525390625,2.314453125,0.62255859375,0.3017578125,0.35302734375000006
3866,0.6904296875,0.5078125,2.6201171875,0.51513671875,0.80322265625,0.22509765625
3867,0.7626953125,0.40576171875000006,2.5458984375,0.43750000000000006,0.51123046875,0.3056640625
3868,0.47412109375,0.2294921875,2.43310546875,0.33447265625,0.3974609375,0.61279296875
3869,0.724609375,0.2724609375,2.369140625,0.251953125,0.33740234375,0.57080078125
3870,0.255859375,0.72314453125,2.27734375,0.671875,0.67041015625,0.35546875000000006
3871,0.53857421875,0.66796875,2.19287109375,0.525390625,0.6748046875,0.40771484375000006
3872,0.35400390625,0.55859375,2.544921875,0.64892578125,0.982421875,0.4677734375
3873,0.51953125,0.59130859375,2.44384765625,0.56396484375,0.6064453125,0.58349609375
3874,0.51708984375,0.392578125,2.09228515625,0.77392578125,0.3447265625,0.43408203125
3875,0.7451171875,0.44580078125,2.005859375,0.61181640625,0.18652343750000003,0.4482421875
3876,0.3349609375,0.390625,2.36328125,0.47998046875,0.28466796875,0.60009765625
3877,0.58349609375,0.42822265625,2.31787109375,0.35791015625,0.21093750000000006,0.591796875
3878,0.18798828125000003,0.56689453125,2.17724609375,0.4794921875,0.642578125,0.44189453125
3879,0.357421875,0.53955078125,2.18115234375,0.34521484375,0.40576171875,0.4375
3880,0.41259765625,0.37890625,2.2939453125,0.3515625,0.39111328125,0.30322265625
3881,0.4423828125,0.29248046875,2.3125,0.3203125,0.22119140625,0.31689453125
3882,0.57666015625,0.33837890625,2.4033203125,0.53173828125,0.38037109375,0.56396484375
3883,0.771484375,0.419921875,2.3701171875,0.5439453125,0.38916015625,0.60107421875
3884,0.2392578125,0.78466796875,2.04638671875,0.6787109375,0.44091796875000006,0.4970703125
3885,0.318359375,0.8505859375,1.9638671875,0.5732421875,0.32373046875000006,0.55419921875
3886,0.4638671875,0.71728515625,2.359375,0.50537109375,0.44091796875,0.53125
3887,0.6787109375,0.69677734375,2.3076171875,0.39501953125,0.37939453125,0.51806640625
3888,0.861328125,0.3828125,2.50390625,0.34033203125,0.65087890625,0.3486328125
3889,0.78759765625,0.5146484375,2.42822265625,0.2900390625,0.50830078125,0.47705078125
3890,0.6748046875,0.4111328125,2.69677734375,0.66748046875,0.59521484375,0.66162109375
3891,0.74853515625,0.416015625,2.46435546875,0.4580078125,0.546875,0.69140625
3892,0.26025390625,0.59228515625,2.25732421875,0.36669921875,0.22705078125,0.5380859375
3893,0.2861328125,0.55078125,2.26416015625,0.3203125,0.13623046875000003,0.56982421875
3894,0.3740234375,0.42089843750000006,2.5166015625,0.45556640625,0.61669921875,0.25341796875000006
3895,0.421875,0.39794921875000006,2.47509765625,0.43994140625000006,0.41015625,0.28955078125
3896,0.36572265625,0.4619140625,2.2236328125,0.568359375,0.49462890625,0.279296875
3897,0.42919921875,0.462890625,2.15771484375,0.4990234375,0.37841796875,0.357421875
3898,0.19677734375,0.6083984375,2.267578125,0.6357421875,0.33251953125,0.37646484375
3899,0.3671875,0.560546875,2.171875,0.482421875,0.22851562500000006,0.43994140625
3900,0.6728515625,0.537109375,2.17041015625,0.6318359375,0.61328125,0.63916015625
3901,0.59521484375,0.5888671875,2.11083984375,0.6953125,0.5400390625,0.66259765625
3902,0.48828125,0.75927734375,2.23779296875,0.4931640625,0.60302734375,0.71728515625
3903,0.3671875,0.654296875,2.22705078125,0.365234375,0.48974609375,0.69287109375
3904,0.1943359375,0.41015625,2.50244140625,0.75927734375,0.2841796875,0.66015625
3905,0.3837890625,0.36669921875,2.51513671875,0.49169921875,0.20507812500000003,0.73681640625
3906,0.3388671875,0.53955078125,2.42724609375,0.34228515625,0.60791015625,0.51025390625
3907,0.4970703125,0.5927734375,2.412109375,0.26416015625,0.455078125,0.56787109375
3908,0.33056640625000006,0.58251953125,2.0361328125,0.4150390625,0.34130859375,0.4208984375
3909,0.40673828125,0.486328125,2.02197265625,0.45458984375,0.25537109375,0.41064453125
3910,0.5322265625,0.3994140625,2.17822265625,0.30810546875,0.65087890625,0.6357421875
3911,0.5888671875,0.47900390625,2.16162109375,0.29833984375,0.423828125,0.63916015625
3912,0.3408203125,0.13281250000000003,2.333984375,0.4697265625,0.4833984375,0.4541015625
3913,0.458984375,0.09960937500000006,2.291015625,0.3779296875,0.408203125,0.421875
3914,0.6787109375,0.57080078125,2.41796875,0.4150390625,0.693359375,0.34082031250000006
3915,0.7578125,0.580078125,2.3857421875,0.43847656250000006,0.64013671875,0.45654296875
3916,0.525390625,0.60888671875,2.16845703125,0.49609375,0.734375,0.45361328125
3917,0.82861328125,0.58251953125,2.14794921875,0.443359375,0.455078125,0.453125
3918,0.42041015625,0.58056640625,2.439453125,0.71875,0.3974609375,0.66552734375
3919,0.42431640625,0.564453125,2.32861328125,0.52880859375,0.1191406250000001,0.6591796875
3920,0.28125,0.66259765625,2.421875,0.73486328125,0.34814453125,0.4150390625
3921,0.263671875,0.6591796875,2.388671875,0.67431640625,0.2314453125,0.4521484375
3922,0.45166015625,0.7333984375,2.4296875,0.65478515625,0.60107421875,0.28173828125
3923,0.69873046875,0.74462890625,2.38037109375,0.51708984375,0.49951171875,0.3193359375
3924,0.66259765625,0.587890625,2.0966796875,0.47412109375,0.6796875,0.32666015625000006
3925,0.74951171875,0.591796875,2.044921875,0.37939453125,0.626953125,0.45751953125
3926,0.453125,0.85888671875,2.423828125,0.669921875,0.423828125,0.25634765625
3927,0.36328125,0.7158203125,2.40576171875,0.54052734375,0.42041015625,0.2587890625
3928,0.24658203125,0.451171875,2.412109375,0.51953125,0.5048828125,0.4306640625
3929,0.1733398437500001,0.404296875,2.3974609375,0.38037109375,0.541015625,0.431640625
3930,0.6328125,0.15234375,2.2412109375,0.66796875,0.43603515625,0.11718750000000004
3931,0.74755859375,0.11474609375000004,2.16552734375,0.4521484375,0.30810546875,0.26123046875
3932,0.52197265625,0.43505859375,2.3701171875,0.873046875,0.4873046875,0.49658203125
3933,0.77880859375,0.4267578125,2.2666015625,0.61279296875,0.33642578125,0.630859375
3934,0.3227539062500001,0.58203125,2.27685546875,0.35888671875,0.677734375,0.6103515625
3935,0.43408203125,0.49169921875,2.23974609375,0.2412109375,0.4560546875,0.76123046875
3936,0.40087890625,0.65576171875,2.35595703125,0.626953125,0.76171875,0.42724609375000006
3937,0.4677734375,0.517578125,2.28369140625,0.6005859375,0.6025390625,0.4521484375
3938,0.3564453125,0.57080078125,2.353515625,0.6328125,0.33154296875,0.52001953125
3939,0.478515625,0.58544921875,2.36279296875,0.57861328125,0.22705078125,0.5869140625
3940,0.6904296875,0.595703125,2.21337890625,0.32177734375,0.78271484375,0.521484375
3941,0.8212890625,0.57275390625,2.20556640625,0.2568359375,0.453125,0.60546875
3942,0.56396484375,0.447265625,2.236328125,0.52490234375,0.62353515625,0.65576171875
3943,0.75927734375,0.42822265625,2.09130859375,0.4462890625,0.498046875,0.54052734375
3944,0.45019531250000006,0.58642578125,2.23046875,0.18945312500000003,0.48388671875,0.541015625
3945,0.515625,0.57470703125,2.2294921875,0.12597656250000006,0.42333984375,0.552734375
3946,0.46630859375,0.65478515625,2.41064453125,0.31103515625,0.501953125,0.43798828125000006
3947,0.61181640625,0.53271484375,2.32373046875,0.2236328125,0.322265625,0.4287109375
3948,0.43505859375,0.8359375,2.16064453125,0.87646484375,0.55224609375,0.45019531250000006
3949,0.61328125,0.78125,2.14453125,0.7265625,0.439453125,0.42626953125
3950,0.4033203125,0.83056640625,2.388671875,0.54931640625,0.62158203125,0.54248046875
3951,0.47216796875,0.7021484375,2.39990234375,0.4267578125,0.46630859375000006,0.55224609375
3952,0.42919921875,0.66552734375,2.326171875,0.6982421875,0.66162109375,0.35498046875
3953,0.47509765625,0.7021484375,2.32275390625,0.72802734375,0.42919921875000006,0.41357421875000006
3954,0.38525390625,0.37695312500000006,2.30029296875,0.48779296875,0.6259765625,0.60791015625
3955,0.4443359375,0.47216796875,2.2705078125,0.40283203125,0.462890625,0.658203125
3956,0.40283203125,0.5498046875,2.28271484375,0.744140625,0.83056640625,0.36083984375
3957,0.43505859375000006,0.59521484375,2.2177734375,0.70849609375,0.50634765625,0.41748046875
3958,0.5859375,0.64013671875,2.34521484375,0.35937500000000006,0.5693359375,0.2587890625
3959,0.77734375,0.67431640625,2.2998046875,0.31982421875,0.57763671875,0.30224609375
3960,0.20263671875000003,0.25634765625,2.3056640625,0.51171875,0.6611328125,0.25146484375
3961,0.27880859375,0.33544921875,2.2783203125,0.39453125,0.68896484375,0.3505859375
3962,0.43505859375,0.4345703125,2.3515625,0.439453125,0.61962890625,0.35693359375
3963,0.6396484375,0.453125,2.30224609375,0.46044921875,0.50048828125,0.4794921875
3964,0.17041015625000006,0.39208984375,2.02783203125,0.638671875,0.72900390625,0.466796875
3965,0.41015625,0.46875,2.03173828125,0.41845703125,0.58837890625,0.61083984375
3966,0.3271484375,0.54296875,2.40673828125,0.529296875,0.63037109375,0.43603515625
3967,0.4931640625,0.57666015625,2.27685546875,0.44140625,0.4716796875,0.46337890625
3968,0.26513671875,0.6083984375,2.435546875,0.6240234375,0.45068359375,0.5068359375
3969,0.57666015625,0.498046875,2.4296875,0.57373046875,0.33740234375,0.6142578125
3970,0.4892578125,0.56884765625,2.35205078125,0.66259765625,0.23388671875,0.6708984375
3971,0.673828125,0.5576171875,2.333984375,0.49951171875,0.17138671875000006,0.73876953125
3972,0.60595703125,0.43261718750000006,2.3037109375,0.5166015625,0.5869140625,0.49755859375
3973,0.66162109375,0.37792968750000006,2.28564453125,0.42431640625,0.24902343750000003,0.556640625
3974,0.48583984375,0.599609375,2.62158203125,0.44921875,0.564453125,0.4140625
3975,0.64990234375,0.521484375,2.53125,0.37548828125,0.46435546875,0.40869140625
3976,0.6484375,0.3955078125,2.330078125,0.69287109375,0.57958984375,0.533203125
3977,0.60400390625,0.4560546875,2.2294921875,0.5400390625,0.513671875,0.54443359375
3978,0.62451171875,0.58056640625,2.49169921875,0.37109375,0.55615234375,0.47998046875
3979,0.8251953125,0.591796875,2.359375,0.27685546875,0.52783203125,0.60791015625
3980,0.62646484375,0.55908203125,2.20849609375,0.53466796875,0.5771484375,0.38134765625000006
3981,0.63720703125,0.572265625,2.12890625,0.43896484375,0.552734375,0.4365234375
3982,0.4560546875,0.5341796875,2.54638671875,0.63232421875,0.787109375,0.3779296875
3983,0.3671875,0.56884765625,2.4453125,0.5869140625,0.55615234375,0.4765625
3984,0.41259765625000006,0.60205078125,2.16015625,0.7861328125,0.455078125,0.544921875
3985,0.43408203125,0.6123046875,2.193359375,0.61328125,0.29052734375,0.5517578125
3986,0.583984375,0.40478515625,2.10107421875,0.58056640625,0.81005859375,0.56982421875
3987,0.83837890625,0.3876953125,1.9306640625,0.56201171875,0.63232421875,0.6904296875
3988,0.39794921875,0.3916015625,2.28369140625,0.576171875,0.76611328125,0.39550781250000006
3989,0.37207031250000006,0.30029296875,2.26708984375,0.5986328125,0.57568359375,0.4609375
3990,0.56884765625,0.43701171875,2.15576171875,0.73046875,0.52294921875,0.5087890625
3991,0.58447265625,0.43310546875,2.181640625,0.6005859375,0.3369140625,0.5595703125
3992,0.2553710937500001,0.5224609375,2.4033203125,0.5693359375,0.69091796875,0.4951171875
3993,0.28076171875,0.51513671875,2.40380859375,0.4287109375,0.64794921875,0.55615234375
3994,0.24560546875,0.85888671875,2.45556640625,0.44189453125,0.5078125,0.40380859375
3995,0.4833984375,0.71630859375,2.36962890625,0.43554687500000006,0.3286132812500001,0.42919921875
3996,0.58154296875,0.87353515625,2.490234375,0.69140625,0.57568359375,0.32666015625
3997,0.60107421875,0.78173828125,2.57080078125,0.58935546875,0.5859375,0.34912109375
3998,0.45507812500000006,0.62060546875,2.11669921875,0.7138671875,0.44580078125,0.46630859375000006
3999,0.5830078125,0.69287109375,2.109375,0.70947265625,0.357421875,0.5849609375
4000,0.42626953125000006,0.6025390625,2.03173828125,0.767578125,0.3544921875,0.390625
4001,0.55078125,0.53515625,2.02880859375,0.6572265625,0.17968750000000003,0.39208984375
4002,0.5224609375,0.1450195312500001,2.31787109375,0.626953125,0.4482421875,0.49462890625
4003,0.64501953125,0.10644531250000003,2.30810546875,0.53173828125,0.27050781250000006,0.52734375
4004,0.53662109375,0.833984375,2.43505859375,0.47509765625,0.51123046875,0.42333984375000006
4005,0.744140625,0.8115234375,2.39306640625,0.42626953125,0.36718750000000006,0.40380859375
4006,0.294921875,0.37451171875000006,2.26123046875,0.60791015625,0.48828125,0.2744140625
4007,0.462890625,0.431640625,2.2666015625,0.5341796875,0.53466796875,0.24072265625000003
4008,0.45849609375,0.6025390625,2.3115234375,0.8564453125,0.6005859375,0.48095703125
4009,0.55029296875,0.54345703125,2.30224609375,0.61865234375,0.48486328125,0.630859375
4010,0.64697265625,0.68115234375,2.16650390625,0.91455078125,0.6552734375,0.251953125
4011,0.71337890625,0.68603515625,2.09423828125,0.837890625,0.4150390625,0.34912109375
4012,0.71826171875,0.24755859375,2.5205078125,0.72314453125,0.43359375,0.5771484375
4013,0.79541015625,0.2900390625,2.515625,0.60888671875,0.37011718750000006,0.6689453125
4014,0.20263671875,0.39990234375,2.34521484375,0.46923828125,0.63330078125,0.5517578125
4015,0.40234375,0.3974609375,2.32275390625,0.404296875,0.458984375,0.544921875
4016,0.18847656250000003,0.7041015625,2.46923828125,0.19091796875000006,0.50927734375,0.3515625
4017,0.421875,0.63330078125,2.3671875,0.14648437500000003,0.2919921875,0.4091796875
4018,0.59423828125,0.6259765625,2.068359375,0.580078125,0.19970703125000003,0.09521484375000003
4019,0.8203125,0.51806640625,1.97509765625,0.517578125,0.0859375,0.19433593750000003
4020,0.46923828125,0.41552734375,2.49072265625,0.72607421875,0.36083984375,0.25732421875
4021,0.4853515625,0.48291015625,2.373046875,0.59375,0.17333984375000003,0.29736328125
4022,0.5205078125,0.7998046875,2.2724609375,0.61083984375,0.5693359375,0.408203125
4023,0.64453125,0.81591796875,2.32763671875,0.458984375,0.578125,0.46923828125
4024,0.54541015625,0.59228515625,2.326171875,0.58056640625,0.44384765625,0.529296875
4025,0.6171875,0.5986328125,2.294921875,0.53759765625,0.3994140625,0.54931640625
4026,0.37353515625,0.7236328125,2.39111328125,0.31494140625,0.486328125,0.4189453125
4027,0.5322265625,0.6748046875,2.31640625,0.29638671875,0.3408203125000001,0.48046875
4028,0.68505859375,0.2797851562500001,2.23974609375,0.41357421875,0.435546875,0.33544921875
4029,0.5498046875,0.25244140625,2.154296875,0.31884765625,0.38867187500000006,0.4873046875
4030,0.611328125,0.6767578125,2.49755859375,0.63134765625,0.52294921875,0.2626953125
4031,0.8037109375,0.6708984375,2.443359375,0.52490234375,0.5615234375,0.30712890625
4032,0.2666015625,0.58349609375,2.11279296875,0.8603515625,0.4677734375,0.294921875
4033,0.3271484375,0.49462890625,2.0732421875,0.67724609375,0.44091796875,0.30712890625
4034,0.2500000000000001,0.43408203125,2.3837890625,0.51123046875,0.83154296875,0.51025390625
4035,0.2099609375000001,0.4580078125,2.27880859375,0.5556640625,0.71728515625,0.59765625
4036,0.34130859375,0.31982421875,2.2587890625,0.3251953125,0.48046875,0.5673828125
4037,0.38623046875,0.2373046875000001,2.29541015625,0.3515625,0.37158203125,0.5693359375
4038,0.51806640625,0.38427734375,2.22607421875,0.63037109375,0.56494140625,0.54150390625
4039,0.697265625,0.40478515625,2.1982421875,0.537109375,0.4775390625,0.46728515625
4040,0.47509765625,0.65576171875,2.45556640625,0.57861328125,0.748046875,0.52587890625
4041,0.60400390625,0.5205078125,2.427734375,0.576171875,0.5830078125,0.57177734375
4042,0.41162109375000006,0.7109375,2.35888671875,0.69482421875,0.609375,0.54345703125
4043,0.6611328125,0.70166015625,2.28564453125,0.48193359375,0.45703125,0.5361328125
4044,0.25341796875,0.4052734375,2.470703125,0.78369140625,0.39306640625,0.2421875
4045,0.28173828125,0.525390625,2.3349609375,0.587890625,0.18017578125000006,0.28515625
4046,0.36132812500000006,0.603515625,2.2275390625,0.626953125,0.49560546875,0.64453125
4047,0.474609375,0.50830078125,2.171875,0.4853515625,0.31787109375,0.6708984375
4048,0.2998046875,0.52734375,2.61767578125,0.634765625,0.681640625,0.24511718750000003
4049,0.25341796875,0.583984375,2.625,0.53271484375,0.7412109375,0.3349609375
4050,0.019531250000000062,0.08349609375000006,1.9501953125,0.12695312500000006,0.08447265625000006,0.05419921875000005
